Time,head,head_raw,Precipitation,Evapotranspiration,recharge,v0
2024-12-13 09:00:00,,,0.0,0.0171472306230613,-0.0171472306230613,True
2024-12-13 10:00:00,,,0.0,0.025539280685541,-0.025539280685541,True
2024-12-13 11:00:00,,,0.0,0.0367589226549531,-0.0367589226549531,True
2024-12-13 12:00:00,,,0.0,0.0339313132199567,-0.0339313132199567,True
2024-12-13 13:00:00,-1.612,-1.612,0.0,0.0252668761447762,-0.0252668761447762,True
2024-12-13 14:00:00,-1.641,-1.641,0.0,0.0083314824051932,-0.0083314824051932,True
2024-12-13 15:00:00,-1.641,-1.641,0.0,0.0,0.0,True
2024-12-13 16:00:00,-1.641,-1.641,0.0,0.0,0.0,True
2024-12-13 17:00:00,-1.642,-1.642,0.0,0.0,0.0,True
2024-12-13 18:00:00,-1.641,-1.641,0.0,0.0,0.0,True
2024-12-13 19:00:00,-1.641,-1.641,0.0,0.0,0.0,True
2024-12-13 20:00:00,-1.64,-1.64,0.0,0.0,0.0,True
2024-12-13 21:00:00,-1.64,-1.64,0.0,0.0,0.0,True
2024-12-13 22:00:00,-1.639,-1.639,0.0,0.0,0.0,True
2024-12-13 23:00:00,-1.638,-1.638,0.0,0.0,0.0,True
2024-12-14 00:00:00,-1.637,-1.637,0.0,0.0,0.0,True
2024-12-14 01:00:00,-1.637,-1.637,0.0,0.0,0.0,True
2024-12-14 02:00:00,-1.637,-1.637,0.2,0.0,0.2,True
2024-12-14 03:00:00,-1.636,-1.636,0.0,0.0,0.0,True
2024-12-14 04:00:00,-1.635,-1.635,0.0,0.0,0.0,True
2024-12-14 05:00:00,-1.636,-1.636,0.0,0.0,0.0,True
2024-12-14 06:00:00,-1.636,-1.636,0.0,0.0,0.0,True
2024-12-14 07:00:00,-1.635,-1.635,0.1,0.0029686921030541,0.0970313078969459,True
2024-12-14 08:00:00,-1.636,-1.636,0.2,0.0301894148629308,0.1698105851370692,True
2024-12-14 09:00:00,-1.635,-1.635,0.1,0.0523445646255503,0.0476554353744497,True
2024-12-14 10:00:00,-1.636,-1.636,0.4,0.0479812663931096,0.3520187336068904,True
2024-12-14 11:00:00,-1.635,-1.635,1.0,0.0619054391825038,0.9380945608174962,True
2024-12-14 12:00:00,-1.635,-1.635,0.0,0.0800861178052652,-0.0800861178052652,True
2024-12-14 13:00:00,-1.637,-1.637,0.3,0.0538605831176937,0.24613941688230628,True
2024-12-14 14:00:00,-1.636,-1.636,0.5,0.0326805618104571,0.4673194381895429,True
2024-12-14 15:00:00,-1.638,-1.638,0.1,0.0032285033452509,0.0967714966547491,True
2024-12-14 16:00:00,-1.636,-1.636,0.2,0.0,0.2,True
2024-12-14 17:00:00,-1.637,-1.637,0.0,0.0,0.0,True
2024-12-14 18:00:00,-1.638,-1.638,0.1,0.0,0.1,True
2024-12-14 19:00:00,-1.639,-1.639,0.0,0.0,0.0,True
2024-12-14 20:00:00,-1.639,-1.639,0.0,0.0,0.0,True
2024-12-14 21:00:00,-1.642,-1.642,0.0,0.0,0.0,True
2024-12-14 22:00:00,-1.642,-1.642,0.0,0.0,0.0,True
2024-12-14 23:00:00,-1.644,-1.644,0.0,0.0,0.0,True
2024-12-15 00:00:00,-1.644,-1.644,0.0,0.0,0.0,True
2024-12-15 01:00:00,-1.644,-1.644,0.0,0.0,0.0,True
2024-12-15 02:00:00,-1.644,-1.644,0.1,0.0,0.1,True
2024-12-15 03:00:00,-1.645,-1.645,0.0,0.0,0.0,True
2024-12-15 04:00:00,-1.646,-1.646,0.0,0.0,0.0,True
2024-12-15 05:00:00,-1.645,-1.645,0.0,0.0,0.0,True
2024-12-15 06:00:00,-1.645,-1.645,0.0,0.0,0.0,True
2024-12-15 07:00:00,-1.646,-1.646,0.0,0.0034441134186038,-0.0034441134186038,True
2024-12-15 08:00:00,-1.647,-1.647,0.1,0.0171236243681965,0.0828763756318035,True
2024-12-15 09:00:00,-1.648,-1.648,0.0,0.0313447207522848,-0.0313447207522848,True
2024-12-15 10:00:00,-1.648,-1.648,0.1,0.0420238697366419,0.05797613026335811,True
2024-12-15 11:00:00,-1.649,-1.649,0.0,0.0424838345383555,-0.0424838345383555,True
2024-12-15 12:00:00,-1.65,-1.65,0.0,0.0645827644945957,-0.0645827644945957,True
2024-12-15 13:00:00,-1.65,-1.65,0.1,0.0394672449689196,0.0605327550310804,True
2024-12-15 14:00:00,-1.652,-1.652,0.0,0.0144653248105553,-0.0144653248105553,True
2024-12-15 15:00:00,-1.653,-1.653,0.0,0.0036351925149014,-0.0036351925149014,True
2024-12-15 16:00:00,-1.656,-1.656,0.0,0.0,0.0,True
2024-12-15 17:00:00,-1.655,-1.655,0.0,0.0,0.0,True
2024-12-15 18:00:00,-1.654,-1.654,0.0,0.0,0.0,True
2024-12-15 19:00:00,-1.656,-1.656,0.0,0.0,0.0,True
2024-12-15 20:00:00,-1.657,-1.657,0.0,0.0,0.0,True
2024-12-15 21:00:00,-1.657,-1.657,0.0,0.0,0.0,True
2024-12-15 22:00:00,-1.659,-1.659,0.0,0.0,0.0,True
2024-12-15 23:00:00,-1.658,-1.658,0.0,0.0,0.0,True
2024-12-16 00:00:00,-1.658,-1.658,0.0,0.0,0.0,True
2024-12-16 01:00:00,-1.659,-1.659,0.0,0.0,0.0,True
2024-12-16 02:00:00,-1.659,-1.659,0.0,0.0,0.0,True
2024-12-16 03:00:00,-1.66,-1.66,0.0,0.0,0.0,True
2024-12-16 04:00:00,-1.661,-1.661,0.0,0.0,0.0,True
2024-12-16 05:00:00,-1.659,-1.659,0.0,0.0,0.0,True
2024-12-16 06:00:00,-1.662,-1.662,0.0,0.0,0.0,True
2024-12-16 07:00:00,-1.661,-1.661,0.0,0.0,0.0,True
2024-12-16 08:00:00,-1.663,-1.663,0.0,0.0109055775447044,-0.0109055775447044,True
2024-12-16 09:00:00,-1.664,-1.664,0.0,0.0290815401192119,-0.0290815401192119,True
2024-12-16 10:00:00,-1.667,-1.667,0.0,0.0548099261920022,-0.0548099261920022,True
2024-12-16 11:00:00,-1.67,-1.67,0.0,0.0621179163509358,-0.0621179163509358,True
2024-12-16 12:00:00,-1.669,-1.669,0.0,0.0578612992422215,-0.0578612992422215,True
2024-12-16 13:00:00,-1.667,-1.667,0.0,0.0507607679281652,-0.0507607679281652,True
2024-12-16 14:00:00,-1.666,-1.666,0.0,0.0253803839640826,-0.0253803839640826,True
2024-12-16 15:00:00,-1.666,-1.666,0.0,0.0036068788401381,-0.0036068788401381,True
2024-12-16 16:00:00,-1.665,-1.665,0.0,0.0,0.0,True
2024-12-16 17:00:00,-1.664,-1.664,0.0,0.0,0.0,True
2024-12-16 18:00:00,-1.665,-1.665,0.0,0.0,0.0,True
2024-12-16 19:00:00,-1.665,-1.665,0.0,0.0,0.0,True
2024-12-16 20:00:00,-1.666,-1.666,0.0,0.0,0.0,True
2024-12-16 21:00:00,-1.665,-1.665,0.0,0.0,0.0,True
2024-12-16 22:00:00,-1.665,-1.665,0.0,0.0,0.0,True
2024-12-16 23:00:00,-1.666,-1.666,0.0,0.0,0.0,True
2024-12-17 00:00:00,-1.667,-1.667,0.0,0.0,0.0,True
2024-12-17 01:00:00,-1.666,-1.666,0.0,0.0,0.0,True
2024-12-17 02:00:00,-1.665,-1.665,0.0,0.0,0.0,True
2024-12-17 03:00:00,-1.667,-1.667,0.0,0.0,0.0,True
2024-12-17 04:00:00,-1.667,-1.667,0.0,0.0,0.0,True
2024-12-17 05:00:00,-1.665,-1.665,0.0,0.0,0.0,True
2024-12-17 06:00:00,-1.666,-1.666,0.0,0.0,0.0,True
2024-12-17 07:00:00,-1.665,-1.665,0.0,0.0034150131633763,-0.0034150131633763,True
2024-12-17 08:00:00,-1.665,-1.665,0.0,0.0380979989039038,-0.0380979989039038,True
2024-12-17 09:00:00,-1.665,-1.665,0.0,0.1522337404291072,-0.1522337404291072,True
2024-12-17 10:00:00,-1.664,-1.664,0.0,0.2014550821868038,-0.2014550821868038,True
2024-12-17 11:00:00,-1.664,-1.664,0.0,0.1601732369981079,-0.1601732369981079,True
2024-12-17 12:00:00,-1.664,-1.664,0.0,0.1455446349949287,-0.1455446349949287,True
2024-12-17 13:00:00,-1.662,-1.662,0.0,0.1018361465288222,-0.1018361465288222,True
2024-12-17 14:00:00,-1.663,-1.663,0.0,0.0384161168570909,-0.0384161168570909,True
2024-12-17 15:00:00,-1.662,-1.662,0.0,0.0034923742597355,-0.0034923742597355,True
2024-12-17 16:00:00,-1.661,-1.661,0.0,0.0,0.0,True
2024-12-17 17:00:00,-1.66,-1.66,0.0,0.0,0.0,True
2024-12-17 18:00:00,-1.661,-1.661,0.0,0.0,0.0,True
2024-12-17 19:00:00,-1.659,-1.659,0.0,0.0,0.0,True
2024-12-17 20:00:00,-1.659,-1.659,0.0,0.0,0.0,True
2024-12-17 21:00:00,-1.657,-1.657,0.0,0.0,0.0,True
2024-12-17 22:00:00,-1.657,-1.657,0.0,0.0,0.0,True
2024-12-17 23:00:00,-1.656,-1.656,0.0,0.0,0.0,True
2024-12-18 00:00:00,-1.654,-1.654,0.0,0.0,0.0,True
2024-12-18 01:00:00,-1.654,-1.654,0.0,0.0,0.0,True
2024-12-18 02:00:00,-1.652,-1.652,0.0,0.0,0.0,True
2024-12-18 03:00:00,-1.651,-1.651,0.0,0.0,0.0,True
2024-12-18 04:00:00,-1.65,-1.65,0.0,0.0,0.0,True
2024-12-18 05:00:00,-1.648,-1.648,0.0,0.0,0.0,True
2024-12-18 06:00:00,-1.646,-1.646,0.0,0.0,0.0,True
2024-12-18 07:00:00,-1.644,-1.644,0.3,0.0,0.3,True
2024-12-18 08:00:00,-1.645,-1.645,0.0,0.0072703850298029,-0.0072703850298029,True
2024-12-18 09:00:00,-1.644,-1.644,0.0,0.0222602410865434,-0.0222602410865434,True
2024-12-18 10:00:00,-1.642,-1.642,0.0,0.0657167042441733,-0.0657167042441733,True
2024-12-18 11:00:00,-1.641,-1.641,0.0,0.0806100686455508,-0.0806100686455508,True
2024-12-18 12:00:00,-1.642,-1.642,0.0,0.0497835283350594,-0.0497835283350594,True
2024-12-18 13:00:00,-1.639,-1.639,0.0,0.0457356705035559,-0.0457356705035559,True
2024-12-18 14:00:00,-1.644,-1.644,0.0,0.0191475108980997,-0.0191475108980997,True
2024-12-18 15:00:00,-1.641,-1.641,0.0,0.0037655209802496,-0.0037655209802496,True
2024-12-18 16:00:00,-1.645,-1.645,0.0,0.0,0.0,True
2024-12-18 17:00:00,-1.644,-1.644,0.0,0.0,0.0,True
2024-12-18 18:00:00,-1.645,-1.645,0.0,0.0,0.0,True
2024-12-18 19:00:00,-1.645,-1.645,0.0,0.0,0.0,True
2024-12-18 20:00:00,-1.643,-1.643,0.3,0.0,0.3,True
2024-12-18 21:00:00,-1.643,-1.643,0.0,0.0,0.0,True
2024-12-18 22:00:00,-1.642,-1.642,1.1,0.0,1.1,True
2024-12-18 23:00:00,-1.64,-1.64,1.7,0.0,1.7,True
2024-12-19 00:00:00,-1.638,-1.638,1.5,0.0,1.5,True
2024-12-19 01:00:00,-1.632,-1.632,0.5,0.0,0.5,True
2024-12-19 02:00:00,-1.627,-1.627,5.2,0.0,5.2,True
2024-12-19 03:00:00,-1.621,-1.621,0.6,0.0,0.6,True
2024-12-19 04:00:00,-1.617,-1.617,0.0,0.0,0.0,True
2024-12-19 05:00:00,-1.613,-1.613,0.4,0.0,0.4,True
2024-12-19 06:00:00,-1.609,-1.609,0.1,0.0,0.1,True
2024-12-19 07:00:00,-1.604,-1.604,0.3,0.0,0.3,True
2024-12-19 08:00:00,-1.602,-1.602,0.2,0.0167825428571323,0.18321745714286772,True
2024-12-19 09:00:00,-1.599,-1.599,0.4,0.0436346114285441,0.35636538857145594,True
2024-12-19 10:00:00,-1.596,-1.596,1.1,0.0360571461282512,1.0639428538717488,True
2024-12-19 11:00:00,-1.594,-1.594,1.0,0.0417127945899664,0.9582872054100336,True
2024-12-19 12:00:00,-1.593,-1.593,0.6,0.0383850131144876,0.5616149868855124,True
2024-12-19 13:00:00,-1.595,-1.595,0.0,0.0292346732862962,-0.0292346732862962,True
2024-12-19 14:00:00,-1.59,-1.59,0.0,0.0427411324922434,-0.0427411324922434,True
2024-12-19 15:00:00,-1.59,-1.59,0.0,0.0064965940636213,-0.0064965940636213,True
2024-12-19 16:00:00,-1.59,-1.59,0.0,0.0,0.0,True
2024-12-19 17:00:00,-1.59,-1.59,0.1,0.0,0.1,True
2024-12-19 18:00:00,-1.592,-1.592,0.1,0.0,0.1,True
2024-12-19 19:00:00,-1.591,-1.591,0.1,0.0,0.1,True
2024-12-19 20:00:00,-1.591,-1.591,0.0,0.0,0.0,True
2024-12-19 21:00:00,-1.594,-1.594,0.3,0.0,0.3,True
2024-12-19 22:00:00,-1.592,-1.592,0.0,0.0,0.0,True
2024-12-19 23:00:00,-1.592,-1.592,0.1,0.0,0.1,True
2024-12-20 00:00:00,-1.594,-1.594,0.0,0.0,0.0,True
2024-12-20 01:00:00,-1.596,-1.596,0.5,0.0,0.5,True
2024-12-20 02:00:00,-1.597,-1.597,0.0,0.0,0.0,True
2024-12-20 03:00:00,-1.599,-1.599,0.2,0.0,0.2,True
2024-12-20 04:00:00,-1.596,-1.596,0.1,0.0,0.1,True
2024-12-20 05:00:00,-1.598,-1.598,0.0,0.0,0.0,True
2024-12-20 06:00:00,-1.599,-1.599,0.3,0.0,0.3,True
2024-12-20 07:00:00,-1.599,-1.599,0.0,0.0031090945488076,-0.0031090945488076,True
2024-12-20 08:00:00,-1.599,-1.599,0.0,0.0540409116693744,-0.0540409116693744,True
2024-12-20 09:00:00,-1.6,-1.6,0.0,0.0913213235373572,-0.0913213235373572,True
2024-12-20 10:00:00,-1.599,-1.599,0.0,0.1770078082659605,-0.1770078082659605,True
2024-12-20 11:00:00,-1.599,-1.599,0.0,0.1796640899696521,-0.1796640899696521,True
2024-12-20 12:00:00,-1.602,-1.602,0.0,0.1716806086876489,-0.1716806086876489,True
2024-12-20 13:00:00,-1.602,-1.602,0.0,0.1006952571427941,-0.1006952571427941,True
2024-12-20 14:00:00,-1.603,-1.603,0.0,0.0361655736472828,-0.0361655736472828,True
2024-12-20 15:00:00,-1.602,-1.602,0.0,0.0033271127772157,-0.0033271127772157,True
2024-12-20 16:00:00,-1.6,-1.6,0.0,0.0,0.0,True
2024-12-20 17:00:00,-1.601,-1.601,0.0,0.0,0.0,True
2024-12-20 18:00:00,-1.6,-1.6,0.0,0.0,0.0,True
2024-12-20 19:00:00,-1.6,-1.6,0.0,0.0,0.0,True
2024-12-20 20:00:00,-1.6,-1.6,0.4,0.0,0.4,True
2024-12-20 21:00:00,-1.597,-1.597,0.2,0.0,0.2,True
2024-12-20 22:00:00,-1.597,-1.597,0.1,0.0,0.1,True
2024-12-20 23:00:00,-1.596,-1.596,1.1,0.0,1.1,True
2024-12-21 00:00:00,-1.596,-1.596,1.6,0.0,1.6,True
2024-12-21 01:00:00,-1.596,-1.596,0.0,0.0,0.0,True
2024-12-21 02:00:00,-1.596,-1.596,0.0,0.0,0.0,True
2024-12-21 03:00:00,-1.596,-1.596,0.0,0.0,0.0,True
2024-12-21 04:00:00,-1.595,-1.595,0.0,0.0,0.0,True
2024-12-21 05:00:00,-1.596,-1.596,0.0,0.0,0.0,True
2024-12-21 06:00:00,-1.595,-1.595,0.0,0.0,0.0,True
2024-12-21 07:00:00,-1.594,-1.594,0.0,0.0,0.0,True
2024-12-21 08:00:00,-1.595,-1.595,0.0,0.0239050921436343,-0.0239050921436343,True
2024-12-21 09:00:00,-1.594,-1.594,0.0,0.065622009005422,-0.065622009005422,True
2024-12-21 10:00:00,-1.593,-1.593,0.0,0.0658056344703794,-0.0658056344703794,True
2024-12-21 11:00:00,-1.592,-1.592,0.1,0.0377786751082324,0.062221324891767606,True
2024-12-21 12:00:00,-1.592,-1.592,0.5,0.0376719736100324,0.4623280263899676,True
2024-12-21 13:00:00,,,0.3,0.0342472487363931,0.26575275126360687,True
2024-12-21 14:00:00,-1.588,-1.588,0.4,0.0069654935005077,0.39303450649949234,True
2024-12-21 15:00:00,-1.59,-1.59,0.4,0.0,0.4,True
2024-12-21 16:00:00,-1.587,-1.587,0.0,0.0,0.0,True
2024-12-21 17:00:00,-1.585,-1.585,0.0,0.0,0.0,True
2024-12-21 18:00:00,-1.584,-1.584,0.0,0.0,0.0,True
2024-12-21 19:00:00,-1.582,-1.582,0.0,0.0,0.0,True
2024-12-21 20:00:00,-1.581,-1.581,0.0,0.0,0.0,True
2024-12-21 21:00:00,-1.582,-1.582,0.0,0.0,0.0,True
2024-12-21 22:00:00,-1.581,-1.581,0.0,0.0,0.0,True
2024-12-21 23:00:00,-1.579,-1.579,0.1,0.0,0.1,True
2024-12-22 00:00:00,-1.579,-1.579,0.0,0.0,0.0,True
2024-12-22 01:00:00,-1.579,-1.579,0.2,0.0,0.2,True
2024-12-22 02:00:00,-1.578,-1.578,0.2,0.0,0.2,True
2024-12-22 03:00:00,-1.577,-1.577,0.1,0.0,0.1,True
2024-12-22 04:00:00,-1.577,-1.577,0.0,0.0,0.0,True
2024-12-22 05:00:00,-1.577,-1.577,0.0,0.0,0.0,True
2024-12-22 06:00:00,-1.577,-1.577,0.3,0.0,0.3,True
2024-12-22 07:00:00,-1.575,-1.575,0.0,0.0,0.0,True
2024-12-22 08:00:00,-1.575,-1.575,0.1,0.0223217254199978,0.0776782745800022,True
2024-12-22 09:00:00,-1.574,-1.574,0.0,0.0609648536314894,-0.0609648536314894,True
2024-12-22 10:00:00,-1.576,-1.576,0.3,0.0629802231292118,0.23701977687078818,True
2024-12-22 11:00:00,-1.579,-1.579,0.0,0.0726954911436726,-0.0726954911436726,True
2024-12-22 12:00:00,-1.578,-1.578,0.1,0.0600204983467942,0.0399795016532058,True
2024-12-22 13:00:00,-1.58,-1.58,0.2,0.0703584297117308,0.12964157028826923,True
2024-12-22 14:00:00,-1.58,-1.58,0.9,0.0639750218574794,0.8360249781425206,True
2024-12-22 15:00:00,-1.582,-1.582,0.0,0.0031589735971996,-0.0031589735971996,True
2024-12-22 16:00:00,-1.584,-1.584,0.0,0.0,0.0,True
2024-12-22 17:00:00,-1.584,-1.584,0.0,0.0,0.0,True
2024-12-22 18:00:00,-1.585,-1.585,0.1,0.0,0.1,True
2024-12-22 19:00:00,-1.589,-1.589,0.0,0.0,0.0,True
2024-12-22 20:00:00,-1.59,-1.59,2.1,0.0,2.1,True
2024-12-22 21:00:00,-1.588,-1.588,1.7,0.0,1.7,True
2024-12-22 22:00:00,-1.589,-1.589,0.9,0.0,0.9,True
2024-12-22 23:00:00,-1.591,-1.591,2.2,0.0,2.2,True
2024-12-23 00:00:00,-1.592,-1.592,0.2,0.0,0.2,True
2024-12-23 01:00:00,-1.594,-1.594,0.5,0.0,0.5,True
2024-12-23 02:00:00,-1.597,-1.597,0.0,0.0,0.0,True
2024-12-23 03:00:00,-1.599,-1.599,0.0,0.0,0.0,True
2024-12-23 04:00:00,-1.601,-1.601,0.0,0.0,0.0,True
2024-12-23 05:00:00,-1.603,-1.603,0.5,0.0,0.5,True
2024-12-23 06:00:00,-1.605,-1.605,0.2,0.0,0.2,True
2024-12-23 07:00:00,-1.606,-1.606,0.0,0.0,0.0,True
2024-12-23 08:00:00,-1.606,-1.606,0.0,0.0324829703181068,-0.0324829703181068,True
2024-12-23 09:00:00,-1.609,-1.609,0.0,0.1016155936341625,-0.1016155936341625,True
2024-12-23 10:00:00,-1.609,-1.609,0.0,0.1835306866370661,-0.1835306866370661,True
2024-12-23 11:00:00,-1.612,-1.612,0.0,0.261457784247575,-0.261457784247575,True
2024-12-23 12:00:00,-1.614,-1.614,0.0,0.1201291767078978,-0.1201291767078978,True
2024-12-23 13:00:00,-1.615,-1.615,0.0,0.0628418426192872,-0.0628418426192872,True
2024-12-23 14:00:00,-1.618,-1.618,0.0,0.0294125056294114,-0.0294125056294114,True
2024-12-23 15:00:00,-1.619,-1.619,0.0,0.0031689289906908,-0.0031689289906908,True
2024-12-23 16:00:00,-1.618,-1.618,0.0,0.0,0.0,True
2024-12-23 17:00:00,-1.62,-1.62,0.0,0.0,0.0,True
2024-12-23 18:00:00,-1.621,-1.621,0.0,0.0,0.0,True
2024-12-23 19:00:00,-1.625,-1.625,0.0,0.0,0.0,True
2024-12-23 20:00:00,-1.624,-1.624,0.0,0.0,0.0,True
2024-12-23 21:00:00,-1.624,-1.624,0.0,0.0,0.0,True
2024-12-23 22:00:00,-1.626,-1.626,0.0,0.0,0.0,True
2024-12-23 23:00:00,-1.626,-1.626,0.0,0.0,0.0,True
2024-12-24 00:00:00,-1.627,-1.627,0.0,0.0,0.0,True
2024-12-24 01:00:00,,,0.0,0.0,0.0,True
2024-12-24 02:00:00,-1.627,-1.627,0.0,0.0,0.0,True
2024-12-24 03:00:00,-1.627,-1.627,0.0,0.0,0.0,True
2024-12-24 04:00:00,-1.627,-1.627,0.0,0.0,0.0,True
2024-12-24 05:00:00,-1.63,-1.63,0.2,0.0,0.2,True
2024-12-24 06:00:00,-1.628,-1.628,0.2,0.0,0.2,True
2024-12-24 07:00:00,-1.628,-1.628,0.2,0.0,0.2,True
2024-12-24 08:00:00,-1.628,-1.628,0.0,0.0095067869720726,-0.0095067869720726,True
2024-12-24 09:00:00,-1.633,-1.633,0.1,0.0285203609162178,0.0714796390837822,True
2024-12-24 10:00:00,-1.63,-1.63,0.1,0.0545475006176484,0.0454524993823516,True
2024-12-24 11:00:00,-1.632,-1.632,0.0,0.0516560535240156,-0.0516560535240156,True
2024-12-24 12:00:00,-1.632,-1.632,0.1,0.0456145341344765,0.05438546586552351,True
2024-12-24 13:00:00,-1.633,-1.633,0.1,0.0326805618104571,0.0673194381895429,True
2024-12-24 14:00:00,-1.63,-1.63,0.0,0.0230833900758667,-0.0230833900758667,True
2024-12-24 15:00:00,-1.632,-1.632,0.0,0.0033172939975023,-0.0033172939975023,True
2024-12-24 16:00:00,-1.632,-1.632,0.1,0.0,0.1,True
2024-12-24 17:00:00,-1.632,-1.632,0.1,0.0,0.1,True
2024-12-24 18:00:00,-1.632,-1.632,0.1,0.0,0.1,True
2024-12-24 19:00:00,-1.632,-1.632,0.1,0.0,0.1,True
2024-12-24 20:00:00,-1.634,-1.634,0.0,0.0,0.0,True
2024-12-24 21:00:00,-1.635,-1.635,0.0,0.0,0.0,True
2024-12-24 22:00:00,-1.635,-1.635,0.0,0.0,0.0,True
2024-12-24 23:00:00,-1.635,-1.635,0.0,0.0,0.0,True
2024-12-25 00:00:00,-1.636,-1.636,0.0,0.0,0.0,True
2024-12-25 01:00:00,-1.636,-1.636,0.0,0.0,0.0,True
2024-12-25 02:00:00,-1.637,-1.637,0.0,0.0,0.0,True
2024-12-25 03:00:00,-1.638,-1.638,0.0,0.0,0.0,True
2024-12-25 04:00:00,-1.637,-1.637,0.0,0.0,0.0,True
2024-12-25 05:00:00,-1.637,-1.637,0.0,0.0,0.0,True
2024-12-25 06:00:00,-1.637,-1.637,0.0,0.0,0.0,True
2024-12-25 07:00:00,-1.64,-1.64,0.0,0.0,0.0,True
2024-12-25 08:00:00,-1.64,-1.64,0.0,0.0106209586345888,-0.0106209586345888,True
2024-12-25 09:00:00,-1.641,-1.641,0.0,0.0284752421329969,-0.0284752421329969,True
2024-12-25 10:00:00,-1.641,-1.641,0.0,0.0427128631994954,-0.0427128631994954,True
2024-12-25 11:00:00,-1.641,-1.641,0.0,0.04627226846612,-0.04627226846612,True
2024-12-25 12:00:00,-1.642,-1.642,0.0,0.0428271332084076,-0.0428271332084076,True
2024-12-25 13:00:00,-1.642,-1.642,0.0,0.035307566024343,-0.035307566024343,True
2024-12-25 14:00:00,-1.641,-1.641,0.0,0.0140079565788806,-0.0140079565788806,True
2024-12-25 15:00:00,-1.642,-1.642,0.0,0.0035019891447201,-0.0035019891447201,True
2024-12-25 16:00:00,-1.644,-1.644,0.0,0.0,0.0,True
2024-12-25 17:00:00,-1.641,-1.641,0.0,0.0,0.0,True
2024-12-25 18:00:00,-1.643,-1.643,0.0,0.0,0.0,True
2024-12-25 19:00:00,-1.644,-1.644,0.0,0.0,0.0,True
2024-12-25 20:00:00,-1.643,-1.643,0.0,0.0,0.0,True
2024-12-25 21:00:00,-1.642,-1.642,0.0,0.0,0.0,True
2024-12-25 22:00:00,-1.642,-1.642,0.0,0.0,0.0,True
2024-12-25 23:00:00,-1.643,-1.643,0.0,0.0,0.0,True
2024-12-26 00:00:00,-1.643,-1.643,0.0,0.0,0.0,True
2024-12-26 01:00:00,-1.642,-1.642,0.0,0.0,0.0,True
2024-12-26 02:00:00,-1.643,-1.643,0.0,0.0,0.0,True
2024-12-26 03:00:00,-1.642,-1.642,0.0,0.0,0.0,True
2024-12-26 04:00:00,-1.643,-1.643,0.0,0.0,0.0,True
2024-12-26 05:00:00,-1.642,-1.642,0.0,0.0,0.0,True
2024-12-26 06:00:00,-1.642,-1.642,0.0,0.0,0.0,True
2024-12-26 07:00:00,-1.643,-1.643,0.0,0.0,0.0,True
2024-12-26 08:00:00,-1.643,-1.643,0.0,0.0067716202763936,-0.0067716202763936,True
2024-12-26 09:00:00,-1.643,-1.643,0.0,0.0203733338374733,-0.0203733338374733,True
2024-12-26 10:00:00,-1.644,-1.644,0.0,0.0270084294963433,-0.0270084294963433,True
2024-12-26 11:00:00,-1.644,-1.644,0.0,0.0303844831833862,-0.0303844831833862,True
2024-12-26 12:00:00,-1.643,-1.643,0.0,0.0300322941769744,-0.0300322941769744,True
2024-12-26 13:00:00,-1.642,-1.642,0.0,0.0232897894405104,-0.0232897894405104,True
2024-12-26 14:00:00,-1.641,-1.641,0.0,0.0164881357684762,-0.0164881357684762,True
2024-12-26 15:00:00,-1.641,-1.641,0.0,0.0032680561810457,-0.0032680561810457,True
2024-12-26 16:00:00,-1.64,-1.64,0.0,0.0,0.0,True
2024-12-26 17:00:00,-1.64,-1.64,0.0,0.0,0.0,True
2024-12-26 18:00:00,-1.64,-1.64,0.0,0.0,0.0,True
2024-12-26 19:00:00,-1.641,-1.641,0.1,0.0,0.1,True
2024-12-26 20:00:00,-1.642,-1.642,0.1,0.0,0.1,True
2024-12-26 21:00:00,-1.64,-1.64,0.0,0.0,0.0,True
2024-12-26 22:00:00,-1.642,-1.642,0.0,0.0,0.0,True
2024-12-26 23:00:00,-1.641,-1.641,0.0,0.0,0.0,True
2024-12-27 00:00:00,-1.64,-1.64,0.0,0.0,0.0,True
2024-12-27 01:00:00,,,0.0,0.0,0.0,True
2024-12-27 02:00:00,-1.638,-1.638,0.0,0.0,0.0,True
2024-12-27 03:00:00,-1.639,-1.639,0.0,0.0,0.0,True
2024-12-27 04:00:00,-1.639,-1.639,0.0,0.0,0.0,True
2024-12-27 05:00:00,-1.638,-1.638,0.0,0.0,0.0,True
2024-12-27 06:00:00,-1.639,-1.639,0.0,0.0,0.0,True
2024-12-27 07:00:00,-1.635,-1.635,0.0,0.0,0.0,True
2024-12-27 08:00:00,-1.635,-1.635,0.0,0.0117942665282735,-0.0117942665282735,True
2024-12-27 09:00:00,-1.636,-1.636,0.0,0.0415616894427582,-0.0415616894427582,True
2024-12-27 10:00:00,-1.635,-1.635,0.0,0.0619198992734359,-0.0619198992734359,True
2024-12-27 11:00:00,-1.636,-1.636,0.0,0.0710071442518579,-0.0710071442518579,True
2024-12-27 12:00:00,-1.635,-1.635,0.0,0.0729588934316913,-0.0729588934316913,True
2024-12-27 13:00:00,-1.636,-1.636,0.0,0.0587699832610131,-0.0587699832610131,True
2024-12-27 14:00:00,-1.635,-1.635,0.0,0.0261745215654759,-0.0261745215654759,True
2024-12-27 15:00:00,-1.636,-1.636,0.0,0.0028679568666157,-0.0028679568666157,True
2024-12-27 16:00:00,-1.636,-1.636,0.0,0.0,0.0,True
2024-12-27 17:00:00,-1.636,-1.636,0.0,0.0,0.0,True
2024-12-27 18:00:00,-1.635,-1.635,0.0,0.0,0.0,True
2024-12-27 19:00:00,-1.636,-1.636,0.0,0.0,0.0,True
2024-12-27 20:00:00,-1.635,-1.635,0.0,0.0,0.0,True
2024-12-27 21:00:00,-1.635,-1.635,0.0,0.0,0.0,True
2024-12-27 22:00:00,-1.634,-1.634,0.0,0.0,0.0,True
2024-12-27 23:00:00,-1.634,-1.634,0.0,0.0,0.0,True
2024-12-28 00:00:00,-1.633,-1.633,0.0,0.0,0.0,True
2024-12-28 01:00:00,-1.633,-1.633,0.0,0.0,0.0,True
2024-12-28 02:00:00,-1.633,-1.633,0.0,0.0,0.0,True
2024-12-28 03:00:00,-1.634,-1.634,0.0,0.0,0.0,True
2024-12-28 04:00:00,-1.634,-1.634,0.0,0.0,0.0,True
2024-12-28 05:00:00,-1.633,-1.633,0.0,0.0,0.0,True
2024-12-28 06:00:00,-1.632,-1.632,0.0,0.0,0.0,True
2024-12-28 07:00:00,-1.632,-1.632,0.0,0.0,0.0,True
2024-12-28 08:00:00,-1.632,-1.632,0.0,0.0109472248815672,-0.0109472248815672,True
2024-12-28 09:00:00,-1.633,-1.633,0.0,0.027468936907049,-0.027468936907049,True
2024-12-28 10:00:00,-1.632,-1.632,0.0,0.0390215101570277,-0.0390215101570277,True
2024-12-28 11:00:00,-1.631,-1.631,0.0,0.0507153655918439,-0.0507153655918439,True
2024-12-28 12:00:00,-1.631,-1.631,0.0,0.048412351223898,-0.048412351223898,True
2024-12-28 13:00:00,-1.631,-1.631,0.0,0.0485838200986737,-0.0485838200986737,True
2024-12-28 14:00:00,-1.631,-1.631,0.0,0.0286795686661574,-0.0286795686661574,True
2024-12-28 15:00:00,-1.63,-1.63,0.0,0.0028175203106579,-0.0028175203106579,True
2024-12-28 16:00:00,-1.632,-1.632,0.0,0.0,0.0,True
2024-12-28 17:00:00,-1.631,-1.631,0.0,0.0,0.0,True
2024-12-28 18:00:00,-1.632,-1.632,0.0,0.0,0.0,True
2024-12-28 19:00:00,-1.633,-1.633,0.0,0.0,0.0,True
2024-12-28 20:00:00,-1.633,-1.633,0.0,0.0,0.0,True
2024-12-28 21:00:00,-1.632,-1.632,0.0,0.0,0.0,True
2024-12-28 22:00:00,-1.633,-1.633,0.0,0.0,0.0,True
2024-12-28 23:00:00,-1.633,-1.633,0.0,0.0,0.0,True
2024-12-29 00:00:00,-1.631,-1.631,0.0,0.0,0.0,True
2024-12-29 01:00:00,-1.632,-1.632,0.0,0.0,0.0,True
2024-12-29 02:00:00,-1.632,-1.632,0.0,0.0,0.0,True
2024-12-29 03:00:00,-1.633,-1.633,0.1,0.0,0.1,True
2024-12-29 04:00:00,-1.632,-1.632,0.0,0.0,0.0,True
2024-12-29 05:00:00,-1.632,-1.632,0.0,0.0,0.0,True
2024-12-29 06:00:00,-1.633,-1.633,0.1,0.0,0.1,True
2024-12-29 07:00:00,-1.634,-1.634,0.0,0.0,0.0,True
2024-12-29 08:00:00,-1.636,-1.636,0.0,0.0063776358342851,-0.0063776358342851,True
2024-12-29 09:00:00,-1.636,-1.636,0.0,0.019311563897276,-0.019311563897276,True
2024-12-29 10:00:00,-1.636,-1.636,0.0,0.0293236290864492,-0.0293236290864492,True
2024-12-29 11:00:00,-1.636,-1.636,0.0,0.0259863762544855,-0.0259863762544855,True
2024-12-29 12:00:00,-1.637,-1.637,0.0,0.0325818100960546,-0.0325818100960546,True
2024-12-29 13:00:00,-1.637,-1.637,0.0,0.0298556459775207,-0.0298556459775207,True
2024-12-29 14:00:00,-1.637,-1.637,0.0,0.0135822225583155,-0.0135822225583155,True
2024-12-29 15:00:00,-1.636,-1.636,0.0,0.0033858101381968,-0.0033858101381968,True
2024-12-29 16:00:00,-1.638,-1.638,0.0,0.0,0.0,True
2024-12-29 17:00:00,-1.637,-1.637,0.0,0.0,0.0,True
2024-12-29 18:00:00,-1.637,-1.637,0.0,0.0,0.0,True
2024-12-29 19:00:00,-1.638,-1.638,0.0,0.0,0.0,True
2024-12-29 20:00:00,-1.638,-1.638,0.0,0.0,0.0,True
2024-12-29 21:00:00,-1.639,-1.639,0.0,0.0,0.0,True
2024-12-29 22:00:00,-1.638,-1.638,0.0,0.0,0.0,True
2024-12-29 23:00:00,-1.641,-1.641,0.0,0.0,0.0,True
2024-12-30 00:00:00,-1.64,-1.64,0.0,0.0,0.0,True
2024-12-30 01:00:00,-1.641,-1.641,0.0,0.0,0.0,True
2024-12-30 02:00:00,-1.64,-1.64,0.0,0.0,0.0,True
2024-12-30 03:00:00,-1.64,-1.64,0.0,0.0,0.0,True
2024-12-30 04:00:00,-1.642,-1.642,0.0,0.0,0.0,True
2024-12-30 05:00:00,-1.641,-1.641,0.0,0.0,0.0,True
2024-12-30 06:00:00,-1.642,-1.642,0.0,0.0,0.0,True
2024-12-30 07:00:00,-1.64,-1.64,0.0,0.0,0.0,True
2024-12-30 08:00:00,-1.643,-1.643,0.0,0.0135822225583155,-0.0135822225583155,True
2024-12-30 09:00:00,-1.643,-1.643,0.0,0.0273201053070107,-0.0273201053070107,True
2024-12-30 10:00:00,-1.642,-1.642,0.0,0.0512251974506451,-0.0512251974506451,True
2024-12-30 11:00:00,-1.642,-1.642,0.0,0.0512251974506451,-0.0512251974506451,True
2024-12-30 12:00:00,-1.642,-1.642,0.0,0.0789917752263042,-0.0789917752263042,True
2024-12-30 13:00:00,-1.642,-1.642,0.0,0.0958922964619007,-0.0958922964619007,True
2024-12-30 14:00:00,-1.642,-1.642,0.0,0.0472647516186008,-0.0472647516186008,True
2024-12-30 15:00:00,-1.644,-1.644,0.0,0.0067911112791577,-0.0067911112791577,True
2024-12-30 16:00:00,-1.643,-1.643,0.0,0.0,0.0,True
2024-12-30 17:00:00,-1.643,-1.643,0.0,0.0,0.0,True
2024-12-30 18:00:00,-1.643,-1.643,0.0,0.0,0.0,True
2024-12-30 19:00:00,-1.643,-1.643,0.0,0.0,0.0,True
2024-12-30 20:00:00,-1.644,-1.644,0.0,0.0,0.0,True
2024-12-30 21:00:00,-1.645,-1.645,0.0,0.0,0.0,True
2024-12-30 22:00:00,-1.645,-1.645,0.0,0.0,0.0,True
2024-12-30 23:00:00,-1.646,-1.646,0.0,0.0,0.0,True
2024-12-31 00:00:00,-1.647,-1.647,0.0,0.0,0.0,True
2024-12-31 01:00:00,-1.645,-1.645,0.0,0.0,0.0,True
2024-12-31 02:00:00,-1.645,-1.645,0.0,0.0,0.0,True
2024-12-31 03:00:00,-1.645,-1.645,0.0,0.0,0.0,True
2024-12-31 04:00:00,-1.645,-1.645,0.0,0.0,0.0,True
2024-12-31 05:00:00,-1.643,-1.643,0.0,0.0,0.0,True
2024-12-31 06:00:00,-1.646,-1.646,0.0,0.0,0.0,True
2024-12-31 07:00:00,-1.645,-1.645,0.0,0.0,0.0,True
2024-12-31 08:00:00,-1.644,-1.644,0.0,0.006057957595306,-0.006057957595306,True
2024-12-31 09:00:00,-1.644,-1.644,0.0,0.0242318303812242,-0.0242318303812242,True
2024-12-31 10:00:00,-1.645,-1.645,0.0,0.0272608091788772,-0.0272608091788772,True
2024-12-31 11:00:00,-1.644,-1.644,0.0,0.0337598777410741,-0.0337598777410741,True
2024-12-31 12:00:00,-1.645,-1.645,0.0,0.0436671670759839,-0.0436671670759839,True
2024-12-31 13:00:00,,,0.0,0.0505435775551951,-0.0505435775551951,True
2024-12-31 14:00:00,-1.642,-1.642,0.0,0.0158943857851101,-0.0158943857851101,True
2024-12-31 15:00:00,-1.64,-1.64,0.0,0.0031987510928739,-0.0031987510928739,True
2024-12-31 16:00:00,-1.64,-1.64,0.0,0.0,0.0,True
2024-12-31 17:00:00,-1.638,-1.638,0.0,0.0,0.0,True
2024-12-31 18:00:00,-1.637,-1.637,0.0,0.0,0.0,True
2024-12-31 19:00:00,-1.635,-1.635,0.0,0.0,0.0,True
2024-12-31 20:00:00,-1.637,-1.637,0.0,0.0,0.0,True
2024-12-31 21:00:00,-1.635,-1.635,0.0,0.0,0.0,True
2024-12-31 22:00:00,-1.635,-1.635,0.0,0.0,0.0,True
2024-12-31 23:00:00,-1.637,-1.637,0.0,0.0,0.0,True
2025-01-01 00:00:00,-1.634,-1.634,0.0,0.0,0.0,True
2025-01-01 01:00:00,-1.634,-1.634,0.0,0.0,0.0,True
2025-01-01 02:00:00,-1.633,-1.633,0.0,0.0,0.0,True
2025-01-01 03:00:00,-1.634,-1.634,0.0,0.0,0.0,True
2025-01-01 04:00:00,-1.632,-1.632,0.0,0.0,0.0,True
2025-01-01 05:00:00,-1.632,-1.632,0.0,0.0,0.0,True
2025-01-01 06:00:00,-1.632,-1.632,0.0,0.0,0.0,True
2025-01-01 07:00:00,-1.63,-1.63,0.0,0.0,0.0,True
2025-01-01 08:00:00,-1.63,-1.63,0.0,0.0035594052666246,-0.0035594052666246,True
2025-01-01 09:00:00,-1.629,-1.629,0.0,0.0176537830121715,-0.0176537830121715,True
2025-01-01 10:00:00,-1.629,-1.629,0.3,0.0248490840235244,0.27515091597647556,True
2025-01-01 11:00:00,-1.627,-1.627,0.4,0.028627492087135,0.371372507912865,True
2025-01-01 12:00:00,-1.626,-1.626,0.3,0.0323767096371648,0.26762329036283516,True
2025-01-01 13:00:00,-1.625,-1.625,1.7,0.0214706190653513,1.6785293809346487,True
2025-01-01 14:00:00,-1.622,-1.622,5.4,0.0067130171428529,5.3932869828571475,True
2025-01-01 15:00:00,-1.617,-1.617,2.7,0.0,2.7,True
2025-01-01 16:00:00,-1.61,-1.61,2.3,0.0,2.3,True
2025-01-01 17:00:00,-1.599,-1.599,1.7,0.0,1.7,True
2025-01-01 18:00:00,-1.583,-1.583,1.0,0.0,1.0,True
2025-01-01 19:00:00,-1.567,-1.567,1.1,0.0,1.1,True
2025-01-01 20:00:00,-1.556,-1.556,0.3,0.0,0.3,True
2025-01-01 21:00:00,-1.546,-1.546,0.0,0.0,0.0,True
2025-01-01 22:00:00,-1.539,-1.539,0.0,0.0,0.0,True
2025-01-01 23:00:00,-1.537,-1.537,0.0,0.0,0.0,True
2025-01-02 00:00:00,-1.534,-1.534,0.3,0.0,0.3,True
2025-01-02 01:00:00,-1.534,-1.534,0.0,0.0,0.0,True
2025-01-02 02:00:00,-1.532,-1.532,0.0,0.0,0.0,True
2025-01-02 03:00:00,-1.529,-1.529,0.0,0.0,0.0,True
2025-01-02 04:00:00,-1.529,-1.529,0.7,0.0,0.7,True
2025-01-02 05:00:00,-1.528,-1.528,0.0,0.0,0.0,True
2025-01-02 06:00:00,-1.526,-1.526,0.0,0.0,0.0,True
2025-01-02 07:00:00,-1.527,-1.527,0.0,0.0,0.0,True
2025-01-02 08:00:00,-1.529,-1.529,0.0,0.0428680765576533,-0.0428680765576533,True
2025-01-02 09:00:00,-1.527,-1.527,0.0,0.1189125336716017,-0.1189125336716017,True
2025-01-02 10:00:00,-1.526,-1.526,0.1,0.1763446247617932,-0.07634462476179318,True
2025-01-02 11:00:00,-1.524,-1.524,0.1,0.2083093347701136,-0.10830933477011359,True
2025-01-02 12:00:00,-1.527,-1.527,0.1,0.201441473993199,-0.101441473993199,True
2025-01-02 13:00:00,-1.527,-1.527,0.1,0.1421538118739863,-0.042153811873986285,True
2025-01-02 14:00:00,-1.528,-1.528,0.0,0.0640298258231701,-0.0640298258231701,True
2025-01-02 15:00:00,-1.529,-1.529,0.0,0.0085736153115306,-0.0085736153115306,True
2025-01-02 16:00:00,-1.529,-1.529,0.0,0.0,0.0,True
2025-01-02 17:00:00,-1.529,-1.529,0.0,0.0,0.0,True
2025-01-02 18:00:00,-1.53,-1.53,0.3,0.0,0.3,True
2025-01-02 19:00:00,-1.532,-1.532,0.2,0.0,0.2,True
2025-01-02 20:00:00,-1.534,-1.534,0.2,0.0,0.2,True
2025-01-02 21:00:00,-1.536,-1.536,0.0,0.0,0.0,True
2025-01-02 22:00:00,-1.538,-1.538,0.0,0.0,0.0,True
2025-01-02 23:00:00,-1.538,-1.538,0.4,0.0,0.4,True
2025-01-03 00:00:00,-1.538,-1.538,0.1,0.0,0.1,True
2025-01-03 01:00:00,-1.539,-1.539,0.0,0.0,0.0,True
2025-01-03 02:00:00,-1.542,-1.542,0.0,0.0,0.0,True
2025-01-03 03:00:00,-1.544,-1.544,0.0,0.0,0.0,True
2025-01-03 04:00:00,-1.545,-1.545,0.0,0.0,0.0,True
2025-01-03 05:00:00,-1.546,-1.546,0.0,0.0,0.0,True
2025-01-03 06:00:00,-1.546,-1.546,0.0,0.0,0.0,True
2025-01-03 07:00:00,-1.547,-1.547,0.0,0.0,0.0,True
2025-01-03 08:00:00,-1.549,-1.549,0.0,0.0149440182625682,-0.0149440182625682,True
2025-01-03 09:00:00,-1.551,-1.551,0.0,0.0870546473666146,-0.0870546473666146,True
2025-01-03 10:00:00,-1.551,-1.551,1.2,0.0508969698299351,1.1491030301700649,True
2025-01-03 11:00:00,-1.555,-1.555,0.2,0.1026440105339648,0.09735598946603521,True
2025-01-03 12:00:00,-1.554,-1.554,0.0,0.1707462021951205,-0.1707462021951205,True
2025-01-03 13:00:00,-1.556,-1.556,0.0,0.1250106123214275,-0.1250106123214275,True
2025-01-03 14:00:00,-1.557,-1.557,0.0,0.0470159866088105,-0.0470159866088105,True
2025-01-03 15:00:00,-1.559,-1.559,0.0,0.008664367002441,-0.008664367002441,True
2025-01-03 16:00:00,-1.56,-1.56,0.5,0.0,0.5,True
2025-01-03 17:00:00,-1.563,-1.563,0.8,0.0,0.8,True
2025-01-03 18:00:00,-1.566,-1.566,0.1,0.0,0.1,True
2025-01-03 19:00:00,-1.567,-1.567,0.0,0.0,0.0,True
2025-01-03 20:00:00,-1.568,-1.568,0.3,0.0,0.3,True
2025-01-03 21:00:00,-1.569,-1.569,0.0,0.0,0.0,True
2025-01-03 22:00:00,-1.569,-1.569,0.0,0.0,0.0,True
2025-01-03 23:00:00,-1.571,-1.571,0.0,0.0,0.0,True
2025-01-04 00:00:00,-1.574,-1.574,0.5,0.0,0.5,True
2025-01-04 01:00:00,-1.572,-1.572,0.1,0.0,0.1,True
2025-01-04 02:00:00,-1.574,-1.574,0.4,0.0,0.4,True
2025-01-04 03:00:00,-1.574,-1.574,0.0,0.0,0.0,True
2025-01-04 04:00:00,-1.577,-1.577,0.7,0.0,0.7,True
2025-01-04 05:00:00,-1.578,-1.578,0.3,0.0,0.3,True
2025-01-04 06:00:00,-1.578,-1.578,0.0,0.0,0.0,True
2025-01-04 07:00:00,-1.58,-1.58,0.0,0.0,0.0,True
2025-01-04 08:00:00,-1.58,-1.58,0.0,0.0083314824051932,-0.0083314824051932,True
2025-01-04 09:00:00,-1.579,-1.579,0.0,0.0450803249705279,-0.0450803249705279,True
2025-01-04 10:00:00,-1.58,-1.58,1.2,0.0344154823993889,1.165584517600611,True
2025-01-04 11:00:00,-1.577,-1.577,0.1,0.0796112990658462,0.020388700934153806,True
2025-01-04 12:00:00,-1.58,-1.58,0.0,0.0989621728239317,-0.0989621728239317,True
2025-01-04 13:00:00,-1.579,-1.579,0.0,0.0845303616162063,-0.0845303616162063,True
2025-01-04 14:00:00,-1.579,-1.579,0.0,0.0504677657519207,-0.0504677657519207,True
2025-01-04 15:00:00,-1.58,-1.58,0.0,0.0057964046137489,-0.0057964046137489,True
2025-01-04 16:00:00,-1.578,-1.578,0.0,0.0,0.0,True
2025-01-04 17:00:00,-1.578,-1.578,0.0,0.0,0.0,True
2025-01-04 18:00:00,-1.579,-1.579,0.0,0.0,0.0,True
2025-01-04 19:00:00,-1.58,-1.58,0.0,0.0,0.0,True
2025-01-04 20:00:00,-1.579,-1.579,0.0,0.0,0.0,True
2025-01-04 21:00:00,-1.578,-1.578,0.0,0.0,0.0,True
2025-01-04 22:00:00,-1.577,-1.577,0.0,0.0,0.0,True
2025-01-04 23:00:00,-1.577,-1.577,0.0,0.0,0.0,True
2025-01-05 00:00:00,-1.578,-1.578,0.0,0.0,0.0,True
2025-01-05 01:00:00,,,0.0,0.0,0.0,True
2025-01-05 02:00:00,-1.573,-1.573,0.0,0.0,0.0,True
2025-01-05 03:00:00,-1.573,-1.573,0.0,0.0,0.0,True
2025-01-05 04:00:00,-1.572,-1.572,0.1,0.0,0.1,True
2025-01-05 05:00:00,-1.57,-1.57,0.3,0.0,0.3,True
2025-01-05 06:00:00,-1.569,-1.569,0.3,0.0,0.3,True
2025-01-05 07:00:00,-1.568,-1.568,0.3,0.0,0.3,True
2025-01-05 08:00:00,-1.565,-1.565,0.0,0.0109068794966021,-0.0109068794966021,True
2025-01-05 09:00:00,-1.564,-1.564,0.1,0.0163603192449031,0.08363968075509691,True
2025-01-05 10:00:00,-1.562,-1.562,1.3,0.0192282558349343,1.2807717441650657,True
2025-01-05 11:00:00,-1.559,-1.559,2.6,0.0195107550785138,2.5804892449214862,True
2025-01-05 12:00:00,-1.555,-1.555,1.3,0.0286795686661574,1.2713204313338426,True
2025-01-05 13:00:00,-1.552,-1.552,1.2,0.022182502934836,1.177817497065164,True
2025-01-05 14:00:00,-1.548,-1.548,0.7,0.0177970263331231,0.6822029736668769,True
2025-01-05 15:00:00,-1.54,-1.54,0.2,0.0036351925149014,0.1963648074850986,True
2025-01-05 16:00:00,-1.533,-1.533,0.3,0.0,0.3,True
2025-01-05 17:00:00,-1.526,-1.526,0.1,0.0,0.1,True
2025-01-05 18:00:00,-1.52,-1.52,1.3,0.0,1.3,True
2025-01-05 19:00:00,-1.516,-1.516,2.5,0.0,2.5,True
2025-01-05 20:00:00,-1.509,-1.509,0.0,0.0,0.0,True
2025-01-05 21:00:00,-1.501,-1.501,0.0,0.0,0.0,True
2025-01-05 22:00:00,-1.492,-1.492,0.4,0.0,0.4,True
2025-01-05 23:00:00,-1.485,-1.485,2.7,0.0,2.7,True
2025-01-06 00:00:00,-1.479,-1.479,0.2,0.0,0.2,True
2025-01-06 01:00:00,-1.472,-1.472,0.0,0.0,0.0,True
2025-01-06 02:00:00,-1.467,-1.467,0.0,0.0,0.0,True
2025-01-06 03:00:00,-1.463,-1.463,0.0,0.0,0.0,True
2025-01-06 04:00:00,-1.459,-1.459,0.0,0.0,0.0,True
2025-01-06 05:00:00,-1.454,-1.454,0.0,0.0,0.0,True
2025-01-06 06:00:00,-1.45,-1.45,0.0,0.0,0.0,True
2025-01-06 07:00:00,-1.449,-1.449,0.0,0.0,0.0,True
2025-01-06 08:00:00,-1.447,-1.447,0.0,0.0148029512878998,-0.0148029512878998,True
2025-01-06 09:00:00,-1.443,-1.443,0.0,0.0598056434251496,-0.0598056434251496,True
2025-01-06 10:00:00,-1.44,-1.44,0.0,0.113516544706217,-0.113516544706217,True
2025-01-06 11:00:00,-1.437,-1.437,0.0,0.1021648902355953,-0.1021648902355953,True
2025-01-06 12:00:00,-1.437,-1.437,0.7,0.0328014108436928,0.6671985891563071,True
2025-01-06 13:00:00,-1.435,-1.435,0.3,0.0641450200538154,0.2358549799461846,True
2025-01-06 14:00:00,-1.434,-1.434,0.9,0.0222521400991541,0.8777478599008459,True
2025-01-06 15:00:00,-1.437,-1.437,0.5,0.0031689289906908,0.4968310710093092,True
2025-01-06 16:00:00,-1.437,-1.437,0.6,0.0,0.6,True
2025-01-06 17:00:00,-1.441,-1.441,0.2,0.0,0.2,True
2025-01-06 18:00:00,-1.442,-1.442,0.4,0.0,0.4,True
2025-01-06 19:00:00,-1.442,-1.442,0.2,0.0,0.2,True
2025-01-06 20:00:00,-1.443,-1.443,0.2,0.0,0.2,True
2025-01-06 21:00:00,-1.447,-1.447,0.0,0.0,0.0,True
2025-01-06 22:00:00,-1.45,-1.45,0.0,0.0,0.0,True
2025-01-06 23:00:00,-1.454,-1.454,0.0,0.0,0.0,True
2025-01-07 00:00:00,-1.456,-1.456,0.0,0.0,0.0,True
2025-01-07 01:00:00,-1.461,-1.461,0.0,0.0,0.0,True
2025-01-07 02:00:00,-1.464,-1.464,0.2,0.0,0.2,True
2025-01-07 03:00:00,-1.467,-1.467,0.0,0.0,0.0,True
2025-01-07 04:00:00,-1.471,-1.471,0.0,0.0,0.0,True
2025-01-07 05:00:00,-1.471,-1.471,0.2,0.0,0.2,True
2025-01-07 06:00:00,-1.475,-1.475,0.0,0.0,0.0,True
2025-01-07 07:00:00,-1.479,-1.479,0.0,0.0,0.0,True
2025-01-07 08:00:00,-1.482,-1.482,0.0,0.0243120917910665,-0.0243120917910665,True
2025-01-07 09:00:00,-1.485,-1.485,0.0,0.058882892398012,-0.058882892398012,True
2025-01-07 10:00:00,-1.488,-1.488,0.0,0.1168820230963887,-0.1168820230963887,True
2025-01-07 11:00:00,-1.492,-1.492,0.0,0.1829423594947719,-0.1829423594947719,True
2025-01-07 12:00:00,-1.496,-1.496,0.0,0.0692046938031306,-0.0692046938031306,True
2025-01-07 13:00:00,-1.5,-1.5,0.0,0.0777273637201916,-0.0777273637201916,True
2025-01-07 14:00:00,-1.502,-1.502,0.0,0.046636418232115,-0.046636418232115,True
2025-01-07 15:00:00,-1.502,-1.502,0.3,0.0089664109575409,0.2910335890424591,True
2025-01-07 16:00:00,-1.505,-1.505,0.0,0.0,0.0,True
2025-01-07 17:00:00,-1.509,-1.509,0.0,0.0,0.0,True
2025-01-07 18:00:00,-1.511,-1.511,0.0,0.0,0.0,True
2025-01-07 19:00:00,-1.513,-1.513,1.1,0.0,1.1,True
2025-01-07 20:00:00,-1.516,-1.516,0.7,0.0,0.7,True
2025-01-07 21:00:00,-1.518,-1.518,0.0,0.0,0.0,True
2025-01-07 22:00:00,-1.518,-1.518,0.0,0.0,0.0,True
2025-01-07 23:00:00,-1.519,-1.519,0.0,0.0,0.0,True
2025-01-08 00:00:00,-1.521,-1.521,0.2,0.0,0.2,True
2025-01-08 01:00:00,-1.521,-1.521,0.0,0.0,0.0,True
2025-01-08 02:00:00,-1.525,-1.525,0.0,0.0,0.0,True
2025-01-08 03:00:00,-1.526,-1.526,0.3,0.0,0.3,True
2025-01-08 04:00:00,-1.529,-1.529,0.0,0.0,0.0,True
2025-01-08 05:00:00,-1.53,-1.53,0.0,0.0,0.0,True
2025-01-08 06:00:00,-1.532,-1.532,0.0,0.0,0.0,True
2025-01-08 07:00:00,-1.533,-1.533,0.0,0.0,0.0,True
2025-01-08 08:00:00,-1.535,-1.535,0.0,0.0476599954412543,-0.0476599954412543,True
2025-01-08 09:00:00,-1.538,-1.538,0.0,0.1372067696210789,-0.1372067696210789,True
2025-01-08 10:00:00,-1.54,-1.54,0.0,0.2276930854676304,-0.2276930854676304,True
2025-01-08 11:00:00,-1.542,-1.542,0.0,0.2771129817685323,-0.2771129817685323,True
2025-01-08 12:00:00,-1.545,-1.545,0.0,0.1565230695267985,-0.1565230695267985,True
2025-01-08 13:00:00,-1.546,-1.546,0.0,0.075975286847083,-0.075975286847083,True
2025-01-08 14:00:00,-1.547,-1.547,0.0,0.0655324937317247,-0.0655324937317247,True
2025-01-08 15:00:00,-1.543,-1.543,0.0,0.0083012135565371,-0.0083012135565371,True
2025-01-08 16:00:00,-1.542,-1.542,0.0,0.0,0.0,True
2025-01-08 17:00:00,-1.543,-1.543,0.0,0.0,0.0,True
2025-01-08 18:00:00,-1.544,-1.544,0.0,0.0,0.0,True
2025-01-08 19:00:00,-1.545,-1.545,0.0,0.0,0.0,True
2025-01-08 20:00:00,-1.545,-1.545,0.0,0.0,0.0,True
2025-01-08 21:00:00,-1.545,-1.545,0.0,0.0,0.0,True
2025-01-08 22:00:00,-1.547,-1.547,0.0,0.0,0.0,True
2025-01-08 23:00:00,-1.548,-1.548,0.0,0.0,0.0,True
2025-01-09 00:00:00,-1.547,-1.547,0.0,0.0,0.0,True
2025-01-09 01:00:00,-1.55,-1.55,0.0,0.0,0.0,True
2025-01-09 02:00:00,-1.552,-1.552,0.0,0.0,0.0,True
2025-01-09 03:00:00,-1.552,-1.552,0.0,0.0,0.0,True
2025-01-09 04:00:00,-1.553,-1.553,0.0,0.0,0.0,True
2025-01-09 05:00:00,-1.552,-1.552,0.0,0.0,0.0,True
2025-01-09 06:00:00,-1.554,-1.554,0.0,0.0,0.0,True
2025-01-09 07:00:00,-1.556,-1.556,0.0,0.0,0.0,True
2025-01-09 08:00:00,-1.557,-1.557,0.0,0.0134823481484299,-0.0134823481484299,True
2025-01-09 09:00:00,-1.559,-1.559,0.0,0.0565521886999279,-0.0565521886999279,True
2025-01-09 10:00:00,-1.558,-1.558,0.0,0.2324324699921526,-0.2324324699921526,True
2025-01-09 11:00:00,-1.561,-1.561,0.0,0.270361894561865,-0.270361894561865,True
2025-01-09 12:00:00,-1.564,-1.564,0.0,0.2654963407085399,-0.2654963407085399,True
2025-01-09 13:00:00,-1.563,-1.563,0.0,0.1889406693876356,-0.1889406693876356,True
2025-01-09 14:00:00,-1.567,-1.567,0.0,0.0627648767027864,-0.0627648767027864,True
2025-01-09 15:00:00,-1.569,-1.569,1.1,0.0057359137332314,1.0942640862667687,True
2025-01-09 16:00:00,-1.572,-1.572,0.0,0.0,0.0,True
2025-01-09 17:00:00,-1.574,-1.574,0.0,0.0,0.0,True
2025-01-09 18:00:00,-1.577,-1.577,0.0,0.0,0.0,True
2025-01-09 19:00:00,-1.577,-1.577,0.3,0.0,0.3,True
2025-01-09 20:00:00,-1.579,-1.579,0.0,0.0,0.0,True
2025-01-09 21:00:00,-1.578,-1.578,0.2,0.0,0.2,True
2025-01-09 22:00:00,-1.579,-1.579,0.1,0.0,0.1,True
2025-01-09 23:00:00,-1.583,-1.583,0.1,0.0,0.1,True
2025-01-10 00:00:00,-1.582,-1.582,0.1,0.0,0.1,True
2025-01-10 01:00:00,-1.584,-1.584,0.0,0.0,0.0,True
2025-01-10 02:00:00,-1.583,-1.583,0.0,0.0,0.0,True
2025-01-10 03:00:00,-1.585,-1.585,0.0,0.0,0.0,True
2025-01-10 04:00:00,-1.586,-1.586,0.0,0.0,0.0,True
2025-01-10 05:00:00,-1.588,-1.588,0.0,0.0,0.0,True
2025-01-10 06:00:00,-1.591,-1.591,0.0,0.0,0.0,True
2025-01-10 07:00:00,-1.591,-1.591,0.0,0.0,0.0,True
2025-01-10 08:00:00,-1.591,-1.591,0.0,0.0487552667324676,-0.0487552667324676,True
2025-01-10 09:00:00,-1.592,-1.592,0.0,0.1428335392725162,-0.1428335392725162,True
2025-01-10 10:00:00,-1.592,-1.592,0.1,0.1473158301428692,-0.04731583014286919,True
2025-01-10 11:00:00,-1.591,-1.591,0.9,0.073965775262352,0.826034224737648,True
2025-01-10 12:00:00,-1.593,-1.593,0.0,0.1444271870674031,-0.1444271870674031,True
2025-01-10 13:00:00,-1.597,-1.597,0.2,0.0860920709885706,0.11390792901142942,True
2025-01-10 14:00:00,-1.598,-1.598,0.2,0.0530741993772308,0.14692580062276922,True
2025-01-10 15:00:00,-1.598,-1.598,0.0,0.0086946069206234,-0.0086946069206234,True
2025-01-10 16:00:00,-1.6,-1.6,0.8,0.0,0.8,True
2025-01-10 17:00:00,-1.601,-1.601,0.1,0.0,0.1,True
2025-01-10 18:00:00,-1.601,-1.601,0.2,0.0,0.2,True
2025-01-10 19:00:00,-1.6,-1.6,0.0,0.0,0.0,True
2025-01-10 20:00:00,-1.601,-1.601,0.0,0.0,0.0,True
2025-01-10 21:00:00,-1.6,-1.6,0.0,0.0,0.0,True
2025-01-10 22:00:00,-1.602,-1.602,0.0,0.0,0.0,True
2025-01-10 23:00:00,-1.603,-1.603,0.0,0.0,0.0,True
2025-01-11 00:00:00,-1.606,-1.606,0.0,0.0,0.0,True
2025-01-11 01:00:00,-1.606,-1.606,0.0,0.0,0.0,True
2025-01-11 02:00:00,-1.605,-1.605,0.0,0.0,0.0,True
2025-01-11 03:00:00,-1.606,-1.606,0.0,0.0,0.0,True
2025-01-11 04:00:00,-1.607,-1.607,0.0,0.0,0.0,True
2025-01-11 05:00:00,-1.608,-1.608,0.0,0.0,0.0,True
2025-01-11 06:00:00,-1.606,-1.606,0.0,0.0,0.0,True
2025-01-11 07:00:00,-1.608,-1.608,0.0,0.0023760075199819,-0.0023760075199819,True
2025-01-11 08:00:00,-1.61,-1.61,0.0,0.1069148804316828,-0.1069148804316828,True
2025-01-11 09:00:00,-1.611,-1.611,0.0,0.2472137719721164,-0.2472137719721164,True
2025-01-11 10:00:00,-1.611,-1.611,0.0,0.26779207602081,-0.26779207602081,True
2025-01-11 11:00:00,-1.609,-1.609,0.0,0.27981850939269,-0.27981850939269,True
2025-01-11 12:00:00,-1.609,-1.609,0.0,0.1872138674732296,-0.1872138674732296,True
2025-01-11 13:00:00,-1.608,-1.608,0.0,0.1804846675213963,-0.1804846675213963,True
2025-01-11 14:00:00,-1.611,-1.611,0.1,0.1002873786381496,-0.0002873786381495935,True
2025-01-11 15:00:00,-1.612,-1.612,0.1,0.0203579612175924,0.07964203878240761,True
2025-01-11 16:00:00,-1.614,-1.614,0.0,0.0,0.0,True
2025-01-11 17:00:00,-1.614,-1.614,0.0,0.0,0.0,True
2025-01-11 18:00:00,-1.616,-1.616,0.0,0.0,0.0,True
2025-01-11 19:00:00,-1.615,-1.615,0.0,0.0,0.0,True
2025-01-11 20:00:00,-1.616,-1.616,0.0,0.0,0.0,True
2025-01-11 21:00:00,-1.617,-1.617,0.0,0.0,0.0,True
2025-01-11 22:00:00,-1.616,-1.616,0.0,0.0,0.0,True
2025-01-11 23:00:00,-1.618,-1.618,0.0,0.0,0.0,True
2025-01-12 00:00:00,-1.619,-1.619,0.0,0.0,0.0,True
2025-01-12 01:00:00,-1.62,-1.62,0.0,0.0,0.0,True
2025-01-12 02:00:00,-1.622,-1.622,0.0,0.0,0.0,True
2025-01-12 03:00:00,-1.622,-1.622,0.0,0.0,0.0,True
2025-01-12 04:00:00,-1.624,-1.624,0.0,0.0,0.0,True
2025-01-12 05:00:00,-1.625,-1.625,0.0,0.0,0.0,True
2025-01-12 06:00:00,-1.625,-1.625,0.0,0.0,0.0,True
2025-01-12 07:00:00,-1.625,-1.625,0.0,0.0028074306827529,-0.0028074306827529,True
2025-01-12 08:00:00,-1.626,-1.626,0.0,0.031214676393439,-0.031214676393439,True
2025-01-12 09:00:00,-1.625,-1.625,0.0,0.0652670506408271,-0.0652670506408271,True
2025-01-12 10:00:00,-1.625,-1.625,0.0,0.1668099840443903,-0.1668099840443903,True
2025-01-12 11:00:00,-1.626,-1.626,0.0,0.1354074797278055,-0.1354074797278055,True
2025-01-12 12:00:00,-1.627,-1.627,0.0,0.143937029427944,-0.143937029427944,True
2025-01-12 13:00:00,-1.628,-1.628,0.0,0.1022702867965471,-0.1022702867965471,True
2025-01-12 14:00:00,-1.629,-1.629,0.0,0.0539793669948718,-0.0539793669948718,True
2025-01-12 15:00:00,-1.63,-1.63,0.0,0.0175705727958247,-0.0175705727958247,True
2025-01-12 16:00:00,-1.631,-1.631,0.0,0.0,0.0,True
2025-01-12 17:00:00,-1.632,-1.632,0.0,0.0,0.0,True
2025-01-12 18:00:00,-1.63,-1.63,0.0,0.0,0.0,True
2025-01-12 19:00:00,-1.632,-1.632,0.0,0.0,0.0,True
2025-01-12 20:00:00,-1.632,-1.632,0.0,0.0,0.0,True
2025-01-12 21:00:00,-1.633,-1.633,0.0,0.0,0.0,True
2025-01-12 22:00:00,-1.633,-1.633,0.0,0.0,0.0,True
2025-01-12 23:00:00,-1.632,-1.632,0.0,0.0,0.0,True
2025-01-13 00:00:00,-1.634,-1.634,0.0,0.0,0.0,True
2025-01-13 01:00:00,-1.632,-1.632,0.0,0.0,0.0,True
2025-01-13 02:00:00,-1.633,-1.633,0.0,0.0,0.0,True
2025-01-13 03:00:00,-1.632,-1.632,0.0,0.0,0.0,True
2025-01-13 04:00:00,-1.633,-1.633,0.0,0.0,0.0,True
2025-01-13 05:00:00,-1.633,-1.633,0.0,0.0,0.0,True
2025-01-13 06:00:00,-1.632,-1.632,0.0,0.0,0.0,True
2025-01-13 07:00:00,-1.632,-1.632,0.0,0.0024755289521684,-0.0024755289521684,True
2025-01-13 08:00:00,-1.631,-1.631,0.0,0.0666559222819481,-0.0666559222819481,True
2025-01-13 09:00:00,-1.632,-1.632,0.0,0.1560733819671954,-0.1560733819671954,True
2025-01-13 10:00:00,-1.63,-1.63,0.0,0.2092162556759549,-0.2092162556759549,True
2025-01-13 11:00:00,-1.628,-1.628,0.0,0.2722565323627844,-0.2722565323627844,True
2025-01-13 12:00:00,-1.629,-1.629,0.0,0.3038388996696677,-0.3038388996696677,True
2025-01-13 13:00:00,-1.628,-1.628,0.0,0.2393882239821624,-0.2393882239821624,True
2025-01-13 14:00:00,-1.631,-1.631,0.0,0.1191499886031359,-0.1191499886031359,True
2025-01-13 15:00:00,-1.632,-1.632,0.0,0.0195813852744992,-0.0195813852744992,True
2025-01-13 16:00:00,-1.631,-1.631,0.0,0.0,0.0,True
2025-01-13 17:00:00,-1.631,-1.631,0.0,0.0,0.0,True
2025-01-13 18:00:00,-1.628,-1.628,0.0,0.0,0.0,True
2025-01-13 19:00:00,-1.628,-1.628,0.0,0.0,0.0,True
2025-01-13 20:00:00,-1.627,-1.627,0.0,0.0,0.0,True
2025-01-13 21:00:00,-1.629,-1.629,0.0,0.0,0.0,True
2025-01-13 22:00:00,-1.629,-1.629,0.0,0.0,0.0,True
2025-01-13 23:00:00,-1.625,-1.625,0.0,0.0,0.0,True
2025-01-14 00:00:00,-1.624,-1.624,0.0,0.0,0.0,True
2025-01-14 01:00:00,-1.622,-1.622,0.0,0.0,0.0,True
2025-01-14 02:00:00,-1.622,-1.622,0.0,0.0,0.0,True
2025-01-14 03:00:00,-1.626,-1.626,0.0,0.0,0.0,True
2025-01-14 04:00:00,-1.626,-1.626,0.0,0.0,0.0,True
2025-01-14 05:00:00,-1.626,-1.626,0.0,0.0,0.0,True
2025-01-14 06:00:00,-1.627,-1.627,0.0,0.0,0.0,True
2025-01-14 07:00:00,-1.624,-1.624,0.0,0.0028175203106579,-0.0028175203106579,True
2025-01-14 08:00:00,-1.625,-1.625,0.0,0.0200756980663102,-0.0200756980663102,True
2025-01-14 09:00:00,-1.625,-1.625,0.0,0.1139564414336184,-0.1139564414336184,True
2025-01-14 10:00:00,-1.625,-1.625,0.0,0.1820644272557054,-0.1820644272557054,True
2025-01-14 11:00:00,-1.622,-1.622,0.0,0.0869020375377423,-0.0869020375377423,True
2025-01-14 12:00:00,-1.625,-1.625,0.0,0.0485760662917368,-0.0485760662917368,True
2025-01-14 13:00:00,-1.625,-1.625,0.0,0.0461667801517335,-0.0461667801517335,True
2025-01-14 14:00:00,-1.626,-1.626,0.1,0.0230833900758667,0.07691660992413331,True
2025-01-14 15:00:00,-1.625,-1.625,0.1,0.0065755588449605,0.0934244411550395,True
2025-01-14 16:00:00,-1.626,-1.626,0.0,0.0,0.0,True
2025-01-14 17:00:00,-1.626,-1.626,0.0,0.0,0.0,True
2025-01-14 18:00:00,-1.626,-1.626,0.1,0.0,0.1,True
2025-01-14 19:00:00,-1.626,-1.626,0.0,0.0,0.0,True
2025-01-14 20:00:00,-1.628,-1.628,0.0,0.0,0.0,True
2025-01-14 21:00:00,-1.629,-1.629,0.0,0.0,0.0,True
2025-01-14 22:00:00,-1.629,-1.629,0.0,0.0,0.0,True
2025-01-14 23:00:00,-1.629,-1.629,0.0,0.0,0.0,True
2025-01-15 00:00:00,-1.63,-1.63,0.0,0.0,0.0,True
2025-01-15 01:00:00,-1.63,-1.63,0.0,0.0,0.0,True
2025-01-15 02:00:00,-1.631,-1.631,0.0,0.0,0.0,True
2025-01-15 03:00:00,-1.63,-1.63,0.0,0.0,0.0,True
2025-01-15 04:00:00,-1.63,-1.63,0.0,0.0,0.0,True
2025-01-15 05:00:00,-1.631,-1.631,0.0,0.0,0.0,True
2025-01-15 06:00:00,-1.63,-1.63,0.0,0.0,0.0,True
2025-01-15 07:00:00,-1.63,-1.63,0.0,0.0031689289906908,-0.0031689289906908,True
2025-01-15 08:00:00,-1.629,-1.629,0.0,0.0355135367977607,-0.0355135367977607,True
2025-01-15 09:00:00,-1.63,-1.63,0.0,0.0786701370070935,-0.0786701370070935,True
2025-01-15 10:00:00,-1.629,-1.629,0.0,0.1028361139225716,-0.1028361139225716,True
2025-01-15 11:00:00,-1.632,-1.632,0.0,0.1104417675104755,-0.1104417675104755,True
2025-01-15 12:00:00,-1.633,-1.633,0.0,0.0987534109717813,-0.0987534109717813,True
2025-01-15 13:00:00,-1.633,-1.633,0.0,0.05706064571425,-0.05706064571425,True
2025-01-15 14:00:00,-1.633,-1.633,0.0,0.0327792237529556,-0.0327792237529556,True
2025-01-15 15:00:00,-1.634,-1.634,0.0,0.0098337671258866,-0.0098337671258866,True
2025-01-15 16:00:00,-1.634,-1.634,0.0,0.0,0.0,True
2025-01-15 17:00:00,-1.636,-1.636,0.0,0.0,0.0,True
2025-01-15 18:00:00,-1.635,-1.635,0.0,0.0,0.0,True
2025-01-15 19:00:00,-1.634,-1.634,0.0,0.0,0.0,True
2025-01-15 20:00:00,-1.635,-1.635,0.0,0.0,0.0,True
2025-01-15 21:00:00,-1.635,-1.635,0.0,0.0,0.0,True
2025-01-15 22:00:00,-1.635,-1.635,0.0,0.0,0.0,True
2025-01-15 23:00:00,-1.636,-1.636,0.0,0.0,0.0,True
2025-01-16 00:00:00,-1.635,-1.635,0.0,0.0,0.0,True
2025-01-16 01:00:00,-1.635,-1.635,0.0,0.0,0.0,True
2025-01-16 02:00:00,-1.635,-1.635,0.0,0.0,0.0,True
2025-01-16 03:00:00,-1.635,-1.635,0.0,0.0,0.0,True
2025-01-16 04:00:00,-1.636,-1.636,0.0,0.0,0.0,True
2025-01-16 05:00:00,-1.635,-1.635,0.0,0.0,0.0,True
2025-01-16 06:00:00,-1.636,-1.636,0.0,0.0,0.0,True
2025-01-16 07:00:00,-1.635,-1.635,0.0,0.0,0.0,True
2025-01-16 08:00:00,-1.636,-1.636,0.0,0.0196083370862742,-0.0196083370862742,True
2025-01-16 09:00:00,-1.636,-1.636,0.0,0.0294125056294114,-0.0294125056294114,True
2025-01-16 10:00:00,-1.636,-1.636,0.0,0.0454761584453496,-0.0454761584453496,True
2025-01-16 11:00:00,-1.637,-1.637,0.0,0.0450603157603108,-0.0450603157603108,True
2025-01-16 12:00:00,-1.637,-1.637,0.0,0.0500650537140674,-0.0500650537140674,True
2025-01-16 13:00:00,-1.638,-1.638,0.0,0.0393767243694893,-0.0393767243694893,True
2025-01-16 14:00:00,-1.639,-1.639,0.0,0.0207104170734585,-0.0207104170734585,True
2025-01-16 15:00:00,-1.639,-1.639,0.0,0.0058568575986082,-0.0058568575986082,True
2025-01-16 16:00:00,-1.638,-1.638,0.0,0.0,0.0,True
2025-01-16 17:00:00,-1.638,-1.638,0.0,0.0,0.0,True
2025-01-16 18:00:00,-1.639,-1.639,0.0,0.0,0.0,True
2025-01-16 19:00:00,-1.639,-1.639,0.0,0.0,0.0,True
2025-01-16 20:00:00,-1.639,-1.639,0.0,0.0,0.0,True
2025-01-16 21:00:00,-1.639,-1.639,0.0,0.0,0.0,True
2025-01-16 22:00:00,-1.639,-1.639,0.0,0.0,0.0,True
2025-01-16 23:00:00,-1.64,-1.64,0.0,0.0,0.0,True
2025-01-17 00:00:00,-1.639,-1.639,0.0,0.0,0.0,True
2025-01-17 01:00:00,-1.639,-1.639,0.0,0.0,0.0,True
2025-01-17 02:00:00,-1.638,-1.638,0.0,0.0,0.0,True
2025-01-17 03:00:00,-1.639,-1.639,0.0,0.0,0.0,True
2025-01-17 04:00:00,-1.639,-1.639,0.0,0.0,0.0,True
2025-01-17 05:00:00,-1.637,-1.637,0.0,0.0,0.0,True
2025-01-17 06:00:00,-1.637,-1.637,0.0,0.0,0.0,True
2025-01-17 07:00:00,-1.638,-1.638,0.0,0.0,0.0,True
2025-01-17 08:00:00,-1.638,-1.638,0.0,0.0107052487306234,-0.0107052487306234,True
2025-01-17 09:00:00,-1.638,-1.638,0.0,0.0294394340092143,-0.0294394340092143,True
2025-01-17 10:00:00,-1.64,-1.64,0.0,0.0478109549306476,-0.0478109549306476,True
2025-01-17 11:00:00,-1.639,-1.639,0.0,0.0635062608860304,-0.0635062608860304,True
2025-01-17 12:00:00,-1.639,-1.639,0.0,0.0564141864465184,-0.0564141864465184,True
2025-01-17 13:00:00,-1.639,-1.639,0.0,0.0402958474617989,-0.0402958474617989,True
2025-01-17 14:00:00,-1.638,-1.638,0.0,0.0243589623620676,-0.0243589623620676,True
2025-01-17 15:00:00,-1.639,-1.639,0.0,0.0054131027471261,-0.0054131027471261,True
2025-01-17 16:00:00,-1.639,-1.639,0.0,0.0,0.0,True
2025-01-17 17:00:00,-1.637,-1.637,0.0,0.0,0.0,True
2025-01-17 18:00:00,-1.638,-1.638,0.0,0.0,0.0,True
2025-01-17 19:00:00,-1.638,-1.638,0.0,0.0,0.0,True
2025-01-17 20:00:00,-1.637,-1.637,0.0,0.0,0.0,True
2025-01-17 21:00:00,-1.637,-1.637,0.0,0.0,0.0,True
2025-01-17 22:00:00,-1.637,-1.637,0.0,0.0,0.0,True
2025-01-17 23:00:00,-1.637,-1.637,0.0,0.0,0.0,True
2025-01-18 00:00:00,-1.637,-1.637,0.0,0.0,0.0,True
2025-01-18 01:00:00,-1.636,-1.636,0.0,0.0,0.0,True
2025-01-18 02:00:00,-1.634,-1.634,0.0,0.0,0.0,True
2025-01-18 03:00:00,-1.636,-1.636,0.0,0.0,0.0,True
2025-01-18 04:00:00,-1.636,-1.636,0.0,0.0,0.0,True
2025-01-18 05:00:00,-1.635,-1.635,0.0,0.0,0.0,True
2025-01-18 06:00:00,-1.635,-1.635,0.0,0.0,0.0,True
2025-01-18 07:00:00,-1.635,-1.635,0.0,0.0025355665399698,-0.0025355665399698,True
2025-01-18 08:00:00,-1.636,-1.636,0.0,0.0127279619561527,-0.0127279619561527,True
2025-01-18 09:00:00,-1.635,-1.635,0.0,0.0375828198413549,-0.0375828198413549,True
2025-01-18 10:00:00,-1.635,-1.635,0.0,0.0580875566252667,-0.0580875566252667,True
2025-01-18 11:00:00,-1.634,-1.634,0.0,0.0843355684733467,-0.0843355684733467,True
2025-01-18 12:00:00,-1.633,-1.633,0.0,0.0741130753250622,-0.0741130753250622,True
2025-01-18 13:00:00,-1.632,-1.632,0.0,0.0562237123155644,-0.0562237123155644,True
2025-01-18 14:00:00,-1.634,-1.634,0.0,0.0336146742379904,-0.0336146742379904,True
2025-01-18 15:00:00,-1.633,-1.633,0.0,0.0076969770615304,-0.0076969770615304,True
2025-01-18 16:00:00,-1.634,-1.634,0.0,0.0,0.0,True
2025-01-18 17:00:00,-1.634,-1.634,0.0,0.0,0.0,True
2025-01-18 18:00:00,-1.632,-1.632,0.0,0.0,0.0,True
2025-01-18 19:00:00,-1.633,-1.633,0.0,0.0,0.0,True
2025-01-18 20:00:00,-1.632,-1.632,0.0,0.0,0.0,True
2025-01-18 21:00:00,-1.632,-1.632,0.0,0.0,0.0,True
2025-01-18 22:00:00,-1.631,-1.631,0.0,0.0,0.0,True
2025-01-18 23:00:00,-1.63,-1.63,0.0,0.0,0.0,True
2025-01-19 00:00:00,-1.631,-1.631,0.0,0.0,0.0,True
2025-01-19 01:00:00,-1.63,-1.63,0.0,0.0,0.0,True
2025-01-19 02:00:00,-1.629,-1.629,0.0,0.0,0.0,True
2025-01-19 03:00:00,-1.628,-1.628,0.0,0.0,0.0,True
2025-01-19 04:00:00,-1.629,-1.629,0.0,0.0,0.0,True
2025-01-19 05:00:00,-1.629,-1.629,0.0,0.0,0.0,True
2025-01-19 06:00:00,-1.628,-1.628,0.0,0.0,0.0,True
2025-01-19 07:00:00,-1.627,-1.627,0.0,0.0,0.0,True
2025-01-19 08:00:00,-1.628,-1.628,0.0,0.0101021837609159,-0.0101021837609159,True
2025-01-19 09:00:00,-1.628,-1.628,0.0,0.0229103315210749,-0.0229103315210749,True
2025-01-19 10:00:00,-1.628,-1.628,0.0,0.0357787260189955,-0.0357787260189955,True
2025-01-19 11:00:00,-1.629,-1.629,0.0,0.0357787260189955,-0.0357787260189955,True
2025-01-19 12:00:00,-1.63,-1.63,0.0,0.0381838858684581,-0.0381838858684581,True
2025-01-19 13:00:00,-1.629,-1.629,0.0,0.0281118561577822,-0.0281118561577822,True
2025-01-19 14:00:00,-1.628,-1.628,0.0,0.0152735543473832,-0.0152735543473832,True
2025-01-19 15:00:00,-1.631,-1.631,0.0,0.0050711330799397,-0.0050711330799397,True
2025-01-19 16:00:00,-1.63,-1.63,0.0,0.0,0.0,True
2025-01-19 17:00:00,-1.63,-1.63,0.0,0.0,0.0,True
2025-01-19 18:00:00,-1.631,-1.631,0.0,0.0,0.0,True
2025-01-19 19:00:00,-1.631,-1.631,0.0,0.0,0.0,True
2025-01-19 20:00:00,-1.632,-1.632,0.0,0.0,0.0,True
2025-01-19 21:00:00,-1.633,-1.633,0.0,0.0,0.0,True
2025-01-19 22:00:00,-1.631,-1.631,0.0,0.0,0.0,True
2025-01-19 23:00:00,-1.631,-1.631,0.0,0.0,0.0,True
2025-01-20 00:00:00,-1.631,-1.631,0.0,0.0,0.0,True
2025-01-20 01:00:00,-1.631,-1.631,0.0,0.0,0.0,True
2025-01-20 02:00:00,-1.63,-1.63,0.0,0.0,0.0,True
2025-01-20 03:00:00,-1.631,-1.631,0.0,0.0,0.0,True
2025-01-20 04:00:00,-1.629,-1.629,0.0,0.0,0.0,True
2025-01-20 05:00:00,-1.63,-1.63,0.0,0.0,0.0,True
2025-01-20 06:00:00,-1.63,-1.63,0.0,0.0,0.0,True
2025-01-20 07:00:00,-1.629,-1.629,0.0,0.0,0.0,True
2025-01-20 08:00:00,-1.629,-1.629,0.0,0.0079382826107538,-0.0079382826107538,True
2025-01-20 09:00:00,-1.63,-1.63,0.0,0.0161788177781159,-0.0161788177781159,True
2025-01-20 10:00:00,-1.629,-1.629,0.0,0.0355784808650934,-0.0355784808650934,True
2025-01-20 11:00:00,-1.629,-1.629,0.0,0.0359719254116609,-0.0359719254116609,True
2025-01-20 12:00:00,-1.63,-1.63,0.0,0.0249036406696114,-0.0249036406696114,True
2025-01-20 13:00:00,-1.631,-1.631,0.0,0.0164813621442294,-0.0164813621442294,True
2025-01-20 14:00:00,-1.631,-1.631,0.0,0.0081801596224515,-0.0081801596224515,True
2025-01-20 15:00:00,-1.632,-1.632,0.0,0.0027267198741505,-0.0027267198741505,True
2025-01-20 16:00:00,-1.63,-1.63,0.0,0.0,0.0,True
2025-01-20 17:00:00,-1.631,-1.631,0.0,0.0,0.0,True
2025-01-20 18:00:00,-1.631,-1.631,0.0,0.0,0.0,True
2025-01-20 19:00:00,-1.631,-1.631,0.0,0.0,0.0,True
2025-01-20 20:00:00,-1.632,-1.632,0.0,0.0,0.0,True
2025-01-20 21:00:00,-1.633,-1.633,0.0,0.0,0.0,True
2025-01-20 22:00:00,-1.633,-1.633,0.0,0.0,0.0,True
2025-01-20 23:00:00,-1.632,-1.632,0.0,0.0,0.0,True
2025-01-21 00:00:00,-1.633,-1.633,0.0,0.0,0.0,True
2025-01-21 01:00:00,-1.633,-1.633,0.0,0.0,0.0,True
2025-01-21 02:00:00,-1.632,-1.632,0.0,0.0,0.0,True
2025-01-21 03:00:00,-1.633,-1.633,0.0,0.0,0.0,True
2025-01-21 04:00:00,-1.633,-1.633,0.0,0.0,0.0,True
2025-01-21 05:00:00,-1.632,-1.632,0.0,0.0,0.0,True
2025-01-21 06:00:00,-1.632,-1.632,0.0,0.0,0.0,True
2025-01-21 07:00:00,-1.632,-1.632,0.0,0.0,0.0,True
2025-01-21 08:00:00,-1.632,-1.632,0.0,0.0107858785187439,-0.0107858785187439,True
2025-01-21 09:00:00,-1.632,-1.632,0.0,0.0217330788546915,-0.0217330788546915,True
2025-01-21 10:00:00,-1.633,-1.633,0.0,0.0465257057466606,-0.0465257057466606,True
2025-01-21 11:00:00,-1.633,-1.633,0.0,0.0696812681375495,-0.0696812681375495,True
2025-01-21 12:00:00,-1.634,-1.634,0.0,0.0583203768363527,-0.0583203768363527,True
2025-01-21 13:00:00,-1.632,-1.632,0.0,0.0413547312076309,-0.0413547312076309,True
2025-01-21 14:00:00,-1.634,-1.634,0.0,0.0245404788673547,-0.0245404788673547,True
2025-01-21 15:00:00,-1.636,-1.636,0.0,0.0080591694923597,-0.0080591694923597,True
2025-01-21 16:00:00,-1.635,-1.635,0.0,0.0,0.0,True
2025-01-21 17:00:00,-1.636,-1.636,0.0,0.0,0.0,True
2025-01-21 18:00:00,-1.636,-1.636,0.0,0.0,0.0,True
2025-01-21 19:00:00,-1.635,-1.635,0.0,0.0,0.0,True
2025-01-21 20:00:00,-1.635,-1.635,0.0,0.0,0.0,True
2025-01-21 21:00:00,-1.636,-1.636,0.0,0.0,0.0,True
2025-01-21 22:00:00,-1.634,-1.634,0.0,0.0,0.0,True
2025-01-21 23:00:00,-1.635,-1.635,0.0,0.0,0.0,True
2025-01-22 00:00:00,-1.634,-1.634,0.0,0.0,0.0,True
2025-01-22 01:00:00,-1.632,-1.632,0.0,0.0,0.0,True
2025-01-22 02:00:00,-1.633,-1.633,0.0,0.0,0.0,True
2025-01-22 03:00:00,-1.632,-1.632,0.0,0.0,0.0,True
2025-01-22 04:00:00,-1.632,-1.632,0.0,0.0,0.0,True
2025-01-22 05:00:00,-1.63,-1.63,0.0,0.0,0.0,True
2025-01-22 06:00:00,-1.63,-1.63,0.0,0.0,0.0,True
2025-01-22 07:00:00,-1.628,-1.628,0.0,0.0,0.0,True
2025-01-22 08:00:00,-1.628,-1.628,0.0,0.0247220432163441,-0.0247220432163441,True
2025-01-22 09:00:00,-1.628,-1.628,0.0,0.0387389965971733,-0.0387389965971733,True
2025-01-22 10:00:00,-1.626,-1.626,0.0,0.0917746197317037,-0.0917746197317037,True
2025-01-22 11:00:00,-1.627,-1.627,0.0,0.1112802943735566,-0.1112802943735566,True
2025-01-22 12:00:00,-1.626,-1.626,0.3,0.0673538623839948,0.2326461376160052,True
2025-01-22 13:00:00,-1.624,-1.624,0.4,0.0499544857718612,0.35004551422813884,True
2025-01-22 14:00:00,-1.625,-1.625,0.4,0.0262652016354088,0.3737347983645912,True
2025-01-22 15:00:00,-1.623,-1.623,0.6,0.0058165603478835,0.5941834396521165,True
2025-01-22 16:00:00,-1.622,-1.622,0.1,0.0,0.1,True
2025-01-22 17:00:00,-1.621,-1.621,0.1,0.0,0.1,True
2025-01-22 18:00:00,-1.622,-1.622,0.1,0.0,0.1,True
2025-01-22 19:00:00,-1.621,-1.621,0.0,0.0,0.0,True
2025-01-22 20:00:00,-1.62,-1.62,0.4,0.0,0.4,True
2025-01-22 21:00:00,-1.621,-1.621,0.2,0.0,0.2,True
2025-01-22 22:00:00,-1.619,-1.619,0.5,0.0,0.5,True
2025-01-22 23:00:00,-1.618,-1.618,0.0,0.0,0.0,True
2025-01-23 00:00:00,-1.618,-1.618,0.0,0.0,0.0,True
2025-01-23 01:00:00,-1.619,-1.619,0.0,0.0,0.0,True
2025-01-23 02:00:00,-1.618,-1.618,0.0,0.0,0.0,True
2025-01-23 03:00:00,-1.618,-1.618,0.0,0.0,0.0,True
2025-01-23 04:00:00,-1.619,-1.619,0.1,0.0,0.1,True
2025-01-23 05:00:00,-1.62,-1.62,0.1,0.0,0.1,True
2025-01-23 06:00:00,-1.62,-1.62,0.2,0.0,0.2,True
2025-01-23 07:00:00,-1.621,-1.621,0.0,0.0031290658571292,-0.0031290658571292,True
2025-01-23 08:00:00,-1.623,-1.623,0.0,0.0686198339765461,-0.0686198339765461,True
2025-01-23 09:00:00,-1.623,-1.623,0.0,0.2169730961030913,-0.2169730961030913,True
2025-01-23 10:00:00,-1.624,-1.624,0.0,0.1169386931451848,-0.1169386931451848,True
2025-01-23 11:00:00,-1.625,-1.625,0.0,0.1885255278578616,-0.1885255278578616,True
2025-01-23 12:00:00,-1.627,-1.627,0.0,0.1535986405091486,-0.1535986405091486,True
2025-01-23 13:00:00,-1.627,-1.627,0.0,0.1013097416124172,-0.1013097416124172,True
2025-01-23 14:00:00,-1.626,-1.626,0.0,0.0548845568692666,-0.0548845568692666,True
2025-01-23 15:00:00,-1.626,-1.626,0.2,0.0157948679859984,0.1842051320140016,True
2025-01-23 16:00:00,-1.625,-1.625,0.3,0.0,0.3,True
2025-01-23 17:00:00,-1.627,-1.627,0.0,0.0,0.0,True
2025-01-23 18:00:00,-1.625,-1.625,0.8,0.0,0.8,True
2025-01-23 19:00:00,-1.626,-1.626,0.1,0.0,0.1,True
2025-01-23 20:00:00,-1.624,-1.624,0.2,0.0,0.2,True
2025-01-23 21:00:00,-1.624,-1.624,0.0,0.0,0.0,True
2025-01-23 22:00:00,-1.625,-1.625,0.0,0.0,0.0,True
2025-01-23 23:00:00,-1.625,-1.625,0.0,0.0,0.0,True
2025-01-24 00:00:00,-1.625,-1.625,0.0,0.0,0.0,True
2025-01-24 01:00:00,-1.625,-1.625,0.0,0.0,0.0,True
2025-01-24 02:00:00,-1.626,-1.626,0.0,0.0,0.0,True
2025-01-24 03:00:00,-1.626,-1.626,0.0,0.0,0.0,True
2025-01-24 04:00:00,-1.626,-1.626,0.0,0.0,0.0,True
2025-01-24 05:00:00,-1.626,-1.626,0.1,0.0,0.1,True
2025-01-24 06:00:00,-1.624,-1.624,0.5,0.0,0.5,True
2025-01-24 07:00:00,-1.625,-1.625,0.6,0.0033369215752193,0.5966630784247807,True
2025-01-24 08:00:00,-1.622,-1.622,0.6,0.0135042147481716,0.5864957852518283,True
2025-01-24 09:00:00,-1.62,-1.62,1.3,0.0233584510265356,1.2766415489734644,True
2025-01-24 10:00:00,-1.619,-1.619,0.2,0.0236323758093004,0.17636762419069962,True
2025-01-24 11:00:00,-1.616,-1.616,0.5,0.034052900335097,0.465947099664903,True
2025-01-24 12:00:00,-1.616,-1.616,0.1,0.0378852476046426,0.06211475239535741,True
2025-01-24 13:00:00,-1.613,-1.613,0.0,0.0606717720452441,-0.0606717720452441,True
2025-01-24 14:00:00,-1.615,-1.615,0.0,0.0856542664168152,-0.0856542664168152,True
2025-01-24 15:00:00,-1.616,-1.616,0.0,0.0390485606083955,-0.0390485606083955,True
2025-01-24 16:00:00,-1.614,-1.614,0.0,0.0,0.0,True
2025-01-24 17:00:00,-1.613,-1.613,0.0,0.0,0.0,True
2025-01-24 18:00:00,-1.615,-1.615,0.0,0.0,0.0,True
2025-01-24 19:00:00,-1.616,-1.616,0.0,0.0,0.0,True
2025-01-24 20:00:00,-1.617,-1.617,0.0,0.0,0.0,True
2025-01-24 21:00:00,-1.616,-1.616,0.0,0.0,0.0,True
2025-01-24 22:00:00,-1.616,-1.616,0.0,0.0,0.0,True
2025-01-24 23:00:00,-1.617,-1.617,0.0,0.0,0.0,True
2025-01-25 00:00:00,-1.617,-1.617,0.0,0.0,0.0,True
2025-01-25 01:00:00,-1.616,-1.616,0.0,0.0,0.0,True
2025-01-25 02:00:00,-1.616,-1.616,0.0,0.0,0.0,True
2025-01-25 03:00:00,-1.615,-1.615,0.0,0.0,0.0,True
2025-01-25 04:00:00,-1.617,-1.617,0.0,0.0,0.0,True
2025-01-25 05:00:00,-1.618,-1.618,0.0,0.0,0.0,True
2025-01-25 06:00:00,-1.618,-1.618,0.0,0.0,0.0,True
2025-01-25 07:00:00,-1.618,-1.618,0.0,0.0031589735971996,-0.0031589735971996,True
2025-01-25 08:00:00,-1.617,-1.617,0.0,0.0255900087429917,-0.0255900087429917,True
2025-01-25 09:00:00,-1.618,-1.618,0.1,0.0684218012017148,0.031578198798285204,True
2025-01-25 10:00:00,-1.619,-1.619,0.2,0.0786701370070935,0.12132986299290652,True
2025-01-25 11:00:00,-1.619,-1.619,0.1,0.1107781543265859,-0.010778154326585895,True
2025-01-25 12:00:00,-1.62,-1.62,0.0,0.2861343478127481,-0.2861343478127481,True
2025-01-25 13:00:00,-1.623,-1.623,0.0,0.3127486010582833,-0.3127486010582833,True
2025-01-25 14:00:00,-1.624,-1.624,0.0,0.1641482931268466,-0.1641482931268466,True
2025-01-25 15:00:00,-1.625,-1.625,0.0,0.0338700124047678,-0.0338700124047678,True
2025-01-25 16:00:00,-1.625,-1.625,0.0,0.0,0.0,True
2025-01-25 17:00:00,-1.624,-1.624,0.0,0.0,0.0,True
2025-01-25 18:00:00,-1.624,-1.624,0.0,0.0,0.0,True
2025-01-25 19:00:00,-1.626,-1.626,0.0,0.0,0.0,True
2025-01-25 20:00:00,-1.625,-1.625,0.0,0.0,0.0,True
2025-01-25 21:00:00,-1.627,-1.627,0.0,0.0,0.0,True
2025-01-25 22:00:00,-1.626,-1.626,0.0,0.0,0.0,True
2025-01-25 23:00:00,-1.627,-1.627,0.0,0.0,0.0,True
2025-01-26 00:00:00,-1.625,-1.625,0.0,0.0,0.0,True
2025-01-26 01:00:00,-1.626,-1.626,0.0,0.0,0.0,True
2025-01-26 02:00:00,-1.626,-1.626,0.0,0.0,0.0,True
2025-01-26 03:00:00,-1.626,-1.626,0.0,0.0,0.0,True
2025-01-26 04:00:00,-1.625,-1.625,0.0,0.0,0.0,True
2025-01-26 05:00:00,-1.627,-1.627,0.0,0.0,0.0,True
2025-01-26 06:00:00,-1.626,-1.626,0.0,0.0,0.0,True
2025-01-26 07:00:00,-1.626,-1.626,0.0,0.0028175203106579,-0.0028175203106579,True
2025-01-26 08:00:00,-1.626,-1.626,0.0,0.0614970047853865,-0.0614970047853865,True
2025-01-26 09:00:00,-1.624,-1.624,0.0,0.1992501380953434,-0.1992501380953434,True
2025-01-26 10:00:00,-1.624,-1.624,0.0,0.3056701695318874,-0.3056701695318874,True
2025-01-26 11:00:00,-1.624,-1.624,0.0,0.3580889759480683,-0.3580889759480683,True
2025-01-26 12:00:00,-1.624,-1.624,0.0,0.3064204389283704,-0.3064204389283704,True
2025-01-26 13:00:00,-1.624,-1.624,0.0,0.2169369719926758,-0.2169369719926758,True
2025-01-26 14:00:00,-1.624,-1.624,0.0,0.0926529132279228,-0.0926529132279228,True
2025-01-26 15:00:00,-1.623,-1.623,0.0,0.0325449411154349,-0.0325449411154349,True
2025-01-26 16:00:00,-1.623,-1.623,0.0,0.0,0.0,True
2025-01-26 17:00:00,-1.622,-1.622,0.0,0.0,0.0,True
2025-01-26 18:00:00,-1.619,-1.619,0.2,0.0,0.2,True
2025-01-26 19:00:00,-1.617,-1.617,1.5,0.0,1.5,True
2025-01-26 20:00:00,-1.615,-1.615,1.1,0.0,1.1,True
2025-01-26 21:00:00,-1.61,-1.61,0.1,0.0,0.1,True
2025-01-26 22:00:00,-1.607,-1.607,0.0,0.0,0.0,True
2025-01-26 23:00:00,-1.606,-1.606,0.0,0.0,0.0,True
2025-01-27 00:00:00,-1.604,-1.604,0.0,0.0,0.0,True
2025-01-27 01:00:00,-1.602,-1.602,0.0,0.0,0.0,True
2025-01-27 02:00:00,-1.6,-1.6,2.6,0.0,2.6,True
2025-01-27 03:00:00,-1.597,-1.597,2.3,0.0,2.3,True
2025-01-27 04:00:00,-1.588,-1.588,1.8,0.0,1.8,True
2025-01-27 05:00:00,-1.585,-1.585,0.0,0.0,0.0,True
2025-01-27 06:00:00,-1.583,-1.583,0.0,0.0,0.0,True
2025-01-27 07:00:00,-1.58,-1.58,0.0,0.0070615132048686,-0.0070615132048686,True
2025-01-27 08:00:00,-1.576,-1.576,0.1,0.0743467104421221,0.025653289557877906,True
2025-01-27 09:00:00,-1.566,-1.566,0.0,0.2576474287842158,-0.2576474287842158,True
2025-01-27 10:00:00,-1.561,-1.561,0.0,0.279184223604909,-0.279184223604909,True
2025-01-27 11:00:00,-1.559,-1.559,0.0,0.2610553779162786,-0.2610553779162786,True
2025-01-27 12:00:00,-1.559,-1.559,0.0,0.2435578984983996,-0.2435578984983996,True
2025-01-27 13:00:00,-1.559,-1.559,0.0,0.3333670350749473,-0.3333670350749473,True
2025-01-27 14:00:00,-1.561,-1.561,0.0,0.1839508208470445,-0.1839508208470445,True
2025-01-27 15:00:00,-1.561,-1.561,0.0,0.073944789659147,-0.073944789659147,True
2025-01-27 16:00:00,-1.561,-1.561,0.0,0.0034247248736393,-0.0034247248736393,True
2025-01-27 17:00:00,-1.56,-1.56,0.0,0.0,0.0,True
2025-01-27 18:00:00,-1.56,-1.56,0.0,0.0,0.0,True
2025-01-27 19:00:00,-1.56,-1.56,0.0,0.0,0.0,True
2025-01-27 20:00:00,-1.561,-1.561,0.0,0.0,0.0,True
2025-01-27 21:00:00,-1.563,-1.563,0.0,0.0,0.0,True
2025-01-27 22:00:00,-1.564,-1.564,0.0,0.0,0.0,True
2025-01-27 23:00:00,-1.565,-1.565,0.0,0.0,0.0,True
2025-01-28 00:00:00,-1.562,-1.562,0.0,0.0,0.0,True
2025-01-28 01:00:00,-1.565,-1.565,0.0,0.0,0.0,True
2025-01-28 02:00:00,-1.564,-1.564,0.0,0.0,0.0,True
2025-01-28 03:00:00,-1.565,-1.565,0.0,0.0,0.0,True
2025-01-28 04:00:00,-1.565,-1.565,0.0,0.0,0.0,True
2025-01-28 05:00:00,-1.565,-1.565,0.0,0.0,0.0,True
2025-01-28 06:00:00,-1.566,-1.566,0.0,0.0,0.0,True
2025-01-28 07:00:00,-1.565,-1.565,0.0,0.0033172939975023,-0.0033172939975023,True
2025-01-28 08:00:00,-1.567,-1.567,0.0,0.0266169022177262,-0.0266169022177262,True
2025-01-28 09:00:00,-1.567,-1.567,0.0,0.1545491254427691,-0.1545491254427691,True
2025-01-28 10:00:00,-1.566,-1.566,0.0,0.1859821246046092,-0.1859821246046092,True
2025-01-28 11:00:00,-1.568,-1.568,0.0,0.1423973772828727,-0.1423973772828727,True
2025-01-28 12:00:00,-1.569,-1.569,0.0,0.1117559763115372,-0.1117559763115372,True
2025-01-28 13:00:00,-1.57,-1.57,0.0,0.0873093564933884,-0.0873093564933884,True
2025-01-28 14:00:00,-1.572,-1.572,0.0,0.0972469893639131,-0.0972469893639131,True
2025-01-28 15:00:00,-1.572,-1.572,0.0,0.0204317402010582,-0.0204317402010582,True
2025-01-28 16:00:00,-1.571,-1.571,0.0,0.0,0.0,True
2025-01-28 17:00:00,-1.572,-1.572,0.5,0.0,0.5,True
2025-01-28 18:00:00,-1.572,-1.572,0.7,0.0,0.7,True
2025-01-28 19:00:00,-1.572,-1.572,0.0,0.0,0.0,True
2025-01-28 20:00:00,-1.573,-1.573,0.0,0.0,0.0,True
2025-01-28 21:00:00,-1.574,-1.574,0.0,0.0,0.0,True
2025-01-28 22:00:00,-1.575,-1.575,0.6,0.0,0.6,True
2025-01-28 23:00:00,-1.574,-1.574,0.3,0.0,0.3,True
2025-01-29 00:00:00,-1.574,-1.574,0.6,0.0,0.6,True
2025-01-29 01:00:00,-1.574,-1.574,0.9,0.0,0.9,True
2025-01-29 02:00:00,-1.574,-1.574,0.4,0.0,0.4,True
2025-01-29 03:00:00,-1.575,-1.575,0.6,0.0,0.6,True
2025-01-29 04:00:00,-1.575,-1.575,0.4,0.0,0.4,True
2025-01-29 05:00:00,-1.577,-1.577,0.0,0.0,0.0,True
2025-01-29 06:00:00,-1.578,-1.578,0.1,0.0,0.1,True
2025-01-29 07:00:00,-1.578,-1.578,0.0,0.0033074654010151,-0.0033074654010151,True
2025-01-29 08:00:00,-1.58,-1.58,0.0,0.0365982405493735,-0.0365982405493735,True
2025-01-29 09:00:00,-1.58,-1.58,0.0,0.1040517657142205,-0.1040517657142205,True
2025-01-29 10:00:00,-1.58,-1.58,0.0,0.1211863120148109,-0.1211863120148109,True
2025-01-29 11:00:00,-1.579,-1.579,0.0,0.1218891649750862,-0.1218891649750862,True
2025-01-29 12:00:00,-1.581,-1.581,0.0,0.125995731239859,-0.125995731239859,True
2025-01-29 13:00:00,-1.583,-1.583,0.0,0.150260579188559,-0.150260579188559,True
2025-01-29 14:00:00,-1.583,-1.583,0.0,0.1464274714409172,-0.1464274714409172,True
2025-01-29 15:00:00,-1.584,-1.584,0.0,0.0460289119147236,-0.0460289119147236,True
2025-01-29 16:00:00,-1.585,-1.585,0.0,0.0033074654010151,-0.0033074654010151,True
2025-01-29 17:00:00,-1.585,-1.585,0.0,0.0,0.0,True
2025-01-29 18:00:00,-1.585,-1.585,0.0,0.0,0.0,True
2025-01-29 19:00:00,-1.587,-1.587,0.0,0.0,0.0,True
2025-01-29 20:00:00,-1.586,-1.586,0.0,0.0,0.0,True
2025-01-29 21:00:00,-1.587,-1.587,0.0,0.0,0.0,True
2025-01-29 22:00:00,-1.588,-1.588,0.0,0.0,0.0,True
2025-01-29 23:00:00,-1.589,-1.589,0.0,0.0,0.0,True
2025-01-30 00:00:00,-1.588,-1.588,0.0,0.0,0.0,True
2025-01-30 01:00:00,-1.589,-1.589,0.0,0.0,0.0,True
2025-01-30 02:00:00,-1.589,-1.589,0.0,0.0,0.0,True
2025-01-30 03:00:00,-1.588,-1.588,0.0,0.0,0.0,True
2025-01-30 04:00:00,-1.589,-1.589,0.0,0.0,0.0,True
2025-01-30 05:00:00,-1.59,-1.59,0.0,0.0,0.0,True
2025-01-30 06:00:00,-1.591,-1.591,0.0,0.0,0.0,True
2025-01-30 07:00:00,-1.591,-1.591,0.0,0.0061381595892862,-0.0061381595892862,True
2025-01-30 08:00:00,-1.594,-1.594,0.0,0.0535331896598301,-0.0535331896598301,True
2025-01-30 09:00:00,-1.594,-1.594,0.0,0.1270690593746132,-0.1270690593746132,True
2025-01-30 10:00:00,-1.595,-1.595,0.0,0.1857684638601293,-0.1857684638601293,True
2025-01-30 11:00:00,-1.596,-1.596,0.0,0.1691819938726178,-0.1691819938726178,True
2025-01-30 12:00:00,-1.596,-1.596,0.0,0.1625474058776132,-0.1625474058776132,True
2025-01-30 13:00:00,-1.597,-1.597,0.0,0.1968783729379436,-0.1968783729379436,True
2025-01-30 14:00:00,-1.598,-1.598,0.0,0.1198209635196175,-0.1198209635196175,True
2025-01-30 15:00:00,-1.6,-1.6,0.0,0.0665475088045082,-0.0665475088045082,True
2025-01-30 16:00:00,-1.6,-1.6,0.0,0.0029888036525136,-0.0029888036525136,True
2025-01-30 17:00:00,-1.601,-1.601,0.0,0.0,0.0,True
2025-01-30 18:00:00,-1.603,-1.603,0.0,0.0,0.0,True
2025-01-30 19:00:00,-1.603,-1.603,0.0,0.0,0.0,True
2025-01-30 20:00:00,-1.605,-1.605,0.0,0.0,0.0,True
2025-01-30 21:00:00,-1.606,-1.606,0.0,0.0,0.0,True
2025-01-30 22:00:00,-1.607,-1.607,0.0,0.0,0.0,True
2025-01-30 23:00:00,-1.607,-1.607,0.0,0.0,0.0,True
2025-01-31 00:00:00,-1.607,-1.607,0.0,0.0,0.0,True
2025-01-31 01:00:00,-1.606,-1.606,0.0,0.0,0.0,True
2025-01-31 02:00:00,-1.606,-1.606,0.0,0.0,0.0,True
2025-01-31 03:00:00,-1.607,-1.607,0.0,0.0,0.0,True
2025-01-31 04:00:00,-1.607,-1.607,0.0,0.0,0.0,True
2025-01-31 05:00:00,-1.607,-1.607,0.0,0.0,0.0,True
2025-01-31 06:00:00,-1.607,-1.607,0.0,0.0,0.0,True
2025-01-31 07:00:00,-1.606,-1.606,0.0,0.0135327568678153,-0.0135327568678153,True
2025-01-31 08:00:00,-1.607,-1.607,0.0,0.0914518966563271,-0.0914518966563271,True
2025-01-31 09:00:00,-1.611,-1.611,0.0,0.2103837134189878,-0.2103837134189878,True
2025-01-31 10:00:00,-1.61,-1.61,0.0,0.334574594276501,-0.334574594276501,True
2025-01-31 11:00:00,-1.61,-1.61,0.0,0.3737352164245711,-0.3737352164245711,True
2025-01-31 12:00:00,-1.611,-1.611,0.0,0.3826179693798147,-0.3826179693798147,True
2025-01-31 13:00:00,-1.611,-1.611,0.0,0.3118256357652171,-0.3118256357652171,True
2025-01-31 14:00:00,-1.613,-1.613,0.0,0.2116777856649674,-0.2116777856649674,True
2025-01-31 15:00:00,-1.614,-1.614,0.0,0.046336480510224,-0.046336480510224,True
2025-01-31 16:00:00,-1.615,-1.615,0.0,0.0029284287993041,-0.0029284287993041,True
2025-01-31 17:00:00,-1.616,-1.616,0.0,0.0,0.0,True
2025-01-31 18:00:00,-1.617,-1.617,0.0,0.0,0.0,True
2025-01-31 19:00:00,-1.618,-1.618,0.0,0.0,0.0,True
2025-01-31 20:00:00,-1.619,-1.619,0.0,0.0,0.0,True
2025-01-31 21:00:00,-1.618,-1.618,0.0,0.0,0.0,True
2025-01-31 22:00:00,-1.619,-1.619,0.0,0.0,0.0,True
2025-01-31 23:00:00,-1.619,-1.619,0.0,0.0,0.0,True
2025-02-01 00:00:00,-1.62,-1.62,0.0,0.0,0.0,True
2025-02-01 01:00:00,-1.618,-1.618,0.0,0.0,0.0,True
2025-02-01 02:00:00,-1.621,-1.621,0.0,0.0,0.0,True
2025-02-01 03:00:00,-1.618,-1.618,0.0,0.0,0.0,True
2025-02-01 04:00:00,-1.618,-1.618,0.0,0.0,0.0,True
2025-02-01 05:00:00,-1.621,-1.621,0.0,0.0,0.0,True
2025-02-01 06:00:00,-1.62,-1.62,0.0,0.0,0.0,True
2025-02-01 07:00:00,-1.623,-1.623,0.0,0.0073068928906257,-0.0073068928906257,True
2025-02-01 08:00:00,-1.621,-1.621,0.0,0.1035904023497365,-0.1035904023497365,True
2025-02-01 09:00:00,-1.622,-1.622,0.0,0.2347543868568339,-0.2347543868568339,True
2025-02-01 10:00:00,-1.619,-1.619,0.0,0.3325419399740844,-0.3325419399740844,True
2025-02-01 11:00:00,-1.619,-1.619,0.0,0.3838501311448769,-0.3838501311448769,True
2025-02-01 12:00:00,-1.622,-1.622,0.0,0.3879579718526708,-0.3879579718526708,True
2025-02-01 13:00:00,-1.624,-1.624,0.0,0.3274390747004965,-0.3274390747004965,True
2025-02-01 14:00:00,-1.624,-1.624,0.0,0.2188643908357955,-0.2188643908357955,True
2025-02-01 15:00:00,-1.626,-1.626,0.0,0.0845303616162063,-0.0845303616162063,True
2025-02-01 16:00:00,-1.623,-1.623,0.0,0.0028276094349963,-0.0028276094349963,True
2025-02-01 17:00:00,-1.623,-1.623,0.0,0.0,0.0,True
2025-02-01 18:00:00,-1.623,-1.623,0.0,0.0,0.0,True
2025-02-01 19:00:00,-1.621,-1.621,0.0,0.0,0.0,True
2025-02-01 20:00:00,-1.62,-1.62,0.0,0.0,0.0,True
2025-02-01 21:00:00,-1.621,-1.621,0.0,0.0,0.0,True
2025-02-01 22:00:00,-1.619,-1.619,0.0,0.0,0.0,True
2025-02-01 23:00:00,-1.619,-1.619,0.0,0.0,0.0,True
2025-02-02 00:00:00,-1.618,-1.618,0.0,0.0,0.0,True
2025-02-02 01:00:00,-1.617,-1.617,0.0,0.0,0.0,True
2025-02-02 02:00:00,-1.618,-1.618,0.0,0.0,0.0,True
2025-02-02 03:00:00,-1.618,-1.618,0.0,0.0,0.0,True
2025-02-02 04:00:00,-1.617,-1.617,0.0,0.0,0.0,True
2025-02-02 05:00:00,-1.617,-1.617,0.0,0.0,0.0,True
2025-02-02 06:00:00,-1.618,-1.618,0.0,0.0,0.0,True
2025-02-02 07:00:00,-1.617,-1.617,0.0,0.0260584619012588,-0.0260584619012588,True
2025-02-02 08:00:00,-1.617,-1.617,0.0,0.1614715670031162,-0.1614715670031162,True
2025-02-02 09:00:00,-1.616,-1.616,0.0,0.2965181198709883,-0.2965181198709883,True
2025-02-02 10:00:00,-1.615,-1.615,0.0,0.347784276824939,-0.347784276824939,True
2025-02-02 11:00:00,-1.614,-1.614,0.0,0.370631178632992,-0.370631178632992,True
2025-02-02 12:00:00,-1.615,-1.615,0.0,0.3514114559164947,-0.3514114559164947,True
2025-02-02 13:00:00,-1.616,-1.616,0.0,0.3136148871123727,-0.3136148871123727,True
2025-02-02 14:00:00,-1.617,-1.617,0.0,0.1975539643485814,-0.1975539643485814,True
2025-02-02 15:00:00,-1.617,-1.617,0.0,0.0851309356184702,-0.0851309356184702,True
2025-02-02 16:00:00,-1.618,-1.618,0.0,0.0053727796615731,-0.0053727796615731,True
2025-02-02 17:00:00,-1.617,-1.617,0.0,0.0,0.0,True
2025-02-02 18:00:00,-1.619,-1.619,0.0,0.0,0.0,True
2025-02-02 19:00:00,-1.618,-1.618,0.0,0.0,0.0,True
2025-02-02 20:00:00,-1.619,-1.619,0.0,0.0,0.0,True
2025-02-02 21:00:00,-1.619,-1.619,0.0,0.0,0.0,True
2025-02-02 22:00:00,-1.619,-1.619,0.0,0.0,0.0,True
2025-02-02 23:00:00,-1.619,-1.619,0.0,0.0,0.0,True
2025-02-03 00:00:00,-1.619,-1.619,0.0,0.0,0.0,True
2025-02-03 01:00:00,-1.62,-1.62,0.0,0.0,0.0,True
2025-02-03 02:00:00,-1.619,-1.619,0.0,0.0,0.0,True
2025-02-03 03:00:00,-1.617,-1.617,0.0,0.0,0.0,True
2025-02-03 04:00:00,-1.618,-1.618,0.0,0.0,0.0,True
2025-02-03 05:00:00,-1.62,-1.62,0.0,0.0,0.0,True
2025-02-03 06:00:00,-1.62,-1.62,0.0,0.0,0.0,True
2025-02-03 07:00:00,-1.62,-1.62,0.0,0.0149731063112695,-0.0149731063112695,True
2025-02-03 08:00:00,-1.622,-1.622,0.0,0.0717164323959714,-0.0717164323959714,True
2025-02-03 09:00:00,-1.619,-1.619,0.0,0.2591484683161603,-0.2591484683161603,True
2025-02-03 10:00:00,-1.62,-1.62,0.0,0.2408830722471135,-0.2408830722471135,True
2025-02-03 11:00:00,-1.62,-1.62,0.0,0.2146183058636526,-0.2146183058636526,True
2025-02-03 12:00:00,-1.622,-1.622,0.0,0.3486638691232632,-0.3486638691232632,True
2025-02-03 13:00:00,-1.624,-1.624,0.0,0.2278160319913553,-0.2278160319913553,True
2025-02-03 14:00:00,-1.625,-1.625,0.0,0.0799687773218493,-0.0799687773218493,True
2025-02-03 15:00:00,-1.625,-1.625,0.0,0.0489449945820735,-0.0489449945820735,True
2025-02-03 16:00:00,-1.625,-1.625,0.0,0.0055946815069997,-0.0055946815069997,True
2025-02-03 17:00:00,-1.625,-1.625,0.0,0.0,0.0,True
2025-02-03 18:00:00,-1.626,-1.626,0.0,0.0,0.0,True
2025-02-03 19:00:00,-1.625,-1.625,0.0,0.0,0.0,True
2025-02-03 20:00:00,-1.625,-1.625,0.0,0.0,0.0,True
2025-02-03 21:00:00,-1.626,-1.626,0.0,0.0,0.0,True
2025-02-03 22:00:00,-1.624,-1.624,0.0,0.0,0.0,True
2025-02-03 23:00:00,-1.624,-1.624,0.0,0.0,0.0,True
2025-02-04 00:00:00,-1.624,-1.624,0.0,0.0,0.0,True
2025-02-04 01:00:00,-1.624,-1.624,0.0,0.0,0.0,True
2025-02-04 02:00:00,-1.623,-1.623,0.0,0.0,0.0,True
2025-02-04 03:00:00,-1.623,-1.623,0.0,0.0,0.0,True
2025-02-04 04:00:00,-1.623,-1.623,0.0,0.0,0.0,True
2025-02-04 05:00:00,-1.623,-1.623,0.0,0.0,0.0,True
2025-02-04 06:00:00,-1.624,-1.624,0.0,0.0,0.0,True
2025-02-04 07:00:00,-1.626,-1.626,0.0,0.0086341213630779,-0.0086341213630779,True
2025-02-04 08:00:00,-1.627,-1.627,0.0,0.0376766299893684,-0.0376766299893684,True
2025-02-04 09:00:00,-1.627,-1.627,0.0,0.0910934740545704,-0.0910934740545704,True
2025-02-04 10:00:00,-1.627,-1.627,0.0,0.0953199908825087,-0.0953199908825087,True
2025-02-04 11:00:00,-1.627,-1.627,0.0,0.0908693639295908,-0.0908693639295908,True
2025-02-04 12:00:00,-1.627,-1.627,0.0,0.1060488343273895,-0.1060488343273895,True
2025-02-04 13:00:00,-1.627,-1.627,0.0,0.1084198091828467,-0.1084198091828467,True
2025-02-04 14:00:00,-1.627,-1.627,0.0,0.0979281815131905,-0.0979281815131905,True
2025-02-04 15:00:00,-1.626,-1.626,0.0,0.0497455127809226,-0.0497455127809226,True
2025-02-04 16:00:00,-1.628,-1.628,0.0,0.0091170344216499,-0.0091170344216499,True
2025-02-04 17:00:00,-1.629,-1.629,0.0,0.0,0.0,True
2025-02-04 18:00:00,-1.628,-1.628,0.0,0.0,0.0,True
2025-02-04 19:00:00,-1.628,-1.628,0.0,0.0,0.0,True
2025-02-04 20:00:00,-1.628,-1.628,0.0,0.0,0.0,True
2025-02-04 21:00:00,-1.628,-1.628,0.0,0.0,0.0,True
2025-02-04 22:00:00,-1.63,-1.63,0.0,0.0,0.0,True
2025-02-04 23:00:00,-1.628,-1.628,0.0,0.0,0.0,True
2025-02-05 00:00:00,-1.627,-1.627,0.0,0.0,0.0,True
2025-02-05 01:00:00,-1.631,-1.631,0.0,0.0,0.0,True
2025-02-05 02:00:00,-1.631,-1.631,0.0,0.0,0.0,True
2025-02-05 03:00:00,-1.632,-1.632,0.0,0.0,0.0,True
2025-02-05 04:00:00,-1.634,-1.634,0.0,0.0,0.0,True
2025-02-05 05:00:00,-1.634,-1.634,0.0,0.0,0.0,True
2025-02-05 06:00:00,-1.636,-1.636,0.0,0.0,0.0,True
2025-02-05 07:00:00,-1.639,-1.639,0.0,0.0209919760535612,-0.0209919760535612,True
2025-02-05 08:00:00,-1.638,-1.638,0.0,0.133512840594925,-0.133512840594925,True
2025-02-05 09:00:00,-1.64,-1.64,0.0,0.2928669207024599,-0.2928669207024599,True
2025-02-05 10:00:00,-1.639,-1.639,0.0,0.3879068979306577,-0.3879068979306577,True
2025-02-05 11:00:00,-1.646,-1.646,0.0,0.4435315309864135,-0.4435315309864135,True
2025-02-05 12:00:00,-1.644,-1.644,0.0,0.4132347190769794,-0.4132347190769794,True
2025-02-05 13:00:00,-1.646,-1.646,0.0,0.3666992972722316,-0.3666992972722316,True
2025-02-05 14:00:00,-1.648,-1.648,0.0,0.2369753256789126,-0.2369753256789126,True
2025-02-05 15:00:00,-1.647,-1.647,0.0,0.1061534079200739,-0.1061534079200739,True
2025-02-05 16:00:00,-1.647,-1.647,0.0,0.0061181243227591,-0.0061181243227591,True
2025-02-05 17:00:00,-1.647,-1.647,0.0,0.0,0.0,True
2025-02-05 18:00:00,-1.647,-1.647,0.0,0.0,0.0,True
2025-02-05 19:00:00,-1.647,-1.647,0.0,0.0,0.0,True
2025-02-05 20:00:00,-1.648,-1.648,0.0,0.0,0.0,True
2025-02-05 21:00:00,-1.648,-1.648,0.0,0.0,0.0,True
2025-02-05 22:00:00,-1.649,-1.649,0.0,0.0,0.0,True
2025-02-05 23:00:00,-1.648,-1.648,0.0,0.0,0.0,True
2025-02-06 00:00:00,-1.647,-1.647,0.0,0.0,0.0,True
2025-02-06 01:00:00,-1.647,-1.647,0.0,0.0,0.0,True
2025-02-06 02:00:00,-1.647,-1.647,0.0,0.0,0.0,True
2025-02-06 03:00:00,-1.647,-1.647,0.0,0.0,0.0,True
2025-02-06 04:00:00,-1.647,-1.647,0.0,0.0,0.0,True
2025-02-06 05:00:00,-1.648,-1.648,0.0,0.0,0.0,True
2025-02-06 06:00:00,-1.647,-1.647,0.0,0.0,0.0,True
2025-02-06 07:00:00,-1.646,-1.646,0.0,0.0110279283220349,-0.0110279283220349,True
2025-02-06 08:00:00,-1.646,-1.646,0.0,0.0547022065298998,-0.0547022065298998,True
2025-02-06 09:00:00,-1.647,-1.647,0.0,0.1067274228740342,-0.1067274228740342,True
2025-02-06 10:00:00,-1.648,-1.648,0.0,0.2728569506720979,-0.2728569506720979,True
2025-02-06 11:00:00,-1.647,-1.647,0.0,0.4233555713299348,-0.4233555713299348,True
2025-02-06 12:00:00,-1.647,-1.647,0.0,0.3193017389413358,-0.3193017389413358,True
2025-02-06 13:00:00,-1.649,-1.649,0.0,0.2498712361084998,-0.2498712361084998,True
2025-02-06 14:00:00,-1.648,-1.648,0.0,0.2110481378364962,-0.2110481378364962,True
2025-02-06 15:00:00,-1.647,-1.647,0.0,0.1147974450171318,-0.1147974450171318,True
2025-02-06 16:00:00,-1.646,-1.646,0.0,0.0121159151906121,-0.0121159151906121,True
2025-02-06 17:00:00,-1.645,-1.645,0.0,0.0,0.0,True
2025-02-06 18:00:00,-1.645,-1.645,0.0,0.0,0.0,True
2025-02-06 19:00:00,-1.645,-1.645,0.0,0.0,0.0,True
2025-02-06 20:00:00,-1.642,-1.642,0.0,0.0,0.0,True
2025-02-06 21:00:00,-1.644,-1.644,0.0,0.0,0.0,True
2025-02-06 22:00:00,-1.641,-1.641,0.0,0.0,0.0,True
2025-02-06 23:00:00,-1.64,-1.64,0.0,0.0,0.0,True
2025-02-07 00:00:00,-1.639,-1.639,0.0,0.0,0.0,True
2025-02-07 01:00:00,-1.639,-1.639,0.0,0.0,0.0,True
2025-02-07 02:00:00,-1.636,-1.636,0.0,0.0,0.0,True
2025-02-07 03:00:00,-1.636,-1.636,0.0,0.0,0.0,True
2025-02-07 04:00:00,-1.634,-1.634,0.0,0.0,0.0,True
2025-02-07 05:00:00,-1.634,-1.634,0.0,0.0,0.0,True
2025-02-07 06:00:00,-1.632,-1.632,0.0,0.0,0.0,True
2025-02-07 07:00:00,-1.632,-1.632,0.0,0.0199344975627815,-0.0199344975627815,True
2025-02-07 08:00:00,-1.63,-1.63,0.0,0.0866436700244102,-0.0866436700244102,True
2025-02-07 09:00:00,-1.63,-1.63,0.0,0.094031973217621,-0.094031973217621,True
2025-02-07 10:00:00,-1.629,-1.629,0.0,0.1439449786529917,-0.1439449786529917,True
2025-02-07 11:00:00,-1.629,-1.629,0.0,0.1750986062049987,-0.1750986062049987,True
2025-02-07 12:00:00,-1.629,-1.629,0.0,0.1823406884329994,-0.1823406884329994,True
2025-02-07 13:00:00,-1.629,-1.629,0.0,0.1332750670967332,-0.1332750670967332,True
2025-02-07 14:00:00,-1.627,-1.627,0.0,0.0774474925920383,-0.0774474925920383,True
2025-02-07 15:00:00,-1.625,-1.625,0.0,0.0383313662168889,-0.0383313662168889,True
2025-02-07 16:00:00,-1.625,-1.625,0.0,0.0058367114745353,-0.0058367114745353,True
2025-02-07 17:00:00,-1.625,-1.625,0.0,0.0,0.0,True
2025-02-07 18:00:00,-1.626,-1.626,0.0,0.0,0.0,True
2025-02-07 19:00:00,-1.623,-1.623,0.0,0.0,0.0,True
2025-02-07 20:00:00,-1.623,-1.623,0.0,0.0,0.0,True
2025-02-07 21:00:00,-1.624,-1.624,0.0,0.0,0.0,True
2025-02-07 22:00:00,-1.624,-1.624,0.0,0.0,0.0,True
2025-02-07 23:00:00,-1.622,-1.622,0.0,0.0,0.0,True
2025-02-08 00:00:00,-1.626,-1.626,0.0,0.0,0.0,True
2025-02-08 01:00:00,-1.624,-1.624,0.0,0.0,0.0,True
2025-02-08 02:00:00,-1.624,-1.624,0.0,0.0,0.0,True
2025-02-08 03:00:00,-1.623,-1.623,0.0,0.0,0.0,True
2025-02-08 04:00:00,-1.624,-1.624,0.0,0.0,0.0,True
2025-02-08 05:00:00,-1.623,-1.623,0.0,0.0,0.0,True
2025-02-08 06:00:00,-1.623,-1.623,0.0,0.0,0.0,True
2025-02-08 07:00:00,-1.623,-1.623,0.0,0.0028477853661116,-0.0028477853661116,True
2025-02-08 08:00:00,-1.622,-1.622,0.0,0.0200051023935715,-0.0200051023935715,True
2025-02-08 09:00:00,-1.623,-1.623,0.0,0.0693149360195281,-0.0693149360195281,True
2025-02-08 10:00:00,-1.623,-1.623,0.0,0.1175399665220263,-0.1175399665220263,True
2025-02-08 11:00:00,-1.622,-1.622,0.0,0.1590712323917392,-0.1590712323917392,True
2025-02-08 12:00:00,-1.624,-1.624,0.0,0.2340109947965779,-0.2340109947965779,True
2025-02-08 13:00:00,-1.625,-1.625,0.0,0.1989820511236906,-0.1989820511236906,True
2025-02-08 14:00:00,-1.627,-1.627,0.0,0.0916102343187911,-0.0916102343187911,True
2025-02-08 15:00:00,-1.626,-1.626,0.0,0.0644506756875052,-0.0644506756875052,True
2025-02-08 16:00:00,-1.629,-1.629,0.0,0.0151448939882651,-0.0151448939882651,True
2025-02-08 17:00:00,-1.629,-1.629,0.0,0.0,0.0,True
2025-02-08 18:00:00,-1.631,-1.631,0.0,0.0,0.0,True
2025-02-08 19:00:00,-1.632,-1.632,0.0,0.0,0.0,True
2025-02-08 20:00:00,-1.632,-1.632,0.0,0.0,0.0,True
2025-02-08 21:00:00,-1.633,-1.633,0.0,0.0,0.0,True
2025-02-08 22:00:00,-1.634,-1.634,0.0,0.0,0.0,True
2025-02-08 23:00:00,-1.635,-1.635,0.0,0.0,0.0,True
2025-02-09 00:00:00,-1.636,-1.636,0.0,0.0,0.0,True
2025-02-09 01:00:00,-1.636,-1.636,0.0,0.0,0.0,True
2025-02-09 02:00:00,-1.637,-1.637,0.0,0.0,0.0,True
2025-02-09 03:00:00,-1.637,-1.637,0.0,0.0,0.0,True
2025-02-09 04:00:00,-1.637,-1.637,0.0,0.0,0.0,True
2025-02-09 05:00:00,-1.637,-1.637,0.0,0.0,0.0,True
2025-02-09 06:00:00,-1.638,-1.638,0.0,0.0,0.0,True
2025-02-09 07:00:00,-1.638,-1.638,0.0,0.014440611670735,-0.014440611670735,True
2025-02-09 08:00:00,-1.638,-1.638,0.0,0.0504677657519207,-0.0504677657519207,True
2025-02-09 09:00:00,-1.639,-1.639,0.0,0.1233648889534068,-0.1233648889534068,True
2025-02-09 10:00:00,-1.639,-1.639,0.0,0.1328334253968956,-0.1328334253968956,True
2025-02-09 11:00:00,-1.641,-1.641,0.0,0.1514489398826514,-0.1514489398826514,True
2025-02-09 12:00:00,-1.643,-1.643,0.0,0.1693500620238393,-0.1693500620238393,True
2025-02-09 13:00:00,-1.643,-1.643,0.0,0.1263589438879878,-0.1263589438879878,True
2025-02-09 14:00:00,-1.643,-1.643,0.0,0.0944703346938178,-0.0944703346938178,True
2025-02-09 15:00:00,-1.643,-1.643,0.0,0.043107288515159,-0.043107288515159,True
2025-02-09 16:00:00,-1.645,-1.645,0.0,0.006057957595306,-0.006057957595306,True
2025-02-09 17:00:00,-1.645,-1.645,0.0,0.0,0.0,True
2025-02-09 18:00:00,-1.646,-1.646,0.0,0.0,0.0,True
2025-02-09 19:00:00,-1.644,-1.644,0.0,0.0,0.0,True
2025-02-09 20:00:00,-1.645,-1.645,0.0,0.0,0.0,True
2025-02-09 21:00:00,-1.644,-1.644,0.0,0.0,0.0,True
2025-02-09 22:00:00,-1.644,-1.644,0.0,0.0,0.0,True
2025-02-09 23:00:00,-1.644,-1.644,0.0,0.0,0.0,True
2025-02-10 00:00:00,-1.642,-1.642,0.0,0.0,0.0,True
2025-02-10 01:00:00,-1.643,-1.643,0.0,0.0,0.0,True
2025-02-10 02:00:00,-1.643,-1.643,0.0,0.0,0.0,True
2025-02-10 03:00:00,-1.642,-1.642,0.0,0.0,0.0,True
2025-02-10 04:00:00,-1.642,-1.642,0.0,0.0,0.0,True
2025-02-10 05:00:00,-1.641,-1.641,0.0,0.0,0.0,True
2025-02-10 06:00:00,-1.641,-1.641,0.0,0.0,0.0,True
2025-02-10 07:00:00,-1.64,-1.64,0.0,0.0057359137332314,-0.0057359137332314,True
2025-02-10 08:00:00,-1.642,-1.642,0.0,0.0375455903439111,-0.0375455903439111,True
2025-02-10 09:00:00,-1.639,-1.639,0.0,0.0750911806878222,-0.0750911806878222,True
2025-02-10 10:00:00,-1.639,-1.639,0.0,0.1284076524397767,-0.1284076524397767,True
2025-02-10 11:00:00,-1.638,-1.638,0.0,0.1076063664358456,-0.1076063664358456,True
2025-02-10 12:00:00,-1.637,-1.637,0.0,0.1057859698698237,-0.1057859698698237,True
2025-02-10 13:00:00,-1.637,-1.637,0.0,0.1246850683282746,-0.1246850683282746,True
2025-02-10 14:00:00,-1.637,-1.637,0.0,0.0637604507512388,-0.0637604507512388,True
2025-02-10 15:00:00,-1.637,-1.637,0.2,0.0201462831805152,0.1798537168194848,True
2025-02-10 16:00:00,-1.637,-1.637,0.1,0.002888122334147,0.09711187766585301,True
2025-02-10 17:00:00,-1.636,-1.636,0.0,0.0,0.0,True
2025-02-10 18:00:00,-1.637,-1.637,0.0,0.0,0.0,True
2025-02-10 19:00:00,-1.635,-1.635,0.1,0.0,0.1,True
2025-02-10 20:00:00,-1.637,-1.637,0.3,0.0,0.3,True
2025-02-10 21:00:00,-1.633,-1.633,0.4,0.0,0.4,True
2025-02-10 22:00:00,-1.631,-1.631,0.0,0.0,0.0,True
2025-02-10 23:00:00,-1.631,-1.631,0.0,0.0,0.0,True
2025-02-11 00:00:00,-1.63,-1.63,0.7,0.0,0.7,True
2025-02-11 01:00:00,-1.629,-1.629,1.3,0.0,1.3,True
2025-02-11 02:00:00,-1.629,-1.629,2.0,0.0,2.0,True
2025-02-11 03:00:00,-1.628,-1.628,0.6,0.0,0.6,True
2025-02-11 04:00:00,-1.626,-1.626,0.0,0.0,0.0,True
2025-02-11 05:00:00,-1.625,-1.625,0.0,0.0,0.0,True
2025-02-11 06:00:00,-1.624,-1.624,0.0,0.0,0.0,True
2025-02-11 07:00:00,-1.623,-1.623,0.7,0.0028276094349963,0.6971723905650037,True
2025-02-11 08:00:00,-1.623,-1.623,0.2,0.0113104377399855,0.18868956226001452,True
2025-02-11 09:00:00,-1.622,-1.622,0.1,0.0200051023935715,0.0799948976064285,True
2025-02-11 10:00:00,-1.621,-1.621,0.0,0.0433218350122051,-0.0433218350122051,True
2025-02-11 11:00:00,-1.622,-1.622,0.0,0.0319910819133595,-0.0319910819133595,True
2025-02-11 12:00:00,-1.623,-1.623,0.2,0.0352619899566079,0.1647380100433921,True
2025-02-11 13:00:00,-1.622,-1.622,0.0,0.0204990015951288,-0.0204990015951288,True
2025-02-11 14:00:00,-1.623,-1.623,0.6,0.023588533056547,0.576411466943453,True
2025-02-11 15:00:00,-1.624,-1.624,1.0,0.0236690480839526,0.9763309519160474,True
2025-02-11 16:00:00,-1.625,-1.625,0.6,0.0059172620209881,0.5940827379790119,True
2025-02-11 17:00:00,-1.623,-1.623,0.7,0.0,0.7,True
2025-02-11 18:00:00,-1.625,-1.625,0.6,0.0,0.6,True
2025-02-11 19:00:00,-1.622,-1.622,0.9,0.0,0.9,True
2025-02-11 20:00:00,-1.622,-1.622,0.4,0.0,0.4,True
2025-02-11 21:00:00,-1.62,-1.62,0.2,0.0,0.2,True
2025-02-11 22:00:00,-1.618,-1.618,0.3,0.0,0.3,True
2025-02-11 23:00:00,-1.618,-1.618,0.2,0.0,0.2,True
2025-02-12 00:00:00,-1.618,-1.618,0.7,0.0,0.7,True
2025-02-12 01:00:00,-1.616,-1.616,0.6,0.0,0.6,True
2025-02-12 02:00:00,-1.616,-1.616,0.2,0.0,0.2,True
2025-02-12 03:00:00,-1.616,-1.616,0.4,0.0,0.4,True
2025-02-12 04:00:00,-1.615,-1.615,0.6,0.0,0.6,True
2025-02-12 05:00:00,-1.612,-1.612,0.4,0.0,0.4,True
2025-02-12 06:00:00,-1.608,-1.608,0.2,0.0,0.2,True
2025-02-12 07:00:00,-1.605,-1.605,0.0,0.0027973407534998,-0.0027973407534998,True
2025-02-12 08:00:00,-1.598,-1.598,0.0,0.0139867037674994,-0.0139867037674994,True
2025-02-12 09:00:00,-1.59,-1.59,0.2,0.0280743068275291,0.17192569317247092,True
2025-02-12 10:00:00,-1.584,-1.584,0.1,0.056955707322233,0.04304429267776701,True
2025-02-12 11:00:00,-1.583,-1.583,0.0,0.0628731789512248,-0.0628731789512248,True
2025-02-12 12:00:00,-1.582,-1.582,0.0,0.0756152845224861,-0.0756152845224861,True
2025-02-12 13:00:00,-1.579,-1.579,0.0,0.0610738836527772,-0.0610738836527772,True
2025-02-12 14:00:00,-1.58,-1.58,0.0,0.0254484849149675,-0.0254484849149675,True
2025-02-12 15:00:00,-1.579,-1.579,0.0,0.0196520147792703,-0.0196520147792703,True
2025-02-12 16:00:00,-1.579,-1.579,0.0,0.0055745014510039,-0.0055745014510039,True
2025-02-12 17:00:00,-1.581,-1.581,0.0,0.0,0.0,True
2025-02-12 18:00:00,-1.58,-1.58,0.0,0.0,0.0,True
2025-02-12 19:00:00,-1.581,-1.581,0.0,0.0,0.0,True
2025-02-12 20:00:00,-1.581,-1.581,0.0,0.0,0.0,True
2025-02-12 21:00:00,-1.581,-1.581,0.0,0.0,0.0,True
2025-02-12 22:00:00,-1.583,-1.583,0.0,0.0,0.0,True
2025-02-12 23:00:00,-1.585,-1.585,0.0,0.0,0.0,True
2025-02-13 00:00:00,-1.584,-1.584,0.0,0.0,0.0,True
2025-02-13 01:00:00,-1.584,-1.584,0.0,0.0,0.0,True
2025-02-13 02:00:00,-1.584,-1.584,0.0,0.0,0.0,True
2025-02-13 03:00:00,-1.584,-1.584,0.0,0.0,0.0,True
2025-02-13 04:00:00,-1.585,-1.585,0.0,0.0,0.0,True
2025-02-13 05:00:00,-1.586,-1.586,0.0,0.0,0.0,True
2025-02-13 06:00:00,-1.586,-1.586,0.0,0.0,0.0,True
2025-02-13 07:00:00,-1.586,-1.586,0.0,0.0129287208607655,-0.0129287208607655,True
2025-02-13 08:00:00,-1.589,-1.589,0.0,0.0340067390854948,-0.0340067390854948,True
2025-02-13 09:00:00,-1.589,-1.589,0.0,0.0453260271517247,-0.0453260271517247,True
2025-02-13 10:00:00,-1.59,-1.59,0.0,0.090980408656788,-0.090980408656788,True
2025-02-13 11:00:00,-1.591,-1.591,0.0,0.1702618712369404,-0.1702618712369404,True
2025-02-13 12:00:00,-1.59,-1.59,0.0,0.1403715341376456,-0.1403715341376456,True
2025-02-13 13:00:00,-1.59,-1.59,0.0,0.1207195193583752,-0.1207195193583752,True
2025-02-13 14:00:00,-1.593,-1.593,0.0,0.073255528077108,-0.073255528077108,True
2025-02-13 15:00:00,-1.595,-1.595,0.0,0.0559468150699978,-0.0559468150699978,True
2025-02-13 16:00:00,-1.595,-1.595,0.0,0.0136335993707526,-0.0136335993707526,True
2025-02-13 17:00:00,-1.596,-1.596,0.0,0.0,0.0,True
2025-02-13 18:00:00,-1.595,-1.595,0.0,0.0,0.0,True
2025-02-13 19:00:00,-1.597,-1.597,0.0,0.0,0.0,True
2025-02-13 20:00:00,-1.596,-1.596,0.0,0.0,0.0,True
2025-02-13 21:00:00,-1.599,-1.599,0.0,0.0,0.0,True
2025-02-13 22:00:00,-1.6,-1.6,0.0,0.0,0.0,True
2025-02-13 23:00:00,-1.601,-1.601,0.0,0.0,0.0,True
2025-02-14 00:00:00,-1.6,-1.6,0.0,0.0,0.0,True
2025-02-14 01:00:00,-1.6,-1.6,0.0,0.0,0.0,True
2025-02-14 02:00:00,-1.602,-1.602,0.0,0.0,0.0,True
2025-02-14 03:00:00,-1.603,-1.603,0.0,0.0,0.0,True
2025-02-14 04:00:00,-1.606,-1.606,0.0,0.0,0.0,True
2025-02-14 05:00:00,-1.605,-1.605,0.0,0.0,0.0,True
2025-02-14 06:00:00,-1.603,-1.603,0.0,0.0,0.0,True
2025-02-14 07:00:00,-1.604,-1.604,0.0,0.0076969770615304,-0.0076969770615304,True
2025-02-14 08:00:00,-1.604,-1.604,0.0,0.0183817439317298,-0.0183817439317298,True
2025-02-14 09:00:00,-1.606,-1.606,0.0,0.0458399837046617,-0.0458399837046617,True
2025-02-14 10:00:00,-1.607,-1.607,0.0,0.0774779931943467,-0.0774779931943467,True
2025-02-14 11:00:00,-1.607,-1.607,0.0,0.0923122448654963,-0.0923122448654963,True
2025-02-14 12:00:00,-1.608,-1.608,0.0,0.107065771805004,-0.107065771805004,True
2025-02-14 13:00:00,-1.608,-1.608,0.0,0.1674241733829914,-0.1674241733829914,True
2025-02-14 14:00:00,-1.607,-1.607,0.0,0.1428935885255111,-0.1428935885255111,True
2025-02-14 15:00:00,-1.608,-1.608,0.0,0.0729931977515757,-0.0729931977515757,True
2025-02-14 16:00:00,-1.609,-1.609,0.0,0.0188047288155061,-0.0188047288155061,True
2025-02-14 17:00:00,-1.609,-1.609,0.0,0.0,0.0,True
2025-02-14 18:00:00,-1.609,-1.609,0.0,0.0,0.0,True
2025-02-14 19:00:00,-1.611,-1.611,0.0,0.0,0.0,True
2025-02-14 20:00:00,-1.612,-1.612,0.0,0.0,0.0,True
2025-02-14 21:00:00,-1.611,-1.611,0.0,0.0,0.0,True
2025-02-14 22:00:00,-1.612,-1.612,0.0,0.0,0.0,True
2025-02-14 23:00:00,-1.612,-1.612,0.0,0.0,0.0,True
2025-02-15 00:00:00,-1.612,-1.612,0.0,0.0,0.0,True
2025-02-15 01:00:00,-1.611,-1.611,0.0,0.0,0.0,True
2025-02-15 02:00:00,-1.61,-1.61,0.0,0.0,0.0,True
2025-02-15 03:00:00,-1.611,-1.611,0.0,0.0,0.0,True
2025-02-15 04:00:00,-1.609,-1.609,0.0,0.0,0.0,True
2025-02-15 05:00:00,-1.61,-1.61,0.0,0.0,0.0,True
2025-02-15 06:00:00,-1.608,-1.608,0.0,0.0,0.0,True
2025-02-15 07:00:00,-1.609,-1.609,0.0,0.0136335993707526,-0.0136335993707526,True
2025-02-15 08:00:00,-1.608,-1.608,0.0,0.0501705130590356,-0.0501705130590356,True
2025-02-15 09:00:00,-1.608,-1.608,0.0,0.0786080591170815,-0.0786080591170815,True
2025-02-15 10:00:00,-1.608,-1.608,0.0,0.1357417497049093,-0.1357417497049093,True
2025-02-15 11:00:00,-1.607,-1.607,0.0,0.1721829884987915,-0.1721829884987915,True
2025-02-15 12:00:00,-1.609,-1.609,0.0,0.1622993291849715,-0.1622993291849715,True
2025-02-15 13:00:00,-1.609,-1.609,0.0,0.1899506699877155,-0.1899506699877155,True
2025-02-15 14:00:00,-1.609,-1.609,0.0,0.0946425765983195,-0.0946425765983195,True
2025-02-15 15:00:00,-1.612,-1.612,0.0,0.0367589226549531,-0.0367589226549531,True
2025-02-15 16:00:00,-1.612,-1.612,0.0,0.013684031101959,-0.013684031101959,True
2025-02-15 17:00:00,-1.611,-1.611,0.0,0.0,0.0,True
2025-02-15 18:00:00,-1.611,-1.611,0.0,0.0,0.0,True
2025-02-15 19:00:00,-1.61,-1.61,0.0,0.0,0.0,True
2025-02-15 20:00:00,-1.611,-1.611,0.0,0.0,0.0,True
2025-02-15 21:00:00,-1.61,-1.61,0.0,0.0,0.0,True
2025-02-15 22:00:00,-1.611,-1.611,0.0,0.0,0.0,True
2025-02-15 23:00:00,-1.612,-1.612,0.0,0.0,0.0,True
2025-02-16 00:00:00,-1.612,-1.612,0.0,0.0,0.0,True
2025-02-16 01:00:00,-1.611,-1.611,0.0,0.0,0.0,True
2025-02-16 02:00:00,-1.611,-1.611,0.0,0.0,0.0,True
2025-02-16 03:00:00,-1.611,-1.611,0.0,0.0,0.0,True
2025-02-16 04:00:00,-1.611,-1.611,0.0,0.0,0.0,True
2025-02-16 05:00:00,-1.611,-1.611,0.0,0.0,0.0,True
2025-02-16 06:00:00,-1.612,-1.612,0.0,0.0,0.0,True
2025-02-16 07:00:00,-1.611,-1.611,0.0,0.0517148834430622,-0.0517148834430622,True
2025-02-16 08:00:00,-1.612,-1.612,0.0,0.1732192879080366,-0.1732192879080366,True
2025-02-16 09:00:00,-1.611,-1.611,0.0,0.2685447123359894,-0.2685447123359894,True
2025-02-16 10:00:00,-1.61,-1.61,0.0,0.301474673240406,-0.301474673240406,True
2025-02-16 11:00:00,-1.611,-1.611,0.0,0.4231375368036758,-0.4231375368036758,True
2025-02-16 12:00:00,-1.613,-1.613,0.0,0.4495903719467508,-0.4495903719467508,True
2025-02-16 13:00:00,-1.614,-1.614,0.0,0.3722598622645472,-0.3722598622645472,True
2025-02-16 14:00:00,-1.617,-1.617,0.0,0.258836935480818,-0.258836935480818,True
2025-02-16 15:00:00,-1.617,-1.617,0.0,0.151056400688994,-0.151056400688994,True
2025-02-16 16:00:00,-1.617,-1.617,0.0,0.0262596341881855,-0.0262596341881855,True
2025-02-16 17:00:00,-1.617,-1.617,0.0,0.0,0.0,True
2025-02-16 18:00:00,-1.621,-1.621,0.0,0.0,0.0,True
2025-02-16 19:00:00,-1.619,-1.619,0.0,0.0,0.0,True
2025-02-16 20:00:00,-1.619,-1.619,0.0,0.0,0.0,True
2025-02-16 21:00:00,-1.619,-1.619,0.0,0.0,0.0,True
2025-02-16 22:00:00,-1.62,-1.62,0.0,0.0,0.0,True
2025-02-16 23:00:00,-1.62,-1.62,0.0,0.0,0.0,True
2025-02-17 00:00:00,-1.62,-1.62,0.0,0.0,0.0,True
2025-02-17 01:00:00,-1.621,-1.621,0.0,0.0,0.0,True
2025-02-17 02:00:00,-1.621,-1.621,0.0,0.0,0.0,True
2025-02-17 03:00:00,-1.621,-1.621,0.0,0.0,0.0,True
2025-02-17 04:00:00,-1.622,-1.622,0.0,0.0,0.0,True
2025-02-17 05:00:00,-1.621,-1.621,0.0,0.0,0.0,True
2025-02-17 06:00:00,-1.62,-1.62,0.0,0.0,0.0,True
2025-02-17 07:00:00,-1.621,-1.621,0.0,0.0486505233438142,-0.0486505233438142,True
2025-02-17 08:00:00,-1.621,-1.621,0.0,0.1972435362250196,-0.1972435362250196,True
2025-02-17 09:00:00,-1.621,-1.621,0.0,0.1509318479333646,-0.1509318479333646,True
2025-02-17 10:00:00,-1.617,-1.617,0.0,0.4325704675608967,-0.4325704675608967,True
2025-02-17 11:00:00,-1.616,-1.616,0.0,0.5023548983570932,-0.5023548983570932,True
2025-02-17 12:00:00,-1.616,-1.616,0.0,0.4944408643268828,-0.4944408643268828,True
2025-02-17 13:00:00,-1.617,-1.617,0.0,0.426941770381121,-0.426941770381121,True
2025-02-17 14:00:00,-1.618,-1.618,0.0,0.2944857464082573,-0.2944857464082573,True
2025-02-17 15:00:00,-1.618,-1.618,0.0,0.1542734282930951,-0.1542734282930951,True
2025-02-17 16:00:00,-1.619,-1.619,0.0,0.0262596341881855,-0.0262596341881855,True
2025-02-17 17:00:00,-1.621,-1.621,0.0,0.0,0.0,True
2025-02-17 18:00:00,-1.623,-1.623,0.0,0.0,0.0,True
2025-02-17 19:00:00,-1.625,-1.625,0.0,0.0,0.0,True
2025-02-17 20:00:00,-1.624,-1.624,0.0,0.0,0.0,True
2025-02-17 21:00:00,-1.624,-1.624,0.0,0.0,0.0,True
2025-02-17 22:00:00,-1.626,-1.626,0.0,0.0,0.0,True
2025-02-17 23:00:00,-1.625,-1.625,0.0,0.0,0.0,True
2025-02-18 00:00:00,-1.626,-1.626,0.0,0.0,0.0,True
2025-02-18 01:00:00,-1.625,-1.625,0.0,0.0,0.0,True
2025-02-18 02:00:00,-1.626,-1.626,0.0,0.0,0.0,True
2025-02-18 03:00:00,-1.627,-1.627,0.0,0.0,0.0,True
2025-02-18 04:00:00,-1.626,-1.626,0.0,0.0,0.0,True
2025-02-18 05:00:00,-1.626,-1.626,0.0,0.0,0.0,True
2025-02-18 06:00:00,-1.627,-1.627,0.0,0.0,0.0,True
2025-02-18 07:00:00,-1.627,-1.627,0.0,0.0538030900573027,-0.0538030900573027,True
2025-02-18 08:00:00,-1.627,-1.627,0.0,0.1701225499940794,-0.1701225499940794,True
2025-02-18 09:00:00,-1.626,-1.626,0.0,0.2844890199141219,-0.2844890199141219,True
2025-02-18 10:00:00,-1.624,-1.624,0.0,0.3668892399329534,-0.3668892399329534,True
2025-02-18 11:00:00,-1.623,-1.623,0.0,0.4164923007687647,-0.4164923007687647,True
2025-02-18 12:00:00,-1.622,-1.622,0.0,0.4314351407497579,-0.4314351407497579,True
2025-02-18 13:00:00,-1.622,-1.622,0.0,0.3790887524151965,-0.3790887524151965,True
2025-02-18 14:00:00,-1.624,-1.624,0.0,0.1977763457307531,-0.1977763457307531,True
2025-02-18 15:00:00,-1.625,-1.625,0.0,0.1319492420893869,-0.1319492420893869,True
2025-02-18 16:00:00,-1.623,-1.623,0.0,0.0460113733505722,-0.0460113733505722,True
2025-02-18 17:00:00,-1.624,-1.624,0.0,0.0,0.0,True
2025-02-18 18:00:00,-1.625,-1.625,0.0,0.0,0.0,True
2025-02-18 19:00:00,-1.625,-1.625,0.0,0.0,0.0,True
2025-02-18 20:00:00,-1.624,-1.624,0.0,0.0,0.0,True
2025-02-18 21:00:00,-1.624,-1.624,0.0,0.0,0.0,True
2025-02-18 22:00:00,-1.626,-1.626,0.0,0.0,0.0,True
2025-02-18 23:00:00,-1.624,-1.624,0.0,0.0,0.0,True
2025-02-19 00:00:00,-1.624,-1.624,0.0,0.0,0.0,True
2025-02-19 01:00:00,-1.625,-1.625,0.0,0.0,0.0,True
2025-02-19 02:00:00,-1.624,-1.624,0.0,0.0,0.0,True
2025-02-19 03:00:00,-1.624,-1.624,0.0,0.0,0.0,True
2025-02-19 04:00:00,-1.624,-1.624,0.0,0.0,0.0,True
2025-02-19 05:00:00,-1.623,-1.623,0.0,0.0,0.0,True
2025-02-19 06:00:00,-1.623,-1.623,0.0,0.0024855201928565,-0.0024855201928565,True
2025-02-19 07:00:00,-1.626,-1.626,0.0,0.0606131025654957,-0.0606131025654957,True
2025-02-19 08:00:00,-1.623,-1.623,0.0,0.1642021773126505,-0.1642021773126505,True
2025-02-19 09:00:00,-1.621,-1.621,0.0,0.2310862821647969,-0.2310862821647969,True
2025-02-19 10:00:00,-1.622,-1.622,0.0,0.2271549162925195,-0.2271549162925195,True
2025-02-19 11:00:00,-1.621,-1.621,0.0,0.2479417873379039,-0.2479417873379039,True
2025-02-19 12:00:00,-1.623,-1.623,0.0,0.3093457081503712,-0.3093457081503712,True
2025-02-19 13:00:00,-1.623,-1.623,0.0,0.2860109633106328,-0.2860109633106328,True
2025-02-19 14:00:00,-1.624,-1.624,0.0,0.3099166722488026,-0.3099166722488026,True
2025-02-19 15:00:00,-1.625,-1.625,0.0,0.1362155084231011,-0.1362155084231011,True
2025-02-19 16:00:00,-1.626,-1.626,0.0,0.0228629741640817,-0.0228629741640817,True
2025-02-19 17:00:00,-1.626,-1.626,0.0,0.0,0.0,True
2025-02-19 18:00:00,-1.626,-1.626,0.0,0.0,0.0,True
2025-02-19 19:00:00,-1.626,-1.626,0.0,0.0,0.0,True
2025-02-19 20:00:00,-1.626,-1.626,0.0,0.0,0.0,True
2025-02-19 21:00:00,-1.626,-1.626,0.0,0.0,0.0,True
2025-02-19 22:00:00,-1.626,-1.626,0.0,0.0,0.0,True
2025-02-19 23:00:00,-1.628,-1.628,0.0,0.0,0.0,True
2025-02-20 00:00:00,-1.625,-1.625,0.0,0.0,0.0,True
2025-02-20 01:00:00,-1.626,-1.626,0.0,0.0,0.0,True
2025-02-20 02:00:00,-1.626,-1.626,0.0,0.0,0.0,True
2025-02-20 03:00:00,-1.625,-1.625,0.0,0.0,0.0,True
2025-02-20 04:00:00,-1.625,-1.625,0.0,0.0,0.0,True
2025-02-20 05:00:00,-1.624,-1.624,0.0,0.0,0.0,True
2025-02-20 06:00:00,-1.625,-1.625,0.0,0.0,0.0,True
2025-02-20 07:00:00,-1.625,-1.625,0.5,0.0169656566099783,0.4830343433900217,True
2025-02-20 08:00:00,-1.623,-1.623,0.1,0.04978328958817,0.050216710411830005,True
2025-02-20 09:00:00,-1.623,-1.623,0.0,0.1595823587135901,-0.1595823587135901,True
2025-02-20 10:00:00,-1.624,-1.624,0.0,0.2622073325802471,-0.2622073325802471,True
2025-02-20 11:00:00,-1.626,-1.626,0.0,0.2535367936987734,-0.2535367936987734,True
2025-02-20 12:00:00,-1.626,-1.626,0.0,0.1685563804614988,-0.1685563804614988,True
2025-02-20 13:00:00,-1.628,-1.628,0.0,0.1831013839178879,-0.1831013839178879,True
2025-02-20 14:00:00,-1.628,-1.628,0.1,0.0942941050128595,0.005705894987140511,True
2025-02-20 15:00:00,-1.629,-1.629,0.0,0.0389435149934925,-0.0389435149934925,True
2025-02-20 16:00:00,-1.629,-1.629,0.0,0.0106496074386533,-0.0106496074386533,True
2025-02-20 17:00:00,-1.63,-1.63,0.0,0.0,0.0,True
2025-02-20 18:00:00,-1.63,-1.63,0.0,0.0,0.0,True
2025-02-20 19:00:00,-1.63,-1.63,0.0,0.0,0.0,True
2025-02-20 20:00:00,-1.631,-1.631,0.0,0.0,0.0,True
2025-02-20 21:00:00,-1.63,-1.63,0.0,0.0,0.0,True
2025-02-20 22:00:00,-1.63,-1.63,0.1,0.0,0.1,True
2025-02-20 23:00:00,-1.63,-1.63,0.0,0.0,0.0,True
2025-02-21 00:00:00,-1.63,-1.63,0.0,0.0,0.0,True
2025-02-21 01:00:00,-1.63,-1.63,0.0,0.0,0.0,True
2025-02-21 02:00:00,-1.632,-1.632,0.0,0.0,0.0,True
2025-02-21 03:00:00,-1.631,-1.631,0.0,0.0,0.0,True
2025-02-21 04:00:00,-1.631,-1.631,0.0,0.0,0.0,True
2025-02-21 05:00:00,-1.631,-1.631,0.0,0.0,0.0,True
2025-02-21 06:00:00,-1.63,-1.63,0.0,0.0034827467502538,-0.0034827467502538,True
2025-02-21 07:00:00,-1.629,-1.629,0.0,0.0640692947992431,-0.0640692947992431,True
2025-02-21 08:00:00,-1.628,-1.628,0.0,0.1603624530136096,-0.1603624530136096,True
2025-02-21 09:00:00,-1.628,-1.628,0.0,0.40495013484523,-0.40495013484523,True
2025-02-21 10:00:00,-1.627,-1.627,0.0,0.5480383511770199,-0.5480383511770199,True
2025-02-21 11:00:00,-1.629,-1.629,0.0,0.5802449897900072,-0.5802449897900072,True
2025-02-21 12:00:00,-1.629,-1.629,0.0,0.5337264514836317,-0.5337264514836317,True
2025-02-21 13:00:00,-1.628,-1.628,0.0,0.3943005418532932,-0.3943005418532932,True
2025-02-21 14:00:00,-1.627,-1.627,0.0,0.1906519252167166,-0.1906519252167166,True
2025-02-21 15:00:00,-1.627,-1.627,0.0,0.1435812693489206,-0.1435812693489206,True
2025-02-21 16:00:00,-1.628,-1.628,0.0,0.0200378484210833,-0.0200378484210833,True
2025-02-21 17:00:00,-1.626,-1.626,0.0,0.0,0.0,True
2025-02-21 18:00:00,-1.625,-1.625,0.0,0.0,0.0,True
2025-02-21 19:00:00,-1.625,-1.625,0.0,0.0,0.0,True
2025-02-21 20:00:00,-1.624,-1.624,0.0,0.0,0.0,True
2025-02-21 21:00:00,-1.624,-1.624,0.0,0.0,0.0,True
2025-02-21 22:00:00,-1.625,-1.625,0.0,0.0,0.0,True
2025-02-21 23:00:00,-1.623,-1.623,0.0,0.0,0.0,True
2025-02-22 00:00:00,-1.624,-1.624,0.0,0.0,0.0,True
2025-02-22 01:00:00,-1.624,-1.624,0.0,0.0,0.0,True
2025-02-22 02:00:00,-1.625,-1.625,0.0,0.0,0.0,True
2025-02-22 03:00:00,-1.624,-1.624,0.1,0.0,0.1,True
2025-02-22 04:00:00,-1.623,-1.623,0.2,0.0,0.2,True
2025-02-22 05:00:00,-1.625,-1.625,0.1,0.0,0.1,True
2025-02-22 06:00:00,-1.624,-1.624,0.0,0.0,0.0,True
2025-02-22 07:00:00,-1.625,-1.625,0.2,0.0214706190653513,0.1785293809346487,True
2025-02-22 08:00:00,-1.623,-1.623,0.3,0.0358793136081087,0.2641206863918913,True
2025-02-22 09:00:00,-1.624,-1.624,0.2,0.0799742353278327,0.12002576467216731,True
2025-02-22 10:00:00,-1.625,-1.625,0.1,0.1126909679619461,-0.01269096796194609,True
2025-02-22 11:00:00,-1.624,-1.624,0.1,0.1542549907988854,-0.054254990798885405,True
2025-02-22 12:00:00,-1.625,-1.625,0.0,0.0842576022716899,-0.0842576022716899,True
2025-02-22 13:00:00,-1.625,-1.625,0.1,0.0362576913772609,0.06374230862273911,True
2025-02-22 14:00:00,-1.626,-1.626,0.6,0.0690686577831282,0.5309313422168718,True
2025-02-22 15:00:00,-1.628,-1.628,1.1,0.028703450886487,1.0712965491135131,True
2025-02-22 16:00:00,-1.627,-1.627,0.6,0.0174618712986776,0.5825381287013224,True
2025-02-22 17:00:00,-1.627,-1.627,0.1,0.0,0.1,True
2025-02-22 18:00:00,-1.628,-1.628,0.0,0.0,0.0,True
2025-02-22 19:00:00,-1.628,-1.628,0.0,0.0,0.0,True
2025-02-22 20:00:00,-1.631,-1.631,0.0,0.0,0.0,True
2025-02-22 21:00:00,-1.632,-1.632,0.0,0.0,0.0,True
2025-02-22 22:00:00,-1.633,-1.633,0.0,0.0,0.0,True
2025-02-22 23:00:00,-1.635,-1.635,0.0,0.0,0.0,True
2025-02-23 00:00:00,-1.636,-1.636,0.0,0.0,0.0,True
2025-02-23 01:00:00,-1.638,-1.638,0.0,0.0,0.0,True
2025-02-23 02:00:00,-1.638,-1.638,0.0,0.0,0.0,True
2025-02-23 03:00:00,-1.638,-1.638,0.0,0.0,0.0,True
2025-02-23 04:00:00,-1.638,-1.638,0.0,0.0,0.0,True
2025-02-23 05:00:00,-1.639,-1.639,0.0,0.0,0.0,True
2025-02-23 06:00:00,-1.639,-1.639,0.0,0.0032877794224802,-0.0032877794224802,True
2025-02-23 07:00:00,-1.639,-1.639,0.0,0.0165373270050755,-0.0165373270050755,True
2025-02-23 08:00:00,-1.639,-1.639,0.0,0.0465795788810209,-0.0465795788810209,True
2025-02-23 09:00:00,-1.64,-1.64,0.0,0.095075557908209,-0.095075557908209,True
2025-02-23 10:00:00,-1.64,-1.64,0.0,0.2968518120775208,-0.2968518120775208,True
2025-02-23 11:00:00,-1.642,-1.642,0.0,0.5742040527347986,-0.5742040527347986,True
2025-02-23 12:00:00,-1.642,-1.642,0.0,0.5564506577932637,-0.5564506577932637,True
2025-02-23 13:00:00,-1.643,-1.643,0.0,0.4831853355346736,-0.4831853355346736,True
2025-02-23 14:00:00,-1.641,-1.641,0.0,0.4003373997610362,-0.4003373997610362,True
2025-02-23 15:00:00,-1.639,-1.639,0.0,0.1385146795794342,-0.1385146795794342,True
2025-02-23 16:00:00,-1.639,-1.639,0.0,0.0376552098024969,-0.0376552098024969,True
2025-02-23 17:00:00,-1.637,-1.637,0.0,0.0,0.0,True
2025-02-23 18:00:00,-1.638,-1.638,0.0,0.0,0.0,True
2025-02-23 19:00:00,-1.637,-1.637,0.0,0.0,0.0,True
2025-02-23 20:00:00,-1.637,-1.637,0.0,0.0,0.0,True
2025-02-23 21:00:00,-1.634,-1.634,0.0,0.0,0.0,True
2025-02-23 22:00:00,-1.635,-1.635,0.0,0.0,0.0,True
2025-02-23 23:00:00,-1.634,-1.634,0.0,0.0,0.0,True
2025-02-24 00:00:00,-1.632,-1.632,0.0,0.0,0.0,True
2025-02-24 01:00:00,-1.632,-1.632,0.0,0.0,0.0,True
2025-02-24 02:00:00,-1.629,-1.629,0.0,0.0,0.0,True
2025-02-24 03:00:00,-1.629,-1.629,0.0,0.0,0.0,True
2025-02-24 04:00:00,-1.629,-1.629,0.0,0.0,0.0,True
2025-02-24 05:00:00,-1.628,-1.628,0.0,0.0,0.0,True
2025-02-24 06:00:00,-1.627,-1.627,0.2,0.0,0.2,True
2025-02-24 07:00:00,-1.629,-1.629,0.8,0.0142376210664984,0.7857623789335016,True
2025-02-24 08:00:00,-1.628,-1.628,0.5,0.04627226846612,0.45372773153388,True
2025-02-24 09:00:00,-1.628,-1.628,0.9,0.0640692947992431,0.835930705200757,True
2025-02-24 10:00:00,-1.627,-1.627,1.1,0.0717586272162175,1.0282413727837827,True
2025-02-24 11:00:00,-1.626,-1.626,0.6,0.0831756176606934,0.5168243823393066,True
2025-02-24 12:00:00,-1.625,-1.625,1.4,0.0763390428129312,1.3236609571870688,True
2025-02-24 13:00:00,-1.624,-1.624,0.9,0.0685306979626244,0.8314693020373756,True
2025-02-24 14:00:00,-1.622,-1.622,0.9,0.0429412381307026,0.8570587618692974,True
2025-02-24 15:00:00,-1.62,-1.62,0.1,0.081207401855989,0.018792598144011005,True
2025-02-24 16:00:00,-1.619,-1.619,0.0,0.0419084911168264,-0.0419084911168264,True
2025-02-24 17:00:00,-1.62,-1.62,0.0,0.0,0.0,True
2025-02-24 18:00:00,-1.621,-1.621,0.0,0.0,0.0,True
2025-02-24 19:00:00,-1.621,-1.621,0.1,0.0,0.1,True
2025-02-24 20:00:00,-1.62,-1.62,0.0,0.0,0.0,True
2025-02-24 21:00:00,-1.621,-1.621,0.0,0.0,0.0,True
2025-02-24 22:00:00,-1.621,-1.621,0.0,0.0,0.0,True
2025-02-24 23:00:00,-1.62,-1.62,0.0,0.0,0.0,True
2025-02-25 00:00:00,-1.621,-1.621,0.0,0.0,0.0,True
2025-02-25 01:00:00,-1.62,-1.62,0.0,0.0,0.0,True
2025-02-25 02:00:00,-1.62,-1.62,0.0,0.0,0.0,True
2025-02-25 03:00:00,-1.62,-1.62,0.0,0.0,0.0,True
2025-02-25 04:00:00,-1.62,-1.62,0.0,0.0,0.0,True
2025-02-25 05:00:00,-1.619,-1.619,0.0,0.0,0.0,True
2025-02-25 06:00:00,-1.62,-1.62,0.0,0.0033955556395788,-0.0033955556395788,True
2025-02-25 07:00:00,-1.62,-1.62,0.0,0.0205483492418358,-0.0205483492418358,True
2025-02-25 08:00:00,-1.62,-1.62,0.0,0.1365775766440864,-0.1365775766440864,True
2025-02-25 09:00:00,-1.623,-1.623,0.0,0.1584531206981722,-0.1584531206981722,True
2025-02-25 10:00:00,-1.622,-1.622,0.0,0.2506837187728356,-0.2506837187728356,True
2025-02-25 11:00:00,-1.623,-1.623,0.0,0.3009388384312656,-0.3009388384312656,True
2025-02-25 12:00:00,-1.624,-1.624,0.0,0.4297103315111808,-0.4297103315111808,True
2025-02-25 13:00:00,-1.625,-1.625,0.0,0.3085099815977709,-0.3085099815977709,True
2025-02-25 14:00:00,-1.623,-1.623,0.0,0.3134357036175096,-0.3134357036175096,True
2025-02-25 15:00:00,-1.624,-1.624,0.0,0.0873093564933884,-0.0873093564933884,True
2025-02-25 16:00:00,-1.622,-1.622,0.0,0.0372439115201652,-0.0372439115201652,True
2025-02-25 17:00:00,-1.623,-1.623,0.0,0.0,0.0,True
2025-02-25 18:00:00,-1.622,-1.622,0.0,0.0,0.0,True
2025-02-25 19:00:00,-1.624,-1.624,0.0,0.0,0.0,True
2025-02-25 20:00:00,-1.623,-1.623,0.0,0.0,0.0,True
2025-02-25 21:00:00,-1.623,-1.623,0.0,0.0,0.0,True
2025-02-25 22:00:00,-1.624,-1.624,0.0,0.0,0.0,True
2025-02-25 23:00:00,-1.622,-1.622,0.0,0.0,0.0,True
2025-02-26 00:00:00,-1.623,-1.623,0.0,0.0,0.0,True
2025-02-26 01:00:00,-1.623,-1.623,0.0,0.0,0.0,True
2025-02-26 02:00:00,-1.626,-1.626,0.0,0.0,0.0,True
2025-02-26 03:00:00,-1.626,-1.626,0.0,0.0,0.0,True
2025-02-26 04:00:00,-1.627,-1.627,0.0,0.0,0.0,True
2025-02-26 05:00:00,-1.624,-1.624,0.0,0.0,0.0,True
2025-02-26 06:00:00,-1.626,-1.626,0.0,0.0029284287993041,-0.0029284287993041,True
2025-02-26 07:00:00,-1.627,-1.627,0.0,0.0994910255618453,-0.0994910255618453,True
2025-02-26 08:00:00,-1.627,-1.627,0.0,0.2911646598003447,-0.2911646598003447,True
2025-02-26 09:00:00,-1.627,-1.627,0.0,0.4467856235094183,-0.4467856235094183,True
2025-02-26 10:00:00,-1.627,-1.627,0.0,0.5659454373933146,-0.5659454373933146,True
2025-02-26 11:00:00,-1.628,-1.628,0.0,0.5677639988142985,-0.5677639988142985,True
2025-02-26 12:00:00,-1.629,-1.629,0.0,0.6295471318337619,-0.6295471318337619,True
2025-02-26 13:00:00,-1.63,-1.63,0.0,0.5018761425940714,-0.5018761425940714,True
2025-02-26 14:00:00,-1.629,-1.629,0.0,0.2570461735770349,-0.2570461735770349,True
2025-02-26 15:00:00,-1.628,-1.628,0.0,0.1253788830091393,-0.1253788830091393,True
2025-02-26 16:00:00,-1.627,-1.627,0.0,0.0344411341860387,-0.0344411341860387,True
2025-02-26 17:00:00,-1.627,-1.627,0.0,0.0,0.0,True
2025-02-26 18:00:00,-1.625,-1.625,0.4,0.0,0.4,True
2025-02-26 19:00:00,-1.624,-1.624,0.3,0.0,0.3,True
2025-02-26 20:00:00,-1.624,-1.624,0.7,0.0,0.7,True
2025-02-26 21:00:00,-1.624,-1.624,0.7,0.0,0.7,True
2025-02-26 22:00:00,-1.623,-1.623,0.5,0.0,0.5,True
2025-02-26 23:00:00,-1.62,-1.62,0.0,0.0,0.0,True
2025-02-27 00:00:00,-1.621,-1.621,0.0,0.0,0.0,True
2025-02-27 01:00:00,-1.62,-1.62,0.0,0.0,0.0,True
2025-02-27 02:00:00,-1.62,-1.62,0.0,0.0,0.0,True
2025-02-27 03:00:00,-1.621,-1.621,0.0,0.0,0.0,True
2025-02-27 04:00:00,-1.62,-1.62,0.0,0.0,0.0,True
2025-02-27 05:00:00,-1.619,-1.619,0.2,0.0,0.2,True
2025-02-27 06:00:00,-1.619,-1.619,0.0,0.003018941486293,-0.003018941486293,True
2025-02-27 07:00:00,-1.618,-1.618,0.0,0.0408075440400719,-0.0408075440400719,True
2025-02-27 08:00:00,-1.618,-1.618,0.0,0.1234352872088062,-0.1234352872088062,True
2025-02-27 09:00:00,-1.618,-1.618,0.2,0.127155086280881,0.072844913719119,True
2025-02-27 10:00:00,-1.619,-1.619,0.3,0.2275362736049725,0.07246372639502749,True
2025-02-27 11:00:00,-1.619,-1.619,0.0,0.3980752797002772,-0.3980752797002772,True
2025-02-27 12:00:00,-1.62,-1.62,0.0,0.2702906475927701,-0.2702906475927701,True
2025-02-27 13:00:00,-1.621,-1.621,0.0,0.2328978944051046,-0.2328978944051046,True
2025-02-27 14:00:00,-1.621,-1.621,0.0,0.097745430288164,-0.097745430288164,True
2025-02-27 15:00:00,-1.621,-1.621,1.1,0.0382658150057106,1.0617341849942894,True
2025-02-27 16:00:00,-1.621,-1.621,0.0,0.041066656763596,-0.041066656763596,True
2025-02-27 17:00:00,-1.62,-1.62,0.0,0.003079092036797,-0.003079092036797,True
2025-02-27 18:00:00,-1.621,-1.621,0.0,0.0,0.0,True
2025-02-27 19:00:00,-1.622,-1.622,0.0,0.0,0.0,True
2025-02-27 20:00:00,-1.621,-1.621,0.0,0.0,0.0,True
2025-02-27 21:00:00,-1.622,-1.622,0.0,0.0,0.0,True
2025-02-27 22:00:00,-1.624,-1.624,0.0,0.0,0.0,True
2025-02-27 23:00:00,-1.623,-1.623,0.1,0.0,0.1,True
2025-02-28 00:00:00,-1.625,-1.625,0.0,0.0,0.0,True
2025-02-28 01:00:00,-1.624,-1.624,0.0,0.0,0.0,True
2025-02-28 02:00:00,-1.624,-1.624,0.0,0.0,0.0,True
2025-02-28 03:00:00,-1.625,-1.625,0.0,0.0,0.0,True
2025-02-28 04:00:00,-1.627,-1.627,0.0,0.0,0.0,True
2025-02-28 05:00:00,-1.627,-1.627,0.0,0.0,0.0,True
2025-02-28 06:00:00,-1.626,-1.626,0.0,0.0123563948027264,-0.0123563948027264,True
2025-02-28 07:00:00,-1.627,-1.627,0.0,0.0724272565985936,-0.0724272565985936,True
2025-02-28 08:00:00,-1.627,-1.627,0.0,0.1525861035370572,-0.1525861035370572,True
2025-02-28 09:00:00,-1.627,-1.627,0.0,0.3030108338933085,-0.3030108338933085,True
2025-02-28 10:00:00,-1.629,-1.629,0.0,0.456430225340086,-0.456430225340086,True
2025-02-28 11:00:00,-1.631,-1.631,0.0,0.4638320989554944,-0.4638320989554944,True
2025-02-28 12:00:00,-1.631,-1.631,0.0,0.354752344124558,-0.354752344124558,True
2025-02-28 13:00:00,-1.633,-1.633,0.0,0.297858100255525,-0.297858100255525,True
2025-02-28 14:00:00,-1.633,-1.633,0.0,0.2969860201945252,-0.2969860201945252,True
2025-02-28 15:00:00,-1.634,-1.634,0.0,0.0665475088045082,-0.0665475088045082,True
2025-02-28 16:00:00,-1.635,-1.635,0.0,0.0405480837134136,-0.0405480837134136,True
2025-02-28 17:00:00,-1.634,-1.634,0.0,0.0029384991630506,-0.0029384991630506,True
2025-02-28 18:00:00,-1.634,-1.634,0.0,0.0,0.0,True
2025-02-28 19:00:00,-1.635,-1.635,0.0,0.0,0.0,True
2025-02-28 20:00:00,-1.634,-1.634,0.0,0.0,0.0,True
2025-02-28 21:00:00,-1.633,-1.633,0.0,0.0,0.0,True
2025-02-28 22:00:00,-1.634,-1.634,0.0,0.0,0.0,True
2025-02-28 23:00:00,-1.633,-1.633,0.0,0.0,0.0,True
2025-03-01 00:00:00,-1.633,-1.633,0.0,0.0,0.0,True
2025-03-01 01:00:00,-1.633,-1.633,0.0,0.0,0.0,True
2025-03-01 02:00:00,-1.634,-1.634,0.0,0.0,0.0,True
2025-03-01 03:00:00,-1.634,-1.634,0.0,0.0,0.0,True
2025-03-01 04:00:00,-1.632,-1.632,0.0,0.0,0.0,True
2025-03-01 05:00:00,-1.632,-1.632,0.0,0.0,0.0,True
2025-03-01 06:00:00,-1.632,-1.632,0.0,0.0086341213630779,-0.0086341213630779,True
2025-03-01 07:00:00,-1.633,-1.633,0.0,0.0605795759530605,-0.0605795759530605,True
2025-03-01 08:00:00,-1.633,-1.633,0.0,0.130333963437903,-0.130333963437903,True
2025-03-01 09:00:00,-1.635,-1.635,0.0,0.2418361573973829,-0.2418361573973829,True
2025-03-01 10:00:00,-1.638,-1.638,0.0,0.3516331637352449,-0.3516331637352449,True
2025-03-01 11:00:00,-1.637,-1.637,0.0,0.3103337064954027,-0.3103337064954027,True
2025-03-01 12:00:00,-1.638,-1.638,0.0,0.5671770194232101,-0.5671770194232101,True
2025-03-01 13:00:00,-1.641,-1.641,0.0,0.529327040323333,-0.529327040323333,True
2025-03-01 14:00:00,-1.641,-1.641,0.0,0.419840457136408,-0.419840457136408,True
2025-03-01 15:00:00,-1.641,-1.641,0.0,0.2718771942855441,-0.2718771942855441,True
2025-03-01 16:00:00,-1.642,-1.642,0.0,0.0895650306004712,-0.0895650306004712,True
2025-03-01 17:00:00,-1.64,-1.64,0.0,0.0,0.0,True
2025-03-01 18:00:00,-1.64,-1.64,0.0,0.0,0.0,True
2025-03-01 19:00:00,-1.638,-1.638,0.0,0.0,0.0,True
2025-03-01 20:00:00,-1.639,-1.639,0.0,0.0,0.0,True
2025-03-01 21:00:00,-1.639,-1.639,0.0,0.0,0.0,True
2025-03-01 22:00:00,-1.639,-1.639,0.0,0.0,0.0,True
2025-03-01 23:00:00,-1.639,-1.639,0.0,0.0,0.0,True
2025-03-02 00:00:00,-1.639,-1.639,0.0,0.0,0.0,True
2025-03-02 01:00:00,-1.638,-1.638,0.0,0.0,0.0,True
2025-03-02 02:00:00,-1.637,-1.637,0.0,0.0,0.0,True
2025-03-02 03:00:00,-1.636,-1.636,0.0,0.0,0.0,True
2025-03-02 04:00:00,-1.636,-1.636,0.0,0.0,0.0,True
2025-03-02 05:00:00,-1.636,-1.636,0.0,0.0,0.0,True
2025-03-02 06:00:00,-1.635,-1.635,0.0,0.0093852334710337,-0.0093852334710337,True
2025-03-02 07:00:00,-1.637,-1.637,0.0,0.1154546559229574,-0.1154546559229574,True
2025-03-02 08:00:00,-1.637,-1.637,0.0,0.309979170336099,-0.309979170336099,True
2025-03-02 09:00:00,-1.633,-1.633,0.0,0.4538217515859877,-0.4538217515859877,True
2025-03-02 10:00:00,-1.635,-1.635,0.0,0.5772874325129534,-0.5772874325129534,True
2025-03-02 11:00:00,-1.634,-1.634,0.0,0.64727300111783,-0.64727300111783,True
2025-03-02 12:00:00,-1.635,-1.635,0.0,0.6476659813663661,-0.6476659813663661,True
2025-03-02 13:00:00,-1.637,-1.637,0.0,0.5568162740105063,-0.5568162740105063,True
2025-03-02 14:00:00,-1.637,-1.637,0.0,0.4237190250856213,-0.4237190250856213,True
2025-03-02 15:00:00,-1.636,-1.636,0.0,0.2774027147647843,-0.2774027147647843,True
2025-03-02 16:00:00,-1.637,-1.637,0.0,0.0965578194863803,-0.0965578194863803,True
2025-03-02 17:00:00,-1.635,-1.635,0.0,0.0028982023068744,-0.0028982023068744,True
2025-03-02 18:00:00,-1.636,-1.636,0.0,0.0,0.0,True
2025-03-02 19:00:00,-1.634,-1.634,0.0,0.0,0.0,True
2025-03-02 20:00:00,-1.633,-1.633,0.0,0.0,0.0,True
2025-03-02 21:00:00,-1.633,-1.633,0.0,0.0,0.0,True
2025-03-02 22:00:00,-1.633,-1.633,0.0,0.0,0.0,True
2025-03-02 23:00:00,-1.631,-1.631,0.0,0.0,0.0,True
2025-03-03 00:00:00,-1.63,-1.63,0.0,0.0,0.0,True
2025-03-03 01:00:00,-1.63,-1.63,0.0,0.0,0.0,True
2025-03-03 02:00:00,-1.63,-1.63,0.0,0.0,0.0,True
2025-03-03 03:00:00,-1.63,-1.63,0.0,0.0,0.0,True
2025-03-03 04:00:00,-1.629,-1.629,0.0,0.0,0.0,True
2025-03-03 05:00:00,-1.629,-1.629,0.0,0.0,0.0,True
2025-03-03 06:00:00,-1.629,-1.629,0.0,0.0092273543074069,-0.0092273543074069,True
2025-03-03 07:00:00,-1.629,-1.629,0.0,0.1116191065826267,-0.1116191065826267,True
2025-03-03 08:00:00,-1.629,-1.629,0.0,0.3178784945253566,-0.3178784945253566,True
2025-03-03 09:00:00,-1.625,-1.625,0.0,0.4670176595596002,-0.4670176595596002,True
2025-03-03 10:00:00,-1.626,-1.626,0.0,0.5959025843226436,-0.5959025843226436,True
2025-03-03 11:00:00,-1.629,-1.629,0.0,0.6743745110649523,-0.6743745110649523,True
2025-03-03 12:00:00,-1.63,-1.63,0.0,0.6745273480324203,-0.6745273480324203,True
2025-03-03 13:00:00,-1.63,-1.63,0.0,0.5928281474183682,-0.5928281474183682,True
2025-03-03 14:00:00,-1.631,-1.631,0.0,0.4779431385564994,-0.4779431385564994,True
2025-03-03 15:00:00,-1.631,-1.631,0.0,0.2901183556029186,-0.2901183556029186,True
2025-03-03 16:00:00,-1.632,-1.632,0.0,0.1124538236345139,-0.1124538236345139,True
2025-03-03 17:00:00,-1.632,-1.632,0.0,0.0058568575986082,-0.0058568575986082,True
2025-03-03 18:00:00,-1.632,-1.632,0.0,0.0,0.0,True
2025-03-03 19:00:00,-1.63,-1.63,0.0,0.0,0.0,True
2025-03-03 20:00:00,-1.632,-1.632,0.0,0.0,0.0,True
2025-03-03 21:00:00,-1.631,-1.631,0.0,0.0,0.0,True
2025-03-03 22:00:00,-1.63,-1.63,0.0,0.0,0.0,True
2025-03-03 23:00:00,-1.63,-1.63,0.0,0.0,0.0,True
2025-03-04 00:00:00,-1.629,-1.629,0.0,0.0,0.0,True
2025-03-04 01:00:00,-1.628,-1.628,0.0,0.0,0.0,True
2025-03-04 02:00:00,-1.628,-1.628,0.0,0.0,0.0,True
2025-03-04 03:00:00,-1.627,-1.627,0.0,0.0,0.0,True
2025-03-04 04:00:00,-1.629,-1.629,0.0,0.0,0.0,True
2025-03-04 05:00:00,-1.627,-1.627,0.0,0.0,0.0,True
2025-03-04 06:00:00,-1.628,-1.628,0.0,0.0079382826107538,-0.0079382826107538,True
2025-03-04 07:00:00,-1.627,-1.627,0.0,0.1043819602467863,-0.1043819602467863,True
2025-03-04 08:00:00,-1.627,-1.627,0.0,0.2786660493840786,-0.2786660493840786,True
2025-03-04 09:00:00,-1.623,-1.623,0.0,0.4828899485482069,-0.4828899485482069,True
2025-03-04 10:00:00,-1.627,-1.627,0.0,0.616206580492892,-0.616206580492892,True
2025-03-04 11:00:00,-1.628,-1.628,0.0,0.6942590650986948,-0.6942590650986948,True
2025-03-04 12:00:00,-1.63,-1.63,0.0,0.6994394483532665,-0.6994394483532665,True
2025-03-04 13:00:00,-1.631,-1.631,0.0,0.6222726266106522,-0.6222726266106522,True
2025-03-04 14:00:00,-1.631,-1.631,0.0,0.4933995974309313,-0.4933995974309313,True
2025-03-04 15:00:00,-1.631,-1.631,0.0,0.3178975719136129,-0.3178975719136129,True
2025-03-04 16:00:00,-1.63,-1.63,0.0,0.1184133895086315,-0.1184133895086315,True
2025-03-04 17:00:00,-1.627,-1.627,0.0,0.0064965940636213,-0.0064965940636213,True
2025-03-04 18:00:00,-1.627,-1.627,0.0,0.0,0.0,True
2025-03-04 19:00:00,-1.626,-1.626,0.0,0.0,0.0,True
2025-03-04 20:00:00,-1.626,-1.626,0.0,0.0,0.0,True
2025-03-04 21:00:00,-1.627,-1.627,0.0,0.0,0.0,True
2025-03-04 22:00:00,-1.626,-1.626,0.0,0.0,0.0,True
2025-03-04 23:00:00,-1.627,-1.627,0.0,0.0,0.0,True
2025-03-05 00:00:00,-1.625,-1.625,0.0,0.0,0.0,True
2025-03-05 01:00:00,-1.626,-1.626,0.0,0.0,0.0,True
2025-03-05 02:00:00,-1.624,-1.624,0.0,0.0,0.0,True
2025-03-05 03:00:00,-1.624,-1.624,0.0,0.0,0.0,True
2025-03-05 04:00:00,-1.623,-1.623,0.0,0.0,0.0,True
2025-03-05 05:00:00,-1.623,-1.623,0.0,0.0,0.0,True
2025-03-05 06:00:00,-1.623,-1.623,0.0,0.0224594454620233,-0.0224594454620233,True
2025-03-05 07:00:00,-1.623,-1.623,0.0,0.1544549350340801,-0.1544549350340801,True
2025-03-05 08:00:00,-1.624,-1.624,0.0,0.3709179010626459,-0.3709179010626459,True
2025-03-05 09:00:00,-1.622,-1.622,0.0,0.5721700851153422,-0.5721700851153422,True
2025-03-05 10:00:00,-1.625,-1.625,0.0,0.7058709837762375,-0.7058709837762375,True
2025-03-05 11:00:00,-1.631,-1.631,0.0,0.7718430064438196,-0.7718430064438196,True
2025-03-05 12:00:00,-1.633,-1.633,0.0,0.7751902581322975,-0.7751902581322975,True
2025-03-05 13:00:00,-1.63,-1.63,0.0,0.6887257679088536,-0.6887257679088536,True
2025-03-05 14:00:00,-1.63,-1.63,0.0,0.5272328256732219,-0.5272328256732219,True
2025-03-05 15:00:00,-1.631,-1.631,0.0,0.3267993567960141,-0.3267993567960141,True
2025-03-05 16:00:00,-1.632,-1.632,0.0,0.117774616323121,-0.117774616323121,True
2025-03-05 17:00:00,-1.63,-1.63,0.0,0.0065361123620914,-0.0065361123620914,True
2025-03-05 18:00:00,-1.628,-1.628,0.0,0.0,0.0,True
2025-03-05 19:00:00,-1.629,-1.629,0.0,0.0,0.0,True
2025-03-05 20:00:00,-1.629,-1.629,0.0,0.0,0.0,True
2025-03-05 21:00:00,-1.628,-1.628,0.0,0.0,0.0,True
2025-03-05 22:00:00,-1.627,-1.627,0.0,0.0,0.0,True
2025-03-05 23:00:00,-1.627,-1.627,0.0,0.0,0.0,True
2025-03-06 00:00:00,-1.628,-1.628,0.0,0.0,0.0,True
2025-03-06 01:00:00,-1.626,-1.626,0.0,0.0,0.0,True
2025-03-06 02:00:00,-1.626,-1.626,0.0,0.0,0.0,True
2025-03-06 03:00:00,-1.629,-1.629,0.0,0.0,0.0,True
2025-03-06 04:00:00,-1.625,-1.625,0.0,0.0,0.0,True
2025-03-06 05:00:00,-1.625,-1.625,0.0,0.0,0.0,True
2025-03-06 06:00:00,-1.625,-1.625,0.0,0.0226208754799711,-0.0226208754799711,True
2025-03-06 07:00:00,-1.625,-1.625,0.0,0.1552775205438526,-0.1552775205438526,True
2025-03-06 08:00:00,-1.622,-1.622,0.0,0.3476475347018413,-0.3476475347018413,True
2025-03-06 09:00:00,-1.624,-1.624,0.0,0.5463189928798048,-0.5463189928798048,True
2025-03-06 10:00:00,-1.622,-1.622,0.0,0.6896901738457455,-0.6896901738457455,True
2025-03-06 11:00:00,-1.626,-1.626,0.0,0.7801452758653746,-0.7801452758653746,True
2025-03-06 12:00:00,-1.627,-1.627,0.0,0.6350673165422223,-0.6350673165422223,True
2025-03-06 13:00:00,-1.627,-1.627,0.0,0.6417870521654666,-0.6417870521654666,True
2025-03-06 14:00:00,-1.628,-1.628,0.0,0.5662826930871765,-0.5662826930871765,True
2025-03-06 15:00:00,-1.628,-1.628,0.0,0.3247546809620524,-0.3247546809620524,True
2025-03-06 16:00:00,-1.627,-1.627,0.0,0.129928052269914,-0.129928052269914,True
2025-03-06 17:00:00,-1.626,-1.626,0.0,0.0074014756439499,-0.0074014756439499,True
2025-03-06 18:00:00,-1.629,-1.629,0.0,0.0,0.0,True
2025-03-06 19:00:00,-1.625,-1.625,0.0,0.0,0.0,True
2025-03-06 20:00:00,-1.628,-1.628,0.0,0.0,0.0,True
2025-03-06 21:00:00,-1.626,-1.626,0.0,0.0,0.0,True
2025-03-06 22:00:00,-1.626,-1.626,0.0,0.0,0.0,True
2025-03-06 23:00:00,-1.626,-1.626,0.0,0.0,0.0,True
2025-03-07 00:00:00,-1.625,-1.625,0.0,0.0,0.0,True
2025-03-07 01:00:00,-1.626,-1.626,0.0,0.0,0.0,True
2025-03-07 02:00:00,-1.626,-1.626,0.0,0.0,0.0,True
2025-03-07 03:00:00,-1.627,-1.627,0.0,0.0,0.0,True
2025-03-07 04:00:00,-1.627,-1.627,0.0,0.0,0.0,True
2025-03-07 05:00:00,-1.627,-1.627,0.0,0.0,0.0,True
2025-03-07 06:00:00,-1.629,-1.629,0.0,0.0251920892516847,-0.0251920892516847,True
2025-03-07 07:00:00,-1.627,-1.627,0.0,0.145589835942464,-0.145589835942464,True
2025-03-07 08:00:00,-1.629,-1.629,0.0,0.3608155192806216,-0.3608155192806216,True
2025-03-07 09:00:00,-1.626,-1.626,0.0,0.5502061917854927,-0.5502061917854927,True
2025-03-07 10:00:00,-1.63,-1.63,0.0,0.6982414548329439,-0.6982414548329439,True
2025-03-07 11:00:00,-1.631,-1.631,0.0,0.7542912058062766,-0.7542912058062766,True
2025-03-07 12:00:00,-1.634,-1.634,0.0,0.7703082961723908,-0.7703082961723908,True
2025-03-07 13:00:00,-1.633,-1.633,0.0,0.7005126647819145,-0.7005126647819145,True
2025-03-07 14:00:00,-1.635,-1.635,0.0,0.5536986332407947,-0.5536986332407947,True
2025-03-07 15:00:00,-1.633,-1.633,0.0,0.3488523489073252,-0.3488523489073252,True
2025-03-07 16:00:00,-1.634,-1.634,0.0,0.1296350900214978,-0.1296350900214978,True
2025-03-07 17:00:00,-1.63,-1.63,0.0,0.0071188105332492,-0.0071188105332492,True
2025-03-07 18:00:00,-1.63,-1.63,0.0,0.0,0.0,True
2025-03-07 19:00:00,-1.631,-1.631,0.0,0.0,0.0,True
2025-03-07 20:00:00,-1.631,-1.631,0.0,0.0,0.0,True
2025-03-07 21:00:00,-1.63,-1.63,0.0,0.0,0.0,True
2025-03-07 22:00:00,-1.631,-1.631,0.0,0.0,0.0,True
2025-03-07 23:00:00,-1.633,-1.633,0.0,0.0,0.0,True
2025-03-08 00:00:00,-1.63,-1.63,0.0,0.0,0.0,True
2025-03-08 01:00:00,-1.63,-1.63,0.0,0.0,0.0,True
2025-03-08 02:00:00,-1.632,-1.632,0.0,0.0,0.0,True
2025-03-08 03:00:00,-1.629,-1.629,0.0,0.0,0.0,True
2025-03-08 04:00:00,-1.63,-1.63,0.0,0.0,0.0,True
2025-03-08 05:00:00,-1.628,-1.628,0.0,0.0,0.0,True
2025-03-08 06:00:00,-1.632,-1.632,0.0,0.0331729399750231,-0.0331729399750231,True
2025-03-08 07:00:00,-1.628,-1.628,0.0,0.1906628456410821,-0.1906628456410821,True
2025-03-08 08:00:00,-1.631,-1.631,0.0,0.3925699588915973,-0.3925699588915973,True
2025-03-08 09:00:00,-1.629,-1.629,0.0,0.5839965944029055,-0.5839965944029055,True
2025-03-08 10:00:00,-1.63,-1.63,0.0,0.7229303599402677,-0.7229303599402677,True
2025-03-08 11:00:00,-1.633,-1.633,0.0,0.8023858725290824,-0.8023858725290824,True
2025-03-08 12:00:00,-1.634,-1.634,0.0,0.8159394811416592,-0.8159394811416592,True
2025-03-08 13:00:00,-1.633,-1.633,0.0,0.7552430212591345,-0.7552430212591345,True
2025-03-08 14:00:00,-1.635,-1.635,0.0,0.5956976080256587,-0.5956976080256587,True
2025-03-08 15:00:00,-1.633,-1.633,0.0,0.3769914585931985,-0.3769914585931985,True
2025-03-08 16:00:00,-1.631,-1.631,0.0,0.1470696942631081,-0.1470696942631081,True
2025-03-08 17:00:00,-1.632,-1.632,0.0,0.0115157240922215,-0.0115157240922215,True
2025-03-08 18:00:00,-1.628,-1.628,0.0,0.0,0.0,True
2025-03-08 19:00:00,-1.629,-1.629,0.0,0.0,0.0,True
2025-03-08 20:00:00,-1.631,-1.631,0.0,0.0,0.0,True
2025-03-08 21:00:00,-1.628,-1.628,0.0,0.0,0.0,True
2025-03-08 22:00:00,-1.631,-1.631,0.0,0.0,0.0,True
2025-03-08 23:00:00,-1.629,-1.629,0.0,0.0,0.0,True
2025-03-09 00:00:00,-1.626,-1.626,0.0,0.0,0.0,True
2025-03-09 01:00:00,-1.627,-1.627,0.0,0.0,0.0,True
2025-03-09 02:00:00,-1.625,-1.625,0.0,0.0,0.0,True
2025-03-09 03:00:00,-1.627,-1.627,0.0,0.0,0.0,True
2025-03-09 04:00:00,-1.628,-1.628,0.0,0.0,0.0,True
2025-03-09 05:00:00,-1.627,-1.627,0.0,0.0,0.0,True
2025-03-09 06:00:00,-1.626,-1.626,0.0,0.0309909959989536,-0.0309909959989536,True
2025-03-09 07:00:00,-1.626,-1.626,0.0,0.1831013839178879,-0.1831013839178879,True
2025-03-09 08:00:00,-1.627,-1.627,0.0,0.3782920012448857,-0.3782920012448857,True
2025-03-09 09:00:00,-1.627,-1.627,0.0,0.5589207977696624,-0.5589207977696624,True
2025-03-09 10:00:00,-1.63,-1.63,0.0,0.7047612532216551,-0.7047612532216551,True
2025-03-09 11:00:00,-1.629,-1.629,0.0,0.806134897715791,-0.806134897715791,True
2025-03-09 12:00:00,-1.632,-1.632,0.0,0.8057204742855982,-0.8057204742855982,True
2025-03-09 13:00:00,-1.633,-1.633,0.0,0.6411094385085677,-0.6411094385085677,True
2025-03-09 14:00:00,-1.633,-1.633,0.0,0.3065568536966686,-0.3065568536966686,True
2025-03-09 15:00:00,-1.628,-1.628,0.0,0.2199868194304205,-0.2199868194304205,True
2025-03-09 16:00:00,-1.629,-1.629,0.0,0.1562635408871494,-0.1562635408871494,True
2025-03-09 17:00:00,-1.629,-1.629,0.0,0.0103903633374283,-0.0103903633374283,True
2025-03-09 18:00:00,-1.628,-1.628,0.0,0.0,0.0,True
2025-03-09 19:00:00,-1.626,-1.626,0.0,0.0,0.0,True
2025-03-09 20:00:00,-1.627,-1.627,0.0,0.0,0.0,True
2025-03-09 21:00:00,-1.626,-1.626,0.0,0.0,0.0,True
2025-03-09 22:00:00,-1.626,-1.626,0.0,0.0,0.0,True
2025-03-09 23:00:00,-1.625,-1.625,0.0,0.0,0.0,True
2025-03-10 00:00:00,-1.628,-1.628,0.0,0.0,0.0,True
2025-03-10 01:00:00,-1.627,-1.627,0.0,0.0,0.0,True
2025-03-10 02:00:00,-1.627,-1.627,0.0,0.0,0.0,True
2025-03-10 03:00:00,-1.626,-1.626,0.0,0.0,0.0,True
2025-03-10 04:00:00,-1.625,-1.625,0.0,0.0,0.0,True
2025-03-10 05:00:00,-1.625,-1.625,0.0,0.0,0.0,True
2025-03-10 06:00:00,-1.625,-1.625,0.0,0.0302158305977539,-0.0302158305977539,True
2025-03-10 07:00:00,-1.628,-1.628,0.0,0.1166250321964381,-0.1166250321964381,True
2025-03-10 08:00:00,-1.629,-1.629,0.0,0.3195548046249249,-0.3195548046249249,True
2025-03-10 09:00:00,-1.627,-1.627,0.0,0.5500215656915225,-0.5500215656915225,True
2025-03-10 10:00:00,-1.628,-1.628,0.0,0.6876742567717823,-0.6876742567717823,True
2025-03-10 11:00:00,-1.63,-1.63,0.0,0.7738822040677293,-0.7738822040677293,True
2025-03-10 12:00:00,-1.63,-1.63,0.0,0.7534333132863483,-0.7534333132863483,True
2025-03-10 13:00:00,-1.632,-1.632,0.0,0.6811379709907616,-0.6811379709907616,True
2025-03-10 14:00:00,-1.634,-1.634,0.0,0.5381820403922788,-0.5381820403922788,True
2025-03-10 15:00:00,-1.632,-1.632,0.0,0.3367657492951105,-0.3367657492951105,True
2025-03-10 16:00:00,-1.634,-1.634,0.0,0.1356192551599575,-0.1356192551599575,True
2025-03-10 17:00:00,-1.632,-1.632,0.0,0.009744891095432,-0.009744891095432,True
2025-03-10 18:00:00,-1.632,-1.632,0.0,0.0,0.0,True
2025-03-10 19:00:00,-1.631,-1.631,0.0,0.0,0.0,True
2025-03-10 20:00:00,-1.632,-1.632,0.0,0.0,0.0,True
2025-03-10 21:00:00,-1.632,-1.632,0.0,0.0,0.0,True
2025-03-10 22:00:00,-1.634,-1.634,0.0,0.0,0.0,True
2025-03-10 23:00:00,-1.633,-1.633,0.0,0.0,0.0,True
2025-03-11 00:00:00,-1.633,-1.633,0.0,0.0,0.0,True
2025-03-11 01:00:00,-1.634,-1.634,0.0,0.0,0.0,True
2025-03-11 02:00:00,-1.634,-1.634,0.0,0.0,0.0,True
2025-03-11 03:00:00,-1.633,-1.633,0.0,0.0,0.0,True
2025-03-11 04:00:00,-1.633,-1.633,0.0,0.0,0.0,True
2025-03-11 05:00:00,-1.632,-1.632,0.0,0.0,0.0,True
2025-03-11 06:00:00,-1.632,-1.632,0.0,0.0158943857851101,-0.0158943857851101,True
2025-03-11 07:00:00,-1.633,-1.633,0.0,0.0582912795500842,-0.0582912795500842,True
2025-03-11 08:00:00,-1.634,-1.634,0.0,0.0991612838790932,-0.0991612838790932,True
2025-03-11 09:00:00,-1.631,-1.631,0.0,0.1573402740141871,-0.1573402740141871,True
2025-03-11 10:00:00,-1.631,-1.631,0.0,0.3961397861690302,-0.3961397861690302,True
2025-03-11 11:00:00,-1.634,-1.634,0.0,0.5433084930396037,-0.5433084930396037,True
2025-03-11 12:00:00,-1.636,-1.636,0.0,0.4692714624989655,-0.4692714624989655,True
2025-03-11 13:00:00,-1.635,-1.635,0.0,0.3042868168933907,-0.3042868168933907,True
2025-03-11 14:00:00,-1.635,-1.635,0.0,0.3627389869064779,-0.3627389869064779,True
2025-03-11 15:00:00,-1.636,-1.636,0.0,0.286131698840557,-0.286131698840557,True
2025-03-11 16:00:00,-1.637,-1.637,0.0,0.0737995596591714,-0.0737995596591714,True
2025-03-11 17:00:00,-1.636,-1.636,0.0,0.009476920791599,-0.009476920791599,True
2025-03-11 18:00:00,-1.639,-1.639,0.2,0.0,0.2,True
2025-03-11 19:00:00,-1.64,-1.64,0.2,0.0,0.2,True
2025-03-11 20:00:00,-1.638,-1.638,0.0,0.0,0.0,True
2025-03-11 21:00:00,-1.636,-1.636,0.0,0.0,0.0,True
2025-03-11 22:00:00,-1.635,-1.635,0.1,0.0,0.1,True
2025-03-11 23:00:00,-1.635,-1.635,0.0,0.0,0.0,True
2025-03-12 00:00:00,-1.633,-1.633,0.0,0.0,0.0,True
2025-03-12 01:00:00,-1.634,-1.634,0.0,0.0,0.0,True
2025-03-12 02:00:00,-1.634,-1.634,0.0,0.0,0.0,True
2025-03-12 03:00:00,-1.633,-1.633,0.0,0.0,0.0,True
2025-03-12 04:00:00,-1.632,-1.632,0.0,0.0,0.0,True
2025-03-12 05:00:00,-1.632,-1.632,0.0,0.0,0.0,True
2025-03-12 06:00:00,-1.631,-1.631,0.0,0.0329873909413106,-0.0329873909413106,True
2025-03-12 07:00:00,-1.63,-1.63,0.0,0.1538130506125787,-0.1538130506125787,True
2025-03-12 08:00:00,-1.631,-1.631,0.2,0.2421377508938232,-0.042137750893823184,True
2025-03-12 09:00:00,-1.631,-1.631,0.0,0.3293073412155996,-0.3293073412155996,True
2025-03-12 10:00:00,-1.631,-1.631,0.0,0.3540156165319211,-0.3540156165319211,True
2025-03-12 11:00:00,-1.632,-1.632,0.0,0.2835959352177918,-0.2835959352177918,True
2025-03-12 12:00:00,-1.633,-1.633,0.0,0.3378228913083117,-0.3378228913083117,True
2025-03-12 13:00:00,-1.633,-1.633,0.0,0.4062972165836206,-0.4062972165836206,True
2025-03-12 14:00:00,-1.634,-1.634,0.0,0.379094517001303,-0.379094517001303,True
2025-03-12 15:00:00,-1.634,-1.634,0.0,0.1863183155240837,-0.1863183155240837,True
2025-03-12 16:00:00,-1.634,-1.634,0.0,0.1411817663045019,-0.1411817663045019,True
2025-03-12 17:00:00,-1.633,-1.633,0.0,0.0116331206957671,-0.0116331206957671,True
2025-03-12 18:00:00,-1.634,-1.634,0.0,0.0,0.0,True
2025-03-12 19:00:00,-1.636,-1.636,0.0,0.0,0.0,True
2025-03-12 20:00:00,-1.636,-1.636,0.0,0.0,0.0,True
2025-03-12 21:00:00,-1.634,-1.634,0.0,0.0,0.0,True
2025-03-12 22:00:00,-1.636,-1.636,0.0,0.0,0.0,True
2025-03-12 23:00:00,-1.635,-1.635,0.0,0.0,0.0,True
2025-03-13 00:00:00,-1.635,-1.635,0.0,0.0,0.0,True
2025-03-13 01:00:00,-1.635,-1.635,0.0,0.0,0.0,True
2025-03-13 02:00:00,-1.635,-1.635,0.0,0.0,0.0,True
2025-03-13 03:00:00,-1.635,-1.635,0.0,0.0,0.0,True
2025-03-13 04:00:00,-1.635,-1.635,0.0,0.0,0.0,True
2025-03-13 05:00:00,-1.635,-1.635,0.0,0.0,0.0,True
2025-03-13 06:00:00,-1.635,-1.635,0.0,0.0185931491396963,-0.0185931491396963,True
2025-03-13 07:00:00,-1.634,-1.634,0.1,0.0652670506408271,0.0347329493591729,True
2025-03-13 08:00:00,-1.633,-1.633,0.0,0.2816159271416296,-0.2816159271416296,True
2025-03-13 09:00:00,-1.634,-1.634,0.0,0.5522088375523779,-0.5522088375523779,True
2025-03-13 10:00:00,-1.635,-1.635,0.0,0.4203053502391053,-0.4203053502391053,True
2025-03-13 11:00:00,-1.637,-1.637,0.0,0.52291556849515,-0.52291556849515,True
2025-03-13 12:00:00,-1.64,-1.64,0.0,0.5408571919237685,-0.5408571919237685,True
2025-03-13 13:00:00,-1.64,-1.64,0.0,0.4255269111672004,-0.4255269111672004,True
2025-03-13 14:00:00,-1.641,-1.641,0.0,0.379094517001303,-0.379094517001303,True
2025-03-13 15:00:00,-1.643,-1.643,0.0,0.2123182423762882,-0.2123182423762882,True
2025-03-13 16:00:00,-1.644,-1.644,0.0,0.10909696538653,-0.10909696538653,True
2025-03-13 17:00:00,-1.644,-1.644,0.0,0.0083012135565371,-0.0083012135565371,True
2025-03-13 18:00:00,-1.643,-1.643,0.0,0.0,0.0,True
2025-03-13 19:00:00,-1.645,-1.645,0.0,0.0,0.0,True
2025-03-13 20:00:00,-1.646,-1.646,0.0,0.0,0.0,True
2025-03-13 21:00:00,-1.645,-1.645,0.0,0.0,0.0,True
2025-03-13 22:00:00,-1.646,-1.646,0.0,0.0,0.0,True
2025-03-13 23:00:00,-1.644,-1.644,0.0,0.0,0.0,True
2025-03-14 00:00:00,-1.646,-1.646,0.0,0.0,0.0,True
2025-03-14 01:00:00,-1.646,-1.646,0.1,0.0,0.1,True
2025-03-14 02:00:00,-1.646,-1.646,0.1,0.0,0.1,True
2025-03-14 03:00:00,-1.646,-1.646,0.2,0.0,0.2,True
2025-03-14 04:00:00,-1.648,-1.648,0.4,0.0,0.4,True
2025-03-14 05:00:00,-1.647,-1.647,0.1,0.0,0.1,True
2025-03-14 06:00:00,-1.647,-1.647,0.0,0.0604316611955079,-0.0604316611955079,True
2025-03-14 07:00:00,-1.649,-1.649,0.0,0.22332593639185,-0.22332593639185,True
2025-03-14 08:00:00,-1.65,-1.65,0.0,0.4282655172786408,-0.4282655172786408,True
2025-03-14 09:00:00,-1.648,-1.648,0.0,0.2789189639905832,-0.2789189639905832,True
2025-03-14 10:00:00,-1.651,-1.651,0.0,0.4991178283575518,-0.4991178283575518,True
2025-03-14 11:00:00,-1.655,-1.655,0.0,0.3914585338443007,-0.3914585338443007,True
2025-03-14 12:00:00,-1.656,-1.656,0.0,0.5063180310619603,-0.5063180310619603,True
2025-03-14 13:00:00,-1.656,-1.656,0.0,0.5520740720379169,-0.5520740720379169,True
2025-03-14 14:00:00,-1.657,-1.657,0.0,0.4860076914147812,-0.4860076914147812,True
2025-03-14 15:00:00,-1.658,-1.658,0.0,0.3380101749003674,-0.3380101749003674,True
2025-03-14 16:00:00,-1.659,-1.659,0.0,0.1509470743146541,-0.1509470743146541,True
2025-03-14 17:00:00,-1.659,-1.659,0.0,0.0196520147792703,-0.0196520147792703,True
2025-03-14 18:00:00,-1.66,-1.66,0.0,0.0,0.0,True
2025-03-14 19:00:00,-1.659,-1.659,0.0,0.0,0.0,True
2025-03-14 20:00:00,-1.662,-1.662,0.0,0.0,0.0,True
2025-03-14 21:00:00,-1.661,-1.661,0.0,0.0,0.0,True
2025-03-14 22:00:00,-1.661,-1.661,0.0,0.0,0.0,True
2025-03-14 23:00:00,-1.662,-1.662,0.0,0.0,0.0,True
2025-03-15 00:00:00,-1.663,-1.663,0.0,0.0,0.0,True
2025-03-15 01:00:00,-1.663,-1.663,0.0,0.0,0.0,True
2025-03-15 02:00:00,-1.664,-1.664,0.0,0.0,0.0,True
2025-03-15 03:00:00,-1.664,-1.664,0.0,0.0,0.0,True
2025-03-15 04:00:00,-1.664,-1.664,0.0,0.0,0.0,True
2025-03-15 05:00:00,-1.666,-1.666,0.0,0.0,0.0,True
2025-03-15 06:00:00,-1.666,-1.666,0.0,0.0555432160346216,-0.0555432160346216,True
2025-03-15 07:00:00,-1.665,-1.665,0.0,0.2181939307730601,-0.2181939307730601,True
2025-03-15 08:00:00,-1.665,-1.665,0.0,0.3920324801309487,-0.3920324801309487,True
2025-03-15 09:00:00,-1.663,-1.663,0.0,0.5450557863988296,-0.5450557863988296,True
2025-03-15 10:00:00,-1.665,-1.665,0.0,0.5988640056134936,-0.5988640056134936,True
2025-03-15 11:00:00,-1.668,-1.668,0.0,0.6941289871536525,-0.6941289871536525,True
2025-03-15 12:00:00,-1.67,-1.67,0.0,0.6892040751223079,-0.6892040751223079,True
2025-03-15 13:00:00,-1.67,-1.67,0.0,0.6345414285386904,-0.6345414285386904,True
2025-03-15 14:00:00,-1.671,-1.671,0.0,0.3603364246371082,-0.3603364246371082,True
2025-03-15 15:00:00,-1.673,-1.673,0.0,0.3102788560087754,-0.3102788560087754,True
2025-03-15 16:00:00,-1.671,-1.671,0.0,0.1611531791945592,-0.1611531791945592,True
2025-03-15 17:00:00,-1.671,-1.671,0.0,0.023588533056547,-0.023588533056547,True
2025-03-15 18:00:00,-1.671,-1.671,0.0,0.0,0.0,True
2025-03-15 19:00:00,-1.67,-1.67,0.0,0.0,0.0,True
2025-03-15 20:00:00,-1.67,-1.67,0.0,0.0,0.0,True
2025-03-15 21:00:00,-1.671,-1.671,0.0,0.0,0.0,True
2025-03-15 22:00:00,-1.668,-1.668,0.0,0.0,0.0,True
2025-03-15 23:00:00,-1.669,-1.669,0.0,0.0,0.0,True
2025-03-16 00:00:00,-1.667,-1.667,0.0,0.0,0.0,True
2025-03-16 01:00:00,-1.667,-1.667,0.0,0.0,0.0,True
2025-03-16 02:00:00,-1.668,-1.668,0.0,0.0,0.0,True
2025-03-16 03:00:00,-1.667,-1.667,0.0,0.0,0.0,True
2025-03-16 04:00:00,-1.668,-1.668,0.0,0.0,0.0,True
2025-03-16 05:00:00,-1.668,-1.668,0.0,0.0,0.0,True
2025-03-16 06:00:00,-1.669,-1.669,0.0,0.1231516329844878,-0.1231516329844878,True
2025-03-16 07:00:00,-1.67,-1.67,0.0,0.3048579725563914,-0.3048579725563914,True
2025-03-16 08:00:00,-1.668,-1.668,0.0,0.4286326464451125,-0.4286326464451125,True
2025-03-16 09:00:00,-1.667,-1.667,0.0,0.5619553865032493,-0.5619553865032493,True
2025-03-16 10:00:00,-1.669,-1.669,0.0,0.7164622399511469,-0.7164622399511469,True
2025-03-16 11:00:00,-1.672,-1.672,0.0,0.6346980931640686,-0.6346980931640686,True
2025-03-16 12:00:00,-1.673,-1.673,0.0,0.3289378399997941,-0.3289378399997941,True
2025-03-16 13:00:00,-1.673,-1.673,0.0,0.320097263149912,-0.320097263149912,True
2025-03-16 14:00:00,-1.672,-1.672,0.0,0.237617136158902,-0.237617136158902,True
2025-03-16 15:00:00,-1.672,-1.672,0.0,0.2792337827477956,-0.2792337827477956,True
2025-03-16 16:00:00,-1.672,-1.672,0.0,0.0959164966294383,-0.0959164966294383,True
2025-03-16 17:00:00,-1.671,-1.671,0.0,0.0189538415831981,-0.0189538415831981,True
2025-03-16 18:00:00,-1.672,-1.672,0.0,0.0,0.0,True
2025-03-16 19:00:00,-1.669,-1.669,0.0,0.0,0.0,True
2025-03-16 20:00:00,-1.671,-1.671,0.0,0.0,0.0,True
2025-03-16 21:00:00,-1.67,-1.67,0.0,0.0,0.0,True
2025-03-16 22:00:00,-1.671,-1.671,0.0,0.0,0.0,True
2025-03-16 23:00:00,-1.673,-1.673,0.0,0.0,0.0,True
2025-03-17 00:00:00,-1.674,-1.674,0.0,0.0,0.0,True
2025-03-17 01:00:00,-1.674,-1.674,0.0,0.0,0.0,True
2025-03-17 02:00:00,-1.674,-1.674,0.0,0.0,0.0,True
2025-03-17 03:00:00,-1.674,-1.674,0.0,0.0,0.0,True
2025-03-17 04:00:00,-1.674,-1.674,0.0,0.0,0.0,True
2025-03-17 05:00:00,-1.675,-1.675,0.0,0.0,0.0,True
2025-03-17 06:00:00,-1.676,-1.676,0.0,0.0489266877241085,-0.0489266877241085,True
2025-03-17 07:00:00,-1.676,-1.676,0.0,0.204285634769162,-0.204285634769162,True
2025-03-17 08:00:00,-1.677,-1.677,0.0,0.4251165061221802,-0.4251165061221802,True
2025-03-17 09:00:00,-1.676,-1.676,0.0,0.5893896043397406,-0.5893896043397406,True
2025-03-17 10:00:00,-1.678,-1.678,0.0,0.7157233816530986,-0.7157233816530986,True
2025-03-17 11:00:00,-1.68,-1.68,0.0,0.7808372711897632,-0.7808372711897632,True
2025-03-17 12:00:00,-1.68,-1.68,0.0,0.8276964273712747,-0.8276964273712747,True
2025-03-17 13:00:00,-1.685,-1.685,0.0,0.70062270200722,-0.70062270200722,True
2025-03-17 14:00:00,-1.688,-1.688,0.0,0.5717228274882431,-0.5717228274882431,True
2025-03-17 15:00:00,-1.685,-1.685,0.0,0.389311500624903,-0.389311500624903,True
2025-03-17 16:00:00,-1.685,-1.685,0.0,0.1896454283012994,-0.1896454283012994,True
2025-03-17 17:00:00,-1.682,-1.682,0.0,0.0315897359719969,-0.0315897359719969,True
2025-03-17 18:00:00,-1.684,-1.684,0.0,0.0,0.0,True
2025-03-17 19:00:00,-1.682,-1.682,0.0,0.0,0.0,True
2025-03-17 20:00:00,-1.681,-1.681,0.0,0.0,0.0,True
2025-03-17 21:00:00,-1.68,-1.68,0.0,0.0,0.0,True
2025-03-17 22:00:00,-1.681,-1.681,0.0,0.0,0.0,True
2025-03-17 23:00:00,-1.681,-1.681,0.0,0.0,0.0,True
2025-03-18 00:00:00,-1.681,-1.681,0.0,0.0,0.0,True
2025-03-18 01:00:00,-1.68,-1.68,0.0,0.0,0.0,True
2025-03-18 02:00:00,-1.68,-1.68,0.0,0.0,0.0,True
2025-03-18 03:00:00,-1.681,-1.681,0.0,0.0,0.0,True
2025-03-18 04:00:00,-1.679,-1.679,0.0,0.0,0.0,True
2025-03-18 05:00:00,-1.678,-1.678,0.0,0.0023166915878006,-0.0023166915878006,True
2025-03-18 06:00:00,-1.679,-1.679,0.0,0.0808674253561162,-0.0808674253561162,True
2025-03-18 07:00:00,-1.678,-1.678,0.0,0.2561193032926807,-0.2561193032926807,True
2025-03-18 08:00:00,-1.68,-1.68,0.0,0.4352732368330733,-0.4352732368330733,True
2025-03-18 09:00:00,-1.679,-1.679,0.0,0.6005016222166817,-0.6005016222166817,True
2025-03-18 10:00:00,-1.679,-1.679,0.0,0.7210274574212954,-0.7210274574212954,True
2025-03-18 11:00:00,-1.683,-1.683,0.0,0.7900272877742509,-0.7900272877742509,True
2025-03-18 12:00:00,-1.682,-1.682,0.0,0.8063503253306987,-0.8063503253306987,True
2025-03-18 13:00:00,-1.684,-1.684,0.0,0.7427017916878511,-0.7427017916878511,True
2025-03-18 14:00:00,-1.682,-1.682,0.0,0.606360399977038,-0.606360399977038,True
2025-03-18 15:00:00,-1.684,-1.684,0.0,0.4235692267283297,-0.4235692267283297,True
2025-03-18 16:00:00,-1.682,-1.682,0.0,0.21362133782793,-0.21362133782793,True
2025-03-18 17:00:00,-1.682,-1.682,0.0,0.0368139225034918,-0.0368139225034918,True
2025-03-18 18:00:00,-1.681,-1.681,0.0,0.0,0.0,True
2025-03-18 19:00:00,-1.678,-1.678,0.0,0.0,0.0,True
2025-03-18 20:00:00,-1.678,-1.678,0.0,0.0,0.0,True
2025-03-18 21:00:00,-1.679,-1.679,0.0,0.0,0.0,True
2025-03-18 22:00:00,-1.678,-1.678,0.0,0.0,0.0,True
2025-03-18 23:00:00,-1.677,-1.677,0.0,0.0,0.0,True
2025-03-19 00:00:00,-1.677,-1.677,0.0,0.0,0.0,True
2025-03-19 01:00:00,-1.677,-1.677,0.0,0.0,0.0,True
2025-03-19 02:00:00,-1.676,-1.676,0.0,0.0,0.0,True
2025-03-19 03:00:00,-1.677,-1.677,0.0,0.0,0.0,True
2025-03-19 04:00:00,-1.677,-1.677,0.0,0.0,0.0,True
2025-03-19 05:00:00,-1.676,-1.676,0.0,0.0028578717705102,-0.0028578717705102,True
2025-03-19 06:00:00,-1.676,-1.676,0.0,0.0887128026800083,-0.0887128026800083,True
2025-03-19 07:00:00,-1.677,-1.677,0.0,0.2702045583468722,-0.2702045583468722,True
2025-03-19 08:00:00,-1.676,-1.676,0.0,0.4589091325413792,-0.4589091325413792,True
2025-03-19 09:00:00,-1.675,-1.675,0.0,0.6263748755664152,-0.6263748755664152,True
2025-03-19 10:00:00,-1.678,-1.678,0.0,0.7632218664368213,-0.7632218664368213,True
2025-03-19 11:00:00,-1.679,-1.679,0.0,0.8437682234102898,-0.8437682234102898,True
2025-03-19 12:00:00,-1.68,-1.68,0.0,0.8679308940841577,-0.8679308940841577,True
2025-03-19 13:00:00,-1.682,-1.682,0.0,0.7967110628907751,-0.7967110628907751,True
2025-03-19 14:00:00,-1.682,-1.682,0.0,0.6518110250508573,-0.6518110250508573,True
2025-03-19 15:00:00,-1.68,-1.68,0.0,0.4468903866434758,-0.4468903866434758,True
2025-03-19 16:00:00,-1.679,-1.679,0.0,0.2154672793457866,-0.2154672793457866,True
2025-03-19 17:00:00,-1.678,-1.678,0.0,0.0311710900122849,-0.0311710900122849,True
2025-03-19 18:00:00,-1.677,-1.677,0.0,0.0,0.0,True
2025-03-19 19:00:00,-1.677,-1.677,0.0,0.0,0.0,True
2025-03-19 20:00:00,-1.677,-1.677,0.0,0.0,0.0,True
2025-03-19 21:00:00,-1.677,-1.677,0.0,0.0,0.0,True
2025-03-19 22:00:00,-1.677,-1.677,0.0,0.0,0.0,True
2025-03-19 23:00:00,-1.677,-1.677,0.0,0.0,0.0,True
2025-03-20 00:00:00,-1.676,-1.676,0.0,0.0,0.0,True
2025-03-20 01:00:00,-1.676,-1.676,0.0,0.0,0.0,True
2025-03-20 02:00:00,-1.676,-1.676,0.0,0.0,0.0,True
2025-03-20 03:00:00,-1.677,-1.677,0.0,0.0,0.0,True
2025-03-20 04:00:00,-1.676,-1.676,0.0,0.0,0.0,True
2025-03-20 05:00:00,-1.677,-1.677,0.0,0.0029686921030541,-0.0029686921030541,True
2025-03-20 06:00:00,-1.675,-1.675,0.0,0.0823921537579626,-0.0823921537579626,True
2025-03-20 07:00:00,-1.675,-1.675,0.0,0.2761449244993108,-0.2761449244993108,True
2025-03-20 08:00:00,-1.675,-1.675,0.0,0.5131532920690746,-0.5131532920690746,True
2025-03-20 09:00:00,-1.677,-1.677,0.0,0.8727360743568243,-0.8727360743568243,True
2025-03-20 10:00:00,-1.679,-1.679,0.0,0.8885668236014215,-0.8885668236014215,True
2025-03-20 11:00:00,-1.682,-1.682,0.0,0.9000740020254897,-0.9000740020254897,True
2025-03-20 12:00:00,-1.681,-1.681,0.0,0.9012004751218208,-0.9012004751218208,True
2025-03-20 13:00:00,-1.681,-1.681,0.0,0.8125378906120339,-0.8125378906120339,True
2025-03-20 14:00:00,-1.682,-1.682,0.0,0.6607940173094267,-0.6607940173094267,True
2025-03-20 15:00:00,-1.683,-1.683,0.0,0.4485244485951324,-0.4485244485951324,True
2025-03-20 16:00:00,-1.684,-1.684,0.0,0.2116497724681671,-0.2116497724681671,True
2025-03-20 17:00:00,-1.682,-1.682,0.0,0.0246482632197156,-0.0246482632197156,True
2025-03-20 18:00:00,-1.681,-1.681,0.0,0.0,0.0,True
2025-03-20 19:00:00,-1.679,-1.679,0.0,0.0,0.0,True
2025-03-20 20:00:00,-1.678,-1.678,0.0,0.0,0.0,True
2025-03-20 21:00:00,-1.678,-1.678,0.0,0.0,0.0,True
2025-03-20 22:00:00,-1.68,-1.68,0.0,0.0,0.0,True
2025-03-20 23:00:00,-1.679,-1.679,0.0,0.0,0.0,True
2025-03-21 00:00:00,-1.678,-1.678,0.0,0.0,0.0,True
2025-03-21 01:00:00,-1.678,-1.678,0.0,0.0,0.0,True
2025-03-21 02:00:00,-1.675,-1.675,0.0,0.0,0.0,True
2025-03-21 03:00:00,-1.675,-1.675,0.0,0.0,0.0,True
2025-03-21 04:00:00,-1.675,-1.675,0.0,0.0,0.0,True
2025-03-21 05:00:00,-1.674,-1.674,0.0,0.0064173530138409,-0.0064173530138409,True
2025-03-21 06:00:00,-1.674,-1.674,0.0,0.1281478144949494,-0.1281478144949494,True
2025-03-21 07:00:00,-1.673,-1.673,0.0,0.2508282835282026,-0.2508282835282026,True
2025-03-21 08:00:00,-1.671,-1.671,0.0,0.4212452397581955,-0.4212452397581955,True
2025-03-21 09:00:00,-1.673,-1.673,0.0,0.7293776825274344,-0.7293776825274344,True
2025-03-21 10:00:00,-1.674,-1.674,0.0,0.8845898847292888,-0.8845898847292888,True
2025-03-21 11:00:00,-1.677,-1.677,0.0,0.9830126816255756,-0.9830126816255756,True
2025-03-21 12:00:00,-1.674,-1.674,0.0,0.960875583063791,-0.960875583063791,True
2025-03-21 13:00:00,-1.674,-1.674,0.0,0.8762135651945026,-0.8762135651945026,True
2025-03-21 14:00:00,-1.673,-1.673,0.0,0.6924976188284959,-0.6924976188284959,True
2025-03-21 15:00:00,-1.671,-1.671,0.0,0.3898971410800845,-0.3898971410800845,True
2025-03-21 16:00:00,-1.669,-1.669,0.0,0.1454015172674166,-0.1454015172674166,True
2025-03-21 17:00:00,-1.666,-1.666,0.0,0.0341474046168212,-0.0341474046168212,True
2025-03-21 18:00:00,-1.665,-1.665,0.0,0.0,0.0,True
2025-03-21 19:00:00,-1.666,-1.666,0.0,0.0,0.0,True
2025-03-21 20:00:00,-1.663,-1.663,0.0,0.0,0.0,True
2025-03-21 21:00:00,-1.663,-1.663,0.0,0.0,0.0,True
2025-03-21 22:00:00,-1.663,-1.663,0.0,0.0,0.0,True
2025-03-21 23:00:00,-1.662,-1.662,0.0,0.0,0.0,True
2025-03-22 00:00:00,-1.661,-1.661,0.0,0.0,0.0,True
2025-03-22 01:00:00,-1.661,-1.661,0.0,0.0,0.0,True
2025-03-22 02:00:00,-1.66,-1.66,0.0,0.0,0.0,True
2025-03-22 03:00:00,-1.66,-1.66,0.0,0.0,0.0,True
2025-03-22 04:00:00,-1.658,-1.658,0.1,0.0,0.1,True
2025-03-22 05:00:00,-1.659,-1.659,0.0,0.0147283461919681,-0.0147283461919681,True
2025-03-22 06:00:00,-1.659,-1.659,0.0,0.1070511772151285,-0.1070511772151285,True
2025-03-22 07:00:00,-1.657,-1.657,0.0,0.2831033357391326,-0.2831033357391326,True
2025-03-22 08:00:00,-1.657,-1.657,0.0,0.4692017181190304,-0.4692017181190304,True
2025-03-22 09:00:00,-1.656,-1.656,0.0,0.6486059087308196,-0.6486059087308196,True
2025-03-22 10:00:00,-1.657,-1.657,0.0,0.8197398445898704,-0.8197398445898704,True
2025-03-22 11:00:00,-1.659,-1.659,0.0,0.6684919121497077,-0.6684919121497077,True
2025-03-22 12:00:00,-1.66,-1.66,0.0,0.8972107881600757,-0.8972107881600757,True
2025-03-22 13:00:00,-1.66,-1.66,0.0,0.6824713377671849,-0.6824713377671849,True
2025-03-22 14:00:00,-1.658,-1.658,0.0,0.3158787925676254,-0.3158787925676254,True
2025-03-22 15:00:00,-1.656,-1.656,0.0,0.1931986005947921,-0.1931986005947921,True
2025-03-22 16:00:00,-1.655,-1.655,0.0,0.0799768128896757,-0.0799768128896757,True
2025-03-22 17:00:00,-1.655,-1.655,0.0,0.0079450812973157,-0.0079450812973157,True
2025-03-22 18:00:00,-1.655,-1.655,0.0,0.0,0.0,True
2025-03-22 19:00:00,-1.654,-1.654,0.0,0.0,0.0,True
2025-03-22 20:00:00,-1.655,-1.655,0.0,0.0,0.0,True
2025-03-22 21:00:00,-1.654,-1.654,0.0,0.0,0.0,True
2025-03-22 22:00:00,-1.655,-1.655,0.0,0.0,0.0,True
2025-03-22 23:00:00,-1.654,-1.654,0.0,0.0,0.0,True
2025-03-23 00:00:00,-1.654,-1.654,0.0,0.0,0.0,True
2025-03-23 01:00:00,-1.653,-1.653,0.0,0.0,0.0,True
2025-03-23 02:00:00,-1.652,-1.652,0.0,0.0,0.0,True
2025-03-23 03:00:00,-1.651,-1.651,0.0,0.0,0.0,True
2025-03-23 04:00:00,-1.652,-1.652,0.0,0.0,0.0,True
2025-03-23 05:00:00,-1.652,-1.652,0.0,0.0035689277673673,-0.0035689277673673,True
2025-03-23 06:00:00,-1.652,-1.652,0.0,0.0466431076905413,-0.0466431076905413,True
2025-03-23 07:00:00,-1.653,-1.653,0.0,0.114813803545948,-0.114813803545948,True
2025-03-23 08:00:00,-1.654,-1.654,0.5,0.1895192626524477,0.3104807373475523,True
2025-03-23 09:00:00,-1.655,-1.655,0.0,0.4860152637228663,-0.4860152637228663,True
2025-03-23 10:00:00,-1.656,-1.656,0.0,0.5463315002940455,-0.5463315002940455,True
2025-03-23 11:00:00,-1.656,-1.656,0.0,0.7825267054888644,-0.7825267054888644,True
2025-03-23 12:00:00,-1.658,-1.658,0.0,0.6991120277054671,-0.6991120277054671,True
2025-03-23 13:00:00,-1.661,-1.661,0.0,0.7490486011130005,-0.7490486011130005,True
2025-03-23 14:00:00,-1.661,-1.661,0.0,0.6080199191016739,-0.6080199191016739,True
2025-03-23 15:00:00,-1.662,-1.662,0.0,0.4727441558308358,-0.4727441558308358,True
2025-03-23 16:00:00,-1.661,-1.661,0.0,0.2218503546489048,-0.2218503546489048,True
2025-03-23 17:00:00,-1.663,-1.663,0.0,0.0543714762165406,-0.0543714762165406,True
2025-03-23 18:00:00,-1.663,-1.663,0.0,0.0,0.0,True
2025-03-23 19:00:00,-1.663,-1.663,0.0,0.0,0.0,True
2025-03-23 20:00:00,-1.664,-1.664,0.0,0.0,0.0,True
2025-03-23 21:00:00,-1.666,-1.666,0.0,0.0,0.0,True
2025-03-23 22:00:00,-1.666,-1.666,0.0,0.0,0.0,True
2025-03-23 23:00:00,-1.667,-1.667,0.0,0.0,0.0,True
2025-03-24 00:00:00,-1.668,-1.668,0.0,0.0,0.0,True
2025-03-24 01:00:00,-1.668,-1.668,0.0,0.0,0.0,True
2025-03-24 02:00:00,-1.669,-1.669,0.0,0.0,0.0,True
2025-03-24 03:00:00,-1.67,-1.67,0.0,0.0,0.0,True
2025-03-24 04:00:00,-1.671,-1.671,0.0,0.0,0.0,True
2025-03-24 05:00:00,-1.671,-1.671,0.0,0.0033760536870429,-0.0033760536870429,True
2025-03-24 06:00:00,-1.671,-1.671,0.0,0.023564005113991,-0.023564005113991,True
2025-03-24 07:00:00,-1.674,-1.674,0.0,0.0753439472200648,-0.0753439472200648,True
2025-03-24 08:00:00,-1.674,-1.674,0.0,0.1645934898018477,-0.1645934898018477,True
2025-03-24 09:00:00,-1.676,-1.676,0.0,0.588854938337396,-0.588854938337396,True
2025-03-24 10:00:00,-1.678,-1.678,0.0,0.7965364533609515,-0.7965364533609515,True
2025-03-24 11:00:00,-1.681,-1.681,0.0,0.8387833374532407,-0.8387833374532407,True
2025-03-24 12:00:00,-1.682,-1.682,0.0,0.8133525317339337,-0.8133525317339337,True
2025-03-24 13:00:00,-1.684,-1.684,0.0,0.7069606172144688,-0.7069606172144688,True
2025-03-24 14:00:00,-1.683,-1.683,0.0,0.4484060885091567,-0.4484060885091567,True
2025-03-24 15:00:00,-1.683,-1.683,0.0,0.1629866706997869,-0.1629866706997869,True
2025-03-24 16:00:00,-1.685,-1.685,0.0,0.0692501702276003,-0.0692501702276003,True
2025-03-24 17:00:00,-1.684,-1.684,0.0,0.0160929699143967,-0.0160929699143967,True
2025-03-24 18:00:00,-1.685,-1.685,0.0,0.0,0.0,True
2025-03-24 19:00:00,-1.686,-1.686,0.0,0.0,0.0,True
2025-03-24 20:00:00,-1.687,-1.687,0.0,0.0,0.0,True
2025-03-24 21:00:00,-1.687,-1.687,0.0,0.0,0.0,True
2025-03-24 22:00:00,-1.688,-1.688,0.0,0.0,0.0,True
2025-03-24 23:00:00,-1.688,-1.688,0.0,0.0,0.0,True
2025-03-25 00:00:00,-1.689,-1.689,0.0,0.0,0.0,True
2025-03-25 01:00:00,-1.688,-1.688,0.0,0.0,0.0,True
2025-03-25 02:00:00,-1.689,-1.689,0.0,0.0,0.0,True
2025-03-25 03:00:00,-1.688,-1.688,0.0,0.0,0.0,True
2025-03-25 04:00:00,-1.689,-1.689,0.0,0.0,0.0,True
2025-03-25 05:00:00,-1.689,-1.689,0.0,0.0065163620192109,-0.0065163620192109,True
2025-03-25 06:00:00,-1.69,-1.69,0.0,0.1088216960719433,-0.1088216960719433,True
2025-03-25 07:00:00,-1.691,-1.691,0.0,0.2054834924183587,-0.2054834924183587,True
2025-03-25 08:00:00,-1.69,-1.69,0.0,0.2118595125428106,-0.2118595125428106,True
2025-03-25 09:00:00,-1.691,-1.691,0.0,0.4543990643626859,-0.4543990643626859,True
2025-03-25 10:00:00,-1.694,-1.694,0.0,0.7899638594495693,-0.7899638594495693,True
2025-03-25 11:00:00,-1.695,-1.695,0.0,0.7756973219314368,-0.7756973219314368,True
2025-03-25 12:00:00,-1.696,-1.696,0.0,0.7171951172058029,-0.7171951172058029,True
2025-03-25 13:00:00,-1.699,-1.699,0.0,0.2386778593741637,-0.2386778593741637,True
2025-03-25 14:00:00,-1.697,-1.697,0.0,0.1803439420069064,-0.1803439420069064,True
2025-03-25 15:00:00,-1.697,-1.697,0.0,0.1277952892638398,-0.1277952892638398,True
2025-03-25 16:00:00,-1.7,-1.7,0.0,0.0633812482792689,-0.0633812482792689,True
2025-03-25 17:00:00,-1.698,-1.698,0.0,0.0138151597906151,-0.0138151597906151,True
2025-03-25 18:00:00,-1.7,-1.7,0.0,0.0,0.0,True
2025-03-25 19:00:00,-1.699,-1.699,0.0,0.0,0.0,True
2025-03-25 20:00:00,-1.701,-1.701,0.0,0.0,0.0,True
2025-03-25 21:00:00,-1.702,-1.702,0.0,0.0,0.0,True
2025-03-25 22:00:00,-1.7,-1.7,0.0,0.0,0.0,True
2025-03-25 23:00:00,-1.702,-1.702,0.0,0.0,0.0,True
2025-03-26 00:00:00,-1.702,-1.702,0.0,0.0,0.0,True
2025-03-26 01:00:00,-1.702,-1.702,0.0,0.0,0.0,True
2025-03-26 02:00:00,-1.703,-1.703,0.0,0.0,0.0,True
2025-03-26 03:00:00,-1.704,-1.704,0.0,0.0,0.0,True
2025-03-26 04:00:00,-1.705,-1.705,0.0,0.0,0.0,True
2025-03-26 05:00:00,-1.706,-1.706,0.0,0.0066149308020302,-0.0066149308020302,True
2025-03-26 06:00:00,-1.706,-1.706,0.0,0.0600645883539489,-0.0600645883539489,True
2025-03-26 07:00:00,-1.706,-1.706,0.0,0.2106811868068814,-0.2106811868068814,True
2025-03-26 08:00:00,-1.707,-1.707,0.0,0.1896259280191862,-0.1896259280191862,True
2025-03-26 09:00:00,-1.708,-1.708,0.0,0.4577360680922737,-0.4577360680922737,True
2025-03-26 10:00:00,-1.71,-1.71,0.0,0.4586175226388326,-0.4586175226388326,True
2025-03-26 11:00:00,-1.716,-1.716,0.0,0.3636010497402299,-0.3636010497402299,True
2025-03-26 12:00:00,-1.715,-1.715,0.0,0.668623971375753,-0.668623971375753,True
2025-03-26 13:00:00,-1.716,-1.716,0.0,0.4796277315402106,-0.4796277315402106,True
2025-03-26 14:00:00,-1.717,-1.717,0.0,0.3163037623409742,-0.3163037623409742,True
2025-03-26 15:00:00,-1.716,-1.716,0.0,0.3515700930876207,-0.3515700930876207,True
2025-03-26 16:00:00,-1.715,-1.715,0.0,0.1863537490528075,-0.1863537490528075,True
2025-03-26 17:00:00,-1.716,-1.716,0.0,0.0607689663667725,-0.0607689663667725,True
2025-03-26 18:00:00,-1.715,-1.715,0.0,0.0,0.0,True
2025-03-26 19:00:00,-1.714,-1.714,0.0,0.0,0.0,True
2025-03-26 20:00:00,-1.715,-1.715,0.0,0.0,0.0,True
2025-03-26 21:00:00,-1.715,-1.715,0.0,0.0,0.0,True
2025-03-26 22:00:00,-1.715,-1.715,0.0,0.0,0.0,True
2025-03-26 23:00:00,-1.714,-1.714,0.0,0.0,0.0,True
2025-03-27 00:00:00,-1.713,-1.713,0.0,0.0,0.0,True
2025-03-27 01:00:00,-1.713,-1.713,0.0,0.0,0.0,True
2025-03-27 02:00:00,-1.713,-1.713,0.0,0.0,0.0,True
2025-03-27 03:00:00,-1.713,-1.713,0.0,0.0,0.0,True
2025-03-27 04:00:00,-1.712,-1.712,0.0,0.0,0.0,True
2025-03-27 05:00:00,-1.714,-1.714,0.0,0.0142389268305582,-0.0142389268305582,True
2025-03-27 06:00:00,-1.713,-1.713,0.0,0.1456576811950823,-0.1456576811950823,True
2025-03-27 07:00:00,-1.712,-1.712,0.0,0.3253488629957347,-0.3253488629957347,True
2025-03-27 08:00:00,-1.713,-1.713,0.0,0.5293622941080094,-0.5293622941080094,True
2025-03-27 09:00:00,-1.714,-1.714,0.0,0.6728134885329337,-0.6728134885329337,True
2025-03-27 10:00:00,-1.715,-1.715,0.0,0.8268831366673554,-0.8268831366673554,True
2025-03-27 11:00:00,-1.715,-1.715,0.0,0.895656880694637,-0.895656880694637,True
2025-03-27 12:00:00,-1.715,-1.715,0.0,0.924987894490508,-0.924987894490508,True
2025-03-27 13:00:00,-1.719,-1.719,0.0,0.8616274821065846,-0.8616274821065846,True
2025-03-27 14:00:00,-1.717,-1.717,0.0,0.7189140801628218,-0.7189140801628218,True
2025-03-27 15:00:00,-1.716,-1.716,0.0,0.511322025437363,-0.511322025437363,True
2025-03-27 16:00:00,-1.716,-1.716,0.0,0.2763773782133172,-0.2763773782133172,True
2025-03-27 17:00:00,-1.716,-1.716,0.0,0.0679902937069458,-0.0679902937069458,True
2025-03-27 18:00:00,-1.714,-1.714,0.0,0.0,0.0,True
2025-03-27 19:00:00,-1.713,-1.713,0.0,0.0,0.0,True
2025-03-27 20:00:00,-1.712,-1.712,0.0,0.0,0.0,True
2025-03-27 21:00:00,-1.712,-1.712,0.0,0.0,0.0,True
2025-03-27 22:00:00,-1.71,-1.71,0.0,0.0,0.0,True
2025-03-27 23:00:00,-1.711,-1.711,0.0,0.0,0.0,True
2025-03-28 00:00:00,-1.709,-1.709,0.0,0.0,0.0,True
2025-03-28 01:00:00,-1.707,-1.707,0.0,0.0,0.0,True
2025-03-28 02:00:00,-1.708,-1.708,0.0,0.0,0.0,True
2025-03-28 03:00:00,-1.707,-1.707,0.0,0.0,0.0,True
2025-03-28 04:00:00,-1.705,-1.705,0.0,0.0,0.0,True
2025-03-28 05:00:00,-1.705,-1.705,0.0,0.0064768088388982,-0.0064768088388982,True
2025-03-28 06:00:00,-1.705,-1.705,0.0,0.0400430589026326,-0.0400430589026326,True
2025-03-28 07:00:00,-1.704,-1.704,0.0,0.125274975113283,-0.125274975113283,True
2025-03-28 08:00:00,-1.703,-1.703,0.0,0.1643867939346869,-0.1643867939346869,True
2025-03-28 09:00:00,-1.704,-1.704,0.0,0.2995162205218327,-0.2995162205218327,True
2025-03-28 10:00:00,-1.705,-1.705,0.0,0.220019578363339,-0.220019578363339,True
2025-03-28 11:00:00,-1.706,-1.706,0.0,0.3201696841897418,-0.3201696841897418,True
2025-03-28 12:00:00,-1.706,-1.706,0.0,0.2482214405515975,-0.2482214405515975,True
2025-03-28 13:00:00,-1.705,-1.705,0.0,0.2266369674601542,-0.2266369674601542,True
2025-03-28 14:00:00,-1.705,-1.705,0.0,0.1216668413703241,-0.1216668413703241,True
2025-03-28 15:00:00,-1.706,-1.706,0.0,0.0601854322626702,-0.0601854322626702,True
2025-03-28 16:00:00,-1.705,-1.705,0.2,0.0417929610030464,0.1582070389969536,True
2025-03-28 17:00:00,-1.706,-1.706,0.0,0.0102741746209179,-0.0102741746209179,True
2025-03-28 18:00:00,-1.706,-1.706,0.0,0.0033662864448558,-0.0033662864448558,True
2025-03-28 19:00:00,-1.707,-1.707,0.0,0.0,0.0,True
2025-03-28 20:00:00,-1.708,-1.708,0.0,0.0,0.0,True
2025-03-28 21:00:00,-1.708,-1.708,0.0,0.0,0.0,True
2025-03-28 22:00:00,-1.709,-1.709,0.0,0.0,0.0,True
2025-03-28 23:00:00,-1.709,-1.709,0.0,0.0,0.0,True
2025-03-29 00:00:00,-1.71,-1.71,0.0,0.0,0.0,True
2025-03-29 01:00:00,-1.709,-1.709,0.0,0.0,0.0,True
2025-03-29 02:00:00,-1.709,-1.709,0.0,0.0,0.0,True
2025-03-29 03:00:00,-1.712,-1.712,0.0,0.0,0.0,True
2025-03-29 04:00:00,-1.713,-1.713,0.0,0.0,0.0,True
2025-03-29 05:00:00,-1.715,-1.715,0.0,0.0164208373223508,-0.0164208373223508,True
2025-03-29 06:00:00,-1.714,-1.714,0.0,0.1543015466665691,-0.1543015466665691,True
2025-03-29 07:00:00,-1.716,-1.716,0.0,0.366101734451302,-0.366101734451302,True
2025-03-29 08:00:00,-1.716,-1.716,0.0,0.4881111850864238,-0.4881111850864238,True
2025-03-29 09:00:00,-1.718,-1.718,0.0,0.5005315496167061,-0.5005315496167061,True
2025-03-29 10:00:00,-1.721,-1.721,0.0,0.6636657065854156,-0.6636657065854156,True
2025-03-29 11:00:00,-1.722,-1.722,0.0,0.5495061017718912,-0.5495061017718912,True
2025-03-29 12:00:00,-1.725,-1.725,0.0,0.8813659845672667,-0.8813659845672667,True
2025-03-29 13:00:00,-1.726,-1.726,0.0,0.4928454689212879,-0.4928454689212879,True
2025-03-29 14:00:00,-1.727,-1.727,0.0,0.6179827275332529,-0.6179827275332529,True
2025-03-29 15:00:00,-1.729,-1.729,0.0,0.4853741763619532,-0.4853741763619532,True
2025-03-29 16:00:00,-1.728,-1.728,0.0,0.2072273968592276,-0.2072273968592276,True
2025-03-29 17:00:00,-1.729,-1.729,0.0,0.0364902339725254,-0.0364902339725254,True
2025-03-29 18:00:00,-1.728,-1.728,0.0,0.0,0.0,True
2025-03-29 19:00:00,-1.727,-1.727,0.0,0.0,0.0,True
2025-03-29 20:00:00,-1.726,-1.726,0.0,0.0,0.0,True
2025-03-29 21:00:00,-1.725,-1.725,0.0,0.0,0.0,True
2025-03-29 22:00:00,-1.724,-1.724,0.0,0.0,0.0,True
2025-03-29 23:00:00,-1.722,-1.722,0.0,0.0,0.0,True
2025-03-30 00:00:00,-1.723,-1.723,0.0,0.0,0.0,True
2025-03-30 01:00:00,-1.721,-1.721,0.4,0.0,0.4,True
2025-03-30 02:00:00,,,0.0,0.0,0.0,False
2025-03-30 03:00:00,-1.72,-1.72,0.0,0.0,0.0,True
2025-03-30 04:00:00,-1.717,-1.717,0.0,0.0,0.0,True
2025-03-30 05:00:00,-1.715,-1.715,0.0,0.0140463650384582,-0.0140463650384582,True
2025-03-30 06:00:00,-1.714,-1.714,0.0,0.136701662912474,-0.136701662912474,True
2025-03-30 07:00:00,-1.715,-1.715,0.0,0.3626740271694482,-0.3626740271694482,True
2025-03-30 08:00:00,-1.716,-1.716,0.0,0.5861863486123121,-0.5861863486123121,True
2025-03-30 09:00:00,-1.717,-1.717,0.0,0.7419909512612007,-0.7419909512612007,True
2025-03-30 10:00:00,-1.718,-1.718,0.0,0.6466485195344307,-0.6466485195344307,True
2025-03-30 11:00:00,-1.72,-1.72,0.0,0.7158907670459826,-0.7158907670459826,True
2025-03-30 12:00:00,-1.721,-1.721,0.0,0.8301454925507945,-0.8301454925507945,True
2025-03-30 13:00:00,-1.723,-1.723,0.0,0.492198130322669,-0.492198130322669,True
2025-03-30 14:00:00,-1.725,-1.725,0.0,0.5082755048094099,-0.5082755048094099,True
2025-03-30 15:00:00,-1.728,-1.728,0.0,0.2929228274137463,-0.2929228274137463,True
2025-03-30 16:00:00,-1.73,-1.73,0.0,0.1184017349067589,-0.1184017349067589,True
2025-03-30 17:00:00,-1.727,-1.727,0.0,0.0354986914621777,-0.0354986914621777,True
2025-03-30 18:00:00,-1.731,-1.731,0.0,0.0,0.0,True
2025-03-30 19:00:00,-1.73,-1.73,0.0,0.0,0.0,True
2025-03-30 20:00:00,-1.732,-1.732,0.0,0.0,0.0,True
2025-03-30 21:00:00,-1.733,-1.733,0.0,0.0,0.0,True
2025-03-30 22:00:00,-1.734,-1.734,0.0,0.0,0.0,True
2025-03-30 23:00:00,-1.735,-1.735,0.0,0.0,0.0,True
2025-03-31 00:00:00,-1.737,-1.737,0.0,0.0,0.0,True
2025-03-31 01:00:00,-1.736,-1.736,0.0,0.0,0.0,True
2025-03-31 02:00:00,-1.737,-1.737,0.0,0.0,0.0,True
2025-03-31 03:00:00,-1.739,-1.739,0.0,0.0,0.0,True
2025-03-31 04:00:00,-1.739,-1.739,0.0,0.0,0.0,True
2025-03-31 05:00:00,-1.74,-1.74,0.0,0.0099813383316473,-0.0099813383316473,True
2025-03-31 06:00:00,-1.742,-1.742,0.0,0.1154488917456824,-0.1154488917456824,True
2025-03-31 07:00:00,-1.742,-1.742,0.0,0.421298025838692,-0.421298025838692,True
2025-03-31 08:00:00,-1.742,-1.742,0.0,0.3468769259937707,-0.3468769259937707,True
2025-03-31 09:00:00,-1.742,-1.742,0.0,0.3687170822595287,-0.3687170822595287,True
2025-03-31 10:00:00,-1.746,-1.746,0.0,0.7051656722234763,-0.7051656722234763,True
2025-03-31 11:00:00,-1.749,-1.749,0.0,0.8075329125621661,-0.8075329125621661,True
2025-03-31 12:00:00,-1.749,-1.749,0.0,0.8557479251461978,-0.8557479251461978,True
2025-03-31 13:00:00,-1.75,-1.75,0.0,0.7916486078182854,-0.7916486078182854,True
2025-03-31 14:00:00,-1.75,-1.75,0.0,0.6759890897013607,-0.6759890897013607,True
2025-03-31 15:00:00,-1.753,-1.753,0.0,0.5023103905135226,-0.5023103905135226,True
2025-03-31 16:00:00,-1.751,-1.751,0.0,0.2661511749987325,-0.2661511749987325,True
2025-03-31 17:00:00,-1.753,-1.753,0.0,0.0819480593823891,-0.0819480593823891,True
2025-03-31 18:00:00,-1.752,-1.752,0.0,0.0,0.0,True
2025-03-31 19:00:00,-1.753,-1.753,0.0,0.0,0.0,True
2025-03-31 20:00:00,-1.754,-1.754,0.0,0.0,0.0,True
2025-03-31 21:00:00,-1.755,-1.755,0.0,0.0,0.0,True
2025-03-31 22:00:00,-1.756,-1.756,0.0,0.0,0.0,True
2025-03-31 23:00:00,-1.754,-1.754,0.0,0.0,0.0,True
2025-04-01 00:00:00,-1.756,-1.756,0.0,0.0,0.0,True
2025-04-01 01:00:00,-1.753,-1.753,0.0,0.0,0.0,True
2025-04-01 02:00:00,-1.754,-1.754,0.0,0.0,0.0,True
2025-04-01 03:00:00,-1.751,-1.751,0.0,0.0,0.0,True
2025-04-01 04:00:00,-1.751,-1.751,0.0,0.0,0.0,True
2025-04-01 05:00:00,-1.752,-1.752,0.0,0.0181738727859181,-0.0181738727859181,True
2025-04-01 06:00:00,-1.752,-1.752,0.0,0.1001301074281349,-0.1001301074281349,True
2025-04-01 07:00:00,-1.748,-1.748,0.0,0.314209213096436,-0.314209213096436,True
2025-04-01 08:00:00,-1.751,-1.751,0.0,0.588037136813217,-0.588037136813217,True
2025-04-01 09:00:00,-1.754,-1.754,0.0,0.7633904281293123,-0.7633904281293123,True
2025-04-01 10:00:00,-1.751,-1.751,0.0,0.8904096434617398,-0.8904096434617398,True
2025-04-01 11:00:00,-1.753,-1.753,0.0,0.9634326454748084,-0.9634326454748084,True
2025-04-01 12:00:00,-1.756,-1.756,0.0,0.9543477567359544,-0.9543477567359544,True
2025-04-01 13:00:00,-1.758,-1.758,0.0,0.879554968558499,-0.879554968558499,True
2025-04-01 14:00:00,-1.756,-1.756,0.0,0.7503121877001843,-0.7503121877001843,True
2025-04-01 15:00:00,-1.757,-1.757,0.0,0.5499670485760513,-0.5499670485760513,True
2025-04-01 16:00:00,-1.753,-1.753,0.0,0.3138500108072177,-0.3138500108072177,True
2025-04-01 17:00:00,-1.754,-1.754,0.0,0.1016690664667417,-0.1016690664667417,True
2025-04-01 18:00:00,-1.756,-1.756,0.0,0.0036351925149014,-0.0036351925149014,True
2025-04-01 19:00:00,-1.751,-1.751,0.0,0.0,0.0,True
2025-04-01 20:00:00,-1.752,-1.752,0.0,0.0,0.0,True
2025-04-01 21:00:00,-1.752,-1.752,0.0,0.0,0.0,True
2025-04-01 22:00:00,-1.754,-1.754,0.0,0.0,0.0,True
2025-04-01 23:00:00,-1.751,-1.751,0.0,0.0,0.0,True
2025-04-02 00:00:00,-1.752,-1.752,0.0,0.0,0.0,True
2025-04-02 01:00:00,-1.751,-1.751,0.0,0.0,0.0,True
2025-04-02 02:00:00,-1.752,-1.752,0.0,0.0,0.0,True
2025-04-02 03:00:00,-1.75,-1.75,0.0,0.0,0.0,True
2025-04-02 04:00:00,-1.75,-1.75,0.0,0.0,0.0,True
2025-04-02 05:00:00,-1.75,-1.75,0.0,0.0255900087429917,-0.0255900087429917,True
2025-04-02 06:00:00,-1.75,-1.75,0.0,0.1702645016754851,-0.1702645016754851,True
2025-04-02 07:00:00,-1.751,-1.751,0.0,0.393149793575056,-0.393149793575056,True
2025-04-02 08:00:00,-1.751,-1.751,0.0,0.6275413836748914,-0.6275413836748914,True
2025-04-02 09:00:00,-1.749,-1.749,0.0,0.8156839642590512,-0.8156839642590512,True
2025-04-02 10:00:00,-1.749,-1.749,0.0,0.9467289907630596,-0.9467289907630596,True
2025-04-02 11:00:00,-1.752,-1.752,0.0,1.0201350634712665,-1.0201350634712665,True
2025-04-02 12:00:00,-1.754,-1.754,0.0,0.9947180911262152,-0.9947180911262152,True
2025-04-02 13:00:00,-1.752,-1.752,0.0,0.9404721325085452,-0.9404721325085452,True
2025-04-02 14:00:00,-1.752,-1.752,0.0,0.6424140958389364,-0.6424140958389364,True
2025-04-02 15:00:00,-1.752,-1.752,0.0,0.4292862893650738,-0.4292862893650738,True
2025-04-02 16:00:00,-1.751,-1.751,0.0,0.2859688499560436,-0.2859688499560436,True
2025-04-02 17:00:00,-1.749,-1.749,0.0,0.0990934157824347,-0.0990934157824347,True
2025-04-02 18:00:00,-1.75,-1.75,0.0,0.0038656884849513,-0.0038656884849513,True
2025-04-02 19:00:00,-1.749,-1.749,0.0,0.0,0.0,True
2025-04-02 20:00:00,-1.749,-1.749,0.0,0.0,0.0,True
2025-04-02 21:00:00,-1.747,-1.747,0.0,0.0,0.0,True
2025-04-02 22:00:00,-1.747,-1.747,0.0,0.0,0.0,True
2025-04-02 23:00:00,-1.748,-1.748,0.0,0.0,0.0,True
2025-04-03 00:00:00,-1.748,-1.748,0.0,0.0,0.0,True
2025-04-03 01:00:00,-1.748,-1.748,0.0,0.0,0.0,True
2025-04-03 02:00:00,-1.749,-1.749,0.0,0.0,0.0,True
2025-04-03 03:00:00,-1.748,-1.748,0.0,0.0,0.0,True
2025-04-03 04:00:00,-1.749,-1.749,0.0,0.0,0.0,True
2025-04-03 05:00:00,-1.749,-1.749,0.0,0.0346345444580944,-0.0346345444580944,True
2025-04-03 06:00:00,-1.749,-1.749,0.0,0.1932355715881619,-0.1932355715881619,True
2025-04-03 07:00:00,-1.749,-1.749,0.0,0.4261152094041913,-0.4261152094041913,True
2025-04-03 08:00:00,-1.748,-1.748,0.0,0.6610327309266841,-0.6610327309266841,True
2025-04-03 09:00:00,-1.754,-1.754,0.0,0.8557518979195304,-0.8557518979195304,True
2025-04-03 10:00:00,-1.753,-1.753,0.0,1.0154287321325124,-1.0154287321325124,True
2025-04-03 11:00:00,-1.752,-1.752,0.0,1.099204238633515,-1.099204238633515,True
2025-04-03 12:00:00,-1.753,-1.753,0.0,1.0898024923351697,-1.0898024923351697,True
2025-04-03 13:00:00,-1.753,-1.753,0.0,0.9985866272451646,-0.9985866272451646,True
2025-04-03 14:00:00,-1.755,-1.755,0.0,0.8233959908863637,-0.8233959908863637,True
2025-04-03 15:00:00,-1.754,-1.754,0.0,0.5978836495995845,-0.5978836495995845,True
2025-04-03 16:00:00,-1.753,-1.753,0.0,0.3360758325412429,-0.3360758325412429,True
2025-04-03 17:00:00,-1.753,-1.753,0.0,0.1031938195589119,-0.1031938195589119,True
2025-04-03 18:00:00,-1.752,-1.752,0.0,0.0,0.0,True
2025-04-03 19:00:00,-1.752,-1.752,0.0,0.0,0.0,True
2025-04-03 20:00:00,-1.751,-1.751,0.0,0.0,0.0,True
2025-04-03 21:00:00,-1.751,-1.751,0.0,0.0,0.0,True
2025-04-03 22:00:00,-1.751,-1.751,0.0,0.0,0.0,True
2025-04-03 23:00:00,-1.751,-1.751,0.0,0.0,0.0,True
2025-04-04 00:00:00,-1.751,-1.751,0.0,0.0,0.0,True
2025-04-04 01:00:00,-1.752,-1.752,0.0,0.0,0.0,True
2025-04-04 02:00:00,-1.751,-1.751,0.0,0.0,0.0,True
2025-04-04 03:00:00,-1.75,-1.75,0.0,0.0,0.0,True
2025-04-04 04:00:00,-1.75,-1.75,0.0,0.0,0.0,True
2025-04-04 05:00:00,-1.75,-1.75,0.0,0.0383850131144876,-0.0383850131144876,True
2025-04-04 06:00:00,-1.751,-1.751,0.0,0.2242125345636083,-0.2242125345636083,True
2025-04-04 07:00:00,-1.75,-1.75,0.0,0.4403927506562953,-0.4403927506562953,True
2025-04-04 08:00:00,-1.751,-1.751,0.0,0.7055993808004101,-0.7055993808004101,True
2025-04-04 09:00:00,-1.75,-1.75,0.0,0.9149455624284368,-0.9149455624284368,True
2025-04-04 10:00:00,-1.751,-1.751,0.0,1.067757374883604,-1.067757374883604,True
2025-04-04 11:00:00,-1.753,-1.753,0.0,1.1359954764833249,-1.1359954764833249,True
2025-04-04 12:00:00,-1.752,-1.752,0.0,1.1256320643058229,-1.1256320643058229,True
2025-04-04 13:00:00,-1.754,-1.754,0.0,1.012709145702189,-1.012709145702189,True
2025-04-04 14:00:00,-1.754,-1.754,0.0,0.8231855785945679,-0.8231855785945679,True
2025-04-04 15:00:00,-1.754,-1.754,0.0,0.5887844128590404,-0.5887844128590404,True
2025-04-04 16:00:00,-1.754,-1.754,0.0,0.3356920487111468,-0.3356920487111468,True
2025-04-04 17:00:00,-1.753,-1.753,0.0,0.1131462368429278,-0.1131462368429278,True
2025-04-04 18:00:00,-1.753,-1.753,0.0,0.0036633740118126,-0.0036633740118126,True
2025-04-04 19:00:00,-1.752,-1.752,0.0,0.0,0.0,True
2025-04-04 20:00:00,-1.754,-1.754,0.0,0.0,0.0,True
2025-04-04 21:00:00,-1.752,-1.752,0.0,0.0,0.0,True
2025-04-04 22:00:00,-1.752,-1.752,0.0,0.0,0.0,True
2025-04-04 23:00:00,-1.752,-1.752,0.0,0.0,0.0,True
2025-04-05 00:00:00,-1.752,-1.752,0.0,0.0,0.0,True
2025-04-05 01:00:00,-1.751,-1.751,0.0,0.0,0.0,True
2025-04-05 02:00:00,-1.752,-1.752,0.0,0.0,0.0,True
2025-04-05 03:00:00,-1.752,-1.752,0.0,0.0,0.0,True
2025-04-05 04:00:00,-1.752,-1.752,0.0,0.0,0.0,True
2025-04-05 05:00:00,-1.752,-1.752,0.0,0.042356353124871,-0.042356353124871,True
2025-04-05 06:00:00,-1.752,-1.752,0.0,0.2123329421656373,-0.2123329421656373,True
2025-04-05 07:00:00,-1.751,-1.751,0.0,0.4307523054969852,-0.4307523054969852,True
2025-04-05 08:00:00,-1.752,-1.752,0.0,0.6490126756529704,-0.6490126756529704,True
2025-04-05 09:00:00,-1.752,-1.752,0.0,0.8273389603831999,-0.8273389603831999,True
2025-04-05 10:00:00,-1.755,-1.755,0.0,0.978836547838832,-0.978836547838832,True
2025-04-05 11:00:00,-1.756,-1.756,0.0,1.0408254018594916,-1.0408254018594916,True
2025-04-05 12:00:00,-1.757,-1.757,0.0,1.0229739002628075,-1.0229739002628075,True
2025-04-05 13:00:00,-1.758,-1.758,0.0,0.9352193183704232,-0.9352193183704232,True
2025-04-05 14:00:00,-1.759,-1.759,0.0,0.7654063200203711,-0.7654063200203711,True
2025-04-05 15:00:00,-1.759,-1.759,0.0,0.5497660631164552,-0.5497660631164552,True
2025-04-05 16:00:00,-1.76,-1.76,0.0,0.3162617487964294,-0.3162617487964294,True
2025-04-05 17:00:00,-1.76,-1.76,0.0,0.1120636526310452,-0.1120636526310452,True
2025-04-05 18:00:00,-1.759,-1.759,0.0,0.0067716202763936,-0.0067716202763936,True
2025-04-05 19:00:00,-1.76,-1.76,0.0,0.0,0.0,True
2025-04-05 20:00:00,-1.76,-1.76,0.0,0.0,0.0,True
2025-04-05 21:00:00,-1.762,-1.762,0.0,0.0,0.0,True
2025-04-05 22:00:00,-1.76,-1.76,0.0,0.0,0.0,True
2025-04-05 23:00:00,-1.762,-1.762,0.0,0.0,0.0,True
2025-04-06 00:00:00,-1.761,-1.761,0.0,0.0,0.0,True
2025-04-06 01:00:00,-1.763,-1.763,0.0,0.0,0.0,True
2025-04-06 02:00:00,-1.764,-1.764,0.0,0.0,0.0,True
2025-04-06 03:00:00,-1.765,-1.765,0.0,0.0,0.0,True
2025-04-06 04:00:00,-1.763,-1.763,0.0,0.0,0.0,True
2025-04-06 05:00:00,-1.762,-1.762,0.0,0.0472351673469089,-0.0472351673469089,True
2025-04-06 06:00:00,-1.763,-1.763,0.0,0.2150399466339608,-0.2150399466339608,True
2025-04-06 07:00:00,-1.764,-1.764,0.0,0.4237890400528618,-0.4237890400528618,True
2025-04-06 08:00:00,-1.766,-1.766,0.0,0.6355785376284321,-0.6355785376284321,True
2025-04-06 09:00:00,-1.765,-1.765,0.0,0.8093701653376525,-0.8093701653376525,True
2025-04-06 10:00:00,-1.766,-1.766,0.0,0.9232366198101069,-0.9232366198101069,True
2025-04-06 11:00:00,-1.768,-1.768,0.0,0.985137171538303,-0.985137171538303,True
2025-04-06 12:00:00,-1.769,-1.769,0.0,0.9757529352178866,-0.9757529352178866,True
2025-04-06 13:00:00,-1.769,-1.769,0.0,0.8896321968567579,-0.8896321968567579,True
2025-04-06 14:00:00,-1.772,-1.772,0.0,0.7513040260449503,-0.7513040260449503,True
2025-04-06 15:00:00,-1.773,-1.773,0.0,0.5537129855954924,-0.5537129855954924,True
2025-04-06 16:00:00,-1.772,-1.772,0.0,0.3308025188560353,-0.3308025188560353,True
2025-04-06 17:00:00,-1.772,-1.772,0.0,0.1102116293953239,-0.1102116293953239,True
2025-04-06 18:00:00,-1.771,-1.771,0.0,0.0033074654010151,-0.0033074654010151,True
2025-04-06 19:00:00,-1.77,-1.77,0.0,0.0,0.0,True
2025-04-06 20:00:00,-1.771,-1.771,0.0,0.0,0.0,True
2025-04-06 21:00:00,-1.77,-1.77,0.0,0.0,0.0,True
2025-04-06 22:00:00,-1.771,-1.771,0.0,0.0,0.0,True
2025-04-06 23:00:00,-1.772,-1.772,0.0,0.0,0.0,True
2025-04-07 00:00:00,-1.773,-1.773,0.0,0.0,0.0,True
2025-04-07 01:00:00,-1.772,-1.772,0.0,0.0,0.0,True
2025-04-07 02:00:00,-1.772,-1.772,0.0,0.0,0.0,True
2025-04-07 03:00:00,-1.771,-1.771,0.0,0.0,0.0,True
2025-04-07 04:00:00,-1.77,-1.77,0.0,0.0,0.0,True
2025-04-07 05:00:00,-1.771,-1.771,0.0,0.0523180601315305,-0.0523180601315305,True
2025-04-07 06:00:00,-1.771,-1.771,0.0,0.2040194784252948,-0.2040194784252948,True
2025-04-07 07:00:00,-1.772,-1.772,0.0,0.4477347444185036,-0.4477347444185036,True
2025-04-07 08:00:00,-1.774,-1.774,0.0,0.647323285272353,-0.647323285272353,True
2025-04-07 09:00:00,-1.773,-1.773,0.0,0.8273389603831999,-0.8273389603831999,True
2025-04-07 10:00:00,-1.775,-1.775,0.0,0.9275100452726456,-0.9275100452726456,True
2025-04-07 11:00:00,-1.777,-1.777,0.0,0.9942688219431132,-0.9942688219431132,True
2025-04-07 12:00:00,-1.778,-1.778,0.0,0.9752699338846704,-0.9752699338846704,True
2025-04-07 13:00:00,-1.779,-1.779,0.0,0.8908318297924708,-0.8908318297924708,True
2025-04-07 14:00:00,-1.779,-1.779,0.0,0.7508272574333765,-0.7508272574333765,True
2025-04-07 15:00:00,-1.78,-1.78,0.0,0.5481038685195805,-0.5481038685195805,True
2025-04-07 16:00:00,-1.781,-1.781,0.0,0.3218534770348571,-0.3218534770348571,True
2025-04-07 17:00:00,-1.78,-1.78,0.0,0.1180856299418944,-0.1180856299418944,True
2025-04-07 18:00:00,-1.779,-1.779,0.0,0.0066149308020302,-0.0066149308020302,True
2025-04-07 19:00:00,-1.778,-1.778,0.0,0.0,0.0,True
2025-04-07 20:00:00,-1.779,-1.779,0.0,0.0,0.0,True
2025-04-07 21:00:00,-1.779,-1.779,0.0,0.0,0.0,True
2025-04-07 22:00:00,-1.78,-1.78,0.0,0.0,0.0,True
2025-04-07 23:00:00,-1.78,-1.78,0.0,0.0,0.0,True
2025-04-08 00:00:00,-1.78,-1.78,0.0,0.0,0.0,True
2025-04-08 01:00:00,-1.781,-1.781,0.0,0.0,0.0,True
2025-04-08 02:00:00,-1.78,-1.78,0.0,0.0,0.0,True
2025-04-08 03:00:00,-1.78,-1.78,0.0,0.0,0.0,True
2025-04-08 04:00:00,-1.78,-1.78,0.0,0.0,0.0,True
2025-04-08 05:00:00,-1.779,-1.779,0.0,0.0416574120259662,-0.0416574120259662,True
2025-04-08 06:00:00,-1.78,-1.78,0.0,0.220941019297582,-0.220941019297582,True
2025-04-08 07:00:00,-1.781,-1.781,0.0,0.4363952601719899,-0.4363952601719899,True
2025-04-08 08:00:00,-1.784,-1.784,0.0,0.63526914259138,-0.63526914259138,True
2025-04-08 09:00:00,-1.781,-1.781,0.0,0.8321515598461977,-0.8321515598461977,True
2025-04-08 10:00:00,-1.781,-1.781,0.0,0.9358780340028212,-0.9358780340028212,True
2025-04-08 11:00:00,-1.784,-1.784,0.0,1.0153972975176893,-1.0153972975176893,True
2025-04-08 12:00:00,-1.784,-1.784,0.0,0.9762422844734664,-0.9762422844734664,True
2025-04-08 13:00:00,-1.785,-1.785,0.0,0.8870571186492824,-0.8870571186492824,True
2025-04-08 14:00:00,-1.785,-1.785,0.0,0.760635238010438,-0.760635238010438,True
2025-04-08 15:00:00,-1.784,-1.784,0.0,0.5294608797944247,-0.5294608797944247,True
2025-04-08 16:00:00,-1.785,-1.785,0.0,0.3104967157609554,-0.3104967157609554,True
2025-04-08 17:00:00,-1.784,-1.784,0.0,0.0848888909894723,-0.0848888909894723,True
2025-04-08 18:00:00,-1.783,-1.783,0.0,0.009476920791599,-0.009476920791599,True
2025-04-08 19:00:00,-1.782,-1.782,0.0,0.0,0.0,True
2025-04-08 20:00:00,-1.782,-1.782,0.0,0.0,0.0,True
2025-04-08 21:00:00,-1.783,-1.783,0.0,0.0,0.0,True
2025-04-08 22:00:00,-1.783,-1.783,0.0,0.0,0.0,True
2025-04-08 23:00:00,-1.782,-1.782,0.0,0.0,0.0,True
2025-04-09 00:00:00,-1.782,-1.782,0.0,0.0,0.0,True
2025-04-09 01:00:00,-1.781,-1.781,0.0,0.0,0.0,True
2025-04-09 02:00:00,-1.781,-1.781,0.0,0.0,0.0,True
2025-04-09 03:00:00,-1.781,-1.781,0.0,0.0,0.0,True
2025-04-09 04:00:00,-1.781,-1.781,0.0,0.0,0.0,True
2025-04-09 05:00:00,-1.783,-1.783,0.0,0.0196083370862742,-0.0196083370862742,True
2025-04-09 06:00:00,-1.782,-1.782,0.0,0.0771996971428088,-0.0771996971428088,True
2025-04-09 07:00:00,-1.782,-1.782,0.0,0.1854589505313229,-0.1854589505313229,True
2025-04-09 08:00:00,-1.782,-1.782,0.0,0.3716224236406679,-0.3716224236406679,True
2025-04-09 09:00:00,-1.785,-1.785,0.0,0.3073289348567274,-0.3073289348567274,True
2025-04-09 10:00:00,-1.783,-1.783,0.0,0.3597145487527606,-0.3597145487527606,True
2025-04-09 11:00:00,-1.785,-1.785,0.0,0.37405308014742,-0.37405308014742,True
2025-04-09 12:00:00,-1.785,-1.785,0.0,0.4718381816345574,-0.4718381816345574,True
2025-04-09 13:00:00,-1.784,-1.784,0.0,0.533910789993693,-0.533910789993693,True
2025-04-09 14:00:00,-1.785,-1.785,0.0,0.5568162740105063,-0.5568162740105063,True
2025-04-09 15:00:00,-1.787,-1.787,0.0,0.5035288057741918,-0.5035288057741918,True
2025-04-09 16:00:00,-1.788,-1.788,0.0,0.1849351431765228,-0.1849351431765228,True
2025-04-09 17:00:00,-1.789,-1.789,0.0,0.0234955599999853,-0.0234955599999853,True
2025-04-09 18:00:00,-1.787,-1.787,0.0,0.0033662864448558,-0.0033662864448558,True
2025-04-09 19:00:00,-1.788,-1.788,0.0,0.0,0.0,True
2025-04-09 20:00:00,-1.79,-1.79,0.0,0.0,0.0,True
2025-04-09 21:00:00,-1.788,-1.788,0.0,0.0,0.0,True
2025-04-09 22:00:00,-1.789,-1.789,0.0,0.0,0.0,True
2025-04-09 23:00:00,-1.789,-1.789,0.0,0.0,0.0,True
2025-04-10 00:00:00,-1.79,-1.79,0.0,0.0,0.0,True
2025-04-10 01:00:00,-1.789,-1.789,0.0,0.0,0.0,True
2025-04-10 02:00:00,-1.79,-1.79,0.0,0.0,0.0,True
2025-04-10 03:00:00,-1.789,-1.789,0.0,0.0,0.0,True
2025-04-10 04:00:00,-1.79,-1.79,0.0,0.0,0.0,True
2025-04-10 05:00:00,-1.79,-1.79,0.0,0.0169777781978944,-0.0169777781978944,True
2025-04-10 06:00:00,-1.79,-1.79,0.0,0.0789917752263042,-0.0789917752263042,True
2025-04-10 07:00:00,-1.792,-1.792,0.0,0.1575895115124074,-0.1575895115124074,True
2025-04-10 08:00:00,-1.789,-1.789,0.0,0.3571709180757668,-0.3571709180757668,True
2025-04-10 09:00:00,-1.791,-1.791,0.0,0.651329856667592,-0.651329856667592,True
2025-04-10 10:00:00,-1.793,-1.793,0.0,0.9413802450624232,-0.9413802450624232,True
2025-04-10 11:00:00,-1.796,-1.796,0.0,1.0282731369970644,-1.0282731369970644,True
2025-04-10 12:00:00,-1.799,-1.799,0.0,1.01667607154221,-1.01667607154221,True
2025-04-10 13:00:00,-1.799,-1.799,0.0,0.927278827184546,-0.927278827184546,True
2025-04-10 14:00:00,-1.795,-1.795,0.0,0.7812184446424717,-0.7812184446424717,True
2025-04-10 15:00:00,-1.796,-1.796,0.0,0.5727493286090397,-0.5727493286090397,True
2025-04-10 16:00:00,-1.796,-1.796,0.0,0.3371965298085265,-0.3371965298085265,True
2025-04-10 17:00:00,-1.796,-1.796,0.0,0.1218891649750862,-0.1218891649750862,True
2025-04-10 18:00:00,-1.796,-1.796,0.0,0.0064768088388982,-0.0064768088388982,True
2025-04-10 19:00:00,-1.794,-1.794,0.0,0.0,0.0,True
2025-04-10 20:00:00,-1.795,-1.795,0.0,0.0,0.0,True
2025-04-10 21:00:00,-1.793,-1.793,0.0,0.0,0.0,True
2025-04-10 22:00:00,-1.792,-1.792,0.0,0.0,0.0,True
2025-04-10 23:00:00,-1.791,-1.791,0.0,0.0,0.0,True
2025-04-11 00:00:00,-1.792,-1.792,0.0,0.0,0.0,True
2025-04-11 01:00:00,-1.79,-1.79,0.0,0.0,0.0,True
2025-04-11 02:00:00,-1.79,-1.79,0.0,0.0,0.0,True
2025-04-11 03:00:00,-1.79,-1.79,0.0,0.0,0.0,True
2025-04-11 04:00:00,-1.789,-1.789,0.0,0.0030390114738833,-0.0030390114738833,True
2025-04-11 05:00:00,-1.786,-1.786,0.0,0.0557246803800246,-0.0557246803800246,True
2025-04-11 06:00:00,-1.786,-1.786,0.0,0.2458113881730191,-0.2458113881730191,True
2025-04-11 07:00:00,-1.786,-1.786,0.0,0.4760738382859091,-0.4760738382859091,True
2025-04-11 08:00:00,-1.785,-1.785,0.0,0.6794277214410717,-0.6794277214410717,True
2025-04-11 09:00:00,-1.785,-1.785,0.0,0.8621762657194296,-0.8621762657194296,True
2025-04-11 10:00:00,-1.785,-1.785,0.0,1.0161187836938208,-1.0161187836938208,True
2025-04-11 11:00:00,-1.788,-1.788,0.0,1.0739884717291086,-1.0739884717291086,True
2025-04-11 12:00:00,-1.788,-1.788,0.0,1.0608324650656151,-1.0608324650656151,True
2025-04-11 13:00:00,-1.787,-1.787,0.0,0.959795898439396,-0.959795898439396,True
2025-04-11 14:00:00,-1.789,-1.789,0.0,0.7917481424097624,-0.7917481424097624,True
2025-04-11 15:00:00,-1.789,-1.789,0.0,0.5768109220871527,-0.5768109220871527,True
2025-04-11 16:00:00,-1.787,-1.787,0.0,0.3646888412637172,-0.3646888412637172,True
2025-04-11 17:00:00,-1.787,-1.787,0.0,0.1489960889672195,-0.1489960889672195,True
2025-04-11 18:00:00,-1.788,-1.788,0.0,0.0104482402507616,-0.0104482402507616,True
2025-04-11 19:00:00,-1.788,-1.788,0.0,0.0,0.0,True
2025-04-11 20:00:00,-1.788,-1.788,0.0,0.0,0.0,True
2025-04-11 21:00:00,-1.784,-1.784,0.0,0.0,0.0,True
2025-04-11 22:00:00,-1.787,-1.787,0.0,0.0,0.0,True
2025-04-11 23:00:00,-1.784,-1.784,0.0,0.0,0.0,True
2025-04-12 00:00:00,-1.784,-1.784,0.0,0.0,0.0,True
2025-04-12 01:00:00,-1.783,-1.783,0.0,0.0,0.0,True
2025-04-12 02:00:00,-1.782,-1.782,0.0,0.0,0.0,True
2025-04-12 03:00:00,-1.781,-1.781,0.0,0.0,0.0,True
2025-04-12 04:00:00,-1.78,-1.78,0.0,0.0033467202275901,-0.0033467202275901,True
2025-04-12 05:00:00,-1.779,-1.779,0.0,0.0743467104421221,-0.0743467104421221,True
2025-04-12 06:00:00,-1.778,-1.778,0.0,0.2728632481272453,-0.2728632481272453,True
2025-04-12 07:00:00,-1.779,-1.779,0.0,0.5001918984812903,-0.5001918984812903,True
2025-04-12 08:00:00,-1.777,-1.777,0.0,0.7316591043609856,-0.7316591043609856,True
2025-04-12 09:00:00,-1.78,-1.78,0.0,0.9532596260835832,-0.9532596260835832,True
2025-04-12 10:00:00,-1.781,-1.781,0.0,1.1055222244695877,-1.1055222244695877,True
2025-04-12 11:00:00,-1.78,-1.78,0.0,1.184641129804674,-1.184641129804674,True
2025-04-12 12:00:00,-1.779,-1.779,0.0,1.1736056907351151,-1.1736056907351151,True
2025-04-12 13:00:00,-1.779,-1.779,0.0,1.0795380590349724,-1.0795380590349724,True
2025-04-12 14:00:00,-1.776,-1.776,0.0,0.9093814039704564,-0.9093814039704564,True
2025-04-12 15:00:00,-1.777,-1.777,0.0,0.6820126106669027,-0.6820126106669027,True
2025-04-12 16:00:00,-1.777,-1.777,0.0,0.4168181753016445,-0.4168181753016445,True
2025-04-12 17:00:00,-1.774,-1.774,0.0,0.1545887546846198,-0.1545887546846198,True
2025-04-12 18:00:00,-1.77,-1.77,0.0,0.0083727814141906,-0.0083727814141906,True
2025-04-12 19:00:00,-1.767,-1.767,0.0,0.0,0.0,True
2025-04-12 20:00:00,-1.765,-1.765,0.0,0.0,0.0,True
2025-04-12 21:00:00,-1.764,-1.764,0.0,0.0,0.0,True
2025-04-12 22:00:00,-1.764,-1.764,0.0,0.0,0.0,True
2025-04-12 23:00:00,-1.764,-1.764,0.0,0.0,0.0,True
2025-04-13 00:00:00,-1.762,-1.762,0.0,0.0,0.0,True
2025-04-13 01:00:00,-1.761,-1.761,0.0,0.0,0.0,True
2025-04-13 02:00:00,-1.761,-1.761,0.6,0.0,0.6,True
2025-04-13 03:00:00,-1.76,-1.76,1.8,0.0,1.8,True
2025-04-13 04:00:00,-1.759,-1.759,0.7,0.0,0.7,True
2025-04-13 05:00:00,-1.756,-1.756,0.1,0.0233020612356602,0.07669793876433981,True
2025-04-13 06:00:00,-1.752,-1.752,0.0,0.1532051063890428,-0.1532051063890428,True
2025-04-13 07:00:00,-1.751,-1.751,0.0,0.3386003786428063,-0.3386003786428063,True
2025-04-13 08:00:00,-1.754,-1.754,0.0,0.4000187178788344,-0.4000187178788344,True
2025-04-13 09:00:00,-1.753,-1.753,0.0,0.5994672579087148,-0.5994672579087148,True
2025-04-13 10:00:00,-1.755,-1.755,0.0,0.656032122230004,-0.656032122230004,True
2025-04-13 11:00:00,-1.757,-1.757,0.0,0.6967320579217902,-0.6967320579217902,True
2025-04-13 12:00:00,-1.76,-1.76,0.0,1.0487471310675502,-1.0487471310675502,True
2025-04-13 13:00:00,-1.763,-1.763,0.0,0.8295669246328511,-0.8295669246328511,True
2025-04-13 14:00:00,-1.764,-1.764,0.0,0.5376253147468081,-0.5376253147468081,True
2025-04-13 15:00:00,-1.768,-1.768,0.0,0.5214561323484078,-0.5214561323484078,True
2025-04-13 16:00:00,-1.768,-1.768,0.0,0.1916157889223523,-0.1916157889223523,True
2025-04-13 17:00:00,-1.77,-1.77,0.0,0.1051768044860735,-0.1051768044860735,True
2025-04-13 18:00:00,-1.77,-1.77,0.0,0.011046259643976,-0.011046259643976,True
2025-04-13 19:00:00,-1.771,-1.771,0.0,0.0,0.0,True
2025-04-13 20:00:00,-1.772,-1.772,0.0,0.0,0.0,True
2025-04-13 21:00:00,-1.772,-1.772,0.0,0.0,0.0,True
2025-04-13 22:00:00,-1.773,-1.773,0.0,0.0,0.0,True
2025-04-13 23:00:00,-1.774,-1.774,0.0,0.0,0.0,True
2025-04-14 00:00:00,-1.775,-1.775,0.0,0.0,0.0,True
2025-04-14 01:00:00,-1.776,-1.776,0.0,0.0,0.0,True
2025-04-14 02:00:00,-1.775,-1.775,0.0,0.0,0.0,True
2025-04-14 03:00:00,-1.776,-1.776,0.0,0.0,0.0,True
2025-04-14 04:00:00,-1.775,-1.775,0.0,0.0,0.0,True
2025-04-14 05:00:00,-1.775,-1.775,0.0,0.0355940526662462,-0.0355940526662462,True
2025-04-14 06:00:00,-1.777,-1.777,0.0,0.1269019198204132,-0.1269019198204132,True
2025-04-14 07:00:00,-1.778,-1.778,0.0,0.3334911570865527,-0.3334911570865527,True
2025-04-14 08:00:00,-1.779,-1.779,0.0,0.7629583282474552,-0.7629583282474552,True
2025-04-14 09:00:00,-1.78,-1.78,0.0,0.996037384806591,-0.996037384806591,True
2025-04-14 10:00:00,-1.781,-1.781,0.0,0.907742338320961,-0.907742338320961,True
2025-04-14 11:00:00,-1.782,-1.782,0.0,0.8631995617248299,-0.8631995617248299,True
2025-04-14 12:00:00,-1.784,-1.784,0.0,0.6616595976498171,-0.6616595976498171,True
2025-04-14 13:00:00,-1.785,-1.785,0.0,0.9918990607724631,-0.9918990607724631,True
2025-04-14 14:00:00,-1.786,-1.786,0.0,0.7184697185829435,-0.7184697185829435,True
2025-04-14 15:00:00,-1.786,-1.786,0.0,0.50353807306672,-0.50353807306672,True
2025-04-14 16:00:00,-1.785,-1.785,0.0,0.2872866771279487,-0.2872866771279487,True
2025-04-14 17:00:00,-1.785,-1.785,0.0,0.097903545486492,-0.097903545486492,True
2025-04-14 18:00:00,-1.785,-1.785,0.0,0.0070806390897259,-0.0070806390897259,True
2025-04-14 19:00:00,-1.784,-1.784,0.0,0.0,0.0,True
2025-04-14 20:00:00,-1.782,-1.782,0.0,0.0,0.0,True
2025-04-14 21:00:00,-1.781,-1.781,0.0,0.0,0.0,True
2025-04-14 22:00:00,-1.781,-1.781,0.0,0.0,0.0,True
2025-04-14 23:00:00,-1.78,-1.78,0.0,0.0,0.0,True
2025-04-15 00:00:00,-1.779,-1.779,0.0,0.0,0.0,True
2025-04-15 01:00:00,-1.779,-1.779,0.0,0.0,0.0,True
2025-04-15 02:00:00,-1.777,-1.777,0.0,0.0,0.0,True
2025-04-15 03:00:00,-1.775,-1.775,0.0,0.0,0.0,True
2025-04-15 04:00:00,-1.775,-1.775,0.0,0.0037285977450311,-0.0037285977450311,True
2025-04-15 05:00:00,-1.773,-1.773,0.0,0.1029052586330008,-0.1029052586330008,True
2025-04-15 06:00:00,-1.772,-1.772,0.0,0.2770132005464784,-0.2770132005464784,True
2025-04-15 07:00:00,-1.774,-1.774,0.0,0.4976657556584215,-0.4976657556584215,True
2025-04-15 08:00:00,-1.772,-1.772,0.0,0.7372691024335376,-0.7372691024335376,True
2025-04-15 09:00:00,-1.77,-1.77,0.0,0.9934521507919796,-0.9934521507919796,True
2025-04-15 10:00:00,-1.77,-1.77,0.0,1.138401099216794,-1.138401099216794,True
2025-04-15 11:00:00,-1.772,-1.772,0.0,1.2385723687135588,-1.2385723687135588,True
2025-04-15 12:00:00,-1.773,-1.773,0.0,1.031092075985245,-1.031092075985245,True
2025-04-15 13:00:00,-1.772,-1.772,0.0,0.4441516504664757,-0.4441516504664757,True
2025-04-15 14:00:00,-1.772,-1.772,0.0,0.2764162636210905,-0.2764162636210905,True
2025-04-15 15:00:00,-1.772,-1.772,0.0,0.2916668976660148,-0.2916668976660148,True
2025-04-15 16:00:00,-1.771,-1.771,3.9,0.026742887763347,3.873257112236653,True
2025-04-15 17:00:00,-1.772,-1.772,0.2,0.0266791411270742,0.1733208588729258,True
2025-04-15 18:00:00,-1.772,-1.772,0.0,0.0037285977450311,-0.0037285977450311,True
2025-04-15 19:00:00,-1.766,-1.766,0.0,0.0,0.0,True
2025-04-15 20:00:00,-1.764,-1.764,0.0,0.0,0.0,True
2025-04-15 21:00:00,-1.76,-1.76,0.0,0.0,0.0,True
2025-04-15 22:00:00,-1.756,-1.756,0.0,0.0,0.0,True
2025-04-15 23:00:00,-1.755,-1.755,0.0,0.0,0.0,True
2025-04-16 00:00:00,-1.754,-1.754,0.0,0.0,0.0,True
2025-04-16 01:00:00,-1.755,-1.755,0.0,0.0,0.0,True
2025-04-16 02:00:00,-1.756,-1.756,0.0,0.0,0.0,True
2025-04-16 03:00:00,-1.758,-1.758,0.0,0.0,0.0,True
2025-04-16 04:00:00,-1.757,-1.757,0.0,0.0035211804599593,-0.0035211804599593,True
2025-04-16 05:00:00,-1.759,-1.759,0.0,0.0463960609757749,-0.0463960609757749,True
2025-04-16 06:00:00,-1.762,-1.762,0.0,0.0644118571960539,-0.0644118571960539,True
2025-04-16 07:00:00,-1.764,-1.764,0.0,0.0609948331337848,-0.0609948331337848,True
2025-04-16 08:00:00,-1.765,-1.765,0.0,0.179964155932033,-0.179964155932033,True
2025-04-16 09:00:00,-1.768,-1.768,0.0,0.2072413180305974,-0.2072413180305974,True
2025-04-16 10:00:00,-1.77,-1.77,0.1,0.2251766141421669,-0.12517661414216688,True
2025-04-16 11:00:00,-1.772,-1.772,0.1,0.430677563908485,-0.330677563908485,True
2025-04-16 12:00:00,-1.775,-1.775,0.0,0.3585975586029014,-0.3585975586029014,True
2025-04-16 13:00:00,-1.775,-1.775,0.0,0.3369961918065564,-0.3369961918065564,True
2025-04-16 14:00:00,-1.779,-1.779,0.0,0.3102785555303265,-0.3102785555303265,True
2025-04-16 15:00:00,-1.781,-1.781,0.0,0.2028409800802846,-0.2028409800802846,True
2025-04-16 16:00:00,-1.78,-1.78,0.0,0.0810059040558245,-0.0810059040558245,True
2025-04-16 17:00:00,-1.78,-1.78,0.0,0.0252481518809668,-0.0252481518809668,True
2025-04-16 18:00:00,-1.782,-1.782,0.0,0.0035307566024343,-0.0035307566024343,True
2025-04-16 19:00:00,-1.783,-1.783,0.0,0.0,0.0,True
2025-04-16 20:00:00,-1.784,-1.784,0.0,0.0,0.0,True
2025-04-16 21:00:00,-1.786,-1.786,0.0,0.0,0.0,True
2025-04-16 22:00:00,-1.787,-1.787,0.0,0.0,0.0,True
2025-04-16 23:00:00,-1.789,-1.789,0.0,0.0,0.0,True
2025-04-17 00:00:00,-1.788,-1.788,0.0,0.0,0.0,True
2025-04-17 01:00:00,-1.789,-1.789,0.0,0.0,0.0,True
2025-04-17 02:00:00,-1.788,-1.788,0.0,0.0,0.0,True
2025-04-17 03:00:00,-1.788,-1.788,0.0,0.0,0.0,True
2025-04-17 04:00:00,-1.788,-1.788,0.0,0.0,0.0,True
2025-04-17 05:00:00,-1.791,-1.791,0.0,0.0138151597906151,-0.0138151597906151,True
2025-04-17 06:00:00,-1.79,-1.79,0.0,0.0529613490365145,-0.0529613490365145,True
2025-04-17 07:00:00,-1.791,-1.791,0.0,0.1017853904172416,-0.1017853904172416,True
2025-04-17 08:00:00,-1.791,-1.791,0.0,0.1776354154547978,-0.1776354154547978,True
2025-04-17 09:00:00,-1.792,-1.792,0.0,0.2715108608974325,-0.2715108608974325,True
2025-04-17 10:00:00,-1.791,-1.791,0.0,0.3421964067977525,-0.3421964067977525,True
2025-04-17 11:00:00,-1.793,-1.793,0.0,0.5412054342920785,-0.5412054342920785,True
2025-04-17 12:00:00,-1.795,-1.795,0.0,0.2889658546292132,-0.2889658546292132,True
2025-04-17 13:00:00,-1.795,-1.795,0.0,0.2005458956476501,-0.2005458956476501,True
2025-04-17 14:00:00,-1.796,-1.796,0.0,0.2724397072949208,-0.2724397072949208,True
2025-04-17 15:00:00,-1.795,-1.795,0.0,0.2404041245395966,-0.2404041245395966,True
2025-04-17 16:00:00,-1.795,-1.795,0.0,0.102574472330753,-0.102574472330753,True
2025-04-17 17:00:00,-1.796,-1.796,0.0,0.0536765476633783,-0.0536765476633783,True
2025-04-17 18:00:00,-1.796,-1.796,0.0,0.0070039782894403,-0.0070039782894403,True
2025-04-17 19:00:00,-1.797,-1.797,0.0,0.0,0.0,True
2025-04-17 20:00:00,-1.797,-1.797,0.0,0.0,0.0,True
2025-04-17 21:00:00,-1.797,-1.797,0.0,0.0,0.0,True
2025-04-17 22:00:00,-1.798,-1.798,0.0,0.0,0.0,True
2025-04-17 23:00:00,-1.797,-1.797,0.0,0.0,0.0,True
2025-04-18 00:00:00,-1.797,-1.797,0.0,0.0,0.0,True
2025-04-18 01:00:00,-1.796,-1.796,0.0,0.0,0.0,True
2025-04-18 02:00:00,-1.798,-1.798,0.0,0.0,0.0,True
2025-04-18 03:00:00,-1.799,-1.799,0.0,0.0,0.0,True
2025-04-18 04:00:00,-1.8,-1.8,0.0,0.0,0.0,True
2025-04-18 05:00:00,-1.8,-1.8,0.0,0.0365982405493735,-0.0365982405493735,True
2025-04-18 06:00:00,-1.801,-1.801,0.0,0.0824262002361435,-0.0824262002361435,True
2025-04-18 07:00:00,-1.801,-1.801,0.0,0.1557740599739701,-0.1557740599739701,True
2025-04-18 08:00:00,-1.801,-1.801,0.0,0.4908690064981842,-0.4908690064981842,True
2025-04-18 09:00:00,-1.801,-1.801,0.0,0.4319761612820877,-0.4319761612820877,True
2025-04-18 10:00:00,-1.801,-1.801,0.0,0.4562618757303366,-0.4562618757303366,True
2025-04-18 11:00:00,-1.802,-1.802,0.0,0.7205101080422507,-0.7205101080422507,True
2025-04-18 12:00:00,-1.805,-1.805,0.0,0.7404802465741348,-0.7404802465741348,True
2025-04-18 13:00:00,-1.805,-1.805,0.0,1.061233669699185,-1.061233669699185,True
2025-04-18 14:00:00,-1.806,-1.806,0.0,0.8466459791350116,-0.8466459791350116,True
2025-04-18 15:00:00,-1.806,-1.806,0.0,0.647920215752368,-0.647920215752368,True
2025-04-18 16:00:00,-1.808,-1.808,0.0,0.415218225750728,-0.415218225750728,True
2025-04-18 17:00:00,-1.806,-1.806,0.0,0.1822300602427382,-0.1822300602427382,True
2025-04-18 18:00:00,-1.806,-1.806,0.0,0.0134260342857058,-0.0134260342857058,True
2025-04-18 19:00:00,-1.804,-1.804,0.0,0.0,0.0,True
2025-04-18 20:00:00,-1.804,-1.804,0.0,0.0,0.0,True
2025-04-18 21:00:00,-1.803,-1.803,0.0,0.0,0.0,True
2025-04-18 22:00:00,-1.802,-1.802,0.0,0.0,0.0,True
2025-04-18 23:00:00,-1.803,-1.803,0.0,0.0,0.0,True
2025-04-19 00:00:00,-1.803,-1.803,0.0,0.0,0.0,True
2025-04-19 01:00:00,-1.804,-1.804,0.0,0.0,0.0,True
2025-04-19 02:00:00,-1.803,-1.803,0.0,0.0,0.0,True
2025-04-19 03:00:00,-1.802,-1.802,0.0,0.0,0.0,True
2025-04-19 04:00:00,-1.8,-1.8,0.0,0.008452560931974,-0.008452560931974,True
2025-04-19 05:00:00,-1.802,-1.802,0.0,0.098853355431419,-0.098853355431419,True
2025-04-19 06:00:00,-1.801,-1.801,0.0,0.330990963236182,-0.330990963236182,True
2025-04-19 07:00:00,-1.799,-1.799,0.0,0.4773557187483274,-0.4773557187483274,True
2025-04-19 08:00:00,-1.798,-1.798,0.0,0.7922166215226456,-0.7922166215226456,True
2025-04-19 09:00:00,-1.801,-1.801,0.0,0.8589418549437089,-0.8589418549437089,True
2025-04-19 10:00:00,-1.801,-1.801,0.0,1.0633543392076754,-1.0633543392076754,True
2025-04-19 11:00:00,-1.801,-1.801,0.0,1.0531130993954887,-1.0531130993954887,True
2025-04-19 12:00:00,-1.801,-1.801,0.0,1.015774316915851,-1.015774316915851,True
2025-04-19 13:00:00,-1.803,-1.803,0.0,0.7679029200618236,-0.7679029200618236,True
2025-04-19 14:00:00,-1.803,-1.803,0.0,0.570959795781542,-0.570959795781542,True
2025-04-19 15:00:00,-1.804,-1.804,0.0,0.4503532282843338,-0.4503532282843338,True
2025-04-19 16:00:00,-1.803,-1.803,0.0,0.3562555739879021,-0.3562555739879021,True
2025-04-19 17:00:00,-1.804,-1.804,0.0,0.1288616297593931,-0.1288616297593931,True
2025-04-19 18:00:00,-1.802,-1.802,0.0,0.0197266765348815,-0.0197266765348815,True
2025-04-19 19:00:00,-1.802,-1.802,0.0,0.0,0.0,True
2025-04-19 20:00:00,-1.801,-1.801,0.0,0.0,0.0,True
2025-04-19 21:00:00,-1.801,-1.801,0.0,0.0,0.0,True
2025-04-19 22:00:00,-1.801,-1.801,0.0,0.0,0.0,True
2025-04-19 23:00:00,-1.801,-1.801,0.0,0.0,0.0,True
2025-04-20 00:00:00,-1.799,-1.799,0.0,0.0,0.0,True
2025-04-20 01:00:00,-1.799,-1.799,0.0,0.0,0.0,True
2025-04-20 02:00:00,-1.799,-1.799,0.0,0.0,0.0,True
2025-04-20 03:00:00,-1.798,-1.798,0.0,0.0,0.0,True
2025-04-20 04:00:00,-1.798,-1.798,0.0,0.0087852863979123,-0.0087852863979123,True
2025-04-20 05:00:00,-1.799,-1.799,0.0,0.0415837642073616,-0.0415837642073616,True
2025-04-20 06:00:00,-1.798,-1.798,0.0,0.1188444473852613,-0.1188444473852613,True
2025-04-20 07:00:00,-1.798,-1.798,0.0,0.1990653328049257,-0.1990653328049257,True
2025-04-20 08:00:00,-1.801,-1.801,0.0,0.3587931360810875,-0.3587931360810875,True
2025-04-20 09:00:00,-1.8,-1.8,0.0,0.6848831530608428,-0.6848831530608428,True
2025-04-20 10:00:00,-1.8,-1.8,0.0,0.9289073347214,-0.9289073347214,True
2025-04-20 11:00:00,-1.803,-1.803,0.0,0.9192306383342572,-0.9192306383342572,True
2025-04-20 12:00:00,-1.803,-1.803,0.0,0.9891626215158108,-0.9891626215158108,True
2025-04-20 13:00:00,-1.805,-1.805,0.0,1.0147165776121314,-1.0147165776121314,True
2025-04-20 14:00:00,-1.805,-1.805,0.0,0.8997682153045071,-0.8997682153045071,True
2025-04-20 15:00:00,-1.806,-1.806,0.0,0.5613702028750852,-0.5613702028750852,True
2025-04-20 16:00:00,-1.807,-1.807,0.0,0.4162273305894625,-0.4162273305894625,True
2025-04-20 17:00:00,-1.808,-1.808,0.0,0.2362508738540767,-0.2362508738540767,True
2025-04-20 18:00:00,-1.807,-1.807,0.0,0.0244466198181487,-0.0244466198181487,True
2025-04-20 19:00:00,-1.806,-1.806,0.0,0.0,0.0,True
2025-04-20 20:00:00,-1.806,-1.806,0.0,0.0,0.0,True
2025-04-20 21:00:00,-1.806,-1.806,0.0,0.0,0.0,True
2025-04-20 22:00:00,-1.806,-1.806,0.0,0.0,0.0,True
2025-04-20 23:00:00,-1.807,-1.807,0.0,0.0,0.0,True
2025-04-21 00:00:00,-1.807,-1.807,0.0,0.0,0.0,True
2025-04-21 01:00:00,-1.807,-1.807,0.0,0.0,0.0,True
2025-04-21 02:00:00,-1.808,-1.808,0.0,0.0,0.0,True
2025-04-21 03:00:00,-1.808,-1.808,0.0,0.0,0.0,True
2025-04-21 04:00:00,-1.807,-1.807,0.0,0.0,0.0,True
2025-04-21 05:00:00,-1.806,-1.806,0.1,0.0070039782894403,0.0929960217105597,True
2025-04-21 06:00:00,-1.807,-1.807,0.1,0.0140079565788806,0.08599204342111941,True
2025-04-21 07:00:00,-1.807,-1.807,0.3,0.0598600678193095,0.2401399321806905,True
2025-04-21 08:00:00,-1.806,-1.806,0.7,0.1032227527321139,0.5967772472678861,True
2025-04-21 09:00:00,-1.805,-1.805,1.1,0.1082063652041438,0.9917936347958562,True
2025-04-21 10:00:00,-1.805,-1.805,0.2,0.1702339398108479,0.02976606018915212,True
2025-04-21 11:00:00,-1.806,-1.806,0.3,0.1686191243696052,0.1313808756303948,True
2025-04-21 12:00:00,-1.806,-1.806,0.3,0.2091200263764043,0.09087997362359568,True
2025-04-21 13:00:00,-1.807,-1.807,1.0,0.2335996329568175,0.7664003670431825,True
2025-04-21 14:00:00,-1.805,-1.805,0.2,0.4043011363923336,-0.2043011363923336,True
2025-04-21 15:00:00,-1.805,-1.805,0.0,0.3433083573764844,-0.3433083573764844,True
2025-04-21 16:00:00,-1.804,-1.804,0.0,0.1365558030862922,-0.1365558030862922,True
2025-04-21 17:00:00,-1.803,-1.803,0.0,0.0811794581839787,-0.0811794581839787,True
2025-04-21 18:00:00,-1.805,-1.805,0.0,0.0112412749579736,-0.0112412749579736,True
2025-04-21 19:00:00,-1.805,-1.805,0.0,0.0,0.0,True
2025-04-21 20:00:00,-1.806,-1.806,0.0,0.0,0.0,True
2025-04-21 21:00:00,-1.806,-1.806,0.0,0.0,0.0,True
2025-04-21 22:00:00,-1.806,-1.806,0.0,0.0,0.0,True
2025-04-21 23:00:00,-1.808,-1.808,0.0,0.0,0.0,True
2025-04-22 00:00:00,-1.809,-1.809,0.0,0.0,0.0,True
2025-04-22 01:00:00,-1.809,-1.809,0.0,0.0,0.0,True
2025-04-22 02:00:00,-1.809,-1.809,0.0,0.0,0.0,True
2025-04-22 03:00:00,-1.81,-1.81,0.0,0.0,0.0,True
2025-04-22 04:00:00,-1.809,-1.809,0.0,0.0035689277673673,-0.0035689277673673,True
2025-04-22 05:00:00,-1.809,-1.809,0.0,0.0107353095326756,-0.0107353095326756,True
2025-04-22 06:00:00,-1.809,-1.809,0.0,0.039883460514987,-0.039883460514987,True
2025-04-22 07:00:00,-1.81,-1.81,0.0,0.1743718885112574,-0.1743718885112574,True
2025-04-22 08:00:00,-1.812,-1.812,0.0,0.1147228724812235,-0.1147228724812235,True
2025-04-22 09:00:00,-1.812,-1.812,0.0,0.2466982791287423,-0.2466982791287423,True
2025-04-22 10:00:00,-1.813,-1.813,0.0,0.2307925627441943,-0.2307925627441943,True
2025-04-22 11:00:00,-1.815,-1.815,0.0,0.3481174037657322,-0.3481174037657322,True
2025-04-22 12:00:00,-1.815,-1.815,0.0,0.5656016082826898,-0.5656016082826898,True
2025-04-22 13:00:00,-1.817,-1.817,0.0,0.6968868258113572,-0.6968868258113572,True
2025-04-22 14:00:00,-1.817,-1.817,0.0,0.7785289063749543,-0.7785289063749543,True
2025-04-22 15:00:00,-1.82,-1.82,0.0,0.6393240960887768,-0.6393240960887768,True
2025-04-22 16:00:00,-1.819,-1.819,0.0,0.3658853640284474,-0.3658853640284474,True
2025-04-22 17:00:00,-1.821,-1.821,0.0,0.1051473049940566,-0.1051473049940566,True
2025-04-22 18:00:00,-1.82,-1.82,0.0,0.0136600526535053,-0.0136600526535053,True
2025-04-22 19:00:00,-1.821,-1.821,0.0,0.0,0.0,True
2025-04-22 20:00:00,-1.82,-1.82,0.0,0.0,0.0,True
2025-04-22 21:00:00,-1.819,-1.819,0.0,0.0,0.0,True
2025-04-22 22:00:00,-1.819,-1.819,0.0,0.0,0.0,True
2025-04-22 23:00:00,-1.819,-1.819,0.0,0.0,0.0,True
2025-04-23 00:00:00,-1.819,-1.819,0.0,0.0,0.0,True
2025-04-23 01:00:00,-1.819,-1.819,0.0,0.0,0.0,True
2025-04-23 02:00:00,-1.818,-1.818,0.0,0.0,0.0,True
2025-04-23 03:00:00,-1.818,-1.818,0.0,0.0,0.0,True
2025-04-23 04:00:00,-1.817,-1.817,0.0,0.0121560458955332,-0.0121560458955332,True
2025-04-23 05:00:00,-1.817,-1.817,0.0,0.0439465858893082,-0.0439465858893082,True
2025-04-23 06:00:00,-1.817,-1.817,0.0,0.3227734957548807,-0.3227734957548807,True
2025-04-23 07:00:00,-1.816,-1.816,0.0,0.550959391750337,-0.550959391750337,True
2025-04-23 08:00:00,-1.815,-1.815,0.0,0.6956516237336272,-0.6956516237336272,True
2025-04-23 09:00:00,-1.815,-1.815,0.0,0.6386827047368095,-0.6386827047368095,True
2025-04-23 10:00:00,-1.816,-1.816,0.0,0.8078491250683478,-0.8078491250683478,True
2025-04-23 11:00:00,-1.819,-1.819,0.0,0.4677209224930918,-0.4677209224930918,True
2025-04-23 12:00:00,-1.818,-1.818,0.0,0.3339962110444637,-0.3339962110444637,True
2025-04-23 13:00:00,-1.818,-1.818,0.0,0.4398724708932166,-0.4398724708932166,True
2025-04-23 14:00:00,-1.815,-1.815,0.0,0.5582628890649846,-0.5582628890649846,True
2025-04-23 15:00:00,-1.817,-1.817,0.0,0.1217784178989827,-0.1217784178989827,True
2025-04-23 16:00:00,-1.815,-1.815,0.0,0.0862276850796236,-0.0862276850796236,True
2025-04-23 17:00:00,-1.817,-1.817,0.0,0.066327104356199,-0.066327104356199,True
2025-04-23 18:00:00,-1.817,-1.817,0.0,0.0115157240922215,-0.0115157240922215,True
2025-04-23 19:00:00,-1.816,-1.816,0.0,0.0,0.0,True
2025-04-23 20:00:00,-1.816,-1.816,0.0,0.0,0.0,True
2025-04-23 21:00:00,-1.816,-1.816,0.0,0.0,0.0,True
2025-04-23 22:00:00,-1.817,-1.817,0.0,0.0,0.0,True
2025-04-23 23:00:00,-1.817,-1.817,0.0,0.0,0.0,True
2025-04-24 00:00:00,-1.819,-1.819,0.0,0.0,0.0,True
2025-04-24 01:00:00,-1.819,-1.819,0.0,0.0,0.0,True
2025-04-24 02:00:00,-1.819,-1.819,0.3,0.0,0.3,True
2025-04-24 03:00:00,-1.818,-1.818,1.2,0.0,1.2,True
2025-04-24 04:00:00,-1.817,-1.817,0.5,0.0036163312026388,0.4963836687973612,True
2025-04-24 05:00:00,-1.815,-1.815,0.0,0.0292319606357345,-0.0292319606357345,True
2025-04-24 06:00:00,-1.812,-1.812,0.0,0.0927510045272645,-0.0927510045272645,True
2025-04-24 07:00:00,-1.812,-1.812,0.0,0.2184002168544822,-0.2184002168544822,True
2025-04-24 08:00:00,-1.812,-1.812,0.0,0.3003724015224717,-0.3003724015224717,True
2025-04-24 09:00:00,-1.81,-1.81,0.0,0.2199964308564523,-0.2199964308564523,True
2025-04-24 10:00:00,-1.81,-1.81,0.0,0.1627070474122444,-0.1627070474122444,True
2025-04-24 11:00:00,-1.81,-1.81,0.2,0.1498836661063158,0.05011633389368422,True
2025-04-24 12:00:00,-1.811,-1.811,0.3,0.18675398788952,0.11324601211048,True
2025-04-24 13:00:00,-1.811,-1.811,0.1,0.2077720193691513,-0.10777201936915129,True
2025-04-24 14:00:00,-1.812,-1.812,0.5,0.2302573797344945,0.2697426202655055,True
2025-04-24 15:00:00,-1.813,-1.813,0.0,0.2088014737217449,-0.2088014737217449,True
2025-04-24 16:00:00,-1.811,-1.811,0.2,0.1178267695357448,0.08217323046425522,True
2025-04-24 17:00:00,-1.811,-1.811,0.3,0.0506286368369438,0.2493713631630562,True
2025-04-24 18:00:00,-1.812,-1.812,0.2,0.0179396568040543,0.18206034319594572,True
2025-04-24 19:00:00,-1.812,-1.812,0.2,0.0,0.2,True
2025-04-24 20:00:00,-1.813,-1.813,0.0,0.0,0.0,True
2025-04-24 21:00:00,-1.812,-1.812,0.0,0.0,0.0,True
2025-04-24 22:00:00,-1.812,-1.812,0.0,0.0,0.0,True
2025-04-24 23:00:00,-1.813,-1.813,0.0,0.0,0.0,True
2025-04-25 00:00:00,-1.813,-1.813,0.0,0.0,0.0,True
2025-04-25 01:00:00,-1.813,-1.813,0.0,0.0,0.0,True
2025-04-25 02:00:00,-1.812,-1.812,0.0,0.0,0.0,True
2025-04-25 03:00:00,-1.812,-1.812,0.0,0.0,0.0,True
2025-04-25 04:00:00,-1.814,-1.814,0.0,0.0101866669187366,-0.0101866669187366,True
2025-04-25 05:00:00,-1.813,-1.813,0.0,0.0551058146976619,-0.0551058146976619,True
2025-04-25 06:00:00,-1.815,-1.815,0.0,0.1676339644673058,-0.1676339644673058,True
2025-04-25 07:00:00,-1.813,-1.813,0.0,0.266240185966333,-0.266240185966333,True
2025-04-25 08:00:00,-1.814,-1.814,0.0,0.3408534792770332,-0.3408534792770332,True
2025-04-25 09:00:00,-1.816,-1.816,0.0,0.5094159467478531,-0.5094159467478531,True
2025-04-25 10:00:00,-1.818,-1.818,0.0,0.9409896959869924,-0.9409896959869924,True
2025-04-25 11:00:00,-1.819,-1.819,0.0,0.9337699394476004,-0.9337699394476004,True
2025-04-25 12:00:00,-1.818,-1.818,0.0,0.9308356665909796,-0.9308356665909796,True
2025-04-25 13:00:00,-1.819,-1.819,0.0,0.9696027570560396,-0.9696027570560396,True
2025-04-25 14:00:00,-1.822,-1.822,0.0,0.8524321281183691,-0.8524321281183691,True
2025-04-25 15:00:00,-1.82,-1.82,0.0,0.6609313690084352,-0.6609313690084352,True
2025-04-25 16:00:00,-1.821,-1.821,0.0,0.4416412037530469,-0.4416412037530469,True
2025-04-25 17:00:00,-1.821,-1.821,0.0,0.214102354430257,-0.214102354430257,True
2025-04-25 18:00:00,-1.82,-1.82,0.0,0.0341501316337634,-0.0341501316337634,True
2025-04-25 19:00:00,-1.822,-1.822,0.0,0.0,0.0,True
2025-04-25 20:00:00,-1.818,-1.818,0.0,0.0,0.0,True
2025-04-25 21:00:00,-1.819,-1.819,0.0,0.0,0.0,True
2025-04-25 22:00:00,-1.821,-1.821,0.0,0.0,0.0,True
2025-04-25 23:00:00,-1.821,-1.821,0.0,0.0,0.0,True
2025-04-26 00:00:00,-1.82,-1.82,0.0,0.0,0.0,True
2025-04-26 01:00:00,-1.821,-1.821,0.0,0.0,0.0,True
2025-04-26 02:00:00,-1.821,-1.821,0.0,0.0,0.0,True
2025-04-26 03:00:00,-1.821,-1.821,0.0,0.0,0.0,True
2025-04-26 04:00:00,-1.819,-1.819,0.0,0.0147428331603419,-0.0147428331603419,True
2025-04-26 05:00:00,-1.82,-1.82,0.0,0.1396168913738978,-0.1396168913738978,True
2025-04-26 06:00:00,-1.82,-1.82,0.0,0.239440271277238,-0.239440271277238,True
2025-04-26 07:00:00,-1.82,-1.82,0.0,0.2577452319777042,-0.2577452319777042,True
2025-04-26 08:00:00,-1.823,-1.823,0.0,0.4144119466987696,-0.4144119466987696,True
2025-04-26 09:00:00,-1.82,-1.82,0.0,0.9142903632485264,-0.9142903632485264,True
2025-04-26 10:00:00,-1.821,-1.821,0.0,1.1301421020114253,-1.1301421020114253,True
2025-04-26 11:00:00,-1.82,-1.82,0.0,1.1627447388223229,-1.1627447388223229,True
2025-04-26 12:00:00,-1.821,-1.821,0.0,1.1716603088337496,-1.1716603088337496,True
2025-04-26 13:00:00,-1.824,-1.824,0.0,1.142884663037017,-1.142884663037017,True
2025-04-26 14:00:00,-1.827,-1.827,0.0,0.9727911670707506,-0.9727911670707506,True
2025-04-26 15:00:00,-1.825,-1.825,0.0,0.7886010837065864,-0.7886010837065864,True
2025-04-26 16:00:00,-1.824,-1.824,0.0,0.4804785618576024,-0.4804785618576024,True
2025-04-26 17:00:00,-1.823,-1.823,0.0,0.2284314720003503,-0.2284314720003503,True
2025-04-26 18:00:00,-1.824,-1.824,0.0,0.0371004018109058,-0.0371004018109058,True
2025-04-26 19:00:00,-1.823,-1.823,0.0,0.0,0.0,True
2025-04-26 20:00:00,-1.823,-1.823,0.0,0.0,0.0,True
2025-04-26 21:00:00,-1.822,-1.822,0.0,0.0,0.0,True
2025-04-26 22:00:00,-1.824,-1.824,0.0,0.0,0.0,True
2025-04-26 23:00:00,-1.823,-1.823,0.0,0.0,0.0,True
2025-04-27 00:00:00,-1.823,-1.823,0.0,0.0,0.0,True
2025-04-27 01:00:00,-1.824,-1.824,0.0,0.0,0.0,True
2025-04-27 02:00:00,-1.824,-1.824,0.0,0.0,0.0,True
2025-04-27 03:00:00,-1.823,-1.823,0.0,0.0,0.0,True
2025-04-27 04:00:00,-1.822,-1.822,0.0,0.0186545672928459,-0.0186545672928459,True
2025-04-27 05:00:00,-1.822,-1.822,0.0,0.1566138317314832,-0.1566138317314832,True
2025-04-27 06:00:00,-1.822,-1.822,0.0,0.4020316024349424,-0.4020316024349424,True
2025-04-27 07:00:00,-1.822,-1.822,0.0,0.6449748193333144,-0.6449748193333144,True
2025-04-27 08:00:00,-1.824,-1.824,0.0,0.8851446441344096,-0.8851446441344096,True
2025-04-27 09:00:00,-1.824,-1.824,0.0,1.0653135660273785,-1.0653135660273785,True
2025-04-27 10:00:00,-1.826,-1.826,0.0,1.2095490656778063,-1.2095490656778063,True
2025-04-27 11:00:00,-1.827,-1.827,0.0,1.272521438470166,-1.272521438470166,True
2025-04-27 12:00:00,-1.83,-1.83,0.0,1.2495127107302622,-1.2495127107302622,True
2025-04-27 13:00:00,-1.83,-1.83,0.0,1.1610167659627135,-1.1610167659627135,True
2025-04-27 14:00:00,-1.832,-1.832,0.0,0.9939692636111598,-0.9939692636111598,True
2025-04-27 15:00:00,-1.833,-1.833,0.0,0.7683635813664293,-0.7683635813664293,True
2025-04-27 16:00:00,-1.832,-1.832,0.0,0.5055809082137359,-0.5055809082137359,True
2025-04-27 17:00:00,-1.833,-1.833,0.0,0.237440717381055,-0.237440717381055,True
2025-04-27 18:00:00,-1.832,-1.832,0.0,0.0452965337182612,-0.0452965337182612,True
2025-04-27 19:00:00,-1.831,-1.831,0.0,0.0,0.0,True
2025-04-27 20:00:00,-1.829,-1.829,0.0,0.0,0.0,True
2025-04-27 21:00:00,-1.829,-1.829,0.0,0.0,0.0,True
2025-04-27 22:00:00,-1.83,-1.83,0.0,0.0,0.0,True
2025-04-27 23:00:00,-1.831,-1.831,0.0,0.0,0.0,True
2025-04-28 00:00:00,-1.828,-1.828,0.0,0.0,0.0,True
2025-04-28 01:00:00,-1.829,-1.829,0.0,0.0,0.0,True
2025-04-28 02:00:00,-1.829,-1.829,0.0,0.0,0.0,True
2025-04-28 03:00:00,-1.826,-1.826,0.0,0.0,0.0,True
2025-04-28 04:00:00,-1.828,-1.828,0.0,0.0214835585625017,-0.0214835585625017,True
2025-04-28 05:00:00,-1.829,-1.829,0.0,0.1671718440121857,-0.1671718440121857,True
2025-04-28 06:00:00,-1.83,-1.83,0.0,0.4339645389341436,-0.4339645389341436,True
2025-04-28 07:00:00,-1.828,-1.828,0.0,0.6708928231970348,-0.6708928231970348,True
2025-04-28 08:00:00,-1.83,-1.83,0.0,0.8366114131121204,-0.8366114131121204,True
2025-04-28 09:00:00,-1.831,-1.831,0.0,1.1172132430473989,-1.1172132430473989,True
2025-04-28 10:00:00,-1.832,-1.832,0.0,1.2328901056543664,-1.2328901056543664,True
2025-04-28 11:00:00,-1.834,-1.834,0.0,1.310281298715072,-1.310281298715072,True
2025-04-28 12:00:00,-1.835,-1.835,0.0,1.2482743430029832,-1.2482743430029832,True
2025-04-28 13:00:00,-1.835,-1.835,0.0,1.113980060272408,-1.113980060272408,True
2025-04-28 14:00:00,-1.835,-1.835,0.0,0.983611267507991,-0.983611267507991,True
2025-04-28 15:00:00,-1.838,-1.838,0.0,0.7772653883163325,-0.7772653883163325,True
2025-04-28 16:00:00,-1.837,-1.837,0.0,0.4973305024545418,-0.4973305024545418,True
2025-04-28 17:00:00,-1.838,-1.838,0.0,0.1952706312234743,-0.1952706312234743,True
2025-04-28 18:00:00,-1.837,-1.837,0.0,0.0528459560046381,-0.0528459560046381,True
2025-04-28 19:00:00,-1.836,-1.836,0.0,0.0,0.0,True
2025-04-28 20:00:00,-1.836,-1.836,0.0,0.0,0.0,True
2025-04-28 21:00:00,-1.834,-1.834,0.0,0.0,0.0,True
2025-04-28 22:00:00,-1.835,-1.835,0.0,0.0,0.0,True
2025-04-28 23:00:00,-1.834,-1.834,0.0,0.0,0.0,True
2025-04-29 00:00:00,-1.833,-1.833,0.0,0.0,0.0,True
2025-04-29 01:00:00,-1.834,-1.834,0.0,0.0,0.0,True
2025-04-29 02:00:00,-1.833,-1.833,0.0,0.0,0.0,True
2025-04-29 03:00:00,-1.832,-1.832,0.0,0.0,0.0,True
2025-04-29 04:00:00,-1.832,-1.832,0.0,0.0184745522207824,-0.0184745522207824,True
2025-04-29 05:00:00,-1.832,-1.832,0.0,0.1632939807260176,-0.1632939807260176,True
2025-04-29 06:00:00,-1.833,-1.833,0.0,0.4252190801560824,-0.4252190801560824,True
2025-04-29 07:00:00,-1.833,-1.833,0.0,0.6618136241839866,-0.6618136241839866,True
2025-04-29 08:00:00,-1.832,-1.832,0.0,0.894107932500234,-0.894107932500234,True
2025-04-29 09:00:00,-1.834,-1.834,0.0,1.1117916355503237,-1.1117916355503237,True
2025-04-29 10:00:00,-1.835,-1.835,0.0,1.2191074304876133,-1.2191074304876133,True
2025-04-29 11:00:00,-1.836,-1.836,0.0,1.2610294461767304,-1.2610294461767304,True
2025-04-29 12:00:00,-1.838,-1.838,0.0,1.2548787240222776,-1.2548787240222776,True
2025-04-29 13:00:00,-1.838,-1.838,0.0,1.1644545947179803,-1.1644545947179803,True
2025-04-29 14:00:00,-1.84,-1.84,0.0,1.003902979217822,-1.003902979217822,True
2025-04-29 15:00:00,-1.84,-1.84,0.0,0.7724482188257406,-0.7724482188257406,True
2025-04-29 16:00:00,-1.839,-1.839,0.0,0.5179979200223118,-0.5179979200223118,True
2025-04-29 17:00:00,-1.838,-1.838,0.0,0.2516811969276339,-0.2516811969276339,True
2025-04-29 18:00:00,-1.838,-1.838,0.0,0.0518712055925463,-0.0518712055925463,True
2025-04-29 19:00:00,-1.837,-1.837,0.0,0.0,0.0,True
2025-04-29 20:00:00,-1.836,-1.836,0.0,0.0,0.0,True
2025-04-29 21:00:00,-1.834,-1.834,0.0,0.0,0.0,True
2025-04-29 22:00:00,-1.834,-1.834,0.0,0.0,0.0,True
2025-04-29 23:00:00,-1.834,-1.834,0.0,0.0,0.0,True
2025-04-30 00:00:00,-1.834,-1.834,0.0,0.0,0.0,True
2025-04-30 01:00:00,-1.833,-1.833,0.0,0.0,0.0,True
2025-04-30 02:00:00,-1.833,-1.833,0.0,0.0,0.0,True
2025-04-30 03:00:00,-1.833,-1.833,0.0,0.0,0.0,True
2025-04-30 04:00:00,-1.832,-1.832,0.0,0.040512644244515,-0.040512644244515,True
2025-04-30 05:00:00,-1.831,-1.831,0.0,0.1863069325898874,-0.1863069325898874,True
2025-04-30 06:00:00,-1.831,-1.831,0.0,0.437123813504238,-0.437123813504238,True
2025-04-30 07:00:00,-1.832,-1.832,0.0,0.6975648413905376,-0.6975648413905376,True
2025-04-30 08:00:00,-1.832,-1.832,0.0,0.9444971375453464,-0.9444971375453464,True
2025-04-30 09:00:00,-1.832,-1.832,0.0,1.12176983459,-1.12176983459,True
2025-04-30 10:00:00,-1.834,-1.834,0.0,1.2629313016817283,-1.2629313016817283,True
2025-04-30 11:00:00,-1.837,-1.837,0.0,1.336335408013403,-1.336335408013403,True
2025-04-30 12:00:00,-1.838,-1.838,0.0,1.30500902049968,-1.30500902049968,True
2025-04-30 13:00:00,-1.838,-1.838,0.0,1.2313843619692906,-1.2313843619692906,True
2025-04-30 14:00:00,-1.838,-1.838,0.0,1.0815130112620988,-1.0815130112620988,True
2025-04-30 15:00:00,-1.837,-1.837,0.0,0.8013360886472337,-0.8013360886472337,True
2025-04-30 16:00:00,-1.835,-1.835,0.0,0.52580400110262,-0.52580400110262,True
2025-04-30 17:00:00,-1.835,-1.835,0.0,0.2795428129934141,-0.2795428129934141,True
2025-04-30 18:00:00,-1.833,-1.833,0.0,0.060763937013753,-0.060763937013753,True
2025-04-30 19:00:00,-1.833,-1.833,0.0,0.0,0.0,True
2025-04-30 20:00:00,-1.832,-1.832,0.0,0.0,0.0,True
2025-04-30 21:00:00,-1.831,-1.831,0.0,0.0,0.0,True
2025-04-30 22:00:00,-1.832,-1.832,0.0,0.0,0.0,True
2025-04-30 23:00:00,-1.832,-1.832,0.0,0.0,0.0,True
2025-05-01 00:00:00,-1.831,-1.831,0.0,0.0,0.0,True
2025-05-01 01:00:00,-1.829,-1.829,0.0,0.0,0.0,True
2025-05-01 02:00:00,-1.829,-1.829,0.0,0.0,0.0,True
2025-05-01 03:00:00,-1.829,-1.829,0.0,0.0,0.0,True
2025-05-01 04:00:00,-1.829,-1.829,0.0,0.0314313683376198,-0.0314313683376198,True
2025-05-01 05:00:00,-1.827,-1.827,0.0,0.2187501732495111,-0.2187501732495111,True
2025-05-01 06:00:00,-1.827,-1.827,0.0,0.4644711354352113,-0.4644711354352113,True
2025-05-01 07:00:00,-1.828,-1.828,0.0,0.7372917397743498,-0.7372917397743498,True
2025-05-01 08:00:00,-1.827,-1.827,0.0,0.9944310243946588,-0.9944310243946588,True
2025-05-01 09:00:00,-1.827,-1.827,0.0,1.2114053547726755,-1.2114053547726755,True
2025-05-01 10:00:00,-1.827,-1.827,0.0,1.352624565753514,-1.352624565753514,True
2025-05-01 11:00:00,-1.831,-1.831,0.0,1.4137748181034158,-1.4137748181034158,True
2025-05-01 12:00:00,-1.832,-1.832,0.0,1.3820615013591688,-1.3820615013591688,True
2025-05-01 13:00:00,-1.837,-1.837,0.0,1.2685622966393575,-1.2685622966393575,True
2025-05-01 14:00:00,-1.833,-1.833,0.0,0.9682601265716078,-0.9682601265716078,True
2025-05-01 15:00:00,-1.832,-1.832,0.0,0.6934385233300359,-0.6934385233300359,True
2025-05-01 16:00:00,-1.832,-1.832,0.0,0.5537877096038482,-0.5537877096038482,True
2025-05-01 17:00:00,-1.831,-1.831,0.0,0.1693560862284787,-0.1693560862284787,True
2025-05-01 18:00:00,-1.829,-1.829,0.0,0.0514150076149561,-0.0514150076149561,True
2025-05-01 19:00:00,-1.828,-1.828,0.0,0.0,0.0,True
2025-05-01 20:00:00,-1.825,-1.825,0.0,0.0,0.0,True
2025-05-01 21:00:00,-1.824,-1.824,0.0,0.0,0.0,True
2025-05-01 22:00:00,-1.824,-1.824,0.0,0.0,0.0,True
2025-05-01 23:00:00,-1.821,-1.821,0.0,0.0,0.0,True
2025-05-02 00:00:00,-1.822,-1.822,0.0,0.0,0.0,True
2025-05-02 01:00:00,-1.822,-1.822,0.0,0.0,0.0,True
2025-05-02 02:00:00,-1.82,-1.82,0.0,0.0,0.0,True
2025-05-02 03:00:00,-1.82,-1.82,0.0,0.0,0.0,True
2025-05-02 04:00:00,-1.821,-1.821,0.0,0.0282460528194744,-0.0282460528194744,True
2025-05-02 05:00:00,-1.821,-1.821,0.0,0.2057157834017118,-0.2057157834017118,True
2025-05-02 06:00:00,-1.82,-1.82,0.0,0.3169000805684063,-0.3169000805684063,True
2025-05-02 07:00:00,-1.822,-1.822,0.1,0.3928150893502532,-0.29281508935025324,True
2025-05-02 08:00:00,-1.819,-1.819,0.0,0.6863378231364663,-0.6863378231364663,True
2025-05-02 09:00:00,-1.82,-1.82,0.0,0.7098265677469421,-0.7098265677469421,True
2025-05-02 10:00:00,-1.822,-1.822,0.0,0.6820243137662453,-0.6820243137662453,True
2025-05-02 11:00:00,-1.821,-1.821,0.0,0.5112415698639947,-0.5112415698639947,True
2025-05-02 12:00:00,-1.824,-1.824,0.0,1.236860529158177,-1.236860529158177,True
2025-05-02 13:00:00,-1.824,-1.824,0.0,1.1395053260459682,-1.1395053260459682,True
2025-05-02 14:00:00,-1.825,-1.825,0.0,0.9618291604395768,-0.9618291604395768,True
2025-05-02 15:00:00,-1.826,-1.826,0.0,0.7465620669917881,-0.7465620669917881,True
2025-05-02 16:00:00,-1.826,-1.826,0.0,0.4828879357261195,-0.4828879357261195,True
2025-05-02 17:00:00,-1.827,-1.827,0.0,0.232372668828665,-0.232372668828665,True
2025-05-02 18:00:00,-1.827,-1.827,0.0,0.050019189848129,-0.050019189848129,True
2025-05-02 19:00:00,-1.827,-1.827,0.0,0.0,0.0,True
2025-05-02 20:00:00,-1.827,-1.827,0.0,0.0,0.0,True
2025-05-02 21:00:00,-1.827,-1.827,0.0,0.0,0.0,True
2025-05-02 22:00:00,-1.827,-1.827,0.0,0.0,0.0,True
2025-05-02 23:00:00,-1.828,-1.828,0.0,0.0,0.0,True
2025-05-03 00:00:00,-1.828,-1.828,0.0,0.0,0.0,True
2025-05-03 01:00:00,-1.828,-1.828,0.0,0.0,0.0,True
2025-05-03 02:00:00,-1.828,-1.828,0.0,0.0,0.0,True
2025-05-03 03:00:00,-1.826,-1.826,0.0,0.0,0.0,True
2025-05-03 04:00:00,-1.827,-1.827,0.0,0.0361655736472828,-0.0361655736472828,True
2025-05-03 05:00:00,-1.826,-1.826,0.0,0.127107237687635,-0.127107237687635,True
2025-05-03 06:00:00,-1.824,-1.824,0.0,0.2509440316516852,-0.2509440316516852,True
2025-05-03 07:00:00,-1.825,-1.825,0.0,0.6659077540579612,-0.6659077540579612,True
2025-05-03 08:00:00,-1.823,-1.823,0.0,0.883826030466345,-0.883826030466345,True
2025-05-03 09:00:00,-1.823,-1.823,0.0,0.6810792090888191,-0.6810792090888191,True
2025-05-03 10:00:00,-1.826,-1.826,0.0,0.6930412929977728,-0.6930412929977728,True
2025-05-03 11:00:00,-1.825,-1.825,0.0,1.179140808570607,-1.179140808570607,True
2025-05-03 12:00:00,-1.826,-1.826,0.0,1.294512333550503,-1.294512333550503,True
2025-05-03 13:00:00,-1.825,-1.825,0.0,1.119043908880728,-1.119043908880728,True
2025-05-03 14:00:00,-1.833,-1.833,0.0,0.6560702478531484,-0.6560702478531484,True
2025-05-03 15:00:00,-1.83,-1.83,0.0,0.3454717227666466,-0.3454717227666466,True
2025-05-03 16:00:00,-1.829,-1.829,0.0,0.2351685985017249,-0.2351685985017249,True
2025-05-03 17:00:00,-1.827,-1.827,0.0,0.1224313259759892,-0.1224313259759892,True
2025-05-03 18:00:00,-1.826,-1.826,0.0,0.0709973829243554,-0.0709973829243554,True
2025-05-03 19:00:00,-1.826,-1.826,0.0,0.0,0.0,True
2025-05-03 20:00:00,-1.828,-1.828,0.0,0.0,0.0,True
2025-05-03 21:00:00,-1.828,-1.828,0.0,0.0,0.0,True
2025-05-03 22:00:00,-1.826,-1.826,0.0,0.0,0.0,True
2025-05-03 23:00:00,-1.829,-1.829,0.0,0.0,0.0,True
2025-05-04 00:00:00,-1.83,-1.83,0.0,0.0,0.0,True
2025-05-04 01:00:00,-1.83,-1.83,0.0,0.0,0.0,True
2025-05-04 02:00:00,-1.83,-1.83,0.0,0.0,0.0,True
2025-05-04 03:00:00,-1.83,-1.83,0.0,0.0,0.0,True
2025-05-04 04:00:00,-1.831,-1.831,0.0,0.0269302915588468,-0.0269302915588468,True
2025-05-04 05:00:00,-1.83,-1.83,0.0,0.2603758465899967,-0.2603758465899967,True
2025-05-04 06:00:00,-1.83,-1.83,0.0,0.3982854636618828,-0.3982854636618828,True
2025-05-04 07:00:00,-1.832,-1.832,0.0,0.516798786555793,-0.516798786555793,True
2025-05-04 08:00:00,-1.83,-1.83,0.0,0.4848013996536399,-0.4848013996536399,True
2025-05-04 09:00:00,-1.832,-1.832,0.0,0.4102978893230121,-0.4102978893230121,True
2025-05-04 10:00:00,-1.832,-1.832,0.0,0.5393023949332564,-0.5393023949332564,True
2025-05-04 11:00:00,-1.834,-1.834,0.0,0.4786712512389632,-0.4786712512389632,True
2025-05-04 12:00:00,-1.834,-1.834,0.0,0.5463301457875526,-0.5463301457875526,True
2025-05-04 13:00:00,-1.836,-1.836,0.0,0.7044532306996844,-0.7044532306996844,True
2025-05-04 14:00:00,-1.836,-1.836,0.0,0.6466485195344307,-0.6466485195344307,True
2025-05-04 15:00:00,-1.839,-1.839,0.0,0.4505950034529508,-0.4505950034529508,True
2025-05-04 16:00:00,-1.839,-1.839,0.0,0.235549232646242,-0.235549232646242,True
2025-05-04 17:00:00,-1.839,-1.839,0.0,0.1750994572360082,-0.1750994572360082,True
2025-05-04 18:00:00,-1.839,-1.839,0.0,0.0690757989530758,-0.0690757989530758,True
2025-05-04 19:00:00,-1.84,-1.84,0.0,0.0,0.0,True
2025-05-04 20:00:00,-1.84,-1.84,0.0,0.0,0.0,True
2025-05-04 21:00:00,-1.839,-1.839,0.0,0.0,0.0,True
2025-05-04 22:00:00,-1.839,-1.839,0.0,0.0,0.0,True
2025-05-04 23:00:00,-1.841,-1.841,0.0,0.0,0.0,True
2025-05-05 00:00:00,-1.838,-1.838,0.0,0.0,0.0,True
2025-05-05 01:00:00,-1.84,-1.84,0.0,0.0,0.0,True
2025-05-05 02:00:00,-1.84,-1.84,0.0,0.0,0.0,True
2025-05-05 03:00:00,-1.84,-1.84,0.0,0.0,0.0,True
2025-05-05 04:00:00,-1.842,-1.842,0.0,0.0219034609999045,-0.0219034609999045,True
2025-05-05 05:00:00,-1.842,-1.842,0.0,0.0885375408712522,-0.0885375408712522,True
2025-05-05 06:00:00,-1.842,-1.842,0.0,0.1164406457037366,-0.1164406457037366,True
2025-05-05 07:00:00,-1.842,-1.842,0.1,0.5315644661716727,-0.43156446617167277,True
2025-05-05 08:00:00,-1.843,-1.843,0.0,0.7832641584728974,-0.7832641584728974,True
2025-05-05 09:00:00,-1.843,-1.843,0.0,0.8718055855756047,-0.8718055855756047,True
2025-05-05 10:00:00,-1.845,-1.845,0.0,1.178281500916007,-1.178281500916007,True
2025-05-05 11:00:00,-1.847,-1.847,0.0,1.195041871285555,-1.195041871285555,True
2025-05-05 12:00:00,-1.85,-1.85,0.0,1.0388600968457569,-1.0388600968457569,True
2025-05-05 13:00:00,-1.85,-1.85,0.0,0.8059358302210035,-0.8059358302210035,True
2025-05-05 14:00:00,-1.851,-1.851,0.0,0.8022866329004127,-0.8022866329004127,True
2025-05-05 15:00:00,-1.852,-1.852,0.0,0.7355820339321911,-0.7355820339321911,True
2025-05-05 16:00:00,-1.853,-1.853,0.0,0.5008554244472286,-0.5008554244472286,True
2025-05-05 17:00:00,-1.853,-1.853,0.0,0.2669090341702215,-0.2669090341702215,True
2025-05-05 18:00:00,-1.854,-1.854,0.0,0.0723263817906813,-0.0723263817906813,True
2025-05-05 19:00:00,-1.854,-1.854,0.0,0.0032976271536952,-0.0032976271536952,True
2025-05-05 20:00:00,-1.855,-1.855,0.0,0.0,0.0,True
2025-05-05 21:00:00,-1.854,-1.854,0.0,0.0,0.0,True
2025-05-05 22:00:00,-1.853,-1.853,0.0,0.0,0.0,True
2025-05-05 23:00:00,-1.856,-1.856,0.0,0.0,0.0,True
2025-05-06 00:00:00,-1.857,-1.857,0.0,0.0,0.0,True
2025-05-06 01:00:00,-1.856,-1.856,0.0,0.0,0.0,True
2025-05-06 02:00:00,-1.856,-1.856,0.0,0.0,0.0,True
2025-05-06 03:00:00,-1.855,-1.855,0.0,0.0,0.0,True
2025-05-06 04:00:00,-1.857,-1.857,0.0,0.019311563897276,-0.019311563897276,True
2025-05-06 05:00:00,-1.855,-1.855,0.0,0.1263554870449246,-0.1263554870449246,True
2025-05-06 06:00:00,-1.856,-1.856,0.0,0.2105667382746708,-0.2105667382746708,True
2025-05-06 07:00:00,-1.857,-1.857,0.0,0.3178975719136129,-0.3178975719136129,True
2025-05-06 08:00:00,-1.858,-1.858,0.0,0.4823533377869553,-0.4823533377869553,True
2025-05-06 09:00:00,-1.859,-1.859,0.0,0.3826831265097502,-0.3826831265097502,True
2025-05-06 10:00:00,-1.859,-1.859,0.0,0.4238634292181504,-0.4238634292181504,True
2025-05-06 11:00:00,-1.86,-1.86,0.0,0.4368004337089644,-0.4368004337089644,True
2025-05-06 12:00:00,-1.861,-1.861,0.0,0.3305556712419453,-0.3305556712419453,True
2025-05-06 13:00:00,-1.861,-1.861,0.0,0.4378664926098585,-0.4378664926098585,True
2025-05-06 14:00:00,-1.861,-1.861,0.0,0.1882624151024674,-0.1882624151024674,True
2025-05-06 15:00:00,-1.864,-1.864,0.0,0.179964155932033,-0.179964155932033,True
2025-05-06 16:00:00,-1.862,-1.862,0.0,0.102574472330753,-0.102574472330753,True
2025-05-06 17:00:00,-1.862,-1.862,0.0,0.0511559311125354,-0.0511559311125354,True
2025-05-06 18:00:00,-1.862,-1.862,0.0,0.0145030765509043,-0.0145030765509043,True
2025-05-06 19:00:00,-1.862,-1.862,0.0,0.0,0.0,True
2025-05-06 20:00:00,-1.862,-1.862,0.0,0.0,0.0,True
2025-05-06 21:00:00,-1.862,-1.862,0.0,0.0,0.0,True
2025-05-06 22:00:00,-1.862,-1.862,0.0,0.0,0.0,True
2025-05-06 23:00:00,-1.862,-1.862,0.0,0.0,0.0,True
2025-05-07 00:00:00,-1.861,-1.861,0.0,0.0,0.0,True
2025-05-07 01:00:00,-1.861,-1.861,0.0,0.0,0.0,True
2025-05-07 02:00:00,-1.864,-1.864,0.0,0.0,0.0,True
2025-05-07 03:00:00,-1.863,-1.863,0.0,0.0,0.0,True
2025-05-07 04:00:00,-1.863,-1.863,0.0,0.0280717502631325,-0.0280717502631325,True
2025-05-07 05:00:00,-1.863,-1.863,0.0,0.1126954343914193,-0.1126954343914193,True
2025-05-07 06:00:00,-1.863,-1.863,0.0,0.2308402457688401,-0.2308402457688401,True
2025-05-07 07:00:00,-1.863,-1.863,0.0,0.2820797989095708,-0.2820797989095708,True
2025-05-07 08:00:00,-1.864,-1.864,0.0,0.647073479071671,-0.647073479071671,True
2025-05-07 09:00:00,-1.864,-1.864,0.0,0.8013805564965318,-0.8013805564965318,True
2025-05-07 10:00:00,-1.865,-1.865,0.0,1.0876013713474109,-1.0876013713474109,True
2025-05-07 11:00:00,-1.866,-1.866,0.0,0.9843034262872276,-0.9843034262872276,True
2025-05-07 12:00:00,-1.867,-1.867,0.0,0.817093900741562,-0.817093900741562,True
2025-05-07 13:00:00,-1.867,-1.867,0.0,0.8223159142721799,-0.8223159142721799,True
2025-05-07 14:00:00,-1.867,-1.867,0.0,0.8309213289491005,-0.8309213289491005,True
2025-05-07 15:00:00,-1.87,-1.87,0.0,0.4340917814666701,-0.4340917814666701,True
2025-05-07 16:00:00,-1.867,-1.867,0.0,0.2817235834448398,-0.2817235834448398,True
2025-05-07 17:00:00,-1.867,-1.867,0.0,0.2644371270838036,-0.2644371270838036,True
2025-05-07 18:00:00,-1.866,-1.866,0.0,0.0741458886511204,-0.0741458886511204,True
2025-05-07 19:00:00,-1.866,-1.866,0.0,0.0034247248736393,-0.0034247248736393,True
2025-05-07 20:00:00,-1.867,-1.867,0.0,0.0,0.0,True
2025-05-07 21:00:00,-1.867,-1.867,0.0,0.0,0.0,True
2025-05-07 22:00:00,-1.866,-1.866,0.0,0.0,0.0,True
2025-05-07 23:00:00,-1.866,-1.866,0.0,0.0,0.0,True
2025-05-08 00:00:00,-1.867,-1.867,0.0,0.0,0.0,True
2025-05-08 01:00:00,-1.866,-1.866,0.0,0.0,0.0,True
2025-05-08 02:00:00,-1.863,-1.863,0.0,0.0,0.0,True
2025-05-08 03:00:00,-1.861,-1.861,0.0,0.0,0.0,True
2025-05-08 04:00:00,-1.863,-1.863,0.0,0.0484275501787646,-0.0484275501787646,True
2025-05-08 05:00:00,-1.862,-1.862,0.0,0.188143064749542,-0.188143064749542,True
2025-05-08 06:00:00,-1.864,-1.864,0.0,0.4638662403258423,-0.4638662403258423,True
2025-05-08 07:00:00,-1.861,-1.861,0.0,0.6521037861687465,-0.6521037861687465,True
2025-05-08 08:00:00,-1.861,-1.861,0.0,0.9054742143104136,-0.9054742143104136,True
2025-05-08 09:00:00,-1.863,-1.863,0.0,1.1046991048731964,-1.1046991048731964,True
2025-05-08 10:00:00,-1.864,-1.864,0.0,0.7890707891951404,-0.7890707891951404,True
2025-05-08 11:00:00,-1.869,-1.869,0.0,1.3411140517690765,-1.3411140517690765,True
2025-05-08 12:00:00,-1.869,-1.869,0.0,1.303099574415454,-1.303099574415454,True
2025-05-08 13:00:00,-1.868,-1.868,0.0,1.0131065511170627,-1.0131065511170627,True
2025-05-08 14:00:00,-1.871,-1.871,0.0,0.76113189940869,-0.76113189940869,True
2025-05-08 15:00:00,-1.869,-1.869,0.0,0.75551132714717,-0.75551132714717,True
2025-05-08 16:00:00,-1.867,-1.867,0.0,0.2748555727536481,-0.2748555727536481,True
2025-05-08 17:00:00,-1.867,-1.867,0.0,0.1740162194155857,-0.1740162194155857,True
2025-05-08 18:00:00,-1.865,-1.865,0.0,0.0635434961392215,-0.0635434961392215,True
2025-05-08 19:00:00,-1.866,-1.866,0.0,0.0034923742597355,-0.0034923742597355,True
2025-05-08 20:00:00,-1.866,-1.866,0.0,0.0,0.0,True
2025-05-08 21:00:00,-1.866,-1.866,0.0,0.0,0.0,True
2025-05-08 22:00:00,-1.866,-1.866,0.0,0.0,0.0,True
2025-05-08 23:00:00,-1.867,-1.867,0.0,0.0,0.0,True
2025-05-09 00:00:00,-1.867,-1.867,0.0,0.0,0.0,True
2025-05-09 01:00:00,-1.867,-1.867,0.0,0.0,0.0,True
2025-05-09 02:00:00,-1.868,-1.868,0.0,0.0,0.0,True
2025-05-09 03:00:00,-1.868,-1.868,0.0,0.0,0.0,True
2025-05-09 04:00:00,-1.868,-1.868,0.0,0.0566822008162906,-0.0566822008162906,True
2025-05-09 05:00:00,-1.867,-1.867,0.0,0.2503818852634577,-0.2503818852634577,True
2025-05-09 06:00:00,-1.868,-1.868,0.0,0.4846499591362606,-0.4846499591362606,True
2025-05-09 07:00:00,-1.868,-1.868,0.0,0.7403779967292491,-0.7403779967292491,True
2025-05-09 08:00:00,-1.868,-1.868,0.0,0.9784834487081894,-0.9784834487081894,True
2025-05-09 09:00:00,-1.873,-1.873,0.0,1.1955831078795254,-1.1955831078795254,True
2025-05-09 10:00:00,-1.874,-1.874,0.0,1.232278052651224,-1.232278052651224,True
2025-05-09 11:00:00,-1.873,-1.873,0.0,1.1204628716030771,-1.1204628716030771,True
2025-05-09 12:00:00,-1.874,-1.874,0.0,1.108836237155401,-1.108836237155401,True
2025-05-09 13:00:00,-1.876,-1.876,0.0,1.2175878703524383,-1.2175878703524383,True
2025-05-09 14:00:00,-1.876,-1.876,0.0,1.0411452900809792,-1.0411452900809792,True
2025-05-09 15:00:00,-1.876,-1.876,0.0,0.8113074097259118,-0.8113074097259118,True
2025-05-09 16:00:00,-1.876,-1.876,0.0,0.5578933198562553,-0.5578933198562553,True
2025-05-09 17:00:00,-1.877,-1.877,0.0,0.3104804656665615,-0.3104804656665615,True
2025-05-09 18:00:00,-1.878,-1.878,0.0,0.0942800654701802,-0.0942800654701802,True
2025-05-09 19:00:00,-1.876,-1.876,0.0,0.0037747111431884,-0.0037747111431884,True
2025-05-09 20:00:00,-1.875,-1.875,0.0,0.0,0.0,True
2025-05-09 21:00:00,-1.875,-1.875,0.0,0.0,0.0,True
2025-05-09 22:00:00,-1.875,-1.875,0.0,0.0,0.0,True
2025-05-09 23:00:00,-1.877,-1.877,0.0,0.0,0.0,True
2025-05-10 00:00:00,-1.876,-1.876,0.0,0.0,0.0,True
2025-05-10 01:00:00,-1.876,-1.876,0.0,0.0,0.0,True
2025-05-10 02:00:00,-1.877,-1.877,0.0,0.0,0.0,True
2025-05-10 03:00:00,-1.877,-1.877,0.0,0.0,0.0,True
2025-05-10 04:00:00,-1.877,-1.877,0.0,0.0609445824875431,-0.0609445824875431,True
2025-05-10 05:00:00,-1.876,-1.876,0.0,0.251269751521839,-0.251269751521839,True
2025-05-10 06:00:00,-1.875,-1.875,0.0,0.487858558627022,-0.487858558627022,True
2025-05-10 07:00:00,-1.877,-1.877,0.0,0.736884984975688,-0.736884984975688,True
2025-05-10 08:00:00,-1.877,-1.877,0.0,0.9860063083107132,-0.9860063083107132,True
2025-05-10 09:00:00,-1.877,-1.877,0.0,1.165406839272341,-1.165406839272341,True
2025-05-10 10:00:00,-1.878,-1.878,0.0,1.321137784283054,-1.321137784283054,True
2025-05-10 11:00:00,-1.879,-1.879,0.0,1.393385176227944,-1.393385176227944,True
2025-05-10 12:00:00,-1.88,-1.88,0.0,1.372969402502506,-1.372969402502506,True
2025-05-10 13:00:00,-1.882,-1.882,0.0,1.268405507609931,-1.268405507609931,True
2025-05-10 14:00:00,-1.881,-1.881,0.0,1.082240913575102,-1.082240913575102,True
2025-05-10 15:00:00,-1.883,-1.883,0.0,0.8839242388248673,-0.8839242388248673,True
2025-05-10 16:00:00,-1.882,-1.882,0.0,0.5961845716086177,-0.5961845716086177,True
2025-05-10 17:00:00,-1.881,-1.881,0.0,0.3305326484068529,-0.3305326484068529,True
2025-05-10 18:00:00,-1.88,-1.88,0.0,0.1036151767482155,-0.1036151767482155,True
2025-05-10 19:00:00,-1.88,-1.88,0.0,0.0039460730732929,-0.0039460730732929,True
2025-05-10 20:00:00,-1.877,-1.877,0.0,0.0,0.0,True
2025-05-10 21:00:00,-1.878,-1.878,0.0,0.0,0.0,True
2025-05-10 22:00:00,-1.878,-1.878,0.0,0.0,0.0,True
2025-05-10 23:00:00,-1.878,-1.878,0.0,0.0,0.0,True
2025-05-11 00:00:00,-1.879,-1.879,0.0,0.0,0.0,True
2025-05-11 01:00:00,-1.878,-1.878,0.0,0.0,0.0,True
2025-05-11 02:00:00,-1.877,-1.877,0.0,0.0,0.0,True
2025-05-11 03:00:00,-1.877,-1.877,0.0,0.0,0.0,True
2025-05-11 04:00:00,-1.876,-1.876,0.0,0.0674476497478421,-0.0674476497478421,True
2025-05-11 05:00:00,-1.876,-1.876,0.0,0.2587861929423792,-0.2587861929423792,True
2025-05-11 06:00:00,-1.877,-1.877,0.0,0.5003809925101529,-0.5003809925101529,True
2025-05-11 07:00:00,-1.875,-1.875,0.0,0.7516937518122127,-0.7516937518122127,True
2025-05-11 08:00:00,-1.875,-1.875,0.0,0.9934521507919796,-0.9934521507919796,True
2025-05-11 09:00:00,-1.877,-1.877,0.0,1.2122330382670057,-1.2122330382670057,True
2025-05-11 10:00:00,-1.878,-1.878,0.0,1.3745116646234232,-1.3745116646234232,True
2025-05-11 11:00:00,-1.878,-1.878,0.0,1.433354029372048,-1.433354029372048,True
2025-05-11 12:00:00,-1.879,-1.879,0.0,1.4106691451244766,-1.4106691451244766,True
2025-05-11 13:00:00,-1.88,-1.88,0.0,1.3156524776068292,-1.3156524776068292,True
2025-05-11 14:00:00,-1.88,-1.88,0.0,1.1350695656672842,-1.1350695656672842,True
2025-05-11 15:00:00,-1.879,-1.879,0.0,0.902032381146278,-0.902032381146278,True
2025-05-11 16:00:00,-1.879,-1.879,0.0,0.6320136364829838,-0.6320136364829838,True
2025-05-11 17:00:00,-1.88,-1.88,0.0,0.348827924649946,-0.348827924649946,True
2025-05-11 18:00:00,-1.879,-1.879,0.0,0.1069128803436886,-0.1069128803436886,True
2025-05-11 19:00:00,-1.879,-1.879,0.0,0.0040336428117982,-0.0040336428117982,True
2025-05-11 20:00:00,-1.877,-1.877,0.0,0.0,0.0,True
2025-05-11 21:00:00,-1.875,-1.875,0.0,0.0,0.0,True
2025-05-11 22:00:00,-1.876,-1.876,0.0,0.0,0.0,True
2025-05-11 23:00:00,-1.875,-1.875,0.0,0.0,0.0,True
2025-05-12 00:00:00,-1.876,-1.876,0.0,0.0,0.0,True
2025-05-12 01:00:00,-1.875,-1.875,0.0,0.0,0.0,True
2025-05-12 02:00:00,-1.875,-1.875,0.0,0.0,0.0,True
2025-05-12 03:00:00,-1.875,-1.875,0.0,0.0,0.0,True
2025-05-12 04:00:00,-1.875,-1.875,0.0,0.0772946248592919,-0.0772946248592919,True
2025-05-12 05:00:00,-1.874,-1.874,0.0,0.2713140372594361,-0.2713140372594361,True
2025-05-12 06:00:00,-1.875,-1.875,0.0,0.511849877427217,-0.511849877427217,True
2025-05-12 07:00:00,-1.877,-1.877,0.0,0.7696452732557996,-0.7696452732557996,True
2025-05-12 08:00:00,-1.877,-1.877,0.0,1.023308583237013,-1.023308583237013,True
2025-05-12 09:00:00,-1.878,-1.878,0.0,1.2290154618016562,-1.2290154618016562,True
2025-05-12 10:00:00,-1.882,-1.882,0.0,1.3809200608936152,-1.3809200608936152,True
2025-05-12 11:00:00,-1.881,-1.881,0.0,1.433354029372048,-1.433354029372048,True
2025-05-12 12:00:00,-1.882,-1.882,0.0,1.4180016168269305,-1.4180016168269305,True
2025-05-12 13:00:00,-1.883,-1.883,0.0,1.3069583125764412,-1.3069583125764412,True
2025-05-12 14:00:00,-1.884,-1.884,0.0,1.1295853987267812,-1.1295853987267812,True
2025-05-12 15:00:00,-1.884,-1.884,0.0,0.8927335393660629,-0.8927335393660629,True
2025-05-12 16:00:00,-1.886,-1.886,0.0,0.628393334126732,-0.628393334126732,True
2025-05-12 17:00:00,-1.884,-1.884,0.0,0.3526811248553989,-0.3526811248553989,True
2025-05-12 18:00:00,-1.884,-1.884,0.0,0.124719101181677,-0.124719101181677,True
2025-05-12 19:00:00,-1.883,-1.883,0.0,0.0081018582685004,-0.0081018582685004,True
2025-05-12 20:00:00,-1.882,-1.882,0.0,0.0,0.0,True
2025-05-12 21:00:00,-1.88,-1.88,0.0,0.0,0.0,True
2025-05-12 22:00:00,-1.879,-1.879,0.0,0.0,0.0,True
2025-05-12 23:00:00,-1.881,-1.881,0.0,0.0,0.0,True
2025-05-13 00:00:00,-1.881,-1.881,0.0,0.0,0.0,True
2025-05-13 01:00:00,-1.881,-1.881,0.0,0.0,0.0,True
2025-05-13 02:00:00,-1.881,-1.881,0.0,0.0,0.0,True
2025-05-13 03:00:00,-1.881,-1.881,0.0,0.0,0.0,True
2025-05-13 04:00:00,-1.88,-1.88,0.0,0.0792689340069571,-0.0792689340069571,True
2025-05-13 05:00:00,-1.882,-1.882,0.0,0.2789118603492831,-0.2789118603492831,True
2025-05-13 06:00:00,-1.883,-1.883,0.0,0.5321947113713302,-0.5321947113713302,True
2025-05-13 07:00:00,-1.881,-1.881,0.0,0.8055017859676472,-0.8055017859676472,True
2025-05-13 08:00:00,-1.883,-1.883,0.0,1.0411452900809792,-1.0411452900809792,True
2025-05-13 09:00:00,-1.883,-1.883,0.0,1.2306930142282937,-1.2306930142282937,True
2025-05-13 10:00:00,-1.886,-1.886,0.0,1.3499933466780107,-1.3499933466780107,True
2025-05-13 11:00:00,-1.887,-1.887,0.0,1.4178683221759294,-1.4178683221759294,True
2025-05-13 12:00:00,-1.888,-1.888,0.0,1.411608214342659,-1.411608214342659,True
2025-05-13 13:00:00,-1.889,-1.889,0.0,1.3106325943634671,-1.3106325943634671,True
2025-05-13 14:00:00,-1.89,-1.89,0.0,1.119195950387846,-1.119195950387846,True
2025-05-13 15:00:00,-1.891,-1.891,0.0,0.8879471025703822,-0.8879471025703822,True
2025-05-13 16:00:00,-1.891,-1.891,0.0,0.616075888987912,-0.616075888987912,True
2025-05-13 17:00:00,-1.891,-1.891,0.0,0.3403844970610025,-0.3403844970610025,True
2025-05-13 18:00:00,-1.888,-1.888,0.0,0.1158133179241283,-0.1158133179241283,True
2025-05-13 19:00:00,-1.888,-1.888,0.0,0.0079450812973157,-0.0079450812973157,True
2025-05-13 20:00:00,-1.887,-1.887,0.0,0.0,0.0,True
2025-05-13 21:00:00,-1.886,-1.886,0.0,0.0,0.0,True
2025-05-13 22:00:00,-1.886,-1.886,0.0,0.0,0.0,True
2025-05-13 23:00:00,-1.886,-1.886,0.0,0.0,0.0,True
2025-05-14 00:00:00,-1.886,-1.886,0.0,0.0,0.0,True
2025-05-14 01:00:00,-1.887,-1.887,0.0,0.0,0.0,True
2025-05-14 02:00:00,-1.886,-1.886,0.0,0.0,0.0,True
2025-05-14 03:00:00,-1.886,-1.886,0.0,0.0,0.0,True
2025-05-14 04:00:00,-1.886,-1.886,0.0,0.0592066947543157,-0.0592066947543157,True
2025-05-14 05:00:00,-1.886,-1.886,0.0,0.2213695817387724,-0.2213695817387724,True
2025-05-14 06:00:00,-1.885,-1.885,0.0,0.430311594257512,-0.430311594257512,True
2025-05-14 07:00:00,-1.886,-1.886,0.0,0.7370394808451296,-0.7370394808451296,True
2025-05-14 08:00:00,-1.885,-1.885,0.0,1.0211534911830074,-1.0211534911830074,True
2025-05-14 09:00:00,-1.886,-1.886,0.0,1.0618957360457393,-1.0618957360457393,True
2025-05-14 10:00:00,-1.889,-1.889,0.0,1.3203022090612024,-1.3203022090612024,True
2025-05-14 11:00:00,-1.89,-1.89,0.0,1.3462595719641537,-1.3462595719641537,True
2025-05-14 12:00:00,-1.89,-1.89,0.0,1.3067981102134705,-1.3067981102134705,True
2025-05-14 13:00:00,-1.89,-1.89,0.0,1.1656827718110527,-1.1656827718110527,True
2025-05-14 14:00:00,-1.892,-1.892,0.0,1.032022517089023,-1.032022517089023,True
2025-05-14 15:00:00,-1.893,-1.893,0.0,0.8064796780011696,-0.8064796780011696,True
2025-05-14 16:00:00,-1.892,-1.892,0.0,0.5812736026090363,-0.5812736026090363,True
2025-05-14 17:00:00,-1.892,-1.892,0.0,0.3070859757925748,-0.3070859757925748,True
2025-05-14 18:00:00,-1.892,-1.892,0.0,0.0991639226564263,-0.0991639226564263,True
2025-05-14 19:00:00,-1.892,-1.892,0.0,0.0073267480236252,-0.0073267480236252,True
2025-05-14 20:00:00,-1.89,-1.89,0.0,0.0,0.0,True
2025-05-14 21:00:00,-1.891,-1.891,0.0,0.0,0.0,True
2025-05-14 22:00:00,-1.89,-1.89,0.0,0.0,0.0,True
2025-05-14 23:00:00,-1.89,-1.89,0.0,0.0,0.0,True
2025-05-15 00:00:00,-1.89,-1.89,0.0,0.0,0.0,True
2025-05-15 01:00:00,-1.889,-1.889,0.0,0.0,0.0,True
2025-05-15 02:00:00,-1.888,-1.888,0.0,0.0,0.0,True
2025-05-15 03:00:00,-1.889,-1.889,0.0,0.0036351925149014,-0.0036351925149014,True
2025-05-15 04:00:00,-1.889,-1.889,0.0,0.0516798786555793,-0.0516798786555793,True
2025-05-15 05:00:00,-1.889,-1.889,0.0,0.1732139650914859,-0.1732139650914859,True
2025-05-15 06:00:00,-1.889,-1.889,0.0,0.469582695721858,-0.469582695721858,True
2025-05-15 07:00:00,-1.889,-1.889,0.0,0.6638075469843087,-0.6638075469843087,True
2025-05-15 08:00:00,-1.89,-1.89,0.0,0.9515573070364828,-0.9515573070364828,True
2025-05-15 09:00:00,-1.891,-1.891,0.0,1.1840848748214314,-1.1840848748214314,True
2025-05-15 10:00:00,-1.893,-1.893,0.0,1.2809827087353511,-1.2809827087353511,True
2025-05-15 11:00:00,-1.895,-1.895,0.0,1.3427673300454372,-1.3427673300454372,True
2025-05-15 12:00:00,-1.896,-1.896,0.0,1.3232593657893228,-1.3232593657893228,True
2025-05-15 13:00:00,-1.897,-1.897,0.0,1.2272649395998274,-1.2272649395998274,True
2025-05-15 14:00:00,-1.899,-1.899,0.0,1.05273019576187,-1.05273019576187,True
2025-05-15 15:00:00,-1.9,-1.9,0.0,0.8200277550945039,-0.8200277550945039,True
2025-05-15 16:00:00,-1.899,-1.899,0.0,0.5774174553335345,-0.5774174553335345,True
2025-05-15 17:00:00,-1.9,-1.9,0.0,0.3293487767730062,-0.3293487767730062,True
2025-05-15 18:00:00,-1.9,-1.9,0.0,0.1230437255860282,-0.1230437255860282,True
2025-05-15 19:00:00,-1.899,-1.899,0.0,0.0070806390897259,-0.0070806390897259,True
2025-05-15 20:00:00,-1.9,-1.9,0.0,0.0,0.0,True
2025-05-15 21:00:00,-1.902,-1.902,0.0,0.0,0.0,True
2025-05-15 22:00:00,-1.902,-1.902,0.0,0.0,0.0,True
2025-05-15 23:00:00,-1.902,-1.902,0.0,0.0,0.0,True
2025-05-16 00:00:00,-1.902,-1.902,0.0,0.0,0.0,True
2025-05-16 01:00:00,-1.902,-1.902,0.0,0.0,0.0,True
2025-05-16 02:00:00,-1.901,-1.901,0.0,0.0,0.0,True
2025-05-16 03:00:00,-1.9,-1.9,0.0,0.0031390418492363,-0.0031390418492363,True
2025-05-16 04:00:00,-1.901,-1.901,0.0,0.0634015099291683,-0.0634015099291683,True
2025-05-16 05:00:00,-1.9,-1.9,0.0,0.1530732506039,-0.1530732506039,True
2025-05-16 06:00:00,-1.901,-1.901,0.0,0.2648719376478397,-0.2648719376478397,True
2025-05-16 07:00:00,-1.901,-1.901,0.0,0.6756738025362916,-0.6756738025362916,True
2025-05-16 08:00:00,-1.9,-1.9,0.0,0.7940284548397472,-0.7940284548397472,True
2025-05-16 09:00:00,-1.903,-1.903,0.0,1.016783212696802,-1.016783212696802,True
2025-05-16 10:00:00,-1.903,-1.903,0.0,1.2092397083855555,-1.2092397083855555,True
2025-05-16 11:00:00,-1.903,-1.903,0.0,0.8268148780812713,-0.8268148780812713,True
2025-05-16 12:00:00,-1.904,-1.904,0.0,0.6199506386315412,-0.6199506386315412,True
2025-05-16 13:00:00,-1.905,-1.905,0.0,0.4174943563747479,-0.4174943563747479,True
2025-05-16 14:00:00,-1.906,-1.906,0.0,0.2718946547530171,-0.2718946547530171,True
2025-05-16 15:00:00,-1.904,-1.904,0.0,0.2297701307771975,-0.2297701307771975,True
2025-05-16 16:00:00,-1.904,-1.904,0.0,0.1928333975453476,-0.1928333975453476,True
2025-05-16 17:00:00,-1.903,-1.903,0.0,0.1531800871847983,-0.1531800871847983,True
2025-05-16 18:00:00,-1.902,-1.902,0.0,0.0455165029358177,-0.0455165029358177,True
2025-05-16 19:00:00,-1.902,-1.902,0.0,0.0073079901589336,-0.0073079901589336,True
2025-05-16 20:00:00,-1.902,-1.902,0.0,0.0,0.0,True
2025-05-16 21:00:00,-1.901,-1.901,0.0,0.0,0.0,True
2025-05-16 22:00:00,-1.903,-1.903,0.0,0.0,0.0,True
2025-05-16 23:00:00,-1.903,-1.903,0.0,0.0,0.0,True
2025-05-17 00:00:00,-1.902,-1.902,0.0,0.0,0.0,True
2025-05-17 01:00:00,-1.902,-1.902,0.0,0.0,0.0,True
2025-05-17 02:00:00,-1.901,-1.901,0.0,0.0,0.0,True
2025-05-17 03:00:00,-1.901,-1.901,0.0,0.0032877794224802,-0.0032877794224802,True
2025-05-17 04:00:00,-1.9,-1.9,0.0,0.057406901772974,-0.057406901772974,True
2025-05-17 05:00:00,-1.9,-1.9,0.0,0.2053178440786515,-0.2053178440786515,True
2025-05-17 06:00:00,-1.9,-1.9,0.0,0.520099998503528,-0.520099998503528,True
2025-05-17 07:00:00,-1.9,-1.9,0.0,0.6064517045885004,-0.6064517045885004,True
2025-05-17 08:00:00,-1.901,-1.901,0.0,0.8973896231112135,-0.8973896231112135,True
2025-05-17 09:00:00,-1.901,-1.901,0.0,1.0443818590196805,-1.0443818590196805,True
2025-05-17 10:00:00,-1.902,-1.902,0.0,1.238706051681379,-1.238706051681379,True
2025-05-17 11:00:00,-1.904,-1.904,0.0,1.2482797502094136,-1.2482797502094136,True
2025-05-17 12:00:00,-1.905,-1.905,0.0,1.2687430760486436,-1.2687430760486436,True
2025-05-17 13:00:00,-1.906,-1.906,0.0,1.1712665161059277,-1.1712665161059277,True
2025-05-17 14:00:00,-1.908,-1.908,0.0,0.9877136391874954,-0.9877136391874954,True
2025-05-17 15:00:00,-1.909,-1.909,0.0,0.6599604582912615,-0.6599604582912615,True
2025-05-17 16:00:00,-1.907,-1.907,0.0,0.3072363948167696,-0.3072363948167696,True
2025-05-17 17:00:00,-1.906,-1.906,0.0,0.0718938116472707,-0.0718938116472707,True
2025-05-17 18:00:00,-1.906,-1.906,0.0,0.0189194241177028,-0.0189194241177028,True
2025-05-17 19:00:00,-1.905,-1.905,0.0,0.0,0.0,True
2025-05-17 20:00:00,-1.905,-1.905,0.0,0.0,0.0,True
2025-05-17 21:00:00,-1.904,-1.904,0.0,0.0,0.0,True
2025-05-17 22:00:00,-1.905,-1.905,0.0,0.0,0.0,True
2025-05-17 23:00:00,-1.904,-1.904,0.0,0.0,0.0,True
2025-05-18 00:00:00,-1.904,-1.904,0.0,0.0,0.0,True
2025-05-18 01:00:00,-1.904,-1.904,0.0,0.0,0.0,True
2025-05-18 02:00:00,-1.901,-1.901,0.0,0.0,0.0,True
2025-05-18 03:00:00,-1.905,-1.905,0.0,0.0036351925149014,-0.0036351925149014,True
2025-05-18 04:00:00,-1.901,-1.901,0.0,0.0296803214487246,-0.0296803214487246,True
2025-05-18 05:00:00,-1.901,-1.901,0.0,0.1795593892681876,-0.1795593892681876,True
2025-05-18 06:00:00,-1.9,-1.9,0.0,0.4745896893152338,-0.4745896893152338,True
2025-05-18 07:00:00,-1.903,-1.903,0.0,0.3918863831594111,-0.3918863831594111,True
2025-05-18 08:00:00,-1.903,-1.903,0.0,0.6976917122382582,-0.6976917122382582,True
2025-05-18 09:00:00,-1.904,-1.904,0.0,0.7285138822970577,-0.7285138822970577,True
2025-05-18 10:00:00,-1.905,-1.905,0.0,1.2416794064248988,-1.2416794064248988,True
2025-05-18 11:00:00,-1.907,-1.907,0.0,0.7509025441254613,-0.7509025441254613,True
2025-05-18 12:00:00,-1.906,-1.906,0.0,1.033092377310158,-1.033092377310158,True
2025-05-18 13:00:00,-1.906,-1.906,0.0,0.8377120867989251,-0.8377120867989251,True
2025-05-18 14:00:00,-1.908,-1.908,0.0,0.9496639047600564,-0.9496639047600564,True
2025-05-18 15:00:00,-1.908,-1.908,0.0,0.6607940173094267,-0.6607940173094267,True
2025-05-18 16:00:00,-1.91,-1.91,0.0,0.6124242458572426,-0.6124242458572426,True
2025-05-18 17:00:00,-1.91,-1.91,0.0,0.3424439330106642,-0.3424439330106642,True
2025-05-18 18:00:00,-1.909,-1.909,0.0,0.0689310392331592,-0.0689310392331592,True
2025-05-18 19:00:00,-1.909,-1.909,0.0,0.0037285977450311,-0.0037285977450311,True
2025-05-18 20:00:00,-1.908,-1.908,0.0,0.0,0.0,True
2025-05-18 21:00:00,-1.908,-1.908,0.0,0.0,0.0,True
2025-05-18 22:00:00,-1.908,-1.908,0.0,0.0,0.0,True
2025-05-18 23:00:00,-1.909,-1.909,0.0,0.0,0.0,True
2025-05-19 00:00:00,-1.91,-1.91,0.0,0.0,0.0,True
2025-05-19 01:00:00,-1.911,-1.911,0.0,0.0,0.0,True
2025-05-19 02:00:00,-1.911,-1.911,0.0,0.0,0.0,True
2025-05-19 03:00:00,-1.911,-1.911,0.0,0.0030990995998953,-0.0030990995998953,True
2025-05-19 04:00:00,-1.911,-1.911,0.0,0.0875234475662524,-0.0875234475662524,True
2025-05-19 05:00:00,-1.912,-1.912,0.0,0.2937106364594761,-0.2937106364594761,True
2025-05-19 06:00:00,-1.909,-1.909,0.0,0.5445417795927665,-0.5445417795927665,True
2025-05-19 07:00:00,-1.911,-1.911,0.0,0.8021902945796491,-0.8021902945796491,True
2025-05-19 08:00:00,-1.911,-1.911,0.0,1.002053468114854,-1.002053468114854,True
2025-05-19 09:00:00,-1.913,-1.913,0.0,1.184943979761256,-1.184943979761256,True
2025-05-19 10:00:00,-1.915,-1.915,0.0,1.311585218781241,-1.311585218781241,True
2025-05-19 11:00:00,-1.916,-1.916,0.0,1.3473434721081297,-1.3473434721081297,True
2025-05-19 12:00:00,-1.916,-1.916,0.0,1.3697415154774135,-1.3697415154774135,True
2025-05-19 13:00:00,-1.918,-1.918,0.0,1.2813519150991184,-1.2813519150991184,True
2025-05-19 14:00:00,-1.918,-1.918,0.0,1.1040343431340318,-1.1040343431340318,True
2025-05-19 15:00:00,-1.919,-1.919,0.0,0.8731243882634447,-0.8731243882634447,True
2025-05-19 16:00:00,-1.918,-1.918,0.0,0.6215975040267743,-0.6215975040267743,True
2025-05-19 17:00:00,-1.915,-1.915,0.0,0.3656577046067979,-0.3656577046067979,True
2025-05-19 18:00:00,-1.916,-1.916,0.0,0.1455226415856021,-0.1455226415856021,True
2025-05-19 19:00:00,-1.915,-1.915,0.0,0.0114065468932584,-0.0114065468932584,True
2025-05-19 20:00:00,-1.915,-1.915,0.0,0.0,0.0,True
2025-05-19 21:00:00,-1.915,-1.915,0.0,0.0,0.0,True
2025-05-19 22:00:00,-1.916,-1.916,0.0,0.0,0.0,True
2025-05-19 23:00:00,-1.915,-1.915,0.0,0.0,0.0,True
2025-05-20 00:00:00,-1.915,-1.915,0.0,0.0,0.0,True
2025-05-20 01:00:00,-1.916,-1.916,0.0,0.0,0.0,True
2025-05-20 02:00:00,-1.916,-1.916,0.0,0.0,0.0,True
2025-05-20 03:00:00,-1.915,-1.915,0.0,0.0064965940636213,-0.0064965940636213,True
2025-05-20 04:00:00,-1.914,-1.914,0.0,0.0969767244826644,-0.0969767244826644,True
2025-05-20 05:00:00,-1.913,-1.913,0.0,0.3025306721899767,-0.3025306721899767,True
2025-05-20 06:00:00,-1.912,-1.912,0.0,0.5537944971452083,-0.5537944971452083,True
2025-05-20 07:00:00,-1.914,-1.914,0.0,0.8111716895300229,-0.8111716895300229,True
2025-05-20 08:00:00,-1.917,-1.917,0.0,1.0211534911830074,-1.0211534911830074,True
2025-05-20 09:00:00,-1.917,-1.917,0.0,1.2022864505494708,-1.2022864505494708,True
2025-05-20 10:00:00,-1.919,-1.919,0.0,1.347897350653597,-1.347897350653597,True
2025-05-20 11:00:00,-1.92,-1.92,0.0,1.3476489103890683,-1.3476489103890683,True
2025-05-20 12:00:00,-1.92,-1.92,0.0,1.3715907742407272,-1.3715907742407272,True
2025-05-20 13:00:00,-1.92,-1.92,0.0,1.171352779393244,-1.171352779393244,True
2025-05-20 14:00:00,-1.921,-1.921,0.0,1.0716723485851598,-1.0716723485851598,True
2025-05-20 15:00:00,-1.919,-1.919,0.0,0.8649876022351706,-0.8649876022351706,True
2025-05-20 16:00:00,-1.921,-1.921,0.0,0.6121561090275356,-0.6121561090275356,True
2025-05-20 17:00:00,-1.922,-1.922,0.0,0.3589942102500461,-0.3589942102500461,True
2025-05-20 18:00:00,-1.921,-1.921,0.0,0.1398123674139615,-0.1398123674139615,True
2025-05-20 19:00:00,-1.921,-1.921,0.0,0.0111579805848259,-0.0111579805848259,True
2025-05-20 20:00:00,-1.919,-1.919,0.0,0.0,0.0,True
2025-05-20 21:00:00,-1.919,-1.919,0.0,0.0,0.0,True
2025-05-20 22:00:00,-1.918,-1.918,0.0,0.0,0.0,True
2025-05-20 23:00:00,-1.918,-1.918,0.0,0.0,0.0,True
2025-05-21 00:00:00,-1.917,-1.917,0.0,0.0,0.0,True
2025-05-21 01:00:00,-1.918,-1.918,0.0,0.0,0.0,True
2025-05-21 02:00:00,-1.916,-1.916,0.0,0.0,0.0,True
2025-05-21 03:00:00,-1.916,-1.916,0.0,0.0067911112791577,-0.0067911112791577,True
2025-05-21 04:00:00,-1.914,-1.914,0.0,0.07653662530195,-0.07653662530195,True
2025-05-21 05:00:00,-1.914,-1.914,0.0,0.2146346958742325,-0.2146346958742325,True
2025-05-21 06:00:00,-1.913,-1.913,0.0,0.4749026328887221,-0.4749026328887221,True
2025-05-21 07:00:00,-1.913,-1.913,0.0,0.7820581766260827,-0.7820581766260827,True
2025-05-21 08:00:00,-1.913,-1.913,0.0,0.9097183183171846,-0.9097183183171846,True
2025-05-21 09:00:00,-1.913,-1.913,0.0,1.0884118196878474,-1.0884118196878474,True
2025-05-21 10:00:00,-1.915,-1.915,0.0,1.0733349464919195,-1.0733349464919195,True
2025-05-21 11:00:00,-1.919,-1.919,0.0,1.1942557658965685,-1.1942557658965685,True
2025-05-21 12:00:00,-1.92,-1.92,0.0,0.7534231006327344,-0.7534231006327344,True
2025-05-21 13:00:00,-1.92,-1.92,0.0,1.010267682276934,-1.010267682276934,True
2025-05-21 14:00:00,-1.921,-1.921,0.0,0.8642263133028546,-0.8642263133028546,True
2025-05-21 15:00:00,-1.92,-1.92,0.0,0.4921517131436138,-0.4921517131436138,True
2025-05-21 16:00:00,-1.919,-1.919,0.0,0.6354494045973297,-0.6354494045973297,True
2025-05-21 17:00:00,-1.919,-1.919,0.0,0.2297701307771975,-0.2297701307771975,True
2025-05-21 18:00:00,-1.918,-1.918,0.0,0.0788826033645551,-0.0788826033645551,True
2025-05-21 19:00:00,-1.918,-1.918,0.0,0.0072892024097095,-0.0072892024097095,True
2025-05-21 20:00:00,-1.917,-1.917,0.0,0.0,0.0,True
2025-05-21 21:00:00,-1.917,-1.917,0.0,0.0,0.0,True
2025-05-21 22:00:00,-1.917,-1.917,0.0,0.0,0.0,True
2025-05-21 23:00:00,-1.919,-1.919,0.0,0.0,0.0,True
2025-05-22 00:00:00,-1.919,-1.919,0.0,0.0,0.0,True
2025-05-22 01:00:00,-1.918,-1.918,0.0,0.0,0.0,True
2025-05-22 02:00:00,-1.918,-1.918,0.0,0.0,0.0,True
2025-05-22 03:00:00,-1.917,-1.917,0.0,0.0035784365108918,-0.0035784365108918,True
2025-05-22 04:00:00,-1.918,-1.918,0.0,0.0966177857940809,-0.0966177857940809,True
2025-05-22 05:00:00,-1.918,-1.918,0.0,0.298085786221922,-0.298085786221922,True
2025-05-22 06:00:00,-1.919,-1.919,0.0,0.5309384582152067,-0.5309384582152067,True
2025-05-22 07:00:00,-1.919,-1.919,0.0,0.6242214032499995,-0.6242214032499995,True
2025-05-22 08:00:00,-1.919,-1.919,0.0,0.7310496977803475,-0.7310496977803475,True
2025-05-22 09:00:00,-1.922,-1.922,0.0,0.7618307376868884,-0.7618307376868884,True
2025-05-22 10:00:00,-1.923,-1.923,0.0,1.1034210276579186,-1.1034210276579186,True
2025-05-22 11:00:00,-1.924,-1.924,0.0,0.8330259298212012,-0.8330259298212012,True
2025-05-22 12:00:00,-1.925,-1.925,0.0,0.9631880014052654,-0.9631880014052654,True
2025-05-22 13:00:00,-1.925,-1.925,0.0,0.9273271722238372,-0.9273271722238372,True
2025-05-22 14:00:00,-1.925,-1.925,0.0,0.8994210500436949,-0.8994210500436949,True
2025-05-22 15:00:00,-1.925,-1.925,0.0,0.7400660748664023,-0.7400660748664023,True
2025-05-22 16:00:00,-1.927,-1.927,0.0,0.4805533725896521,-0.4805533725896521,True
2025-05-22 17:00:00,-1.928,-1.928,0.3,0.1408472183983753,0.1591527816016247,True
2025-05-22 18:00:00,-1.928,-1.928,0.1,0.1331042507305668,-0.0331042507305668,True
2025-05-22 19:00:00,-1.928,-1.928,0.0,0.006984748519471,-0.006984748519471,True
2025-05-22 20:00:00,-1.927,-1.927,0.7,0.0,0.7,True
2025-05-22 21:00:00,-1.927,-1.927,0.1,0.0,0.1,True
2025-05-22 22:00:00,-1.927,-1.927,0.1,0.0,0.1,True
2025-05-22 23:00:00,-1.927,-1.927,0.0,0.0,0.0,True
2025-05-23 00:00:00,-1.926,-1.926,0.3,0.0,0.3,True
2025-05-23 01:00:00,-1.925,-1.925,0.3,0.0,0.3,True
2025-05-23 02:00:00,-1.925,-1.925,0.1,0.0,0.1,True
2025-05-23 03:00:00,-1.924,-1.924,0.0,0.0033955556395788,-0.0033955556395788,True
2025-05-23 04:00:00,-1.923,-1.923,0.1,0.0897985386389986,0.010201461361001404,True
2025-05-23 05:00:00,-1.924,-1.924,0.0,0.2562771791969726,-0.2562771791969726,True
2025-05-23 06:00:00,-1.922,-1.922,0.6,0.3300896851946005,0.26991031480539945,True
2025-05-23 07:00:00,-1.923,-1.923,0.4,0.5662066714782653,-0.1662066714782653,True
2025-05-23 08:00:00,-1.923,-1.923,0.0,0.5911867938992018,-0.5911867938992018,True
2025-05-23 09:00:00,-1.924,-1.924,0.0,0.77265545542921,-0.77265545542921,True
2025-05-23 10:00:00,-1.924,-1.924,0.0,0.7738157843536292,-0.7738157843536292,True
2025-05-23 11:00:00,-1.925,-1.925,1.1,0.711881053324924,0.38811894667507607,True
2025-05-23 12:00:00,-1.926,-1.926,0.1,0.6664972135041957,-0.5664972135041957,True
2025-05-23 13:00:00,-1.928,-1.928,0.0,0.9007054169936691,-0.9007054169936691,True
2025-05-23 14:00:00,-1.929,-1.929,0.0,0.606886705810903,-0.606886705810903,True
2025-05-23 15:00:00,-1.931,-1.931,0.0,0.6318678596372933,-0.6318678596372933,True
2025-05-23 16:00:00,-1.931,-1.931,0.0,0.3493372434716013,-0.3493372434716013,True
2025-05-23 17:00:00,-1.932,-1.932,0.0,0.2616496899850298,-0.2616496899850298,True
2025-05-23 18:00:00,-1.933,-1.933,0.0,0.1115197776391235,-0.1115197776391235,True
2025-05-23 19:00:00,-1.932,-1.932,0.0,0.0133476863008775,-0.0133476863008775,True
2025-05-23 20:00:00,-1.933,-1.933,0.0,0.0,0.0,True
2025-05-23 21:00:00,-1.933,-1.933,0.0,0.0,0.0,True
2025-05-23 22:00:00,-1.932,-1.932,0.0,0.0,0.0,True
2025-05-23 23:00:00,-1.932,-1.932,0.0,0.0,0.0,True
2025-05-24 00:00:00,-1.93,-1.93,0.0,0.0,0.0,True
2025-05-24 01:00:00,-1.931,-1.931,0.0,0.0,0.0,True
2025-05-24 02:00:00,-1.93,-1.93,0.0,0.0,0.0,True
2025-05-24 03:00:00,-1.929,-1.929,0.0,0.0140079565788806,-0.0140079565788806,True
2025-05-24 04:00:00,-1.929,-1.929,0.0,0.0725153827545218,-0.0725153827545218,True
2025-05-24 05:00:00,-1.928,-1.928,0.0,0.1690341500669038,-0.1690341500669038,True
2025-05-24 06:00:00,-1.927,-1.927,0.0,0.2590011284917418,-0.2590011284917418,True
2025-05-24 07:00:00,-1.925,-1.925,0.0,0.2992569553416132,-0.2992569553416132,True
2025-05-24 08:00:00,-1.926,-1.926,0.0,0.3052372630858908,-0.3052372630858908,True
2025-05-24 09:00:00,-1.924,-1.924,0.0,0.4800403017577076,-0.4800403017577076,True
2025-05-24 10:00:00,-1.926,-1.926,0.2,0.4222298188423429,-0.22222981884234289,True
2025-05-24 11:00:00,-1.927,-1.927,0.3,0.151813136743116,0.148186863256884,True
2025-05-24 12:00:00,-1.927,-1.927,0.8,0.2536036343031141,0.546396365696886,True
2025-05-24 13:00:00,-1.925,-1.925,1.5,0.1500575695443871,1.349942430455613,True
2025-05-24 14:00:00,-1.924,-1.924,0.8,0.247485171859223,0.552514828140777,True
2025-05-24 15:00:00,-1.927,-1.927,0.3,0.1628741665949728,0.13712583340502718,True
2025-05-24 16:00:00,-1.924,-1.924,0.2,0.0561059755790334,0.1438940244209666,True
2025-05-24 17:00:00,-1.923,-1.923,0.0,0.0403364281179827,-0.0403364281179827,True
2025-05-24 18:00:00,-1.922,-1.922,0.0,0.0852504101830919,-0.0852504101830919,True
2025-05-24 19:00:00,-1.922,-1.922,0.0,0.0120749125371745,-0.0120749125371745,True
2025-05-24 20:00:00,-1.921,-1.921,0.0,0.0,0.0,True
2025-05-24 21:00:00,-1.921,-1.921,0.0,0.0,0.0,True
2025-05-24 22:00:00,-1.921,-1.921,0.0,0.0,0.0,True
2025-05-24 23:00:00,-1.921,-1.921,0.0,0.0,0.0,True
2025-05-25 00:00:00,-1.919,-1.919,0.0,0.0,0.0,True
2025-05-25 01:00:00,-1.918,-1.918,0.1,0.0,0.1,True
2025-05-25 02:00:00,-1.918,-1.918,0.0,0.0,0.0,True
2025-05-25 03:00:00,-1.919,-1.919,0.1,0.0,0.1,True
2025-05-25 04:00:00,-1.918,-1.918,0.4,0.0158549465251895,0.38414505347481054,True
2025-05-25 05:00:00,-1.918,-1.918,0.4,0.0475648395755686,0.3524351604244314,True
2025-05-25 06:00:00,-1.915,-1.915,0.0,0.111967538045546,-0.111967538045546,True
2025-05-25 07:00:00,-1.915,-1.915,0.0,0.3349920813770796,-0.3349920813770796,True
2025-05-25 08:00:00,-1.914,-1.914,0.0,0.3038196850687654,-0.3038196850687654,True
2025-05-25 09:00:00,-1.914,-1.914,0.0,0.5707942097689184,-0.5707942097689184,True
2025-05-25 10:00:00,-1.913,-1.913,0.0,0.7481272577012648,-0.7481272577012648,True
2025-05-25 11:00:00,-1.913,-1.913,0.0,0.9750454687344408,-0.9750454687344408,True
2025-05-25 12:00:00,-1.915,-1.915,0.0,0.8256081046387428,-0.8256081046387428,True
2025-05-25 13:00:00,-1.916,-1.916,0.0,0.7085586457990408,-0.7085586457990408,True
2025-05-25 14:00:00,-1.917,-1.917,0.0,0.2486026036174542,-0.2486026036174542,True
2025-05-25 15:00:00,-1.918,-1.918,0.0,0.2154650078459615,-0.2154650078459615,True
2025-05-25 16:00:00,-1.92,-1.92,0.1,0.2208953877595262,-0.12089538775952618,True
2025-05-25 17:00:00,-1.92,-1.92,0.0,0.3139069385931089,-0.3139069385931089,True
2025-05-25 18:00:00,-1.922,-1.922,0.0,0.0792747326259477,-0.0792747326259477,True
2025-05-25 19:00:00,-1.921,-1.921,0.0,0.0117850081837725,-0.0117850081837725,True
2025-05-25 20:00:00,-1.922,-1.922,0.0,0.0,0.0,True
2025-05-25 21:00:00,-1.922,-1.922,0.0,0.0,0.0,True
2025-05-25 22:00:00,-1.922,-1.922,0.0,0.0,0.0,True
2025-05-25 23:00:00,-1.923,-1.923,0.0,0.0,0.0,True
2025-05-26 00:00:00,-1.925,-1.925,0.0,0.0,0.0,True
2025-05-26 01:00:00,-1.924,-1.924,0.0,0.0,0.0,True
2025-05-26 02:00:00,-1.925,-1.925,0.0,0.0,0.0,True
2025-05-26 03:00:00,-1.925,-1.925,0.0,0.0037747111431884,-0.0037747111431884,True
2025-05-26 04:00:00,-1.925,-1.925,0.0,0.0574425326942993,-0.0574425326942993,True
2025-05-26 05:00:00,-1.923,-1.923,0.0,0.1842136908519232,-0.1842136908519232,True
2025-05-26 06:00:00,-1.925,-1.925,0.0,0.507852761849441,-0.507852761849441,True
2025-05-26 07:00:00,-1.926,-1.926,0.0,0.6787512823883624,-0.6787512823883624,True
2025-05-26 08:00:00,-1.928,-1.928,0.0,0.7963322331212119,-0.7963322331212119,True
2025-05-26 09:00:00,-1.928,-1.928,0.0,0.8883557874429127,-0.8883557874429127,True
2025-05-26 10:00:00,-1.932,-1.932,0.0,0.9824856803788672,-0.9824856803788672,True
2025-05-26 11:00:00,-1.933,-1.933,0.0,1.09663592833177,-1.09663592833177,True
2025-05-26 12:00:00,-1.934,-1.934,0.0,0.9651351981661404,-0.9651351981661404,True
2025-05-26 13:00:00,-1.936,-1.936,0.0,1.0738270891708883,-1.0738270891708883,True
2025-05-26 14:00:00,-1.939,-1.939,0.0,0.9698380543632976,-0.9698380543632976,True
2025-05-26 15:00:00,-1.938,-1.938,0.0,0.8111716895300229,-0.8111716895300229,True
2025-05-26 16:00:00,-1.939,-1.939,0.0,0.4476175635522912,-0.4476175635522912,True
2025-05-26 17:00:00,-1.94,-1.94,0.0,0.1912024930729852,-0.1912024930729852,True
2025-05-26 18:00:00,-1.94,-1.94,0.0,0.0401627977744593,-0.0401627977744593,True
2025-05-26 19:00:00,-1.94,-1.94,0.0,0.0039900927378881,-0.0039900927378881,True
2025-05-26 20:00:00,-1.937,-1.937,0.0,0.0,0.0,True
2025-05-26 21:00:00,-1.938,-1.938,0.0,0.0,0.0,True
2025-05-26 22:00:00,-1.936,-1.936,0.0,0.0,0.0,True
2025-05-26 23:00:00,-1.936,-1.936,0.0,0.0,0.0,True
2025-05-27 00:00:00,-1.937,-1.937,0.0,0.0,0.0,True
2025-05-27 01:00:00,-1.935,-1.935,0.0,0.0,0.0,True
2025-05-27 02:00:00,-1.933,-1.933,0.0,0.0,0.0,True
2025-05-27 03:00:00,-1.933,-1.933,0.2,0.0,0.2,True
2025-05-27 04:00:00,-1.931,-1.931,2.0,0.0152452235011853,1.9847547764988147,True
2025-05-27 05:00:00,-1.93,-1.93,2.6,0.030997531931577,2.569002468068423,True
2025-05-27 06:00:00,-1.929,-1.929,0.2,0.0834233536218153,0.11657664637818471,True
2025-05-27 07:00:00,-1.927,-1.927,0.1,0.2433956570111787,-0.1433956570111787,True
2025-05-27 08:00:00,-1.927,-1.927,0.3,0.4052867417366284,-0.10528674173662839,True
2025-05-27 09:00:00,-1.925,-1.925,0.0,0.6520216521244054,-0.6520216521244054,True
2025-05-27 10:00:00,-1.928,-1.928,0.0,0.8270125367711875,-0.8270125367711875,True
2025-05-27 11:00:00,-1.928,-1.928,0.0,0.8623964856616321,-0.8623964856616321,True
2025-05-27 12:00:00,-1.93,-1.93,0.0,0.8127649144790253,-0.8127649144790253,True
2025-05-27 13:00:00,-1.931,-1.931,0.0,0.5368181641309837,-0.5368181641309837,True
2025-05-27 14:00:00,-1.932,-1.932,0.3,0.2359315980245434,0.0640684019754566,True
2025-05-27 15:00:00,-1.932,-1.932,2.0,0.1245654677252183,1.8754345322747816,True
2025-05-27 16:00:00,-1.93,-1.93,3.8,0.0563447166889679,3.743655283311032,True
2025-05-27 17:00:00,-1.93,-1.93,1.7,0.0476704877838944,1.6523295122161055,True
2025-05-27 18:00:00,-1.922,-1.922,0.9,0.0361465179970133,0.8638534820029867,True
2025-05-27 19:00:00,-1.917,-1.917,0.1,0.0080499416914496,0.09195005830855041,True
2025-05-27 20:00:00,-1.921,-1.921,0.0,0.0,0.0,True
2025-05-27 21:00:00,-1.915,-1.915,0.0,0.0,0.0,True
2025-05-27 22:00:00,-1.908,-1.908,0.0,0.0,0.0,True
2025-05-27 23:00:00,-1.905,-1.905,0.0,0.0,0.0,True
2025-05-28 00:00:00,-1.903,-1.903,0.0,0.0,0.0,True
2025-05-28 01:00:00,-1.902,-1.902,0.0,0.0,0.0,True
2025-05-28 02:00:00,-1.901,-1.901,0.0,0.0,0.0,True
2025-05-28 03:00:00,-1.902,-1.902,0.4,0.0039637366312973,0.39603626336870273,True
2025-05-28 04:00:00,-1.902,-1.902,0.0,0.043794586497941,-0.043794586497941,True
2025-05-28 05:00:00,-1.902,-1.902,0.0,0.1039698567565784,-0.1039698567565784,True
2025-05-28 06:00:00,-1.903,-1.903,0.0,0.1562952176844502,-0.1562952176844502,True
2025-05-28 07:00:00,-1.904,-1.904,0.0,0.2997687559345152,-0.2997687559345152,True
2025-05-28 08:00:00,-1.903,-1.903,0.1,0.2259329879839511,-0.12593298798395108,True
2025-05-28 09:00:00,-1.906,-1.906,0.0,0.3765549799732519,-0.3765549799732519,True
2025-05-28 10:00:00,-1.907,-1.907,5.1,0.2019511973757222,4.898048802624277,True
2025-05-28 11:00:00,-1.907,-1.907,0.3,0.6467672959360097,-0.3467672959360097,True
2025-05-28 12:00:00,-1.909,-1.909,0.0,0.8396465549499307,-0.8396465549499307,True
2025-05-28 13:00:00,-1.909,-1.909,0.0,1.0547284310947405,-1.0547284310947405,True
2025-05-28 14:00:00,-1.912,-1.912,0.0,1.1829503187964538,-1.1829503187964538,True
2025-05-28 15:00:00,-1.913,-1.913,0.0,0.8703674846850107,-0.8703674846850107,True
2025-05-28 16:00:00,-1.913,-1.913,0.0,0.616622811953264,-0.616622811953264,True
2025-05-28 17:00:00,-1.914,-1.914,0.0,0.3912633527444322,-0.3912633527444322,True
2025-05-28 18:00:00,-1.916,-1.916,0.0,0.1338652659750629,-0.1338652659750629,True
2025-05-28 19:00:00,-1.917,-1.917,0.0,0.025970281267634,-0.025970281267634,True
2025-05-28 20:00:00,-1.917,-1.917,0.0,0.0,0.0,True
2025-05-28 21:00:00,-1.917,-1.917,0.0,0.0,0.0,True
2025-05-28 22:00:00,-1.917,-1.917,0.0,0.0,0.0,True
2025-05-28 23:00:00,-1.917,-1.917,0.0,0.0,0.0,True
2025-05-29 00:00:00,-1.919,-1.919,0.0,0.0,0.0,True
2025-05-29 01:00:00,-1.92,-1.92,0.0,0.0,0.0,True
2025-05-29 02:00:00,-1.921,-1.921,0.0,0.0,0.0,True
2025-05-29 03:00:00,-1.92,-1.92,0.0,0.0071568730217837,-0.0071568730217837,True
2025-05-29 04:00:00,-1.921,-1.921,0.0,0.0516798786555793,-0.0516798786555793,True
2025-05-29 05:00:00,-1.92,-1.92,0.0,0.079653880137681,-0.079653880137681,True
2025-05-29 06:00:00,-1.92,-1.92,0.2,0.1231241596261637,0.07687584037383631,True
2025-05-29 07:00:00,-1.92,-1.92,0.2,0.1798842100087389,0.020115789991261124,True
2025-05-29 08:00:00,-1.92,-1.92,1.7,0.1625132018831929,1.537486798116807,True
2025-05-29 09:00:00,-1.921,-1.921,0.1,0.3483799055455177,-0.24837990554551767,True
2025-05-29 10:00:00,-1.92,-1.92,0.6,0.20974942621351,0.39025057378649,True
2025-05-29 11:00:00,-1.92,-1.92,0.1,0.1599536257793515,-0.05995362577935148,True
2025-05-29 12:00:00,-1.92,-1.92,0.0,0.1555646079393119,-0.1555646079393119,True
2025-05-29 13:00:00,-1.918,-1.918,0.0,0.1667895160886349,-0.1667895160886349,True
2025-05-29 14:00:00,-1.915,-1.915,0.0,0.2801060994201235,-0.2801060994201235,True
2025-05-29 15:00:00,-1.914,-1.914,0.0,0.3628728477669496,-0.3628728477669496,True
2025-05-29 16:00:00,-1.913,-1.913,0.0,0.389334335759863,-0.389334335759863,True
2025-05-29 17:00:00,-1.914,-1.914,0.0,0.1647718280582654,-0.1647718280582654,True
2025-05-29 18:00:00,-1.914,-1.914,0.0,0.073534847131554,-0.073534847131554,True
2025-05-29 19:00:00,-1.914,-1.914,0.0,0.0161691823984002,-0.0161691823984002,True
2025-05-29 20:00:00,-1.914,-1.914,0.0,0.0,0.0,True
2025-05-29 21:00:00,-1.914,-1.914,0.0,0.0,0.0,True
2025-05-29 22:00:00,-1.913,-1.913,0.0,0.0,0.0,True
2025-05-29 23:00:00,-1.913,-1.913,0.0,0.0,0.0,True
2025-05-30 00:00:00,-1.913,-1.913,0.0,0.0,0.0,True
2025-05-30 01:00:00,-1.912,-1.912,0.0,0.0,0.0,True
2025-05-30 02:00:00,-1.911,-1.911,0.0,0.0,0.0,True
2025-05-30 03:00:00,-1.911,-1.911,0.0,0.0118647422328808,-0.0118647422328808,True
2025-05-30 04:00:00,-1.912,-1.912,0.0,0.0638414838062108,-0.0638414838062108,True
2025-05-30 05:00:00,-1.911,-1.911,0.0,0.1383166971166276,-0.1383166971166276,True
2025-05-30 06:00:00,-1.912,-1.912,0.0,0.3377822475194441,-0.3377822475194441,True
2025-05-30 07:00:00,-1.912,-1.912,0.0,0.404519772670935,-0.404519772670935,True
2025-05-30 08:00:00,-1.913,-1.913,0.0,0.3639847134758319,-0.3639847134758319,True
2025-05-30 09:00:00,-1.913,-1.913,0.0,0.6751122749152552,-0.6751122749152552,True
2025-05-30 10:00:00,-1.917,-1.917,0.0,0.9439848102916436,-0.9439848102916436,True
2025-05-30 11:00:00,-1.915,-1.915,0.0,1.1287240099185687,-1.1287240099185687,True
2025-05-30 12:00:00,-1.922,-1.922,0.0,1.2701250184830215,-1.2701250184830215,True
2025-05-30 13:00:00,-1.921,-1.921,0.0,0.7297041328877777,-0.7297041328877777,True
2025-05-30 14:00:00,-1.92,-1.92,0.0,0.8097863699355602,-0.8097863699355602,True
2025-05-30 15:00:00,-1.922,-1.922,0.0,0.8756968866882856,-0.8756968866882856,True
2025-05-30 16:00:00,-1.922,-1.922,0.0,0.5591637506004479,-0.5591637506004479,True
2025-05-30 17:00:00,-1.923,-1.923,0.0,0.3706474138002574,-0.3706474138002574,True
2025-05-30 18:00:00,-1.92,-1.92,0.0,0.1545887546846198,-0.1545887546846198,True
2025-05-30 19:00:00,-1.92,-1.92,0.0,0.0320605574737333,-0.0320605574737333,True
2025-05-30 20:00:00,-1.919,-1.919,0.0,0.0,0.0,True
2025-05-30 21:00:00,-1.917,-1.917,0.0,0.0,0.0,True
2025-05-30 22:00:00,-1.917,-1.917,0.0,0.0,0.0,True
2025-05-30 23:00:00,-1.918,-1.918,0.0,0.0,0.0,True
2025-05-31 00:00:00,-1.915,-1.915,0.0,0.0,0.0,True
2025-05-31 01:00:00,-1.916,-1.916,0.0,0.0,0.0,True
2025-05-31 02:00:00,-1.914,-1.914,0.0,0.0,0.0,True
2025-05-31 03:00:00,-1.915,-1.915,0.0,0.0114885065388598,-0.0114885065388598,True
2025-05-31 04:00:00,-1.915,-1.915,0.0,0.1234211074032885,-0.1234211074032885,True
2025-05-31 05:00:00,-1.913,-1.913,0.0,0.3025563161047894,-0.3025563161047894,True
2025-05-31 06:00:00,-1.912,-1.912,0.0,0.4498813166308668,-0.4498813166308668,True
2025-05-31 07:00:00,-1.912,-1.912,0.0,0.5683535948052044,-0.5683535948052044,True
2025-05-31 08:00:00,-1.912,-1.912,0.0,0.9545998718945164,-0.9545998718945164,True
2025-05-31 09:00:00,-1.911,-1.911,0.0,0.5932631025693528,-0.5932631025693528,True
2025-05-31 10:00:00,-1.915,-1.915,0.0,0.6722124758344238,-0.6722124758344238,True
2025-05-31 11:00:00,-1.914,-1.914,0.0,1.1942104944381422,-1.1942104944381422,True
2025-05-31 12:00:00,-1.915,-1.915,0.0,0.94505880660759,-0.94505880660759,True
2025-05-31 13:00:00,-1.917,-1.917,0.0,0.719897065663511,-0.719897065663511,True
2025-05-31 14:00:00,-1.917,-1.917,0.0,1.0106540814937357,-1.0106540814937357,True
2025-05-31 15:00:00,-1.918,-1.918,0.0,0.806416675377783,-0.806416675377783,True
2025-05-31 16:00:00,-1.919,-1.919,0.0,0.6139487410943253,-0.6139487410943253,True
2025-05-31 17:00:00,-1.917,-1.917,0.0,0.3550731257189942,-0.3550731257189942,True
2025-05-31 18:00:00,-1.917,-1.917,0.0,0.1199209456259484,-0.1199209456259484,True
2025-05-31 19:00:00,-1.914,-1.914,0.0,0.0260428628020391,-0.0260428628020391,True
2025-05-31 20:00:00,-1.914,-1.914,0.0,0.0,0.0,True
2025-05-31 21:00:00,-1.908,-1.908,0.0,0.0,0.0,True
2025-05-31 22:00:00,-1.913,-1.913,0.0,0.0,0.0,True
2025-05-31 23:00:00,-1.911,-1.911,0.0,0.0,0.0,True
2025-06-01 00:00:00,-1.911,-1.911,0.0,0.0,0.0,True
2025-06-01 01:00:00,-1.91,-1.91,0.0,0.0,0.0,True
2025-06-01 02:00:00,-1.909,-1.909,0.0,0.0,0.0,True
2025-06-01 03:00:00,-1.91,-1.91,0.0,0.0119965219334513,-0.0119965219334513,True
2025-06-01 04:00:00,-1.908,-1.908,0.0,0.1093750866247555,-0.1093750866247555,True
2025-06-01 05:00:00,-1.908,-1.908,0.0,0.2871352970933168,-0.2871352970933168,True
2025-06-01 06:00:00,-1.908,-1.908,0.0,0.5122110692523186,-0.5122110692523186,True
2025-06-01 07:00:00,-1.906,-1.906,0.0,0.571840976517773,-0.571840976517773,True
2025-06-01 08:00:00,-1.907,-1.907,0.0,0.8370632005108612,-0.8370632005108612,True
2025-06-01 09:00:00,-1.909,-1.909,0.0,0.8954780492938204,-0.8954780492938204,True
2025-06-01 10:00:00,-1.909,-1.909,0.0,0.9390536269625842,-0.9390536269625842,True
2025-06-01 11:00:00,-1.911,-1.911,0.0,1.000183208815542,-1.000183208815542,True
2025-06-01 12:00:00,-1.914,-1.914,0.0,0.9057453092707268,-0.9057453092707268,True
2025-06-01 13:00:00,-1.914,-1.914,0.0,0.6463093748434603,-0.6463093748434603,True
2025-06-01 14:00:00,-1.915,-1.915,0.0,0.8921009456144549,-0.8921009456144549,True
2025-06-01 15:00:00,-1.916,-1.916,0.0,0.7569431928333158,-0.7569431928333158,True
2025-06-01 16:00:00,-1.915,-1.915,0.0,0.5803126946884067,-0.5803126946884067,True
2025-06-01 17:00:00,-1.916,-1.916,0.0,0.3600296008101958,-0.3600296008101958,True
2025-06-01 18:00:00,-1.916,-1.916,0.0,0.2316266358482567,-0.2316266358482567,True
2025-06-01 19:00:00,-1.915,-1.915,0.0,0.0436011029442712,-0.0436011029442712,True
2025-06-01 20:00:00,-1.915,-1.915,0.0,0.0,0.0,True
2025-06-01 21:00:00,-1.915,-1.915,0.0,0.0,0.0,True
2025-06-01 22:00:00,-1.915,-1.915,0.0,0.0,0.0,True
2025-06-01 23:00:00,-1.915,-1.915,0.0,0.0,0.0,True
2025-06-02 00:00:00,-1.913,-1.913,0.0,0.0,0.0,True
2025-06-02 01:00:00,-1.914,-1.914,0.0,0.0,0.0,True
2025-06-02 02:00:00,-1.913,-1.913,0.0,0.0,0.0,True
2025-06-02 03:00:00,-1.913,-1.913,0.0,0.0077852890637495,-0.0077852890637495,True
2025-06-02 04:00:00,-1.913,-1.913,0.0,0.0634197861007582,-0.0634197861007582,True
2025-06-02 05:00:00,-1.913,-1.913,0.0,0.1452111412247377,-0.1452111412247377,True
2025-06-02 06:00:00,-1.913,-1.913,0.0,0.3453087746938278,-0.3453087746938278,True
2025-06-02 07:00:00,-1.915,-1.915,0.0,0.7353411033646784,-0.7353411033646784,True
2025-06-02 08:00:00,-1.917,-1.917,0.0,0.9815566680177724,-0.9815566680177724,True
2025-06-02 09:00:00,-1.918,-1.918,0.0,1.0526887606439024,-1.0526887606439024,True
2025-06-02 10:00:00,-1.919,-1.919,0.0,1.3590405172676103,-1.3590405172676103,True
2025-06-02 11:00:00,-1.921,-1.921,0.0,1.2957841097655067,-1.2957841097655067,True
2025-06-02 12:00:00,-1.923,-1.923,0.0,1.1856659328199168,-1.1856659328199168,True
2025-06-02 13:00:00,-1.923,-1.923,0.0,0.9869551668788232,-0.9869551668788232,True
2025-06-02 14:00:00,-1.924,-1.924,0.0,1.0381316441135529,-1.0381316441135529,True
2025-06-02 15:00:00,-1.924,-1.924,0.0,0.7943598410423541,-0.7943598410423541,True
2025-06-02 16:00:00,-1.925,-1.925,0.0,0.4982642835127753,-0.4982642835127753,True
2025-06-02 17:00:00,-1.925,-1.925,0.0,0.172700030430175,-0.172700030430175,True
2025-06-02 18:00:00,-1.926,-1.926,0.0,0.1226023364064354,-0.1226023364064354,True
2025-06-02 19:00:00,-1.926,-1.926,0.0,0.0303443352905451,-0.0303443352905451,True
2025-06-02 20:00:00,-1.925,-1.925,0.0,0.0,0.0,True
2025-06-02 21:00:00,-1.924,-1.924,0.0,0.0,0.0,True
2025-06-02 22:00:00,-1.923,-1.923,0.0,0.0,0.0,True
2025-06-02 23:00:00,-1.923,-1.923,0.0,0.0,0.0,True
2025-06-03 00:00:00,-1.925,-1.925,0.0,0.0,0.0,True
2025-06-03 01:00:00,-1.924,-1.924,0.0,0.0,0.0,True
2025-06-03 02:00:00,-1.922,-1.922,0.0,0.0,0.0,True
2025-06-03 03:00:00,-1.923,-1.923,0.0,0.018316870059063,-0.018316870059063,True
2025-06-03 04:00:00,-1.92,-1.92,0.0,0.127086992278443,-0.127086992278443,True
2025-06-03 05:00:00,-1.918,-1.918,0.0,0.3043243611637369,-0.3043243611637369,True
2025-06-03 06:00:00,-1.917,-1.917,0.0,0.5625218299171949,-0.5625218299171949,True
2025-06-03 07:00:00,-1.919,-1.919,0.0,0.8300271216573682,-0.8300271216573682,True
2025-06-03 08:00:00,-1.918,-1.918,0.0,0.921856008929196,-0.921856008929196,True
2025-06-03 09:00:00,-1.917,-1.917,0.0,1.047199264383782,-1.047199264383782,True
2025-06-03 10:00:00,-1.918,-1.918,0.0,0.9606894166149672,-0.9606894166149672,True
2025-06-03 11:00:00,-1.92,-1.92,0.0,1.0331942782462855,-1.0331942782462855,True
2025-06-03 12:00:00,-1.919,-1.919,0.0,1.1229253060202615,-1.1229253060202615,True
2025-06-03 13:00:00,-1.919,-1.919,0.0,0.8232746310888851,-0.8232746310888851,True
2025-06-03 14:00:00,-1.92,-1.92,0.0,0.5502345709553164,-0.5502345709553164,True
2025-06-03 15:00:00,-1.92,-1.92,0.0,0.3720568235960365,-0.3720568235960365,True
2025-06-03 16:00:00,-1.92,-1.92,0.0,0.3473404449959806,-0.3473404449959806,True
2025-06-03 17:00:00,-1.919,-1.919,0.0,0.1789393880436612,-0.1789393880436612,True
2025-06-03 18:00:00,-1.917,-1.917,0.0,0.0574325077395682,-0.0574325077395682,True
2025-06-03 19:00:00,-1.918,-1.918,0.0,0.0123324562390652,-0.0123324562390652,True
2025-06-03 20:00:00,-1.917,-1.917,0.2,0.0,0.2,True
2025-06-03 21:00:00,-1.918,-1.918,0.0,0.0,0.0,True
2025-06-03 22:00:00,-1.919,-1.919,0.1,0.0,0.1,True
2025-06-03 23:00:00,-1.918,-1.918,0.2,0.0,0.2,True
2025-06-04 00:00:00,-1.916,-1.916,1.6,0.0,1.6,True
2025-06-04 01:00:00,-1.916,-1.916,1.4,0.0,1.4,True
2025-06-04 02:00:00,-1.916,-1.916,0.5,0.0,0.5,True
2025-06-04 03:00:00,-1.915,-1.915,1.8,0.00388367687261,1.79611632312739,True
2025-06-04 04:00:00,-1.915,-1.915,0.4,0.0234095662433643,0.3765904337566357,True
2025-06-04 05:00:00,-1.913,-1.913,0.1,0.0862276850796236,0.013772314920376408,True
2025-06-04 06:00:00,-1.91,-1.91,0.0,0.372685480351019,-0.372685480351019,True
2025-06-04 07:00:00,-1.91,-1.91,0.0,0.5392555456313964,-0.5392555456313964,True
2025-06-04 08:00:00,-1.909,-1.909,0.0,0.9219669221122166,-0.9219669221122166,True
2025-06-04 09:00:00,-1.91,-1.91,0.0,1.1645686742288153,-1.1645686742288153,True
2025-06-04 10:00:00,-1.912,-1.912,0.0,1.1049805440872065,-1.1049805440872065,True
2025-06-04 11:00:00,-1.915,-1.915,0.0,0.8296097831728911,-0.8296097831728911,True
2025-06-04 12:00:00,-1.918,-1.918,0.0,1.244465927200536,-1.244465927200536,True
2025-06-04 13:00:00,-1.918,-1.918,0.0,1.215043394572186,-1.215043394572186,True
2025-06-04 14:00:00,-1.918,-1.918,0.0,0.7729437734230995,-0.7729437734230995,True
2025-06-04 15:00:00,-1.92,-1.92,0.0,0.3007085862063343,-0.3007085862063343,True
2025-06-04 16:00:00,-1.922,-1.922,0.0,0.2430384463859414,-0.2430384463859414,True
2025-06-04 17:00:00,-1.921,-1.921,0.0,0.1542626469979759,-0.1542626469979759,True
2025-06-04 18:00:00,-1.92,-1.92,0.0,0.0806728562359654,-0.0806728562359654,True
2025-06-04 19:00:00,-1.919,-1.919,0.0,0.0158901625946314,-0.0158901625946314,True
2025-06-04 20:00:00,-1.919,-1.919,0.0,0.0,0.0,True
2025-06-04 21:00:00,-1.919,-1.919,0.0,0.0,0.0,True
2025-06-04 22:00:00,-1.92,-1.92,0.0,0.0,0.0,True
2025-06-04 23:00:00,-1.919,-1.919,0.0,0.0,0.0,True
2025-06-05 00:00:00,-1.919,-1.919,0.0,0.0,0.0,True
2025-06-05 01:00:00,-1.917,-1.917,0.0,0.0,0.0,True
2025-06-05 02:00:00,-1.917,-1.917,0.0,0.0,0.0,True
2025-06-05 03:00:00,-1.918,-1.918,0.0,0.0076226117505926,-0.0076226117505926,True
2025-06-05 04:00:00,-1.919,-1.919,0.0,0.1089940468924936,-0.1089940468924936,True
2025-06-05 05:00:00,-1.917,-1.917,0.0,0.2839176857583488,-0.2839176857583488,True
2025-06-05 06:00:00,-1.917,-1.917,0.0,0.3572398141005759,-0.3572398141005759,True
2025-06-05 07:00:00,-1.917,-1.917,0.0,0.5504054030924952,-0.5504054030924952,True
2025-06-05 08:00:00,-1.915,-1.915,0.0,0.4479438056591972,-0.4479438056591972,True
2025-06-05 09:00:00,-1.917,-1.917,0.0,0.4725785924406786,-0.4725785924406786,True
2025-06-05 10:00:00,-1.917,-1.917,0.0,0.3419015432209007,-0.3419015432209007,True
2025-06-05 11:00:00,-1.917,-1.917,9.3,0.1265572504840623,9.173442749515939,True
2025-06-05 12:00:00,-1.918,-1.918,0.0,0.6838030864418014,-0.6838030864418014,True
2025-06-05 13:00:00,-1.918,-1.918,0.0,0.9282793780084758,-0.9282793780084758,True
2025-06-05 14:00:00,-1.911,-1.911,0.0,0.920228061848915,-0.920228061848915,True
2025-06-05 15:00:00,-1.912,-1.912,0.0,0.5964441141613339,-0.5964441141613339,True
2025-06-05 16:00:00,-1.905,-1.905,0.0,0.4447575822297449,-0.4447575822297449,True
2025-06-05 17:00:00,-1.898,-1.898,0.0,0.2400393788875878,-0.2400393788875878,True
2025-06-05 18:00:00,-1.891,-1.891,1.9,0.0324763467364159,1.867523653263584,True
2025-06-05 19:00:00,-1.886,-1.886,0.0,0.0079976812889675,-0.0079976812889675,True
2025-06-05 20:00:00,-1.879,-1.879,0.1,0.0,0.1,True
2025-06-05 21:00:00,-1.875,-1.875,0.3,0.0,0.3,True
2025-06-05 22:00:00,-1.872,-1.872,0.8,0.0,0.8,True
2025-06-05 23:00:00,-1.868,-1.868,2.0,0.0,2.0,True
2025-06-06 00:00:00,-1.865,-1.865,0.7,0.0,0.7,True
2025-06-06 01:00:00,-1.857,-1.857,0.1,0.0,0.1,True
2025-06-06 02:00:00,-1.853,-1.853,0.0,0.0,0.0,True
2025-06-06 03:00:00,-1.852,-1.852,0.1,0.0078921461465858,0.0921078538534142,True
2025-06-06 04:00:00,-1.848,-1.848,0.0,0.0830531956301659,-0.0830531956301659,True
2025-06-06 05:00:00,-1.846,-1.846,0.0,0.1915244514186324,-0.1915244514186324,True
2025-06-06 06:00:00,-1.841,-1.841,0.0,0.3880603775616058,-0.3880603775616058,True
2025-06-06 07:00:00,-1.839,-1.839,0.0,0.6509150700618577,-0.6509150700618577,True
2025-06-06 08:00:00,-1.837,-1.837,0.0,0.7941982615849081,-0.7941982615849081,True
2025-06-06 09:00:00,-1.836,-1.836,0.0,0.8520551247275158,-0.8520551247275158,True
2025-06-06 10:00:00,-1.835,-1.835,0.0,1.0195383737371395,-1.0195383737371395,True
2025-06-06 11:00:00,-1.835,-1.835,0.0,1.086380350793858,-1.086380350793858,True
2025-06-06 12:00:00,-1.836,-1.836,0.0,1.0907161750147234,-1.0907161750147234,True
2025-06-06 13:00:00,-1.836,-1.836,0.0,0.5629146167991428,-0.5629146167991428,True
2025-06-06 14:00:00,-1.836,-1.836,0.0,0.8419323983682228,-0.8419323983682228,True
2025-06-06 15:00:00,-1.836,-1.836,0.0,0.5295567135814159,-0.5295567135814159,True
2025-06-06 16:00:00,-1.835,-1.835,0.0,0.4983604984390359,-0.4983604984390359,True
2025-06-06 17:00:00,-1.835,-1.835,0.0,0.2969740849857005,-0.2969740849857005,True
2025-06-06 18:00:00,-1.835,-1.835,0.0,0.107495803222219,-0.107495803222219,True
2025-06-06 19:00:00,-1.834,-1.834,0.0,0.0195079718694703,-0.0195079718694703,True
2025-06-06 20:00:00,-1.831,-1.831,0.0,0.0,0.0,True
2025-06-06 21:00:00,-1.832,-1.832,0.0,0.0,0.0,True
2025-06-06 22:00:00,-1.829,-1.829,0.0,0.0,0.0,True
2025-06-06 23:00:00,-1.829,-1.829,0.0,0.0,0.0,True
2025-06-07 00:00:00,-1.828,-1.828,1.1,0.0,1.1,True
2025-06-07 01:00:00,-1.829,-1.829,0.0,0.0,0.0,True
2025-06-07 02:00:00,-1.828,-1.828,0.0,0.0,0.0,True
2025-06-07 03:00:00,-1.827,-1.827,0.0,0.0114065468932584,-0.0114065468932584,True
2025-06-07 04:00:00,-1.827,-1.827,0.8,0.0268700228818502,0.7731299771181498,True
2025-06-07 05:00:00,-1.827,-1.827,6.4,0.0227582514679088,6.377241748532091,True
2025-06-07 06:00:00,-1.826,-1.826,1.8,0.0878694883652832,1.7121305116347167,True
2025-06-07 07:00:00,-1.826,-1.826,0.5,0.205358649046698,0.294641350953302,True
2025-06-07 08:00:00,-1.825,-1.825,1.2,0.4340680380622217,0.7659319619377782,True
2025-06-07 09:00:00,-1.825,-1.825,0.2,0.3068104729361934,-0.10681047293619339,True
2025-06-07 10:00:00,-1.825,-1.825,0.1,0.3614069176356908,-0.2614069176356908,True
2025-06-07 11:00:00,-1.828,-1.828,0.7,0.3646637700793597,0.33533622992064027,True
2025-06-07 12:00:00,-1.828,-1.828,0.0,0.7157924753625979,-0.7157924753625979,True
2025-06-07 13:00:00,-1.829,-1.829,0.0,0.7170144567622865,-0.7170144567622865,True
2025-06-07 14:00:00,-1.829,-1.829,0.2,0.552097894519072,-0.352097894519072,True
2025-06-07 15:00:00,-1.832,-1.832,0.0,0.4456022047675227,-0.4456022047675227,True
2025-06-07 16:00:00,-1.832,-1.832,0.0,0.372685480351019,-0.372685480351019,True
2025-06-07 17:00:00,-1.831,-1.831,0.0,0.1613457124719308,-0.1613457124719308,True
2025-06-07 18:00:00,-1.833,-1.833,0.0,0.0873958942704732,-0.0873958942704732,True
2025-06-07 19:00:00,-1.833,-1.833,0.0,0.0157488548205956,-0.0157488548205956,True
2025-06-07 20:00:00,-1.833,-1.833,0.0,0.0,0.0,True
2025-06-07 21:00:00,-1.833,-1.833,2.2,0.0,2.2,True
2025-06-07 22:00:00,-1.834,-1.834,1.9,0.0,1.9,True
2025-06-07 23:00:00,-1.834,-1.834,4.3,0.0,4.3,True
2025-06-08 00:00:00,-1.833,-1.833,1.0,0.0,1.0,True
2025-06-08 01:00:00,-1.813,-1.813,8.1,0.0,8.1,True
2025-06-08 02:00:00,-1.791,-1.791,4.1,0.0,4.1,True
2025-06-08 03:00:00,-1.78,-1.78,1.6,0.0075310419604993,1.5924689580395008,True
2025-06-08 04:00:00,-1.769,-1.769,0.0,0.0686035057553338,-0.0686035057553338,True
2025-06-08 05:00:00,-1.762,-1.762,0.0,0.1658367218889989,-0.1658367218889989,True
2025-06-08 06:00:00,-1.759,-1.759,0.0,0.4399747660740101,-0.4399747660740101,True
2025-06-08 07:00:00,-1.754,-1.754,0.7,0.3323947358857133,0.3676052641142867,True
2025-06-08 08:00:00,-1.752,-1.752,0.2,0.6075132357882574,-0.40751323578825743,True
2025-06-08 09:00:00,-1.754,-1.754,0.3,0.5299584864020112,-0.22995848640201116,True
2025-06-08 10:00:00,-1.754,-1.754,0.0,0.7534333132863483,-0.7534333132863483,True
2025-06-08 11:00:00,-1.752,-1.752,0.2,0.4627249470823529,-0.2627249470823529,True
2025-06-08 12:00:00,-1.752,-1.752,0.0,0.6506270783280693,-0.6506270783280693,True
2025-06-08 13:00:00,-1.753,-1.753,1.3,0.4546290919769004,0.8453709080230997,True
2025-06-08 14:00:00,-1.752,-1.752,0.5,0.5153339683624686,-0.015333968362468586,True
2025-06-08 15:00:00,-1.752,-1.752,0.0,0.5565605127866616,-0.5565605127866616,True
2025-06-08 16:00:00,-1.75,-1.75,0.0,0.5189120517279103,-0.5189120517279103,True
2025-06-08 17:00:00,-1.75,-1.75,0.0,0.3542306524006042,-0.3542306524006042,True
2025-06-08 18:00:00,-1.75,-1.75,0.0,0.147213734584349,-0.147213734584349,True
2025-06-08 19:00:00,-1.75,-1.75,0.0,0.0185036891098747,-0.0185036891098747,True
2025-06-08 20:00:00,-1.749,-1.749,0.0,0.0,0.0,True
2025-06-08 21:00:00,-1.75,-1.75,0.3,0.0,0.3,True
2025-06-08 22:00:00,-1.75,-1.75,0.0,0.0,0.0,True
2025-06-08 23:00:00,-1.748,-1.748,0.0,0.0,0.0,True
2025-06-09 00:00:00,-1.75,-1.75,0.0,0.0,0.0,True
2025-06-09 01:00:00,-1.751,-1.751,0.0,0.0,0.0,True
2025-06-09 02:00:00,-1.748,-1.748,0.0,0.0,0.0,True
2025-06-09 03:00:00,-1.749,-1.749,0.0,0.0106496074386533,-0.0106496074386533,True
2025-06-09 04:00:00,-1.751,-1.751,0.0,0.0885940776952787,-0.0885940776952787,True
2025-06-09 05:00:00,-1.749,-1.749,0.0,0.2685924726993592,-0.2685924726993592,True
2025-06-09 06:00:00,-1.749,-1.749,0.0,0.4952642877303439,-0.4952642877303439,True
2025-06-09 07:00:00,-1.75,-1.75,0.0,0.7157575521746449,-0.7157575521746449,True
2025-06-09 08:00:00,-1.75,-1.75,0.0,0.9498694395532912,-0.9498694395532912,True
2025-06-09 09:00:00,-1.747,-1.747,0.0,0.9549071571140576,-0.9549071571140576,True
2025-06-09 10:00:00,-1.748,-1.748,0.0,1.1567433313948197,-1.1567433313948197,True
2025-06-09 11:00:00,-1.752,-1.752,0.0,1.1309743757795954,-1.1309743757795954,True
2025-06-09 12:00:00,-1.754,-1.754,0.0,1.054301117544356,-1.054301117544356,True
2025-06-09 13:00:00,-1.755,-1.755,0.0,1.0884485221611773,-1.0884485221611773,True
2025-06-09 14:00:00,-1.752,-1.752,0.0,1.0306401665131588,-1.0306401665131588,True
2025-06-09 15:00:00,-1.751,-1.751,0.0,0.7836339307836149,-0.7836339307836149,True
2025-06-09 16:00:00,-1.754,-1.754,0.0,0.5609763547507703,-0.5609763547507703,True
2025-06-09 17:00:00,-1.754,-1.754,0.0,0.3226228142172147,-0.3226228142172147,True
2025-06-09 18:00:00,-1.752,-1.752,0.0,0.1542626469979759,-0.1542626469979759,True
2025-06-09 19:00:00,-1.751,-1.751,0.0,0.0199066302263368,-0.0199066302263368,True
2025-06-09 20:00:00,-1.748,-1.748,0.0,0.0,0.0,True
2025-06-09 21:00:00,-1.746,-1.746,0.0,0.0,0.0,True
2025-06-09 22:00:00,-1.746,-1.746,0.0,0.0,0.0,True
2025-06-09 23:00:00,-1.745,-1.745,0.0,0.0,0.0,True
2025-06-10 00:00:00,-1.744,-1.744,0.0,0.0,0.0,True
2025-06-10 01:00:00,-1.744,-1.744,0.0,0.0,0.0,True
2025-06-10 02:00:00,-1.743,-1.743,0.0,0.0,0.0,True
2025-06-10 03:00:00,-1.742,-1.742,0.0,0.0039460730732929,-0.0039460730732929,True
2025-06-10 04:00:00,-1.741,-1.741,0.0,0.0358319344074063,-0.0358319344074063,True
2025-06-10 05:00:00,-1.74,-1.74,0.0,0.120749125371745,-0.120749125371745,True
2025-06-10 06:00:00,-1.74,-1.74,1.8,0.0982084015314377,1.7017915984685623,True
2025-06-10 07:00:00,-1.74,-1.74,1.4,0.0947057537590301,1.3052942462409698,True
2025-06-10 08:00:00,-1.739,-1.739,0.3,0.1476334313018625,0.1523665686981375,True
2025-06-10 09:00:00,-1.736,-1.736,0.3,0.2042634642543168,0.0957365357456832,True
2025-06-10 10:00:00,-1.735,-1.735,0.0,0.4251585365827173,-0.4251585365827173,True
2025-06-10 11:00:00,-1.735,-1.735,0.0,0.3752764111994285,-0.3752764111994285,True
2025-06-10 12:00:00,-1.737,-1.737,0.0,0.4991677072398073,-0.4991677072398073,True
2025-06-10 13:00:00,-1.734,-1.734,0.0,1.0253267675275437,-1.0253267675275437,True
2025-06-10 14:00:00,-1.735,-1.735,0.0,0.5392555456313964,-0.5392555456313964,True
2025-06-10 15:00:00,-1.737,-1.737,0.0,0.6398016812652543,-0.6398016812652543,True
2025-06-10 16:00:00,-1.738,-1.738,0.0,0.3783472594981346,-0.3783472594981346,True
2025-06-10 17:00:00,-1.736,-1.736,0.0,0.2593560279627315,-0.2593560279627315,True
2025-06-10 18:00:00,-1.738,-1.738,0.0,0.1016736839179829,-0.1016736839179829,True
2025-06-10 19:00:00,-1.739,-1.739,0.0,0.0304174583820224,-0.0304174583820224,True
2025-06-10 20:00:00,-1.74,-1.74,0.0,0.0,0.0,True
2025-06-10 21:00:00,-1.741,-1.741,0.0,0.0,0.0,True
2025-06-10 22:00:00,-1.742,-1.742,0.0,0.0,0.0,True
2025-06-10 23:00:00,-1.743,-1.743,0.0,0.0,0.0,True
2025-06-11 00:00:00,-1.742,-1.742,0.0,0.0,0.0,True
2025-06-11 01:00:00,-1.743,-1.743,0.0,0.0,0.0,True
2025-06-11 02:00:00,-1.744,-1.744,0.0,0.0,0.0,True
2025-06-11 03:00:00,-1.743,-1.743,0.0,0.0068105800670194,-0.0068105800670194,True
2025-06-11 04:00:00,-1.744,-1.744,0.0,0.0692474228922405,-0.0692474228922405,True
2025-06-11 05:00:00,-1.745,-1.745,0.0,0.1623589163679575,-0.1623589163679575,True
2025-06-11 06:00:00,-1.745,-1.745,0.0,0.3606812715795005,-0.3606812715795005,True
2025-06-11 07:00:00,-1.746,-1.746,0.0,0.4963427911034072,-0.4963427911034072,True
2025-06-11 08:00:00,-1.748,-1.748,0.0,0.5324801089239858,-0.5324801089239858,True
2025-06-11 09:00:00,-1.749,-1.749,0.0,0.511849877427217,-0.511849877427217,True
2025-06-11 10:00:00,-1.752,-1.752,0.0,0.8001312629586261,-0.8001312629586261,True
2025-06-11 11:00:00,-1.753,-1.753,0.0,1.4192173582742569,-1.4192173582742569,True
2025-06-11 12:00:00,-1.753,-1.753,0.0,1.3572293237242503,-1.3572293237242503,True
2025-06-11 13:00:00,-1.758,-1.758,0.0,1.2627870149280538,-1.2627870149280538,True
2025-06-11 14:00:00,-1.76,-1.76,0.0,1.114847435964055,-1.114847435964055,True
2025-06-11 15:00:00,-1.76,-1.76,0.0,0.9181096531468688,-0.9181096531468688,True
2025-06-11 16:00:00,-1.76,-1.76,0.0,0.6628598581308697,-0.6628598581308697,True
2025-06-11 17:00:00,-1.762,-1.762,0.0,0.4116710855113937,-0.4116710855113937,True
2025-06-11 18:00:00,-1.761,-1.761,0.0,0.1861285466637777,-0.1861285466637777,True
2025-06-11 19:00:00,-1.762,-1.762,0.0,0.0362247376115235,-0.0362247376115235,True
2025-06-11 20:00:00,-1.76,-1.76,0.0,0.0,0.0,True
2025-06-11 21:00:00,-1.76,-1.76,0.0,0.0,0.0,True
2025-06-11 22:00:00,-1.76,-1.76,0.0,0.0,0.0,True
2025-06-11 23:00:00,-1.76,-1.76,0.0,0.0,0.0,True
2025-06-12 00:00:00,-1.761,-1.761,0.0,0.0,0.0,True
2025-06-12 01:00:00,-1.762,-1.762,0.0,0.0,0.0,True
2025-06-12 02:00:00,-1.76,-1.76,0.0,0.0,0.0,True
2025-06-12 03:00:00,-1.762,-1.762,0.0,0.0152087291910112,-0.0152087291910112,True
2025-06-12 04:00:00,-1.761,-1.761,0.0,0.128752614338504,-0.128752614338504,True
2025-06-12 05:00:00,-1.763,-1.763,0.0,0.3380975510408862,-0.3380975510408862,True
2025-06-12 06:00:00,-1.764,-1.764,0.0,0.5820131423122635,-0.5820131423122635,True
2025-06-12 07:00:00,-1.764,-1.764,0.0,0.8270125367711875,-0.8270125367711875,True
2025-06-12 08:00:00,-1.767,-1.767,0.0,1.067757374883604,-1.067757374883604,True
2025-06-12 09:00:00,-1.768,-1.768,0.0,1.2789563499763232,-1.2789563499763232,True
2025-06-12 10:00:00,-1.772,-1.772,0.0,1.4046477963012085,-1.4046477963012085,True
2025-06-12 11:00:00,-1.771,-1.771,0.0,1.4197476580250945,-1.4197476580250945,True
2025-06-12 12:00:00,-1.773,-1.773,0.0,1.395902549191952,-1.395902549191952,True
2025-06-12 13:00:00,-1.774,-1.774,0.0,1.309051210006445,-1.309051210006445,True
2025-06-12 14:00:00,-1.776,-1.776,0.0,1.221028907960327,-1.221028907960327,True
2025-06-12 15:00:00,-1.775,-1.775,0.0,0.9641785305205284,-0.9641785305205284,True
2025-06-12 16:00:00,-1.778,-1.778,0.0,0.6649507107038127,-0.6649507107038127,True
2025-06-12 17:00:00,-1.779,-1.779,0.0,0.3920874937729323,-0.3920874937729323,True
2025-06-12 18:00:00,-1.779,-1.779,0.0,0.236983405511071,-0.236983405511071,True
2025-06-12 19:00:00,-1.778,-1.778,0.0,0.0597613767227575,-0.0597613767227575,True
2025-06-12 20:00:00,-1.778,-1.778,0.0,0.0,0.0,True
2025-06-12 21:00:00,-1.78,-1.78,0.0,0.0,0.0,True
2025-06-12 22:00:00,-1.782,-1.782,0.0,0.0,0.0,True
2025-06-12 23:00:00,-1.785,-1.785,0.0,0.0,0.0,True
2025-06-13 00:00:00,-1.786,-1.786,0.0,0.0,0.0,True
2025-06-13 01:00:00,-1.787,-1.787,0.0,0.0,0.0,True
2025-06-13 02:00:00,-1.787,-1.787,0.0,0.0,0.0,True
2025-06-13 03:00:00,-1.788,-1.788,0.0,0.0127809453034571,-0.0127809453034571,True
2025-06-13 04:00:00,-1.789,-1.789,0.0,0.1355304726073949,-0.1355304726073949,True
2025-06-13 05:00:00,-1.79,-1.79,0.0,0.3583528826672107,-0.3583528826672107,True
2025-06-13 06:00:00,-1.792,-1.792,0.0,0.6001058315573867,-0.6001058315573867,True
2025-06-13 07:00:00,-1.794,-1.794,0.0,0.8111257664417263,-0.8111257664417263,True
2025-06-13 08:00:00,-1.795,-1.795,0.0,0.9658283077470958,-0.9658283077470958,True
2025-06-13 09:00:00,-1.797,-1.797,0.0,1.2390549537927915,-1.2390549537927915,True
2025-06-13 10:00:00,-1.801,-1.801,0.0,1.3369166538277375,-1.3369166538277375,True
2025-06-13 11:00:00,-1.804,-1.804,0.0,1.325798155738514,-1.325798155738514,True
2025-06-13 12:00:00,-1.806,-1.806,0.0,1.4401287995447676,-1.4401287995447676,True
2025-06-13 13:00:00,-1.809,-1.809,0.0,1.3716735376114533,-1.3716735376114533,True
2025-06-13 14:00:00,-1.808,-1.808,0.0,1.107729516239228,-1.107729516239228,True
2025-06-13 15:00:00,-1.809,-1.809,0.0,0.958237903436957,-0.958237903436957,True
2025-06-13 16:00:00,-1.809,-1.809,0.0,0.7342008392285924,-0.7342008392285924,True
2025-06-13 17:00:00,-1.811,-1.811,0.0,0.4594998449593912,-0.4594998449593912,True
2025-06-13 18:00:00,-1.811,-1.811,0.0,0.2163266361136647,-0.2163266361136647,True
2025-06-13 19:00:00,-1.811,-1.811,0.0,0.0578641964115148,-0.0578641964115148,True
2025-06-13 20:00:00,-1.81,-1.81,0.0,0.0,0.0,True
2025-06-13 21:00:00,-1.808,-1.808,0.0,0.0,0.0,True
2025-06-13 22:00:00,-1.809,-1.809,0.0,0.0,0.0,True
2025-06-13 23:00:00,-1.808,-1.808,0.0,0.0,0.0,True
2025-06-14 00:00:00,-1.809,-1.809,0.0,0.0,0.0,True
2025-06-14 01:00:00,-1.808,-1.808,0.0,0.0,0.0,True
2025-06-14 02:00:00,-1.807,-1.807,1.3,0.0,1.3,True
2025-06-14 03:00:00,-1.806,-1.806,0.0,0.0043483774006094,-0.0043483774006094,True
2025-06-14 04:00:00,-1.808,-1.808,0.0,0.0529297543053627,-0.0529297543053627,True
2025-06-14 05:00:00,-1.803,-1.803,0.0,0.1746970303002652,-0.1746970303002652,True
2025-06-14 06:00:00,-1.8,-1.8,0.0,0.4992807547465026,-0.4992807547465026,True
2025-06-14 07:00:00,-1.793,-1.793,0.0,0.8108395091924046,-0.8108395091924046,True
2025-06-14 08:00:00,-1.792,-1.792,0.0,1.1533281791593877,-1.1533281791593877,True
2025-06-14 09:00:00,-1.789,-1.789,0.0,1.3668997099335134,-1.3668997099335134,True
2025-06-14 10:00:00,-1.789,-1.789,0.0,1.5123019140979015,-1.5123019140979015,True
2025-06-14 11:00:00,-1.788,-1.788,0.0,0.4316074641687917,-0.4316074641687917,True
2025-06-14 12:00:00,-1.788,-1.788,0.0,0.4203187535184227,-0.4203187535184227,True
2025-06-14 13:00:00,-1.786,-1.786,0.0,0.2847302038112961,-0.2847302038112961,True
2025-06-14 14:00:00,-1.788,-1.788,0.0,0.3222936527973265,-0.3222936527973265,True
2025-06-14 15:00:00,-1.787,-1.787,0.0,0.3577984749873033,-0.3577984749873033,True
2025-06-14 16:00:00,-1.786,-1.786,0.0,0.7114959851538938,-0.7114959851538938,True
2025-06-14 17:00:00,-1.786,-1.786,0.0,0.4144767373486452,-0.4144767373486452,True
2025-06-14 18:00:00,-1.788,-1.788,0.0,0.1646371157189135,-0.1646371157189135,True
2025-06-14 19:00:00,-1.788,-1.788,0.0,0.0427651521374754,-0.0427651521374754,True
2025-06-14 20:00:00,-1.789,-1.789,0.0,0.0042194517182203,-0.0042194517182203,True
2025-06-14 21:00:00,-1.79,-1.79,0.0,0.0,0.0,True
2025-06-14 22:00:00,-1.792,-1.792,0.0,0.0,0.0,True
2025-06-14 23:00:00,-1.795,-1.795,0.0,0.0,0.0,True
2025-06-15 00:00:00,-1.796,-1.796,0.0,0.0,0.0,True
2025-06-15 01:00:00,-1.795,-1.795,0.0,0.0,0.0,True
2025-06-15 02:00:00,-1.795,-1.795,0.0,0.0,0.0,True
2025-06-15 03:00:00,-1.796,-1.796,0.0,0.0122301404646665,-0.0122301404646665,True
2025-06-15 04:00:00,-1.796,-1.796,0.0,0.053219471137133,-0.053219471137133,True
2025-06-15 05:00:00,-1.797,-1.797,0.0,0.1331641957534223,-0.1331641957534223,True
2025-06-15 06:00:00,-1.797,-1.797,0.0,0.5246803566953312,-0.5246803566953312,True
2025-06-15 07:00:00,-1.8,-1.8,0.0,0.8479335931188359,-0.8479335931188359,True
2025-06-15 08:00:00,-1.798,-1.798,0.0,1.0932733004244872,-1.0932733004244872,True
2025-06-15 09:00:00,-1.803,-1.803,0.0,1.2457588063463654,-1.2457588063463654,True
2025-06-15 10:00:00,-1.802,-1.802,0.0,1.2060134190058498,-1.2060134190058498,True
2025-06-15 11:00:00,-1.805,-1.805,0.0,1.4148260729219433,-1.4148260729219433,True
2025-06-15 12:00:00,-1.807,-1.807,0.0,1.3663029028869944,-1.3663029028869944,True
2025-06-15 13:00:00,-1.81,-1.81,0.0,1.0862988516780634,-1.0862988516780634,True
2025-06-15 14:00:00,-1.811,-1.811,0.0,1.1443969435762908,-1.1443969435762908,True
2025-06-15 15:00:00,-1.812,-1.812,0.0,0.8630043154679522,-0.8630043154679522,True
2025-06-15 16:00:00,-1.814,-1.814,0.0,0.6360134408026065,-0.6360134408026065,True
2025-06-15 17:00:00,-1.813,-1.813,0.0,0.4113200609196495,-0.4113200609196495,True
2025-06-15 18:00:00,-1.816,-1.816,0.0,0.2025336824745765,-0.2025336824745765,True
2025-06-15 19:00:00,-1.815,-1.815,0.0,0.0493298249562611,-0.0493298249562611,True
2025-06-15 20:00:00,-1.815,-1.815,0.0,0.0,0.0,True
2025-06-15 21:00:00,-1.817,-1.817,0.0,0.0,0.0,True
2025-06-15 22:00:00,-1.816,-1.816,0.0,0.0,0.0,True
2025-06-15 23:00:00,-1.817,-1.817,0.0,0.0,0.0,True
2025-06-16 00:00:00,-1.818,-1.818,0.0,0.0,0.0,True
2025-06-16 01:00:00,-1.818,-1.818,0.0,0.0,0.0,True
2025-06-16 02:00:00,-1.819,-1.819,0.0,0.0,0.0,True
2025-06-16 03:00:00,-1.819,-1.819,0.0,0.0193734574572356,-0.0193734574572356,True
2025-06-16 04:00:00,-1.818,-1.818,0.0,0.1293534591872019,-0.1293534591872019,True
2025-06-16 05:00:00,-1.82,-1.82,0.0,0.3349112565676241,-0.3349112565676241,True
2025-06-16 06:00:00,-1.82,-1.82,0.0,0.533878687441802,-0.533878687441802,True
2025-06-16 07:00:00,-1.822,-1.822,0.0,0.6900671544065788,-0.6900671544065788,True
2025-06-16 08:00:00,-1.821,-1.821,0.0,0.9593675650075876,-0.9593675650075876,True
2025-06-16 09:00:00,-1.827,-1.827,0.0,1.07144937695529,-1.07144937695529,True
2025-06-16 10:00:00,-1.828,-1.828,0.0,1.1313844634405938,-1.1313844634405938,True
2025-06-16 11:00:00,-1.831,-1.831,0.0,1.3640721059556844,-1.3640721059556844,True
2025-06-16 12:00:00,-1.834,-1.834,0.0,1.1358563387901612,-1.1358563387901612,True
2025-06-16 13:00:00,-1.832,-1.832,0.0,1.1788755173591297,-1.1788755173591297,True
2025-06-16 14:00:00,-1.836,-1.836,0.0,1.0541842732484747,-1.0541842732484747,True
2025-06-16 15:00:00,-1.838,-1.838,0.0,0.9278894137105062,-0.9278894137105062,True
2025-06-16 16:00:00,-1.838,-1.838,0.0,0.6912840690227985,-0.6912840690227985,True
2025-06-16 17:00:00,-1.837,-1.837,0.0,0.4383881905009918,-0.4383881905009918,True
2025-06-16 18:00:00,-1.836,-1.836,0.0,0.221113559167412,-0.221113559167412,True
2025-06-16 19:00:00,-1.837,-1.837,0.0,0.0484037137415792,-0.0484037137415792,True
2025-06-16 20:00:00,-1.837,-1.837,0.0,0.0,0.0,True
2025-06-16 21:00:00,-1.835,-1.835,0.0,0.0,0.0,True
2025-06-16 22:00:00,-1.834,-1.834,0.0,0.0,0.0,True
2025-06-16 23:00:00,-1.834,-1.834,0.0,0.0,0.0,True
2025-06-17 00:00:00,-1.834,-1.834,0.0,0.0,0.0,True
2025-06-17 01:00:00,-1.835,-1.835,0.0,0.0,0.0,True
2025-06-17 02:00:00,-1.834,-1.834,0.0,0.0,0.0,True
2025-06-17 03:00:00,-1.835,-1.835,0.0,0.0149514108562874,-0.0149514108562874,True
2025-06-17 04:00:00,-1.833,-1.833,0.0,0.1506219919893007,-0.1506219919893007,True
2025-06-17 05:00:00,-1.833,-1.833,0.0,0.3139793030321476,-0.3139793030321476,True
2025-06-17 06:00:00,-1.831,-1.831,0.0,0.571897349339384,-0.571897349339384,True
2025-06-17 07:00:00,-1.832,-1.832,0.0,0.8453363328778907,-0.8453363328778907,True
2025-06-17 08:00:00,-1.832,-1.832,0.0,1.0952489162687715,-1.0952489162687715,True
2025-06-17 09:00:00,-1.833,-1.833,0.0,1.2844341302165108,-1.2844341302165108,True
2025-06-17 10:00:00,-1.835,-1.835,0.0,1.4268480929311174,-1.4268480929311174,True
2025-06-17 11:00:00,-1.839,-1.839,0.0,1.4086108776426458,-1.4086108776426458,True
2025-06-17 12:00:00,-1.839,-1.839,0.0,1.3150255639143746,-1.3150255639143746,True
2025-06-17 13:00:00,-1.838,-1.838,0.0,1.0794054016645511,-1.0794054016645511,True
2025-06-17 14:00:00,-1.838,-1.838,0.0,0.8890305010717225,-0.8890305010717225,True
2025-06-17 15:00:00,-1.84,-1.84,0.0,0.8279756660441724,-0.8279756660441724,True
2025-06-17 16:00:00,-1.838,-1.838,0.0,0.6563472792755564,-0.6563472792755564,True
2025-06-17 17:00:00,-1.838,-1.838,0.0,0.4196001963728091,-0.4196001963728091,True
2025-06-17 18:00:00,-1.839,-1.839,0.0,0.2463676068337074,-0.2463676068337074,True
2025-06-17 19:00:00,-1.838,-1.838,0.0,0.0462325833410893,-0.0462325833410893,True
2025-06-17 20:00:00,-1.838,-1.838,0.0,0.0,0.0,True
2025-06-17 21:00:00,-1.837,-1.837,0.0,0.0,0.0,True
2025-06-17 22:00:00,-1.836,-1.836,0.0,0.0,0.0,True
2025-06-17 23:00:00,-1.835,-1.835,0.0,0.0,0.0,True
2025-06-18 00:00:00,-1.834,-1.834,0.0,0.0,0.0,True
2025-06-18 01:00:00,-1.834,-1.834,0.0,0.0,0.0,True
2025-06-18 02:00:00,-1.834,-1.834,0.0,0.0,0.0,True
2025-06-18 03:00:00,-1.833,-1.833,0.0,0.0234631578272268,-0.0234631578272268,True
2025-06-18 04:00:00,-1.833,-1.833,0.0,0.1530390272568839,-0.1530390272568839,True
2025-06-18 05:00:00,-1.832,-1.832,0.0,0.353310490620281,-0.353310490620281,True
2025-06-18 06:00:00,-1.832,-1.832,0.0,0.5611521692439727,-0.5611521692439727,True
2025-06-18 07:00:00,-1.831,-1.831,0.0,0.8546961843393083,-0.8546961843393083,True
2025-06-18 08:00:00,-1.833,-1.833,0.0,1.0810496873197617,-1.0810496873197617,True
2025-06-18 09:00:00,-1.834,-1.834,0.0,1.2797803833679002,-1.2797803833679002,True
2025-06-18 10:00:00,-1.837,-1.837,0.0,1.3369516933750918,-1.3369516933750918,True
2025-06-18 11:00:00,-1.84,-1.84,0.0,1.4376541438340853,-1.4376541438340853,True
2025-06-18 12:00:00,-1.841,-1.841,0.0,1.3790235998099725,-1.3790235998099725,True
2025-06-18 13:00:00,-1.841,-1.841,0.0,1.114216633207038,-1.114216633207038,True
2025-06-18 14:00:00,-1.843,-1.843,0.0,0.927486952215392,-0.927486952215392,True
2025-06-18 15:00:00,-1.843,-1.843,0.0,0.8688384769693209,-0.8688384769693209,True
2025-06-18 16:00:00,-1.842,-1.842,0.0,0.6967221813827276,-0.6967221813827276,True
2025-06-18 17:00:00,-1.843,-1.843,0.0,0.4635008675726785,-0.4635008675726785,True
2025-06-18 18:00:00,-1.843,-1.843,0.0,0.2221690786365269,-0.2221690786365269,True
2025-06-18 19:00:00,-1.843,-1.843,0.0,0.0458671169243746,-0.0458671169243746,True
2025-06-18 20:00:00,-1.843,-1.843,0.0,0.0,0.0,True
2025-06-18 21:00:00,-1.844,-1.844,0.0,0.0,0.0,True
2025-06-18 22:00:00,-1.842,-1.842,0.0,0.0,0.0,True
2025-06-18 23:00:00,-1.844,-1.844,0.0,0.0,0.0,True
2025-06-19 00:00:00,-1.843,-1.843,0.0,0.0,0.0,True
2025-06-19 01:00:00,-1.842,-1.842,0.0,0.0,0.0,True
2025-06-19 02:00:00,-1.842,-1.842,0.0,0.0,0.0,True
2025-06-19 03:00:00,-1.843,-1.843,0.0,0.0193734574572356,-0.0193734574572356,True
2025-06-19 04:00:00,-1.842,-1.842,0.0,0.1004069944361482,-0.1004069944361482,True
2025-06-19 05:00:00,-1.843,-1.843,0.0,0.2574862575268352,-0.2574862575268352,True
2025-06-19 06:00:00,-1.843,-1.843,0.0,0.4019924300922693,-0.4019924300922693,True
2025-06-19 07:00:00,-1.845,-1.845,0.0,0.7164391475686137,-0.7164391475686137,True
2025-06-19 08:00:00,-1.846,-1.846,0.0,0.9682505980169172,-0.9682505980169172,True
2025-06-19 09:00:00,-1.849,-1.849,0.0,1.2473651695092036,-1.2473651695092036,True
2025-06-19 10:00:00,-1.852,-1.852,0.0,1.269210806045653,-1.269210806045653,True
2025-06-19 11:00:00,-1.853,-1.853,0.0,1.1475008710140324,-1.1475008710140324,True
2025-06-19 12:00:00,-1.853,-1.853,0.0,1.114627803651569,-1.114627803651569,True
2025-06-19 13:00:00,-1.854,-1.854,0.0,1.3280657169749392,-1.3280657169749392,True
2025-06-19 14:00:00,-1.854,-1.854,0.0,0.8567740565802893,-0.8567740565802893,True
2025-06-19 15:00:00,-1.855,-1.855,0.0,0.85830028828342,-0.85830028828342,True
2025-06-19 16:00:00,-1.855,-1.855,0.0,0.7035319725973446,-0.7035319725973446,True
2025-06-19 17:00:00,-1.855,-1.855,0.0,0.4478211592632016,-0.4478211592632016,True
2025-06-19 18:00:00,-1.855,-1.855,0.0,0.2170238566836593,-0.2170238566836593,True
2025-06-19 19:00:00,-1.854,-1.854,0.0,0.0498360498439035,-0.0498360498439035,True
2025-06-19 20:00:00,-1.854,-1.854,0.0,0.0,0.0,True
2025-06-19 21:00:00,-1.854,-1.854,0.0,0.0,0.0,True
2025-06-19 22:00:00,-1.853,-1.853,0.0,0.0,0.0,True
2025-06-19 23:00:00,-1.854,-1.854,0.0,0.0,0.0,True
2025-06-20 00:00:00,-1.855,-1.855,0.0,0.0,0.0,True
2025-06-20 01:00:00,-1.854,-1.854,0.0,0.0,0.0,True
2025-06-20 02:00:00,-1.853,-1.853,0.0,0.0,0.0,True
2025-06-20 03:00:00,-1.854,-1.854,0.0,0.0201682140589913,-0.0201682140589913,True
2025-06-20 04:00:00,-1.854,-1.854,0.0,0.1412021412243935,-0.1412021412243935,True
2025-06-20 05:00:00,-1.854,-1.854,0.0,0.3593515849587618,-0.3593515849587618,True
2025-06-20 06:00:00,-1.854,-1.854,0.0,0.5890427296401665,-0.5890427296401665,True
2025-06-20 07:00:00,-1.854,-1.854,0.0,0.8405158013018219,-0.8405158013018219,True
2025-06-20 08:00:00,-1.856,-1.856,0.0,1.0699492278505736,-1.0699492278505736,True
2025-06-20 09:00:00,-1.856,-1.856,0.0,1.263402004228834,-1.263402004228834,True
2025-06-20 10:00:00,-1.859,-1.859,0.0,1.4047816941067914,-1.4047816941067914,True
2025-06-20 11:00:00,-1.858,-1.858,0.0,1.427552842007492,-1.427552842007492,True
2025-06-20 12:00:00,-1.859,-1.859,0.0,1.365624171749347,-1.365624171749347,True
2025-06-20 13:00:00,-1.859,-1.859,0.0,1.3263178518540055,-1.3263178518540055,True
2025-06-20 14:00:00,-1.86,-1.86,0.0,1.1499654425534005,-1.1499654425534005,True
2025-06-20 15:00:00,-1.86,-1.86,0.0,0.9892707424011516,-0.9892707424011516,True
2025-06-20 16:00:00,-1.858,-1.858,0.0,0.7343354169969392,-0.7343354169969392,True
2025-06-20 17:00:00,-1.858,-1.858,0.0,0.3936027907811513,-0.3936027907811513,True
2025-06-20 18:00:00,-1.858,-1.858,0.0,0.1007346159063104,-0.1007346159063104,True
2025-06-20 19:00:00,-1.857,-1.857,0.0,0.0296510135972178,-0.0296510135972178,True
2025-06-20 20:00:00,-1.854,-1.854,0.0,0.0,0.0,True
2025-06-20 21:00:00,-1.854,-1.854,0.0,0.0,0.0,True
2025-06-20 22:00:00,-1.853,-1.853,0.0,0.0,0.0,True
2025-06-20 23:00:00,-1.854,-1.854,0.0,0.0,0.0,True
2025-06-21 00:00:00,-1.853,-1.853,0.0,0.0,0.0,True
2025-06-21 01:00:00,-1.853,-1.853,0.0,0.0,0.0,True
2025-06-21 02:00:00,-1.852,-1.852,0.0,0.0,0.0,True
2025-06-21 03:00:00,-1.854,-1.854,0.0,0.0213421278855132,-0.0213421278855132,True
2025-06-21 04:00:00,-1.851,-1.851,0.0,0.1424494280061357,-0.1424494280061357,True
2025-06-21 05:00:00,-1.85,-1.85,0.0,0.3699093462358877,-0.3699093462358877,True
2025-06-21 06:00:00,-1.849,-1.849,0.0,0.62679786244558,-0.62679786244558,True
2025-06-21 07:00:00,-1.851,-1.851,0.0,0.8893699814423671,-0.8893699814423671,True
2025-06-21 08:00:00,-1.852,-1.852,0.0,1.124509492817239,-1.124509492817239,True
2025-06-21 09:00:00,-1.85,-1.85,0.0,1.3289772831354454,-1.3289772831354454,True
2025-06-21 10:00:00,-1.851,-1.851,0.0,1.480359024861256,-1.480359024861256,True
2025-06-21 11:00:00,-1.852,-1.852,0.0,1.543833144709738,-1.543833144709738,True
2025-06-21 12:00:00,-1.853,-1.853,0.0,1.537283987329108,-1.537283987329108,True
2025-06-21 13:00:00,-1.852,-1.852,0.0,1.4284451701998464,-1.4284451701998464,True
2025-06-21 14:00:00,-1.853,-1.853,0.0,1.2895926880940949,-1.2895926880940949,True
2025-06-21 15:00:00,-1.853,-1.853,0.0,1.0570939800884995,-1.0570939800884995,True
2025-06-21 16:00:00,-1.856,-1.856,0.0,0.75857047376906,-0.75857047376906,True
2025-06-21 17:00:00,-1.855,-1.855,0.0,0.4976865818763898,-0.4976865818763898,True
2025-06-21 18:00:00,-1.851,-1.851,0.0,0.2187176373516134,-0.2187176373516134,True
2025-06-21 19:00:00,-1.851,-1.851,0.0,0.04104784529734,-0.04104784529734,True
2025-06-21 20:00:00,-1.85,-1.85,0.0,0.0,0.0,True
2025-06-21 21:00:00,-1.847,-1.847,0.0,0.0,0.0,True
2025-06-21 22:00:00,-1.847,-1.847,0.0,0.0,0.0,True
2025-06-21 23:00:00,-1.846,-1.846,0.0,0.0,0.0,True
2025-06-22 00:00:00,-1.845,-1.845,0.0,0.0,0.0,True
2025-06-22 01:00:00,-1.845,-1.845,0.0,0.0,0.0,True
2025-06-22 02:00:00,-1.843,-1.843,0.0,0.0,0.0,True
2025-06-22 03:00:00,-1.843,-1.843,0.0,0.0174564569226156,-0.0174564569226156,True
2025-06-22 04:00:00,-1.842,-1.842,0.0,0.1525554523860177,-0.1525554523860177,True
2025-06-22 05:00:00,-1.84,-1.84,0.0,0.3711758583072143,-0.3711758583072143,True
2025-06-22 06:00:00,-1.839,-1.839,0.0,0.575520346715344,-0.575520346715344,True
2025-06-22 07:00:00,-1.839,-1.839,0.0,0.7395977245678976,-0.7395977245678976,True
2025-06-22 08:00:00,-1.839,-1.839,0.0,0.3989704264222876,-0.3989704264222876,True
2025-06-22 09:00:00,-1.838,-1.838,0.0,0.2988068836137876,-0.2988068836137876,True
2025-06-22 10:00:00,-1.838,-1.838,0.0,0.2547952664873404,-0.2547952664873404,True
2025-06-22 11:00:00,-1.837,-1.837,0.0,0.654560676295133,-0.654560676295133,True
2025-06-22 12:00:00,-1.838,-1.838,0.0,1.0954903032371717,-1.0954903032371717,True
2025-06-22 13:00:00,-1.84,-1.84,0.0,1.1580562719103529,-1.1580562719103529,True
2025-06-22 14:00:00,-1.843,-1.843,0.0,1.1469877106543038,-1.1469877106543038,True
2025-06-22 15:00:00,-1.843,-1.843,0.0,0.9112357888866032,-0.9112357888866032,True
2025-06-22 16:00:00,-1.843,-1.843,0.0,0.5157553810235777,-0.5157553810235777,True
2025-06-22 17:00:00,-1.843,-1.843,0.0,0.2723234002048016,-0.2723234002048016,True
2025-06-22 18:00:00,-1.842,-1.842,0.0,0.1658363407648482,-0.1658363407648482,True
2025-06-22 19:00:00,-1.84,-1.84,0.0,0.0260428628020391,-0.0260428628020391,True
2025-06-22 20:00:00,-1.84,-1.84,0.0,0.0043006586614371,-0.0043006586614371,True
2025-06-22 21:00:00,-1.839,-1.839,0.0,0.0,0.0,True
2025-06-22 22:00:00,-1.839,-1.839,0.0,0.0,0.0,True
2025-06-22 23:00:00,-1.839,-1.839,0.0,0.0,0.0,True
2025-06-23 00:00:00,-1.835,-1.835,0.0,0.0,0.0,True
2025-06-23 01:00:00,-1.837,-1.837,0.0,0.0,0.0,True
2025-06-23 02:00:00,-1.834,-1.834,0.0,0.0,0.0,True
2025-06-23 03:00:00,-1.835,-1.835,0.0,0.0085206302023047,-0.0085206302023047,True
2025-06-23 04:00:00,-1.835,-1.835,0.0,0.0642687595186952,-0.0642687595186952,True
2025-06-23 05:00:00,-1.833,-1.833,0.0,0.1383876180743072,-0.1383876180743072,True
2025-06-23 06:00:00,-1.835,-1.835,0.0,0.2097343307730283,-0.2097343307730283,True
2025-06-23 07:00:00,-1.837,-1.837,1.4,0.1504106802336842,1.2495893197663157,True
2025-06-23 08:00:00,-1.835,-1.835,1.0,0.2137830690253083,0.7862169309746917,True
2025-06-23 09:00:00,-1.834,-1.834,0.0,0.773345030432768,-0.773345030432768,True
2025-06-23 10:00:00,-1.829,-1.829,0.0,1.2786780489105165,-1.2786780489105165,True
2025-06-23 11:00:00,-1.83,-1.83,0.0,1.0462571940732588,-1.0462571940732588,True
2025-06-23 12:00:00,-1.832,-1.832,0.0,1.10913425326426,-1.10913425326426,True
2025-06-23 13:00:00,-1.837,-1.837,0.0,1.021646367803,-1.021646367803,True
2025-06-23 14:00:00,-1.839,-1.839,0.0,0.9462240151407548,-0.9462240151407548,True
2025-06-23 15:00:00,-1.84,-1.84,0.0,0.7595834983928077,-0.7595834983928077,True
2025-06-23 16:00:00,-1.842,-1.842,0.0,0.4920980240211963,-0.4920980240211963,True
2025-06-23 17:00:00,-1.844,-1.844,0.0,0.3061572357702628,-0.3061572357702628,True
2025-06-23 18:00:00,-1.844,-1.844,0.0,0.1052804293366613,-0.1052804293366613,True
2025-06-23 19:00:00,-1.844,-1.844,0.0,0.0209319535354765,-0.0209319535354765,True
2025-06-23 20:00:00,-1.845,-1.845,0.0,0.0,0.0,True
2025-06-23 21:00:00,-1.846,-1.846,0.0,0.0,0.0,True
2025-06-23 22:00:00,-1.848,-1.848,0.0,0.0,0.0,True
2025-06-23 23:00:00,-1.847,-1.847,0.0,0.0,0.0,True
2025-06-24 00:00:00,-1.845,-1.845,0.0,0.0,0.0,True
2025-06-24 01:00:00,-1.845,-1.845,0.0,0.0,0.0,True
2025-06-24 02:00:00,-1.845,-1.845,0.0,0.0,0.0,True
2025-06-24 03:00:00,-1.845,-1.845,0.0,0.0119702782136645,-0.0119702782136645,True
2025-06-24 04:00:00,-1.844,-1.844,0.0,0.069012236814884,-0.069012236814884,True
2025-06-24 05:00:00,-1.842,-1.842,0.0,0.1498097202226,-0.1498097202226,True
2025-06-24 06:00:00,-1.842,-1.842,0.0,0.2598792211702954,-0.2598792211702954,True
2025-06-24 07:00:00,-1.843,-1.843,0.0,0.5398575799570401,-0.5398575799570401,True
2025-06-24 08:00:00,-1.842,-1.842,0.0,0.788482416337478,-0.788482416337478,True
2025-06-24 09:00:00,-1.845,-1.845,0.0,0.7625297991191786,-0.7625297991191786,True
2025-06-24 10:00:00,-1.845,-1.845,0.0,0.514150076149562,-0.514150076149562,True
2025-06-24 11:00:00,-1.843,-1.843,0.0,0.4177257201038141,-0.4177257201038141,True
2025-06-24 12:00:00,-1.848,-1.848,0.0,0.2202646724364755,-0.2202646724364755,True
2025-06-24 13:00:00,-1.846,-1.846,0.0,0.3526540102378456,-0.3526540102378456,True
2025-06-24 14:00:00,-1.849,-1.849,0.0,0.5036730795315524,-0.5036730795315524,True
2025-06-24 15:00:00,-1.847,-1.847,0.0,0.4293421463205476,-0.4293421463205476,True
2025-06-24 16:00:00,-1.847,-1.847,0.0,0.5018913650271176,-0.5018913650271176,True
2025-06-24 17:00:00,-1.848,-1.848,0.0,0.2866823061337686,-0.2866823061337686,True
2025-06-24 18:00:00,-1.848,-1.848,0.0,0.1667272701206578,-0.1667272701206578,True
2025-06-24 19:00:00,-1.847,-1.847,0.0,0.021741887003047,-0.021741887003047,True
2025-06-24 20:00:00,-1.85,-1.85,0.0,0.0,0.0,True
2025-06-24 21:00:00,-1.848,-1.848,0.0,0.0,0.0,True
2025-06-24 22:00:00,-1.848,-1.848,0.0,0.0,0.0,True
2025-06-24 23:00:00,-1.847,-1.847,0.0,0.0,0.0,True
2025-06-25 00:00:00,-1.847,-1.847,0.0,0.0,0.0,True
2025-06-25 01:00:00,-1.847,-1.847,0.0,0.0,0.0,True
2025-06-25 02:00:00,-1.847,-1.847,0.0,0.0,0.0,True
2025-06-25 03:00:00,-1.847,-1.847,0.0,0.008617329039519,-0.008617329039519,True
2025-06-25 04:00:00,-1.847,-1.847,0.0,0.1424494280061357,-0.1424494280061357,True
2025-06-25 05:00:00,-1.848,-1.848,0.0,0.3553923389414021,-0.3553923389414021,True
2025-06-25 06:00:00,-1.849,-1.849,0.0,0.521385480084951,-0.521385480084951,True
2025-06-25 07:00:00,-1.849,-1.849,0.0,0.310408501778227,-0.310408501778227,True
2025-06-25 08:00:00,-1.852,-1.852,0.0,0.5615491280207452,-0.5615491280207452,True
2025-06-25 09:00:00,-1.854,-1.854,0.0,0.4551076648199149,-0.4551076648199149,True
2025-06-25 10:00:00,-1.856,-1.856,0.0,0.7896988123511505,-0.7896988123511505,True
2025-06-25 11:00:00,-1.859,-1.859,0.0,0.8113987341105534,-0.8113987341105534,True
2025-06-25 12:00:00,-1.86,-1.86,0.0,1.09579841951091,-1.09579841951091,True
2025-06-25 13:00:00,-1.861,-1.861,0.0,1.142870437339955,-1.142870437339955,True
2025-06-25 14:00:00,-1.862,-1.862,0.0,0.7537442114856924,-0.7537442114856924,True
2025-06-25 15:00:00,-1.864,-1.864,0.0,0.8734355059479947,-0.8734355059479947,True
2025-06-25 16:00:00,-1.864,-1.864,0.0,0.7109502165332131,-0.7109502165332131,True
2025-06-25 17:00:00,-1.863,-1.863,0.0,0.3733931405680582,-0.3733931405680582,True
2025-06-25 18:00:00,-1.864,-1.864,0.0,0.166293445417167,-0.166293445417167,True
2025-06-25 19:00:00,-1.864,-1.864,0.0,0.0474831426687119,-0.0474831426687119,True
2025-06-25 20:00:00,-1.862,-1.862,0.0,0.0,0.0,True
2025-06-25 21:00:00,-1.861,-1.861,0.0,0.0,0.0,True
2025-06-25 22:00:00,-1.86,-1.86,0.0,0.0,0.0,True
2025-06-25 23:00:00,-1.859,-1.859,0.0,0.0,0.0,True
2025-06-26 00:00:00,-1.859,-1.859,0.0,0.0,0.0,True
2025-06-26 01:00:00,-1.858,-1.858,0.0,0.0,0.0,True
2025-06-26 02:00:00,-1.858,-1.858,0.0,0.0,0.0,True
2025-06-26 03:00:00,-1.86,-1.86,0.0,0.0043325556768135,-0.0043325556768135,True
2025-06-26 04:00:00,-1.86,-1.86,0.0,0.0352246659374674,-0.0352246659374674,True
2025-06-26 05:00:00,-1.859,-1.859,0.0,0.0792554983593017,-0.0792554983593017,True
2025-06-26 06:00:00,-1.857,-1.857,0.2,0.0926270700343847,0.10737292996561532,True
2025-06-26 07:00:00,-1.856,-1.856,0.3,0.1551855502397233,0.1448144497602767,True
2025-06-26 08:00:00,-1.855,-1.855,0.5,0.2857163543132345,0.2142836456867655,True
2025-06-26 09:00:00,-1.858,-1.858,0.1,0.3680114477113439,-0.2680114477113439,True
2025-06-26 10:00:00,-1.856,-1.856,0.0,0.5876632953499872,-0.5876632953499872,True
2025-06-26 11:00:00,-1.855,-1.855,0.0,0.4190272215841217,-0.4190272215841217,True
2025-06-26 12:00:00,-1.857,-1.857,0.0,0.421944067943152,-0.421944067943152,True
2025-06-26 13:00:00,-1.854,-1.854,0.0,0.6171187982403239,-0.6171187982403239,True
2025-06-26 14:00:00,-1.857,-1.857,0.0,0.5240989475504414,-0.5240989475504414,True
2025-06-26 15:00:00,-1.86,-1.86,0.0,0.6439500503377292,-0.6439500503377292,True
2025-06-26 16:00:00,-1.86,-1.86,0.0,0.4813278240177816,-0.4813278240177816,True
2025-06-26 17:00:00,-1.862,-1.862,0.0,0.285696592588711,-0.285696592588711,True
2025-06-26 18:00:00,-1.864,-1.864,0.0,0.0789760753203115,-0.0789760753203115,True
2025-06-26 19:00:00,-1.862,-1.862,0.0,0.0086809542673463,-0.0086809542673463,True
2025-06-26 20:00:00,-1.863,-1.863,0.0,0.0,0.0,True
2025-06-26 21:00:00,-1.863,-1.863,0.0,0.0,0.0,True
2025-06-26 22:00:00,-1.864,-1.864,0.0,0.0,0.0,True
2025-06-26 23:00:00,-1.867,-1.867,0.0,0.0,0.0,True
2025-06-27 00:00:00,-1.868,-1.868,0.0,0.0,0.0,True
2025-06-27 01:00:00,-1.867,-1.867,0.0,0.0,0.0,True
2025-06-27 02:00:00,-1.866,-1.866,0.0,0.0,0.0,True
2025-06-27 03:00:00,-1.868,-1.868,1.2,0.0,1.2,True
2025-06-27 04:00:00,-1.869,-1.869,1.2,0.0118382192198787,1.1881617807801212,True
2025-06-27 05:00:00,-1.869,-1.869,0.0,0.0839756535341595,-0.0839756535341595,True
2025-06-27 06:00:00,-1.869,-1.869,0.0,0.2079123878993318,-0.2079123878993318,True
2025-06-27 07:00:00,-1.87,-1.87,0.0,0.2471577420873981,-0.2471577420873981,True
2025-06-27 08:00:00,-1.87,-1.87,0.0,0.3634924772314035,-0.3634924772314035,True
2025-06-27 09:00:00,-1.87,-1.87,0.0,0.4994057925210106,-0.4994057925210106,True
2025-06-27 10:00:00,-1.872,-1.872,0.0,0.534850420274958,-0.534850420274958,True
2025-06-27 11:00:00,-1.875,-1.875,0.0,1.2306802130444,-1.2306802130444,True
2025-06-27 12:00:00,-1.876,-1.876,0.0,1.0266889791640506,-1.0266889791640506,True
2025-06-27 13:00:00,-1.875,-1.875,0.0,0.7522692903054288,-0.7522692903054288,True
2025-06-27 14:00:00,-1.878,-1.878,0.0,1.112757417403894,-1.112757417403894,True
2025-06-27 15:00:00,-1.879,-1.879,0.0,0.6964336136385092,-0.6964336136385092,True
2025-06-27 16:00:00,-1.88,-1.88,0.0,0.5472440470735819,-0.5472440470735819,True
2025-06-27 17:00:00,-1.882,-1.882,0.0,0.401331005450767,-0.401331005450767,True
2025-06-27 18:00:00,-1.882,-1.882,0.0,0.2269060682988022,-0.2269060682988022,True
2025-06-27 19:00:00,-1.882,-1.882,0.0,0.057038276620225,-0.057038276620225,True
2025-06-27 20:00:00,-1.882,-1.882,0.0,0.0,0.0,True
2025-06-27 21:00:00,-1.878,-1.878,0.0,0.0,0.0,True
2025-06-27 22:00:00,-1.88,-1.88,0.0,0.0,0.0,True
2025-06-27 23:00:00,-1.88,-1.88,0.0,0.0,0.0,True
2025-06-28 00:00:00,-1.879,-1.879,0.0,0.0,0.0,True
2025-06-28 01:00:00,-1.878,-1.878,0.0,0.0,0.0,True
2025-06-28 02:00:00,-1.877,-1.877,0.0,0.0,0.0,True
2025-06-28 03:00:00,-1.878,-1.878,0.0,0.0171060608549901,-0.0171060608549901,True
2025-06-28 04:00:00,-1.877,-1.877,0.0,0.1347996994188918,-0.1347996994188918,True
2025-06-28 05:00:00,-1.878,-1.878,0.0,0.336391784745996,-0.336391784745996,True
2025-06-28 06:00:00,-1.877,-1.877,0.0,0.4955393020120162,-0.4955393020120162,True
2025-06-28 07:00:00,-1.878,-1.878,0.0,0.4411850375698253,-0.4411850375698253,True
2025-06-28 08:00:00,-1.879,-1.879,0.0,0.4862039189545014,-0.4862039189545014,True
2025-06-28 09:00:00,-1.882,-1.882,0.0,0.4952076952314366,-0.4952076952314366,True
2025-06-28 10:00:00,-1.884,-1.884,0.0,0.6760857169689846,-0.6760857169689846,True
2025-06-28 11:00:00,-1.884,-1.884,0.0,0.7607168205046699,-0.7607168205046699,True
2025-06-28 12:00:00,-1.884,-1.884,0.0,0.8995225214953301,-0.8995225214953301,True
2025-06-28 13:00:00,-1.886,-1.886,0.0,0.6412492149123099,-0.6412492149123099,True
2025-06-28 14:00:00,-1.887,-1.887,0.0,0.838214391226861,-0.838214391226861,True
2025-06-28 15:00:00,-1.888,-1.888,0.0,0.6829832400033626,-0.6829832400033626,True
2025-06-28 16:00:00,-1.887,-1.887,0.0,0.7304126316702628,-0.7304126316702628,True
2025-06-28 17:00:00,-1.889,-1.889,0.0,0.4742323288063574,-0.4742323288063574,True
2025-06-28 18:00:00,-1.888,-1.888,0.0,0.2344484779123564,-0.2344484779123564,True
2025-06-28 19:00:00,-1.887,-1.887,0.0,0.0535718164337314,-0.0535718164337314,True
2025-06-28 20:00:00,-1.887,-1.887,0.0,0.0,0.0,True
2025-06-28 21:00:00,-1.885,-1.885,0.0,0.0,0.0,True
2025-06-28 22:00:00,-1.886,-1.886,0.0,0.0,0.0,True
2025-06-28 23:00:00,-1.886,-1.886,0.0,0.0,0.0,True
2025-06-29 00:00:00,-1.885,-1.885,0.0,0.0,0.0,True
2025-06-29 01:00:00,-1.885,-1.885,0.0,0.0,0.0,True
2025-06-29 02:00:00,-1.887,-1.887,0.0,0.0,0.0,True
2025-06-29 03:00:00,-1.887,-1.887,0.0,0.0168778068728813,-0.0168778068728813,True
2025-06-29 04:00:00,-1.887,-1.887,0.0,0.1251828306720587,-0.1251828306720587,True
2025-06-29 05:00:00,-1.888,-1.888,0.0,0.2986015204554756,-0.2986015204554756,True
2025-06-29 06:00:00,-1.886,-1.886,0.0,0.6353789155147295,-0.6353789155147295,True
2025-06-29 07:00:00,-1.888,-1.888,0.0,0.7768978973958478,-0.7768978973958478,True
2025-06-29 08:00:00,-1.889,-1.889,0.0,1.0845202547658086,-1.0845202547658086,True
2025-06-29 09:00:00,-1.891,-1.891,0.0,1.3401356878682529,-1.3401356878682529,True
2025-06-29 10:00:00,-1.892,-1.892,0.0,1.089369894808584,-1.089369894808584,True
2025-06-29 11:00:00,-1.891,-1.891,0.0,1.072048955603168,-1.072048955603168,True
2025-06-29 12:00:00,-1.894,-1.894,0.0,1.101787803667326,-1.101787803667326,True
2025-06-29 13:00:00,-1.895,-1.895,0.0,1.0016252760612057,-1.0016252760612057,True
2025-06-29 14:00:00,-1.896,-1.896,0.0,1.192161631333264,-1.192161631333264,True
2025-06-29 15:00:00,-1.896,-1.896,0.0,1.0549095594325075,-1.0549095594325075,True
2025-06-29 16:00:00,-1.896,-1.896,0.0,0.7274628163139656,-0.7274628163139656,True
2025-06-29 17:00:00,-1.896,-1.896,0.0,0.4705136809337901,-0.4705136809337901,True
2025-06-29 18:00:00,-1.895,-1.895,0.0,0.2325406662209174,-0.2325406662209174,True
2025-06-29 19:00:00,-1.896,-1.896,0.0,0.0546385075849238,-0.0546385075849238,True
2025-06-29 20:00:00,-1.895,-1.895,0.0,0.0,0.0,True
2025-06-29 21:00:00,-1.894,-1.894,0.0,0.0,0.0,True
2025-06-29 22:00:00,-1.894,-1.894,0.0,0.0,0.0,True
2025-06-29 23:00:00,-1.894,-1.894,0.0,0.0,0.0,True
2025-06-30 00:00:00,-1.896,-1.896,0.0,0.0,0.0,True
2025-06-30 01:00:00,-1.896,-1.896,0.0,0.0,0.0,True
2025-06-30 02:00:00,-1.895,-1.895,0.0,0.0,0.0,True
2025-06-30 03:00:00,-1.892,-1.892,0.0,0.0189194241177028,-0.0189194241177028,True
2025-06-30 04:00:00,-1.894,-1.894,0.0,0.1722975232187047,-0.1722975232187047,True
2025-06-30 05:00:00,-1.894,-1.894,0.0,0.2859845136658779,-0.2859845136658779,True
2025-06-30 06:00:00,-1.893,-1.893,0.0,0.6076254874213134,-0.6076254874213134,True
2025-06-30 07:00:00,-1.894,-1.894,0.0,0.8659765385441593,-0.8659765385441593,True
2025-06-30 08:00:00,-1.894,-1.894,0.0,1.1176677415928256,-1.1176677415928256,True
2025-06-30 09:00:00,-1.894,-1.894,0.0,1.3103788304729809,-1.3103788304729809,True
2025-06-30 10:00:00,-1.895,-1.895,0.0,1.4608252633405256,-1.4608252633405256,True
2025-06-30 11:00:00,-1.895,-1.895,0.0,1.5059449072384836,-1.5059449072384836,True
2025-06-30 12:00:00,-1.895,-1.895,0.0,1.5203799254665984,-1.5203799254665984,True
2025-06-30 13:00:00,-1.896,-1.896,0.0,1.4332926168099798,-1.4332926168099798,True
2025-06-30 14:00:00,-1.895,-1.895,0.0,1.278123686299238,-1.278123686299238,True
2025-06-30 15:00:00,-1.896,-1.896,0.0,1.057354102354031,-1.057354102354031,True
2025-06-30 16:00:00,-1.896,-1.896,0.0,0.7876230776307162,-0.7876230776307162,True
2025-06-30 17:00:00,-1.895,-1.895,0.0,0.5165393336521136,-0.5165393336521136,True
2025-06-30 18:00:00,-1.894,-1.894,0.0,0.2527911411011614,-0.2527911411011614,True
2025-06-30 19:00:00,-1.892,-1.892,0.0,0.0599474108356743,-0.0599474108356743,True
2025-06-30 20:00:00,-1.893,-1.893,0.0,0.0,0.0,True
2025-06-30 21:00:00,-1.89,-1.89,0.0,0.0,0.0,True
2025-06-30 22:00:00,-1.89,-1.89,0.0,0.0,0.0,True
2025-06-30 23:00:00,-1.889,-1.889,0.0,0.0,0.0,True
2025-07-01 00:00:00,-1.888,-1.888,0.0,0.0,0.0,True
2025-07-01 01:00:00,-1.889,-1.889,0.0,0.0,0.0,True
2025-07-01 02:00:00,-1.888,-1.888,0.0,0.0,0.0,True
2025-07-01 03:00:00,-1.888,-1.888,0.0,0.017826956445103,-0.017826956445103,True
2025-07-01 04:00:00,-1.887,-1.887,0.0,0.1413870226908378,-0.1413870226908378,True
2025-07-01 05:00:00,-1.885,-1.885,0.0,0.3687489524769244,-0.3687489524769244,True
2025-07-01 06:00:00,-1.887,-1.887,0.0,0.6281167889657329,-0.6281167889657329,True
2025-07-01 07:00:00,-1.888,-1.888,0.0,0.9017170607461072,-0.9017170607461072,True
2025-07-01 08:00:00,-1.889,-1.889,0.0,1.1582569320617782,-1.1582569320617782,True
2025-07-01 09:00:00,-1.891,-1.891,0.0,1.318869441972433,-1.318869441972433,True
2025-07-01 10:00:00,-1.892,-1.892,0.0,1.5307067841344524,-1.5307067841344524,True
2025-07-01 11:00:00,-1.892,-1.892,0.0,1.6181099112474766,-1.6181099112474766,True
2025-07-01 12:00:00,-1.893,-1.893,0.0,1.601368713481831,-1.601368713481831,True
2025-07-01 13:00:00,-1.897,-1.897,0.0,1.4705379362365836,-1.4705379362365836,True
2025-07-01 14:00:00,-1.897,-1.897,0.0,1.2950657345046337,-1.2950657345046337,True
2025-07-01 15:00:00,-1.896,-1.896,0.0,1.051879449051791,-1.051879449051791,True
2025-07-01 16:00:00,-1.896,-1.896,0.0,0.7165885956859991,-0.7165885956859991,True
2025-07-01 17:00:00,-1.897,-1.897,0.0,0.4261951785330599,-0.4261951785330599,True
2025-07-01 18:00:00,-1.897,-1.897,0.0,0.2078334961005699,-0.2078334961005699,True
2025-07-01 19:00:00,-1.895,-1.895,0.0,0.0300025275495179,-0.0300025275495179,True
2025-07-01 20:00:00,-1.895,-1.895,0.0,0.0,0.0,True
2025-07-01 21:00:00,-1.894,-1.894,0.0,0.0,0.0,True
2025-07-01 22:00:00,-1.893,-1.893,0.0,0.0,0.0,True
2025-07-01 23:00:00,-1.894,-1.894,0.0,0.0,0.0,True
2025-07-02 00:00:00,-1.894,-1.894,0.0,0.0,0.0,True
2025-07-02 01:00:00,-1.895,-1.895,0.0,0.0,0.0,True
2025-07-02 02:00:00,-1.894,-1.894,0.0,0.0,0.0,True
2025-07-02 03:00:00,-1.894,-1.894,0.0,0.0131158521878124,-0.0131158521878124,True
2025-07-02 04:00:00,-1.893,-1.893,0.0,0.0398358692462363,-0.0398358692462363,True
2025-07-02 05:00:00,-1.893,-1.893,0.0,0.25164699933735,-0.25164699933735,True
2025-07-02 06:00:00,-1.896,-1.896,0.0,0.4892137371606622,-0.4892137371606622,True
2025-07-02 07:00:00,-1.895,-1.895,0.0,0.8707374941712506,-0.8707374941712506,True
2025-07-02 08:00:00,-1.896,-1.896,0.0,1.087533345859511,-1.087533345859511,True
2025-07-02 09:00:00,-1.898,-1.898,0.0,1.3443808219812448,-1.3443808219812448,True
2025-07-02 10:00:00,-1.9,-1.9,0.0,1.4612186984792628,-1.4612186984792628,True
2025-07-02 11:00:00,-1.901,-1.901,0.0,1.5710175252881478,-1.5710175252881478,True
2025-07-02 12:00:00,-1.901,-1.901,0.0,1.390072095168032,-1.390072095168032,True
2025-07-02 13:00:00,-1.9,-1.9,0.0,1.017159036544955,-1.017159036544955,True
2025-07-02 14:00:00,-1.903,-1.903,0.4,0.3700198856384308,0.02998011436156922,True
2025-07-02 15:00:00,-1.902,-1.902,1.6,0.3746705527909383,1.2253294472090617,True
2025-07-02 16:00:00,-1.901,-1.901,0.0,0.2079626724870487,-0.2079626724870487,True
2025-07-02 17:00:00,-1.897,-1.897,0.2,0.0815600041523403,0.11843999584765971,True
2025-07-02 18:00:00,-1.9,-1.9,0.0,0.0595305736219955,-0.0595305736219955,True
2025-07-02 19:00:00,-1.899,-1.899,0.0,0.0168778068728813,-0.0168778068728813,True
2025-07-02 20:00:00,-1.9,-1.9,0.0,0.0,0.0,True
2025-07-02 21:00:00,-1.902,-1.902,0.0,0.0,0.0,True
2025-07-02 22:00:00,-1.902,-1.902,0.0,0.0,0.0,True
2025-07-02 23:00:00,-1.903,-1.903,0.0,0.0,0.0,True
2025-07-03 00:00:00,-1.905,-1.905,0.0,0.0,0.0,True
2025-07-03 01:00:00,-1.906,-1.906,0.0,0.0,0.0,True
2025-07-03 02:00:00,-1.905,-1.905,0.0,0.0,0.0,True
2025-07-03 03:00:00,-1.905,-1.905,0.0,0.0080499416914496,-0.0080499416914496,True
2025-07-03 04:00:00,-1.906,-1.906,0.0,0.1189673374605342,-0.1189673374605342,True
2025-07-03 05:00:00,-1.908,-1.908,0.0,0.3223520844463381,-0.3223520844463381,True
2025-07-03 06:00:00,-1.907,-1.907,0.0,0.538992039793268,-0.538992039793268,True
2025-07-03 07:00:00,-1.908,-1.908,0.0,0.8204534753629336,-0.8204534753629336,True
2025-07-03 08:00:00,-1.91,-1.91,0.0,0.8925412455691535,-0.8925412455691535,True
2025-07-03 09:00:00,-1.916,-1.916,0.0,1.0056653318018922,-1.0056653318018922,True
2025-07-03 10:00:00,-1.92,-1.92,0.0,1.1919729156505252,-1.1919729156505252,True
2025-07-03 11:00:00,-1.92,-1.92,0.0,1.2431813471797828,-1.2431813471797828,True
2025-07-03 12:00:00,-1.92,-1.92,0.0,1.366220365168741,-1.366220365168741,True
2025-07-03 13:00:00,-1.922,-1.922,0.0,1.355051371193451,-1.355051371193451,True
2025-07-03 14:00:00,-1.923,-1.923,0.0,1.1422498135017345,-1.1422498135017345,True
2025-07-03 15:00:00,-1.924,-1.924,0.0,0.9710181572142688,-0.9710181572142688,True
2025-07-03 16:00:00,-1.921,-1.921,0.0,0.7107846778828043,-0.7107846778828043,True
2025-07-03 17:00:00,-1.923,-1.923,0.0,0.4507263387366176,-0.4507263387366176,True
2025-07-03 18:00:00,-1.925,-1.925,0.0,0.1456483391053056,-0.1456483391053056,True
2025-07-03 19:00:00,-1.925,-1.925,0.0,0.0282354996825878,-0.0282354996825878,True
2025-07-03 20:00:00,-1.924,-1.924,0.0,0.0,0.0,True
2025-07-03 21:00:00,-1.923,-1.923,0.0,0.0,0.0,True
2025-07-03 22:00:00,-1.921,-1.921,0.0,0.0,0.0,True
2025-07-03 23:00:00,-1.922,-1.922,0.0,0.0,0.0,True
2025-07-04 00:00:00,-1.922,-1.922,0.0,0.0,0.0,True
2025-07-04 01:00:00,-1.921,-1.921,0.0,0.0,0.0,True
2025-07-04 02:00:00,-1.922,-1.922,0.0,0.0,0.0,True
2025-07-04 03:00:00,-1.923,-1.923,0.0,0.0073828398079398,-0.0073828398079398,True
2025-07-04 04:00:00,-1.921,-1.921,0.0,0.1453484342665278,-0.1453484342665278,True
2025-07-04 05:00:00,-1.922,-1.922,0.0,0.2972337402037663,-0.2972337402037663,True
2025-07-04 06:00:00,-1.92,-1.92,0.0,0.5794981506861617,-0.5794981506861617,True
2025-07-04 07:00:00,-1.921,-1.921,0.0,0.8336436303094633,-0.8336436303094633,True
2025-07-04 08:00:00,-1.922,-1.922,0.0,1.0547314615251038,-1.0547314615251038,True
2025-07-04 09:00:00,-1.926,-1.926,0.0,1.2476795184835114,-1.2476795184835114,True
2025-07-04 10:00:00,-1.926,-1.926,0.0,1.401188865109734,-1.401188865109734,True
2025-07-04 11:00:00,-1.925,-1.925,0.0,1.3847265655352778,-1.3847265655352778,True
2025-07-04 12:00:00,-1.925,-1.925,0.0,1.3809200608936152,-1.3809200608936152,True
2025-07-04 13:00:00,-1.925,-1.925,0.0,1.0916327217118695,-1.0916327217118695,True
2025-07-04 14:00:00,-1.924,-1.924,0.0,0.9867525774873366,-0.9867525774873366,True
2025-07-04 15:00:00,-1.926,-1.926,0.0,0.9543240890253116,-0.9543240890253116,True
2025-07-04 16:00:00,-1.922,-1.922,0.0,0.7366393980602428,-0.7366393980602428,True
2025-07-04 17:00:00,-1.924,-1.924,0.0,0.4803447083074835,-0.4803447083074835,True
2025-07-04 18:00:00,-1.923,-1.923,0.0,0.1711148298606751,-0.1711148298606751,True
2025-07-04 19:00:00,-1.921,-1.921,0.0,0.0256105534626159,-0.0256105534626159,True
2025-07-04 20:00:00,-1.923,-1.923,0.0,0.0,0.0,True
2025-07-04 21:00:00,-1.919,-1.919,0.0,0.0,0.0,True
2025-07-04 22:00:00,-1.918,-1.918,0.0,0.0,0.0,True
2025-07-04 23:00:00,-1.916,-1.916,0.0,0.0,0.0,True
2025-07-05 00:00:00,-1.918,-1.918,0.0,0.0,0.0,True
2025-07-05 01:00:00,-1.914,-1.914,0.0,0.0,0.0,True
2025-07-05 02:00:00,-1.914,-1.914,0.0,0.0,0.0,True
2025-07-05 03:00:00,-1.913,-1.913,0.0,0.0043006586614371,-0.0043006586614371,True
2025-07-05 04:00:00,-1.91,-1.91,0.0,0.0431664933351926,-0.0431664933351926,True
2025-07-05 05:00:00,-1.91,-1.91,0.0,0.1497048302342366,-0.1497048302342366,True
2025-07-05 06:00:00,-1.91,-1.91,0.0,0.178283473424986,-0.178283473424986,True
2025-07-05 07:00:00,-1.91,-1.91,0.0,0.3964193363906657,-0.3964193363906657,True
2025-07-05 08:00:00,-1.909,-1.909,0.2,0.3181656937392428,-0.1181656937392428,True
2025-07-05 09:00:00,-1.909,-1.909,0.2,0.4911877552525858,-0.2911877552525858,True
2025-07-05 10:00:00,-1.91,-1.91,0.0,0.5071462845954131,-0.5071462845954131,True
2025-07-05 11:00:00,-1.91,-1.91,0.0,0.3812648995595893,-0.3812648995595893,True
2025-07-05 12:00:00,-1.91,-1.91,0.0,0.3516265754937981,-0.3516265754937981,True
2025-07-05 13:00:00,-1.909,-1.909,0.0,0.5063328815317825,-0.5063328815317825,True
2025-07-05 14:00:00,-1.909,-1.909,0.0,0.5498002351350197,-0.5498002351350197,True
2025-07-05 15:00:00,-1.912,-1.912,0.0,0.5591578053471361,-0.5591578053471361,True
2025-07-05 16:00:00,-1.911,-1.911,0.0,0.3788228244584392,-0.3788228244584392,True
2025-07-05 17:00:00,-1.909,-1.909,0.0,0.0954904969408101,-0.0954904969408101,True
2025-07-05 18:00:00,-1.908,-1.908,0.6,0.0384886369237279,0.561511363076272,True
2025-07-05 19:00:00,-1.908,-1.908,0.8,0.0128295456412426,0.7871704543587574,True
2025-07-05 20:00:00,-1.908,-1.908,0.3,0.0,0.3,True
2025-07-05 21:00:00,-1.907,-1.907,0.2,0.0,0.2,True
2025-07-05 22:00:00,-1.908,-1.908,0.0,0.0,0.0,True
2025-07-05 23:00:00,-1.908,-1.908,0.0,0.0,0.0,True
2025-07-06 00:00:00,-1.906,-1.906,0.0,0.0,0.0,True
2025-07-06 01:00:00,-1.904,-1.904,0.0,0.0,0.0,True
2025-07-06 02:00:00,-1.903,-1.903,0.0,0.0,0.0,True
2025-07-06 03:00:00,-1.903,-1.903,0.0,0.0042765152137475,-0.0042765152137475,True
2025-07-06 04:00:00,-1.902,-1.902,0.0,0.0560126387568738,-0.0560126387568738,True
2025-07-06 05:00:00,-1.901,-1.901,0.0,0.178283473424986,-0.178283473424986,True
2025-07-06 06:00:00,-1.9,-1.9,0.0,0.2793033107618497,-0.2793033107618497,True
2025-07-06 07:00:00,-1.9,-1.9,0.0,0.5063545728510945,-0.5063545728510945,True
2025-07-06 08:00:00,-1.898,-1.898,0.0,0.6696477054216434,-0.6696477054216434,True
2025-07-06 09:00:00,-1.899,-1.899,0.0,0.4813278240177816,-0.4813278240177816,True
2025-07-06 10:00:00,-1.902,-1.902,0.0,0.4146164087253415,-0.4146164087253415,True
2025-07-06 11:00:00,-1.903,-1.903,0.7,0.189581238869419,0.5104187611305809,True
2025-07-06 12:00:00,-1.901,-1.901,0.4,0.2343857652183521,0.1656142347816479,True
2025-07-06 13:00:00,-1.901,-1.901,0.0,0.4579206571870767,-0.4579206571870767,True
2025-07-06 14:00:00,-1.9,-1.9,0.0,0.6629528329343399,-0.6629528329343399,True
2025-07-06 15:00:00,-1.9,-1.9,0.0,0.3331397222466027,-0.3331397222466027,True
2025-07-06 16:00:00,-1.9,-1.9,0.3,0.1646371157189135,0.13536288428108648,True
2025-07-06 17:00:00,-1.899,-1.899,0.0,0.2576079572705559,-0.2576079572705559,True
2025-07-06 18:00:00,-1.899,-1.899,0.0,0.2531186253779263,-0.2531186253779263,True
2025-07-06 19:00:00,-1.897,-1.897,0.0,0.0340174706411403,-0.0340174706411403,True
2025-07-06 20:00:00,-1.896,-1.896,0.0,0.0,0.0,True
2025-07-06 21:00:00,-1.86,-1.86,8.4,0.0,8.4,True
2025-07-06 22:00:00,-1.855,-1.855,3.7,0.0,3.7,True
2025-07-06 23:00:00,-1.853,-1.853,1.4,0.0,1.4,True
2025-07-07 00:00:00,-1.848,-1.848,8.0,0.0,8.0,True
2025-07-07 01:00:00,-1.839,-1.839,0.5,0.0,0.5,True
2025-07-07 02:00:00,-1.834,-1.834,0.0,0.0,0.0,True
2025-07-07 03:00:00,-1.832,-1.832,0.0,0.0081534269764443,-0.0081534269764443,True
2025-07-07 04:00:00,-1.829,-1.829,0.0,0.0486111496110024,-0.0486111496110024,True
2025-07-07 05:00:00,-1.825,-1.825,0.0,0.0935671774612481,-0.0935671774612481,True
2025-07-07 06:00:00,-1.821,-1.821,0.1,0.1527268529471897,-0.052726852947189706,True
2025-07-07 07:00:00,-1.813,-1.813,0.0,0.7963415080395654,-0.7963415080395654,True
2025-07-07 08:00:00,-1.814,-1.814,0.0,0.5640400508763158,-0.5640400508763158,True
2025-07-07 09:00:00,-1.815,-1.815,0.0,0.5633692583471394,-0.5633692583471394,True
2025-07-07 10:00:00,-1.814,-1.814,0.0,0.9074389775632368,-0.9074389775632368,True
2025-07-07 11:00:00,-1.813,-1.813,0.0,0.7755596135567144,-0.7755596135567144,True
2025-07-07 12:00:00,-1.812,-1.812,0.0,1.035543761492578,-1.035543761492578,True
2025-07-07 13:00:00,-1.811,-1.811,0.0,0.521217237776984,-0.521217237776984,True
2025-07-07 14:00:00,-1.81,-1.81,0.0,0.6086475560262165,-0.6086475560262165,True
2025-07-07 15:00:00,-1.81,-1.81,0.0,0.727158501328318,-0.727158501328318,True
2025-07-07 16:00:00,-1.806,-1.806,0.0,0.3605808150837901,-0.3605808150837901,True
2025-07-07 17:00:00,-1.805,-1.805,0.0,0.2853971048844592,-0.2853971048844592,True
2025-07-07 18:00:00,-1.805,-1.805,0.0,0.1299053869456639,-0.1299053869456639,True
2025-07-07 19:00:00,-1.804,-1.804,0.0,0.0199942032224189,-0.0199942032224189,True
2025-07-07 20:00:00,-1.803,-1.803,0.0,0.0,0.0,True
2025-07-07 21:00:00,-1.802,-1.802,0.0,0.0,0.0,True
2025-07-07 22:00:00,-1.804,-1.804,0.0,0.0,0.0,True
2025-07-07 23:00:00,-1.802,-1.802,0.0,0.0,0.0,True
2025-07-08 00:00:00,-1.799,-1.799,0.0,0.0,0.0,True
2025-07-08 01:00:00,-1.799,-1.799,0.0,0.0,0.0,True
2025-07-08 02:00:00,-1.797,-1.797,3.2,0.0,3.2,True
2025-07-08 03:00:00,-1.796,-1.796,3.5,0.0037563144459311,3.496243685554069,True
2025-07-08 04:00:00,-1.796,-1.796,0.3,0.0846478597429876,0.21535214025701238,True
2025-07-08 05:00:00,-1.796,-1.796,0.1,0.2834793867707216,-0.1834793867707216,True
2025-07-08 06:00:00,-1.797,-1.797,0.0,0.5662826930871765,-0.5662826930871765,True
2025-07-08 07:00:00,-1.796,-1.796,0.2,0.481740451477352,-0.281740451477352,True
2025-07-08 08:00:00,-1.797,-1.797,0.0,0.3377822475194441,-0.3377822475194441,True
2025-07-08 09:00:00,-1.797,-1.797,0.0,1.040759396067788,-1.040759396067788,True
2025-07-08 10:00:00,-1.797,-1.797,0.0,0.8714752215631173,-0.8714752215631173,True
2025-07-08 11:00:00,-1.796,-1.796,0.0,0.8641152534046348,-0.8641152534046348,True
2025-07-08 12:00:00,-1.797,-1.797,0.0,1.0254621557027668,-1.0254621557027668,True
2025-07-08 13:00:00,-1.798,-1.798,0.0,0.5729442942684345,-0.5729442942684345,True
2025-07-08 14:00:00,-1.798,-1.798,0.0,0.2930473494966711,-0.2930473494966711,True
2025-07-08 15:00:00,-1.8,-1.8,0.0,0.2871352970933168,-0.2871352970933168,True
2025-07-08 16:00:00,-1.802,-1.802,0.2,0.1705008203661839,0.029499179633816125,True
2025-07-08 17:00:00,-1.801,-1.801,0.2,0.0691583485583138,0.1308416514416862,True
2025-07-08 18:00:00,-1.801,-1.801,0.1,0.0492278637767727,0.05077213622322731,True
2025-07-08 19:00:00,-1.8,-1.8,0.0,0.024511615710518,-0.024511615710518,True
2025-07-08 20:00:00,-1.799,-1.799,0.0,0.0,0.0,True
2025-07-08 21:00:00,-1.799,-1.799,0.0,0.0,0.0,True
2025-07-08 22:00:00,-1.8,-1.8,0.0,0.0,0.0,True
2025-07-08 23:00:00,-1.801,-1.801,0.0,0.0,0.0,True
2025-07-09 00:00:00,-1.8,-1.8,0.0,0.0,0.0,True
2025-07-09 01:00:00,-1.8,-1.8,0.0,0.0,0.0,True
2025-07-09 02:00:00,-1.801,-1.801,0.0,0.0,0.0,True
2025-07-09 03:00:00,-1.801,-1.801,0.0,0.0040249708457248,-0.0040249708457248,True
2025-07-09 04:00:00,-1.801,-1.801,0.0,0.0244088289029342,-0.0244088289029342,True
2025-07-09 05:00:00,-1.802,-1.802,0.0,0.0994705696782869,-0.0994705696782869,True
2025-07-09 06:00:00,-1.802,-1.802,0.0,0.3881895580762717,-0.3881895580762717,True
2025-07-09 07:00:00,-1.802,-1.802,0.0,0.5316509164957635,-0.5316509164957635,True
2025-07-09 08:00:00,-1.805,-1.805,0.0,0.9989856179739056,-0.9989856179739056,True
2025-07-09 09:00:00,-1.807,-1.807,0.0,1.1027032146950573,-1.1027032146950573,True
2025-07-09 10:00:00,-1.807,-1.807,0.0,1.3528196505558727,-1.3528196505558727,True
2025-07-09 11:00:00,-1.813,-1.813,0.0,1.4589149122873522,-1.4589149122873522,True
2025-07-09 12:00:00,-1.813,-1.813,0.0,1.4138857091996002,-1.4138857091996002,True
2025-07-09 13:00:00,-1.815,-1.815,0.0,1.332053095805411,-1.332053095805411,True
2025-07-09 14:00:00,-1.817,-1.817,0.0,1.1740137112231692,-1.1740137112231692,True
2025-07-09 15:00:00,-1.819,-1.819,0.0,0.8987053585437047,-0.8987053585437047,True
2025-07-09 16:00:00,-1.822,-1.822,0.0,0.6797851089086084,-0.6797851089086084,True
2025-07-09 17:00:00,-1.823,-1.823,0.0,0.3973243052168418,-0.3973243052168418,True
2025-07-09 18:00:00,-1.825,-1.825,0.0,0.2102287636305609,-0.2102287636305609,True
2025-07-09 19:00:00,-1.825,-1.825,0.0,0.0208486895110793,-0.0208486895110793,True
2025-07-09 20:00:00,-1.827,-1.827,0.0,0.0,0.0,True
2025-07-09 21:00:00,-1.827,-1.827,0.0,0.0,0.0,True
2025-07-09 22:00:00,-1.828,-1.828,0.0,0.0,0.0,True
2025-07-09 23:00:00,-1.829,-1.829,0.0,0.0,0.0,True
2025-07-10 00:00:00,-1.83,-1.83,0.0,0.0,0.0,True
2025-07-10 01:00:00,-1.831,-1.831,0.0,0.0,0.0,True
2025-07-10 02:00:00,-1.833,-1.833,0.0,0.0,0.0,True
2025-07-10 03:00:00,-1.833,-1.833,0.0,0.0117047831216821,-0.0117047831216821,True
2025-07-10 04:00:00,-1.834,-1.834,0.0,0.1143875399824174,-0.1143875399824174,True
2025-07-10 05:00:00,-1.834,-1.834,0.0,0.221113559167412,-0.221113559167412,True
2025-07-10 06:00:00,-1.835,-1.835,0.0,0.3292742314378271,-0.3292742314378271,True
2025-07-10 07:00:00,-1.835,-1.835,0.0,0.4992928749966057,-0.4992928749966057,True
2025-07-10 08:00:00,-1.837,-1.837,0.0,0.5081299170319439,-0.5081299170319439,True
2025-07-10 09:00:00,-1.839,-1.839,0.0,0.4389822812673332,-0.4389822812673332,True
2025-07-10 10:00:00,-1.842,-1.842,0.0,0.6954607981686763,-0.6954607981686763,True
2025-07-10 11:00:00,-1.844,-1.844,0.0,1.0375513413866717,-1.0375513413866717,True
2025-07-10 12:00:00,-1.844,-1.844,0.0,1.011443121524086,-1.011443121524086,True
2025-07-10 13:00:00,-1.845,-1.845,0.0,1.2220908950865037,-1.2220908950865037,True
2025-07-10 14:00:00,-1.847,-1.847,0.0,1.2081506947623228,-1.2081506947623228,True
2025-07-10 15:00:00,-1.848,-1.848,0.0,0.9144554249395844,-0.9144554249395844,True
2025-07-10 16:00:00,-1.847,-1.847,0.0,0.7092159827496388,-0.7092159827496388,True
2025-07-10 17:00:00,-1.847,-1.847,0.0,0.4576663571580531,-0.4576663571580531,True
2025-07-10 18:00:00,-1.847,-1.847,0.0,0.2161298300802312,-0.2161298300802312,True
2025-07-10 19:00:00,-1.847,-1.847,0.0,0.0467740221315679,-0.0467740221315679,True
2025-07-10 20:00:00,-1.848,-1.848,0.0,0.0,0.0,True
2025-07-10 21:00:00,-1.848,-1.848,0.0,0.0,0.0,True
2025-07-10 22:00:00,-1.847,-1.847,0.0,0.0,0.0,True
2025-07-10 23:00:00,-1.85,-1.85,0.0,0.0,0.0,True
2025-07-11 00:00:00,-1.849,-1.849,0.0,0.0,0.0,True
2025-07-11 01:00:00,-1.849,-1.849,0.0,0.0,0.0,True
2025-07-11 02:00:00,-1.848,-1.848,0.0,0.0,0.0,True
2025-07-11 03:00:00,-1.848,-1.848,0.0,0.0079450812973157,-0.0079450812973157,True
2025-07-11 04:00:00,-1.848,-1.848,0.0,0.11994950784999,-0.11994950784999,True
2025-07-11 05:00:00,-1.847,-1.847,0.0,0.4623237404292601,-0.4623237404292601,True
2025-07-11 06:00:00,-1.85,-1.85,0.0,0.6136793115675985,-0.6136793115675985,True
2025-07-11 07:00:00,-1.85,-1.85,0.0,0.6057348844738939,-0.6057348844738939,True
2025-07-11 08:00:00,-1.851,-1.851,0.0,0.8238455293395718,-0.8238455293395718,True
2025-07-11 09:00:00,-1.853,-1.853,0.0,0.9849447616362824,-0.9849447616362824,True
2025-07-11 10:00:00,-1.854,-1.854,0.0,1.0461056026074154,-1.0461056026074154,True
2025-07-11 11:00:00,-1.855,-1.855,0.0,0.8761544660598559,-0.8761544660598559,True
2025-07-11 12:00:00,-1.857,-1.857,0.0,1.2460910781932877,-1.2460910781932877,True
2025-07-11 13:00:00,-1.856,-1.856,0.0,0.9737691584330416,-0.9737691584330416,True
2025-07-11 14:00:00,-1.857,-1.857,0.0,1.2373428474362556,-1.2373428474362556,True
2025-07-11 15:00:00,-1.857,-1.857,0.0,0.7665034660071183,-0.7665034660071183,True
2025-07-11 16:00:00,-1.858,-1.858,0.0,0.3885472399313434,-0.3885472399313434,True
2025-07-11 17:00:00,-1.858,-1.858,0.0,0.2763178248990968,-0.2763178248990968,True
2025-07-11 18:00:00,-1.857,-1.857,0.0,0.0838054443168243,-0.0838054443168243,True
2025-07-11 19:00:00,-1.857,-1.857,0.0,0.0382696544712828,-0.0382696544712828,True
2025-07-11 20:00:00,-1.857,-1.857,0.0,0.0,0.0,True
2025-07-11 21:00:00,-1.855,-1.855,0.0,0.0,0.0,True
2025-07-11 22:00:00,-1.854,-1.854,0.0,0.0,0.0,True
2025-07-11 23:00:00,-1.855,-1.855,0.0,0.0,0.0,True
2025-07-12 00:00:00,-1.856,-1.856,0.0,0.0,0.0,True
2025-07-12 01:00:00,-1.855,-1.855,0.0,0.0,0.0,True
2025-07-12 02:00:00,-1.855,-1.855,0.0,0.0,0.0,True
2025-07-12 03:00:00,-1.854,-1.854,0.0,0.0084059242438344,-0.0084059242438344,True
2025-07-12 04:00:00,-1.854,-1.854,0.0,0.0593020271944357,-0.0593020271944357,True
2025-07-12 05:00:00,-1.853,-1.853,0.0,0.3102238454226858,-0.3102238454226858,True
2025-07-12 06:00:00,-1.851,-1.851,0.0,0.5639816440759337,-0.5639816440759337,True
2025-07-12 07:00:00,-1.852,-1.852,0.0,0.7008979316746535,-0.7008979316746535,True
2025-07-12 08:00:00,-1.851,-1.851,0.0,1.056429373314506,-1.056429373314506,True
2025-07-12 09:00:00,-1.853,-1.853,0.0,1.1645642554388849,-1.1645642554388849,True
2025-07-12 10:00:00,-1.853,-1.853,0.0,1.3612235408400353,-1.3612235408400353,True
2025-07-12 11:00:00,-1.854,-1.854,0.0,1.4847281421298804,-1.4847281421298804,True
2025-07-12 12:00:00,-1.854,-1.854,0.0,1.4715701297528334,-1.4715701297528334,True
2025-07-12 13:00:00,-1.855,-1.855,0.0,1.3894532816302572,-1.3894532816302572,True
2025-07-12 14:00:00,-1.854,-1.854,0.0,1.2247921573770653,-1.2247921573770653,True
2025-07-12 15:00:00,-1.855,-1.855,0.0,0.990704087837232,-0.990704087837232,True
2025-07-12 16:00:00,-1.855,-1.855,0.0,0.7306382552318558,-0.7306382552318558,True
2025-07-12 17:00:00,-1.856,-1.856,0.0,0.2981064526655271,-0.2981064526655271,True
2025-07-12 18:00:00,-1.858,-1.858,0.0,0.1604426080059272,-0.1604426080059272,True
2025-07-12 19:00:00,-1.856,-1.856,0.0,0.0347238170693854,-0.0347238170693854,True
2025-07-12 20:00:00,-1.856,-1.856,0.0,0.0,0.0,True
2025-07-12 21:00:00,-1.856,-1.856,0.0,0.0,0.0,True
2025-07-12 22:00:00,-1.857,-1.857,0.0,0.0,0.0,True
2025-07-12 23:00:00,-1.857,-1.857,0.0,0.0,0.0,True
2025-07-13 00:00:00,-1.856,-1.856,0.0,0.0,0.0,True
2025-07-13 01:00:00,-1.857,-1.857,0.0,0.0,0.0,True
2025-07-13 02:00:00,-1.857,-1.857,0.0,0.0,0.0,True
2025-07-13 03:00:00,-1.856,-1.856,0.0,0.0081534269764443,-0.0081534269764443,True
2025-07-13 04:00:00,-1.857,-1.857,0.0,0.0630444318287582,-0.0630444318287582,True
2025-07-13 05:00:00,-1.857,-1.857,0.0,0.1927096999946808,-0.1927096999946808,True
2025-07-13 06:00:00,-1.857,-1.857,0.0,0.2669483156456497,-0.2669483156456497,True
2025-07-13 07:00:00,-1.857,-1.857,0.0,0.4909956803651346,-0.4909956803651346,True
2025-07-13 08:00:00,-1.857,-1.857,0.2,0.434502870233993,-0.23450287023399297,True
2025-07-13 09:00:00,-1.858,-1.858,0.0,0.5884197092702279,-0.5884197092702279,True
2025-07-13 10:00:00,-1.858,-1.858,0.0,0.5817183560763183,-0.5817183560763183,True
2025-07-13 11:00:00,-1.859,-1.859,0.0,0.711600538854915,-0.711600538854915,True
2025-07-13 12:00:00,-1.859,-1.859,0.0,0.5018472116705034,-0.5018472116705034,True
2025-07-13 13:00:00,-1.861,-1.861,0.0,0.2206573909763354,-0.2206573909763354,True
2025-07-13 14:00:00,-1.86,-1.86,0.0,0.6189483308652026,-0.6189483308652026,True
2025-07-13 15:00:00,-1.861,-1.861,0.0,0.8648114100503217,-0.8648114100503217,True
2025-07-13 16:00:00,-1.861,-1.861,0.0,0.4589841113815079,-0.4589841113815079,True
2025-07-13 17:00:00,-1.862,-1.862,0.0,0.3903467718927202,-0.3903467718927202,True
2025-07-13 18:00:00,-1.861,-1.861,0.0,0.1247886951157211,-0.1247886951157211,True
2025-07-13 19:00:00,-1.862,-1.862,0.0,0.0473953097173547,-0.0473953097173547,True
2025-07-13 20:00:00,-1.862,-1.862,0.0,0.0,0.0,True
2025-07-13 21:00:00,-1.863,-1.863,0.0,0.0,0.0,True
2025-07-13 22:00:00,-1.864,-1.864,0.0,0.0,0.0,True
2025-07-13 23:00:00,-1.863,-1.863,0.0,0.0,0.0,True
2025-07-14 00:00:00,-1.865,-1.865,0.0,0.0,0.0,True
2025-07-14 01:00:00,-1.866,-1.866,0.0,0.0,0.0,True
2025-07-14 02:00:00,-1.866,-1.866,0.0,0.0,0.0,True
2025-07-14 03:00:00,-1.865,-1.865,0.0,0.0082892141398572,-0.0082892141398572,True
2025-07-14 04:00:00,-1.865,-1.865,0.0,0.0629202992319084,-0.0629202992319084,True
2025-07-14 05:00:00,-1.864,-1.864,0.0,0.2500909051809867,-0.2500909051809867,True
2025-07-14 06:00:00,-1.866,-1.866,0.0,0.3035736264578117,-0.3035736264578117,True
2025-07-14 07:00:00,-1.866,-1.866,0.0,0.7011426116699668,-0.7011426116699668,True
2025-07-14 08:00:00,-1.868,-1.868,0.0,0.9959018256026568,-0.9959018256026568,True
2025-07-14 09:00:00,-1.869,-1.869,0.0,0.651203105638795,-0.651203105638795,True
2025-07-14 10:00:00,-1.871,-1.871,0.0,0.5758346465733851,-0.5758346465733851,True
2025-07-14 11:00:00,-1.872,-1.872,0.0,0.7800389423456925,-0.7800389423456925,True
2025-07-14 12:00:00,-1.871,-1.871,0.0,0.6412492149123099,-0.6412492149123099,True
2025-07-14 13:00:00,-1.873,-1.873,0.0,0.6751421180368048,-0.6751421180368048,True
2025-07-14 14:00:00,-1.873,-1.873,0.0,0.8530977695845965,-0.8530977695845965,True
2025-07-14 15:00:00,-1.874,-1.874,0.0,0.7445994957776874,-0.7445994957776874,True
2025-07-14 16:00:00,-1.876,-1.876,0.0,0.6356386573511045,-0.6356386573511045,True
2025-07-14 17:00:00,-1.875,-1.875,0.0,0.3974752702207027,-0.3974752702207027,True
2025-07-14 18:00:00,-1.877,-1.877,0.0,0.1241484401917786,-0.1241484401917786,True
2025-07-14 19:00:00,-1.876,-1.876,0.0,0.0262317043756248,-0.0262317043756248,True
2025-07-14 20:00:00,-1.876,-1.876,0.0,0.0,0.0,True
2025-07-14 21:00:00,-1.877,-1.877,0.0,0.0,0.0,True
2025-07-14 22:00:00,-1.876,-1.876,0.0,0.0,0.0,True
2025-07-14 23:00:00,-1.875,-1.875,0.0,0.0,0.0,True
2025-07-15 00:00:00,-1.876,-1.876,0.1,0.0,0.1,True
2025-07-15 01:00:00,-1.876,-1.876,0.1,0.0,0.1,True
2025-07-15 02:00:00,-1.876,-1.876,0.0,0.0,0.0,True
2025-07-15 03:00:00,-1.876,-1.876,0.0,0.0,0.0,True
2025-07-15 04:00:00,-1.876,-1.876,0.0,0.0590723240550848,-0.0590723240550848,True
2025-07-15 05:00:00,-1.875,-1.875,0.0,0.2647691051540644,-0.2647691051540644,True
2025-07-15 06:00:00,-1.877,-1.877,0.0,0.4647518078727577,-0.4647518078727577,True
2025-07-15 07:00:00,-1.878,-1.878,0.0,0.7775342177613488,-0.7775342177613488,True
2025-07-15 08:00:00,-1.879,-1.879,0.0,1.0506755535958283,-1.0506755535958283,True
2025-07-15 09:00:00,-1.881,-1.881,0.0,1.0229076674273636,-1.0229076674273636,True
2025-07-15 10:00:00,-1.883,-1.883,0.0,1.0649151552099871,-1.0649151552099871,True
2025-07-15 11:00:00,-1.883,-1.883,0.0,1.3518762774028772,-1.3518762774028772,True
2025-07-15 12:00:00,-1.887,-1.887,0.0,1.4202925028759767,-1.4202925028759767,True
2025-07-15 13:00:00,-1.887,-1.887,0.0,1.2090186213911711,-1.2090186213911711,True
2025-07-15 14:00:00,-1.886,-1.886,0.0,1.1338401463591037,-1.1338401463591037,True
2025-07-15 15:00:00,-1.889,-1.889,0.0,0.8292743549082027,-0.8292743549082027,True
2025-07-15 16:00:00,-1.889,-1.889,0.0,0.5125249977967119,-0.5125249977967119,True
2025-07-15 17:00:00,-1.888,-1.888,0.0,0.2798155397938797,-0.2798155397938797,True
2025-07-15 18:00:00,-1.886,-1.886,0.0,0.1224146204195825,-0.1224146204195825,True
2025-07-15 19:00:00,-1.885,-1.885,0.0,0.0216230653241105,-0.0216230653241105,True
2025-07-15 20:00:00,-1.885,-1.885,0.0,0.0,0.0,True
2025-07-15 21:00:00,-1.884,-1.884,0.0,0.0,0.0,True
2025-07-15 22:00:00,-1.887,-1.887,0.0,0.0,0.0,True
2025-07-15 23:00:00,-1.884,-1.884,0.0,0.0,0.0,True
2025-07-16 00:00:00,-1.881,-1.881,0.1,0.0,0.1,True
2025-07-16 01:00:00,-1.882,-1.882,7.2,0.0,7.2,True
2025-07-16 02:00:00,-1.879,-1.879,1.4,0.0,1.4,True
2025-07-16 03:00:00,-1.879,-1.879,0.0,0.0039988406444837,-0.0039988406444837,True
2025-07-16 04:00:00,-1.871,-1.871,0.3,0.0488176578058685,0.2511823421941315,True
2025-07-16 05:00:00,-1.871,-1.871,0.0,0.1792987297952825,-0.1792987297952825,True
2025-07-16 06:00:00,-1.87,-1.87,0.0,0.3019050519401202,-0.3019050519401202,True
2025-07-16 07:00:00,-1.871,-1.871,0.0,0.5203796980338941,-0.5203796980338941,True
2025-07-16 08:00:00,-1.87,-1.87,0.0,0.587030949082271,-0.587030949082271,True
2025-07-16 09:00:00,-1.871,-1.871,0.0,0.5686025045111875,-0.5686025045111875,True
2025-07-16 10:00:00,-1.87,-1.87,1.0,0.5292847715607293,0.4707152284392707,True
2025-07-16 11:00:00,-1.87,-1.87,0.0,0.7722105142430467,-0.7722105142430467,True
2025-07-16 12:00:00,-1.871,-1.871,0.0,1.019790758718182,-1.019790758718182,True
2025-07-16 13:00:00,-1.872,-1.872,0.0,1.1167337871176346,-1.1167337871176346,True
2025-07-16 14:00:00,-1.875,-1.875,0.0,1.0337160120526605,-1.0337160120526605,True
2025-07-16 15:00:00,-1.874,-1.874,0.0,0.8824439735680064,-0.8824439735680064,True
2025-07-16 16:00:00,-1.874,-1.874,0.0,0.6662274756997136,-0.6662274756997136,True
2025-07-16 17:00:00,-1.875,-1.875,0.0,0.2509757448044555,-0.2509757448044555,True
2025-07-16 18:00:00,-1.876,-1.876,0.0,0.1862998941029811,-0.1862998941029811,True
2025-07-16 19:00:00,-1.875,-1.875,0.0,0.0255131029808552,-0.0255131029808552,True
2025-07-16 20:00:00,-1.876,-1.876,0.0,0.0,0.0,True
2025-07-16 21:00:00,-1.876,-1.876,0.0,0.0,0.0,True
2025-07-16 22:00:00,-1.877,-1.877,0.0,0.0,0.0,True
2025-07-16 23:00:00,-1.877,-1.877,0.0,0.0,0.0,True
2025-07-17 00:00:00,-1.876,-1.876,0.0,0.0,0.0,True
2025-07-17 01:00:00,-1.878,-1.878,0.0,0.0,0.0,True
2025-07-17 02:00:00,-1.878,-1.878,0.0,0.0,0.0,True
2025-07-17 03:00:00,-1.877,-1.877,0.0,0.0038021822977528,-0.0038021822977528,True
2025-07-17 04:00:00,-1.88,-1.88,0.0,0.0591910960993938,-0.0591910960993938,True
2025-07-17 05:00:00,-1.878,-1.878,0.0,0.1081959090496556,-0.1081959090496556,True
2025-07-17 06:00:00,-1.88,-1.88,0.0,0.2181022759011248,-0.2181022759011248,True
2025-07-17 07:00:00,-1.88,-1.88,0.0,0.4197072700099971,-0.4197072700099971,True
2025-07-17 08:00:00,-1.88,-1.88,0.0,0.6964336136385092,-0.6964336136385092,True
2025-07-17 09:00:00,-1.881,-1.881,0.0,0.9862690619573676,-0.9862690619573676,True
2025-07-17 10:00:00,-1.884,-1.884,0.0,1.0216352607337962,-1.0216352607337962,True
2025-07-17 11:00:00,-1.886,-1.886,0.0,1.0672439777308405,-1.0672439777308405,True
2025-07-17 12:00:00,-1.884,-1.884,0.0,0.7613010471288417,-0.7613010471288417,True
2025-07-17 13:00:00,-1.884,-1.884,0.0,0.8383374626121175,-0.8383374626121175,True
2025-07-17 14:00:00,-1.886,-1.886,0.0,1.0108936244647428,-1.0108936244647428,True
2025-07-17 15:00:00,-1.886,-1.886,0.0,0.9455072694459064,-0.9455072694459064,True
2025-07-17 16:00:00,-1.886,-1.886,0.0,0.6978133700547804,-0.6978133700547804,True
2025-07-17 17:00:00,-1.886,-1.886,0.0,0.4388444908709388,-0.4388444908709388,True
2025-07-17 18:00:00,-1.886,-1.886,0.0,0.1764325143512091,-0.1764325143512091,True
2025-07-17 19:00:00,-1.885,-1.885,0.0,0.0294207348534205,-0.0294207348534205,True
2025-07-17 20:00:00,-1.885,-1.885,0.0,0.0,0.0,True
2025-07-17 21:00:00,-1.885,-1.885,0.0,0.0,0.0,True
2025-07-17 22:00:00,-1.884,-1.884,0.0,0.0,0.0,True
2025-07-17 23:00:00,-1.884,-1.884,0.0,0.0,0.0,True
2025-07-18 00:00:00,-1.884,-1.884,0.0,0.0,0.0,True
2025-07-18 01:00:00,-1.883,-1.883,0.0,0.0,0.0,True
2025-07-18 02:00:00,-1.882,-1.882,0.0,0.0,0.0,True
2025-07-18 03:00:00,-1.882,-1.882,0.0,0.0075494222863768,-0.0075494222863768,True
2025-07-18 04:00:00,-1.881,-1.881,0.0,0.0824950572864076,-0.0824950572864076,True
2025-07-18 05:00:00,-1.88,-1.88,0.0,0.1737199768861925,-0.1737199768861925,True
2025-07-18 06:00:00,-1.881,-1.881,0.0,0.4454920987368031,-0.4454920987368031,True
2025-07-18 07:00:00,-1.882,-1.882,0.0,0.8283474174780394,-0.8283474174780394,True
2025-07-18 08:00:00,-1.881,-1.881,0.0,1.1438068199647151,-1.1438068199647151,True
2025-07-18 09:00:00,-1.882,-1.882,0.0,1.254239717418723,-1.254239717418723,True
2025-07-18 10:00:00,-1.883,-1.883,0.0,1.3674459268686567,-1.3674459268686567,True
2025-07-18 11:00:00,-1.885,-1.885,0.0,1.413837912724897,-1.413837912724897,True
2025-07-18 12:00:00,-1.884,-1.884,0.0,1.344837918352001,-1.344837918352001,True
2025-07-18 13:00:00,,,0.0,1.136528764713718,-1.136528764713718,True
2025-07-18 14:00:00,-1.888,-1.888,0.0,0.8311921417892404,-0.8311921417892404,True
2025-07-18 15:00:00,-1.887,-1.887,0.0,0.8252714150040632,-0.8252714150040632,True
2025-07-18 16:00:00,-1.888,-1.888,0.0,0.7752826073313894,-0.7752826073313894,True
2025-07-18 17:00:00,-1.889,-1.889,0.0,0.4272786328849359,-0.4272786328849359,True
2025-07-18 18:00:00,-1.886,-1.886,0.0,0.1893569314268836,-0.1893569314268836,True
2025-07-18 19:00:00,-1.888,-1.888,0.0,0.0309296471236835,-0.0309296471236835,True
2025-07-18 20:00:00,-1.885,-1.885,0.0,0.0,0.0,True
2025-07-18 21:00:00,-1.885,-1.885,0.0,0.0,0.0,True
2025-07-18 22:00:00,-1.883,-1.883,0.0,0.0,0.0,True
2025-07-18 23:00:00,-1.883,-1.883,0.0,0.0,0.0,True
2025-07-19 00:00:00,-1.883,-1.883,0.0,0.0,0.0,True
2025-07-19 01:00:00,-1.883,-1.883,0.0,0.0,0.0,True
2025-07-19 02:00:00,-1.884,-1.884,0.0,0.0,0.0,True
2025-07-19 03:00:00,-1.883,-1.883,0.0,0.00437976590897,-0.00437976590897,True
2025-07-19 04:00:00,-1.881,-1.881,0.0,0.0886774572798419,-0.0886774572798419,True
2025-07-19 05:00:00,-1.881,-1.881,0.0,0.3031193906015763,-0.3031193906015763,True
2025-07-19 06:00:00,-1.881,-1.881,0.0,0.5290611171657158,-0.5290611171657158,True
2025-07-19 07:00:00,-1.882,-1.882,0.0,0.7234947801762442,-0.7234947801762442,True
2025-07-19 08:00:00,-1.883,-1.883,0.0,0.8473664311364448,-0.8473664311364448,True
2025-07-19 09:00:00,-1.882,-1.882,0.0,1.1033175100739496,-1.1033175100739496,True
2025-07-19 10:00:00,-1.883,-1.883,0.0,1.28294466770738,-1.28294466770738,True
2025-07-19 11:00:00,-1.882,-1.882,0.0,1.3303324347832737,-1.3303324347832737,True
2025-07-19 12:00:00,-1.882,-1.882,0.0,1.05796760600441,-1.05796760600441,True
2025-07-19 13:00:00,-1.883,-1.883,0.0,0.8903046288717281,-0.8903046288717281,True
2025-07-19 14:00:00,-1.882,-1.882,0.0,0.6111653598964276,-0.6111653598964276,True
2025-07-19 15:00:00,-1.881,-1.881,0.0,0.4103860258089176,-0.4103860258089176,True
2025-07-19 16:00:00,-1.884,-1.884,0.0,0.1396508137261877,-0.1396508137261877,True
2025-07-19 17:00:00,-1.883,-1.883,0.0,0.072523410194526,-0.072523410194526,True
2025-07-19 18:00:00,-1.882,-1.882,0.2,0.0184167801598472,0.1815832198401528,True
2025-07-19 19:00:00,-1.88,-1.88,0.0,0.0045826314488233,-0.0045826314488233,True
2025-07-19 20:00:00,-1.881,-1.881,0.1,0.0,0.1,True
2025-07-19 21:00:00,-1.88,-1.88,0.1,0.0,0.1,True
2025-07-19 22:00:00,-1.879,-1.879,0.0,0.0,0.0,True
2025-07-19 23:00:00,-1.879,-1.879,0.0,0.0,0.0,True
2025-07-20 00:00:00,-1.879,-1.879,0.0,0.0,0.0,True
2025-07-20 01:00:00,-1.878,-1.878,0.0,0.0,0.0,True
2025-07-20 02:00:00,-1.879,-1.879,0.0,0.0,0.0,True
2025-07-20 03:00:00,-1.88,-1.88,0.0,0.0043086645197595,-0.0043086645197595,True
2025-07-20 04:00:00,-1.88,-1.88,0.0,0.0565289062079224,-0.0565289062079224,True
2025-07-20 05:00:00,-1.88,-1.88,0.0,0.1327862308207879,-0.1327862308207879,True
2025-07-20 06:00:00,-1.879,-1.879,0.0,0.1383938591204729,-0.1383938591204729,True
2025-07-20 07:00:00,-1.881,-1.881,0.0,0.3364229661761106,-0.3364229661761106,True
2025-07-20 08:00:00,-1.881,-1.881,0.0,0.5461910925439944,-0.5461910925439944,True
2025-07-20 09:00:00,-1.88,-1.88,0.0,0.8981260223959169,-0.8981260223959169,True
2025-07-20 10:00:00,-1.881,-1.881,0.0,1.3266764366773447,-1.3266764366773447,True
2025-07-20 11:00:00,-1.881,-1.881,0.0,1.2308875242818684,-1.2308875242818684,True
2025-07-20 12:00:00,-1.883,-1.883,3.7,0.323505598225969,3.376494401774031,True
2025-07-20 13:00:00,-1.884,-1.884,0.2,0.262439117277823,-0.062439117277822975,True
2025-07-20 14:00:00,-1.883,-1.883,1.8,0.1751906363588008,1.6248093636411993,True
2025-07-20 15:00:00,-1.879,-1.879,0.0,0.2117190172214509,-0.2117190172214509,True
2025-07-20 16:00:00,-1.88,-1.88,0.0,0.1458111935830795,-0.1458111935830795,True
2025-07-20 17:00:00,-1.882,-1.882,0.0,0.083511311679777,-0.083511311679777,True
2025-07-20 18:00:00,-1.881,-1.881,0.0,0.1195076077387091,-0.1195076077387091,True
2025-07-20 19:00:00,-1.88,-1.88,0.0,0.0307673253557073,-0.0307673253557073,True
2025-07-20 20:00:00,-1.88,-1.88,0.0,0.0,0.0,True
2025-07-20 21:00:00,-1.879,-1.879,0.0,0.0,0.0,True
2025-07-20 22:00:00,-1.879,-1.879,0.0,0.0,0.0,True
2025-07-20 23:00:00,,,0.0,0.0,0.0,True
2025-07-21 00:00:00,-1.879,-1.879,0.0,0.0,0.0,True
2025-07-21 01:00:00,-1.877,-1.877,0.0,0.0,0.0,True
2025-07-21 02:00:00,-1.878,-1.878,0.0,0.0,0.0,True
2025-07-21 03:00:00,-1.878,-1.878,0.0,0.0,0.0,True
2025-07-21 04:00:00,-1.877,-1.877,0.0,0.0667158064354539,-0.0667158064354539,True
2025-07-21 05:00:00,-1.878,-1.878,0.0,0.2854244622782587,-0.2854244622782587,True
2025-07-21 06:00:00,-1.878,-1.878,0.0,0.5223252102288819,-0.5223252102288819,True
2025-07-21 07:00:00,-1.879,-1.879,0.0,0.7781572415443451,-0.7781572415443451,True
2025-07-21 08:00:00,-1.879,-1.879,0.0,0.9169031801682122,-0.9169031801682122,True
2025-07-21 09:00:00,-1.878,-1.878,0.0,0.8026677935893508,-0.8026677935893508,True
2025-07-21 10:00:00,-1.881,-1.881,0.0,0.8842119012360038,-0.8842119012360038,True
2025-07-21 11:00:00,-1.881,-1.881,0.0,0.8212265865047116,-0.8212265865047116,True
2025-07-21 12:00:00,-1.882,-1.882,0.0,0.2235937674783782,-0.2235937674783782,True
2025-07-21 13:00:00,-1.888,-1.888,8.5,0.1161177838588028,8.383882216141197,True
2025-07-21 14:00:00,-1.891,-1.891,0.2,0.5125249977967119,-0.3125249977967119,True
2025-07-21 15:00:00,-1.887,-1.887,0.0,0.7806935437854404,-0.7806935437854404,True
2025-07-21 16:00:00,-1.887,-1.887,0.0,0.1617990279734598,-0.1617990279734598,True
2025-07-21 17:00:00,-1.888,-1.888,0.0,0.1440157696115787,-0.1440157696115787,True
2025-07-21 18:00:00,-1.887,-1.887,0.0,0.0648691959723315,-0.0648691959723315,True
2025-07-21 19:00:00,-1.887,-1.887,0.0,0.0042684255771026,-0.0042684255771026,True
2025-07-21 20:00:00,-1.885,-1.885,0.0,0.0,0.0,True
2025-07-21 21:00:00,-1.887,-1.887,0.4,0.0,0.4,True
2025-07-21 22:00:00,-1.887,-1.887,1.7,0.0,1.7,True
2025-07-21 23:00:00,-1.887,-1.887,1.7,0.0,1.7,True
2025-07-22 00:00:00,-1.884,-1.884,0.7,0.0,0.7,True
2025-07-22 01:00:00,-1.882,-1.882,0.0,0.0,0.0,True
2025-07-22 02:00:00,-1.883,-1.883,0.0,0.0,0.0,True
2025-07-22 03:00:00,-1.883,-1.883,0.0,0.0,0.0,True
2025-07-22 04:00:00,-1.883,-1.883,0.0,0.0253659942323831,-0.0253659942323831,True
2025-07-22 05:00:00,-1.883,-1.883,0.0,0.0724253567195905,-0.0724253567195905,True
2025-07-22 06:00:00,-1.883,-1.883,0.0,0.3126189101950235,-0.3126189101950235,True
2025-07-22 07:00:00,-1.882,-1.882,0.0,0.65621318387083,-0.65621318387083,True
2025-07-22 08:00:00,-1.885,-1.885,0.0,0.7415788782116911,-0.7415788782116911,True
2025-07-22 09:00:00,-1.886,-1.886,0.0,0.6562547513132105,-0.6562547513132105,True
2025-07-22 10:00:00,-1.887,-1.887,0.0,0.810339864924169,-0.810339864924169,True
2025-07-22 11:00:00,-1.888,-1.888,0.0,0.939555602113873,-0.939555602113873,True
2025-07-22 12:00:00,-1.891,-1.891,0.0,0.8283474174780394,-0.8283474174780394,True
2025-07-22 13:00:00,-1.892,-1.892,0.0,0.9642926958071666,-0.9642926958071666,True
2025-07-22 14:00:00,-1.892,-1.892,0.0,0.8550681316969839,-0.8550681316969839,True
2025-07-22 15:00:00,-1.894,-1.894,0.0,0.871471862830259,-0.871471862830259,True
2025-07-22 16:00:00,-1.895,-1.895,0.0,0.5957616674342379,-0.5957616674342379,True
2025-07-22 17:00:00,-1.896,-1.896,0.0,0.3203379787747796,-0.3203379787747796,True
2025-07-22 18:00:00,-1.896,-1.896,0.0,0.1702004549955021,-0.1702004549955021,True
2025-07-22 19:00:00,-1.898,-1.898,0.0,0.0296510135972178,-0.0296510135972178,True
2025-07-22 20:00:00,-1.898,-1.898,0.0,0.0,0.0,True
2025-07-22 21:00:00,-1.898,-1.898,0.0,0.0,0.0,True
2025-07-22 22:00:00,-1.898,-1.898,0.0,0.0,0.0,True
2025-07-22 23:00:00,-1.899,-1.899,0.0,0.0,0.0,True
2025-07-23 00:00:00,-1.896,-1.896,0.0,0.0,0.0,True
2025-07-23 01:00:00,-1.896,-1.896,0.0,0.0,0.0,True
2025-07-23 02:00:00,-1.895,-1.895,0.0,0.0,0.0,True
2025-07-23 03:00:00,-1.896,-1.896,0.0,0.0,0.0,True
2025-07-23 04:00:00,-1.896,-1.896,0.0,0.0664480664585381,-0.0664480664585381,True
2025-07-23 05:00:00,-1.895,-1.895,0.0,0.2107322744104199,-0.2107322744104199,True
2025-07-23 06:00:00,-1.895,-1.895,0.0,0.2360853393806234,-0.2360853393806234,True
2025-07-23 07:00:00,-1.894,-1.894,0.0,0.2584061886292311,-0.2584061886292311,True
2025-07-23 08:00:00,-1.894,-1.894,0.0,0.418933476459921,-0.418933476459921,True
2025-07-23 09:00:00,,,0.0,0.5688852012341971,-0.5688852012341971,True
2025-07-23 10:00:00,-1.899,-1.899,0.0,0.7872055815623026,-0.7872055815623026,True
2025-07-23 11:00:00,-1.9,-1.9,0.0,1.003714518711674,-1.003714518711674,True
2025-07-23 12:00:00,-1.901,-1.901,0.0,0.9837323510713712,-0.9837323510713712,True
2025-07-23 13:00:00,-1.903,-1.903,0.0,1.0481226071375935,-1.0481226071375935,True
2025-07-23 14:00:00,-1.902,-1.902,0.0,0.6339611662589182,-0.6339611662589182,True
2025-07-23 15:00:00,-1.903,-1.903,0.0,0.5700454211313226,-0.5700454211313226,True
2025-07-23 16:00:00,-1.906,-1.906,0.0,0.5500970122609378,-0.5500970122609378,True
2025-07-23 17:00:00,-1.904,-1.904,0.0,0.3336909483523231,-0.3336909483523231,True
2025-07-23 18:00:00,-1.903,-1.903,0.0,0.1684871688316996,-0.1684871688316996,True
2025-07-23 19:00:00,-1.903,-1.903,0.0,0.0256590912824852,-0.0256590912824852,True
2025-07-23 20:00:00,-1.904,-1.904,0.0,0.0,0.0,True
2025-07-23 21:00:00,-1.902,-1.902,0.0,0.0,0.0,True
2025-07-23 22:00:00,-1.904,-1.904,0.0,0.0,0.0,True
2025-07-23 23:00:00,-1.904,-1.904,0.0,0.0,0.0,True
2025-07-24 00:00:00,-1.904,-1.904,0.0,0.0,0.0,True
2025-07-24 01:00:00,-1.904,-1.904,0.0,0.0,0.0,True
2025-07-24 02:00:00,-1.904,-1.904,0.0,0.0,0.0,True
2025-07-24 03:00:00,-1.903,-1.903,0.0,0.0041613811172944,-0.0041613811172944,True
2025-07-24 04:00:00,-1.903,-1.903,0.0,0.062546068533238,-0.062546068533238,True
2025-07-24 05:00:00,-1.903,-1.903,0.0,0.2978240818099613,-0.2978240818099613,True
2025-07-24 06:00:00,-1.903,-1.903,0.0,0.3673752386041799,-0.3673752386041799,True
2025-07-24 07:00:00,-1.902,-1.902,0.0,0.6484219256872967,-0.6484219256872967,True
2025-07-24 08:00:00,-1.89,-1.89,0.0,0.5528133455759878,-0.5528133455759878,True
2025-07-24 09:00:00,-1.8895,-1.8895,0.0,0.8523694494811361,-0.8523694494811361,True
2025-07-24 10:00:00,-1.899,-1.899,0.0,1.0486661520023275,-1.0486661520023275,True
2025-07-24 11:00:00,-1.899,-1.899,0.0,1.2827212614196315,-1.2827212614196315,True
2025-07-24 12:00:00,-1.9,-1.9,0.0,1.4247758365757217,-1.4247758365757217,True
2025-07-24 13:00:00,-1.9,-1.9,0.0,1.3033993667654984,-1.3033993667654984,True
2025-07-24 14:00:00,-1.9,-1.9,0.0,1.1176652167516643,-1.1176652167516643,True
2025-07-24 15:00:00,-1.901,-1.901,0.0,1.0330990357898435,-1.0330990357898435,True
2025-07-24 16:00:00,-1.901,-1.901,0.0,0.6578131300238769,-0.6578131300238769,True
2025-07-24 17:00:00,-1.902,-1.902,0.0,0.2674043466765453,-0.2674043466765453,True
2025-07-24 18:00:00,-1.902,-1.902,0.0,0.101802776962604,-0.101802776962604,True
2025-07-24 19:00:00,-1.902,-1.902,0.0,0.0132555630530072,-0.0132555630530072,True
2025-07-24 20:00:00,-1.902,-1.902,0.0,0.0,0.0,True
2025-07-24 21:00:00,-1.902,-1.902,0.0,0.0,0.0,True
2025-07-24 22:00:00,-1.904,-1.904,0.0,0.0,0.0,True
2025-07-24 23:00:00,-1.886,-1.886,0.0,0.0,0.0,True
2025-07-25 00:00:00,-1.882,-1.882,0.0,0.0,0.0,True
2025-07-25 01:00:00,-1.876,-1.876,0.0,0.0,0.0,True
2025-07-25 02:00:00,-1.873,-1.873,0.0,0.0,0.0,True
2025-07-25 03:00:00,-1.869,-1.869,0.0,0.0,0.0,True
2025-07-25 04:00:00,-1.867,-1.867,0.0,0.0257557907849495,-0.0257557907849495,True
2025-07-25 05:00:00,-1.863,-1.863,0.0,0.0732472968359119,-0.0732472968359119,True
2025-07-25 06:00:00,-1.86,-1.86,0.0,0.1075164665359285,-0.1075164665359285,True
2025-07-25 07:00:00,-1.859,-1.859,0.0,0.204744052861113,-0.204744052861113,True
2025-07-25 08:00:00,-1.859,-1.859,0.0,0.3540966155221011,-0.3540966155221011,True
2025-07-25 09:00:00,-1.855,-1.855,0.0,0.2709325067845502,-0.2709325067845502,True
2025-07-25 10:00:00,-1.854,-1.854,0.0,0.5106528578007754,-0.5106528578007754,True
2025-07-25 11:00:00,-1.853,-1.853,0.0,0.6142799630683589,-0.6142799630683589,True
2025-07-25 12:00:00,-1.85,-1.85,0.0,0.7435723404811774,-0.7435723404811774,True
2025-07-25 13:00:00,-1.852,-1.852,0.0,0.9225580638768311,-0.9225580638768311,True
2025-07-25 14:00:00,-1.85,-1.85,0.0,0.8622366138685806,-0.8622366138685806,True
2025-07-25 15:00:00,-1.85,-1.85,0.0,0.8780325349266683,-0.8780325349266683,True
2025-07-25 16:00:00,-1.849,-1.849,0.0,0.6395405430787693,-0.6395405430787693,True
2025-07-25 17:00:00,-1.846,-1.846,0.0,0.4538915952240933,-0.4538915952240933,True
2025-07-25 18:00:00,-1.845,-1.845,0.0,0.2198593284386725,-0.2198593284386725,True
2025-07-25 19:00:00,-1.841,-1.841,0.0,0.0215433225987976,-0.0215433225987976,True
2025-07-25 20:00:00,-1.841,-1.841,0.0,0.0,0.0,True
2025-07-25 21:00:00,-1.84,-1.84,0.0,0.0,0.0,True
2025-07-25 22:00:00,-1.838,-1.838,0.0,0.0,0.0,True
2025-07-25 23:00:00,-1.836,-1.836,0.0,0.0,0.0,True
2025-07-26 00:00:00,-1.836,-1.836,0.0,0.0,0.0,True
2025-07-26 01:00:00,-1.835,-1.835,0.0,0.0,0.0,True
2025-07-26 02:00:00,-1.835,-1.835,0.0,0.0,0.0,True
2025-07-26 03:00:00,-1.833,-1.833,0.0,0.0041446070699286,-0.0041446070699286,True
2025-07-26 04:00:00,-1.832,-1.832,0.0,0.0546385075849238,-0.0546385075849238,True
2025-07-26 05:00:00,-1.831,-1.831,0.0,0.1670987747486076,-0.1670987747486076,True
2025-07-26 06:00:00,-1.83,-1.83,0.0,0.4307448067369911,-0.4307448067369911,True
2025-07-26 07:00:00,-1.83,-1.83,0.0,0.5149111455131832,-0.5149111455131832,True
2025-07-26 08:00:00,-1.83,-1.83,0.0,0.7388306171815744,-0.7388306171815744,True
2025-07-26 09:00:00,-1.829,-1.829,0.0,1.1240765825055343,-1.1240765825055343,True
2025-07-26 10:00:00,-1.832,-1.832,0.0,0.7317359371749577,-0.7317359371749577,True
2025-07-26 11:00:00,-1.834,-1.834,0.0,0.4826880427607338,-0.4826880427607338,True
2025-07-26 12:00:00,-1.837,-1.837,0.0,0.3442380835361309,-0.3442380835361309,True
2025-07-26 13:00:00,-1.839,-1.839,0.0,0.5303040189309655,-0.5303040189309655,True
2025-07-26 14:00:00,-1.839,-1.839,0.0,0.3711931473546883,-0.3711931473546883,True
2025-07-26 15:00:00,-1.839,-1.839,0.0,0.3494965283225518,-0.3494965283225518,True
2025-07-26 16:00:00,-1.841,-1.841,0.0,0.2660508912538792,-0.2660508912538792,True
2025-07-26 17:00:00,-1.841,-1.841,0.0,0.189704106241699,-0.189704106241699,True
2025-07-26 18:00:00,-1.841,-1.841,0.0,0.0939093823409188,-0.0939093823409188,True
2025-07-26 19:00:00,-1.842,-1.842,0.0,0.0088370420353381,-0.0088370420353381,True
2025-07-26 20:00:00,-1.843,-1.843,0.0,0.0,0.0,True
2025-07-26 21:00:00,-1.844,-1.844,0.8,0.0,0.8,True
2025-07-26 22:00:00,-1.844,-1.844,0.1,0.0,0.1,True
2025-07-26 23:00:00,-1.845,-1.845,0.3,0.0,0.3,True
2025-07-27 00:00:00,-1.847,-1.847,0.5,0.0,0.5,True
2025-07-27 01:00:00,-1.847,-1.847,0.0,0.0,0.0,True
2025-07-27 02:00:00,-1.848,-1.848,0.0,0.0,0.0,True
2025-07-27 03:00:00,-1.847,-1.847,0.0,0.0,0.0,True
2025-07-27 04:00:00,-1.847,-1.847,0.0,0.0617894355218495,-0.0617894355218495,True
2025-07-27 05:00:00,-1.848,-1.848,0.0,0.2343173305633811,-0.2343173305633811,True
2025-07-27 06:00:00,-1.849,-1.849,0.0,0.4058626234508128,-0.4058626234508128,True
2025-07-27 07:00:00,-1.851,-1.851,0.0,0.4940304324076008,-0.4940304324076008,True
2025-07-27 08:00:00,-1.852,-1.852,0.0,0.4940304324076008,-0.4940304324076008,True
2025-07-27 09:00:00,-1.854,-1.854,0.0,0.7645847315174088,-0.7645847315174088,True
2025-07-27 10:00:00,-1.855,-1.855,0.0,1.0860836533711251,-1.0860836533711251,True
2025-07-27 11:00:00,-1.857,-1.857,0.0,1.0807200476558725,-1.0807200476558725,True
2025-07-27 12:00:00,-1.857,-1.857,0.0,1.3367875278590269,-1.3367875278590269,True
2025-07-27 13:00:00,-1.858,-1.858,0.0,1.2639114960590456,-1.2639114960590456,True
2025-07-27 14:00:00,-1.858,-1.858,0.0,0.7452661316638177,-0.7452661316638177,True
2025-07-27 15:00:00,-1.858,-1.858,0.0,0.7226823094921868,-0.7226823094921868,True
2025-07-27 16:00:00,-1.859,-1.859,0.0,0.5357181643373148,-0.5357181643373148,True
2025-07-27 17:00:00,-1.86,-1.86,0.0,0.375987762717289,-0.375987762717289,True
2025-07-27 18:00:00,-1.863,-1.863,0.0,0.1413912709411295,-0.1413912709411295,True
2025-07-27 19:00:00,-1.861,-1.861,0.0,0.0166455244691777,-0.0166455244691777,True
2025-07-27 20:00:00,-1.86,-1.86,0.0,0.0,0.0,True
2025-07-27 21:00:00,-1.86,-1.86,0.0,0.0,0.0,True
2025-07-27 22:00:00,-1.86,-1.86,0.0,0.0,0.0,True
2025-07-27 23:00:00,-1.861,-1.861,0.0,0.0,0.0,True
2025-07-28 00:00:00,-1.863,-1.863,0.0,0.0,0.0,True
2025-07-28 01:00:00,-1.863,-1.863,0.4,0.0,0.4,True
2025-07-28 02:00:00,-1.862,-1.862,0.7,0.0,0.7,True
2025-07-28 03:00:00,-1.863,-1.863,0.0,0.0,0.0,True
2025-07-28 04:00:00,-1.863,-1.863,0.0,0.0331568565594289,-0.0331568565594289,True
2025-07-28 05:00:00,-1.864,-1.864,0.0,0.1561197135741527,-0.1561197135741527,True
2025-07-28 06:00:00,-1.864,-1.864,0.0,0.4679160130958596,-0.4679160130958596,True
2025-07-28 07:00:00,-1.865,-1.865,0.0,0.6065558427268019,-0.6065558427268019,True
2025-07-28 08:00:00,-1.865,-1.865,0.0,0.734487722517495,-0.734487722517495,True
2025-07-28 09:00:00,-1.868,-1.868,0.0,0.7378930099507357,-0.7378930099507357,True
2025-07-28 10:00:00,-1.869,-1.869,0.0,0.6673707891141242,-0.6673707891141242,True
2025-07-28 11:00:00,-1.87,-1.87,0.0,0.7195256737556908,-0.7195256737556908,True
2025-07-28 12:00:00,-1.871,-1.871,0.0,1.1502028438183245,-1.1502028438183245,True
2025-07-28 13:00:00,-1.874,-1.874,0.0,0.9464354236625896,-0.9464354236625896,True
2025-07-28 14:00:00,-1.874,-1.874,0.0,1.1219941622267302,-1.1219941622267302,True
2025-07-28 15:00:00,-1.874,-1.874,0.0,0.8764875685152426,-0.8764875685152426,True
2025-07-28 16:00:00,-1.876,-1.876,0.0,0.5063328815317825,-0.5063328815317825,True
2025-07-28 17:00:00,-1.876,-1.876,0.0,0.3766598681714216,-0.3766598681714216,True
2025-07-28 18:00:00,-1.878,-1.878,0.0,0.1459494811147142,-0.1459494811147142,True
2025-07-28 19:00:00,-1.879,-1.879,0.0,0.0123324562390652,-0.0123324562390652,True
2025-07-28 20:00:00,-1.876,-1.876,0.0,0.0,0.0,True
2025-07-28 21:00:00,-1.878,-1.878,0.0,0.0,0.0,True
2025-07-28 22:00:00,-1.876,-1.876,0.0,0.0,0.0,True
2025-07-28 23:00:00,-1.878,-1.878,0.0,0.0,0.0,True
2025-07-29 00:00:00,-1.878,-1.878,0.0,0.0,0.0,True
2025-07-29 01:00:00,-1.879,-1.879,0.0,0.0,0.0,True
2025-07-29 02:00:00,-1.88,-1.88,0.0,0.0,0.0,True
2025-07-29 03:00:00,-1.879,-1.879,0.0,0.0,0.0,True
2025-07-29 04:00:00,-1.877,-1.877,0.0,0.0679802909562243,-0.0679802909562243,True
2025-07-29 05:00:00,-1.877,-1.877,0.0,0.292838194848311,-0.292838194848311,True
2025-07-29 06:00:00,-1.877,-1.877,0.0,0.4991548703724165,-0.4991548703724165,True
2025-07-29 07:00:00,-1.879,-1.879,0.0,0.7864967411450956,-0.7864967411450956,True
2025-07-29 08:00:00,-1.878,-1.878,0.0,0.9815751475309114,-0.9815751475309114,True
2025-07-29 09:00:00,-1.88,-1.88,0.0,1.1788755173591297,-1.1788755173591297,True
2025-07-29 10:00:00,-1.882,-1.882,0.0,1.3296438664130852,-1.3296438664130852,True
2025-07-29 11:00:00,-1.881,-1.881,0.0,1.402093838495465,-1.402093838495465,True
2025-07-29 12:00:00,-1.881,-1.881,0.0,1.3766543169485803,-1.3766543169485803,True
2025-07-29 13:00:00,-1.884,-1.884,0.0,1.197590194748772,-1.197590194748772,True
2025-07-29 14:00:00,-1.883,-1.883,0.0,0.9912878417720924,-0.9912878417720924,True
2025-07-29 15:00:00,-1.884,-1.884,0.0,0.6818810840251905,-0.6818810840251905,True
2025-07-29 16:00:00,-1.883,-1.883,0.0,0.2983540623211771,-0.2983540623211771,True
2025-07-29 17:00:00,-1.885,-1.885,0.0,0.1960315399734061,-0.1960315399734061,True
2025-07-29 18:00:00,-1.883,-1.883,0.0,0.1201936903297647,-0.1201936903297647,True
2025-07-29 19:00:00,-1.882,-1.882,0.0,0.0041361899258617,-0.0041361899258617,True
2025-07-29 20:00:00,-1.882,-1.882,0.0,0.0,0.0,True
2025-07-29 21:00:00,-1.883,-1.883,0.0,0.0,0.0,True
2025-07-29 22:00:00,-1.884,-1.884,0.0,0.0,0.0,True
2025-07-29 23:00:00,-1.884,-1.884,0.0,0.0,0.0,True
2025-07-30 00:00:00,-1.883,-1.883,0.3,0.0,0.3,True
2025-07-30 01:00:00,-1.883,-1.883,0.0,0.0,0.0,True
2025-07-30 02:00:00,-1.883,-1.883,0.0,0.0,0.0,True
2025-07-30 03:00:00,-1.882,-1.882,0.0,0.0,0.0,True
2025-07-30 04:00:00,-1.88,-1.88,0.0,0.0231941309097082,-0.0231941309097082,True
2025-07-30 05:00:00,-1.88,-1.88,0.0,0.1041968117896334,-0.1041968117896334,True
2025-07-30 06:00:00,-1.881,-1.881,0.0,0.3092177132281291,-0.3092177132281291,True
2025-07-30 07:00:00,-1.88,-1.88,0.0,0.5903048901795535,-0.5903048901795535,True
2025-07-30 08:00:00,-1.881,-1.881,0.0,0.5912683977109527,-0.5912683977109527,True
2025-07-30 09:00:00,-1.883,-1.883,0.0,0.9165225503833972,-0.9165225503833972,True
2025-07-30 10:00:00,-1.883,-1.883,0.0,0.9665842843502768,-0.9665842843502768,True
2025-07-30 11:00:00,-1.883,-1.883,0.0,0.9977606725030024,-0.9977606725030024,True
2025-07-30 12:00:00,-1.886,-1.886,0.0,0.879470653120425,-0.879470653120425,True
2025-07-30 13:00:00,-1.885,-1.885,0.0,0.8437561088312708,-0.8437561088312708,True
2025-07-30 14:00:00,-1.887,-1.887,0.0,0.8317688150195669,-0.8317688150195669,True
2025-07-30 15:00:00,-1.888,-1.888,0.0,0.6284002146898815,-0.6284002146898815,True
2025-07-30 16:00:00,-1.888,-1.888,0.0,0.2391607570335178,-0.2391607570335178,True
2025-07-30 17:00:00,-1.888,-1.888,0.0,0.2185975364635401,-0.2185975364635401,True
2025-07-30 18:00:00,-1.889,-1.889,0.0,0.126102944617673,-0.126102944617673,True
2025-07-30 19:00:00,-1.887,-1.887,0.0,0.0342766717433041,-0.0342766717433041,True
2025-07-30 20:00:00,-1.888,-1.888,0.0,0.0,0.0,True
2025-07-30 21:00:00,-1.889,-1.889,0.0,0.0,0.0,True
2025-07-30 22:00:00,-1.888,-1.888,0.0,0.0,0.0,True
2025-07-30 23:00:00,-1.887,-1.887,0.0,0.0,0.0,True
2025-07-31 00:00:00,-1.886,-1.886,0.0,0.0,0.0,True
2025-07-31 01:00:00,-1.886,-1.886,0.0,0.0,0.0,True
2025-07-31 02:00:00,-1.884,-1.884,0.0,0.0,0.0,True
2025-07-31 03:00:00,-1.884,-1.884,0.0,0.0,0.0,True
2025-07-31 04:00:00,-1.886,-1.886,0.0,0.0545309260009873,-0.0545309260009873,True
2025-07-31 05:00:00,-1.886,-1.886,0.0,0.1199683511015644,-0.1199683511015644,True
2025-07-31 06:00:00,-1.885,-1.885,0.0,0.218205711532695,-0.218205711532695,True
2025-07-31 07:00:00,-1.886,-1.886,0.0,0.28720386614849,-0.28720386614849,True
2025-07-31 08:00:00,-1.887,-1.887,0.0,0.6797851089086084,-0.6797851089086084,True
2025-07-31 09:00:00,-1.89,-1.89,0.0,0.7513398560210928,-0.7513398560210928,True
2025-07-31 10:00:00,-1.893,-1.893,0.0,1.1895637609967489,-1.1895637609967489,True
2025-07-31 11:00:00,-1.894,-1.894,0.0,0.6864847012512529,-0.6864847012512529,True
2025-07-31 12:00:00,-1.892,-1.892,0.0,0.7341117240170975,-0.7341117240170975,True
2025-07-31 13:00:00,-1.892,-1.892,0.0,0.5733646122675372,-0.5733646122675372,True
2025-07-31 14:00:00,-1.892,-1.892,3.3,0.1459494811147142,3.1540505188852856,True
2025-07-31 15:00:00,-1.894,-1.894,2.0,0.2512882292551838,1.748711770744816,True
2025-07-31 16:00:00,-1.892,-1.892,0.0,0.3652637016511909,-0.3652637016511909,True
2025-07-31 17:00:00,-1.888,-1.888,0.0,0.1946075879169946,-0.1946075879169946,True
2025-07-31 18:00:00,-1.887,-1.887,0.0,0.0884355606427955,-0.0884355606427955,True
2025-07-31 19:00:00,-1.887,-1.887,0.0,0.0083227622345888,-0.0083227622345888,True
2025-07-31 20:00:00,-1.889,-1.889,0.0,0.0,0.0,True
2025-07-31 21:00:00,-1.888,-1.888,0.0,0.0,0.0,True
2025-07-31 22:00:00,-1.889,-1.889,0.4,0.0,0.4,True
2025-07-31 23:00:00,-1.888,-1.888,0.0,0.0,0.0,True
2025-08-01 00:00:00,-1.889,-1.889,0.0,0.0,0.0,True
2025-08-01 01:00:00,-1.887,-1.887,0.0,0.0,0.0,True
2025-08-01 02:00:00,-1.887,-1.887,0.0,0.0,0.0,True
2025-08-01 03:00:00,-1.885,-1.885,0.1,0.0,0.1,True
2025-08-01 04:00:00,-1.885,-1.885,1.0,0.0206809496293086,0.9793190503706914,True
2025-08-01 05:00:00,-1.885,-1.885,0.1,0.1044518612733918,-0.004451861273391797,True
2025-08-01 06:00:00,-1.878,-1.878,0.8,0.1920791509696195,0.6079208490303806,True
2025-08-01 07:00:00,-1.872,-1.872,0.6,0.3349112565676241,0.2650887434323759,True
2025-08-01 08:00:00,-1.868,-1.868,1.3,0.4303840752584751,0.8696159247415249,True
2025-08-01 09:00:00,-1.863,-1.863,0.1,0.5377499397003088,-0.43774993970030884,True
2025-08-01 10:00:00,-1.861,-1.861,0.2,0.4503316934393143,-0.2503316934393143,True
2025-08-01 11:00:00,-1.86,-1.86,0.0,0.6924976188284959,-0.6924976188284959,True
2025-08-01 12:00:00,-1.857,-1.857,0.0,0.7428111407306485,-0.7428111407306485,True
2025-08-01 13:00:00,-1.856,-1.856,0.0,0.6394458227096229,-0.6394458227096229,True
2025-08-01 14:00:00,-1.854,-1.854,0.0,0.6348631004889745,-0.6348631004889745,True
2025-08-01 15:00:00,-1.851,-1.851,0.0,0.5314632861501232,-0.5314632861501232,True
2025-08-01 16:00:00,-1.849,-1.849,0.0,0.4080048505652796,-0.4080048505652796,True
2025-08-01 17:00:00,-1.848,-1.848,0.4,0.2678875812989799,0.13211241870102014,True
2025-08-01 18:00:00,,,0.2,0.1038251038414658,0.09617489615853421,True
2025-08-01 19:00:00,-1.844,-1.844,0.0,0.0082892141398572,-0.0082892141398572,True
2025-08-01 20:00:00,-1.84,-1.84,0.6,0.0,0.6,True
2025-08-01 21:00:00,-1.838,-1.838,1.9,0.0,1.9,True
2025-08-01 22:00:00,-1.838,-1.838,1.9,0.0,1.9,True
2025-08-01 23:00:00,-1.836,-1.836,1.4,0.0,1.4,True
2025-08-02 00:00:00,-1.835,-1.835,0.7,0.0,0.7,True
2025-08-02 01:00:00,-1.833,-1.833,0.0,0.0,0.0,True
2025-08-02 02:00:00,-1.831,-1.831,0.0,0.0,0.0,True
2025-08-02 03:00:00,-1.829,-1.829,0.0,0.0,0.0,True
2025-08-02 04:00:00,-1.827,-1.827,1.4,0.0040509291342502,1.3959490708657498,True
2025-08-02 05:00:00,-1.827,-1.827,1.9,0.0366904213939997,1.863309578606,True
2025-08-02 06:00:00,-1.825,-1.825,9.8,0.0245628328325229,9.775437167167478,True
2025-08-02 07:00:00,-1.82,-1.82,3.2,0.0691583485583138,3.1308416514416866,True
2025-08-02 08:00:00,-1.817,-1.817,0.0,0.5179979200223118,-0.5179979200223118,True
2025-08-02 09:00:00,-1.805,-1.805,0.0,0.8059074421128918,-0.8059074421128918,True
2025-08-02 10:00:00,-1.808,-1.808,0.0,0.9985857499932114,-0.9985857499932114,True
2025-08-02 11:00:00,-1.809,-1.809,0.0,0.7309118182024494,-0.7309118182024494,True
2025-08-02 12:00:00,-1.808,-1.808,0.0,0.8827206123237114,-0.8827206123237114,True
2025-08-02 13:00:00,-1.805,-1.805,0.0,0.5408716064839412,-0.5408716064839412,True
2025-08-02 14:00:00,-1.806,-1.806,0.0,0.5314632861501232,-0.5314632861501232,True
2025-08-02 15:00:00,-1.802,-1.802,0.0,0.4183057065560602,-0.4183057065560602,True
2025-08-02 16:00:00,-1.801,-1.801,0.0,0.1681184848766887,-0.1681184848766887,True
2025-08-02 17:00:00,-1.8,-1.8,0.0,0.1414869579880112,-0.1414869579880112,True
2025-08-02 18:00:00,-1.799,-1.799,0.0,0.053879891909072,-0.053879891909072,True
2025-08-02 19:00:00,-1.796,-1.796,0.0,0.004110818746355,-0.004110818746355,True
2025-08-02 20:00:00,-1.795,-1.795,0.0,0.0,0.0,True
2025-08-02 21:00:00,-1.793,-1.793,0.0,0.0,0.0,True
2025-08-02 22:00:00,-1.793,-1.793,0.0,0.0,0.0,True
2025-08-02 23:00:00,-1.793,-1.793,0.0,0.0,0.0,True
2025-08-03 00:00:00,-1.791,-1.791,0.0,0.0,0.0,True
2025-08-03 01:00:00,-1.79,-1.79,0.0,0.0,0.0,True
2025-08-03 02:00:00,-1.79,-1.79,0.0,0.0,0.0,True
2025-08-03 03:00:00,-1.789,-1.789,0.0,0.0,0.0,True
2025-08-03 04:00:00,-1.789,-1.789,0.0,0.0326821542806906,-0.0326821542806906,True
2025-08-03 05:00:00,-1.787,-1.787,0.0,0.2107322744104199,-0.2107322744104199,True
2025-08-03 06:00:00,-1.786,-1.786,0.0,0.4335968249880319,-0.4335968249880319,True
2025-08-03 07:00:00,-1.786,-1.786,0.0,0.5954597359353309,-0.5954597359353309,True
2025-08-03 08:00:00,-1.786,-1.786,0.0,0.9532826657583005,-0.9532826657583005,True
2025-08-03 09:00:00,-1.788,-1.788,0.0,1.1656743116526702,-1.1656743116526702,True
2025-08-03 10:00:00,-1.789,-1.789,0.0,1.1122846485235405,-1.1122846485235405,True
2025-08-03 11:00:00,-1.79,-1.79,0.0,1.2041519104470024,-1.2041519104470024,True
2025-08-03 12:00:00,-1.791,-1.791,0.0,0.8013611500773843,-0.8013611500773843,True
2025-08-03 13:00:00,-1.79,-1.79,0.0,0.6774243449139148,-0.6774243449139148,True
2025-08-03 14:00:00,-1.789,-1.789,0.0,0.7891339994818454,-0.7891339994818454,True
2025-08-03 15:00:00,-1.789,-1.789,0.0,0.3235243539660394,-0.3235243539660394,True
2025-08-03 16:00:00,-1.79,-1.79,0.0,0.1658363407648482,-0.1658363407648482,True
2025-08-03 17:00:00,-1.788,-1.788,0.5,0.0551724135221455,0.4448275864778545,True
2025-08-03 18:00:00,-1.788,-1.788,1.2,0.0127809453034571,1.1872190546965429,True
2025-08-03 19:00:00,-1.787,-1.787,0.1,0.0,0.1,True
2025-08-03 20:00:00,-1.787,-1.787,0.0,0.0,0.0,True
2025-08-03 21:00:00,-1.786,-1.786,0.0,0.0,0.0,True
2025-08-03 22:00:00,-1.786,-1.786,0.0,0.0,0.0,True
2025-08-03 23:00:00,-1.785,-1.785,0.0,0.0,0.0,True
2025-08-04 00:00:00,-1.785,-1.785,0.0,0.0,0.0,True
2025-08-04 01:00:00,-1.783,-1.783,0.0,0.0,0.0,True
2025-08-04 02:00:00,-1.783,-1.783,0.0,0.0,0.0,True
2025-08-04 03:00:00,-1.781,-1.781,0.0,0.0,0.0,True
2025-08-04 04:00:00,-1.78,-1.78,0.0,0.0409380547208715,-0.0409380547208715,True
2025-08-04 05:00:00,-1.78,-1.78,0.0,0.125591721212859,-0.125591721212859,True
2025-08-04 06:00:00,-1.783,-1.783,0.0,0.4080048505652796,-0.4080048505652796,True
2025-08-04 07:00:00,-1.784,-1.784,0.0,0.6207422009588933,-0.6207422009588933,True
2025-08-04 08:00:00,-1.784,-1.784,0.0,0.4784906624037294,-0.4784906624037294,True
2025-08-04 09:00:00,-1.785,-1.785,0.0,0.4083101813861062,-0.4083101813861062,True
2025-08-04 10:00:00,-1.784,-1.784,0.0,0.7890308040488693,-0.7890308040488693,True
2025-08-04 11:00:00,-1.785,-1.785,0.0,0.8176982657935692,-0.8176982657935692,True
2025-08-04 12:00:00,-1.784,-1.784,0.0,0.4490978819846846,-0.4490978819846846,True
2025-08-04 13:00:00,-1.785,-1.785,0.0,0.6207739219873386,-0.6207739219873386,True
2025-08-04 14:00:00,-1.783,-1.783,0.0,0.3916074401079634,-0.3916074401079634,True
2025-08-04 15:00:00,-1.783,-1.783,0.0,0.1488081256165765,-0.1488081256165765,True
2025-08-04 16:00:00,-1.78,-1.78,0.0,0.1080453153232225,-0.1080453153232225,True
2025-08-04 17:00:00,-1.781,-1.781,1.5,0.0438755974001731,1.456124402599827,True
2025-08-04 18:00:00,-1.781,-1.781,0.2,0.0175813287746899,0.1824186712253101,True
2025-08-04 19:00:00,-1.779,-1.779,1.1,0.0,1.1,True
2025-08-04 20:00:00,-1.78,-1.78,0.7,0.0,0.7,True
2025-08-04 21:00:00,-1.78,-1.78,0.0,0.0,0.0,True
2025-08-04 22:00:00,-1.778,-1.778,0.0,0.0,0.0,True
2025-08-04 23:00:00,-1.777,-1.777,0.0,0.0,0.0,True
2025-08-05 00:00:00,-1.776,-1.776,0.0,0.0,0.0,True
2025-08-05 01:00:00,-1.775,-1.775,0.0,0.0,0.0,True
2025-08-05 02:00:00,-1.775,-1.775,0.0,0.0,0.0,True
2025-08-05 03:00:00,-1.773,-1.773,0.0,0.0,0.0,True
2025-08-05 04:00:00,-1.773,-1.773,0.0,0.0234631578272268,-0.0234631578272268,True
2025-08-05 05:00:00,-1.774,-1.774,0.0,0.2084868951107936,-0.2084868951107936,True
2025-08-05 06:00:00,-1.773,-1.773,0.0,0.4524531111728815,-0.4524531111728815,True
2025-08-05 07:00:00,-1.774,-1.774,0.0,0.6610652968137058,-0.6610652968137058,True
2025-08-05 08:00:00,-1.775,-1.775,0.0,0.8073287468632128,-0.8073287468632128,True
2025-08-05 09:00:00,-1.777,-1.777,0.0,0.9301626648836698,-0.9301626648836698,True
2025-08-05 10:00:00,-1.778,-1.778,0.0,0.758371362320604,-0.758371362320604,True
2025-08-05 11:00:00,-1.779,-1.779,0.0,0.8771869603614343,-0.8771869603614343,True
2025-08-05 12:00:00,-1.779,-1.779,0.0,1.0354640986440853,-1.0354640986440853,True
2025-08-05 13:00:00,-1.781,-1.781,0.5,0.829643951467024,-0.32964395146702397,True
2025-08-05 14:00:00,-1.781,-1.781,0.0,0.9723080317913444,-0.9723080317913444,True
2025-08-05 15:00:00,-1.781,-1.781,3.3,0.301941864587906,2.998058135412094,True
2025-08-05 16:00:00,-1.782,-1.782,0.0,0.4311109832873682,-0.4311109832873682,True
2025-08-05 17:00:00,-1.784,-1.784,0.0,0.2527904541068679,-0.2527904541068679,True
2025-08-05 18:00:00,-1.783,-1.783,0.0,0.0752053401168421,-0.0752053401168421,True
2025-08-05 19:00:00,-1.785,-1.785,3.0,0.003901594373894,2.996098405626106,True
2025-08-05 20:00:00,-1.782,-1.782,0.0,0.0,0.0,True
2025-08-05 21:00:00,-1.782,-1.782,0.0,0.0,0.0,True
2025-08-05 22:00:00,-1.782,-1.782,0.0,0.0,0.0,True
2025-08-05 23:00:00,-1.782,-1.782,0.0,0.0,0.0,True
2025-08-06 00:00:00,-1.78,-1.78,0.0,0.0,0.0,True
2025-08-06 01:00:00,-1.781,-1.781,0.0,0.0,0.0,True
2025-08-06 02:00:00,-1.78,-1.78,0.0,0.0,0.0,True
2025-08-06 03:00:00,-1.781,-1.781,0.0,0.0,0.0,True
2025-08-06 04:00:00,-1.779,-1.779,0.0,0.0274360816162438,-0.0274360816162438,True
2025-08-06 05:00:00,-1.78,-1.78,0.0,0.1857488752060415,-0.1857488752060415,True
2025-08-06 06:00:00,-1.78,-1.78,0.0,0.31405835389529,-0.31405835389529,True
2025-08-06 07:00:00,-1.781,-1.781,0.0,0.3756214507850337,-0.3756214507850337,True
2025-08-06 08:00:00,-1.782,-1.782,0.0,0.5847743040630639,-0.5847743040630639,True
2025-08-06 09:00:00,-1.784,-1.784,0.0,0.6992971920301211,-0.6992971920301211,True
2025-08-06 10:00:00,-1.785,-1.785,0.0,0.5515090585292192,-0.5515090585292192,True
2025-08-06 11:00:00,-1.786,-1.786,0.0,1.113980060272408,-1.113980060272408,True
2025-08-06 12:00:00,-1.786,-1.786,0.0,1.27915675334345,-1.27915675334345,True
2025-08-06 13:00:00,-1.787,-1.787,0.0,1.0056653318018922,-1.0056653318018922,True
2025-08-06 14:00:00,-1.787,-1.787,0.0,0.9266794285743478,-0.9266794285743478,True
2025-08-06 15:00:00,-1.788,-1.788,0.0,0.7820782201274266,-0.7820782201274266,True
2025-08-06 16:00:00,-1.788,-1.788,0.0,0.5251977331744556,-0.5251977331744556,True
2025-08-06 17:00:00,-1.788,-1.788,0.0,0.2164456222791863,-0.2164456222791863,True
2025-08-06 18:00:00,-1.788,-1.788,0.0,0.0576701398203928,-0.0576701398203928,True
2025-08-06 19:00:00,-1.786,-1.786,0.0,0.0039372137051489,-0.0039372137051489,True
2025-08-06 20:00:00,-1.785,-1.785,0.0,0.0,0.0,True
2025-08-06 21:00:00,-1.784,-1.784,0.0,0.0,0.0,True
2025-08-06 22:00:00,-1.783,-1.783,0.0,0.0,0.0,True
2025-08-06 23:00:00,-1.784,-1.784,0.0,0.0,0.0,True
2025-08-07 00:00:00,-1.782,-1.782,0.0,0.0,0.0,True
2025-08-07 01:00:00,-1.781,-1.781,0.0,0.0,0.0,True
2025-08-07 02:00:00,-1.781,-1.781,0.0,0.0,0.0,True
2025-08-07 03:00:00,-1.78,-1.78,0.0,0.0,0.0,True
2025-08-07 04:00:00,-1.778,-1.778,0.0,0.0197303653664646,-0.0197303653664646,True
2025-08-07 05:00:00,-1.778,-1.778,0.0,0.1318174624466123,-0.1318174624466123,True
2025-08-07 06:00:00,-1.778,-1.778,0.0,0.255618906069143,-0.255618906069143,True
2025-08-07 07:00:00,-1.777,-1.777,0.0,0.6484614096810546,-0.6484614096810546,True
2025-08-07 08:00:00,-1.778,-1.778,0.0,0.5545125433463779,-0.5545125433463779,True
2025-08-07 09:00:00,-1.782,-1.782,0.0,0.7872055815623026,-0.7872055815623026,True
2025-08-07 10:00:00,-1.78,-1.78,0.0,1.059810042816246,-1.059810042816246,True
2025-08-07 11:00:00,-1.781,-1.781,0.0,0.9910838733296234,-0.9910838733296234,True
2025-08-07 12:00:00,-1.78,-1.78,0.0,0.8365111591405996,-0.8365111591405996,True
2025-08-07 13:00:00,-1.782,-1.782,0.0,0.9199047765388368,-0.9199047765388368,True
2025-08-07 14:00:00,-1.782,-1.782,0.0,0.7376791313661637,-0.7376791313661637,True
2025-08-07 15:00:00,-1.784,-1.784,0.0,0.6984599194003912,-0.6984599194003912,True
2025-08-07 16:00:00,-1.784,-1.784,0.0,0.4252719808440026,-0.4252719808440026,True
2025-08-07 17:00:00,-1.785,-1.785,0.0,0.1651797673373387,-0.1651797673373387,True
2025-08-07 18:00:00,-1.784,-1.784,0.0,0.0791159794861045,-0.0791159794861045,True
2025-08-07 19:00:00,-1.784,-1.784,0.0,0.0042926317974915,-0.0042926317974915,True
2025-08-07 20:00:00,-1.784,-1.784,0.0,0.0,0.0,True
2025-08-07 21:00:00,-1.784,-1.784,0.0,0.0,0.0,True
2025-08-07 22:00:00,-1.782,-1.782,0.0,0.0,0.0,True
2025-08-07 23:00:00,-1.783,-1.783,0.0,0.0,0.0,True
2025-08-08 00:00:00,-1.783,-1.783,0.0,0.0,0.0,True
2025-08-08 01:00:00,-1.783,-1.783,0.0,0.0,0.0,True
2025-08-08 02:00:00,-1.785,-1.785,0.0,0.0,0.0,True
2025-08-08 03:00:00,-1.783,-1.783,0.0,0.0,0.0,True
2025-08-08 04:00:00,-1.784,-1.784,0.0,0.025995334060881,-0.025995334060881,True
2025-08-08 05:00:00,-1.785,-1.785,0.0,0.0698258276904624,-0.0698258276904624,True
2025-08-08 06:00:00,-1.786,-1.786,0.0,0.2487249242612264,-0.2487249242612264,True
2025-08-08 07:00:00,-1.787,-1.787,0.0,0.3314764164671699,-0.3314764164671699,True
2025-08-08 08:00:00,-1.787,-1.787,0.0,0.5655212511223439,-0.5655212511223439,True
2025-08-08 09:00:00,-1.793,-1.793,0.0,1.04377235371892,-1.04377235371892,True
2025-08-08 10:00:00,-1.797,-1.797,0.0,1.1645642554388849,-1.1645642554388849,True
2025-08-08 11:00:00,-1.8,-1.8,0.0,0.90822700353851,-0.90822700353851,True
2025-08-08 12:00:00,-1.802,-1.802,0.0,0.8385080588037932,-0.8385080588037932,True
2025-08-08 13:00:00,-1.809,-1.809,0.0,0.6773959414106661,-0.6773959414106661,True
2025-08-08 14:00:00,-1.808,-1.808,0.0,1.0877950807494656,-1.0877950807494656,True
2025-08-08 15:00:00,-1.813,-1.813,0.0,0.9015109616912932,-0.9015109616912932,True
2025-08-08 16:00:00,-1.814,-1.814,0.0,0.6133081262418991,-0.6133081262418991,True
2025-08-08 17:00:00,-1.817,-1.817,0.0,0.3187502419483424,-0.3187502419483424,True
2025-08-08 18:00:00,-1.818,-1.818,0.0,0.0931113301438339,-0.0931113301438339,True
2025-08-08 19:00:00,-1.818,-1.818,0.0,0.0041946866154605,-0.0041946866154605,True
2025-08-08 20:00:00,-1.817,-1.817,0.0,0.0,0.0,True
2025-08-08 21:00:00,-1.817,-1.817,0.0,0.0,0.0,True
2025-08-08 22:00:00,-1.821,-1.821,0.0,0.0,0.0,True
2025-08-08 23:00:00,-1.822,-1.822,0.0,0.0,0.0,True
2025-08-09 00:00:00,-1.823,-1.823,0.0,0.0,0.0,True
2025-08-09 01:00:00,-1.822,-1.822,0.0,0.0,0.0,True
2025-08-09 02:00:00,-1.822,-1.822,0.0,0.0,0.0,True
2025-08-09 03:00:00,-1.825,-1.825,0.0,0.0,0.0,True
2025-08-09 04:00:00,-1.823,-1.823,0.0,0.0340549634118651,-0.0340549634118651,True
2025-08-09 05:00:00,-1.826,-1.826,0.0,0.1365535124331617,-0.1365535124331617,True
2025-08-09 06:00:00,-1.826,-1.826,0.0,0.2978227496977002,-0.2978227496977002,True
2025-08-09 07:00:00,-1.825,-1.825,0.0,0.6495225895973542,-0.6495225895973542,True
2025-08-09 08:00:00,-1.824,-1.824,0.0,0.8058379767857013,-0.8058379767857013,True
2025-08-09 09:00:00,-1.828,-1.828,0.0,1.0049922819809232,-1.0049922819809232,True
2025-08-09 10:00:00,-1.829,-1.829,0.0,1.0143548861531326,-1.0143548861531326,True
2025-08-09 11:00:00,-1.826,-1.826,0.0,1.2425504085790158,-1.2425504085790158,True
2025-08-09 12:00:00,-1.83,-1.83,0.0,1.129778127287709,-1.129778127287709,True
2025-08-09 13:00:00,-1.832,-1.832,0.0,0.8011299369533544,-0.8011299369533544,True
2025-08-09 14:00:00,-1.834,-1.834,0.0,0.9561578627630096,-0.9561578627630096,True
2025-08-09 15:00:00,-1.835,-1.835,0.0,0.8460197916790264,-0.8460197916790264,True
2025-08-09 16:00:00,-1.834,-1.834,0.0,0.5932631025693528,-0.5932631025693528,True
2025-08-09 17:00:00,-1.835,-1.835,0.0,0.318686953969891,-0.318686953969891,True
2025-08-09 18:00:00,-1.84,-1.84,0.0,0.0806366043785204,-0.0806366043785204,True
2025-08-09 19:00:00,-1.842,-1.842,0.0,0.0,0.0,True
2025-08-09 20:00:00,-1.841,-1.841,0.0,0.0,0.0,True
2025-08-09 21:00:00,-1.841,-1.841,0.0,0.0,0.0,True
2025-08-09 22:00:00,-1.842,-1.842,0.0,0.0,0.0,True
2025-08-09 23:00:00,-1.842,-1.842,0.0,0.0,0.0,True
2025-08-10 00:00:00,-1.843,-1.843,0.0,0.0,0.0,True
2025-08-10 01:00:00,-1.842,-1.842,0.0,0.0,0.0,True
2025-08-10 02:00:00,-1.845,-1.845,0.0,0.0,0.0,True
2025-08-10 03:00:00,-1.846,-1.846,0.0,0.0,0.0,True
2025-08-10 04:00:00,-1.846,-1.846,0.0,0.0229770130777197,-0.0229770130777197,True
2025-08-10 05:00:00,-1.846,-1.846,0.0,0.1619671619926867,-0.1619671619926867,True
2025-08-10 06:00:00,-1.846,-1.846,0.0,0.4248372931700919,-0.4248372931700919,True
2025-08-10 07:00:00,-1.85,-1.85,0.0,0.6763910660343603,-0.6763910660343603,True
2025-08-10 08:00:00,-1.848,-1.848,0.0,0.9213999383049096,-0.9213999383049096,True
2025-08-10 09:00:00,-1.852,-1.852,0.0,1.111822197072292,-1.111822197072292,True
2025-08-10 10:00:00,-1.855,-1.855,0.0,1.277851696383226,-1.277851696383226,True
2025-08-10 11:00:00,-1.856,-1.856,0.0,1.35226644253694,-1.35226644253694,True
2025-08-10 12:00:00,-1.859,-1.859,0.0,1.3416263496456342,-1.3416263496456342,True
2025-08-10 13:00:00,-1.859,-1.859,0.0,1.2332429148817947,-1.2332429148817947,True
2025-08-10 14:00:00,-1.862,-1.862,0.0,1.07663058272239,-1.07663058272239,True
2025-08-10 15:00:00,-1.862,-1.862,0.0,0.858344172335433,-0.858344172335433,True
2025-08-10 16:00:00,-1.863,-1.863,0.0,0.5920895036821453,-0.5920895036821453,True
2025-08-10 17:00:00,-1.862,-1.862,0.0,0.310408501778227,-0.310408501778227,True
2025-08-10 18:00:00,-1.863,-1.863,0.0,0.0863271936734569,-0.0863271936734569,True
2025-08-10 19:00:00,-1.862,-1.862,0.0,0.0,0.0,True
2025-08-10 20:00:00,-1.859,-1.859,0.0,0.0,0.0,True
2025-08-10 21:00:00,-1.86,-1.86,0.0,0.0,0.0,True
2025-08-10 22:00:00,-1.864,-1.864,0.0,0.0,0.0,True
2025-08-10 23:00:00,-1.862,-1.862,0.0,0.0,0.0,True
2025-08-11 00:00:00,-1.861,-1.861,0.0,0.0,0.0,True
2025-08-11 01:00:00,-1.86,-1.86,0.0,0.0,0.0,True
2025-08-11 02:00:00,-1.862,-1.862,0.0,0.0,0.0,True
2025-08-11 03:00:00,-1.859,-1.859,0.0,0.0,0.0,True
2025-08-11 04:00:00,-1.859,-1.859,0.0,0.0256436180826882,-0.0256436180826882,True
2025-08-11 05:00:00,-1.857,-1.857,0.0,0.1741899527727588,-0.1741899527727588,True
2025-08-11 06:00:00,-1.857,-1.857,0.0,0.3830682420699584,-0.3830682420699584,True
2025-08-11 07:00:00,-1.857,-1.857,0.0,0.6658872681568492,-0.6658872681568492,True
2025-08-11 08:00:00,-1.856,-1.856,0.0,0.938640155161497,-0.938640155161497,True
2025-08-11 09:00:00,-1.856,-1.856,0.0,1.128721147088798,-1.128721147088798,True
2025-08-11 10:00:00,-1.857,-1.857,0.0,1.287080339598714,-1.287080339598714,True
2025-08-11 11:00:00,-1.859,-1.859,0.0,1.2714487956811935,-1.2714487956811935,True
2025-08-11 12:00:00,-1.861,-1.861,0.0,1.3119298101072638,-1.3119298101072638,True
2025-08-11 13:00:00,-1.863,-1.863,0.0,1.2390549537927915,-1.2390549537927915,True
2025-08-11 14:00:00,-1.862,-1.862,0.0,1.069508644312681,-1.069508644312681,True
2025-08-11 15:00:00,-1.864,-1.864,0.0,0.8085769524315104,-0.8085769524315104,True
2025-08-11 16:00:00,-1.862,-1.862,0.0,0.5800540998331423,-0.5800540998331423,True
2025-08-11 17:00:00,-1.862,-1.862,0.0,0.2978710441735153,-0.2978710441735153,True
2025-08-11 18:00:00,-1.861,-1.861,0.0,0.0645098799215571,-0.0645098799215571,True
2025-08-11 19:00:00,-1.86,-1.86,0.0,0.0,0.0,True
2025-08-11 20:00:00,-1.858,-1.858,0.0,0.0,0.0,True
2025-08-11 21:00:00,-1.858,-1.858,0.0,0.0,0.0,True
2025-08-11 22:00:00,-1.856,-1.856,0.0,0.0,0.0,True
2025-08-11 23:00:00,-1.858,-1.858,0.0,0.0,0.0,True
2025-08-12 00:00:00,-1.857,-1.857,0.0,0.0,0.0,True
2025-08-12 01:00:00,-1.856,-1.856,0.0,0.0,0.0,True
2025-08-12 02:00:00,-1.857,-1.857,0.0,0.0,0.0,True
2025-08-12 03:00:00,-1.855,-1.855,0.0,0.0,0.0,True
2025-08-12 04:00:00,-1.856,-1.856,0.0,0.008504367660285,-0.008504367660285,True
2025-08-12 05:00:00,-1.853,-1.853,0.0,0.0736534465058297,-0.0736534465058297,True
2025-08-12 06:00:00,-1.851,-1.851,0.0,0.2598058399337278,-0.2598058399337278,True
2025-08-12 07:00:00,-1.852,-1.852,0.0,0.3724147808246903,-0.3724147808246903,True
2025-08-12 08:00:00,-1.851,-1.851,0.0,0.4750378509427688,-0.4750378509427688,True
2025-08-12 09:00:00,-1.854,-1.854,0.0,0.3166919006285126,-0.3166919006285126,True
2025-08-12 10:00:00,-1.854,-1.854,0.0,1.0704876336130256,-1.0704876336130256,True
2025-08-12 11:00:00,-1.856,-1.856,0.0,1.327458903424761,-1.327458903424761,True
2025-08-12 12:00:00,-1.856,-1.856,0.0,0.957359054602518,-0.957359054602518,True
2025-08-12 13:00:00,-1.859,-1.859,0.0,1.2515789901859995,-1.2515789901859995,True
2025-08-12 14:00:00,-1.857,-1.857,0.0,1.098803977076805,-1.098803977076805,True
2025-08-12 15:00:00,-1.858,-1.858,0.0,0.8599700176785096,-0.8599700176785096,True
2025-08-12 16:00:00,-1.858,-1.858,0.0,0.5590778258915405,-0.5590778258915405,True
2025-08-12 17:00:00,-1.858,-1.858,0.0,0.2545345447713875,-0.2545345447713875,True
2025-08-12 18:00:00,-1.857,-1.857,0.0,0.0738953878739058,-0.0738953878739058,True
2025-08-12 19:00:00,-1.856,-1.856,0.0,0.0,0.0,True
2025-08-12 20:00:00,-1.856,-1.856,0.0,0.0,0.0,True
2025-08-12 21:00:00,-1.855,-1.855,0.0,0.0,0.0,True
2025-08-12 22:00:00,-1.854,-1.854,0.0,0.0,0.0,True
2025-08-12 23:00:00,-1.856,-1.856,0.0,0.0,0.0,True
2025-08-13 00:00:00,-1.855,-1.855,0.0,0.0,0.0,True
2025-08-13 01:00:00,-1.855,-1.855,0.0,0.0,0.0,True
2025-08-13 02:00:00,-1.855,-1.855,0.0,0.0,0.0,True
2025-08-13 03:00:00,-1.855,-1.855,0.0,0.0,0.0,True
2025-08-13 04:00:00,-1.854,-1.854,0.0,0.0204263464254316,-0.0204263464254316,True
2025-08-13 05:00:00,-1.855,-1.855,0.0,0.1617621769830197,-0.1617621769830197,True
2025-08-13 06:00:00,-1.855,-1.855,0.0,0.4089125428426323,-0.4089125428426323,True
2025-08-13 07:00:00,-1.854,-1.854,0.0,0.655252745394259,-0.655252745394259,True
2025-08-13 08:00:00,-1.856,-1.856,0.0,0.904638660111689,-0.904638660111689,True
2025-08-13 09:00:00,-1.858,-1.858,0.0,1.120272951327817,-1.120272951327817,True
2025-08-13 10:00:00,-1.861,-1.861,0.0,1.2816275030762991,-1.2816275030762991,True
2025-08-13 11:00:00,-1.863,-1.863,0.0,1.3416008646346047,-1.3416008646346047,True
2025-08-13 12:00:00,-1.866,-1.866,0.0,1.284795788812656,-1.284795788812656,True
2025-08-13 13:00:00,-1.866,-1.866,0.0,1.0504631318543842,-1.0504631318543842,True
2025-08-13 14:00:00,-1.867,-1.867,0.0,0.7655224434826039,-0.7655224434826039,True
2025-08-13 15:00:00,-1.868,-1.868,0.0,0.4363504033354817,-0.4363504033354817,True
2025-08-13 16:00:00,-1.868,-1.868,0.0,0.3462345591683713,-0.3462345591683713,True
2025-08-13 17:00:00,-1.869,-1.869,0.0,0.135565031845726,-0.135565031845726,True
2025-08-13 18:00:00,-1.866,-1.866,0.0,0.0318750241948342,-0.0318750241948342,True
2025-08-13 19:00:00,-1.867,-1.867,0.0,0.0,0.0,True
2025-08-13 20:00:00,-1.867,-1.867,0.0,0.0,0.0,True
2025-08-13 21:00:00,-1.868,-1.868,0.0,0.0,0.0,True
2025-08-13 22:00:00,-1.868,-1.868,0.0,0.0,0.0,True
2025-08-13 23:00:00,-1.869,-1.869,0.0,0.0,0.0,True
2025-08-14 00:00:00,-1.87,-1.87,0.0,0.0,0.0,True
2025-08-14 01:00:00,-1.871,-1.871,0.0,0.0,0.0,True
2025-08-14 02:00:00,-1.872,-1.872,0.0,0.0,0.0,True
2025-08-14 03:00:00,-1.871,-1.871,0.0,0.0,0.0,True
2025-08-14 04:00:00,-1.871,-1.871,0.0,0.0,0.0,True
2025-08-14 05:00:00,-1.871,-1.871,0.1,0.0316691900628512,0.0683308099371488,True
2025-08-14 06:00:00,-1.871,-1.871,0.0,0.1147460278453769,-0.1147460278453769,True
2025-08-14 07:00:00,-1.874,-1.874,0.0,0.5517348616591482,-0.5517348616591482,True
2025-08-14 08:00:00,-1.874,-1.874,0.0,0.8333635378406425,-0.8333635378406425,True
2025-08-14 09:00:00,-1.876,-1.876,0.0,1.0699274398616263,-1.0699274398616263,True
2025-08-14 10:00:00,-1.878,-1.878,0.0,1.2337101219104614,-1.2337101219104614,True
2025-08-14 11:00:00,-1.879,-1.879,0.0,1.2809605134027715,-1.2809605134027715,True
2025-08-14 12:00:00,-1.881,-1.881,0.0,1.2889943461692834,-1.2889943461692834,True
2025-08-14 13:00:00,-1.882,-1.882,0.0,1.1637561589260288,-1.1637561589260288,True
2025-08-14 14:00:00,-1.883,-1.883,0.0,0.9840802199794886,-0.9840802199794886,True
2025-08-14 15:00:00,-1.881,-1.881,0.0,0.7672658095212157,-0.7672658095212157,True
2025-08-14 16:00:00,-1.882,-1.882,0.0,0.4248376464737538,-0.4248376464737538,True
2025-08-14 17:00:00,-1.882,-1.882,0.0,0.2500440964822444,-0.2500440964822444,True
2025-08-14 18:00:00,-1.881,-1.881,0.0,0.0444151650466475,-0.0444151650466475,True
2025-08-14 19:00:00,-1.881,-1.881,0.0,0.0,0.0,True
2025-08-14 20:00:00,-1.881,-1.881,0.0,0.0,0.0,True
2025-08-14 21:00:00,-1.883,-1.883,0.0,0.0,0.0,True
2025-08-14 22:00:00,-1.883,-1.883,0.0,0.0,0.0,True
2025-08-14 23:00:00,-1.884,-1.884,0.0,0.0,0.0,True
2025-08-15 00:00:00,-1.884,-1.884,0.0,0.0,0.0,True
2025-08-15 01:00:00,-1.886,-1.886,0.0,0.0,0.0,True
2025-08-15 02:00:00,-1.886,-1.886,0.0,0.0,0.0,True
2025-08-15 03:00:00,-1.886,-1.886,0.0,0.0,0.0,True
2025-08-15 04:00:00,-1.886,-1.886,0.0,0.0203835674411109,-0.0203835674411109,True
2025-08-15 05:00:00,-1.887,-1.887,0.0,0.1649381310795811,-0.1649381310795811,True
2025-08-15 06:00:00,-1.886,-1.886,0.0,0.4000705543715911,-0.4000705543715911,True
2025-08-15 07:00:00,-1.89,-1.89,0.0,0.6657651441751825,-0.6657651441751825,True
2025-08-15 08:00:00,-1.892,-1.892,0.0,0.870481749355877,-0.870481749355877,True
2025-08-15 09:00:00,-1.895,-1.895,0.0,1.1061738560285828,-1.1061738560285828,True
2025-08-15 10:00:00,-1.897,-1.897,0.0,1.0330786673042271,-1.0330786673042271,True
2025-08-15 11:00:00,-1.897,-1.897,0.0,1.2060478376220345,-1.2060478376220345,True
2025-08-15 12:00:00,-1.897,-1.897,0.0,1.3239834880263892,-1.3239834880263892,True
2025-08-15 13:00:00,-1.898,-1.898,0.0,1.2377328673199115,-1.2377328673199115,True
2025-08-15 14:00:00,-1.898,-1.898,0.0,1.0412260484680562,-1.0412260484680562,True
2025-08-15 15:00:00,-1.897,-1.897,0.0,0.8168489453602757,-0.8168489453602757,True
2025-08-15 16:00:00,-1.897,-1.897,0.0,0.5025356078598231,-0.5025356078598231,True
2025-08-15 17:00:00,-1.895,-1.895,0.0,0.1369741515477413,-0.1369741515477413,True
2025-08-15 18:00:00,-1.896,-1.896,0.0,0.0352246659374674,-0.0352246659374674,True
2025-08-15 19:00:00,-1.895,-1.895,0.0,0.0,0.0,True
2025-08-15 20:00:00,-1.895,-1.895,0.0,0.0,0.0,True
2025-08-15 21:00:00,-1.896,-1.896,0.0,0.0,0.0,True
2025-08-15 22:00:00,-1.895,-1.895,0.0,0.0,0.0,True
2025-08-15 23:00:00,-1.895,-1.895,0.0,0.0,0.0,True
2025-08-16 00:00:00,-1.896,-1.896,0.0,0.0,0.0,True
2025-08-16 01:00:00,-1.896,-1.896,0.0,0.0,0.0,True
2025-08-16 02:00:00,-1.896,-1.896,0.0,0.0,0.0,True
2025-08-16 03:00:00,-1.896,-1.896,0.0,0.0,0.0,True
2025-08-16 04:00:00,-1.897,-1.897,0.0,0.008569167935826,-0.008569167935826,True
2025-08-16 05:00:00,-1.897,-1.897,0.0,0.0473072452758085,-0.0473072452758085,True
2025-08-16 06:00:00,-1.897,-1.897,0.0,0.0901452677473235,-0.0901452677473235,True
2025-08-16 07:00:00,-1.897,-1.897,0.0,0.1812992720078091,-0.1812992720078091,True
2025-08-16 08:00:00,-1.895,-1.895,0.0,0.2339580065479298,-0.2339580065479298,True
2025-08-16 09:00:00,-1.897,-1.897,0.0,0.4006805750386921,-0.4006805750386921,True
2025-08-16 10:00:00,-1.899,-1.899,0.0,0.6228794031731827,-0.6228794031731827,True
2025-08-16 11:00:00,-1.898,-1.898,0.0,0.7825781861743237,-0.7825781861743237,True
2025-08-16 12:00:00,-1.898,-1.898,0.0,0.9528164980659304,-0.9528164980659304,True
2025-08-16 13:00:00,-1.9,-1.9,0.0,0.655140649357536,-0.655140649357536,True
2025-08-16 14:00:00,-1.9,-1.9,0.0,0.8242116301345848,-0.8242116301345848,True
2025-08-16 15:00:00,-1.901,-1.901,0.0,0.6032130327663335,-0.6032130327663335,True
2025-08-16 16:00:00,-1.9,-1.9,0.0,0.5189535677786522,-0.5189535677786522,True
2025-08-16 17:00:00,-1.901,-1.901,0.0,0.2499156860336933,-0.2499156860336933,True
2025-08-16 18:00:00,-1.901,-1.901,0.0,0.0524373565533775,-0.0524373565533775,True
2025-08-16 19:00:00,-1.9,-1.9,0.0,0.0,0.0,True
2025-08-16 20:00:00,-1.9,-1.9,0.0,0.0,0.0,True
2025-08-16 21:00:00,-1.901,-1.901,0.0,0.0,0.0,True
2025-08-16 22:00:00,-1.9,-1.9,0.0,0.0,0.0,True
2025-08-16 23:00:00,-1.9,-1.9,0.0,0.0,0.0,True
2025-08-17 00:00:00,-1.899,-1.899,0.0,0.0,0.0,True
2025-08-17 01:00:00,-1.899,-1.899,0.0,0.0,0.0,True
2025-08-17 02:00:00,-1.899,-1.899,0.0,0.0,0.0,True
2025-08-17 03:00:00,-1.898,-1.898,0.0,0.0,0.0,True
2025-08-17 04:00:00,-1.897,-1.897,0.0,0.0040162797774459,-0.0040162797774459,True
2025-08-17 05:00:00,-1.897,-1.897,0.0,0.0287162538697841,-0.0287162538697841,True
2025-08-17 06:00:00,-1.896,-1.896,0.0,0.1125829233598285,-0.1125829233598285,True
2025-08-17 07:00:00,-1.898,-1.898,0.0,0.3834283591037146,-0.3834283591037146,True
2025-08-17 08:00:00,-1.898,-1.898,0.0,0.7617334008977333,-0.7617334008977333,True
2025-08-17 09:00:00,-1.897,-1.897,0.0,0.5387112068033124,-0.5387112068033124,True
2025-08-17 10:00:00,-1.898,-1.898,0.0,0.5025764585103677,-0.5025764585103677,True
2025-08-17 11:00:00,-1.898,-1.898,0.0,0.5406258598217146,-0.5406258598217146,True
2025-08-17 12:00:00,-1.898,-1.898,0.0,0.4051318492783726,-0.4051318492783726,True
2025-08-17 13:00:00,-1.899,-1.899,0.0,0.3935397888988113,-0.3935397888988113,True
2025-08-17 14:00:00,-1.9,-1.9,0.0,0.2734500594214107,-0.2734500594214107,True
2025-08-17 15:00:00,-1.901,-1.901,0.0,0.2466266621482672,-0.2466266621482672,True
2025-08-17 16:00:00,-1.9,-1.9,0.0,0.257075038074781,-0.257075038074781,True
2025-08-17 17:00:00,-1.9,-1.9,0.0,0.110768192629962,-0.110768192629962,True
2025-08-17 18:00:00,-1.9,-1.9,0.0,0.0252177727315033,-0.0252177727315033,True
2025-08-17 19:00:00,-1.9,-1.9,0.0,0.0,0.0,True
2025-08-17 20:00:00,-1.901,-1.901,0.0,0.0,0.0,True
2025-08-17 21:00:00,-1.902,-1.902,0.0,0.0,0.0,True
2025-08-17 22:00:00,-1.9,-1.9,0.0,0.0,0.0,True
2025-08-17 23:00:00,-1.901,-1.901,0.0,0.0,0.0,True
2025-08-18 00:00:00,-1.901,-1.901,0.0,0.0,0.0,True
2025-08-18 01:00:00,-1.901,-1.901,0.0,0.0,0.0,True
2025-08-18 02:00:00,-1.901,-1.901,0.0,0.0,0.0,True
2025-08-18 03:00:00,-1.902,-1.902,0.0,0.0,0.0,True
2025-08-18 04:00:00,-1.901,-1.901,0.0,0.0041277527823564,-0.0041277527823564,True
2025-08-18 05:00:00,-1.9,-1.9,0.0,0.0669822513135248,-0.0669822513135248,True
2025-08-18 06:00:00,-1.902,-1.902,0.0,0.1499604388769556,-0.1499604388769556,True
2025-08-18 07:00:00,-1.902,-1.902,0.0,0.1996619481489666,-0.1996619481489666,True
2025-08-18 08:00:00,-1.902,-1.902,0.0,0.4921598879031226,-0.4921598879031226,True
2025-08-18 09:00:00,-1.902,-1.902,0.0,0.8410574154402768,-0.8410574154402768,True
2025-08-18 10:00:00,-1.904,-1.904,0.0,0.9561820275641204,-0.9561820275641204,True
2025-08-18 11:00:00,-1.904,-1.904,0.0,1.2751266365192897,-1.2751266365192897,True
2025-08-18 12:00:00,-1.906,-1.906,0.0,1.0717702908620812,-1.0717702908620812,True
2025-08-18 13:00:00,-1.906,-1.906,0.0,1.048597397875861,-1.048597397875861,True
2025-08-18 14:00:00,-1.908,-1.908,0.0,0.9971770708953744,-0.9971770708953744,True
2025-08-18 15:00:00,-1.907,-1.907,0.0,0.7829163642974643,-0.7829163642974643,True
2025-08-18 16:00:00,-1.906,-1.906,0.0,0.5182732181631976,-0.5182732181631976,True
2025-08-18 17:00:00,-1.906,-1.906,0.0,0.2495773902314423,-0.2495773902314423,True
2025-08-18 18:00:00,-1.905,-1.905,0.0,0.0521805288073129,-0.0521805288073129,True
2025-08-18 19:00:00,-1.903,-1.903,0.0,0.0,0.0,True
2025-08-18 20:00:00,-1.903,-1.903,0.0,0.0,0.0,True
2025-08-18 21:00:00,-1.904,-1.904,0.0,0.0,0.0,True
2025-08-18 22:00:00,-1.904,-1.904,0.0,0.0,0.0,True
2025-08-18 23:00:00,-1.904,-1.904,0.0,0.0,0.0,True
2025-08-19 00:00:00,-1.903,-1.903,0.0,0.0,0.0,True
2025-08-19 01:00:00,-1.902,-1.902,0.0,0.0,0.0,True
2025-08-19 02:00:00,-1.903,-1.903,0.0,0.0,0.0,True
2025-08-19 03:00:00,-1.902,-1.902,0.0,0.0,0.0,True
2025-08-19 04:00:00,-1.904,-1.904,0.0,0.0118382192198787,-0.0118382192198787,True
2025-08-19 05:00:00,-1.901,-1.901,0.0,0.1524909270714061,-0.1524909270714061,True
2025-08-19 06:00:00,-1.903,-1.903,0.0,0.3877068235029587,-0.3877068235029587,True
2025-08-19 07:00:00,-1.904,-1.904,0.0,0.6281695098247788,-0.6281695098247788,True
2025-08-19 08:00:00,-1.904,-1.904,0.0,0.8578551149735364,-0.8578551149735364,True
2025-08-19 09:00:00,-1.904,-1.904,0.0,1.0727774443111011,-1.0727774443111011,True
2025-08-19 10:00:00,-1.905,-1.905,0.0,1.2192816743359631,-1.2192816743359631,True
2025-08-19 11:00:00,-1.906,-1.906,0.0,1.2931133830307702,-1.2931133830307702,True
2025-08-19 12:00:00,-1.907,-1.907,0.0,1.2467882126838603,-1.2467882126838603,True
2025-08-19 13:00:00,-1.909,-1.909,0.0,1.10759174996931,-1.10759174996931,True
2025-08-19 14:00:00,-1.909,-1.909,0.0,0.9637699126658412,-0.9637699126658412,True
2025-08-19 15:00:00,-1.91,-1.91,0.0,0.7691089015263876,-0.7691089015263876,True
2025-08-19 16:00:00,-1.911,-1.911,0.0,0.5054632022723349,-0.5054632022723349,True
2025-08-19 17:00:00,-1.911,-1.911,0.0,0.2399367022031289,-0.2399367022031289,True
2025-08-19 18:00:00,-1.911,-1.911,0.0,0.0415300415365863,-0.0415300415365863,True
2025-08-19 19:00:00,-1.91,-1.91,0.0,0.0,0.0,True
2025-08-19 20:00:00,-1.909,-1.909,0.0,0.0,0.0,True
2025-08-19 21:00:00,-1.911,-1.911,0.0,0.0,0.0,True
2025-08-19 22:00:00,-1.91,-1.91,0.0,0.0,0.0,True
2025-08-19 23:00:00,-1.91,-1.91,0.0,0.0,0.0,True
2025-08-20 00:00:00,-1.911,-1.911,0.0,0.0,0.0,True
2025-08-20 01:00:00,-1.911,-1.911,0.0,0.0,0.0,True
2025-08-20 02:00:00,-1.91,-1.91,0.0,0.0,0.0,True
2025-08-20 03:00:00,-1.91,-1.91,0.0,0.0,0.0,True
2025-08-20 04:00:00,-1.91,-1.91,0.0,0.0039813260452673,-0.0039813260452673,True
2025-08-20 05:00:00,-1.91,-1.91,0.0,0.078266618327676,-0.078266618327676,True
2025-08-20 06:00:00,-1.91,-1.91,0.0,0.2033212360952081,-0.2033212360952081,True
2025-08-20 07:00:00,-1.91,-1.91,0.0,0.4263472227862302,-0.4263472227862302,True
2025-08-20 08:00:00,-1.913,-1.913,0.0,0.5572200869821985,-0.5572200869821985,True
2025-08-20 09:00:00,-1.914,-1.914,0.0,0.879470653120425,-0.879470653120425,True
2025-08-20 10:00:00,-1.913,-1.913,0.0,0.7250486163131827,-0.7250486163131827,True
2025-08-20 11:00:00,-1.915,-1.915,0.0,1.0510736150636533,-1.0510736150636533,True
2025-08-20 12:00:00,-1.917,-1.917,0.0,0.9804607561340388,-0.9804607561340388,True
2025-08-20 13:00:00,-1.916,-1.916,0.0,0.9954183535341364,-0.9954183535341364,True
2025-08-20 14:00:00,-1.917,-1.917,0.0,0.6650584908651523,-0.6650584908651523,True
2025-08-20 15:00:00,-1.916,-1.916,0.0,0.5671947332913804,-0.5671947332913804,True
2025-08-20 16:00:00,-1.918,-1.918,0.0,0.490705807092969,-0.490705807092969,True
2025-08-20 17:00:00,-1.916,-1.916,0.0,0.2360853393806234,-0.2360853393806234,True
2025-08-20 18:00:00,-1.915,-1.915,0.0,0.0506334206186441,-0.0506334206186441,True
2025-08-20 19:00:00,-1.918,-1.918,0.0,0.0,0.0,True
2025-08-20 20:00:00,-1.917,-1.917,0.0,0.0,0.0,True
2025-08-20 21:00:00,-1.916,-1.916,0.0,0.0,0.0,True
2025-08-20 22:00:00,-1.918,-1.918,0.0,0.0,0.0,True
2025-08-20 23:00:00,-1.916,-1.916,0.0,0.0,0.0,True
2025-08-21 00:00:00,-1.917,-1.917,0.0,0.0,0.0,True
2025-08-21 01:00:00,-1.915,-1.915,0.0,0.0,0.0,True
2025-08-21 02:00:00,-1.918,-1.918,0.0,0.0,0.0,True
2025-08-21 03:00:00,-1.916,-1.916,0.0,0.0,0.0,True
2025-08-21 04:00:00,-1.918,-1.918,0.0,0.0119702782136645,-0.0119702782136645,True
2025-08-21 05:00:00,-1.917,-1.917,0.0,0.0898759242718994,-0.0898759242718994,True
2025-08-21 06:00:00,-1.917,-1.917,0.0,0.158132482457189,-0.158132482457189,True
2025-08-21 07:00:00,-1.916,-1.916,0.0,0.3188411744622048,-0.3188411744622048,True
2025-08-21 08:00:00,-1.916,-1.916,0.0,0.5975380386935457,-0.5975380386935457,True
2025-08-21 09:00:00,-1.925,-1.925,0.0,0.721830648501163,-0.721830648501163,True
2025-08-21 10:00:00,-1.929,-1.929,0.0,0.6720735915207009,-0.6720735915207009,True
2025-08-21 11:00:00,-1.924,-1.924,0.0,0.7623448776743571,-0.7623448776743571,True
2025-08-21 12:00:00,-1.925,-1.925,0.0,0.9931875215342294,-0.9931875215342294,True
2025-08-21 13:00:00,-1.927,-1.927,0.0,0.7000902355071654,-0.7000902355071654,True
2025-08-21 14:00:00,-1.928,-1.928,0.0,0.6339328557442665,-0.6339328557442665,True
2025-08-21 15:00:00,-1.93,-1.93,0.0,0.4371080606793906,-0.4371080606793906,True
2025-08-21 16:00:00,-1.93,-1.93,0.0,0.3826965447128285,-0.3826965447128285,True
2025-08-21 17:00:00,-1.929,-1.929,0.0,0.1238325834706943,-0.1238325834706943,True
2025-08-21 18:00:00,-1.931,-1.931,0.0,0.0162725526019561,-0.0162725526019561,True
2025-08-21 19:00:00,-1.932,-1.932,0.0,0.0,0.0,True
2025-08-21 20:00:00,-1.931,-1.931,0.0,0.0,0.0,True
2025-08-21 21:00:00,-1.932,-1.932,0.0,0.0,0.0,True
2025-08-21 22:00:00,-1.934,-1.934,0.0,0.0,0.0,True
2025-08-21 23:00:00,-1.935,-1.935,0.0,0.0,0.0,True
2025-08-22 00:00:00,-1.936,-1.936,0.0,0.0,0.0,True
2025-08-22 01:00:00,-1.937,-1.937,0.0,0.0,0.0,True
2025-08-22 02:00:00,-1.936,-1.936,0.0,0.0,0.0,True
2025-08-22 03:00:00,-1.936,-1.936,0.1,0.0,0.1,True
2025-08-22 04:00:00,-1.937,-1.937,0.2,0.0,0.2,True
2025-08-22 05:00:00,-1.936,-1.936,0.0,0.0315685845863433,-0.0315685845863433,True
2025-08-22 06:00:00,-1.937,-1.937,0.0,0.1258458436036119,-0.1258458436036119,True
2025-08-22 07:00:00,-1.938,-1.938,0.0,0.4464793021649666,-0.4464793021649666,True
2025-08-22 08:00:00,-1.938,-1.938,0.1,0.2546646227748038,-0.15466462277480378,True
2025-08-22 09:00:00,-1.94,-1.94,0.0,0.4781942741625046,-0.4781942741625046,True
2025-08-22 10:00:00,-1.938,-1.938,0.0,0.4404420946233595,-0.4404420946233595,True
2025-08-22 11:00:00,-1.941,-1.941,0.0,0.5084224133316239,-0.5084224133316239,True
2025-08-22 12:00:00,-1.943,-1.943,0.0,0.6540150163241534,-0.6540150163241534,True
2025-08-22 13:00:00,-1.942,-1.942,0.0,0.489360024914042,-0.489360024914042,True
2025-08-22 14:00:00,-1.943,-1.943,0.0,0.4346035269766955,-0.4346035269766955,True
2025-08-22 15:00:00,-1.943,-1.943,0.0,0.269517899101853,-0.269517899101853,True
2025-08-22 16:00:00,-1.943,-1.943,0.0,0.0823859140291327,-0.0823859140291327,True
2025-08-22 17:00:00,-1.944,-1.944,0.0,0.0822163749271018,-0.0822163749271018,True
2025-08-22 18:00:00,-1.944,-1.944,0.0,0.0121268867988001,-0.0121268867988001,True
2025-08-22 19:00:00,-1.943,-1.943,0.0,0.0,0.0,True
2025-08-22 20:00:00,-1.943,-1.943,0.2,0.0,0.2,True
2025-08-22 21:00:00,-1.943,-1.943,0.4,0.0,0.4,True
2025-08-22 22:00:00,-1.942,-1.942,0.1,0.0,0.1,True
2025-08-22 23:00:00,-1.939,-1.939,0.1,0.0,0.1,True
2025-08-23 00:00:00,-1.939,-1.939,0.0,0.0,0.0,True
2025-08-23 01:00:00,-1.939,-1.939,0.0,0.0,0.0,True
2025-08-23 02:00:00,-1.938,-1.938,0.0,0.0,0.0,True
2025-08-23 03:00:00,-1.938,-1.938,0.0,0.0,0.0,True
2025-08-23 04:00:00,-1.939,-1.939,0.0,0.0,0.0,True
2025-08-23 05:00:00,-1.941,-1.941,0.0,0.0384762998831761,-0.0384762998831761,True
2025-08-23 06:00:00,-1.941,-1.941,0.0,0.2192153404708079,-0.2192153404708079,True
2025-08-23 07:00:00,-1.94,-1.94,0.0,0.3554184278025112,-0.3554184278025112,True
2025-08-23 08:00:00,-1.942,-1.942,0.0,0.5264021466833066,-0.5264021466833066,True
2025-08-23 09:00:00,-1.941,-1.941,0.0,0.7479209129048193,-0.7479209129048193,True
2025-08-23 10:00:00,-1.943,-1.943,0.0,0.6111405805529968,-0.6111405805529968,True
2025-08-23 11:00:00,-1.943,-1.943,0.0,0.9305527637304148,-0.9305527637304148,True
2025-08-23 12:00:00,-1.944,-1.944,0.0,0.3333366857394072,-0.3333366857394072,True
2025-08-23 13:00:00,-1.951,-1.951,0.0,0.7082560181418701,-0.7082560181418701,True
2025-08-23 14:00:00,-1.95,-1.95,0.0,0.8125378906120339,-0.8125378906120339,True
2025-08-23 15:00:00,-1.949,-1.949,0.0,0.3813279731442585,-0.3813279731442585,True
2025-08-23 16:00:00,-1.951,-1.951,0.0,0.4378484433441428,-0.4378484433441428,True
2025-08-23 17:00:00,-1.95,-1.95,0.0,0.2251658467196571,-0.2251658467196571,True
2025-08-23 18:00:00,-1.951,-1.951,0.0,0.0231400077054417,-0.0231400077054417,True
2025-08-23 19:00:00,-1.953,-1.953,0.0,0.0,0.0,True
2025-08-23 20:00:00,-1.949,-1.949,0.0,0.0,0.0,True
2025-08-23 21:00:00,-1.95,-1.95,0.0,0.0,0.0,True
2025-08-23 22:00:00,-1.95,-1.95,0.0,0.0,0.0,True
2025-08-23 23:00:00,-1.95,-1.95,0.0,0.0,0.0,True
2025-08-24 00:00:00,-1.95,-1.95,0.0,0.0,0.0,True
2025-08-24 01:00:00,-1.95,-1.95,0.0,0.0,0.0,True
2025-08-24 02:00:00,-1.95,-1.95,0.0,0.0,0.0,True
2025-08-24 03:00:00,-1.95,-1.95,0.0,0.0,0.0,True
2025-08-24 04:00:00,-1.95,-1.95,0.0,0.0033565085714264,-0.0033565085714264,True
2025-08-24 05:00:00,-1.949,-1.949,0.0,0.1048736048765264,-0.1048736048765264,True
2025-08-24 06:00:00,-1.948,-1.948,0.0,0.3750576409164418,-0.3750576409164418,True
2025-08-24 07:00:00,-1.951,-1.951,0.0,0.6231901342569877,-0.6231901342569877,True
2025-08-24 08:00:00,-1.951,-1.951,0.0,0.7609660451066477,-0.7609660451066477,True
2025-08-24 09:00:00,-1.952,-1.952,0.0,0.8746711065408228,-0.8746711065408228,True
2025-08-24 10:00:00,-1.955,-1.955,0.0,0.7913230819980154,-0.7913230819980154,True
2025-08-24 11:00:00,-1.956,-1.956,0.0,1.0134001942047537,-1.0134001942047537,True
2025-08-24 12:00:00,-1.956,-1.956,0.0,0.7069865053659321,-0.7069865053659321,True
2025-08-24 13:00:00,-1.958,-1.958,0.0,0.4782440116618869,-0.4782440116618869,True
2025-08-24 14:00:00,-1.96,-1.96,0.0,0.7239671902603555,-0.7239671902603555,True
2025-08-24 15:00:00,-1.959,-1.959,0.0,0.3955798974305229,-0.3955798974305229,True
2025-08-24 16:00:00,-1.96,-1.96,0.0,0.4431435337417483,-0.4431435337417483,True
2025-08-24 17:00:00,-1.96,-1.96,0.0,0.1499604388769556,-0.1499604388769556,True
2025-08-24 18:00:00,-1.96,-1.96,0.0,0.0330895194068938,-0.0330895194068938,True
2025-08-24 19:00:00,-1.96,-1.96,0.0,0.0,0.0,True
2025-08-24 20:00:00,-1.959,-1.959,0.0,0.0,0.0,True
2025-08-24 21:00:00,-1.958,-1.958,0.0,0.0,0.0,True
2025-08-24 22:00:00,-1.958,-1.958,0.0,0.0,0.0,True
2025-08-24 23:00:00,-1.958,-1.958,0.0,0.0,0.0,True
2025-08-25 00:00:00,-1.959,-1.959,0.0,0.0,0.0,True
2025-08-25 01:00:00,-1.959,-1.959,0.0,0.0,0.0,True
2025-08-25 02:00:00,-1.959,-1.959,0.0,0.0,0.0,True
2025-08-25 03:00:00,-1.957,-1.957,0.0,0.0,0.0,True
2025-08-25 04:00:00,-1.96,-1.96,0.0,0.0075494222863768,-0.0075494222863768,True
2025-08-25 05:00:00,-1.959,-1.959,0.0,0.1067826800959276,-0.1067826800959276,True
2025-08-25 06:00:00,-1.959,-1.959,0.0,0.232372668828665,-0.232372668828665,True
2025-08-25 07:00:00,-1.959,-1.959,0.0,0.3473404449959806,-0.3473404449959806,True
2025-08-25 08:00:00,-1.959,-1.959,0.0,0.763435394763012,-0.763435394763012,True
2025-08-25 09:00:00,-1.96,-1.96,0.0,0.7830483925605723,-0.7830483925605723,True
2025-08-25 10:00:00,-1.961,-1.961,0.0,0.8731648117328988,-0.8731648117328988,True
2025-08-25 11:00:00,-1.961,-1.961,0.0,1.064101958079123,-1.064101958079123,True
2025-08-25 12:00:00,-1.963,-1.963,0.0,1.2031667005639022,-1.2031667005639022,True
2025-08-25 13:00:00,-1.963,-1.963,0.0,0.9574914126879536,-0.9574914126879536,True
2025-08-25 14:00:00,-1.965,-1.965,0.0,0.9165262897646624,-0.9165262897646624,True
2025-08-25 15:00:00,-1.965,-1.965,0.0,0.7204800317705817,-0.7204800317705817,True
2025-08-25 16:00:00,-1.965,-1.965,0.0,0.3730366478276991,-0.3730366478276991,True
2025-08-25 17:00:00,-1.964,-1.964,0.0,0.1726221000670243,-0.1726221000670243,True
2025-08-25 18:00:00,-1.965,-1.965,0.0,0.0205964785072831,-0.0205964785072831,True
2025-08-25 19:00:00,-1.964,-1.964,0.0,0.0,0.0,True
2025-08-25 20:00:00,-1.963,-1.963,0.0,0.0,0.0,True
2025-08-25 21:00:00,-1.961,-1.961,0.0,0.0,0.0,True
2025-08-25 22:00:00,-1.962,-1.962,0.0,0.0,0.0,True
2025-08-25 23:00:00,-1.962,-1.962,0.0,0.0,0.0,True
2025-08-26 00:00:00,-1.961,-1.961,0.0,0.0,0.0,True
2025-08-26 01:00:00,-1.961,-1.961,0.0,0.0,0.0,True
2025-08-26 02:00:00,-1.96,-1.96,0.0,0.0,0.0,True
2025-08-26 03:00:00,-1.962,-1.962,0.0,0.0,0.0,True
2025-08-26 04:00:00,-1.96,-1.96,0.0,0.0040336428117982,-0.0040336428117982,True
2025-08-26 05:00:00,-1.959,-1.959,0.0,0.1172189397986684,-0.1172189397986684,True
2025-08-26 06:00:00,-1.958,-1.958,0.0,0.2965101359721786,-0.2965101359721786,True
2025-08-26 07:00:00,-1.959,-1.959,0.0,0.5271070297062698,-0.5271070297062698,True
2025-08-26 08:00:00,-1.958,-1.958,0.0,0.7126194387382285,-0.7126194387382285,True
2025-08-26 09:00:00,-1.959,-1.959,0.0,0.909358171804729,-0.909358171804729,True
2025-08-26 10:00:00,-1.959,-1.959,0.0,1.0455150243135487,-1.0455150243135487,True
2025-08-26 11:00:00,-1.962,-1.962,0.0,0.6581468645474221,-0.6581468645474221,True
2025-08-26 12:00:00,-1.962,-1.962,0.0,0.7717938823598068,-0.7717938823598068,True
2025-08-26 13:00:00,-1.961,-1.961,0.0,0.5691611438096118,-0.5691611438096118,True
2025-08-26 14:00:00,-1.96,-1.96,0.0,0.581086051519915,-0.581086051519915,True
2025-08-26 15:00:00,-1.96,-1.96,0.0,0.4871791602923933,-0.4871791602923933,True
2025-08-26 16:00:00,-1.961,-1.961,0.0,0.2263625755446408,-0.2263625755446408,True
2025-08-26 17:00:00,-1.96,-1.96,0.0,0.0869325997710845,-0.0869325997710845,True
2025-08-26 18:00:00,-1.96,-1.96,0.0,0.017826956445103,-0.017826956445103,True
2025-08-26 19:00:00,-1.96,-1.96,0.0,0.0,0.0,True
2025-08-26 20:00:00,-1.959,-1.959,0.0,0.0,0.0,True
2025-08-26 21:00:00,-1.96,-1.96,0.0,0.0,0.0,True
2025-08-26 22:00:00,-1.96,-1.96,0.0,0.0,0.0,True
2025-08-26 23:00:00,-1.961,-1.961,0.0,0.0,0.0,True
2025-08-27 00:00:00,-1.962,-1.962,0.0,0.0,0.0,True
2025-08-27 01:00:00,-1.961,-1.961,0.0,0.0,0.0,True
2025-08-27 02:00:00,-1.961,-1.961,0.0,0.0,0.0,True
2025-08-27 03:00:00,-1.96,-1.96,0.0,0.0,0.0,True
2025-08-27 04:00:00,-1.961,-1.961,0.0,0.0,0.0,True
2025-08-27 05:00:00,-1.962,-1.962,0.0,0.0370736613131097,-0.0370736613131097,True
2025-08-27 06:00:00,-1.961,-1.961,0.0,0.3151154013469064,-0.3151154013469064,True
2025-08-27 07:00:00,-1.96,-1.96,0.0,0.5267187155891254,-0.5267187155891254,True
2025-08-27 08:00:00,-1.96,-1.96,0.0,0.7238672014366001,-0.7238672014366001,True
2025-08-27 09:00:00,-1.962,-1.962,0.0,0.7827131567935072,-0.7827131567935072,True
2025-08-27 10:00:00,-1.964,-1.964,0.0,0.9971770708953744,-0.9971770708953744,True
2025-08-27 11:00:00,-1.966,-1.966,0.0,0.8947232265904697,-0.8947232265904697,True
2025-08-27 12:00:00,-1.965,-1.965,1.1,0.4385420866825846,0.6614579133174154,True
2025-08-27 13:00:00,-1.963,-1.963,0.0,0.6604400291230332,-0.6604400291230332,True
2025-08-27 14:00:00,-1.966,-1.966,0.0,0.7760044847127228,-0.7760044847127228,True
2025-08-27 15:00:00,-1.968,-1.968,0.0,0.4546904264263374,-0.4546904264263374,True
2025-08-27 16:00:00,-1.968,-1.968,0.0,0.2817261662692659,-0.2817261662692659,True
2025-08-27 17:00:00,-1.967,-1.967,0.0,0.1150814000446828,-0.1150814000446828,True
2025-08-27 18:00:00,-1.967,-1.967,0.0,0.0084717181706336,-0.0084717181706336,True
2025-08-27 19:00:00,-1.967,-1.967,0.0,0.0,0.0,True
2025-08-27 20:00:00,-1.966,-1.966,0.0,0.0,0.0,True
2025-08-27 21:00:00,-1.965,-1.965,0.0,0.0,0.0,True
2025-08-27 22:00:00,-1.967,-1.967,0.0,0.0,0.0,True
2025-08-27 23:00:00,-1.965,-1.965,0.0,0.0,0.0,True
2025-08-28 00:00:00,-1.965,-1.965,0.0,0.0,0.0,True
2025-08-28 01:00:00,-1.965,-1.965,0.0,0.0,0.0,True
2025-08-28 02:00:00,-1.965,-1.965,0.0,0.0,0.0,True
2025-08-28 03:00:00,-1.964,-1.964,0.0,0.0,0.0,True
2025-08-28 04:00:00,-1.962,-1.962,0.0,0.0,0.0,True
2025-08-28 05:00:00,-1.963,-1.963,0.0,0.0345969045185768,-0.0345969045185768,True
2025-08-28 06:00:00,-1.965,-1.965,0.0,0.1605976539459079,-0.1605976539459079,True
2025-08-28 07:00:00,-1.965,-1.965,0.0,0.2671657204471712,-0.2671657204471712,True
2025-08-28 08:00:00,-1.964,-1.964,0.0,0.2358043454869905,-0.2358043454869905,True
2025-08-28 09:00:00,-1.965,-1.965,0.6,0.3854193999893617,0.21458060001063828,True
2025-08-28 10:00:00,-1.967,-1.967,0.6,0.6347662275239323,-0.034766227523932325,True
2025-08-28 11:00:00,-1.966,-1.966,0.0,0.5025356078598231,-0.5025356078598231,True
2025-08-28 12:00:00,-1.967,-1.967,3.0,0.1661341277122905,2.8338658722877095,True
2025-08-28 13:00:00,-1.968,-1.968,1.2,0.2657316430750616,0.9342683569249384,True
2025-08-28 14:00:00,-1.967,-1.967,0.0,0.7423115309684049,-0.7423115309684049,True
2025-08-28 15:00:00,-1.947,-1.947,0.0,0.6095319873909002,-0.6095319873909002,True
2025-08-28 16:00:00,-1.944,-1.944,0.0,0.2880315392231575,-0.2880315392231575,True
2025-08-28 17:00:00,-1.943,-1.943,0.0,0.1292599355927857,-0.1292599355927857,True
2025-08-28 18:00:00,-1.943,-1.943,0.0,0.0123324562390652,-0.0123324562390652,True
2025-08-28 19:00:00,-1.936,-1.936,0.0,0.0,0.0,True
2025-08-28 20:00:00,-1.933,-1.933,0.0,0.0,0.0,True
2025-08-28 21:00:00,-1.929,-1.929,0.0,0.0,0.0,True
2025-08-28 22:00:00,-1.926,-1.926,0.0,0.0,0.0,True
2025-08-28 23:00:00,-1.924,-1.924,0.0,0.0,0.0,True
2025-08-29 00:00:00,-1.921,-1.921,0.0,0.0,0.0,True
2025-08-29 01:00:00,-1.919,-1.919,0.0,0.0,0.0,True
2025-08-29 02:00:00,-1.917,-1.917,0.0,0.0,0.0,True
2025-08-29 03:00:00,-1.914,-1.914,0.0,0.0,0.0,True
2025-08-29 04:00:00,-1.911,-1.911,0.0,0.0,0.0,True
2025-08-29 05:00:00,-1.91,-1.91,0.0,0.0681286846316834,-0.0681286846316834,True
2025-08-29 06:00:00,-1.909,-1.909,0.0,0.3139793030321476,-0.3139793030321476,True
2025-08-29 07:00:00,-1.908,-1.908,0.0,0.4541659005987797,-0.4541659005987797,True
2025-08-29 08:00:00,-1.909,-1.909,0.0,0.7613077233725174,-0.7613077233725174,True
2025-08-29 09:00:00,-1.908,-1.908,0.0,0.9630733721681288,-0.9630733721681288,True
2025-08-29 10:00:00,-1.909,-1.909,0.0,0.8987053585437047,-0.8987053585437047,True
2025-08-29 11:00:00,-1.909,-1.909,0.0,0.9375477336501802,-0.9375477336501802,True
2025-08-29 12:00:00,-1.908,-1.908,0.0,0.6849573178223747,-0.6849573178223747,True
2025-08-29 13:00:00,-1.908,-1.908,0.0,0.4464243768497296,-0.4464243768497296,True
2025-08-29 14:00:00,-1.906,-1.906,0.0,0.1782695644510302,-0.1782695644510302,True
2025-08-29 15:00:00,-1.905,-1.905,0.0,0.4371950729270803,-0.4371950729270803,True
2025-08-29 16:00:00,-1.904,-1.904,0.0,0.1769826226742899,-0.1769826226742899,True
2025-08-29 17:00:00,-1.905,-1.905,2.2,0.0539890539975622,2.146010946002438,True
2025-08-29 18:00:00,-1.906,-1.906,0.0,0.0164771828058265,-0.0164771828058265,True
2025-08-29 19:00:00,-1.905,-1.905,0.0,0.0,0.0,True
2025-08-29 20:00:00,-1.906,-1.906,0.0,0.0,0.0,True
2025-08-29 21:00:00,-1.906,-1.906,0.0,0.0,0.0,True
2025-08-29 22:00:00,-1.91,-1.91,0.0,0.0,0.0,True
2025-08-29 23:00:00,-1.911,-1.911,0.2,0.0,0.2,True
2025-08-30 00:00:00,-1.912,-1.912,0.0,0.0,0.0,True
2025-08-30 01:00:00,-1.915,-1.915,0.7,0.0,0.7,True
2025-08-30 02:00:00,-1.916,-1.916,1.1,0.0,1.1,True
2025-08-30 03:00:00,-1.918,-1.918,0.0,0.0,0.0,True
2025-08-30 04:00:00,-1.919,-1.919,0.0,0.0,0.0,True
2025-08-30 05:00:00,-1.921,-1.921,0.0,0.0818761094417431,-0.0818761094417431,True
2025-08-30 06:00:00,-1.921,-1.921,0.0,0.1403435946001203,-0.1403435946001203,True
2025-08-30 07:00:00,-1.923,-1.923,0.0,0.1792987297952825,-0.1792987297952825,True
2025-08-30 08:00:00,-1.925,-1.925,0.0,0.4093231293771548,-0.4093231293771548,True
2025-08-30 09:00:00,-1.924,-1.924,0.0,0.2800631937843691,-0.2800631937843691,True
2025-08-30 10:00:00,-1.927,-1.927,0.0,0.8039840693100578,-0.8039840693100578,True
2025-08-30 11:00:00,-1.93,-1.93,0.0,1.04641883179881,-1.04641883179881,True
2025-08-30 12:00:00,-1.931,-1.931,0.0,0.9240028247134048,-0.9240028247134048,True
2025-08-30 13:00:00,-1.935,-1.935,0.0,1.092887412927294,-1.092887412927294,True
2025-08-30 14:00:00,-1.938,-1.938,0.0,0.9545472340757376,-0.9545472340757376,True
2025-08-30 15:00:00,-1.941,-1.941,0.0,0.5393300932448661,-0.5393300932448661,True
2025-08-30 16:00:00,-1.941,-1.941,0.0,0.3595533954965775,-0.3595533954965775,True
2025-08-30 17:00:00,-1.94,-1.94,0.2,0.0347238170693854,0.1652761829306146,True
2025-08-30 18:00:00,-1.942,-1.942,0.0,0.0,0.0,True
2025-08-30 19:00:00,-1.941,-1.941,0.0,0.0,0.0,True
2025-08-30 20:00:00,-1.942,-1.942,0.0,0.0,0.0,True
2025-08-30 21:00:00,-1.944,-1.944,0.0,0.0,0.0,True
2025-08-30 22:00:00,-1.943,-1.943,0.0,0.0,0.0,True
2025-08-30 23:00:00,-1.942,-1.942,0.0,0.0,0.0,True
2025-08-31 00:00:00,-1.944,-1.944,0.0,0.0,0.0,True
2025-08-31 01:00:00,-1.943,-1.943,0.0,0.0,0.0,True
2025-08-31 02:00:00,-1.942,-1.942,0.0,0.0,0.0,True
2025-08-31 03:00:00,-1.942,-1.942,0.0,0.0,0.0,True
2025-08-31 04:00:00,-1.942,-1.942,0.1,0.0,0.1,True
2025-08-31 05:00:00,-1.943,-1.943,0.0,0.0211792954265841,-0.0211792954265841,True
2025-08-31 06:00:00,-1.943,-1.943,0.1,0.0681650416184381,0.031834958381561904,True
2025-08-31 07:00:00,-1.945,-1.945,0.0,0.3334545402413156,-0.3334545402413156,True
2025-08-31 08:00:00,-1.945,-1.945,0.0,0.3528650287024183,-0.3528650287024183,True
2025-08-31 09:00:00,-1.947,-1.947,0.0,0.6107629512121314,-0.6107629512121314,True
2025-08-31 10:00:00,-1.947,-1.947,0.0,1.1193860959926798,-1.1193860959926798,True
2025-08-31 11:00:00,-1.948,-1.948,0.0,0.8482543985085497,-0.8482543985085497,True
2025-08-31 12:00:00,-1.948,-1.948,0.0,0.6291996912013967,-0.6291996912013967,True
2025-08-31 13:00:00,-1.949,-1.949,0.0,0.3608835921658769,-0.3608835921658769,True
2025-08-31 14:00:00,-1.95,-1.95,0.0,0.1452453104717098,-0.1452453104717098,True
2025-08-31 15:00:00,-1.951,-1.951,0.0,0.2164481827150204,-0.2164481827150204,True
2025-08-31 16:00:00,-1.952,-1.952,0.1,0.092301976067122,0.007698023932878009,True
2025-08-31 17:00:00,-1.951,-1.951,0.0,0.0433255567681351,-0.0433255567681351,True
2025-08-31 18:00:00,-1.946,-1.946,0.0,0.0126088863657516,-0.0126088863657516,True
2025-08-31 19:00:00,-1.939,-1.939,0.0,0.0,0.0,True
2025-08-31 20:00:00,-1.937,-1.937,0.0,0.0,0.0,True
2025-08-31 21:00:00,-1.933,-1.933,0.0,0.0,0.0,True
2025-08-31 22:00:00,-1.931,-1.931,0.0,0.0,0.0,True
2025-08-31 23:00:00,-1.929,-1.929,0.0,0.0,0.0,True
2025-09-01 00:00:00,-1.926,-1.926,0.0,0.0,0.0,True
2025-09-01 01:00:00,-1.924,-1.924,0.0,0.0,0.0,True
2025-09-01 02:00:00,-1.922,-1.922,0.0,0.0,0.0,True
2025-09-01 03:00:00,-1.919,-1.919,0.0,0.0,0.0,True
2025-09-01 04:00:00,-1.918,-1.918,0.0,0.0,0.0,True
2025-09-01 05:00:00,-1.916,-1.916,0.0,0.0330220222588518,-0.0330220222588518,True
2025-09-01 06:00:00,-1.914,-1.914,0.0,0.0960957123715204,-0.0960957123715204,True
2025-09-01 07:00:00,-1.912,-1.912,0.0,0.2126091915071269,-0.2126091915071269,True
2025-09-01 08:00:00,-1.912,-1.912,0.0,0.353310490620281,-0.353310490620281,True
2025-09-01 09:00:00,-1.912,-1.912,0.0,0.5318351954343696,-0.5318351954343696,True
2025-09-01 10:00:00,-1.91,-1.91,0.0,0.5063328815317825,-0.5063328815317825,True
2025-09-01 11:00:00,-1.912,-1.912,0.0,1.065536523084459,-1.065536523084459,True
2025-09-01 12:00:00,-1.91,-1.91,0.0,0.8722632670219536,-0.8722632670219536,True
2025-09-01 13:00:00,-1.911,-1.911,0.0,0.9772868382082148,-0.9772868382082148,True
2025-09-01 14:00:00,-1.91,-1.91,0.0,0.8795581543873933,-0.8795581543873933,True
2025-09-01 15:00:00,-1.91,-1.91,0.0,0.6701395461999186,-0.6701395461999186,True
2025-09-01 16:00:00,-1.911,-1.911,0.0,0.4646733441393549,-0.4646733441393549,True
2025-09-01 17:00:00,-1.909,-1.909,0.0,0.2098229476987816,-0.2098229476987816,True
2025-09-01 18:00:00,-1.91,-1.91,0.0,0.0042029621219172,-0.0042029621219172,True
2025-09-01 19:00:00,-1.908,-1.908,0.0,0.0,0.0,True
2025-09-01 20:00:00,-1.911,-1.911,0.0,0.0,0.0,True
2025-09-01 21:00:00,-1.909,-1.909,0.7,0.0,0.7,True
2025-09-01 22:00:00,-1.909,-1.909,0.0,0.0,0.0,True
2025-09-01 23:00:00,-1.91,-1.91,0.0,0.0,0.0,True
2025-09-02 00:00:00,-1.908,-1.908,0.0,0.0,0.0,True
2025-09-02 01:00:00,-1.908,-1.908,0.0,0.0,0.0,True
2025-09-02 02:00:00,-1.911,-1.911,0.0,0.0,0.0,True
2025-09-02 03:00:00,-1.912,-1.912,0.0,0.0,0.0,True
2025-09-02 04:00:00,-1.914,-1.914,0.0,0.0,0.0,True
2025-09-02 05:00:00,-1.913,-1.913,0.0,0.0446549767625719,-0.0446549767625719,True
2025-09-02 06:00:00,-1.914,-1.914,0.0,0.2585237499373841,-0.2585237499373841,True
2025-09-02 07:00:00,-1.915,-1.915,0.0,0.610693529924074,-0.610693529924074,True
2025-09-02 08:00:00,-1.916,-1.916,0.0,0.7365344650582974,-0.7365344650582974,True
2025-09-02 09:00:00,-1.917,-1.917,0.0,0.5074777220495826,-0.5074777220495826,True
2025-09-02 10:00:00,-1.921,-1.921,0.0,0.8839349711565694,-0.8839349711565694,True
2025-09-02 11:00:00,-1.922,-1.922,0.0,0.949285430701736,-0.949285430701736,True
2025-09-02 12:00:00,-1.924,-1.924,0.0,0.8734851515013262,-0.8734851515013262,True
2025-09-02 13:00:00,-1.926,-1.926,0.0,0.7549409980120501,-0.7549409980120501,True
2025-09-02 14:00:00,-1.927,-1.927,0.0,0.7894526715761937,-0.7894526715761937,True
2025-09-02 15:00:00,-1.928,-1.928,0.0,0.4971350152677847,-0.4971350152677847,True
2025-09-02 16:00:00,-1.927,-1.927,0.0,0.2465726615622721,-0.2465726615622721,True
2025-09-02 17:00:00,-1.929,-1.929,0.1,0.0083060083073172,0.0916939916926828,True
2025-09-02 18:00:00,-1.928,-1.928,0.0,0.0042112171734664,-0.0042112171734664,True
2025-09-02 19:00:00,-1.927,-1.927,0.0,0.0,0.0,True
2025-09-02 20:00:00,-1.929,-1.929,0.1,0.0,0.1,True
2025-09-02 21:00:00,-1.931,-1.931,0.0,0.0,0.0,True
2025-09-02 22:00:00,-1.932,-1.932,0.0,0.0,0.0,True
2025-09-02 23:00:00,-1.932,-1.932,0.0,0.0,0.0,True
2025-09-03 00:00:00,-1.931,-1.931,0.0,0.0,0.0,True
2025-09-03 01:00:00,-1.93,-1.93,0.0,0.0,0.0,True
2025-09-03 02:00:00,-1.931,-1.931,0.0,0.0,0.0,True
2025-09-03 03:00:00,-1.93,-1.93,0.0,0.0,0.0,True
2025-09-03 04:00:00,-1.93,-1.93,0.0,0.0,0.0,True
2025-09-03 05:00:00,-1.929,-1.929,0.0,0.0337556137457627,-0.0337556137457627,True
2025-09-03 06:00:00,-1.929,-1.929,0.0,0.1150285077311143,-0.1150285077311143,True
2025-09-03 07:00:00,-1.93,-1.93,2.3,0.0793834145677777,2.220616585432222,True
2025-09-03 08:00:00,-1.93,-1.93,3.3,0.0796990456937507,3.220300954306249,True
2025-09-03 09:00:00,-1.929,-1.929,0.0,0.1859583617873504,-0.1859583617873504,True
2025-09-03 10:00:00,-1.926,-1.926,0.0,0.4927352136674148,-0.4927352136674148,True
2025-09-03 11:00:00,-1.928,-1.928,0.0,0.7274885980843391,-0.7274885980843391,True
2025-09-03 12:00:00,-1.928,-1.928,0.0,0.7713577512713293,-0.7713577512713293,True
2025-09-03 13:00:00,-1.929,-1.929,0.0,0.4597028978673655,-0.4597028978673655,True
2025-09-03 14:00:00,-1.934,-1.934,7.0,0.0784126159893624,6.921587384010637,True
2025-09-03 15:00:00,-1.933,-1.933,0.9,0.2028973915038905,0.6971026084961095,True
2025-09-03 16:00:00,-1.931,-1.931,0.0,0.0631307199585476,-0.0631307199585476,True
2025-09-03 17:00:00,-1.931,-1.931,0.0,0.0993688175551756,-0.0993688175551756,True
2025-09-03 18:00:00,-1.93,-1.93,0.0,0.0088061664843668,-0.0088061664843668,True
2025-09-03 19:00:00,-1.929,-1.929,0.0,0.0,0.0,True
2025-09-03 20:00:00,-1.929,-1.929,0.0,0.0,0.0,True
2025-09-03 21:00:00,-1.931,-1.931,0.0,0.0,0.0,True
2025-09-03 22:00:00,-1.932,-1.932,0.0,0.0,0.0,True
2025-09-03 23:00:00,-1.934,-1.934,0.0,0.0,0.0,True
2025-09-04 00:00:00,-1.934,-1.934,0.0,0.0,0.0,True
2025-09-04 01:00:00,-1.934,-1.934,0.0,0.0,0.0,True
2025-09-04 02:00:00,-1.936,-1.936,0.4,0.0,0.4,True
2025-09-04 03:00:00,-1.936,-1.936,0.1,0.0,0.1,True
2025-09-04 04:00:00,-1.936,-1.936,0.2,0.0,0.2,True
2025-09-04 05:00:00,-1.936,-1.936,0.0,0.0663137131188579,-0.0663137131188579,True
2025-09-04 06:00:00,-1.937,-1.937,0.1,0.1971502709266466,-0.0971502709266466,True
2025-09-04 07:00:00,-1.937,-1.937,0.0,0.3978644019636334,-0.3978644019636334,True
2025-09-04 08:00:00,-1.938,-1.938,0.0,0.6645365108491621,-0.6645365108491621,True
2025-09-04 09:00:00,-1.94,-1.94,0.0,0.842435844158498,-0.842435844158498,True
2025-09-04 10:00:00,-1.942,-1.942,0.0,0.8719169840792003,-0.8719169840792003,True
2025-09-04 11:00:00,-1.944,-1.944,0.0,0.7522379394249271,-0.7522379394249271,True
2025-09-04 12:00:00,-1.946,-1.946,0.0,0.7452661316638177,-0.7452661316638177,True
2025-09-04 13:00:00,-1.947,-1.947,0.0,0.2606762117350186,-0.2606762117350186,True
2025-09-04 14:00:00,-1.948,-1.948,0.0,0.4666907987710854,-0.4666907987710854,True
2025-09-04 15:00:00,-1.946,-1.946,0.0,0.3806505235644208,-0.3806505235644208,True
2025-09-04 16:00:00,-1.947,-1.947,4.4,0.1297781119199543,4.270221888080046,True
2025-09-04 17:00:00,-1.947,-1.947,0.4,0.1315649860912701,0.2684350139087299,True
2025-09-04 18:00:00,-1.947,-1.947,0.0,0.0081876109441743,-0.0081876109441743,True
2025-09-04 19:00:00,-1.948,-1.948,0.0,0.0,0.0,True
2025-09-04 20:00:00,-1.948,-1.948,0.0,0.0,0.0,True
2025-09-04 21:00:00,-1.948,-1.948,0.0,0.0,0.0,True
2025-09-04 22:00:00,-1.949,-1.949,0.0,0.0,0.0,True
2025-09-04 23:00:00,-1.95,-1.95,0.0,0.0,0.0,True
2025-09-05 00:00:00,-1.95,-1.95,0.0,0.0,0.0,True
2025-09-05 01:00:00,-1.951,-1.951,0.0,0.0,0.0,True
2025-09-05 02:00:00,-1.951,-1.951,0.0,0.0,0.0,True
2025-09-05 03:00:00,-1.95,-1.95,0.0,0.0,0.0,True
2025-09-05 04:00:00,-1.951,-1.951,0.0,0.0,0.0,True
2025-09-05 05:00:00,-1.954,-1.954,0.0,0.0622823125099963,-0.0622823125099963,True
2025-09-05 06:00:00,-1.952,-1.952,0.0,0.2605836515588675,-0.2605836515588675,True
2025-09-05 07:00:00,-1.954,-1.954,0.0,0.5266312186893504,-0.5266312186893504,True
2025-09-05 08:00:00,-1.954,-1.954,0.0,0.6963827795262332,-0.6963827795262332,True
2025-09-05 09:00:00,-1.956,-1.956,0.0,0.8015511856690384,-0.8015511856690384,True
2025-09-05 10:00:00,-1.959,-1.959,0.0,1.040158808096172,-1.040158808096172,True
2025-09-05 11:00:00,-1.962,-1.962,0.0,0.8174263882687792,-0.8174263882687792,True
2025-09-05 12:00:00,-1.966,-1.966,0.0,0.6584725119259359,-0.6584725119259359,True
2025-09-05 13:00:00,-1.965,-1.965,0.0,0.9086274489087272,-0.9086274489087272,True
2025-09-05 14:00:00,-1.967,-1.967,0.0,0.75027271554296,-0.75027271554296,True
2025-09-05 15:00:00,-1.969,-1.969,0.0,0.6373231680825091,-0.6373231680825091,True
2025-09-05 16:00:00,-1.969,-1.969,0.0,0.373281033495894,-0.373281033495894,True
2025-09-05 17:00:00,-1.969,-1.969,0.0,0.1042434475553968,-0.1042434475553968,True
2025-09-05 18:00:00,-1.972,-1.972,0.0,0.0,0.0,True
2025-09-05 19:00:00,-1.97,-1.97,0.0,0.0,0.0,True
2025-09-05 20:00:00,-1.97,-1.97,0.0,0.0,0.0,True
2025-09-05 21:00:00,-1.971,-1.971,0.0,0.0,0.0,True
2025-09-05 22:00:00,-1.973,-1.973,0.0,0.0,0.0,True
2025-09-05 23:00:00,-1.972,-1.972,0.0,0.0,0.0,True
2025-09-06 00:00:00,-1.972,-1.972,0.0,0.0,0.0,True
2025-09-06 01:00:00,-1.972,-1.972,0.0,0.0,0.0,True
2025-09-06 02:00:00,-1.972,-1.972,0.0,0.0,0.0,True
2025-09-06 03:00:00,-1.972,-1.972,0.0,0.0,0.0,True
2025-09-06 04:00:00,-1.972,-1.972,0.0,0.0,0.0,True
2025-09-06 05:00:00,-1.972,-1.972,0.0,0.0494283698707864,-0.0494283698707864,True
2025-09-06 06:00:00,-1.972,-1.972,0.0,0.2440882890293428,-0.2440882890293428,True
2025-09-06 07:00:00,-1.971,-1.971,0.0,0.4674451062547763,-0.4674451062547763,True
2025-09-06 08:00:00,-1.973,-1.973,0.0,0.6911137193961471,-0.6911137193961471,True
2025-09-06 09:00:00,-1.973,-1.973,0.0,0.9044624993267584,-0.9044624993267584,True
2025-09-06 10:00:00,-1.975,-1.975,0.0,1.0630058989660351,-1.0630058989660351,True
2025-09-06 11:00:00,-1.977,-1.977,0.0,1.0944880941471635,-1.0944880941471635,True
2025-09-06 12:00:00,-1.976,-1.976,0.0,1.07144937695529,-1.07144937695529,True
2025-09-06 13:00:00,-1.977,-1.977,0.0,0.7620779766424678,-0.7620779766424678,True
2025-09-06 14:00:00,-1.977,-1.977,0.0,0.5258468409137445,-0.5258468409137445,True
2025-09-06 15:00:00,-1.976,-1.976,0.0,0.4038232563159292,-0.4038232563159292,True
2025-09-06 16:00:00,-1.976,-1.976,0.0,0.1970894659036509,-0.1970894659036509,True
2025-09-06 17:00:00,-1.973,-1.973,0.0,0.0567334849985007,-0.0567334849985007,True
2025-09-06 18:00:00,-1.972,-1.972,0.0,0.0,0.0,True
2025-09-06 19:00:00,-1.971,-1.971,0.0,0.0,0.0,True
2025-09-06 20:00:00,-1.969,-1.969,0.0,0.0,0.0,True
2025-09-06 21:00:00,-1.968,-1.968,0.0,0.0,0.0,True
2025-09-06 22:00:00,-1.969,-1.969,0.0,0.0,0.0,True
2025-09-06 23:00:00,-1.968,-1.968,0.0,0.0,0.0,True
2025-09-07 00:00:00,-1.967,-1.967,0.0,0.0,0.0,True
2025-09-07 01:00:00,-1.967,-1.967,0.0,0.0,0.0,True
2025-09-07 02:00:00,-1.966,-1.966,0.0,0.0,0.0,True
2025-09-07 03:00:00,-1.966,-1.966,0.0,0.0,0.0,True
2025-09-07 04:00:00,-1.966,-1.966,0.0,0.0,0.0,True
2025-09-07 05:00:00,-1.966,-1.966,0.0,0.0587256126164479,-0.0587256126164479,True
2025-09-07 06:00:00,-1.965,-1.965,0.0,0.2817160880887752,-0.2817160880887752,True
2025-09-07 07:00:00,-1.963,-1.963,0.0,0.5280578219091221,-0.5280578219091221,True
2025-09-07 08:00:00,-1.963,-1.963,0.0,0.749324514014664,-0.749324514014664,True
2025-09-07 09:00:00,-1.964,-1.964,0.0,0.9652209704669245,-0.9652209704669245,True
2025-09-07 10:00:00,-1.961,-1.961,0.0,1.1234235897506808,-1.1234235897506808,True
2025-09-07 11:00:00,-1.963,-1.963,0.0,1.1249176904675795,-1.1249176904675795,True
2025-09-07 12:00:00,-1.965,-1.965,0.0,1.1192757818411931,-1.1192757818411931,True
2025-09-07 13:00:00,-1.963,-1.963,0.0,1.019731920838354,-1.019731920838354,True
2025-09-07 14:00:00,-1.964,-1.964,0.0,0.8716290772798725,-0.8716290772798725,True
2025-09-07 15:00:00,-1.963,-1.963,0.0,0.6459521189694181,-0.6459521189694181,True
2025-09-07 16:00:00,-1.963,-1.963,0.0,0.3651634344123906,-0.3651634344123906,True
2025-09-07 17:00:00,-1.961,-1.961,0.0,0.1070361775180425,-0.1070361775180425,True
2025-09-07 18:00:00,-1.961,-1.961,0.0,0.0,0.0,True
2025-09-07 19:00:00,-1.96,-1.96,0.0,0.0,0.0,True
2025-09-07 20:00:00,-1.958,-1.958,0.0,0.0,0.0,True
2025-09-07 21:00:00,-1.957,-1.957,0.0,0.0,0.0,True
2025-09-07 22:00:00,-1.959,-1.959,0.0,0.0,0.0,True
2025-09-07 23:00:00,-1.959,-1.959,0.0,0.0,0.0,True
2025-09-08 00:00:00,-1.959,-1.959,0.0,0.0,0.0,True
2025-09-08 01:00:00,-1.961,-1.961,0.0,0.0,0.0,True
2025-09-08 02:00:00,-1.961,-1.961,0.0,0.0,0.0,True
2025-09-08 03:00:00,-1.96,-1.96,0.1,0.0,0.1,True
2025-09-08 04:00:00,-1.959,-1.959,3.7,0.0,3.7,True
2025-09-08 05:00:00,-1.96,-1.96,0.2,0.0172984522592884,0.18270154774071162,True
2025-09-08 06:00:00,-1.959,-1.959,0.0,0.0654617134598085,-0.0654617134598085,True
2025-09-08 07:00:00,-1.96,-1.96,0.0,0.2265173417379026,-0.2265173417379026,True
2025-09-08 08:00:00,-1.961,-1.961,0.0,0.436760432905024,-0.436760432905024,True
2025-09-08 09:00:00,-1.962,-1.962,0.0,0.6685518354563718,-0.6685518354563718,True
2025-09-08 10:00:00,-1.97,-1.97,0.0,0.8748114051398742,-0.8748114051398742,True
2025-09-08 11:00:00,-1.971,-1.971,0.0,0.8351605352123317,-0.8351605352123317,True
2025-09-08 12:00:00,-1.973,-1.973,0.0,0.8175343626130364,-0.8175343626130364,True
2025-09-08 13:00:00,-1.972,-1.972,0.0,0.6851673434905009,-0.6851673434905009,True
2025-09-08 14:00:00,-1.974,-1.974,0.0,0.4262578816668142,-0.4262578816668142,True
2025-09-08 15:00:00,-1.975,-1.975,0.0,0.4768710849065058,-0.4768710849065058,True
2025-09-08 16:00:00,-1.972,-1.972,0.0,0.3369743376633992,-0.3369743376633992,True
2025-09-08 17:00:00,-1.974,-1.974,0.0,0.0944378995448151,-0.0944378995448151,True
2025-09-08 18:00:00,-1.972,-1.972,0.0,0.0,0.0,True
2025-09-08 19:00:00,-1.972,-1.972,0.0,0.0,0.0,True
2025-09-08 20:00:00,-1.97,-1.97,0.0,0.0,0.0,True
2025-09-08 21:00:00,-1.969,-1.969,0.0,0.0,0.0,True
2025-09-08 22:00:00,-1.971,-1.971,0.0,0.0,0.0,True
2025-09-08 23:00:00,-1.967,-1.967,0.0,0.0,0.0,True
2025-09-09 00:00:00,-1.967,-1.967,0.0,0.0,0.0,True
2025-09-09 01:00:00,-1.969,-1.969,0.0,0.0,0.0,True
2025-09-09 02:00:00,-1.968,-1.968,0.0,0.0,0.0,True
2025-09-09 03:00:00,-1.969,-1.969,0.0,0.0,0.0,True
2025-09-09 04:00:00,-1.968,-1.968,0.0,0.0,0.0,True
2025-09-09 05:00:00,-1.969,-1.969,0.0,0.0038295021796199,-0.0038295021796199,True
2025-09-09 06:00:00,-1.967,-1.967,0.0,0.0272485117231234,-0.0272485117231234,True
2025-09-09 07:00:00,-1.965,-1.965,0.0,0.0477759125432084,-0.0477759125432084,True
2025-09-09 08:00:00,-1.967,-1.967,0.0,0.0520984058948167,-0.0520984058948167,True
2025-09-09 09:00:00,-1.968,-1.968,0.8,0.0685719278005706,0.7314280721994294,True
2025-09-09 10:00:00,-1.965,-1.965,1.2,0.0597198906790105,1.1402801093209896,True
2025-09-09 11:00:00,-1.965,-1.965,1.7,0.0911659425198399,1.60883405748016,True
2025-09-09 12:00:00,-1.96,-1.96,1.1,0.1149483623076242,0.9850516376923759,True
2025-09-09 13:00:00,-1.96,-1.96,0.7,0.1831409980822991,0.5168590019177008,True
2025-09-09 14:00:00,-1.957,-1.957,0.3,0.2208953877595262,0.0791046122404738,True
2025-09-09 15:00:00,-1.956,-1.956,0.0,0.1486023517654994,-0.1486023517654994,True
2025-09-09 16:00:00,-1.949,-1.949,0.0,0.2292531064368807,-0.2292531064368807,True
2025-09-09 17:00:00,-1.949,-1.949,0.0,0.0634197861007582,-0.0634197861007582,True
2025-09-09 18:00:00,-1.944,-1.944,0.0,0.0,0.0,True
2025-09-09 19:00:00,-1.94,-1.94,0.0,0.0,0.0,True
2025-09-09 20:00:00,-1.935,-1.935,0.0,0.0,0.0,True
2025-09-09 21:00:00,-1.932,-1.932,0.0,0.0,0.0,True
2025-09-09 22:00:00,-1.93,-1.93,0.0,0.0,0.0,True
2025-09-09 23:00:00,-1.927,-1.927,0.0,0.0,0.0,True
2025-09-10 00:00:00,-1.924,-1.924,0.0,0.0,0.0,True
2025-09-10 01:00:00,-1.923,-1.923,0.0,0.0,0.0,True
2025-09-10 02:00:00,-1.92,-1.92,0.0,0.0,0.0,True
2025-09-10 03:00:00,-1.917,-1.917,0.0,0.0,0.0,True
2025-09-10 04:00:00,-1.916,-1.916,0.0,0.0,0.0,True
2025-09-10 05:00:00,-1.913,-1.913,0.0,0.0369141990396994,-0.0369141990396994,True
2025-09-10 06:00:00,-1.911,-1.911,0.0,0.1251368417452097,-0.1251368417452097,True
2025-09-10 07:00:00,-1.91,-1.91,0.0,0.2768439854338864,-0.2768439854338864,True
2025-09-10 08:00:00,-1.907,-1.907,0.0,0.3993306383680287,-0.3993306383680287,True
2025-09-10 09:00:00,-1.906,-1.906,0.0,0.47488143476211,-0.47488143476211,True
2025-09-10 10:00:00,-1.907,-1.907,0.0,0.7859539167985197,-0.7859539167985197,True
2025-09-10 11:00:00,-1.904,-1.904,0.0,1.016284070233194,-1.016284070233194,True
2025-09-10 12:00:00,-1.904,-1.904,0.0,0.8704486404808081,-0.8704486404808081,True
2025-09-10 13:00:00,-1.906,-1.906,0.0,0.8896677464992792,-0.8896677464992792,True
2025-09-10 14:00:00,-1.906,-1.906,0.0,0.4116373155444425,-0.4116373155444425,True
2025-09-10 15:00:00,-1.908,-1.908,0.0,0.1437564626471645,-0.1437564626471645,True
2025-09-10 16:00:00,-1.905,-1.905,0.0,0.0695740384097506,-0.0695740384097506,True
2025-09-10 17:00:00,-1.906,-1.906,0.0,0.0389215175833989,-0.0389215175833989,True
2025-09-10 18:00:00,-1.905,-1.905,0.0,0.0,0.0,True
2025-09-10 19:00:00,-1.906,-1.906,0.0,0.0,0.0,True
2025-09-10 20:00:00,-1.906,-1.906,0.0,0.0,0.0,True
2025-09-10 21:00:00,-1.907,-1.907,0.0,0.0,0.0,True
2025-09-10 22:00:00,-1.907,-1.907,0.0,0.0,0.0,True
2025-09-10 23:00:00,-1.907,-1.907,0.0,0.0,0.0,True
2025-09-11 00:00:00,-1.906,-1.906,0.0,0.0,0.0,True
2025-09-11 01:00:00,-1.907,-1.907,0.0,0.0,0.0,True
2025-09-11 02:00:00,-1.906,-1.906,0.0,0.0,0.0,True
2025-09-11 03:00:00,-1.906,-1.906,0.1,0.0,0.1,True
2025-09-11 04:00:00,-1.906,-1.906,0.1,0.0,0.1,True
2025-09-11 05:00:00,-1.907,-1.907,0.0,0.02865663830461,-0.02865663830461,True
2025-09-11 06:00:00,-1.909,-1.909,0.0,0.2135059260618603,-0.2135059260618603,True
2025-09-11 07:00:00,-1.908,-1.908,0.0,0.4780636646354974,-0.4780636646354974,True
2025-09-11 08:00:00,-1.908,-1.908,0.0,0.5189535677786522,-0.5189535677786522,True
2025-09-11 09:00:00,-1.91,-1.91,0.0,0.6086475560262165,-0.6086475560262165,True
2025-09-11 10:00:00,-1.911,-1.911,0.0,0.6650298763947434,-0.6650298763947434,True
2025-09-11 11:00:00,-1.913,-1.913,0.0,0.9117987849694104,-0.9117987849694104,True
2025-09-11 12:00:00,-1.915,-1.915,0.1,0.4880704112516837,-0.38807041125168373,True
2025-09-11 13:00:00,-1.916,-1.916,0.5,0.5302878865046957,-0.030287886504695716,True
2025-09-11 14:00:00,-1.918,-1.918,0.0,0.5716028485807416,-0.5716028485807416,True
2025-09-11 15:00:00,-1.911,-1.911,0.0,0.2835421773506794,-0.2835421773506794,True
2025-09-11 16:00:00,-1.91,-1.91,0.0,0.2124340028244895,-0.2124340028244895,True
2025-09-11 17:00:00,-1.908,-1.908,0.0,0.0282960691972004,-0.0282960691972004,True
2025-09-11 18:00:00,-1.908,-1.908,1.3,0.0,1.3,True
2025-09-11 19:00:00,-1.904,-1.904,0.0,0.0,0.0,True
2025-09-11 20:00:00,-1.9,-1.9,0.0,0.0,0.0,True
2025-09-11 21:00:00,-1.898,-1.898,1.1,0.0,1.1,True
2025-09-11 22:00:00,-1.897,-1.897,0.8,0.0,0.8,True
2025-09-11 23:00:00,-1.895,-1.895,0.1,0.0,0.1,True
2025-09-12 00:00:00,-1.89,-1.89,0.0,0.0,0.0,True
2025-09-12 01:00:00,-1.885,-1.885,3.0,0.0,3.0,True
2025-09-12 02:00:00,-1.884,-1.884,6.1,0.0,6.1,True
2025-09-12 03:00:00,-1.883,-1.883,2.4,0.0,2.4,True
2025-09-12 04:00:00,-1.883,-1.883,0.1,0.0,0.1,True
2025-09-12 05:00:00,-1.881,-1.881,0.2,0.0537400457637005,0.1462599542362995,True
2025-09-12 06:00:00,-1.88,-1.88,0.0,0.1553470749044017,-0.1553470749044017,True
2025-09-12 07:00:00,-1.878,-1.878,0.0,0.3468932818146512,-0.3468932818146512,True
2025-09-12 08:00:00,-1.876,-1.876,0.7,0.2038108920063831,0.4961891079936168,True
2025-09-12 09:00:00,-1.876,-1.876,0.0,0.404519772670935,-0.404519772670935,True
2025-09-12 10:00:00,-1.876,-1.876,0.4,0.6879223821432581,-0.28792238214325805,True
2025-09-12 11:00:00,-1.875,-1.875,0.0,0.5596818920568282,-0.5596818920568282,True
2025-09-12 12:00:00,-1.874,-1.874,0.0,0.7711170333085816,-0.7711170333085816,True
2025-09-12 13:00:00,-1.878,-1.878,0.0,0.657337538873809,-0.657337538873809,True
2025-09-12 14:00:00,-1.878,-1.878,0.7,0.4632532716965134,0.23674672830348653,True
2025-09-12 15:00:00,-1.88,-1.88,0.1,0.1017034537622262,-0.0017034537622261925,True
2025-09-12 16:00:00,-1.88,-1.88,0.4,0.067831576544099,0.33216842345590103,True
2025-09-12 17:00:00,-1.877,-1.877,1.5,0.0078388804617839,1.492161119538216,True
2025-09-12 18:00:00,-1.876,-1.876,0.0,0.0,0.0,True
2025-09-12 19:00:00,-1.876,-1.876,0.0,0.0,0.0,True
2025-09-12 20:00:00,-1.875,-1.875,0.0,0.0,0.0,True
2025-09-12 21:00:00,-1.875,-1.875,0.0,0.0,0.0,True
2025-09-12 22:00:00,-1.876,-1.876,0.0,0.0,0.0,True
2025-09-12 23:00:00,-1.873,-1.873,0.0,0.0,0.0,True
2025-09-13 00:00:00,-1.872,-1.872,0.0,0.0,0.0,True
2025-09-13 01:00:00,-1.87,-1.87,0.0,0.0,0.0,True
2025-09-13 02:00:00,-1.869,-1.869,0.0,0.0,0.0,True
2025-09-13 03:00:00,-1.869,-1.869,0.0,0.0,0.0,True
2025-09-13 04:00:00,-1.87,-1.87,0.0,0.0,0.0,True
2025-09-13 05:00:00,-1.868,-1.868,0.0,0.0268700228818502,-0.0268700228818502,True
2025-09-13 06:00:00,-1.866,-1.866,0.0,0.1489387287738953,-0.1489387287738953,True
2025-09-13 07:00:00,-1.865,-1.865,0.0,0.3735140193024716,-0.3735140193024716,True
2025-09-13 08:00:00,-1.864,-1.864,0.0,0.5437470325922759,-0.5437470325922759,True
2025-09-13 09:00:00,-1.864,-1.864,0.0,0.6488905595997717,-0.6488905595997717,True
2025-09-13 10:00:00,-1.864,-1.864,0.0,0.5316509164957635,-0.5316509164957635,True
2025-09-13 11:00:00,-1.863,-1.863,0.3,0.3012209833084448,-0.001220983308444834,True
2025-09-13 12:00:00,-1.864,-1.864,0.9,0.5357375358219637,0.3642624641780363,True
2025-09-13 13:00:00,-1.863,-1.863,0.0,0.7047073513973751,-0.7047073513973751,True
2025-09-13 14:00:00,-1.863,-1.863,0.0,0.4136293706426316,-0.4136293706426316,True
2025-09-13 15:00:00,-1.864,-1.864,0.0,0.2063876391178239,-0.2063876391178239,True
2025-09-13 16:00:00,-1.864,-1.864,0.0,0.1435812693489206,-0.1435812693489206,True
2025-09-13 17:00:00,-1.862,-1.862,0.0,0.0631371691726867,-0.0631371691726867,True
2025-09-13 18:00:00,-1.86,-1.86,0.0,0.0,0.0,True
2025-09-13 19:00:00,-1.86,-1.86,0.0,0.0,0.0,True
2025-09-13 20:00:00,-1.86,-1.86,0.0,0.0,0.0,True
2025-09-13 21:00:00,-1.859,-1.859,0.0,0.0,0.0,True
2025-09-13 22:00:00,-1.859,-1.859,0.0,0.0,0.0,True
2025-09-13 23:00:00,-1.859,-1.859,2.6,0.0,2.6,True
2025-09-14 00:00:00,-1.861,-1.861,0.1,0.0,0.1,True
2025-09-14 01:00:00,-1.861,-1.861,0.3,0.0,0.3,True
2025-09-14 02:00:00,-1.852,-1.852,0.0,0.0,0.0,True
2025-09-14 03:00:00,-1.851,-1.851,0.0,0.0,0.0,True
2025-09-14 04:00:00,-1.85,-1.85,0.0,0.0,0.0,True
2025-09-14 05:00:00,-1.847,-1.847,0.0,0.0333903616298152,-0.0333903616298152,True
2025-09-14 06:00:00,-1.847,-1.847,0.0,0.220483967488339,-0.220483967488339,True
2025-09-14 07:00:00,-1.849,-1.849,0.0,0.3889115198482797,-0.3889115198482797,True
2025-09-14 08:00:00,-1.849,-1.849,0.0,0.4360654361341565,-0.4360654361341565,True
2025-09-14 09:00:00,-1.847,-1.847,0.0,0.710114699633804,-0.710114699633804,True
2025-09-14 10:00:00,-1.848,-1.848,0.0,0.9841960480423928,-0.9841960480423928,True
2025-09-14 11:00:00,-1.848,-1.848,0.0,0.9635859236754476,-0.9635859236754476,True
2025-09-14 12:00:00,-1.848,-1.848,0.0,0.9332025837397352,-0.9332025837397352,True
2025-09-14 13:00:00,-1.849,-1.849,0.0,0.7971949292251849,-0.7971949292251849,True
2025-09-14 14:00:00,-1.851,-1.851,0.0,0.5041137488118643,-0.5041137488118643,True
2025-09-14 15:00:00,-1.851,-1.851,0.0,0.2381222944879822,-0.2381222944879822,True
2025-09-14 16:00:00,-1.849,-1.849,0.0,0.0787475343286438,-0.0787475343286438,True
2025-09-14 17:00:00,-1.846,-1.846,0.4,0.0040509291342502,0.3959490708657498,True
2025-09-14 18:00:00,-1.845,-1.845,3.0,0.0,3.0,True
2025-09-14 19:00:00,-1.842,-1.842,0.7,0.0,0.7,True
2025-09-14 20:00:00,-1.842,-1.842,1.6,0.0,1.6,True
2025-09-14 21:00:00,-1.837,-1.837,1.9,0.0,1.9,True
2025-09-14 22:00:00,-1.835,-1.835,0.4,0.0,0.4,True
2025-09-14 23:00:00,-1.832,-1.832,0.1,0.0,0.1,True
2025-09-15 00:00:00,-1.826,-1.826,0.3,0.0,0.3,True
2025-09-15 01:00:00,-1.824,-1.824,0.0,0.0,0.0,True
2025-09-15 02:00:00,-1.822,-1.822,0.0,0.0,0.0,True
2025-09-15 03:00:00,-1.821,-1.821,0.0,0.0,0.0,True
2025-09-15 04:00:00,-1.819,-1.819,0.0,0.0,0.0,True
2025-09-15 05:00:00,-1.817,-1.817,0.0,0.0251183442425718,-0.0251183442425718,True
2025-09-15 06:00:00,-1.816,-1.816,0.0,0.1681184848766887,-0.1681184848766887,True
2025-09-15 07:00:00,-1.816,-1.816,0.0,0.3359225225812606,-0.3359225225812606,True
2025-09-15 08:00:00,-1.818,-1.818,0.0,0.4404810670159973,-0.4404810670159973,True
2025-09-15 09:00:00,-1.815,-1.815,0.0,0.7510969840323523,-0.7510969840323523,True
2025-09-15 10:00:00,-1.815,-1.815,0.3,0.6537001165384455,-0.3537001165384455,True
2025-09-15 11:00:00,-1.815,-1.815,0.0,0.791321193704434,-0.791321193704434,True
2025-09-15 12:00:00,-1.817,-1.817,0.2,0.3709809274282196,-0.17098092742821958,True
2025-09-15 13:00:00,-1.818,-1.818,0.6,0.4994057925210106,0.1005942074789894,True
2025-09-15 14:00:00,-1.818,-1.818,0.0,0.4354495676559113,-0.4354495676559113,True
2025-09-15 15:00:00,-1.818,-1.818,0.2,0.3201319182826991,-0.12013191828269909,True
2025-09-15 16:00:00,-1.818,-1.818,0.0,0.1183746397511215,-0.1183746397511215,True
2025-09-15 17:00:00,-1.816,-1.816,0.0,0.0537704690362024,-0.0537704690362024,True
2025-09-15 18:00:00,-1.813,-1.813,0.0,0.0,0.0,True
2025-09-15 19:00:00,-1.814,-1.814,0.3,0.0,0.3,True
2025-09-15 20:00:00,-1.814,-1.814,0.0,0.0,0.0,True
2025-09-15 21:00:00,-1.813,-1.813,0.0,0.0,0.0,True
2025-09-15 22:00:00,-1.814,-1.814,0.1,0.0,0.1,True
2025-09-15 23:00:00,-1.815,-1.815,0.8,0.0,0.8,True
2025-09-16 00:00:00,-1.81,-1.81,0.1,0.0,0.1,True
2025-09-16 01:00:00,-1.811,-1.811,0.0,0.0,0.0,True
2025-09-16 02:00:00,-1.811,-1.811,0.0,0.0,0.0,True
2025-09-16 03:00:00,-1.811,-1.811,0.3,0.0,0.3,True
2025-09-16 04:00:00,-1.812,-1.812,0.1,0.0,0.1,True
2025-09-16 05:00:00,-1.811,-1.811,0.3,0.0121268867988001,0.2878731132011999,True
2025-09-16 06:00:00,-1.811,-1.811,0.3,0.0685719278005706,0.2314280721994294,True
2025-09-16 07:00:00,-1.81,-1.81,1.0,0.1931986005947921,0.8068013994052079,True
2025-09-16 08:00:00,-1.813,-1.813,0.9,0.3139477259665372,0.5860522740334628,True
2025-09-16 09:00:00,-1.813,-1.813,1.7,0.3402780472770173,1.3597219527229827,True
2025-09-16 10:00:00,-1.811,-1.811,0.5,0.4082718555596061,0.0917281444403939,True
2025-09-16 11:00:00,-1.81,-1.81,0.3,0.4558016377332046,-0.1558016377332046,True
2025-09-16 12:00:00,-1.811,-1.811,2.7,0.2765223082109504,2.4234776917890497,True
2025-09-16 13:00:00,-1.81,-1.81,0.8,0.3954412083575527,0.40455879164244735,True
2025-09-16 14:00:00,-1.81,-1.81,0.2,0.358750786963553,-0.158750786963553,True
2025-09-16 15:00:00,-1.812,-1.812,0.0,0.3287491082662613,-0.3287491082662613,True
2025-09-16 16:00:00,-1.813,-1.813,0.7,0.0999710161120946,0.6000289838879054,True
2025-09-16 17:00:00,-1.811,-1.811,5.1,0.00776735374522,5.09223264625478,True
2025-09-16 18:00:00,-1.812,-1.812,1.3,0.0,1.3,True
2025-09-16 19:00:00,-1.809,-1.809,0.6,0.0,0.6,True
2025-09-16 20:00:00,-1.802,-1.802,0.1,0.0,0.1,True
2025-09-16 21:00:00,-1.799,-1.799,0.0,0.0,0.0,True
2025-09-16 22:00:00,-1.799,-1.799,0.0,0.0,0.0,True
2025-09-16 23:00:00,-1.801,-1.801,0.0,0.0,0.0,True
2025-09-17 00:00:00,-1.798,-1.798,0.0,0.0,0.0,True
2025-09-17 01:00:00,-1.797,-1.797,0.0,0.0,0.0,True
2025-09-17 02:00:00,-1.797,-1.797,0.0,0.0,0.0,True
2025-09-17 03:00:00,-1.793,-1.793,0.0,0.0,0.0,True
2025-09-17 04:00:00,-1.793,-1.793,0.0,0.0,0.0,True
2025-09-17 05:00:00,-1.79,-1.79,0.0,0.0115970654548541,-0.0115970654548541,True
2025-09-17 06:00:00,-1.79,-1.79,0.0,0.0543714762165406,-0.0543714762165406,True
2025-09-17 07:00:00,-1.788,-1.788,0.0,0.0879744941786433,-0.0879744941786433,True
2025-09-17 08:00:00,-1.788,-1.788,0.4,0.1276829676124216,0.27231703238757843,True
2025-09-17 09:00:00,-1.789,-1.789,0.5,0.2146992441152609,0.28530075588473913,True
2025-09-17 10:00:00,-1.788,-1.788,0.2,0.2128628282046343,-0.012862828204634302,True
2025-09-17 11:00:00,-1.789,-1.789,0.1,0.3388259961910547,-0.23882599619105468,True
2025-09-17 12:00:00,-1.789,-1.789,0.4,0.3146241393202651,0.0853758606797349,True
2025-09-17 13:00:00,-1.789,-1.789,1.0,0.1944445984440099,0.80555540155599,True
2025-09-17 14:00:00,-1.789,-1.789,1.1,0.1177267569195079,0.9822732430804921,True
2025-09-17 15:00:00,-1.787,-1.787,0.8,0.0889305031912013,0.7110694968087987,True
2025-09-17 16:00:00,-1.785,-1.785,3.1,0.040509291342502,3.0594907086574983,True
2025-09-17 17:00:00,-1.785,-1.785,2.4,0.0041697379022158,2.395830262097784,True
2025-09-17 18:00:00,-1.782,-1.782,0.4,0.0,0.4,True
2025-09-17 19:00:00,-1.781,-1.781,0.3,0.0,0.3,True
2025-09-17 20:00:00,-1.778,-1.778,0.4,0.0,0.4,True
2025-09-17 21:00:00,-1.777,-1.777,0.4,0.0,0.4,True
2025-09-17 22:00:00,-1.773,-1.773,0.0,0.0,0.0,True
2025-09-17 23:00:00,-1.772,-1.772,0.0,0.0,0.0,True
2025-09-18 00:00:00,-1.771,-1.771,0.4,0.0,0.4,True
2025-09-18 01:00:00,-1.771,-1.771,2.4,0.0,2.4,True
2025-09-18 02:00:00,-1.77,-1.77,1.3,0.0,1.3,True
2025-09-18 03:00:00,-1.768,-1.768,0.5,0.0,0.5,True
2025-09-18 04:00:00,-1.767,-1.767,0.1,0.0,0.1,True
2025-09-18 05:00:00,-1.762,-1.762,0.0,0.008617329039519,-0.008617329039519,True
2025-09-18 06:00:00,-1.762,-1.762,0.0,0.0300484225824411,-0.0300484225824411,True
2025-09-18 07:00:00,-1.76,-1.76,0.0,0.0996487805667108,-0.0996487805667108,True
2025-09-18 08:00:00,-1.759,-1.759,0.0,0.218205711532695,-0.218205711532695,True
2025-09-18 09:00:00,-1.758,-1.758,0.0,0.3032779213634009,-0.3032779213634009,True
2025-09-18 10:00:00,-1.758,-1.758,0.0,0.4006805750386921,-0.4006805750386921,True
2025-09-18 11:00:00,-1.758,-1.758,0.0,0.3679003363534816,-0.3679003363534816,True
2025-09-18 12:00:00,-1.757,-1.757,0.0,0.1909809938816202,-0.1909809938816202,True
2025-09-18 13:00:00,-1.758,-1.758,0.0,0.1437564626471645,-0.1437564626471645,True
2025-09-18 14:00:00,-1.756,-1.756,0.0,0.1401525090870406,-0.1401525090870406,True
2025-09-18 15:00:00,-1.757,-1.757,0.0,0.1879938813586445,-0.1879938813586445,True
2025-09-18 16:00:00,-1.757,-1.757,0.0,0.0695740384097506,-0.0695740384097506,True
2025-09-18 17:00:00,-1.758,-1.758,0.0,0.0172984522592884,-0.0172984522592884,True
2025-09-18 18:00:00,-1.757,-1.757,0.0,0.0,0.0,True
2025-09-18 19:00:00,-1.758,-1.758,0.0,0.0,0.0,True
2025-09-18 20:00:00,-1.759,-1.759,0.0,0.0,0.0,True
2025-09-18 21:00:00,-1.759,-1.759,0.0,0.0,0.0,True
2025-09-18 22:00:00,-1.76,-1.76,0.0,0.0,0.0,True
2025-09-18 23:00:00,-1.76,-1.76,0.0,0.0,0.0,True
2025-09-19 00:00:00,-1.763,-1.763,0.0,0.0,0.0,True
2025-09-19 01:00:00,-1.763,-1.763,0.0,0.0,0.0,True
2025-09-19 02:00:00,-1.764,-1.764,0.0,0.0,0.0,True
2025-09-19 03:00:00,-1.763,-1.763,0.0,0.0,0.0,True
2025-09-19 04:00:00,-1.763,-1.763,0.0,0.0,0.0,True
2025-09-19 05:00:00,-1.763,-1.763,0.0,0.0202977167102599,-0.0202977167102599,True
2025-09-19 06:00:00,-1.763,-1.763,0.0,0.1747780069263667,-0.1747780069263667,True
2025-09-19 07:00:00,-1.762,-1.762,0.0,0.4128632314979655,-0.4128632314979655,True
2025-09-19 08:00:00,-1.762,-1.762,0.0,0.637373907939782,-0.637373907939782,True
2025-09-19 09:00:00,-1.762,-1.762,0.0,0.8252086966010154,-0.8252086966010154,True
2025-09-19 10:00:00,-1.764,-1.764,0.0,0.945324555485634,-0.945324555485634,True
2025-09-19 11:00:00,-1.765,-1.765,0.0,0.979113889329252,-0.979113889329252,True
2025-09-19 12:00:00,-1.768,-1.768,0.0,0.9580737116713836,-0.9580737116713836,True
2025-09-19 13:00:00,-1.768,-1.768,0.0,0.8621030764352837,-0.8621030764352837,True
2025-09-19 14:00:00,-1.769,-1.769,0.0,0.7269957467147983,-0.7269957467147983,True
2025-09-19 15:00:00,-1.767,-1.767,0.0,0.4688846613740762,-0.4688846613740762,True
2025-09-19 16:00:00,-1.767,-1.767,0.0,0.2355415488480748,-0.2355415488480748,True
2025-09-19 17:00:00,-1.766,-1.766,0.0,0.0219377987000865,-0.0219377987000865,True
2025-09-19 18:00:00,-1.766,-1.766,0.0,0.0,0.0,True
2025-09-19 19:00:00,-1.763,-1.763,0.0,0.0,0.0,True
2025-09-19 20:00:00,-1.762,-1.762,0.0,0.0,0.0,True
2025-09-19 21:00:00,-1.761,-1.761,0.0,0.0,0.0,True
2025-09-19 22:00:00,-1.76,-1.76,0.0,0.0,0.0,True
2025-09-19 23:00:00,-1.76,-1.76,0.0,0.0,0.0,True
2025-09-20 00:00:00,-1.758,-1.758,0.0,0.0,0.0,True
2025-09-20 01:00:00,-1.759,-1.759,0.0,0.0,0.0,True
2025-09-20 02:00:00,-1.758,-1.758,0.0,0.0,0.0,True
2025-09-20 03:00:00,-1.756,-1.756,0.0,0.0,0.0,True
2025-09-20 04:00:00,-1.757,-1.757,0.0,0.0,0.0,True
2025-09-20 05:00:00,-1.755,-1.755,0.0,0.0085206302023047,-0.0085206302023047,True
2025-09-20 06:00:00,-1.755,-1.755,0.0,0.0861732903951905,-0.0861732903951905,True
2025-09-20 07:00:00,-1.754,-1.754,0.0,0.2767877182409459,-0.2767877182409459,True
2025-09-20 08:00:00,-1.754,-1.754,0.0,0.6004000264754848,-0.6004000264754848,True
2025-09-20 09:00:00,-1.754,-1.754,0.0,0.5976107159430349,-0.5976107159430349,True
2025-09-20 10:00:00,-1.755,-1.755,0.0,0.3815534052299134,-0.3815534052299134,True
2025-09-20 11:00:00,-1.757,-1.757,1.0,0.0832155522704303,0.9167844477295697,True
2025-09-20 12:00:00,-1.757,-1.757,1.3,0.0823185578594567,1.2176814421405433,True
2025-09-20 13:00:00,-1.756,-1.756,0.2,0.09048195491495,0.10951804508505002,True
2025-09-20 14:00:00,-1.756,-1.756,0.0,0.2676411441410559,-0.2676411441410559,True
2025-09-20 15:00:00,-1.754,-1.754,0.0,0.2641849945310058,-0.2641849945310058,True
2025-09-20 16:00:00,-1.755,-1.755,0.0,0.1447894714205712,-0.1447894714205712,True
2025-09-20 17:00:00,-1.754,-1.754,0.0,0.0217812822192673,-0.0217812822192673,True
2025-09-20 18:00:00,-1.753,-1.753,0.0,0.0,0.0,True
2025-09-20 19:00:00,-1.753,-1.753,0.0,0.0,0.0,True
2025-09-20 20:00:00,-1.751,-1.751,0.0,0.0,0.0,True
2025-09-20 21:00:00,-1.749,-1.749,0.0,0.0,0.0,True
2025-09-20 22:00:00,-1.748,-1.748,0.1,0.0,0.1,True
2025-09-20 23:00:00,-1.749,-1.749,0.1,0.0,0.1,True
2025-09-21 00:00:00,-1.749,-1.749,0.0,0.0,0.0,True
2025-09-21 01:00:00,-1.75,-1.75,0.0,0.0,0.0,True
2025-09-21 02:00:00,-1.749,-1.749,0.0,0.0,0.0,True
2025-09-21 03:00:00,-1.749,-1.749,0.0,0.0,0.0,True
2025-09-21 04:00:00,-1.749,-1.749,0.0,0.0,0.0,True
2025-09-21 05:00:00,-1.75,-1.75,0.0,0.0160998833828993,-0.0160998833828993,True
2025-09-21 06:00:00,-1.75,-1.75,0.0,0.1008410702949567,-0.1008410702949567,True
2025-09-21 07:00:00,-1.75,-1.75,0.1,0.1268395722015164,-0.026839572201516393,True
2025-09-21 08:00:00,-1.75,-1.75,0.3,0.2322956086037857,0.06770439139621429,True
2025-09-21 09:00:00,-1.753,-1.753,0.2,0.3574785815744333,-0.15747858157443329,True
2025-09-21 10:00:00,-1.754,-1.754,0.0,0.4728932227375673,-0.4728932227375673,True
2025-09-21 11:00:00,-1.756,-1.756,0.3,0.6291314699032958,-0.32913146990329584,True
2025-09-21 12:00:00,-1.76,-1.76,0.0,0.6014171724126687,-0.6014171724126687,True
2025-09-21 13:00:00,-1.761,-1.761,0.0,0.4800034946039941,-0.4800034946039941,True
2025-09-21 14:00:00,-1.764,-1.764,0.0,0.3872877813811084,-0.3872877813811084,True
2025-09-21 15:00:00,-1.767,-1.767,0.0,0.2283583948986368,-0.2283583948986368,True
2025-09-21 16:00:00,-1.769,-1.769,0.0,0.1038860096845756,-0.1038860096845756,True
2025-09-21 17:00:00,-1.768,-1.768,0.0,0.0110182136284918,-0.0110182136284918,True
2025-09-21 18:00:00,-1.768,-1.768,0.0,0.0,0.0,True
2025-09-21 19:00:00,-1.768,-1.768,0.0,0.0,0.0,True
2025-09-21 20:00:00,-1.769,-1.769,0.0,0.0,0.0,True
2025-09-21 21:00:00,-1.769,-1.769,0.0,0.0,0.0,True
2025-09-21 22:00:00,-1.77,-1.77,0.0,0.0,0.0,True
2025-09-21 23:00:00,-1.772,-1.772,0.0,0.0,0.0,True
2025-09-22 00:00:00,-1.772,-1.772,0.0,0.0,0.0,True
2025-09-22 01:00:00,-1.772,-1.772,0.0,0.0,0.0,True
2025-09-22 02:00:00,-1.773,-1.773,0.0,0.0,0.0,True
2025-09-22 03:00:00,-1.773,-1.773,0.0,0.0,0.0,True
2025-09-22 04:00:00,-1.772,-1.772,0.0,0.0,0.0,True
2025-09-22 05:00:00,-1.774,-1.774,0.0,0.0034441134186038,-0.0034441134186038,True
2025-09-22 06:00:00,-1.773,-1.773,0.0,0.0390485606083955,-0.0390485606083955,True
2025-09-22 07:00:00,-1.775,-1.775,0.0,0.2932894728403352,-0.2932894728403352,True
2025-09-22 08:00:00,-1.775,-1.775,0.0,0.4167872471585339,-0.4167872471585339,True
2025-09-22 09:00:00,-1.777,-1.777,0.0,0.7291672441650372,-0.7291672441650372,True
2025-09-22 10:00:00,-1.778,-1.778,0.0,0.7727944023791685,-0.7727944023791685,True
2025-09-22 11:00:00,-1.78,-1.78,0.0,0.9722503095912628,-0.9722503095912628,True
2025-09-22 12:00:00,-1.782,-1.782,0.0,0.7037879000346052,-0.7037879000346052,True
2025-09-22 13:00:00,-1.782,-1.782,0.0,0.6563508716037731,-0.6563508716037731,True
2025-09-22 14:00:00,-1.784,-1.784,0.0,0.5345184292234867,-0.5345184292234867,True
2025-09-22 15:00:00,-1.784,-1.784,0.0,0.1981868315648694,-0.1981868315648694,True
2025-09-22 16:00:00,-1.784,-1.784,0.0,0.0832454661178924,-0.0832454661178924,True
2025-09-22 17:00:00,-1.784,-1.784,0.0,0.0109338036145642,-0.0109338036145642,True
2025-09-22 18:00:00,-1.786,-1.786,0.0,0.0,0.0,True
2025-09-22 19:00:00,-1.785,-1.785,0.0,0.0,0.0,True
2025-09-22 20:00:00,-1.786,-1.786,0.0,0.0,0.0,True
2025-09-22 21:00:00,-1.786,-1.786,0.0,0.0,0.0,True
2025-09-22 22:00:00,-1.787,-1.787,0.0,0.0,0.0,True
2025-09-22 23:00:00,-1.787,-1.787,0.0,0.0,0.0,True
2025-09-23 00:00:00,-1.788,-1.788,0.0,0.0,0.0,True
2025-09-23 01:00:00,-1.788,-1.788,0.0,0.0,0.0,True
2025-09-23 02:00:00,-1.787,-1.787,0.0,0.0,0.0,True
2025-09-23 03:00:00,-1.788,-1.788,0.0,0.0,0.0,True
2025-09-23 04:00:00,-1.788,-1.788,0.0,0.0,0.0,True
2025-09-23 05:00:00,-1.788,-1.788,0.0,0.0097152132583473,-0.0097152132583473,True
2025-09-23 06:00:00,-1.789,-1.789,0.0,0.1048736048765264,-0.1048736048765264,True
2025-09-23 07:00:00,-1.789,-1.789,0.0,0.3275240650833128,-0.3275240650833128,True
2025-09-23 08:00:00,-1.79,-1.79,0.0,0.5596818920568282,-0.5596818920568282,True
2025-09-23 09:00:00,-1.791,-1.791,0.0,0.71445073111,-0.71445073111,True
2025-09-23 10:00:00,-1.793,-1.793,0.1,0.6640680152629204,-0.5640680152629204,True
2025-09-23 11:00:00,-1.795,-1.795,0.0,0.8937662670018526,-0.8937662670018526,True
2025-09-23 12:00:00,-1.796,-1.796,0.0,0.8624438039010284,-0.8624438039010284,True
2025-09-23 13:00:00,-1.798,-1.798,0.0,0.7778904897930844,-0.7778904897930844,True
2025-09-23 14:00:00,-1.798,-1.798,0.0,0.5326567830136892,-0.5326567830136892,True
2025-09-23 15:00:00,-1.799,-1.799,0.0,0.3888891968880198,-0.3888891968880198,True
2025-09-23 16:00:00,-1.8,-1.8,0.0,0.1740162194155857,-0.1740162194155857,True
2025-09-23 17:00:00,-1.799,-1.799,0.0,0.0151355392941622,-0.0151355392941622,True
2025-09-23 18:00:00,-1.8,-1.8,0.0,0.0,0.0,True
2025-09-23 19:00:00,-1.801,-1.801,0.0,0.0,0.0,True
2025-09-23 20:00:00,-1.8,-1.8,0.0,0.0,0.0,True
2025-09-23 21:00:00,-1.801,-1.801,0.0,0.0,0.0,True
2025-09-23 22:00:00,-1.803,-1.803,0.0,0.0,0.0,True
2025-09-23 23:00:00,-1.804,-1.804,0.0,0.0,0.0,True
2025-09-24 00:00:00,-1.804,-1.804,0.0,0.0,0.0,True
2025-09-24 01:00:00,-1.807,-1.807,0.0,0.0,0.0,True
2025-09-24 02:00:00,-1.807,-1.807,0.0,0.0,0.0,True
2025-09-24 03:00:00,-1.807,-1.807,0.0,0.0,0.0,True
2025-09-24 04:00:00,-1.809,-1.809,0.0,0.0,0.0,True
2025-09-24 05:00:00,-1.809,-1.809,0.0,0.0129536176777964,-0.0129536176777964,True
2025-09-24 06:00:00,-1.81,-1.81,0.0,0.1486565346467697,-0.1486565346467697,True
2025-09-24 07:00:00,-1.81,-1.81,0.0,0.3472734251733361,-0.3472734251733361,True
2025-09-24 08:00:00,-1.811,-1.811,0.0,0.5435631563307547,-0.5435631563307547,True
2025-09-24 09:00:00,,,0.0,0.6991671541637858,-0.6991671541637858,True
2025-09-24 10:00:00,,,0.0,0.8170690816821419,-0.8170690816821419,True
2025-09-24 11:00:00,,,0.0,0.803112557179772,-0.803112557179772,True
2025-09-24 12:00:00,,,0.0,0.7704988492739946,-0.7704988492739946,True
2025-09-24 13:00:00,,,0.0,0.6781547013243319,-0.6781547013243319,True
2025-09-24 14:00:00,,,0.0,0.5491986503160216,-0.5491986503160216,True
2025-09-24 15:00:00,,,0.0,0.3351677899826068,-0.3351677899826068,True
2025-09-24 16:00:00,,,0.0,0.1041300346744877,-0.1041300346744877,True
2025-09-24 17:00:00,,,0.0,0.0112689433377935,-0.0112689433377935,True
2025-09-24 18:00:00,,,0.0,0.0,0.0,True
2025-09-24 19:00:00,,,0.0,0.0,0.0,True
2025-09-24 20:00:00,,,0.0,0.0,0.0,True
2025-09-24 21:00:00,,,0.0,0.0,0.0,True
2025-09-24 22:00:00,,,0.0,0.0,0.0,True
2025-09-24 23:00:00,,,0.0,0.0,0.0,True
2025-09-25 00:00:00,,,0.0,0.0,0.0,True
2025-09-25 01:00:00,,,0.0,0.0,0.0,True
2025-09-25 02:00:00,,,0.0,0.0,0.0,True
2025-09-25 03:00:00,,,0.0,0.0,0.0,True
2025-09-25 04:00:00,,,0.0,0.0,0.0,True
2025-09-25 05:00:00,,,0.0,0.0070231825192291,-0.0070231825192291,True
2025-09-25 06:00:00,,,0.0,0.1015215358563305,-0.1015215358563305,True
2025-09-25 07:00:00,,,0.0,0.2766011008413171,-0.2766011008413171,True
2025-09-25 08:00:00,,,0.0,0.4469882669016584,-0.4469882669016584,True
2025-09-25 09:00:00,-1.83,-1.83,0.0,0.6185101575922192,-0.6185101575922192,True
2025-09-25 10:00:00,-1.828,-1.828,0.0,0.5056284077489562,-0.5056284077489562,True
2025-09-25 11:00:00,-1.831,-1.831,0.0,0.7312632020304543,-0.7312632020304543,True
2025-09-25 12:00:00,-1.832,-1.832,0.0,0.8310425108336926,-0.8310425108336926,True
2025-09-25 13:00:00,-1.834,-1.834,0.0,0.5813203770363761,-0.5813203770363761,True
2025-09-25 14:00:00,-1.834,-1.834,0.0,0.4567794027548069,-0.4567794027548069,True
2025-09-25 15:00:00,-1.836,-1.836,0.0,0.2414982507434901,-0.2414982507434901,True
2025-09-25 16:00:00,-1.836,-1.836,0.0,0.0819334818517753,-0.0819334818517753,True
2025-09-25 17:00:00,-1.835,-1.835,0.0,0.0113241334295653,-0.0113241334295653,True
2025-09-25 18:00:00,-1.836,-1.836,0.0,0.0,0.0,True
2025-09-25 19:00:00,-1.836,-1.836,0.0,0.0,0.0,True
2025-09-25 20:00:00,-1.835,-1.835,0.0,0.0,0.0,True
2025-09-25 21:00:00,-1.838,-1.838,0.0,0.0,0.0,True
2025-09-25 22:00:00,-1.838,-1.838,0.0,0.0,0.0,True
2025-09-25 23:00:00,-1.838,-1.838,0.0,0.0,0.0,True
2025-09-26 00:00:00,-1.839,-1.839,0.0,0.0,0.0,True
2025-09-26 01:00:00,-1.839,-1.839,0.0,0.0,0.0,True
2025-09-26 02:00:00,-1.84,-1.84,0.0,0.0,0.0,True
2025-09-26 03:00:00,-1.838,-1.838,0.0,0.0,0.0,True
2025-09-26 04:00:00,-1.838,-1.838,0.0,0.0,0.0,True
2025-09-26 05:00:00,-1.838,-1.838,0.0,0.0037193268616086,-0.0037193268616086,True
2025-09-26 06:00:00,-1.837,-1.837,0.0,0.0523299379970059,-0.0523299379970059,True
2025-09-26 07:00:00,-1.838,-1.838,0.0,0.1324359688239198,-0.1324359688239198,True
2025-09-26 08:00:00,-1.838,-1.838,0.0,0.2610230794236886,-0.2610230794236886,True
2025-09-26 09:00:00,-1.839,-1.839,0.0,0.5866330214320135,-0.5866330214320135,True
2025-09-26 10:00:00,-1.84,-1.84,0.0,0.5134466702468499,-0.5134466702468499,True
2025-09-26 11:00:00,-1.84,-1.84,0.0,0.8582163548450479,-0.8582163548450479,True
2025-09-26 12:00:00,-1.842,-1.842,0.0,0.2958409844224826,-0.2958409844224826,True
2025-09-26 13:00:00,-1.843,-1.843,0.0,0.639814503117406,-0.639814503117406,True
2025-09-26 14:00:00,-1.845,-1.845,0.0,0.3981326045267372,-0.3981326045267372,True
2025-09-26 15:00:00,-1.845,-1.845,0.0,0.1747917885409464,-0.1747917885409464,True
2025-09-26 16:00:00,-1.845,-1.845,0.0,0.1220536248596162,-0.1220536248596162,True
2025-09-26 17:00:00,-1.845,-1.845,0.0,0.0075494222863768,-0.0075494222863768,True
2025-09-26 18:00:00,-1.846,-1.846,0.0,0.0,0.0,True
2025-09-26 19:00:00,-1.845,-1.845,0.0,0.0,0.0,True
2025-09-26 20:00:00,-1.846,-1.846,0.0,0.0,0.0,True
2025-09-26 21:00:00,-1.846,-1.846,0.0,0.0,0.0,True
2025-09-26 22:00:00,-1.846,-1.846,0.0,0.0,0.0,True
2025-09-26 23:00:00,-1.845,-1.845,0.0,0.0,0.0,True
2025-09-27 00:00:00,-1.846,-1.846,0.0,0.0,0.0,True
2025-09-27 01:00:00,-1.845,-1.845,0.0,0.0,0.0,True
2025-09-27 02:00:00,-1.845,-1.845,0.0,0.0,0.0,True
2025-09-27 03:00:00,-1.845,-1.845,0.1,0.0,0.1,True
2025-09-27 04:00:00,-1.844,-1.844,0.0,0.0,0.0,True
2025-09-27 05:00:00,-1.844,-1.844,0.0,0.0037193268616086,-0.0037193268616086,True
2025-09-27 06:00:00,-1.845,-1.845,0.0,0.0717195117205802,-0.0717195117205802,True
2025-09-27 07:00:00,-1.846,-1.846,0.0,0.1219617880094824,-0.1219617880094824,True
2025-09-27 08:00:00,-1.847,-1.847,0.0,0.3456472416622938,-0.3456472416622938,True
2025-09-27 09:00:00,-1.847,-1.847,0.0,0.2335996329568175,-0.2335996329568175,True
2025-09-27 10:00:00,-1.847,-1.847,0.0,0.2841630508268583,-0.2841630508268583,True
2025-09-27 11:00:00,-1.849,-1.849,0.0,0.5255350379752931,-0.5255350379752931,True
2025-09-27 12:00:00,-1.849,-1.849,0.0,0.5289991983166008,-0.5289991983166008,True
2025-09-27 13:00:00,-1.85,-1.85,0.0,0.3941512784814698,-0.3941512784814698,True
2025-09-27 14:00:00,-1.85,-1.85,0.0,0.2369605068693099,-0.2369605068693099,True
2025-09-27 15:00:00,-1.851,-1.851,0.0,0.1522876480002335,-0.1522876480002335,True
2025-09-27 16:00:00,-1.852,-1.852,0.0,0.0355942266986425,-0.0355942266986425,True
2025-09-27 17:00:00,-1.851,-1.851,0.0,0.0038746914914471,-0.0038746914914471,True
2025-09-27 18:00:00,-1.851,-1.851,0.0,0.0,0.0,True
2025-09-27 19:00:00,-1.851,-1.851,0.0,0.0,0.0,True
2025-09-27 20:00:00,-1.853,-1.853,0.0,0.0,0.0,True
2025-09-27 21:00:00,-1.853,-1.853,0.0,0.0,0.0,True
2025-09-27 22:00:00,-1.854,-1.854,0.0,0.0,0.0,True
2025-09-27 23:00:00,-1.855,-1.855,0.0,0.0,0.0,True
2025-09-28 00:00:00,-1.855,-1.855,0.0,0.0,0.0,True
2025-09-28 01:00:00,-1.855,-1.855,0.0,0.0,0.0,True
2025-09-28 02:00:00,-1.855,-1.855,0.0,0.0,0.0,True
2025-09-28 03:00:00,-1.855,-1.855,0.0,0.0,0.0,True
2025-09-28 04:00:00,-1.855,-1.855,0.0,0.0,0.0,True
2025-09-28 05:00:00,-1.855,-1.855,0.0,0.0072137576802762,-0.0072137576802762,True
2025-09-28 06:00:00,-1.855,-1.855,0.0,0.1094666231524646,-0.1094666231524646,True
2025-09-28 07:00:00,-1.854,-1.854,0.0,0.3167526306675621,-0.3167526306675621,True
2025-09-28 08:00:00,-1.856,-1.856,0.0,0.531389145487906,-0.531389145487906,True
2025-09-28 09:00:00,-1.856,-1.856,0.0,0.6975902202182449,-0.6975902202182449,True
2025-09-28 10:00:00,-1.856,-1.856,0.0,0.8334280307079377,-0.8334280307079377,True
2025-09-28 11:00:00,-1.858,-1.858,0.0,0.8253674362532765,-0.8253674362532765,True
2025-09-28 12:00:00,-1.86,-1.86,0.0,0.8562733868347762,-0.8562733868347762,True
2025-09-28 13:00:00,-1.862,-1.862,0.0,0.6906638933630825,-0.6906638933630825,True
2025-09-28 14:00:00,-1.863,-1.863,0.0,0.4370275647271276,-0.4370275647271276,True
2025-09-28 15:00:00,-1.863,-1.863,0.0,0.3128472621993926,-0.3128472621993926,True
2025-09-28 16:00:00,-1.863,-1.863,0.0,0.0968074274831584,-0.0968074274831584,True
2025-09-28 17:00:00,-1.863,-1.863,0.0,0.0038113058752963,-0.0038113058752963,True
2025-09-28 18:00:00,-1.861,-1.861,0.0,0.0,0.0,True
2025-09-28 19:00:00,-1.86,-1.86,0.0,0.0,0.0,True
2025-09-28 20:00:00,-1.862,-1.862,0.0,0.0,0.0,True
2025-09-28 21:00:00,-1.86,-1.86,0.0,0.0,0.0,True
2025-09-28 22:00:00,-1.861,-1.861,0.0,0.0,0.0,True
2025-09-28 23:00:00,-1.86,-1.86,0.0,0.0,0.0,True
2025-09-29 00:00:00,-1.86,-1.86,0.0,0.0,0.0,True
2025-09-29 01:00:00,-1.861,-1.861,0.0,0.0,0.0,True
2025-09-29 02:00:00,-1.862,-1.862,0.0,0.0,0.0,True
2025-09-29 03:00:00,-1.86,-1.86,0.0,0.0,0.0,True
2025-09-29 04:00:00,-1.862,-1.862,0.0,0.0,0.0,True
2025-09-29 05:00:00,-1.863,-1.863,0.0,0.0031888179171425,-0.0031888179171425,True
2025-09-29 06:00:00,-1.864,-1.864,0.0,0.1023919414705948,-0.1023919414705948,True
2025-09-29 07:00:00,-1.862,-1.862,0.0,0.3702633222098656,-0.3702633222098656,True
2025-09-29 08:00:00,-1.864,-1.864,0.0,0.4707317576547284,-0.4707317576547284,True
2025-09-29 09:00:00,-1.866,-1.866,0.0,0.6450928350281633,-0.6450928350281633,True
2025-09-29 10:00:00,-1.864,-1.864,0.0,0.5547849673253912,-0.5547849673253912,True
2025-09-29 11:00:00,-1.865,-1.865,0.0,0.4135062683855937,-0.4135062683855937,True
2025-09-29 12:00:00,-1.866,-1.866,0.0,0.3663758940915814,-0.3663758940915814,True
2025-09-29 13:00:00,-1.869,-1.869,0.0,0.4584504845666928,-0.4584504845666928,True
2025-09-29 14:00:00,-1.866,-1.866,0.0,0.3685197404225648,-0.3685197404225648,True
2025-09-29 15:00:00,-1.866,-1.866,0.0,0.3139793030321476,-0.3139793030321476,True
2025-09-29 16:00:00,-1.867,-1.867,0.0,0.0796265209053474,-0.0796265209053474,True
2025-09-29 17:00:00,-1.867,-1.867,0.0,0.0036914199039699,-0.0036914199039699,True
2025-09-29 18:00:00,-1.867,-1.867,0.0,0.0,0.0,True
2025-09-29 19:00:00,-1.867,-1.867,0.0,0.0,0.0,True
2025-09-29 20:00:00,-1.87,-1.87,0.0,0.0,0.0,True
2025-09-29 21:00:00,-1.87,-1.87,0.0,0.0,0.0,True
2025-09-29 22:00:00,-1.871,-1.871,0.0,0.0,0.0,True
2025-09-29 23:00:00,-1.869,-1.869,0.0,0.0,0.0,True
2025-09-30 00:00:00,-1.868,-1.868,0.0,0.0,0.0,True
2025-09-30 01:00:00,-1.87,-1.87,0.0,0.0,0.0,True
2025-09-30 02:00:00,-1.871,-1.871,0.0,0.0,0.0,True
2025-09-30 03:00:00,-1.869,-1.869,0.0,0.0,0.0,True
2025-09-30 04:00:00,-1.87,-1.87,0.0,0.0,0.0,True
2025-09-30 05:00:00,-1.869,-1.869,0.0,0.0107353095326756,-0.0107353095326756,True
2025-09-30 06:00:00,-1.871,-1.871,0.0,0.0943677785797108,-0.0943677785797108,True
2025-09-30 07:00:00,-1.869,-1.869,0.0,0.2872866771279487,-0.2872866771279487,True
2025-09-30 08:00:00,-1.873,-1.873,0.0,0.373014636293576,-0.373014636293576,True
2025-09-30 09:00:00,-1.874,-1.874,0.0,0.5517241352214555,-0.5517241352214555,True
2025-09-30 10:00:00,-1.875,-1.875,0.0,0.9669294507083156,-0.9669294507083156,True
2025-09-30 11:00:00,-1.876,-1.876,0.0,0.8432995476403099,-0.8432995476403099,True
2025-09-30 12:00:00,-1.878,-1.878,0.0,0.5337264514836317,-0.5337264514836317,True
2025-09-30 13:00:00,-1.879,-1.879,0.0,0.6806541785689488,-0.6806541785689488,True
2025-09-30 14:00:00,-1.88,-1.88,0.0,0.5348245810302396,-0.5348245810302396,True
2025-09-30 15:00:00,-1.88,-1.88,0.0,0.2936694847361826,-0.2936694847361826,True
2025-09-30 16:00:00,-1.881,-1.881,0.0,0.102597899905616,-0.102597899905616,True
2025-09-30 17:00:00,-1.881,-1.881,0.0,0.0036727378761639,-0.0036727378761639,True
2025-09-30 18:00:00,-1.882,-1.882,0.0,0.0,0.0,True
2025-09-30 19:00:00,-1.883,-1.883,0.0,0.0,0.0,True
2025-09-30 20:00:00,-1.883,-1.883,0.0,0.0,0.0,True
2025-09-30 21:00:00,-1.884,-1.884,0.0,0.0,0.0,True
2025-09-30 22:00:00,-1.885,-1.885,0.0,0.0,0.0,True
2025-09-30 23:00:00,-1.885,-1.885,0.0,0.0,0.0,True
2025-10-01 00:00:00,-1.883,-1.883,0.0,0.0,0.0,True
2025-10-01 01:00:00,-1.884,-1.884,0.0,0.0,0.0,True
2025-10-01 02:00:00,-1.886,-1.886,0.0,0.0,0.0,True
2025-10-01 03:00:00,-1.887,-1.887,0.0,0.0,0.0,True
2025-10-01 04:00:00,-1.886,-1.886,0.0,0.0,0.0,True
2025-10-01 05:00:00,-1.886,-1.886,0.0,0.0030590621613795,-0.0030590621613795,True
2025-10-01 06:00:00,-1.885,-1.885,0.0,0.0794371687960372,-0.0794371687960372,True
2025-10-01 07:00:00,-1.888,-1.888,0.0,0.291731677002946,-0.291731677002946,True
2025-10-01 08:00:00,-1.889,-1.889,0.0,0.4893432859488654,-0.4893432859488654,True
2025-10-01 09:00:00,-1.89,-1.89,0.0,0.6395790444339178,-0.6395790444339178,True
2025-10-01 10:00:00,-1.889,-1.889,0.0,0.7478246859260111,-0.7478246859260111,True
2025-10-01 11:00:00,-1.894,-1.894,0.0,0.7639453563111449,-0.7639453563111449,True
2025-10-01 12:00:00,-1.895,-1.895,0.0,0.7661094993984401,-0.7661094993984401,True
2025-10-01 13:00:00,-1.897,-1.897,0.0,0.6781952945494388,-0.6781952945494388,True
2025-10-01 14:00:00,-1.897,-1.897,0.0,0.4746915699709951,-0.4746915699709951,True
2025-10-01 15:00:00,-1.898,-1.898,0.0,0.3467312337179442,-0.3467312337179442,True
2025-10-01 16:00:00,-1.898,-1.898,0.0,0.1154584553127537,-0.1154584553127537,True
2025-10-01 17:00:00,-1.896,-1.896,0.0,0.0038656884849513,-0.0038656884849513,True
2025-10-01 18:00:00,-1.896,-1.896,0.0,0.0,0.0,True
2025-10-01 19:00:00,-1.895,-1.895,0.0,0.0,0.0,True
2025-10-01 20:00:00,-1.895,-1.895,0.0,0.0,0.0,True
2025-10-01 21:00:00,-1.895,-1.895,0.0,0.0,0.0,True
2025-10-01 22:00:00,-1.897,-1.897,0.0,0.0,0.0,True
2025-10-01 23:00:00,-1.894,-1.894,0.0,0.0,0.0,True
2025-10-02 00:00:00,-1.895,-1.895,0.0,0.0,0.0,True
2025-10-02 01:00:00,-1.896,-1.896,0.0,0.0,0.0,True
2025-10-02 02:00:00,-1.894,-1.894,0.0,0.0,0.0,True
2025-10-02 03:00:00,-1.893,-1.893,0.0,0.0,0.0,True
2025-10-02 04:00:00,-1.893,-1.893,0.0,0.0,0.0,True
2025-10-02 05:00:00,-1.893,-1.893,0.0,0.0036351925149014,-0.0036351925149014,True
2025-10-02 06:00:00,-1.893,-1.893,0.0,0.0699596444118484,-0.0699596444118484,True
2025-10-02 07:00:00,-1.894,-1.894,0.0,0.1369272994130733,-0.1369272994130733,True
2025-10-02 08:00:00,-1.895,-1.895,0.0,0.2194653197653529,-0.2194653197653529,True
2025-10-02 09:00:00,-1.895,-1.895,0.0,0.2462483192523275,-0.2462483192523275,True
2025-10-02 10:00:00,-1.896,-1.896,0.0,0.3661608745788487,-0.3661608745788487,True
2025-10-02 11:00:00,-1.897,-1.897,0.0,0.5214561323484078,-0.5214561323484078,True
2025-10-02 12:00:00,-1.897,-1.897,0.0,0.505512472539552,-0.505512472539552,True
2025-10-02 13:00:00,-1.896,-1.896,0.0,0.3598485235499702,-0.3598485235499702,True
2025-10-02 14:00:00,-1.895,-1.895,0.0,0.3885609239370176,-0.3885609239370176,True
2025-10-02 15:00:00,-1.894,-1.894,0.0,0.1400560538495256,-0.1400560538495256,True
2025-10-02 16:00:00,-1.894,-1.894,0.0,0.040509291342502,-0.040509291342502,True
2025-10-02 17:00:00,-1.893,-1.893,0.0,0.0,0.0,True
2025-10-02 18:00:00,-1.894,-1.894,0.0,0.0,0.0,True
2025-10-02 19:00:00,-1.892,-1.892,0.0,0.0,0.0,True
2025-10-02 20:00:00,-1.892,-1.892,0.0,0.0,0.0,True
2025-10-02 21:00:00,-1.891,-1.891,0.0,0.0,0.0,True
2025-10-02 22:00:00,-1.89,-1.89,0.0,0.0,0.0,True
2025-10-02 23:00:00,-1.889,-1.889,0.0,0.0,0.0,True
2025-10-03 00:00:00,-1.888,-1.888,0.0,0.0,0.0,True
2025-10-03 01:00:00,-1.888,-1.888,0.0,0.0,0.0,True
2025-10-03 02:00:00,-1.888,-1.888,0.0,0.0,0.0,True
2025-10-03 03:00:00,-1.889,-1.889,0.0,0.0,0.0,True
2025-10-03 04:00:00,-1.888,-1.888,0.8,0.0,0.8,True
2025-10-03 05:00:00,-1.887,-1.887,0.2,0.0,0.2,True
2025-10-03 06:00:00,-1.886,-1.886,0.0,0.0290061531018087,-0.0290061531018087,True
2025-10-03 07:00:00,-1.886,-1.886,0.0,0.0954911847802624,-0.0954911847802624,True
2025-10-03 08:00:00,-1.885,-1.885,0.0,0.1301764401563032,-0.1301764401563032,True
2025-10-03 09:00:00,-1.885,-1.885,0.0,0.1929781260005689,-0.1929781260005689,True
2025-10-03 10:00:00,-1.884,-1.884,0.0,0.2456687806340598,-0.2456687806340598,True
2025-10-03 11:00:00,-1.884,-1.884,0.0,0.2270101693107394,-0.2270101693107394,True
2025-10-03 12:00:00,-1.882,-1.882,0.0,0.1829542929981142,-0.1829542929981142,True
2025-10-03 13:00:00,-1.88,-1.88,0.0,0.1388400462326502,-0.1388400462326502,True
2025-10-03 14:00:00,-1.881,-1.881,0.0,0.0852432128118369,-0.0852432128118369,True
2025-10-03 15:00:00,-1.879,-1.879,0.0,0.042522573334465,-0.042522573334465,True
2025-10-03 16:00:00,-1.878,-1.878,0.1,0.0115157240922215,0.0884842759077785,True
2025-10-03 17:00:00,-1.876,-1.876,1.5,0.0,1.5,True
2025-10-03 18:00:00,-1.874,-1.874,1.7,0.0,1.7,True
2025-10-03 19:00:00,-1.874,-1.874,2.4,0.0,2.4,True
2025-10-03 20:00:00,-1.872,-1.872,2.2,0.0,2.2,True
2025-10-03 21:00:00,-1.868,-1.868,2.1,0.0,2.1,True
2025-10-03 22:00:00,-1.863,-1.863,1.1,0.0,1.1,True
2025-10-03 23:00:00,-1.855,-1.855,0.4,0.0,0.4,True
2025-10-04 00:00:00,-1.846,-1.846,4.1,0.0,4.1,True
2025-10-04 01:00:00,-1.838,-1.838,4.2,0.0,4.2,True
2025-10-04 02:00:00,-1.833,-1.833,3.7,0.0,3.7,True
2025-10-04 03:00:00,-1.821,-1.821,6.3,0.0,6.3,True
2025-10-04 04:00:00,-1.812,-1.812,1.9,0.0,1.9,True
2025-10-04 05:00:00,-1.802,-1.802,2.5,0.0,2.5,True
2025-10-04 06:00:00,-1.79,-1.79,0.2,0.0119439781358021,0.1880560218641979,True
2025-10-04 07:00:00,-1.783,-1.783,0.0,0.0721362543159001,-0.0721362543159001,True
2025-10-04 08:00:00,-1.775,-1.775,0.0,0.3302137925459977,-0.3302137925459977,True
2025-10-04 09:00:00,-1.77,-1.77,0.0,0.5445580841144236,-0.5445580841144236,True
2025-10-04 10:00:00,-1.762,-1.762,0.4,0.4260817914121975,-0.026081791412197464,True
2025-10-04 11:00:00,-1.756,-1.756,0.0,0.6626861632785788,-0.6626861632785788,True
2025-10-04 12:00:00,-1.75,-1.75,0.0,0.3191968516137313,-0.3191968516137313,True
2025-10-04 13:00:00,-1.748,-1.748,0.2,0.3723468219347384,-0.17234682193473838,True
2025-10-04 14:00:00,-1.741,-1.741,0.6,0.2242099321271794,0.37579006787282054,True
2025-10-04 15:00:00,-1.741,-1.741,0.6,0.0967024984018253,0.5032975015981747,True
2025-10-04 16:00:00,-1.739,-1.739,0.1,0.0382950217961995,0.061704978203800505,True
2025-10-04 17:00:00,-1.737,-1.737,0.0,0.0,0.0,True
2025-10-04 18:00:00,-1.736,-1.736,0.8,0.0,0.8,True
2025-10-04 19:00:00,-1.736,-1.736,0.0,0.0,0.0,True
2025-10-04 20:00:00,-1.735,-1.735,1.1,0.0,1.1,True
2025-10-04 21:00:00,-1.736,-1.736,0.0,0.0,0.0,True
2025-10-04 22:00:00,-1.737,-1.737,0.0,0.0,0.0,True
2025-10-04 23:00:00,-1.738,-1.738,0.0,0.0,0.0,True
2025-10-05 00:00:00,-1.738,-1.738,0.0,0.0,0.0,True
2025-10-05 01:00:00,-1.737,-1.737,0.0,0.0,0.0,True
2025-10-05 02:00:00,-1.739,-1.739,0.2,0.0,0.2,True
2025-10-05 03:00:00,-1.739,-1.739,0.6,0.0,0.6,True
2025-10-05 04:00:00,-1.737,-1.737,1.4,0.0,1.4,True
2025-10-05 05:00:00,-1.736,-1.736,0.5,0.0,0.5,True
2025-10-05 06:00:00,-1.735,-1.735,0.6,0.0295313592317595,0.5704686407682404,True
2025-10-05 07:00:00,-1.736,-1.736,0.2,0.1585378680139142,0.04146213198608581,True
2025-10-05 08:00:00,-1.735,-1.735,0.0,0.1612201372911017,-0.1612201372911017,True
2025-10-05 09:00:00,-1.735,-1.735,0.5,0.2237894727677704,0.2762105272322296,True
2025-10-05 10:00:00,-1.732,-1.732,0.2,0.2159734052507893,-0.015973405250789302,True
2025-10-05 11:00:00,-1.733,-1.733,0.0,0.2602063504648729,-0.2602063504648729,True
2025-10-05 12:00:00,-1.731,-1.731,0.0,0.2164785551572767,-0.2164785551572767,True
2025-10-05 13:00:00,-1.733,-1.733,0.0,0.1634910703387404,-0.1634910703387404,True
2025-10-05 14:00:00,-1.73,-1.73,0.0,0.2019511973757222,-0.2019511973757222,True
2025-10-05 15:00:00,-1.731,-1.731,0.0,0.0895308242331197,-0.0895308242331197,True
2025-10-05 16:00:00,-1.73,-1.73,0.0,0.0310694149808803,-0.0310694149808803,True
2025-10-05 17:00:00,-1.731,-1.731,0.0,0.0,0.0,True
2025-10-05 18:00:00,-1.731,-1.731,0.0,0.0,0.0,True
2025-10-05 19:00:00,-1.734,-1.734,0.0,0.0,0.0,True
2025-10-05 20:00:00,-1.734,-1.734,0.0,0.0,0.0,True
2025-10-05 21:00:00,-1.735,-1.735,0.0,0.0,0.0,True
2025-10-05 22:00:00,-1.736,-1.736,0.0,0.0,0.0,True
2025-10-05 23:00:00,-1.737,-1.737,0.0,0.0,0.0,True
2025-10-06 00:00:00,-1.737,-1.737,0.0,0.0,0.0,True
2025-10-06 01:00:00,-1.737,-1.737,0.0,0.0,0.0,True
2025-10-06 02:00:00,-1.738,-1.738,0.0,0.0,0.0,True
2025-10-06 03:00:00,-1.738,-1.738,0.6,0.0,0.6,True
2025-10-06 04:00:00,-1.737,-1.737,0.2,0.0,0.2,True
2025-10-06 05:00:00,-1.738,-1.738,0.1,0.0,0.1,True
2025-10-06 06:00:00,-1.74,-1.74,0.0,0.0079450812973157,-0.0079450812973157,True
2025-10-06 07:00:00,-1.74,-1.74,0.0,0.0598513910683226,-0.0598513910683226,True
2025-10-06 08:00:00,-1.741,-1.741,0.1,0.0719791316007081,0.02802086839929191,True
2025-10-06 09:00:00,-1.743,-1.743,0.2,0.1405697922106076,0.0594302077893924,True
2025-10-06 10:00:00,-1.745,-1.745,0.1,0.1989176237605479,-0.09891762376054788,True
2025-10-06 11:00:00,-1.744,-1.744,0.1,0.3186577821320633,-0.2186577821320633,True
2025-10-06 12:00:00,-1.746,-1.746,0.1,0.1862956216709772,-0.08629562167097721,True
2025-10-06 13:00:00,-1.747,-1.747,0.0,0.0990934157824347,-0.0990934157824347,True
2025-10-06 14:00:00,-1.748,-1.748,0.0,0.0635606503785259,-0.0635606503785259,True
2025-10-06 15:00:00,-1.746,-1.746,0.1,0.0196860685257445,0.0803139314742555,True
2025-10-06 16:00:00,-1.747,-1.747,0.0,0.0118912098938921,-0.0118912098938921,True
2025-10-06 17:00:00,-1.747,-1.747,0.0,0.0,0.0,True
2025-10-06 18:00:00,-1.747,-1.747,0.0,0.0,0.0,True
2025-10-06 19:00:00,-1.745,-1.745,0.0,0.0,0.0,True
2025-10-06 20:00:00,-1.746,-1.746,0.0,0.0,0.0,True
2025-10-06 21:00:00,-1.748,-1.748,0.0,0.0,0.0,True
2025-10-06 22:00:00,-1.748,-1.748,0.0,0.0,0.0,True
2025-10-06 23:00:00,-1.748,-1.748,0.0,0.0,0.0,True
2025-10-07 00:00:00,-1.749,-1.749,0.0,0.0,0.0,True
2025-10-07 01:00:00,-1.749,-1.749,0.0,0.0,0.0,True
2025-10-07 02:00:00,-1.747,-1.747,0.0,0.0,0.0,True
2025-10-07 03:00:00,-1.748,-1.748,0.0,0.0,0.0,True
2025-10-07 04:00:00,-1.746,-1.746,0.0,0.0,0.0,True
2025-10-07 05:00:00,-1.746,-1.746,0.0,0.0039725406486578,-0.0039725406486578,True
2025-10-07 06:00:00,-1.747,-1.747,0.0,0.0399884064448378,-0.0399884064448378,True
2025-10-07 07:00:00,-1.748,-1.748,0.0,0.1210092843539481,-0.1210092843539481,True
2025-10-07 08:00:00,-1.746,-1.746,0.0,0.2238087817761456,-0.2238087817761456,True
2025-10-07 09:00:00,-1.749,-1.749,0.0,0.3388687268253469,-0.3388687268253469,True
2025-10-07 10:00:00,-1.748,-1.748,0.0,0.3200525051834504,-0.3200525051834504,True
2025-10-07 11:00:00,-1.748,-1.748,0.0,0.2912966782106113,-0.2912966782106113,True
2025-10-07 12:00:00,-1.75,-1.75,0.0,0.2357628257741184,-0.2357628257741184,True
2025-10-07 13:00:00,-1.749,-1.749,0.0,0.3405463406000079,-0.3405463406000079,True
2025-10-07 14:00:00,-1.749,-1.749,0.0,0.2183226721772016,-0.2183226721772016,True
2025-10-07 15:00:00,-1.749,-1.749,0.0,0.0974290402092479,-0.0974290402092479,True
2025-10-07 16:00:00,-1.749,-1.749,0.0,0.0121527874027506,-0.0121527874027506,True
2025-10-07 17:00:00,-1.749,-1.749,0.0,0.0,0.0,True
2025-10-07 18:00:00,-1.747,-1.747,0.0,0.0,0.0,True
2025-10-07 19:00:00,-1.748,-1.748,0.0,0.0,0.0,True
2025-10-07 20:00:00,-1.747,-1.747,0.0,0.0,0.0,True
2025-10-07 21:00:00,-1.748,-1.748,0.0,0.0,0.0,True
2025-10-07 22:00:00,-1.746,-1.746,0.0,0.0,0.0,True
2025-10-07 23:00:00,-1.746,-1.746,0.0,0.0,0.0,True
2025-10-08 00:00:00,-1.746,-1.746,0.0,0.0,0.0,True
2025-10-08 01:00:00,-1.746,-1.746,0.0,0.0,0.0,True
2025-10-08 02:00:00,-1.745,-1.745,0.0,0.0,0.0,True
2025-10-08 03:00:00,-1.744,-1.744,0.0,0.0,0.0,True
2025-10-08 04:00:00,-1.743,-1.743,0.0,0.0,0.0,True
2025-10-08 05:00:00,-1.742,-1.742,0.0,0.0,0.0,True
2025-10-08 06:00:00,-1.74,-1.74,0.0,0.0235166413853519,-0.0235166413853519,True
2025-10-08 07:00:00,-1.741,-1.741,0.0,0.0476704877838944,-0.0476704877838944,True
2025-10-08 08:00:00,-1.741,-1.741,0.0,0.0641211149474667,-0.0641211149474667,True
2025-10-08 09:00:00,-1.742,-1.742,0.0,0.068719025193201,-0.068719025193201,True
2025-10-08 10:00:00,-1.745,-1.745,0.0,0.1940043807707545,-0.1940043807707545,True
2025-10-08 11:00:00,-1.745,-1.745,0.0,0.1274353811370079,-0.1274353811370079,True
2025-10-08 12:00:00,-1.745,-1.745,0.2,0.231393970496964,-0.03139397049696399,True
2025-10-08 13:00:00,-1.745,-1.745,0.0,0.2901224948950036,-0.2901224948950036,True
2025-10-08 14:00:00,-1.744,-1.744,0.0,0.1012732283562551,-0.1012732283562551,True
2025-10-08 15:00:00,-1.744,-1.744,0.0,0.0799768128896757,-0.0799768128896757,True
2025-10-08 16:00:00,-1.743,-1.743,0.0,0.0199504636894408,-0.0199504636894408,True
2025-10-08 17:00:00,-1.743,-1.743,0.0,0.0,0.0,True
2025-10-08 18:00:00,-1.743,-1.743,0.1,0.0,0.1,True
2025-10-08 19:00:00,-1.742,-1.742,0.0,0.0,0.0,True
2025-10-08 20:00:00,-1.743,-1.743,0.0,0.0,0.0,True
2025-10-08 21:00:00,-1.742,-1.742,0.0,0.0,0.0,True
2025-10-08 22:00:00,-1.743,-1.743,0.0,0.0,0.0,True
2025-10-08 23:00:00,-1.742,-1.742,0.0,0.0,0.0,True
2025-10-09 00:00:00,-1.741,-1.741,0.0,0.0,0.0,True
2025-10-09 01:00:00,-1.74,-1.74,0.0,0.0,0.0,True
2025-10-09 02:00:00,-1.74,-1.74,0.0,0.0,0.0,True
2025-10-09 03:00:00,-1.739,-1.739,0.0,0.0,0.0,True
2025-10-09 04:00:00,-1.739,-1.739,0.0,0.0,0.0,True
2025-10-09 05:00:00,-1.738,-1.738,0.0,0.0,0.0,True
2025-10-09 06:00:00,-1.738,-1.738,0.0,0.0670843754462518,-0.0670843754462518,True
2025-10-09 07:00:00,-1.738,-1.738,0.0,0.2363009642683723,-0.2363009642683723,True
2025-10-09 08:00:00,-1.74,-1.74,0.0,0.4167872471585339,-0.4167872471585339,True
2025-10-09 09:00:00,-1.741,-1.741,0.0,0.6030413312654668,-0.6030413312654668,True
2025-10-09 10:00:00,-1.743,-1.743,0.0,0.5139312766711491,-0.5139312766711491,True
2025-10-09 11:00:00,-1.745,-1.745,0.0,0.2425377359760036,-0.2425377359760036,True
2025-10-09 12:00:00,-1.746,-1.746,0.0,0.3302137925459977,-0.3302137925459977,True
2025-10-09 13:00:00,-1.746,-1.746,0.0,0.4932982495626111,-0.4932982495626111,True
2025-10-09 14:00:00,-1.745,-1.745,0.0,0.1972235714405169,-0.1972235714405169,True
2025-10-09 15:00:00,-1.744,-1.744,0.0,0.0438910201167699,-0.0438910201167699,True
2025-10-09 16:00:00,-1.747,-1.747,0.0,0.0079274732625947,-0.0079274732625947,True
2025-10-09 17:00:00,-1.745,-1.745,0.0,0.0,0.0,True
2025-10-09 18:00:00,-1.744,-1.744,0.0,0.0,0.0,True
2025-10-09 19:00:00,-1.744,-1.744,0.0,0.0,0.0,True
2025-10-09 20:00:00,-1.745,-1.745,0.0,0.0,0.0,True
2025-10-09 21:00:00,-1.746,-1.746,0.0,0.0,0.0,True
2025-10-09 22:00:00,-1.746,-1.746,0.0,0.0,0.0,True
2025-10-09 23:00:00,-1.745,-1.745,0.0,0.0,0.0,True
2025-10-10 00:00:00,-1.747,-1.747,0.0,0.0,0.0,True
2025-10-10 01:00:00,-1.747,-1.747,0.0,0.0,0.0,True
2025-10-10 02:00:00,-1.747,-1.747,0.0,0.0,0.0,True
2025-10-10 03:00:00,-1.748,-1.748,0.0,0.0,0.0,True
2025-10-10 04:00:00,-1.749,-1.749,0.0,0.0,0.0,True
2025-10-10 05:00:00,-1.748,-1.748,0.0,0.0,0.0,True
2025-10-10 06:00:00,-1.748,-1.748,0.0,0.0560677907110778,-0.0560677907110778,True
2025-10-10 07:00:00,-1.748,-1.748,0.0,0.2379849258960979,-0.2379849258960979,True
2025-10-10 08:00:00,-1.749,-1.749,0.0,0.4169737902215872,-0.4169737902215872,True
2025-10-10 09:00:00,-1.749,-1.749,0.0,0.4119767306121502,-0.4119767306121502,True
2025-10-10 10:00:00,-1.749,-1.749,0.0,0.5117517670861891,-0.5117517670861891,True
2025-10-10 11:00:00,-1.751,-1.751,0.0,0.2804881773753852,-0.2804881773753852,True
2025-10-10 12:00:00,-1.754,-1.754,0.0,0.1616396757272162,-0.1616396757272162,True
2025-10-10 13:00:00,-1.755,-1.755,0.0,0.1071016882378725,-0.1071016882378725,True
2025-10-10 14:00:00,-1.754,-1.754,0.0,0.1441753495509822,-0.1441753495509822,True
2025-10-10 15:00:00,-1.753,-1.753,0.0,0.110302270697331,-0.110302270697331,True
2025-10-10 16:00:00,-1.753,-1.753,0.0,0.0240454181053,-0.0240454181053,True
2025-10-10 17:00:00,-1.754,-1.754,0.0,0.0,0.0,True
2025-10-10 18:00:00,-1.754,-1.754,0.0,0.0,0.0,True
2025-10-10 19:00:00,-1.754,-1.754,0.0,0.0,0.0,True
2025-10-10 20:00:00,-1.754,-1.754,0.0,0.0,0.0,True
2025-10-10 21:00:00,-1.755,-1.755,0.0,0.0,0.0,True
2025-10-10 22:00:00,-1.754,-1.754,0.0,0.0,0.0,True
2025-10-10 23:00:00,-1.754,-1.754,0.0,0.0,0.0,True
2025-10-11 00:00:00,-1.754,-1.754,0.0,0.0,0.0,True
2025-10-11 01:00:00,-1.754,-1.754,0.0,0.0,0.0,True
2025-10-11 02:00:00,-1.752,-1.752,0.0,0.0,0.0,True
2025-10-11 03:00:00,-1.753,-1.753,0.0,0.0,0.0,True
2025-10-11 04:00:00,-1.753,-1.753,0.0,0.0,0.0,True
2025-10-11 05:00:00,-1.752,-1.752,0.0,0.0,0.0,True
2025-10-11 06:00:00,-1.751,-1.751,0.0,0.0078210526090756,-0.0078210526090756,True
2025-10-11 07:00:00,-1.752,-1.752,0.0,0.0395491407762694,-0.0395491407762694,True
2025-10-11 08:00:00,-1.751,-1.751,0.0,0.096599300297396,-0.096599300297396,True
2025-10-11 09:00:00,-1.752,-1.752,0.0,0.1511549635481944,-0.1511549635481944,True
2025-10-11 10:00:00,-1.752,-1.752,0.0,0.2155195676362883,-0.2155195676362883,True
2025-10-11 11:00:00,-1.752,-1.752,0.0,0.1890976623323343,-0.1890976623323343,True
2025-10-11 12:00:00,-1.752,-1.752,0.0,0.1139078682136933,-0.1139078682136933,True
2025-10-11 13:00:00,-1.752,-1.752,0.0,0.1391893860509633,-0.1391893860509633,True
2025-10-11 14:00:00,-1.751,-1.751,0.0,0.1429844249780218,-0.1429844249780218,True
2025-10-11 15:00:00,-1.752,-1.752,0.0,0.0685719278005706,-0.0685719278005706,True
2025-10-11 16:00:00,-1.751,-1.751,0.0,0.0079626520905347,-0.0079626520905347,True
2025-10-11 17:00:00,-1.752,-1.752,0.0,0.0,0.0,True
2025-10-11 18:00:00,-1.751,-1.751,0.0,0.0,0.0,True
2025-10-11 19:00:00,-1.752,-1.752,0.0,0.0,0.0,True
2025-10-11 20:00:00,-1.752,-1.752,0.0,0.0,0.0,True
2025-10-11 21:00:00,-1.751,-1.751,0.0,0.0,0.0,True
2025-10-11 22:00:00,-1.752,-1.752,0.0,0.0,0.0,True
2025-10-11 23:00:00,-1.752,-1.752,0.0,0.0,0.0,True
2025-10-12 00:00:00,-1.751,-1.751,0.0,0.0,0.0,True
2025-10-12 01:00:00,-1.75,-1.75,0.0,0.0,0.0,True
2025-10-12 02:00:00,-1.751,-1.751,0.0,0.0,0.0,True
2025-10-12 03:00:00,-1.75,-1.75,0.0,0.0,0.0,True
2025-10-12 04:00:00,-1.749,-1.749,0.0,0.0,0.0,True
2025-10-12 05:00:00,-1.748,-1.748,0.0,0.0,0.0,True
2025-10-12 06:00:00,-1.749,-1.749,0.0,0.0382041253762101,-0.0382041253762101,True
2025-10-12 07:00:00,-1.749,-1.749,0.0,0.1456769070905097,-0.1456769070905097,True
2025-10-12 08:00:00,-1.75,-1.75,0.0,0.1811236880576176,-0.1811236880576176,True
2025-10-12 09:00:00,-1.747,-1.747,0.0,0.2273344271549119,-0.2273344271549119,True
2025-10-12 10:00:00,-1.747,-1.747,0.0,0.1616918239840024,-0.1616918239840024,True
2025-10-12 11:00:00,-1.747,-1.747,0.0,0.2055409373177546,-0.2055409373177546,True
2025-10-12 12:00:00,-1.75,-1.75,0.0,0.2247145803339001,-0.2247145803339001,True
2025-10-12 13:00:00,-1.749,-1.749,0.0,0.2039076747474279,-0.2039076747474279,True
2025-10-12 14:00:00,-1.749,-1.749,0.0,0.1951911952219557,-0.1951911952219557,True
2025-10-12 15:00:00,-1.75,-1.75,0.0,0.1025580495349433,-0.1025580495349433,True
2025-10-12 16:00:00,-1.748,-1.748,0.1,0.0120488393323377,0.0879511606676623,True
2025-10-12 17:00:00,-1.75,-1.75,0.2,0.0,0.2,True
2025-10-12 18:00:00,-1.747,-1.747,0.0,0.0,0.0,True
2025-10-12 19:00:00,-1.749,-1.749,0.1,0.0,0.1,True
2025-10-12 20:00:00,-1.747,-1.747,0.1,0.0,0.1,True
2025-10-12 21:00:00,-1.747,-1.747,0.1,0.0,0.1,True
2025-10-12 22:00:00,-1.748,-1.748,0.1,0.0,0.1,True
2025-10-12 23:00:00,-1.747,-1.747,0.1,0.0,0.1,True
2025-10-13 00:00:00,-1.746,-1.746,0.0,0.0,0.0,True
2025-10-13 01:00:00,-1.745,-1.745,0.0,0.0,0.0,True
2025-10-13 02:00:00,-1.748,-1.748,0.0,0.0,0.0,True
2025-10-13 03:00:00,-1.747,-1.747,0.0,0.0,0.0,True
2025-10-13 04:00:00,-1.746,-1.746,0.0,0.0,0.0,True
2025-10-13 05:00:00,-1.744,-1.744,0.0,0.0,0.0,True
2025-10-13 06:00:00,-1.745,-1.745,0.0,0.0234095662433643,-0.0234095662433643,True
2025-10-13 07:00:00,-1.745,-1.745,0.0,0.1499507767851311,-0.1499507767851311,True
2025-10-13 08:00:00,-1.744,-1.744,0.0,0.1858809616484666,-0.1858809616484666,True
2025-10-13 09:00:00,-1.746,-1.746,0.0,0.2939680080006827,-0.2939680080006827,True
2025-10-13 10:00:00,-1.747,-1.747,0.0,0.3226914249438616,-0.3226914249438616,True
2025-10-13 11:00:00,-1.75,-1.75,0.0,0.280108490601588,-0.280108490601588,True
2025-10-13 12:00:00,-1.748,-1.748,0.0,0.2824725775740137,-0.2824725775740137,True
2025-10-13 13:00:00,-1.748,-1.748,0.0,0.3179836520813311,-0.3179836520813311,True
2025-10-13 14:00:00,-1.748,-1.748,0.0,0.2506223271752037,-0.2506223271752037,True
2025-10-13 15:00:00,-1.751,-1.751,0.0,0.1055842102225207,-0.1055842102225207,True
2025-10-13 16:00:00,-1.749,-1.749,0.0,0.0186429887251558,-0.0186429887251558,True
2025-10-13 17:00:00,-1.749,-1.749,0.0,0.0,0.0,True
2025-10-13 18:00:00,-1.748,-1.748,0.0,0.0,0.0,True
2025-10-13 19:00:00,-1.747,-1.747,0.0,0.0,0.0,True
2025-10-13 20:00:00,-1.748,-1.748,0.0,0.0,0.0,True
2025-10-13 21:00:00,-1.749,-1.749,0.0,0.0,0.0,True
2025-10-13 22:00:00,-1.748,-1.748,0.0,0.0,0.0,True
2025-10-13 23:00:00,-1.749,-1.749,0.0,0.0,0.0,True
2025-10-14 00:00:00,-1.749,-1.749,0.0,0.0,0.0,True
2025-10-14 01:00:00,-1.747,-1.747,0.0,0.0,0.0,True
2025-10-14 02:00:00,-1.748,-1.748,0.0,0.0,0.0,True
2025-10-14 03:00:00,-1.749,-1.749,0.0,0.0,0.0,True
2025-10-14 04:00:00,-1.748,-1.748,0.0,0.0,0.0,True
2025-10-14 05:00:00,-1.748,-1.748,0.1,0.0,0.1,True
2025-10-14 06:00:00,-1.747,-1.747,0.0,0.0271228404401299,-0.0271228404401299,True
2025-10-14 07:00:00,-1.746,-1.746,0.0,0.0901471253105156,-0.0901471253105156,True
2025-10-14 08:00:00,-1.746,-1.746,0.0,0.2088465484271884,-0.2088465484271884,True
2025-10-14 09:00:00,-1.748,-1.748,0.0,0.4789752402341971,-0.4789752402341971,True
2025-10-14 10:00:00,-1.746,-1.746,0.0,0.4807744201117201,-0.4807744201117201,True
2025-10-14 11:00:00,-1.749,-1.749,0.0,0.2801121076990512,-0.2801121076990512,True
2025-10-14 12:00:00,-1.749,-1.749,0.0,0.2683039308531711,-0.2683039308531711,True
2025-10-14 13:00:00,-1.748,-1.748,0.0,0.2182839623784032,-0.2182839623784032,True
2025-10-14 14:00:00,-1.749,-1.749,0.2,0.1268395722015164,0.07316042779848361,True
2025-10-14 15:00:00,-1.748,-1.748,0.0,0.0824950572864076,-0.0824950572864076,True
2025-10-14 16:00:00,-1.747,-1.747,0.0,0.0078031887477881,-0.0078031887477881,True
2025-10-14 17:00:00,-1.747,-1.747,0.0,0.0,0.0,True
2025-10-14 18:00:00,-1.748,-1.748,0.0,0.0,0.0,True
2025-10-14 19:00:00,-1.747,-1.747,0.0,0.0,0.0,True
2025-10-14 20:00:00,-1.747,-1.747,0.1,0.0,0.1,True
2025-10-14 21:00:00,-1.747,-1.747,0.0,0.0,0.0,True
2025-10-14 22:00:00,-1.746,-1.746,0.0,0.0,0.0,True
2025-10-14 23:00:00,-1.747,-1.747,0.0,0.0,0.0,True
2025-10-15 00:00:00,-1.747,-1.747,0.1,0.0,0.1,True
2025-10-15 01:00:00,-1.747,-1.747,0.0,0.0,0.0,True
2025-10-15 02:00:00,-1.746,-1.746,0.0,0.0,0.0,True
2025-10-15 03:00:00,-1.746,-1.746,0.2,0.0,0.2,True
2025-10-15 04:00:00,-1.744,-1.744,0.1,0.0,0.1,True
2025-10-15 05:00:00,-1.744,-1.744,0.0,0.0,0.0,True
2025-10-15 06:00:00,-1.743,-1.743,0.0,0.015570578127499,-0.015570578127499,True
2025-10-15 07:00:00,-1.744,-1.744,0.0,0.0975398593473515,-0.0975398593473515,True
2025-10-15 08:00:00,-1.743,-1.743,0.0,0.173237403026552,-0.173237403026552,True
2025-10-15 09:00:00,-1.743,-1.743,0.0,0.2847538135891403,-0.2847538135891403,True
2025-10-15 10:00:00,-1.744,-1.744,0.0,0.3541974344237856,-0.3541974344237856,True
2025-10-15 11:00:00,-1.744,-1.744,0.0,0.2719211638248975,-0.2719211638248975,True
2025-10-15 12:00:00,-1.746,-1.746,0.0,0.1736272152248886,-0.1736272152248886,True
2025-10-15 13:00:00,-1.745,-1.745,0.0,0.1677685580774447,-0.1677685580774447,True
2025-10-15 14:00:00,-1.745,-1.745,0.0,0.1007419787776254,-0.1007419787776254,True
2025-10-15 15:00:00,-1.744,-1.744,0.0,0.0694200231163251,-0.0694200231163251,True
2025-10-15 16:00:00,-1.744,-1.744,0.0,0.0076952599766352,-0.0076952599766352,True
2025-10-15 17:00:00,-1.743,-1.743,0.0,0.0,0.0,True
2025-10-15 18:00:00,-1.743,-1.743,0.0,0.0,0.0,True
2025-10-15 19:00:00,-1.741,-1.741,0.0,0.0,0.0,True
2025-10-15 20:00:00,-1.741,-1.741,0.0,0.0,0.0,True
2025-10-15 21:00:00,-1.74,-1.74,0.0,0.0,0.0,True
2025-10-15 22:00:00,-1.741,-1.741,0.0,0.0,0.0,True
2025-10-15 23:00:00,-1.74,-1.74,0.0,0.0,0.0,True
2025-10-16 00:00:00,-1.739,-1.739,0.0,0.0,0.0,True
2025-10-16 01:00:00,-1.738,-1.738,0.0,0.0,0.0,True
2025-10-16 02:00:00,-1.739,-1.739,0.2,0.0,0.2,True
2025-10-16 03:00:00,-1.738,-1.738,0.0,0.0,0.0,True
2025-10-16 04:00:00,-1.737,-1.737,0.0,0.0,0.0,True
2025-10-16 05:00:00,-1.736,-1.736,0.3,0.0,0.3,True
2025-10-16 06:00:00,-1.735,-1.735,0.0,0.0261649689985029,-0.0261649689985029,True
2025-10-16 07:00:00,-1.735,-1.735,0.0,0.1234133744290224,-0.1234133744290224,True
2025-10-16 08:00:00,-1.736,-1.736,0.0,0.374244648255133,-0.374244648255133,True
2025-10-16 09:00:00,-1.738,-1.738,0.0,0.4244410379580063,-0.4244410379580063,True
2025-10-16 10:00:00,-1.74,-1.74,0.0,0.3978352475210959,-0.3978352475210959,True
2025-10-16 11:00:00,-1.741,-1.741,0.0,0.3678933392925084,-0.3678933392925084,True
2025-10-16 12:00:00,-1.742,-1.742,0.0,0.2950875787708044,-0.2950875787708044,True
2025-10-16 13:00:00,-1.742,-1.742,0.0,0.2731070248663234,-0.2731070248663234,True
2025-10-16 14:00:00,-1.742,-1.742,0.0,0.1632343678559622,-0.1632343678559622,True
2025-10-16 15:00:00,-1.742,-1.742,0.0,0.0547473682635292,-0.0547473682635292,True
2025-10-16 16:00:00,-1.744,-1.744,0.0,0.0116240744743413,-0.0116240744743413,True
2025-10-16 17:00:00,-1.742,-1.742,0.0,0.0,0.0,True
2025-10-16 18:00:00,-1.74,-1.74,0.0,0.0,0.0,True
2025-10-16 19:00:00,-1.741,-1.741,0.0,0.0,0.0,True
2025-10-16 20:00:00,-1.742,-1.742,0.0,0.0,0.0,True
2025-10-16 21:00:00,-1.742,-1.742,0.0,0.0,0.0,True
2025-10-16 22:00:00,-1.741,-1.741,0.0,0.0,0.0,True
2025-10-16 23:00:00,-1.742,-1.742,0.0,0.0,0.0,True
2025-10-17 00:00:00,-1.742,-1.742,0.0,0.0,0.0,True
2025-10-17 01:00:00,-1.742,-1.742,0.0,0.0,0.0,True
2025-10-17 02:00:00,-1.742,-1.742,0.0,0.0,0.0,True
2025-10-17 03:00:00,-1.74,-1.74,0.0,0.0,0.0,True
2025-10-17 04:00:00,-1.742,-1.742,0.0,0.0,0.0,True
2025-10-17 05:00:00,-1.741,-1.741,0.0,0.0,0.0,True
2025-10-17 06:00:00,-1.741,-1.741,0.0,0.0186892635703592,-0.0186892635703592,True
2025-10-17 07:00:00,-1.742,-1.742,0.0,0.0840490758276622,-0.0840490758276622,True
2025-10-17 08:00:00,-1.742,-1.742,0.0,0.1712763594024899,-0.1712763594024899,True
2025-10-17 09:00:00,-1.741,-1.741,0.0,0.3224874096666572,-0.3224874096666572,True
2025-10-17 10:00:00,-1.743,-1.743,0.0,0.3297208738386036,-0.3297208738386036,True
2025-10-17 11:00:00,-1.743,-1.743,0.0,0.2631985161042531,-0.2631985161042531,True
2025-10-17 12:00:00,-1.744,-1.744,0.0,0.2814253008221145,-0.2814253008221145,True
2025-10-17 13:00:00,-1.744,-1.744,0.0,0.2762251151305047,-0.2762251151305047,True
2025-10-17 14:00:00,-1.745,-1.745,0.1,0.0758608382263628,0.024139161773637202,True
2025-10-17 15:00:00,-1.745,-1.745,0.0,0.0842490479516391,-0.0842490479516391,True
2025-10-17 16:00:00,-1.745,-1.745,0.0,0.0111301205432717,-0.0111301205432717,True
2025-10-17 17:00:00,-1.744,-1.744,0.0,0.0,0.0,True
2025-10-17 18:00:00,-1.744,-1.744,0.1,0.0,0.1,True
2025-10-17 19:00:00,-1.744,-1.744,0.0,0.0,0.0,True
2025-10-17 20:00:00,-1.745,-1.745,0.0,0.0,0.0,True
2025-10-17 21:00:00,-1.745,-1.745,0.0,0.0,0.0,True
2025-10-17 22:00:00,-1.745,-1.745,0.0,0.0,0.0,True
2025-10-17 23:00:00,-1.745,-1.745,0.0,0.0,0.0,True
2025-10-18 00:00:00,-1.745,-1.745,0.0,0.0,0.0,True
2025-10-18 01:00:00,-1.746,-1.746,0.0,0.0,0.0,True
2025-10-18 02:00:00,-1.745,-1.745,0.0,0.0,0.0,True
2025-10-18 03:00:00,-1.745,-1.745,0.0,0.0,0.0,True
2025-10-18 04:00:00,-1.746,-1.746,0.0,0.0,0.0,True
2025-10-18 05:00:00,-1.745,-1.745,0.0,0.0,0.0,True
2025-10-18 06:00:00,-1.746,-1.746,0.0,0.0166846078760969,-0.0166846078760969,True
2025-10-18 07:00:00,-1.747,-1.747,0.0,0.0586139841890017,-0.0586139841890017,True
2025-10-18 08:00:00,-1.747,-1.747,0.0,0.1190184595714772,-0.1190184595714772,True
2025-10-18 09:00:00,-1.748,-1.748,0.0,0.2635864686174785,-0.2635864686174785,True
2025-10-18 10:00:00,-1.75,-1.75,0.0,0.3413737720186329,-0.3413737720186329,True
2025-10-18 11:00:00,-1.752,-1.752,0.0,0.5963826481892308,-0.5963826481892308,True
2025-10-18 12:00:00,-1.752,-1.752,0.0,0.4655632285864317,-0.4655632285864317,True
2025-10-18 13:00:00,-1.753,-1.753,0.0,0.3005051556744957,-0.3005051556744957,True
2025-10-18 14:00:00,-1.753,-1.753,0.0,0.1966321295978008,-0.1966321295978008,True
2025-10-18 15:00:00,-1.753,-1.753,0.0,0.0825224212986501,-0.0825224212986501,True
2025-10-18 16:00:00,-1.753,-1.753,0.0,0.0072326624052776,-0.0072326624052776,True
2025-10-18 17:00:00,-1.751,-1.751,0.0,0.0,0.0,True
2025-10-18 18:00:00,-1.749,-1.749,0.0,0.0,0.0,True
2025-10-18 19:00:00,-1.749,-1.749,0.0,0.0,0.0,True
2025-10-18 20:00:00,-1.751,-1.751,0.0,0.0,0.0,True
2025-10-18 21:00:00,-1.749,-1.749,0.0,0.0,0.0,True
2025-10-18 22:00:00,-1.748,-1.748,0.0,0.0,0.0,True
2025-10-18 23:00:00,-1.748,-1.748,0.0,0.0,0.0,True
2025-10-19 00:00:00,-1.747,-1.747,0.0,0.0,0.0,True
2025-10-19 01:00:00,-1.745,-1.745,0.0,0.0,0.0,True
2025-10-19 02:00:00,-1.746,-1.746,0.0,0.0,0.0,True
2025-10-19 03:00:00,-1.744,-1.744,0.0,0.0,0.0,True
2025-10-19 04:00:00,-1.744,-1.744,0.0,0.0,0.0,True
2025-10-19 05:00:00,-1.741,-1.741,0.0,0.0,0.0,True
2025-10-19 06:00:00,-1.742,-1.742,0.0,0.0240409750688751,-0.0240409750688751,True
2025-10-19 07:00:00,-1.74,-1.74,0.0,0.1636890972619318,-0.1636890972619318,True
2025-10-19 08:00:00,-1.739,-1.739,0.0,0.1996133812490494,-0.1996133812490494,True
2025-10-19 09:00:00,-1.739,-1.739,0.0,0.3318328532927078,-0.3318328532927078,True
2025-10-19 10:00:00,-1.737,-1.737,0.0,0.3105895817546792,-0.3105895817546792,True
2025-10-19 11:00:00,-1.736,-1.736,0.0,0.3005132546683372,-0.3005132546683372,True
2025-10-19 12:00:00,-1.736,-1.736,0.0,0.2762235921184614,-0.2762235921184614,True
2025-10-19 13:00:00,-1.735,-1.735,0.0,0.3416331480692394,-0.3416331480692394,True
2025-10-19 14:00:00,-1.735,-1.735,0.0,0.2418302059366526,-0.2418302059366526,True
2025-10-19 15:00:00,-1.733,-1.733,0.0,0.0916899009029043,-0.0916899009029043,True
2025-10-19 16:00:00,-1.732,-1.732,0.0,0.011296562940749,-0.011296562940749,True
2025-10-19 17:00:00,-1.73,-1.73,0.0,0.0,0.0,True
2025-10-19 18:00:00,-1.73,-1.73,0.0,0.0,0.0,True
2025-10-19 19:00:00,-1.729,-1.729,0.0,0.0,0.0,True
2025-10-19 20:00:00,-1.729,-1.729,0.0,0.0,0.0,True
2025-10-19 21:00:00,-1.728,-1.728,0.0,0.0,0.0,True
2025-10-19 22:00:00,-1.728,-1.728,0.0,0.0,0.0,True
2025-10-19 23:00:00,-1.726,-1.726,0.1,0.0,0.1,True
2025-10-20 00:00:00,-1.727,-1.727,0.6,0.0,0.6,True
2025-10-20 01:00:00,-1.725,-1.725,1.4,0.0,1.4,True
2025-10-20 02:00:00,-1.724,-1.724,0.1,0.0,0.1,True
2025-10-20 03:00:00,-1.721,-1.721,0.8,0.0,0.8,True
2025-10-20 04:00:00,-1.719,-1.719,1.2,0.0,1.2,True
2025-10-20 05:00:00,-1.718,-1.718,1.1,0.0,1.1,True
2025-10-20 06:00:00,-1.717,-1.717,0.1,0.003901594373894,0.09609840562610601,True
2025-10-20 07:00:00,-1.716,-1.716,0.1,0.0196860685257445,0.0803139314742555,True
2025-10-20 08:00:00,-1.715,-1.715,0.0,0.1202270905265001,-0.1202270905265001,True
2025-10-20 09:00:00,-1.716,-1.716,0.0,0.3098302251048867,-0.3098302251048867,True
2025-10-20 10:00:00,-1.716,-1.716,0.0,0.4236064236731806,-0.4236064236731806,True
2025-10-20 11:00:00,-1.716,-1.716,0.0,0.3688700292236473,-0.3688700292236473,True
2025-10-20 12:00:00,-1.717,-1.717,0.0,0.2829739159760224,-0.2829739159760224,True
2025-10-20 13:00:00,-1.718,-1.718,0.0,0.1740734969370021,-0.1740734969370021,True
2025-10-20 14:00:00,-1.716,-1.716,0.1,0.1505211115680947,-0.05052111156809469,True
2025-10-20 15:00:00,-1.716,-1.716,0.0,0.1169756415421498,-0.1169756415421498,True
2025-10-20 16:00:00,-1.716,-1.716,0.0,0.0039988406444837,-0.0039988406444837,True
2025-10-20 17:00:00,-1.714,-1.714,0.1,0.0,0.1,True
2025-10-20 18:00:00,-1.713,-1.713,0.0,0.0,0.0,True
2025-10-20 19:00:00,-1.713,-1.713,0.0,0.0,0.0,True
2025-10-20 20:00:00,-1.712,-1.712,0.3,0.0,0.3,True
2025-10-20 21:00:00,-1.711,-1.711,0.1,0.0,0.1,True
2025-10-20 22:00:00,-1.711,-1.711,0.3,0.0,0.3,True
2025-10-20 23:00:00,-1.711,-1.711,0.0,0.0,0.0,True
2025-10-21 00:00:00,-1.709,-1.709,0.0,0.0,0.0,True
2025-10-21 01:00:00,-1.707,-1.707,0.1,0.0,0.1,True
2025-10-21 02:00:00,-1.706,-1.706,1.3,0.0,1.3,True
2025-10-21 03:00:00,-1.705,-1.705,1.7,0.0,1.7,True
2025-10-21 04:00:00,-1.703,-1.703,0.2,0.0,0.2,True
2025-10-21 05:00:00,-1.7,-1.7,0.3,0.0,0.3,True
2025-10-21 06:00:00,-1.702,-1.702,0.0,0.0078744274102978,-0.0078744274102978,True
2025-10-21 07:00:00,-1.702,-1.702,0.0,0.0873958942704732,-0.0873958942704732,True
2025-10-21 08:00:00,-1.701,-1.701,0.0,0.149244784036536,-0.149244784036536,True
2025-10-21 09:00:00,-1.703,-1.703,0.0,0.1573120696601325,-0.1573120696601325,True
2025-10-21 10:00:00,-1.705,-1.705,0.0,0.2334483090520404,-0.2334483090520404,True
2025-10-21 11:00:00,-1.706,-1.706,0.0,0.4512554179537507,-0.4512554179537507,True
2025-10-21 12:00:00,-1.708,-1.708,0.0,0.3302137925459977,-0.3302137925459977,True
2025-10-21 13:00:00,-1.71,-1.71,1.3,0.2208953877595262,1.079104612240474,True
2025-10-21 14:00:00,-1.709,-1.709,0.0,0.1851486589033424,-0.1851486589033424,True
2025-10-21 15:00:00,-1.71,-1.71,0.0,0.0758117620198753,-0.0758117620198753,True
2025-10-21 16:00:00,-1.711,-1.711,0.0,0.0118116411154467,-0.0118116411154467,True
2025-10-21 17:00:00,-1.711,-1.711,0.0,0.0,0.0,True
2025-10-21 18:00:00,-1.712,-1.712,0.0,0.0,0.0,True
2025-10-21 19:00:00,-1.71,-1.71,0.0,0.0,0.0,True
2025-10-21 20:00:00,-1.712,-1.712,0.0,0.0,0.0,True
2025-10-21 21:00:00,-1.713,-1.713,0.0,0.0,0.0,True
2025-10-21 22:00:00,-1.713,-1.713,0.0,0.0,0.0,True
2025-10-21 23:00:00,-1.713,-1.713,0.0,0.0,0.0,True
2025-10-22 00:00:00,-1.713,-1.713,0.1,0.0,0.1,True
2025-10-22 01:00:00,-1.715,-1.715,0.0,0.0,0.0,True
2025-10-22 02:00:00,-1.715,-1.715,0.0,0.0,0.0,True
2025-10-22 03:00:00,-1.715,-1.715,0.0,0.0,0.0,True
2025-10-22 04:00:00,-1.715,-1.715,0.1,0.0,0.1,True
2025-10-22 05:00:00,-1.715,-1.715,0.0,0.0,0.0,True
2025-10-22 06:00:00,-1.718,-1.718,0.0,0.0187354582632894,-0.0187354582632894,True
2025-10-22 07:00:00,-1.718,-1.718,0.0,0.1352990969732979,-0.1352990969732979,True
2025-10-22 08:00:00,-1.718,-1.718,0.0,0.2667488450329139,-0.2667488450329139,True
2025-10-22 09:00:00,-1.719,-1.719,0.0,0.4449245526496819,-0.4449245526496819,True
2025-10-22 10:00:00,-1.722,-1.722,0.0,0.3913644948693305,-0.3913644948693305,True
2025-10-22 11:00:00,-1.724,-1.724,0.0,0.5288579595635763,-0.5288579595635763,True
2025-10-22 12:00:00,-1.724,-1.724,0.0,0.4163564467588062,-0.4163564467588062,True
2025-10-22 13:00:00,-1.726,-1.726,0.0,0.2535731632806647,-0.2535731632806647,True
2025-10-22 14:00:00,-1.726,-1.726,0.0,0.1154584553127537,-0.1154584553127537,True
2025-10-22 15:00:00,-1.726,-1.726,0.2,0.0194183843630502,0.1805816156369498,True
2025-10-22 16:00:00,-1.725,-1.725,0.2,0.0038113058752963,0.19618869412470372,True
2025-10-22 17:00:00,-1.727,-1.727,0.0,0.0,0.0,True
2025-10-22 18:00:00,-1.727,-1.727,0.0,0.0,0.0,True
2025-10-22 19:00:00,-1.725,-1.725,0.0,0.0,0.0,True
2025-10-22 20:00:00,-1.724,-1.724,0.0,0.0,0.0,True
2025-10-22 21:00:00,-1.722,-1.722,0.0,0.0,0.0,True
2025-10-22 22:00:00,-1.723,-1.723,0.0,0.0,0.0,True
2025-10-22 23:00:00,-1.721,-1.721,0.0,0.0,0.0,True
2025-10-23 00:00:00,-1.719,-1.719,0.1,0.0,0.1,True
2025-10-23 01:00:00,-1.717,-1.717,2.7,0.0,2.7,True
2025-10-23 02:00:00,-1.715,-1.715,6.1,0.0,6.1,True
2025-10-23 03:00:00,-1.711,-1.711,4.6,0.0,4.6,True
2025-10-23 04:00:00,-1.705,-1.705,6.0,0.0,6.0,True
2025-10-23 05:00:00,-1.692,-1.692,0.4,0.0,0.4,True
2025-10-23 06:00:00,-1.684,-1.684,0.0,0.0079976812889675,-0.0079976812889675,True
2025-10-23 07:00:00,-1.671,-1.671,0.0,0.0824950572864076,-0.0824950572864076,True
2025-10-23 08:00:00,-1.661,-1.661,0.0,0.1599653693296565,-0.1599653693296565,True
2025-10-23 09:00:00,-1.657,-1.657,0.0,0.3727039806321505,-0.3727039806321505,True
2025-10-23 10:00:00,-1.65,-1.65,0.0,0.2815578939267218,-0.2815578939267218,True
2025-10-23 11:00:00,-1.655,-1.655,0.0,0.2793286245959442,-0.2793286245959442,True
2025-10-23 12:00:00,-1.651,-1.651,0.1,0.1355448384370665,-0.03554483843706649,True
2025-10-23 13:00:00,-1.651,-1.651,0.4,0.1235965455066505,0.2764034544933495,True
2025-10-23 14:00:00,-1.65,-1.65,0.0,0.0690686577831282,-0.0690686577831282,True
2025-10-23 15:00:00,-1.648,-1.648,2.1,0.0185036891098747,2.081496310890125,True
2025-10-23 16:00:00,-1.647,-1.647,2.7,0.0,2.7,True
2025-10-23 17:00:00,-1.646,-1.646,2.2,0.0,2.2,True
2025-10-23 18:00:00,-1.648,-1.648,2.3,0.0,2.3,True
2025-10-23 19:00:00,-1.646,-1.646,2.4,0.0,2.4,True
2025-10-23 20:00:00,-1.647,-1.647,1.2,0.0,1.2,True
2025-10-23 21:00:00,-1.643,-1.643,0.4,0.0,0.4,True
2025-10-23 22:00:00,-1.637,-1.637,0.0,0.0,0.0,True
2025-10-23 23:00:00,-1.634,-1.634,0.0,0.0,0.0,True
2025-10-24 00:00:00,-1.631,-1.631,0.0,0.0,0.0,True
2025-10-24 01:00:00,-1.629,-1.629,0.1,0.0,0.1,True
2025-10-24 02:00:00,-1.625,-1.625,0.0,0.0,0.0,True
2025-10-24 03:00:00,-1.623,-1.623,0.4,0.0,0.4,True
2025-10-24 04:00:00,-1.624,-1.624,0.0,0.0,0.0,True
2025-10-24 05:00:00,-1.624,-1.624,0.0,0.0,0.0,True
2025-10-24 06:00:00,-1.627,-1.627,0.0,0.0108206365204143,-0.0108206365204143,True
2025-10-24 07:00:00,-1.624,-1.624,0.0,0.0431689461828865,-0.0431689461828865,True
2025-10-24 08:00:00,-1.626,-1.626,0.1,0.205148944661506,-0.10514894466150598,True
2025-10-24 09:00:00,-1.627,-1.627,0.0,0.3654025790130536,-0.3654025790130536,True
2025-10-24 10:00:00,-1.629,-1.629,0.0,0.3700474186931135,-0.3700474186931135,True
2025-10-24 11:00:00,-1.631,-1.631,0.0,0.4672315892589817,-0.4672315892589817,True
2025-10-24 12:00:00,-1.633,-1.633,0.0,0.4373287675464068,-0.4373287675464068,True
2025-10-24 13:00:00,-1.636,-1.636,0.0,0.3355737970528044,-0.3355737970528044,True
2025-10-24 14:00:00,-1.64,-1.64,0.0,0.2529056465936252,-0.2529056465936252,True
2025-10-24 15:00:00,-1.641,-1.641,0.2,0.0478671251238963,0.15213287487610372,True
2025-10-24 16:00:00,-1.641,-1.641,0.2,0.0036914199039699,0.1963085800960301,True
2025-10-24 17:00:00,-1.643,-1.643,0.2,0.0,0.2,True
2025-10-24 18:00:00,-1.643,-1.643,0.0,0.0,0.0,True
2025-10-24 19:00:00,-1.643,-1.643,0.0,0.0,0.0,True
2025-10-24 20:00:00,-1.646,-1.646,0.0,0.0,0.0,True
2025-10-24 21:00:00,-1.646,-1.646,0.0,0.0,0.0,True
2025-10-24 22:00:00,-1.647,-1.647,1.7,0.0,1.7,True
2025-10-24 23:00:00,-1.646,-1.646,0.0,0.0,0.0,True
2025-10-25 00:00:00,-1.646,-1.646,1.8,0.0,1.8,True
2025-10-25 01:00:00,-1.647,-1.647,0.3,0.0,0.3,True
2025-10-25 02:00:00,-1.647,-1.647,0.3,0.0,0.3,True
2025-10-25 03:00:00,-1.647,-1.647,0.4,0.0,0.4,True
2025-10-25 04:00:00,-1.644,-1.644,0.0,0.0,0.0,True
2025-10-25 05:00:00,-1.642,-1.642,0.0,0.0,0.0,True
2025-10-25 06:00:00,-1.641,-1.641,0.2,0.0073454757523278,0.1926545242476722,True
2025-10-25 07:00:00,-1.64,-1.64,2.4,0.0219802440708756,2.3780197559291243,True
2025-10-25 08:00:00,-1.639,-1.639,2.2,0.0260352880312606,2.1739647119687397,True
2025-10-25 09:00:00,-1.639,-1.639,0.4,0.1957673095677664,0.20423269043223363,True
2025-10-25 10:00:00,-1.633,-1.633,0.0,0.2712492901710919,-0.2712492901710919,True
2025-10-25 11:00:00,-1.628,-1.628,0.3,0.2253788667558718,0.0746211332441282,True
2025-10-25 12:00:00,-1.62,-1.62,0.4,0.2666983256611149,0.13330167433888512,True
2025-10-25 13:00:00,-1.614,-1.614,0.0,0.2653875426991016,-0.2653875426991016,True
2025-10-25 14:00:00,-1.611,-1.611,0.0,0.2331464827844221,-0.2331464827844221,True
2025-10-25 15:00:00,-1.607,-1.607,0.0,0.086565092163315,-0.086565092163315,True
2025-10-25 16:00:00,-1.608,-1.608,0.0,0.0034923742597355,-0.0034923742597355,True
2025-10-25 17:00:00,-1.605,-1.605,0.5,0.0,0.5,True
2025-10-25 18:00:00,-1.608,-1.608,0.1,0.0,0.1,True
2025-10-25 19:00:00,-1.607,-1.607,0.0,0.0,0.0,True
2025-10-25 20:00:00,-1.606,-1.606,0.0,0.0,0.0,True
2025-10-25 21:00:00,-1.607,-1.607,0.1,0.0,0.1,True
2025-10-25 22:00:00,-1.607,-1.607,0.2,0.0,0.2,True
2025-10-25 23:00:00,-1.607,-1.607,0.0,0.0,0.0,True
2025-10-26 00:00:00,-1.609,-1.609,0.3,0.0,0.3,True
2025-10-26 01:00:00,-1.608,-1.608,0.1,0.0,0.1,True
2025-10-26 02:00:00,-1.611,-1.611,1.8,0.0,1.8,True
2025-10-26 03:00:00,-1.607,-1.607,2.6,0.0,2.6,True
2025-10-26 04:00:00,-1.606,-1.606,2.0,0.0,2.0,True
2025-10-26 05:00:00,-1.6,-1.6,4.8,0.0,4.8,True
2025-10-26 06:00:00,-1.596,-1.596,0.3,0.0145030765509043,0.28549692344909566,True
2025-10-26 07:00:00,-1.591,-1.591,0.0,0.0799742353278327,-0.0799742353278327,True
2025-10-26 08:00:00,-1.589,-1.589,0.0,0.1698053155826177,-0.1698053155826177,True
2025-10-26 09:00:00,-1.586,-1.586,0.0,0.3281166015627421,-0.3281166015627421,True
2025-10-26 10:00:00,-1.586,-1.586,0.0,0.4071415616689666,-0.4071415616689666,True
2025-10-26 11:00:00,-1.583,-1.583,0.0,0.3108619770458962,-0.3108619770458962,True
2025-10-26 12:00:00,-1.581,-1.581,1.5,0.2298612855167554,1.2701387144832446,True
2025-10-26 13:00:00,-1.579,-1.579,0.1,0.1885399951617567,-0.0885399951617567,True
2025-10-26 14:00:00,-1.577,-1.577,0.0,0.157451206479243,-0.157451206479243,True
2025-10-26 15:00:00,-1.578,-1.578,0.0,0.0456506863749892,-0.0456506863749892,True
2025-10-26 16:00:00,-1.579,-1.579,0.0,0.0,0.0,True
2025-10-26 17:00:00,-1.577,-1.577,0.0,0.0,0.0,True
2025-10-26 18:00:00,-1.578,-1.578,0.4,0.0,0.4,True
2025-10-26 19:00:00,-1.579,-1.579,1.1,0.0,1.1,True
2025-10-26 20:00:00,-1.579,-1.579,0.7,0.0,0.7,True
2025-10-26 21:00:00,-1.577,-1.577,1.4,0.0,1.4,True
2025-10-26 22:00:00,-1.576,-1.576,1.0,0.0,1.0,True
2025-10-26 23:00:00,-1.573,-1.573,0.7,0.0,0.7,True
2025-10-27 00:00:00,-1.571,-1.571,0.2,0.0,0.2,True
2025-10-27 01:00:00,-1.566,-1.566,0.3,0.0,0.3,True
2025-10-27 02:00:00,-1.566,-1.566,0.4,0.0,0.4,True
2025-10-27 03:00:00,-1.564,-1.564,0.9,0.0,0.9,True
2025-10-27 04:00:00,-1.562,-1.562,0.2,0.0,0.2,True
2025-10-27 05:00:00,-1.562,-1.562,0.3,0.0,0.3,True
2025-10-27 06:00:00,-1.561,-1.561,8.6,0.0,8.6,True
2025-10-27 07:00:00,-1.553,-1.553,0.2,0.0278619740020309,0.17213802599796912,True
2025-10-27 08:00:00,-1.547,-1.547,1.3,0.0492965264394313,1.2507034735605687,True
2025-10-27 09:00:00,-1.539,-1.539,0.0,0.125245277881216,-0.125245277881216,True
2025-10-27 10:00:00,-1.536,-1.536,0.0,0.2724744045514098,-0.2724744045514098,True
2025-10-27 11:00:00,-1.53,-1.53,0.7,0.3467595902878979,0.3532404097121021,True
2025-10-27 12:00:00,-1.521,-1.521,0.5,0.3784240984712394,0.12157590152876058,True
2025-10-27 13:00:00,-1.521,-1.521,0.0,0.3259969737812369,-0.3259969737812369,True
2025-10-27 14:00:00,-1.518,-1.518,0.0,0.1993366748143773,-0.1993366748143773,True
2025-10-27 15:00:00,-1.521,-1.521,0.5,0.0761411518922479,0.4238588481077521,True
2025-10-27 16:00:00,-1.519,-1.519,0.0,0.0036446012048547,-0.0036446012048547,True
2025-10-27 17:00:00,-1.518,-1.518,0.0,0.0,0.0,True
2025-10-27 18:00:00,-1.52,-1.52,0.0,0.0,0.0,True
2025-10-27 19:00:00,-1.515,-1.515,0.0,0.0,0.0,True
2025-10-27 20:00:00,-1.516,-1.516,0.6,0.0,0.6,True
2025-10-27 21:00:00,-1.519,-1.519,0.0,0.0,0.0,True
2025-10-27 22:00:00,-1.521,-1.521,0.0,0.0,0.0,True
2025-10-27 23:00:00,-1.523,-1.523,0.0,0.0,0.0,True
2025-10-28 00:00:00,-1.523,-1.523,0.0,0.0,0.0,True
2025-10-28 01:00:00,-1.525,-1.525,0.2,0.0,0.2,True
2025-10-28 02:00:00,-1.526,-1.526,0.0,0.0,0.0,True
2025-10-28 03:00:00,-1.528,-1.528,1.8,0.0,1.8,True
2025-10-28 04:00:00,-1.527,-1.527,2.2,0.0,2.2,True
2025-10-28 05:00:00,-1.529,-1.529,1.5,0.0,1.5,True
2025-10-28 06:00:00,-1.524,-1.524,1.2,0.0038476299883176,1.1961523700116823,True
2025-10-28 07:00:00,-1.52,-1.52,0.0,0.0347911963645623,-0.0347911963645623,True
2025-10-28 08:00:00,-1.514,-1.514,0.0,0.1394888936920967,-0.1394888936920967,True
2025-10-28 09:00:00,-1.51,-1.51,0.1,0.2861191368551148,-0.1861191368551148,True
2025-10-28 10:00:00,-1.508,-1.508,0.0,0.3061006278243234,-0.3061006278243234,True
2025-10-28 11:00:00,-1.51,-1.51,0.0,0.4764028583230182,-0.4764028583230182,True
2025-10-28 12:00:00,-1.511,-1.511,0.0,0.2965211724159488,-0.2965211724159488,True
2025-10-28 13:00:00,-1.512,-1.512,0.0,0.3061006278243234,-0.3061006278243234,True
2025-10-28 14:00:00,-1.513,-1.513,0.0,0.1623589163679575,-0.1623589163679575,True
2025-10-28 15:00:00,-1.514,-1.514,0.0,0.0577144498247642,-0.0577144498247642,True
2025-10-28 16:00:00,-1.517,-1.517,0.0,0.0038566679509069,-0.0038566679509069,True
2025-10-28 17:00:00,-1.517,-1.517,0.0,0.0,0.0,True
2025-10-28 18:00:00,-1.518,-1.518,0.0,0.0,0.0,True
2025-10-28 19:00:00,-1.522,-1.522,0.0,0.0,0.0,True
2025-10-28 20:00:00,-1.525,-1.525,0.0,0.0,0.0,True
2025-10-28 21:00:00,-1.526,-1.526,0.0,0.0,0.0,True
2025-10-28 22:00:00,-1.529,-1.529,0.0,0.0,0.0,True
2025-10-28 23:00:00,-1.532,-1.532,0.0,0.0,0.0,True
2025-10-29 00:00:00,-1.534,-1.534,0.0,0.0,0.0,True
2025-10-29 01:00:00,-1.535,-1.535,0.0,0.0,0.0,True
2025-10-29 02:00:00,-1.537,-1.537,0.0,0.0,0.0,True
2025-10-29 03:00:00,-1.54,-1.54,0.0,0.0,0.0,True
2025-10-29 04:00:00,-1.54,-1.54,0.0,0.0,0.0,True
2025-10-29 05:00:00,-1.544,-1.544,0.7,0.0,0.7,True
2025-10-29 06:00:00,-1.546,-1.546,0.2,0.0,0.2,True
2025-10-29 07:00:00,-1.549,-1.549,0.6,0.0271228404401299,0.5728771595598701,True
2025-10-29 08:00:00,-1.551,-1.551,0.1,0.1126266293056912,-0.012626629305691195,True
2025-10-29 09:00:00,-1.553,-1.553,0.0,0.2841630508268583,-0.2841630508268583,True
2025-10-29 10:00:00,-1.554,-1.554,0.0,0.2000767593925161,-0.2000767593925161,True
2025-10-29 11:00:00,-1.558,-1.558,0.0,0.1669981055222318,-0.1669981055222318,True
2025-10-29 12:00:00,-1.56,-1.56,0.0,0.1237020315184438,-0.1237020315184438,True
2025-10-29 13:00:00,-1.563,-1.563,0.0,0.1272700423799294,-0.1272700423799294,True
2025-10-29 14:00:00,-1.562,-1.562,0.0,0.088078550131259,-0.088078550131259,True
2025-10-29 15:00:00,-1.566,-1.566,0.0,0.0301976891455074,-0.0301976891455074,True
2025-10-29 16:00:00,-1.567,-1.567,0.0,0.0,0.0,True
2025-10-29 17:00:00,-1.569,-1.569,0.1,0.0,0.1,True
2025-10-29 18:00:00,-1.569,-1.569,0.9,0.0,0.9,True
2025-10-29 19:00:00,-1.569,-1.569,0.2,0.0,0.2,True
2025-10-29 20:00:00,-1.571,-1.571,1.2,0.0,1.2,True
2025-10-29 21:00:00,-1.572,-1.572,4.0,0.0,4.0,True
2025-10-29 22:00:00,-1.572,-1.572,3.5,0.0,3.5,True
2025-10-29 23:00:00,-1.57,-1.57,1.3,0.0,1.3,True
2025-10-30 00:00:00,-1.567,-1.567,0.2,0.0,0.2,True
2025-10-30 01:00:00,-1.565,-1.565,0.0,0.0,0.0,True
2025-10-30 02:00:00,-1.566,-1.566,0.0,0.0,0.0,True
2025-10-30 03:00:00,-1.567,-1.567,0.0,0.0,0.0,True
2025-10-30 04:00:00,-1.569,-1.569,0.0,0.0,0.0,True
2025-10-30 05:00:00,-1.57,-1.57,0.0,0.0,0.0,True
2025-10-30 06:00:00,-1.569,-1.569,0.0,0.0069075798953075,-0.0069075798953075,True
2025-10-30 07:00:00,-1.574,-1.574,0.0,0.1090557754470446,-0.1090557754470446,True
2025-10-30 08:00:00,-1.576,-1.576,0.0,0.2380369191429545,-0.2380369191429545,True
2025-10-30 09:00:00,-1.579,-1.579,0.0,0.143965376254828,-0.143965376254828,True
2025-10-30 10:00:00,-1.581,-1.581,0.0,0.3585975586029014,-0.3585975586029014,True
2025-10-30 11:00:00,-1.585,-1.585,0.0,0.2129222086741571,-0.2129222086741571,True
2025-10-30 12:00:00,-1.587,-1.587,0.0,0.2232492045888934,-0.2232492045888934,True
2025-10-30 13:00:00,-1.594,-1.594,0.0,0.3401445969805386,-0.3401445969805386,True
2025-10-30 14:00:00,-1.594,-1.594,0.0,0.1446915670625327,-0.1446915670625327,True
2025-10-30 15:00:00,-1.593,-1.593,0.0,0.0394672449689196,-0.0394672449689196,True
2025-10-30 16:00:00,-1.594,-1.594,0.0,0.0,0.0,True
2025-10-30 17:00:00,-1.596,-1.596,0.0,0.0,0.0,True
2025-10-30 18:00:00,-1.599,-1.599,0.0,0.0,0.0,True
2025-10-30 19:00:00,-1.599,-1.599,0.0,0.0,0.0,True
2025-10-30 20:00:00,-1.602,-1.602,0.0,0.0,0.0,True
2025-10-30 21:00:00,-1.601,-1.601,0.0,0.0,0.0,True
2025-10-30 22:00:00,-1.601,-1.601,0.0,0.0,0.0,True
2025-10-30 23:00:00,-1.603,-1.603,0.0,0.0,0.0,True
2025-10-31 00:00:00,-1.603,-1.603,0.0,0.0,0.0,True
2025-10-31 01:00:00,-1.604,-1.604,0.0,0.0,0.0,True
2025-10-31 02:00:00,-1.609,-1.609,0.0,0.0,0.0,True
2025-10-31 03:00:00,-1.606,-1.606,0.0,0.0,0.0,True
2025-10-31 04:00:00,-1.605,-1.605,0.0,0.0,0.0,True
2025-10-31 05:00:00,-1.605,-1.605,0.0,0.0,0.0,True
2025-10-31 06:00:00,-1.605,-1.605,0.0,0.0034150131633763,-0.0034150131633763,True
2025-10-31 07:00:00,-1.606,-1.606,0.0,0.0554152711329511,-0.0554152711329511,True
2025-10-31 08:00:00,-1.609,-1.609,0.0,0.1566138317314832,-0.1566138317314832,True
2025-10-31 09:00:00,-1.61,-1.61,0.0,0.2719326853294568,-0.2719326853294568,True
2025-10-31 10:00:00,-1.611,-1.611,0.0,0.2172431063315294,-0.2172431063315294,True
2025-10-31 11:00:00,-1.611,-1.611,0.0,0.2427546823243611,-0.2427546823243611,True
2025-10-31 12:00:00,-1.609,-1.609,0.0,0.3874691491447132,-0.3874691491447132,True
2025-10-31 13:00:00,-1.612,-1.612,0.0,0.1664909322357849,-0.1664909322357849,True
2025-10-31 14:00:00,-1.614,-1.614,0.0,0.1067165645082971,-0.1067165645082971,True
2025-10-31 15:00:00,-1.613,-1.613,0.0,0.0415218225750727,-0.0415218225750727,True
2025-10-31 16:00:00,-1.614,-1.614,0.0,0.0,0.0,True
2025-10-31 17:00:00,-1.614,-1.614,0.0,0.0,0.0,True
2025-10-31 18:00:00,-1.615,-1.615,0.0,0.0,0.0,True
2025-10-31 19:00:00,-1.615,-1.615,0.0,0.0,0.0,True
2025-10-31 20:00:00,-1.616,-1.616,0.0,0.0,0.0,True
2025-10-31 21:00:00,-1.618,-1.618,0.0,0.0,0.0,True
2025-10-31 22:00:00,-1.618,-1.618,0.0,0.0,0.0,True
2025-10-31 23:00:00,-1.619,-1.619,0.0,0.0,0.0,True
2025-11-01 00:00:00,-1.619,-1.619,0.0,0.0,0.0,True
2025-11-01 01:00:00,-1.619,-1.619,0.0,0.0,0.0,True
2025-11-01 02:00:00,-1.618,-1.618,0.0,0.0,0.0,True
2025-11-01 03:00:00,-1.618,-1.618,0.0,0.0,0.0,True
2025-11-01 04:00:00,-1.618,-1.618,0.0,0.0,0.0,True
2025-11-01 05:00:00,-1.618,-1.618,0.2,0.0,0.2,True
2025-11-01 06:00:00,-1.621,-1.621,0.0,0.0,0.0,True
2025-11-01 07:00:00,-1.62,-1.62,0.2,0.0114065468932584,0.1885934531067416,True
2025-11-01 08:00:00,-1.619,-1.619,4.1,0.0150988445727537,4.084901155427246,True
2025-11-01 09:00:00,-1.619,-1.619,1.6,0.0502539503043678,1.5497460496956323,True
2025-11-01 10:00:00,-1.617,-1.617,0.3,0.0897366705995634,0.21026332940043657,True
2025-11-01 11:00:00,-1.617,-1.617,0.7,0.0817455351693702,0.6182544648306297,True
2025-11-01 12:00:00,-1.619,-1.619,0.5,0.0689310392331592,0.4310689607668408,True
2025-11-01 13:00:00,-1.619,-1.619,0.0,0.0966422121237842,-0.0966422121237842,True
2025-11-01 14:00:00,-1.617,-1.617,0.0,0.2106860961902794,-0.2106860961902794,True
2025-11-01 15:00:00,-1.618,-1.618,0.0,0.0686035057553338,-0.0686035057553338,True
2025-11-01 16:00:00,-1.618,-1.618,0.0,0.0,0.0,True
2025-11-01 17:00:00,-1.616,-1.616,0.0,0.0,0.0,True
2025-11-01 18:00:00,-1.62,-1.62,0.0,0.0,0.0,True
2025-11-01 19:00:00,-1.62,-1.62,0.0,0.0,0.0,True
2025-11-01 20:00:00,-1.62,-1.62,0.0,0.0,0.0,True
2025-11-01 21:00:00,-1.621,-1.621,0.0,0.0,0.0,True
2025-11-01 22:00:00,-1.622,-1.622,0.0,0.0,0.0,True
2025-11-01 23:00:00,-1.621,-1.621,0.0,0.0,0.0,True
2025-11-02 00:00:00,-1.621,-1.621,0.0,0.0,0.0,True
2025-11-02 01:00:00,-1.622,-1.622,0.0,0.0,0.0,True
2025-11-02 02:00:00,-1.621,-1.621,0.0,0.0,0.0,True
2025-11-02 03:00:00,-1.623,-1.623,0.0,0.0,0.0,True
2025-11-02 04:00:00,-1.623,-1.623,0.2,0.0,0.2,True
2025-11-02 05:00:00,-1.624,-1.624,0.0,0.0,0.0,True
2025-11-02 06:00:00,-1.624,-1.624,0.1,0.006984748519471,0.093015251480529,True
2025-11-02 07:00:00,-1.625,-1.625,0.0,0.0770437611838436,-0.0770437611838436,True
2025-11-02 08:00:00,-1.623,-1.623,0.0,0.197315734291208,-0.197315734291208,True
2025-11-02 09:00:00,-1.625,-1.625,0.0,0.2772847822966842,-0.2772847822966842,True
2025-11-02 10:00:00,-1.627,-1.627,0.0,0.4086595609423813,-0.4086595609423813,True
2025-11-02 11:00:00,-1.627,-1.627,0.0,0.3383942244999997,-0.3383942244999997,True
2025-11-02 12:00:00,-1.627,-1.627,0.0,0.4097567332193356,-0.4097567332193356,True
2025-11-02 13:00:00,-1.629,-1.629,0.0,0.2368655773325027,-0.2368655773325027,True
2025-11-02 14:00:00,-1.627,-1.627,6.2,0.0324619095612431,6.167538090438757,True
2025-11-02 15:00:00,-1.627,-1.627,3.3,0.0107067833021019,3.289293216697898,True
2025-11-02 16:00:00,-1.626,-1.626,2.5,0.0,2.5,True
2025-11-02 17:00:00,-1.625,-1.625,0.2,0.0,0.2,True
2025-11-02 18:00:00,-1.624,-1.624,0.0,0.0,0.0,True
2025-11-02 19:00:00,-1.623,-1.623,0.0,0.0,0.0,True
2025-11-02 20:00:00,-1.623,-1.623,0.0,0.0,0.0,True
2025-11-02 21:00:00,-1.62,-1.62,0.0,0.0,0.0,True
2025-11-02 22:00:00,-1.62,-1.62,0.0,0.0,0.0,True
2025-11-02 23:00:00,-1.62,-1.62,0.0,0.0,0.0,True
2025-11-03 00:00:00,-1.619,-1.619,0.0,0.0,0.0,True
2025-11-03 01:00:00,-1.62,-1.62,0.0,0.0,0.0,True
2025-11-03 02:00:00,-1.62,-1.62,0.0,0.0,0.0,True
2025-11-03 03:00:00,-1.621,-1.621,0.0,0.0,0.0,True
2025-11-03 04:00:00,-1.618,-1.618,0.0,0.0,0.0,True
2025-11-03 05:00:00,-1.618,-1.618,0.0,0.0,0.0,True
2025-11-03 06:00:00,-1.617,-1.617,0.0,0.0068300263267526,-0.0068300263267526,True
2025-11-03 07:00:00,-1.616,-1.616,0.0,0.0209542455584132,-0.0209542455584132,True
2025-11-03 08:00:00,-1.616,-1.616,0.0,0.0532480371932666,-0.0532480371932666,True
2025-11-03 09:00:00,-1.617,-1.617,0.0,0.0795592864580545,-0.0795592864580545,True
2025-11-03 10:00:00,-1.618,-1.618,0.0,0.2184002168544822,-0.2184002168544822,True
2025-11-03 11:00:00,-1.618,-1.618,0.0,0.1948410394186716,-0.1948410394186716,True
2025-11-03 12:00:00,-1.616,-1.616,0.0,0.1198363430334924,-0.1198363430334924,True
2025-11-03 13:00:00,-1.617,-1.617,0.0,0.0700676015737458,-0.0700676015737458,True
2025-11-03 14:00:00,-1.617,-1.617,0.0,0.0541196387893191,-0.0541196387893191,True
2025-11-03 15:00:00,-1.616,-1.616,0.0,0.0229770130777197,-0.0229770130777197,True
2025-11-03 16:00:00,-1.617,-1.617,0.0,0.0,0.0,True
2025-11-03 17:00:00,-1.616,-1.616,0.0,0.0,0.0,True
2025-11-03 18:00:00,-1.618,-1.618,0.0,0.0,0.0,True
2025-11-03 19:00:00,-1.617,-1.617,0.0,0.0,0.0,True
2025-11-03 20:00:00,-1.618,-1.618,0.0,0.0,0.0,True
2025-11-03 21:00:00,-1.617,-1.617,0.0,0.0,0.0,True
2025-11-03 22:00:00,-1.617,-1.617,0.0,0.0,0.0,True
2025-11-03 23:00:00,-1.618,-1.618,0.0,0.0,0.0,True
2025-11-04 00:00:00,-1.62,-1.62,0.0,0.0,0.0,True
2025-11-04 01:00:00,-1.621,-1.621,0.0,0.0,0.0,True
2025-11-04 02:00:00,-1.62,-1.62,0.0,0.0,0.0,True
2025-11-04 03:00:00,-1.62,-1.62,0.0,0.0,0.0,True
2025-11-04 04:00:00,-1.62,-1.62,0.0,0.0,0.0,True
2025-11-04 05:00:00,-1.618,-1.618,0.0,0.0,0.0,True
2025-11-04 06:00:00,-1.621,-1.621,0.0,0.0037838848235405,-0.0037838848235405,True
2025-11-04 07:00:00,-1.621,-1.621,0.0,0.0612720348739193,-0.0612720348739193,True
2025-11-04 08:00:00,-1.62,-1.62,0.0,0.1955263152268901,-0.1955263152268901,True
2025-11-04 09:00:00,-1.624,-1.624,0.0,0.2799188451138651,-0.2799188451138651,True
2025-11-04 10:00:00,-1.625,-1.625,0.0,0.3962711206533746,-0.3962711206533746,True
2025-11-04 11:00:00,-1.626,-1.626,0.0,0.4604116995917705,-0.4604116995917705,True
2025-11-04 12:00:00,-1.627,-1.627,0.0,0.3709809274282196,-0.3709809274282196,True
2025-11-04 13:00:00,-1.629,-1.629,0.0,0.1694129980955273,-0.1694129980955273,True
2025-11-04 14:00:00,-1.626,-1.626,0.0,0.0719791316007081,-0.0719791316007081,True
2025-11-04 15:00:00,-1.625,-1.625,0.0,0.0158901625946314,-0.0158901625946314,True
2025-11-04 16:00:00,-1.623,-1.623,0.0,0.0,0.0,True
2025-11-04 17:00:00,-1.624,-1.624,0.0,0.0,0.0,True
2025-11-04 18:00:00,-1.624,-1.624,0.0,0.0,0.0,True
2025-11-04 19:00:00,-1.626,-1.626,0.0,0.0,0.0,True
2025-11-04 20:00:00,-1.625,-1.625,0.0,0.0,0.0,True
2025-11-04 21:00:00,-1.626,-1.626,0.0,0.0,0.0,True
2025-11-04 22:00:00,-1.626,-1.626,0.0,0.0,0.0,True
2025-11-04 23:00:00,-1.626,-1.626,0.0,0.0,0.0,True
2025-11-05 00:00:00,-1.627,-1.627,0.0,0.0,0.0,True
2025-11-05 01:00:00,-1.628,-1.628,0.0,0.0,0.0,True
2025-11-05 02:00:00,-1.628,-1.628,0.0,0.0,0.0,True
2025-11-05 03:00:00,-1.629,-1.629,0.0,0.0,0.0,True
2025-11-05 04:00:00,-1.628,-1.628,0.0,0.0,0.0,True
2025-11-05 05:00:00,-1.629,-1.629,0.0,0.0,0.0,True
2025-11-05 06:00:00,-1.63,-1.63,0.0,0.0,0.0,True
2025-11-05 07:00:00,-1.63,-1.63,0.0,0.0301976891455074,-0.0301976891455074,True
2025-11-05 08:00:00,-1.63,-1.63,0.0,0.2038108920063831,-0.2038108920063831,True
2025-11-05 09:00:00,-1.632,-1.632,0.0,0.3815465788573635,-0.3815465788573635,True
2025-11-05 10:00:00,-1.635,-1.635,0.0,0.3304500617571919,-0.3304500617571919,True
2025-11-05 11:00:00,-1.637,-1.637,0.0,0.4251585365827173,-0.4251585365827173,True
2025-11-05 12:00:00,-1.637,-1.637,0.0,0.4499250532768563,-0.4499250532768563,True
2025-11-05 13:00:00,-1.639,-1.639,0.0,0.3125848373380039,-0.3125848373380039,True
2025-11-05 14:00:00,-1.641,-1.641,0.0,0.1032860568651047,-0.1032860568651047,True
2025-11-05 15:00:00,-1.639,-1.639,0.0,0.0198627032432893,-0.0198627032432893,True
2025-11-05 16:00:00,-1.638,-1.638,0.0,0.0,0.0,True
2025-11-05 17:00:00,-1.638,-1.638,0.0,0.0,0.0,True
2025-11-05 18:00:00,-1.638,-1.638,0.0,0.0,0.0,True
2025-11-05 19:00:00,-1.639,-1.639,0.0,0.0,0.0,True
2025-11-05 20:00:00,-1.639,-1.639,0.0,0.0,0.0,True
2025-11-05 21:00:00,-1.638,-1.638,0.0,0.0,0.0,True
2025-11-05 22:00:00,-1.641,-1.641,0.0,0.0,0.0,True
2025-11-05 23:00:00,-1.639,-1.639,0.0,0.0,0.0,True
2025-11-06 00:00:00,-1.638,-1.638,0.0,0.0,0.0,True
2025-11-06 01:00:00,-1.639,-1.639,0.0,0.0,0.0,True
2025-11-06 02:00:00,-1.639,-1.639,0.0,0.0,0.0,True
2025-11-06 03:00:00,-1.639,-1.639,0.0,0.0,0.0,True
2025-11-06 04:00:00,-1.64,-1.64,0.0,0.0,0.0,True
2025-11-06 05:00:00,-1.637,-1.637,0.0,0.0,0.0,True
2025-11-06 06:00:00,-1.638,-1.638,0.0,0.0035115912596145,-0.0035115912596145,True
2025-11-06 07:00:00,-1.639,-1.639,0.0,0.0654334652682267,-0.0654334652682267,True
2025-11-06 08:00:00,-1.641,-1.641,0.0,0.1978221966378808,-0.1978221966378808,True
2025-11-06 09:00:00,-1.641,-1.641,0.0,0.2104109345262871,-0.2104109345262871,True
2025-11-06 10:00:00,-1.642,-1.642,0.0,0.2559927724952502,-0.2559927724952502,True
2025-11-06 11:00:00,-1.643,-1.643,0.0,0.376180320345904,-0.376180320345904,True
2025-11-06 12:00:00,-1.644,-1.644,0.0,0.2762235921184614,-0.2762235921184614,True
2025-11-06 13:00:00,-1.644,-1.644,0.0,0.2406859898701238,-0.2406859898701238,True
2025-11-06 14:00:00,-1.645,-1.645,0.0,0.1204966713679901,-0.1204966713679901,True
2025-11-06 15:00:00,-1.643,-1.643,0.0,0.0255122084339833,-0.0255122084339833,True
2025-11-06 16:00:00,-1.643,-1.643,0.0,0.0,0.0,True
2025-11-06 17:00:00,-1.642,-1.642,0.0,0.0,0.0,True
2025-11-06 18:00:00,-1.648,-1.648,0.0,0.0,0.0,True
2025-11-06 19:00:00,-1.647,-1.647,0.0,0.0,0.0,True
2025-11-06 20:00:00,-1.645,-1.645,0.0,0.0,0.0,True
2025-11-06 21:00:00,-1.648,-1.648,0.0,0.0,0.0,True
2025-11-06 22:00:00,-1.648,-1.648,0.0,0.0,0.0,True
2025-11-06 23:00:00,-1.648,-1.648,0.0,0.0,0.0,True
2025-11-07 00:00:00,-1.648,-1.648,0.0,0.0,0.0,True
2025-11-07 01:00:00,-1.648,-1.648,0.0,0.0,0.0,True
2025-11-07 02:00:00,-1.649,-1.649,0.0,0.0,0.0,True
2025-11-07 03:00:00,-1.649,-1.649,0.0,0.0,0.0,True
2025-11-07 04:00:00,-1.649,-1.649,0.0,0.0,0.0,True
2025-11-07 05:00:00,-1.65,-1.65,0.0,0.0,0.0,True
2025-11-07 06:00:00,-1.65,-1.65,0.0,0.0034150131633763,-0.0034150131633763,True
2025-11-07 07:00:00,-1.65,-1.65,0.0,0.0384161168570909,-0.0384161168570909,True
2025-11-07 08:00:00,-1.651,-1.651,0.0,0.1007275410934019,-0.1007275410934019,True
2025-11-07 09:00:00,-1.651,-1.651,0.0,0.1702339398108479,-0.1702339398108479,True
2025-11-07 10:00:00,-1.652,-1.652,0.0,0.1943683411317364,-0.1943683411317364,True
2025-11-07 11:00:00,-1.653,-1.653,0.0,0.253520283177218,-0.253520283177218,True
2025-11-07 12:00:00,-1.656,-1.656,0.0,0.4048350313149763,-0.4048350313149763,True
2025-11-07 13:00:00,-1.657,-1.657,0.0,0.2749835242880256,-0.2749835242880256,True
2025-11-07 14:00:00,-1.657,-1.657,0.0,0.1653629756162542,-0.1653629756162542,True
2025-11-07 15:00:00,-1.658,-1.658,0.0,0.0459540261554395,-0.0459540261554395,True
2025-11-07 16:00:00,-1.658,-1.658,0.0,0.0,0.0,True
2025-11-07 17:00:00,-1.656,-1.656,0.0,0.0,0.0,True
2025-11-07 18:00:00,-1.658,-1.658,0.0,0.0,0.0,True
2025-11-07 19:00:00,-1.659,-1.659,0.0,0.0,0.0,True
2025-11-07 20:00:00,-1.659,-1.659,0.0,0.0,0.0,True
2025-11-07 21:00:00,-1.661,-1.661,0.0,0.0,0.0,True
2025-11-07 22:00:00,-1.661,-1.661,0.0,0.0,0.0,True
2025-11-07 23:00:00,-1.663,-1.663,0.0,0.0,0.0,True
2025-11-08 00:00:00,-1.662,-1.662,0.0,0.0,0.0,True
2025-11-08 01:00:00,-1.663,-1.663,0.0,0.0,0.0,True
2025-11-08 02:00:00,-1.662,-1.662,0.0,0.0,0.0,True
2025-11-08 03:00:00,-1.664,-1.664,0.0,0.0,0.0,True
2025-11-08 04:00:00,-1.664,-1.664,0.0,0.0,0.0,True
2025-11-08 05:00:00,-1.663,-1.663,0.0,0.0,0.0,True
2025-11-08 06:00:00,-1.663,-1.663,0.0,0.0032384044194491,-0.0032384044194491,True
2025-11-08 07:00:00,-1.663,-1.663,0.0,0.0369215942856911,-0.0369215942856911,True
2025-11-08 08:00:00,-1.664,-1.664,0.0,0.0922965978016621,-0.0922965978016621,True
2025-11-08 09:00:00,-1.664,-1.664,0.0,0.1432367771703936,-0.1432367771703936,True
2025-11-08 10:00:00,-1.665,-1.665,0.0,0.1962849794457986,-0.1962849794457986,True
2025-11-08 11:00:00,-1.667,-1.667,0.0,0.323089496145606,-0.323089496145606,True
2025-11-08 12:00:00,-1.668,-1.668,0.0,0.2541842097949572,-0.2541842097949572,True
2025-11-08 13:00:00,-1.67,-1.67,0.0,0.1532051063890428,-0.1532051063890428,True
2025-11-08 14:00:00,-1.671,-1.671,0.0,0.1365495088074531,-0.1365495088074531,True
2025-11-08 15:00:00,-1.672,-1.672,0.0,0.0222602410865434,-0.0222602410865434,True
2025-11-08 16:00:00,-1.67,-1.67,0.0,0.0,0.0,True
2025-11-08 17:00:00,-1.673,-1.673,0.0,0.0,0.0,True
2025-11-08 18:00:00,-1.673,-1.673,0.0,0.0,0.0,True
2025-11-08 19:00:00,-1.673,-1.673,0.0,0.0,0.0,True
2025-11-08 20:00:00,-1.673,-1.673,0.0,0.0,0.0,True
2025-11-08 21:00:00,-1.674,-1.674,0.0,0.0,0.0,True
2025-11-08 22:00:00,-1.674,-1.674,0.0,0.0,0.0,True
2025-11-08 23:00:00,-1.674,-1.674,0.1,0.0,0.1,True
2025-11-09 00:00:00,-1.674,-1.674,0.3,0.0,0.3,True
2025-11-09 01:00:00,-1.674,-1.674,0.0,0.0,0.0,True
2025-11-09 02:00:00,-1.674,-1.674,0.0,0.0,0.0,True
2025-11-09 03:00:00,-1.674,-1.674,0.0,0.0,0.0,True
2025-11-09 04:00:00,-1.674,-1.674,0.0,0.0,0.0,True
2025-11-09 05:00:00,-1.675,-1.675,0.0,0.0,0.0,True
2025-11-09 06:00:00,-1.674,-1.674,0.0,0.0,0.0,True
2025-11-09 07:00:00,-1.675,-1.675,0.0,0.028703450886487,-0.028703450886487,True
2025-11-09 08:00:00,-1.675,-1.675,0.0,0.1686191243696052,-0.1686191243696052,True
2025-11-09 09:00:00,-1.677,-1.677,0.0,0.323089496145606,-0.323089496145606,True
2025-11-09 10:00:00,-1.677,-1.677,0.0,0.4122286096549283,-0.4122286096549283,True
2025-11-09 11:00:00,-1.678,-1.678,0.0,0.2671268521655106,-0.2671268521655106,True
2025-11-09 12:00:00,-1.68,-1.68,0.0,0.2801711882037976,-0.2801711882037976,True
2025-11-09 13:00:00,-1.68,-1.68,0.0,0.3203480402877828,-0.3203480402877828,True
2025-11-09 14:00:00,-1.681,-1.681,0.0,0.1855530472776657,-0.1855530472776657,True
2025-11-09 15:00:00,-1.68,-1.68,0.0,0.0293819030093115,-0.0293819030093115,True
2025-11-09 16:00:00,-1.679,-1.679,0.0,0.0,0.0,True
2025-11-09 17:00:00,-1.679,-1.679,0.0,0.0,0.0,True
2025-11-09 18:00:00,-1.68,-1.68,0.0,0.0,0.0,True
2025-11-09 19:00:00,-1.678,-1.678,0.0,0.0,0.0,True
2025-11-09 20:00:00,-1.679,-1.679,0.0,0.0,0.0,True
2025-11-09 21:00:00,-1.679,-1.679,0.0,0.0,0.0,True
2025-11-09 22:00:00,-1.68,-1.68,0.0,0.0,0.0,True
2025-11-09 23:00:00,-1.68,-1.68,0.0,0.0,0.0,True
2025-11-10 00:00:00,-1.678,-1.678,0.0,0.0,0.0,True
2025-11-10 01:00:00,-1.68,-1.68,0.0,0.0,0.0,True
2025-11-10 02:00:00,-1.678,-1.678,0.0,0.0,0.0,True
2025-11-10 03:00:00,-1.679,-1.679,0.0,0.0,0.0,True
2025-11-10 04:00:00,-1.677,-1.677,0.0,0.0,0.0,True
2025-11-10 05:00:00,-1.677,-1.677,0.0,0.0,0.0,True
2025-11-10 06:00:00,-1.677,-1.677,0.0,0.0033662864448558,-0.0033662864448558,True
2025-11-10 07:00:00,-1.676,-1.676,0.0,0.0272423202680776,-0.0272423202680776,True
2025-11-10 08:00:00,-1.675,-1.675,0.0,0.0858606252459828,-0.0858606252459828,True
2025-11-10 09:00:00,-1.677,-1.677,0.0,0.1292178476102149,-0.1292178476102149,True
2025-11-10 10:00:00,-1.675,-1.675,0.0,0.1408472183983753,-0.1408472183983753,True
2025-11-10 11:00:00,-1.676,-1.676,0.0,0.2045120875662199,-0.2045120875662199,True
2025-11-10 12:00:00,-1.677,-1.677,0.0,0.2181115508940892,-0.2181115508940892,True
2025-11-10 13:00:00,-1.675,-1.675,0.0,0.1863537490528075,-0.1863537490528075,True
2025-11-10 14:00:00,-1.675,-1.675,0.0,0.1020488337359333,-0.1020488337359333,True
2025-11-10 15:00:00,-1.675,-1.675,0.0,0.0180343942006906,-0.0180343942006906,True
2025-11-10 16:00:00,-1.673,-1.673,0.0,0.0,0.0,True
2025-11-10 17:00:00,-1.673,-1.673,0.1,0.0,0.1,True
2025-11-10 18:00:00,-1.673,-1.673,0.0,0.0,0.0,True
2025-11-10 19:00:00,-1.671,-1.671,0.1,0.0,0.1,True
2025-11-10 20:00:00,-1.669,-1.669,2.0,0.0,2.0,True
2025-11-10 21:00:00,-1.668,-1.668,0.7,0.0,0.7,True
2025-11-10 22:00:00,-1.668,-1.668,0.1,0.0,0.1,True
2025-11-10 23:00:00,-1.667,-1.667,0.0,0.0,0.0,True
2025-11-11 00:00:00,-1.667,-1.667,0.0,0.0,0.0,True
2025-11-11 01:00:00,-1.668,-1.668,0.0,0.0,0.0,True
2025-11-11 02:00:00,-1.668,-1.668,0.0,0.0,0.0,True
2025-11-11 03:00:00,-1.668,-1.668,0.0,0.0,0.0,True
2025-11-11 04:00:00,-1.668,-1.668,0.0,0.0,0.0,True
2025-11-11 05:00:00,-1.67,-1.67,0.0,0.0,0.0,True
2025-11-11 06:00:00,-1.669,-1.669,0.0,0.0,0.0,True
2025-11-11 07:00:00,-1.669,-1.669,0.0,0.0529613490365145,-0.0529613490365145,True
2025-11-11 08:00:00,-1.671,-1.671,0.0,0.1740369186108523,-0.1740369186108523,True
2025-11-11 09:00:00,-1.673,-1.673,0.0,0.240547958428372,-0.240547958428372,True
2025-11-11 10:00:00,-1.674,-1.674,0.0,0.1480295128789982,-0.1480295128789982,True
2025-11-11 11:00:00,-1.674,-1.674,0.0,0.3116580290537271,-0.3116580290537271,True
2025-11-11 12:00:00,-1.675,-1.675,0.0,0.3032474010951675,-0.3032474010951675,True
2025-11-11 13:00:00,-1.677,-1.677,0.0,0.1199069328850526,-0.1199069328850526,True
2025-11-11 14:00:00,-1.676,-1.676,0.0,0.0261001842152181,-0.0261001842152181,True
2025-11-11 15:00:00,-1.677,-1.677,0.0,0.0185036891098747,-0.0185036891098747,True
2025-11-11 16:00:00,-1.678,-1.678,0.0,0.0,0.0,True
2025-11-11 17:00:00,-1.678,-1.678,0.0,0.0,0.0,True
2025-11-11 18:00:00,-1.677,-1.677,0.0,0.0,0.0,True
2025-11-11 19:00:00,-1.678,-1.678,0.0,0.0,0.0,True
2025-11-11 20:00:00,-1.678,-1.678,0.0,0.0,0.0,True
2025-11-11 21:00:00,-1.678,-1.678,0.0,0.0,0.0,True
2025-11-11 22:00:00,-1.677,-1.677,0.0,0.0,0.0,True
2025-11-11 23:00:00,-1.678,-1.678,0.0,0.0,0.0,True
2025-11-12 00:00:00,-1.678,-1.678,0.0,0.0,0.0,True
2025-11-12 01:00:00,-1.677,-1.677,0.0,0.0,0.0,True
2025-11-12 02:00:00,-1.676,-1.676,0.0,0.0,0.0,True
2025-11-12 03:00:00,-1.678,-1.678,0.0,0.0,0.0,True
2025-11-12 04:00:00,-1.676,-1.676,0.0,0.0,0.0,True
2025-11-12 05:00:00,-1.677,-1.677,0.0,0.0,0.0,True
2025-11-12 06:00:00,-1.675,-1.675,0.0,0.0,0.0,True
2025-11-12 07:00:00,-1.676,-1.676,0.0,0.0225378866755871,-0.0225378866755871,True
2025-11-12 08:00:00,-1.676,-1.676,0.0,0.0798458282528089,-0.0798458282528089,True
2025-11-12 09:00:00,-1.677,-1.677,0.0,0.2149601830548023,-0.2149601830548023,True
2025-11-12 10:00:00,-1.677,-1.677,0.0,0.2828401964105406,-0.2828401964105406,True
2025-11-12 11:00:00,-1.677,-1.677,0.0,0.2519269606024786,-0.2519269606024786,True
2025-11-12 12:00:00,-1.678,-1.678,0.0,0.1887651495399588,-0.1887651495399588,True
2025-11-12 13:00:00,-1.679,-1.679,0.0,0.1279629006234812,-0.1279629006234812,True
2025-11-12 14:00:00,-1.679,-1.679,0.0,0.1368490087546444,-0.1368490087546444,True
2025-11-12 15:00:00,-1.679,-1.679,0.0,0.0388367687261004,-0.0388367687261004,True
2025-11-12 16:00:00,-1.676,-1.676,0.0,0.0,0.0,True
2025-11-12 17:00:00,-1.676,-1.676,0.0,0.0,0.0,True
2025-11-12 18:00:00,-1.677,-1.677,0.0,0.0,0.0,True
2025-11-12 19:00:00,-1.676,-1.676,0.0,0.0,0.0,True
2025-11-12 20:00:00,-1.677,-1.677,0.0,0.0,0.0,True
2025-11-12 21:00:00,-1.676,-1.676,0.0,0.0,0.0,True
2025-11-12 22:00:00,-1.676,-1.676,0.0,0.0,0.0,True
2025-11-12 23:00:00,-1.675,-1.675,0.0,0.0,0.0,True
2025-11-13 00:00:00,-1.676,-1.676,0.0,0.0,0.0,True
2025-11-13 01:00:00,-1.675,-1.675,0.0,0.0,0.0,True
2025-11-13 02:00:00,-1.674,-1.674,0.0,0.0,0.0,True
2025-11-13 03:00:00,-1.673,-1.673,0.0,0.0,0.0,True
2025-11-13 04:00:00,-1.674,-1.674,0.0,0.0,0.0,True
2025-11-13 05:00:00,-1.672,-1.672,0.0,0.0,0.0,True
2025-11-13 06:00:00,-1.673,-1.673,0.0,0.0,0.0,True
2025-11-13 07:00:00,-1.674,-1.674,0.0,0.0198627032432893,-0.0198627032432893,True
2025-11-13 08:00:00,-1.675,-1.675,0.0,0.1044232742135942,-0.1044232742135942,True
2025-11-13 09:00:00,-1.677,-1.677,0.0,0.1738187107828026,-0.1738187107828026,True
2025-11-13 10:00:00,-1.679,-1.679,0.0,0.1980724843804029,-0.1980724843804029,True
2025-11-13 11:00:00,-1.683,-1.683,0.0,0.2182839623784032,-0.2182839623784032,True
2025-11-13 12:00:00,-1.687,-1.687,0.0,0.269673046663564,-0.269673046663564,True
2025-11-13 13:00:00,-1.686,-1.686,0.0,0.1763330661055336,-0.1763330661055336,True
2025-11-13 14:00:00,-1.686,-1.686,0.0,0.1305121645616893,-0.1305121645616893,True
2025-11-13 15:00:00,-1.689,-1.689,0.0,0.0232481489486827,-0.0232481489486827,True
2025-11-13 16:00:00,-1.687,-1.687,0.0,0.0,0.0,True
2025-11-13 17:00:00,-1.687,-1.687,0.0,0.0,0.0,True
2025-11-13 18:00:00,-1.687,-1.687,0.0,0.0,0.0,True
2025-11-13 19:00:00,-1.688,-1.688,0.0,0.0,0.0,True
2025-11-13 20:00:00,-1.688,-1.688,0.0,0.0,0.0,True
2025-11-13 21:00:00,-1.687,-1.687,0.9,0.0,0.9,True
2025-11-13 22:00:00,-1.686,-1.686,2.9,0.0,2.9,True
2025-11-13 23:00:00,-1.687,-1.687,1.8,0.0,1.8,True
2025-11-14 00:00:00,-1.682,-1.682,2.0,0.0,2.0,True
2025-11-14 01:00:00,-1.68,-1.68,2.3,0.0,2.3,True
2025-11-14 02:00:00,-1.675,-1.675,0.5,0.0,0.5,True
2025-11-14 03:00:00,-1.67,-1.67,0.1,0.0,0.1,True
2025-11-14 04:00:00,-1.666,-1.666,0.4,0.0,0.4,True
2025-11-14 05:00:00,-1.663,-1.663,0.4,0.0,0.4,True
2025-11-14 06:00:00,-1.659,-1.659,0.6,0.0,0.6,True
2025-11-14 07:00:00,-1.656,-1.656,0.8,0.0036633740118126,0.7963366259881874,True
2025-11-14 08:00:00,-1.654,-1.654,0.4,0.0109055775447044,0.38909442245529563,True
2025-11-14 09:00:00,-1.649,-1.649,0.8,0.0180343942006906,0.7819656057993094,True
2025-11-14 10:00:00,-1.647,-1.647,1.5,0.0285514221389384,1.4714485778610615,True
2025-11-14 11:00:00,-1.643,-1.643,0.6,0.0283989531697421,0.5716010468302579,True
2025-11-14 12:00:00,-1.635,-1.635,0.9,0.0282460528194744,0.8717539471805256,True
2025-11-14 13:00:00,-1.629,-1.629,1.5,0.0140079565788806,1.4859920434211193,True
2025-11-14 14:00:00,-1.617,-1.617,1.4,0.0069654935005077,1.3930345064994922,True
2025-11-14 15:00:00,-1.599,-1.599,0.9,0.0034634544458094,0.8965365455541906,True
2025-11-14 16:00:00,-1.586,-1.586,1.8,0.0,1.8,True
2025-11-14 17:00:00,-1.57,-1.57,0.7,0.0,0.7,True
2025-11-14 18:00:00,-1.561,-1.561,0.1,0.0,0.1,True
2025-11-14 19:00:00,-1.557,-1.557,0.0,0.0,0.0,True
2025-11-14 20:00:00,-1.555,-1.555,0.0,0.0,0.0,True
2025-11-14 21:00:00,-1.553,-1.553,0.3,0.0,0.3,True
2025-11-14 22:00:00,-1.553,-1.553,0.3,0.0,0.3,True
2025-11-14 23:00:00,-1.552,-1.552,0.0,0.0,0.0,True
2025-11-15 00:00:00,-1.549,-1.549,0.0,0.0,0.0,True
2025-11-15 01:00:00,-1.551,-1.551,0.1,0.0,0.1,True
2025-11-15 02:00:00,-1.551,-1.551,0.0,0.0,0.0,True
2025-11-15 03:00:00,-1.549,-1.549,0.0,0.0,0.0,True
2025-11-15 04:00:00,-1.549,-1.549,0.1,0.0,0.1,True
2025-11-15 05:00:00,-1.549,-1.549,2.0,0.0,2.0,True
2025-11-15 06:00:00,-1.548,-1.548,0.8,0.0,0.8,True
2025-11-15 07:00:00,-1.546,-1.546,0.5,0.0033662864448558,0.4966337135551442,True
2025-11-15 08:00:00,-1.547,-1.547,0.0,0.0134260342857058,-0.0134260342857058,True
2025-11-15 09:00:00,-1.546,-1.546,0.1,0.047128010227982,0.052871989772018006,True
2025-11-15 10:00:00,-1.546,-1.546,0.0,0.0774245882316848,-0.0774245882316848,True
2025-11-15 11:00:00,-1.546,-1.546,0.0,0.0742731811149441,-0.0742731811149441,True
2025-11-15 12:00:00,-1.546,-1.546,0.0,0.0605931560074054,-0.0605931560074054,True
2025-11-15 13:00:00,-1.545,-1.545,0.0,0.0438886979315579,-0.0438886979315579,True
2025-11-15 14:00:00,-1.545,-1.545,0.0,0.0134651457794234,-0.0134651457794234,True
2025-11-15 15:00:00,-1.546,-1.546,0.0,0.0067130171428529,-0.0067130171428529,True
2025-11-15 16:00:00,-1.545,-1.545,0.0,0.0,0.0,True
2025-11-15 17:00:00,-1.546,-1.546,0.0,0.0,0.0,True
2025-11-15 18:00:00,-1.547,-1.547,0.0,0.0,0.0,True
2025-11-15 19:00:00,-1.548,-1.548,0.0,0.0,0.0,True
2025-11-15 20:00:00,-1.549,-1.549,0.0,0.0,0.0,True
2025-11-15 21:00:00,-1.55,-1.55,0.0,0.0,0.0,True
2025-11-15 22:00:00,-1.551,-1.551,0.0,0.0,0.0,True
2025-11-15 23:00:00,-1.549,-1.549,0.0,0.0,0.0,True
2025-11-16 00:00:00,-1.55,-1.55,0.0,0.0,0.0,True
2025-11-16 01:00:00,-1.551,-1.551,0.0,0.0,0.0,True
2025-11-16 02:00:00,-1.554,-1.554,0.0,0.0,0.0,True
2025-11-16 03:00:00,-1.554,-1.554,0.0,0.0,0.0,True
2025-11-16 04:00:00,-1.554,-1.554,0.0,0.0,0.0,True
2025-11-16 05:00:00,-1.556,-1.556,0.0,0.0,0.0,True
2025-11-16 06:00:00,-1.557,-1.557,0.0,0.0,0.0,True
2025-11-16 07:00:00,-1.558,-1.558,0.0,0.0066542255544315,-0.0066542255544315,True
2025-11-16 08:00:00,-1.558,-1.558,0.0,0.0302965780037027,-0.0302965780037027,True
2025-11-16 09:00:00,-1.56,-1.56,0.0,0.0440155317965589,-0.0440155317965589,True
2025-11-16 10:00:00,-1.562,-1.562,0.0,0.0509333345936834,-0.0509333345936834,True
2025-11-16 11:00:00,-1.566,-1.566,0.0,0.1041932028899069,-0.1041932028899069,True
2025-11-16 12:00:00,-1.567,-1.567,0.0,0.3003441863372564,-0.3003441863372564,True
2025-11-16 13:00:00,-1.568,-1.568,0.0,0.1785901005116443,-0.1785901005116443,True
2025-11-16 14:00:00,-1.57,-1.57,0.0,0.136411623865847,-0.136411623865847,True
2025-11-16 15:00:00,-1.571,-1.571,0.0,0.0207808447213791,-0.0207808447213791,True
2025-11-16 16:00:00,-1.573,-1.573,0.0,0.0,0.0,True
2025-11-16 17:00:00,-1.574,-1.574,0.0,0.0,0.0,True
2025-11-16 18:00:00,-1.577,-1.577,0.0,0.0,0.0,True
2025-11-16 19:00:00,-1.578,-1.578,0.0,0.0,0.0,True
2025-11-16 20:00:00,-1.581,-1.581,0.0,0.0,0.0,True
2025-11-16 21:00:00,-1.583,-1.583,0.0,0.0,0.0,True
2025-11-16 22:00:00,-1.583,-1.583,0.0,0.0,0.0,True
2025-11-16 23:00:00,-1.583,-1.583,0.5,0.0,0.5,True
2025-11-17 00:00:00,-1.584,-1.584,0.9,0.0,0.9,True
2025-11-17 01:00:00,-1.586,-1.586,0.0,0.0,0.0,True
2025-11-17 02:00:00,-1.587,-1.587,0.4,0.0,0.4,True
2025-11-17 03:00:00,-1.589,-1.589,0.8,0.0,0.8,True
2025-11-17 04:00:00,-1.589,-1.589,0.3,0.0,0.3,True
2025-11-17 05:00:00,-1.59,-1.59,0.2,0.0,0.2,True
2025-11-17 06:00:00,-1.59,-1.59,0.4,0.0,0.4,True
2025-11-17 07:00:00,-1.594,-1.594,0.0,0.030690797946431,-0.030690797946431,True
2025-11-17 08:00:00,-1.595,-1.595,0.1,0.1165825591001684,-0.016582559100168398,True
2025-11-17 09:00:00,-1.597,-1.597,0.0,0.2536060397166732,-0.2536060397166732,True
2025-11-17 10:00:00,-1.6,-1.6,0.0,0.2878875983586577,-0.2878875983586577,True
2025-11-17 11:00:00,-1.6,-1.6,0.0,0.3702915089341447,-0.3702915089341447,True
2025-11-17 12:00:00,-1.601,-1.601,0.8,0.1641482931268466,0.6358517068731535,True
2025-11-17 13:00:00,-1.602,-1.602,0.0,0.2215295657141471,-0.2215295657141471,True
2025-11-17 14:00:00,-1.606,-1.606,0.0,0.1226831271195371,-0.1226831271195371,True
2025-11-17 15:00:00,-1.608,-1.608,0.0,0.0190732629421321,-0.0190732629421321,True
2025-11-17 16:00:00,-1.608,-1.608,0.0,0.0,0.0,True
2025-11-17 17:00:00,-1.61,-1.61,0.0,0.0,0.0,True
2025-11-17 18:00:00,-1.613,-1.613,0.0,0.0,0.0,True
2025-11-17 19:00:00,-1.615,-1.615,0.0,0.0,0.0,True
2025-11-17 20:00:00,-1.616,-1.616,0.0,0.0,0.0,True
2025-11-17 21:00:00,-1.618,-1.618,0.1,0.0,0.1,True
2025-11-17 22:00:00,-1.62,-1.62,0.1,0.0,0.1,True
2025-11-17 23:00:00,-1.619,-1.619,0.7,0.0,0.7,True
2025-11-18 00:00:00,-1.62,-1.62,0.5,0.0,0.5,True
2025-11-18 01:00:00,-1.619,-1.619,0.1,0.0,0.1,True
2025-11-18 02:00:00,-1.62,-1.62,0.3,0.0,0.3,True
2025-11-18 03:00:00,-1.618,-1.618,0.1,0.0,0.1,True
2025-11-18 04:00:00,-1.616,-1.616,0.0,0.0,0.0,True
2025-11-18 05:00:00,-1.616,-1.616,0.0,0.0,0.0,True
2025-11-18 06:00:00,-1.613,-1.613,0.0,0.0,0.0,True
2025-11-18 07:00:00,-1.612,-1.612,0.0,0.0124763334502811,-0.0124763334502811,True
2025-11-18 08:00:00,-1.611,-1.611,0.0,0.1234352872088062,-0.1234352872088062,True
2025-11-18 09:00:00,-1.609,-1.609,0.0,0.1143819663366,-0.1143819663366,True
2025-11-18 10:00:00,-1.606,-1.606,0.0,0.1014057277021078,-0.1014057277021078,True
2025-11-18 11:00:00,-1.607,-1.607,0.5,0.1146666851961286,0.3853333148038714,True
2025-11-18 12:00:00,-1.606,-1.606,1.1,0.1002873786381496,0.9997126213618505,True
2025-11-18 13:00:00,-1.604,-1.604,0.0,0.1176184548098149,-0.1176184548098149,True
2025-11-18 14:00:00,-1.604,-1.604,0.0,0.0310909454880766,-0.0310909454880766,True
2025-11-18 15:00:00,-1.604,-1.604,0.0,0.0093572500877108,-0.0093572500877108,True
2025-11-18 16:00:00,-1.605,-1.605,0.0,0.0,0.0,True
2025-11-18 17:00:00,-1.601,-1.601,0.0,0.0,0.0,True
2025-11-18 18:00:00,-1.599,-1.599,0.0,0.0,0.0,True
2025-11-18 19:00:00,-1.598,-1.598,0.0,0.0,0.0,True
2025-11-18 20:00:00,-1.597,-1.597,0.0,0.0,0.0,True
2025-11-18 21:00:00,-1.596,-1.596,0.2,0.0,0.2,True
2025-11-18 22:00:00,-1.594,-1.594,1.0,0.0,1.0,True
2025-11-18 23:00:00,-1.594,-1.594,0.7,0.0,0.7,True
2025-11-19 00:00:00,-1.593,-1.593,0.8,0.0,0.8,True
2025-11-19 01:00:00,-1.591,-1.591,1.0,0.0,1.0,True
2025-11-19 02:00:00,-1.589,-1.589,2.3,0.0,2.3,True
2025-11-19 03:00:00,-1.587,-1.587,2.0,0.0,2.0,True
2025-11-19 04:00:00,-1.582,-1.582,3.0,0.0,3.0,True
2025-11-19 05:00:00,-1.577,-1.577,0.8,0.0,0.8,True
2025-11-19 06:00:00,-1.57,-1.57,0.1,0.0,0.1,True
2025-11-19 07:00:00,-1.559,-1.559,0.1,0.0094171255477089,0.0905828744522911,True
2025-11-19 08:00:00,-1.54,-1.54,0.0,0.0377881338775271,-0.0377881338775271,True
2025-11-19 09:00:00,-1.526,-1.526,0.0,0.047533934860363,-0.047533934860363,True
2025-11-19 10:00:00,-1.52,-1.52,1.9,0.0280717502631325,1.8719282497368674,True
2025-11-19 11:00:00,-1.515,-1.515,0.4,0.0663384455411936,0.3336615544588064,True
2025-11-19 12:00:00,-1.508,-1.508,0.0,0.0697164377951991,-0.0697164377951991,True
2025-11-19 13:00:00,-1.503,-1.503,1.7,0.0247127896054528,1.675287210394547,True
2025-11-19 14:00:00,-1.501,-1.501,0.0,0.0312906585712921,-0.0312906585712921,True
2025-11-19 15:00:00,-1.495,-1.495,0.0,0.0062581317142584,-0.0062581317142584,True
2025-11-19 16:00:00,-1.492,-1.492,0.2,0.0,0.2,True
2025-11-19 17:00:00,-1.489,-1.489,0.1,0.0,0.1,True
2025-11-19 18:00:00,-1.487,-1.487,0.0,0.0,0.0,True
2025-11-19 19:00:00,-1.486,-1.486,0.0,0.0,0.0,True
2025-11-19 20:00:00,-1.486,-1.486,0.0,0.0,0.0,True
2025-11-19 21:00:00,-1.484,-1.484,0.0,0.0,0.0,True
2025-11-19 22:00:00,-1.486,-1.486,0.0,0.0,0.0,True
2025-11-19 23:00:00,-1.487,-1.487,0.0,0.0,0.0,True
2025-11-20 00:00:00,-1.489,-1.489,0.0,0.0,0.0,True
2025-11-20 01:00:00,-1.489,-1.489,0.0,0.0,0.0,True
2025-11-20 02:00:00,-1.49,-1.49,0.0,0.0,0.0,True
2025-11-20 03:00:00,-1.492,-1.492,0.0,0.0,0.0,True
2025-11-20 04:00:00,-1.494,-1.494,0.0,0.0,0.0,True
2025-11-20 05:00:00,-1.496,-1.496,0.0,0.0,0.0,True
2025-11-20 06:00:00,-1.497,-1.497,0.0,0.0,0.0,True
2025-11-20 07:00:00,-1.5,-1.5,0.0,0.0137344684535245,-0.0137344684535245,True
2025-11-20 08:00:00,-1.502,-1.502,0.0,0.07043800776645,-0.07043800776645,True
2025-11-20 09:00:00,-1.507,-1.507,0.0,0.0805851327220611,-0.0805851327220611,True
2025-11-20 10:00:00,-1.508,-1.508,0.0,0.1120455320185984,-0.1120455320185984,True
2025-11-20 11:00:00,-1.51,-1.51,0.0,0.2049571648124332,-0.2049571648124332,True
2025-11-20 12:00:00,-1.512,-1.512,0.0,0.2401694189179115,-0.2401694189179115,True
2025-11-20 13:00:00,-1.516,-1.516,0.0,0.1306774933769829,-0.1306774933769829,True
2025-11-20 14:00:00,-1.522,-1.522,0.0,0.0300889973057089,-0.0300889973057089,True
2025-11-20 15:00:00,-1.524,-1.524,3.6,0.0,3.6,True
2025-11-20 16:00:00,-1.526,-1.526,0.0,0.0,0.0,True
2025-11-20 17:00:00,-1.526,-1.526,0.0,0.0,0.0,True
2025-11-20 18:00:00,-1.524,-1.524,0.0,0.0,0.0,True
2025-11-20 19:00:00,-1.522,-1.522,0.0,0.0,0.0,True
2025-11-20 20:00:00,-1.521,-1.521,0.0,0.0,0.0,True
2025-11-20 21:00:00,-1.522,-1.522,0.2,0.0,0.2,True
2025-11-20 22:00:00,-1.524,-1.524,0.0,0.0,0.0,True
2025-11-20 23:00:00,-1.525,-1.525,0.0,0.0,0.0,True
2025-11-21 00:00:00,-1.526,-1.526,0.0,0.0,0.0,True
2025-11-21 01:00:00,-1.528,-1.528,0.0,0.0,0.0,True
2025-11-21 02:00:00,-1.532,-1.532,0.0,0.0,0.0,True
2025-11-21 03:00:00,-1.535,-1.535,0.0,0.0,0.0,True
2025-11-21 04:00:00,-1.536,-1.536,0.0,0.0,0.0,True
2025-11-21 05:00:00,-1.539,-1.539,0.0,0.0,0.0,True
2025-11-21 06:00:00,-1.542,-1.542,0.0,0.0,0.0,True
2025-11-21 07:00:00,-1.546,-1.546,0.0,0.0346574053303579,-0.0346574053303579,True
2025-11-21 08:00:00,-1.548,-1.548,0.0,0.1902317635551023,-0.1902317635551023,True
2025-11-21 09:00:00,-1.551,-1.551,0.0,0.2203874372287994,-0.2203874372287994,True
2025-11-21 10:00:00,-1.551,-1.551,0.0,0.2922548875879207,-0.2922548875879207,True
2025-11-21 11:00:00,-1.551,-1.551,0.0,0.3316370633828252,-0.3316370633828252,True
2025-11-21 12:00:00,-1.556,-1.556,0.0,0.2910031247130172,-0.2910031247130172,True
2025-11-21 13:00:00,-1.561,-1.561,0.1,0.0966061275613786,0.003393872438621409,True
2025-11-21 14:00:00,-1.562,-1.562,0.1,0.0486241835821331,0.051375816417866906,True
2025-11-21 15:00:00,-1.563,-1.563,0.0,0.0089664109575409,-0.0089664109575409,True
2025-11-21 16:00:00,-1.565,-1.565,0.2,0.0,0.2,True
2025-11-21 17:00:00,-1.566,-1.566,0.0,0.0,0.0,True
2025-11-21 18:00:00,-1.565,-1.565,0.0,0.0,0.0,True
2025-11-21 19:00:00,-1.568,-1.568,0.0,0.0,0.0,True
2025-11-21 20:00:00,-1.57,-1.57,0.0,0.0,0.0,True
2025-11-21 21:00:00,-1.572,-1.572,0.0,0.0,0.0,True
2025-11-21 22:00:00,-1.575,-1.575,0.0,0.0,0.0,True
2025-11-21 23:00:00,-1.574,-1.574,0.1,0.0,0.1,True
2025-11-22 00:00:00,-1.573,-1.573,0.0,0.0,0.0,True
2025-11-22 01:00:00,-1.574,-1.574,0.0,0.0,0.0,True
2025-11-22 02:00:00,-1.574,-1.574,0.0,0.0,0.0,True
2025-11-22 03:00:00,-1.575,-1.575,0.0,0.0,0.0,True
2025-11-22 04:00:00,-1.576,-1.576,0.0,0.0,0.0,True
2025-11-22 05:00:00,-1.578,-1.578,0.0,0.0,0.0,True
2025-11-22 06:00:00,-1.578,-1.578,0.0,0.0,0.0,True
2025-11-22 07:00:00,-1.579,-1.579,0.0,0.0086946069206234,-0.0086946069206234,True
2025-11-22 08:00:00,-1.58,-1.58,0.0,0.0379386245844795,-0.0379386245844795,True
2025-11-22 09:00:00,-1.581,-1.581,0.0,0.0982987405975871,-0.0982987405975871,True
2025-11-22 10:00:00,-1.579,-1.579,0.0,0.179301676959116,-0.179301676959116,True
2025-11-22 11:00:00,-1.581,-1.581,0.0,0.0923412411674303,-0.0923412411674303,True
2025-11-22 12:00:00,-1.582,-1.582,0.0,0.2179046654196607,-0.2179046654196607,True
2025-11-22 13:00:00,-1.583,-1.583,0.0,0.1823406884329994,-0.1823406884329994,True
2025-11-22 14:00:00,-1.584,-1.584,0.0,0.0976348233463047,-0.0976348233463047,True
2025-11-22 15:00:00,-1.587,-1.587,0.0,0.011350791415796,-0.011350791415796,True
2025-11-22 16:00:00,-1.588,-1.588,0.0,0.0,0.0,True
2025-11-22 17:00:00,-1.588,-1.588,0.0,0.0,0.0,True
2025-11-22 18:00:00,-1.587,-1.587,0.0,0.0,0.0,True
2025-11-22 19:00:00,-1.588,-1.588,0.0,0.0,0.0,True
2025-11-22 20:00:00,-1.586,-1.586,0.0,0.0,0.0,True
2025-11-22 21:00:00,-1.589,-1.589,0.0,0.0,0.0,True
2025-11-22 22:00:00,-1.589,-1.589,0.0,0.0,0.0,True
2025-11-22 23:00:00,-1.587,-1.587,0.0,0.0,0.0,True
2025-11-23 00:00:00,-1.587,-1.587,0.0,0.0,0.0,True
2025-11-23 01:00:00,-1.587,-1.587,0.0,0.0,0.0,True
2025-11-23 02:00:00,-1.588,-1.588,0.0,0.0,0.0,True
2025-11-23 03:00:00,-1.587,-1.587,0.3,0.0,0.3,True
2025-11-23 04:00:00,-1.588,-1.588,0.3,0.0,0.3,True
2025-11-23 05:00:00,-1.587,-1.587,0.0,0.0,0.0,True
2025-11-23 06:00:00,-1.588,-1.588,0.0,0.0,0.0,True
2025-11-23 07:00:00,-1.588,-1.588,0.0,0.0026763121826558,-0.0026763121826558,True
2025-11-23 08:00:00,-1.587,-1.587,0.0,0.0242682266671738,-0.0242682266671738,True
2025-11-23 09:00:00,-1.586,-1.586,0.1,0.0328416746447016,0.0671583253552984,True
2025-11-23 10:00:00,-1.585,-1.585,0.0,0.0450803249705279,-0.0450803249705279,True
2025-11-23 11:00:00,-1.585,-1.585,0.0,0.0635386913512341,-0.0635386913512341,True
2025-11-23 12:00:00,-1.583,-1.583,0.2,0.0550658438306153,0.1449341561693847,True
2025-11-23 13:00:00,-1.582,-1.582,0.4,0.0397277699552861,0.3602722300447139,True
2025-11-23 14:00:00,-1.58,-1.58,0.2,0.0085433560983349,0.1914566439016651,True
2025-11-23 15:00:00,-1.579,-1.579,0.3,0.0057359137332314,0.2942640862667686,True
2025-11-23 16:00:00,-1.578,-1.578,0.0,0.0,0.0,True
2025-11-23 17:00:00,-1.578,-1.578,0.8,0.0,0.8,True
2025-11-23 18:00:00,-1.578,-1.578,0.3,0.0,0.3,True
2025-11-23 19:00:00,-1.579,-1.579,0.1,0.0,0.1,True
2025-11-23 20:00:00,-1.578,-1.578,0.6,0.0,0.6,True
2025-11-23 21:00:00,-1.577,-1.577,0.0,0.0,0.0,True
2025-11-23 22:00:00,-1.576,-1.576,0.0,0.0,0.0,True
2025-11-23 23:00:00,-1.577,-1.577,0.0,0.0,0.0,True
2025-11-24 00:00:00,-1.576,-1.576,0.0,0.0,0.0,True
2025-11-24 01:00:00,-1.577,-1.577,0.0,0.0,0.0,True
2025-11-24 02:00:00,-1.577,-1.577,0.0,0.0,0.0,True
2025-11-24 03:00:00,-1.578,-1.578,0.0,0.0,0.0,True
2025-11-24 04:00:00,-1.578,-1.578,0.4,0.0,0.4,True
2025-11-24 05:00:00,-1.577,-1.577,0.2,0.0,0.2,True
2025-11-24 06:00:00,-1.577,-1.577,0.4,0.0,0.4,True
2025-11-24 07:00:00,-1.577,-1.577,0.1,0.0060177994611417,0.09398220053885831,True
2025-11-24 08:00:00,-1.578,-1.578,0.0,0.0338700124047678,-0.0338700124047678,True
2025-11-24 09:00:00,-1.579,-1.579,0.0,0.0976193458502784,-0.0976193458502784,True
2025-11-24 10:00:00,-1.579,-1.579,0.0,0.0963819310130376,-0.0963819310130376,True
2025-11-24 11:00:00,-1.582,-1.582,0.0,0.2302475886901375,-0.2302475886901375,True
2025-11-24 12:00:00,-1.581,-1.581,0.0,0.2447524396751186,-0.2447524396751186,True
2025-11-24 13:00:00,-1.583,-1.583,0.0,0.0898429421937739,-0.0898429421937739,True
2025-11-24 14:00:00,-1.584,-1.584,0.0,0.0373091345856919,-0.0373091345856919,True
2025-11-24 15:00:00,-1.583,-1.583,0.0,0.0060378829725861,-0.0060378829725861,True
2025-11-24 16:00:00,-1.586,-1.586,0.0,0.0,0.0,True
2025-11-24 17:00:00,-1.587,-1.587,0.0,0.0,0.0,True
2025-11-24 18:00:00,-1.588,-1.588,0.0,0.0,0.0,True
2025-11-24 19:00:00,-1.59,-1.59,0.0,0.0,0.0,True
2025-11-24 20:00:00,-1.592,-1.592,0.0,0.0,0.0,True
2025-11-24 21:00:00,-1.594,-1.594,0.0,0.0,0.0,True
2025-11-24 22:00:00,-1.595,-1.595,0.0,0.0,0.0,True
2025-11-24 23:00:00,-1.597,-1.597,0.0,0.0,0.0,True
2025-11-25 00:00:00,-1.598,-1.598,0.0,0.0,0.0,True
2025-11-25 01:00:00,-1.6,-1.6,0.0,0.0,0.0,True
2025-11-25 02:00:00,-1.603,-1.603,0.0,0.0,0.0,True
2025-11-25 03:00:00,-1.602,-1.602,0.0,0.0,0.0,True
2025-11-25 04:00:00,-1.604,-1.604,0.0,0.0,0.0,True
2025-11-25 05:00:00,-1.605,-1.605,0.0,0.0,0.0,True
2025-11-25 06:00:00,-1.605,-1.605,0.1,0.0,0.1,True
2025-11-25 07:00:00,-1.607,-1.607,0.6,0.0031190833625702,0.5968809166374298,True
2025-11-25 08:00:00,-1.608,-1.608,0.0,0.0511800174859835,-0.0511800174859835,True
2025-11-25 09:00:00,-1.609,-1.609,0.0,0.0823921537579626,-0.0823921537579626,True
2025-11-25 10:00:00,-1.613,-1.613,0.0,0.1941097732002298,-0.1941097732002298,True
2025-11-25 11:00:00,-1.615,-1.615,0.0,0.3182661529905029,-0.3182661529905029,True
2025-11-25 12:00:00,-1.618,-1.618,0.0,0.2584511599998382,-0.2584511599998382,True
2025-11-25 13:00:00,-1.621,-1.621,0.0,0.1885255278578616,-0.1885255278578616,True
2025-11-25 14:00:00,-1.623,-1.623,0.0,0.1068673458418211,-0.1068673458418211,True
2025-11-25 15:00:00,-1.623,-1.623,0.0,0.0091771864841387,-0.0091771864841387,True
2025-11-25 16:00:00,-1.626,-1.626,0.0,0.0,0.0,True
2025-11-25 17:00:00,-1.628,-1.628,0.0,0.0,0.0,True
2025-11-25 18:00:00,-1.629,-1.629,0.0,0.0,0.0,True
2025-11-25 19:00:00,-1.629,-1.629,0.0,0.0,0.0,True
2025-11-25 20:00:00,-1.634,-1.634,0.1,0.0,0.1,True
2025-11-25 21:00:00,-1.632,-1.632,0.1,0.0,0.1,True
2025-11-25 22:00:00,-1.633,-1.633,0.0,0.0,0.0,True
2025-11-25 23:00:00,-1.635,-1.635,0.0,0.0,0.0,True
2025-11-26 00:00:00,-1.636,-1.636,0.0,0.0,0.0,True
2025-11-26 01:00:00,-1.635,-1.635,0.0,0.0,0.0,True
2025-11-26 02:00:00,-1.638,-1.638,0.0,0.0,0.0,True
2025-11-26 03:00:00,-1.639,-1.639,0.0,0.0,0.0,True
2025-11-26 04:00:00,-1.639,-1.639,0.0,0.0,0.0,True
2025-11-26 05:00:00,-1.639,-1.639,0.0,0.0,0.0,True
2025-11-26 06:00:00,-1.643,-1.643,0.0,0.0,0.0,True
2025-11-26 07:00:00,-1.641,-1.641,0.0,0.0083617521765059,-0.0083617521765059,True
2025-11-26 08:00:00,-1.643,-1.643,0.0,0.0421114602412936,-0.0421114602412936,True
2025-11-26 09:00:00,-1.645,-1.645,0.0,0.0901606499410559,-0.0901606499410559,True
2025-11-26 10:00:00,-1.645,-1.645,0.0,0.1698043868072002,-0.1698043868072002,True
2025-11-26 11:00:00,-1.647,-1.647,0.0,0.1101316876612307,-0.1101316876612307,True
2025-11-26 12:00:00,-1.646,-1.646,0.0,0.1263554640111783,-0.1263554640111783,True
2025-11-26 13:00:00,-1.646,-1.646,0.0,0.0774474925920383,-0.0774474925920383,True
2025-11-26 14:00:00,-1.646,-1.646,0.0,0.0437753360590148,-0.0437753360590148,True
2025-11-26 15:00:00,-1.645,-1.645,0.0,0.0026964696296859,-0.0026964696296859,True
2025-11-26 16:00:00,-1.646,-1.646,0.0,0.0,0.0,True
2025-11-26 17:00:00,-1.647,-1.647,0.0,0.0,0.0,True
2025-11-26 18:00:00,-1.648,-1.648,0.0,0.0,0.0,True
2025-11-26 19:00:00,-1.647,-1.647,0.0,0.0,0.0,True
2025-11-26 20:00:00,-1.647,-1.647,0.0,0.0,0.0,True
2025-11-26 21:00:00,-1.645,-1.645,0.0,0.0,0.0,True
2025-11-26 22:00:00,-1.645,-1.645,0.0,0.0,0.0,True
2025-11-26 23:00:00,-1.646,-1.646,0.0,0.0,0.0,True
2025-11-27 00:00:00,-1.645,-1.645,0.0,0.0,0.0,True
2025-11-27 01:00:00,-1.644,-1.644,0.0,0.0,0.0,True
2025-11-27 02:00:00,-1.644,-1.644,0.0,0.0,0.0,True
2025-11-27 03:00:00,-1.643,-1.643,0.0,0.0,0.0,True
2025-11-27 04:00:00,-1.642,-1.642,0.0,0.0,0.0,True
2025-11-27 05:00:00,-1.642,-1.642,0.0,0.0,0.0,True
2025-11-27 06:00:00,-1.64,-1.64,0.0,0.0,0.0,True
2025-11-27 07:00:00,-1.64,-1.64,0.0,0.0031390418492363,-0.0031390418492363,True
2025-11-27 08:00:00,-1.639,-1.639,0.0,0.0189538415831981,-0.0189538415831981,True
2025-11-27 09:00:00,-1.64,-1.64,0.3,0.0286098944131982,0.27139010558680177,True
2025-11-27 10:00:00,-1.639,-1.639,0.1,0.0388608530333894,0.0611391469666106,True
2025-11-27 11:00:00,-1.638,-1.638,0.0,0.0429970502131965,-0.0429970502131965,True
2025-11-27 12:00:00,-1.636,-1.636,0.0,0.0400430589026326,-0.0400430589026326,True
2025-11-27 13:00:00,-1.638,-1.638,0.0,0.0474013419347557,-0.0474013419347557,True
2025-11-27 14:00:00,-1.636,-1.636,0.0,0.0241087939302271,-0.0241087939302271,True
2025-11-27 15:00:00,-1.636,-1.636,0.0,0.0034731067629968,-0.0034731067629968,True
2025-11-27 16:00:00,-1.634,-1.634,0.0,0.0,0.0,True
2025-11-27 17:00:00,-1.635,-1.635,0.0,0.0,0.0,True
2025-11-27 18:00:00,-1.636,-1.636,0.0,0.0,0.0,True
2025-11-27 19:00:00,-1.636,-1.636,0.0,0.0,0.0,True
2025-11-27 20:00:00,-1.637,-1.637,0.1,0.0,0.1,True
2025-11-27 21:00:00,-1.638,-1.638,0.0,0.0,0.0,True
2025-11-27 22:00:00,-1.639,-1.639,0.0,0.0,0.0,True
2025-11-27 23:00:00,-1.639,-1.639,0.0,0.0,0.0,True
2025-11-28 00:00:00,-1.639,-1.639,0.0,0.0,0.0,True
2025-11-28 01:00:00,-1.641,-1.641,0.3,0.0,0.3,True
2025-11-28 02:00:00,-1.64,-1.64,0.2,0.0,0.2,True
2025-11-28 03:00:00,-1.639,-1.639,0.1,0.0,0.1,True
2025-11-28 04:00:00,-1.639,-1.639,0.2,0.0,0.2,True
2025-11-28 05:00:00,-1.639,-1.639,0.5,0.0,0.5,True
2025-11-28 06:00:00,-1.638,-1.638,0.0,0.0,0.0,True
2025-11-28 07:00:00,-1.637,-1.637,0.1,0.0035879313608108,0.0964120686391892,True
2025-11-28 08:00:00,-1.637,-1.637,0.0,0.0362576913772609,-0.0362576913772609,True
2025-11-28 09:00:00,-1.636,-1.636,0.0,0.1059658573045376,-0.1059658573045376,True
2025-11-28 10:00:00,-1.637,-1.637,0.0,0.162832464166898,-0.162832464166898,True
2025-11-28 11:00:00,-1.636,-1.636,0.0,0.1632417679679856,-0.1632417679679856,True
2025-11-28 12:00:00,-1.636,-1.636,0.0,0.1934049968036506,-0.1934049968036506,True
2025-11-28 13:00:00,-1.635,-1.635,0.0,0.0989110983189404,-0.0989110983189404,True
2025-11-28 14:00:00,-1.635,-1.635,0.0,0.0506286368369438,-0.0506286368369438,True
2025-11-28 15:00:00,-1.635,-1.635,0.0,0.0072137576802762,-0.0072137576802762,True
2025-11-28 16:00:00,-1.636,-1.636,0.0,0.0,0.0,True
2025-11-28 17:00:00,-1.634,-1.634,0.0,0.0,0.0,True
2025-11-28 18:00:00,-1.635,-1.635,0.0,0.0,0.0,True
2025-11-28 19:00:00,-1.635,-1.635,0.0,0.0,0.0,True
2025-11-28 20:00:00,-1.634,-1.634,0.0,0.0,0.0,True
2025-11-28 21:00:00,-1.634,-1.634,0.0,0.0,0.0,True
2025-11-28 22:00:00,-1.635,-1.635,0.0,0.0,0.0,True
2025-11-28 23:00:00,-1.635,-1.635,0.0,0.0,0.0,True
2025-11-29 00:00:00,-1.635,-1.635,0.0,0.0,0.0,True
2025-11-29 01:00:00,-1.634,-1.634,0.0,0.0,0.0,True
2025-11-29 02:00:00,-1.634,-1.634,0.0,0.0,0.0,True
2025-11-29 03:00:00,-1.636,-1.636,0.0,0.0,0.0,True
2025-11-29 04:00:00,-1.636,-1.636,0.0,0.0,0.0,True
2025-11-29 05:00:00,-1.635,-1.635,0.0,0.0,0.0,True
2025-11-29 06:00:00,-1.635,-1.635,0.0,0.0,0.0,True
2025-11-29 07:00:00,-1.635,-1.635,0.0,0.0069462135259937,-0.0069462135259937,True
2025-11-29 08:00:00,-1.634,-1.634,0.0,0.0348274675025387,-0.0348274675025387,True
2025-11-29 09:00:00,-1.635,-1.635,0.0,0.0561854601538329,-0.0561854601538329,True
2025-11-29 10:00:00,-1.636,-1.636,0.0,0.0889851316656155,-0.0889851316656155,True
2025-11-29 11:00:00,-1.635,-1.635,0.0,0.1402990750943812,-0.1402990750943812,True
2025-11-29 12:00:00,-1.633,-1.633,0.0,0.093039349283189,-0.093039349283189,True
2025-11-29 13:00:00,-1.634,-1.634,0.0,0.0745472520705732,-0.0745472520705732,True
2025-11-29 14:00:00,-1.634,-1.634,0.0,0.0423690792292116,-0.0423690792292116,True
2025-11-29 15:00:00,-1.634,-1.634,0.0,0.0070423609199187,-0.0070423609199187,True
2025-11-29 16:00:00,-1.632,-1.632,0.0,0.0,0.0,True
2025-11-29 17:00:00,-1.633,-1.633,0.0,0.0,0.0,True
2025-11-29 18:00:00,-1.631,-1.631,0.1,0.0,0.1,True
2025-11-29 19:00:00,-1.632,-1.632,0.8,0.0,0.8,True
2025-11-29 20:00:00,-1.631,-1.631,0.3,0.0,0.3,True
2025-11-29 21:00:00,-1.631,-1.631,0.2,0.0,0.2,True
2025-11-29 22:00:00,-1.631,-1.631,0.0,0.0,0.0,True
2025-11-29 23:00:00,-1.632,-1.632,0.0,0.0,0.0,True
2025-11-30 00:00:00,-1.631,-1.631,0.0,0.0,0.0,True
2025-11-30 01:00:00,-1.631,-1.631,0.0,0.0,0.0,True
2025-11-30 02:00:00,-1.633,-1.633,0.0,0.0,0.0,True
2025-11-30 03:00:00,-1.632,-1.632,0.0,0.0,0.0,True
2025-11-30 04:00:00,-1.632,-1.632,0.0,0.0,0.0,True
2025-11-30 05:00:00,-1.632,-1.632,0.0,0.0,0.0,True
2025-11-30 06:00:00,-1.634,-1.634,0.0,0.0,0.0,True
2025-11-30 07:00:00,-1.636,-1.636,0.0,0.0032779223752955,-0.0032779223752955,True
2025-11-30 08:00:00,-1.637,-1.637,0.0,0.085994100426393,-0.085994100426393,True
2025-11-30 09:00:00,-1.638,-1.638,0.0,0.1874163327450494,-0.1874163327450494,True
2025-11-30 10:00:00,-1.638,-1.638,0.0,0.2769644907432089,-0.2769644907432089,True
2025-11-30 11:00:00,-1.64,-1.64,0.0,0.2778270936852697,-0.2778270936852697,True
2025-11-30 12:00:00,-1.641,-1.641,0.0,0.0550528751306351,-0.0550528751306351,True
2025-11-30 13:00:00,-1.642,-1.642,0.0,0.0490208427156857,-0.0490208427156857,True
2025-11-30 14:00:00,-1.643,-1.643,0.0,0.0196675342517733,-0.0196675342517733,True
2025-11-30 15:00:00,-1.644,-1.644,0.4,0.0032581810096054,0.3967418189903946,True
2025-11-30 16:00:00,-1.643,-1.643,0.3,0.0,0.3,True
2025-11-30 17:00:00,-1.645,-1.645,0.6,0.0,0.6,True
2025-11-30 18:00:00,-1.646,-1.646,0.0,0.0,0.0,True
2025-11-30 19:00:00,-1.646,-1.646,0.0,0.0,0.0,True
2025-11-30 20:00:00,,,0.0,0.0,0.0,True
2025-11-30 21:00:00,,,0.0,0.0,0.0,True
2025-11-30 22:00:00,,,0.0,0.0,0.0,True
2025-11-30 23:00:00,,,0.0,0.0,0.0,True
