date,precipitation_mm,makkink_mm,P_minus_ET_mm
2020-01-01,0.0,0.09248181915071765,-0.09248181915071765
2020-01-02,0.0,0.08294586068650961,-0.08294586068650961
2020-01-03,7.1,0.10678655899239262,6.993213441007607
2020-01-04,0.4,0.13394590931402095,0.26605409068597907
2020-01-05,0.6,0.1129422849156918,0.4870577150843082
2020-01-06,0.8999999999999999,0.21042102092246834,0.6895789790775315
2020-01-07,0.0,0.42574286059149813,-0.42574286059149813
2020-01-08,0.3,0.2834537931600962,0.016546206839903765
2020-01-09,3.7,0.10567430459274761,3.5943256954072527
2020-01-10,0.5,0.2934437334066121,0.20655626659338788
2020-01-11,0.0,0.3048666729674944,-0.3048666729674944
2020-01-12,2.6,0.14773100746734447,2.4522689925326557
2020-01-13,0.0,0.39588511765172996,-0.39588511765172996
2020-01-14,9.1,0.32246592743912056,8.77753407256088
2020-01-15,3.2,0.09915304003367519,3.100846959966325
2020-01-16,0.0,0.6215745131341205,-0.6215745131341205
2020-01-17,1.3,0.17151086910955732,1.1284891308904428
2020-01-18,1.1,0.38775168176157215,0.7122483182384279
2020-01-19,0.30000000000000004,0.5559442285793147,-0.25594422857931465
2020-01-20,0.0,0.3224492005028419,-0.3224492005028419
2020-01-21,0.0,0.2489773437069994,-0.2489773437069994
2020-01-22,0.1,0.1654766949081093,-0.06547669490810928
2020-01-23,0.0,0.2930754318730682,-0.2930754318730682
2020-01-24,0.0,0.16247815181997677,-0.16247815181997677
2020-01-25,0.0,0.11486985884654943,-0.11486985884654943
2020-01-26,0.2,0.42381212811971575,-0.22381212811971574
2020-01-27,10.9,0.3343506033329121,10.565649396667089
2020-01-28,9.9,0.28549462798797315,9.614505372012028
2020-01-29,1.4,0.37541782795746187,1.024582172042538
2020-01-30,0.5,0.46821837716475917,0.03178162283524083
2020-01-31,1.1,0.30993420779850156,0.7900657922014985
2020-02-01,4.5,0.564715407371251,3.935284592628749
2020-02-02,5.6000000000000005,0.16850091266967104,5.431499087330329
2020-02-03,0.7,0.6045517084322904,0.09544829156770951
2020-02-04,8.9,0.3280493860026305,8.57195061399737
2020-02-05,0.0,0.7111485531428046,-0.7111485531428046
2020-02-06,0.0,0.5209030542929544,-0.5209030542929544
2020-02-07,0.0,0.9239150671017087,-0.9239150671017087
2020-02-08,0.7000000000000001,0.32746645578438605,0.372533544215614
2020-02-09,9.2,0.16490031744089,9.035099682559109
2020-02-10,6.1,0.6434284601390138,5.4565715398609855
2020-02-11,0.4,0.41741459410404363,-0.017414594104043613
2020-02-12,0.0,0.6170204819736251,-0.6170204819736251
2020-02-13,7.5,0.3258597991651719,7.174140200834828
2020-02-14,0.1,0.6774132139381744,-0.5774132139381745
2020-02-15,0.2,0.5021844539844613,-0.3021844539844613
2020-02-16,37.4,0.14450110703476418,37.255498892965235
2020-02-17,1.0,0.806100540768288,0.19389945923171203
2020-02-18,4.7,0.7958378007478268,3.9041621992521733
2020-02-19,1.0,0.6564577445170612,0.3435422554829388
2020-02-20,8.9,0.3834006133689286,8.516599386631071
2020-02-21,0.0,0.6920530918293972,-0.6920530918293972
2020-02-22,4.8,0.48693891508129916,4.313061084918701
2020-02-23,20.8,0.4135010773004564,20.386498922699545
2020-02-24,13.3,0.1489923149997141,13.151007685000287
2020-02-25,0.5,0.8625726698815104,-0.3625726698815104
2020-02-26,8.0,0.7326435538396601,7.26735644616034
2020-02-27,4.2,0.29873934252250905,3.9012606574774913
2020-02-28,11.3,0.6175882360581526,10.682411763941849
2020-02-29,4.2,0.8257024246063959,3.374297575393604
2020-03-01,1.2,1.176743146348258,0.023256853651741904
2020-03-02,4.1,0.3351900756122827,3.764809924387717
2020-03-03,0.1,1.4096807667418847,-1.3096807667418846
2020-03-04,1.2,1.4817534088814308,-0.28175340888143086
2020-03-05,1.1,0.6241095305738595,0.47589046942614055
2020-03-06,0.39999999999999997,0.8098233063859624,-0.4098233063859625
2020-03-07,0.0,1.3199936614386196,-1.3199936614386196
2020-03-08,7.300000000000001,0.554865819558744,6.745134180441257
2020-03-09,0.7,1.3447760495497842,-0.6447760495497843
2020-03-10,12.9,0.45841720533959385,12.441582794660407
2020-03-11,1.5,1.9871760989701228,-0.4871760989701228
2020-03-12,1.9,1.6352235283658678,0.2647764716341321
2020-03-13,2.4,1.2058436486461417,1.1941563513538582
2020-03-14,0.0,1.4801925480216092,-1.4801925480216092
2020-03-15,0.0,0.5412856108704904,-0.5412856108704904
2020-03-16,0.0,1.643173363991634,-1.643173363991634
2020-03-17,0.0,1.4907046400732438,-1.4907046400732438
2020-03-18,0.0,0.9162730560132928,-0.9162730560132928
2020-03-19,0.1,0.8629898466596438,-0.7629898466596439
2020-03-20,0.0,0.8055455380682461,-0.8055455380682461
2020-03-21,0.0,2.213284448793581,-2.213284448793581
2020-03-22,0.0,2.3371062249911176,-2.3371062249911176
2020-03-23,0.0,2.361096855560885,-2.361096855560885
2020-03-24,0.0,2.4618695686881287,-2.4618695686881287
2020-03-25,0.0,2.5293529398939003,-2.5293529398939003
2020-03-26,0.0,2.5201289508470723,-2.5201289508470723
2020-03-27,0.0,2.4922230485510926,-2.4922230485510926
2020-03-28,0.1,2.305528143955376,-2.2055281439553758
2020-03-29,0.2,2.4329401715716465,-2.2329401715716464
2020-03-30,1.1,1.5181073012546897,-0.41810730125468965
2020-03-31,0.0,2.552005171697295,-2.552005171697295
2020-04-01,1.3,1.6192426884389943,-0.3192426884389943
2020-04-02,0.1,1.9667787880699488,-1.8667787880699487
2020-04-03,0.0,1.3060965018091073,-1.3060965018091073
2020-04-04,0.0,3.067528878240084,-3.067528878240084
2020-04-05,0.0,3.3994355982165385,-3.3994355982165385
2020-04-06,0.1,2.8384183897183775,-2.7384183897183774
2020-04-07,0.0,3.261077662955521,-3.261077662955521
2020-04-08,0.0,3.323503804158863,-3.323503804158863
2020-04-09,0.0,3.3782924944042927,-3.3782924944042927
2020-04-10,0.0,3.1127793340711056,-3.1127793340711056
2020-04-11,0.0,3.5224092560208,-3.5224092560208
2020-04-12,0.0,2.8823976570576217,-2.8823976570576217
2020-04-13,0.0,1.8393009319599418,-1.8393009319599418
2020-04-14,0.0,1.642887681198756,-1.642887681198756
2020-04-15,0.0,3.3063677633007034,-3.3063677633007034
2020-04-16,0.0,3.556063618543794,-3.556063618543794
2020-04-17,0.0,3.433022969900733,-3.433022969900733
2020-04-18,0.0,2.574793798464788,-2.574793798464788
2020-04-19,0.0,3.858790303984538,-3.858790303984538
2020-04-20,0.0,3.909240230618738,-3.909240230618738
2020-04-21,0.0,3.9676411918222527,-3.9676411918222527
2020-04-22,0.0,4.219123362825617,-4.219123362825617
2020-04-23,0.0,4.2329937723273945,-4.2329937723273945
2020-04-24,0.0,3.9287153562791333,-3.9287153562791333
2020-04-25,0.0,2.004326068942476,-2.004326068942476
2020-04-26,0.0,3.634920602290861,-3.634920602290861
2020-04-27,0.0,3.88937048961084,-3.88937048961084
2020-04-28,5.2,0.5331145033318367,4.666885496668163
2020-04-29,4.7,1.4668048482130587,3.2331951517869415
2020-04-30,1.5,3.054862179004718,-1.5548621790047181
2020-05-01,7.1000000000000005,1.922110061309522,5.177889938690479
2020-05-02,5.1,2.3363883945109403,2.7636116054890594
2020-05-03,0.0,2.3643984508921037,-2.3643984508921037
2020-05-04,0.0,3.859622367152665,-3.859622367152665
2020-05-05,0.0,4.155628296102072,-4.155628296102072
2020-05-06,0.0,4.211772223476612,-4.211772223476612
2020-05-07,0.0,4.199930048031775,-4.199930048031775
2020-05-08,0.0,4.136317617990929,-4.136317617990929
2020-05-09,0.0,4.779619655164853,-4.779619655164853
2020-05-10,0.0,2.5000639920938252,-2.5000639920938252
2020-05-11,0.6,3.6339810704521924,-3.0339810704521923
2020-05-12,0.4,2.7533822378126933,-2.3533822378126934
2020-05-13,1.5,2.597200141058253,-1.097200141058253
2020-05-14,0.6,2.7686357820347056,-2.1686357820347055
2020-05-15,0.0,3.4305200534755182,-3.4305200534755182
2020-05-16,0.0,3.1128661562852153,-3.1128661562852153
2020-05-17,0.0,4.645147977206537,-4.645147977206537
2020-05-18,0.0,4.1785548828848595,-4.1785548828848595
2020-05-19,0.0,4.230402466734162,-4.230402466734162
2020-05-20,0.0,3.7828688398271373,-3.7828688398271373
2020-05-21,0.0,5.10584106198838,-5.10584106198838
2020-05-22,0.0,2.7755479110441663,-2.7755479110441663
2020-05-23,0.0,4.328519644800105,-4.328519644800105
2020-05-24,4.1,1.4182576013236412,2.6817423986763584
2020-05-25,0.0,4.341272983521419,-4.341272983521419
2020-05-26,0.0,4.895436918266853,-4.895436918266853
2020-05-27,0.0,4.786952430168859,-4.786952430168859
2020-05-28,0.0,5.056728705320147,-5.056728705320147
2020-05-29,0.0,5.058081702577182,-5.058081702577182
2020-05-30,0.0,5.335168018369683,-5.335168018369683
2020-05-31,0.0,5.096147691018268,-5.096147691018268
2020-06-01,0.0,4.195787112191114,-4.195787112191114
2020-06-02,0.0,5.170629196540224,-5.170629196540224
2020-06-03,0.0,3.944509220368305,-3.944509220368305
2020-06-04,6.5,1.6042127642678312,4.895787235732168
2020-06-05,4.3,1.854486092729169,2.445513907270831
2020-06-06,12.1,2.676013028116679,9.42398697188332
2020-06-07,6.7,2.4220896731714543,4.277910326828546
2020-06-08,1.8,3.4974752482945504,-1.6974752482945503
2020-06-09,0.0,2.391404744516378,-2.391404744516378
2020-06-10,0.0,3.4347270202226206,-3.4347270202226206
2020-06-11,4.5,1.8628568172048403,2.6371431827951595
2020-06-12,1.0,4.602912112667991,-3.6029121126679913
2020-06-13,6.2,5.0340707668998865,1.1659292331001136
2020-06-14,0.0,3.512271534237237,-3.512271534237237
2020-06-15,0.0,4.448527705664696,-4.448527705664696
2020-06-16,0.0,2.362809598417747,-2.362809598417747
2020-06-17,2.3,4.852975557658239,-2.5529755576582396
2020-06-18,0.8,3.275029873792107,-2.4750298737921073
2020-06-19,9.4,4.171693165611946,5.2283068343880545
2020-06-20,0.0,5.32606584581727,-5.32606584581727
2020-06-21,0.0,3.547251603749967,-3.547251603749967
2020-06-22,0.0,5.450948519189013,-5.450948519189013
2020-06-23,0.0,5.551501774301296,-5.551501774301296
2020-06-24,0.0,5.8186160287229685,-5.8186160287229685
2020-06-25,0.0,5.887999948060323,-5.887999948060323
2020-06-26,1.0,5.615528788855717,-4.615528788855717
2020-06-27,8.1,2.815260317896803,5.284739682103197
2020-06-28,0.0,4.887339776702114,-4.887339776702114
2020-06-29,0.1,2.7436154229054313,-2.643615422905431
2020-06-30,5.6,0.987964088747541,4.612035911252459
2020-07-01,0.1,3.0296940757486106,-2.9296940757486105
2020-07-02,0.0,3.556656053801751,-3.556656053801751
2020-07-03,0.0,3.6288618117933997,-3.6288618117933997
2020-07-04,14.6,0.8812609419368304,13.71873905806317
2020-07-05,0.4,3.6120875505746275,-3.2120875505746276
2020-07-06,2.5,2.885492252020096,-0.38549225202009607
2020-07-07,10.0,3.0037110813295476,6.996288918670452
2020-07-08,0.7000000000000001,1.5072536688253715,-0.8072536688253714
2020-07-09,24.5,0.9695502558478196,23.53044974415218
2020-07-10,6.1000000000000005,2.9825019502592998,3.1174980497407008
2020-07-11,0.0,4.087425112267675,-4.087425112267675
2020-07-12,0.0,3.3965928386834037,-3.3965928386834037
2020-07-13,0.0,4.864937377911707,-4.864937377911707
2020-07-14,2.8,1.6508759124704293,1.1491240875295705
2020-07-15,0.0,4.175336998471964,-4.175336998471964
2020-07-16,4.6,2.936508796019805,1.6634912039801946
2020-07-17,0.0,3.3564184121169953,-3.3564184121169953
2020-07-18,0.0,2.9192610607323846,-2.9192610607323846
2020-07-19,0.2,3.356373959548728,-3.156373959548728
2020-07-20,0.0,4.214511929946212,-4.214511929946212
2020-07-21,0.0,3.950691791329019,-3.950691791329019
2020-07-22,0.0,3.2039265873700113,-3.2039265873700113
2020-07-23,0.0,3.6156337848557745,-3.6156337848557745
2020-07-24,0.0,2.845543711325622,-2.845543711325622
2020-07-25,16.9,1.5886831830776578,15.311316816922341
2020-07-26,17.3,4.199362653383308,13.100637346616693
2020-07-27,1.9,1.822523168240498,0.07747683175950182
2020-07-28,0.7000000000000001,2.8372840108620934,-2.137284010862093
2020-07-29,0.0,2.6742600292374985,-2.6742600292374985
2020-07-30,0.0,4.596195650590545,-4.596195650590545
2020-07-31,0.0,5.217330878500096,-5.217330878500096
2020-08-01,0.7,3.114951762623952,-2.414951762623952
2020-08-02,0.0,3.9640569864391755,-3.9640569864391755
2020-08-03,12.5,2.005564310272065,10.494435689727935
2020-08-04,0.0,4.526479062526166,-4.526479062526166
2020-08-05,0.0,4.789428265817733,-4.789428265817733
2020-08-06,0.0,4.751847981640262,-4.751847981640262
2020-08-07,0.0,5.069617548196699,-5.069617548196699
2020-08-08,0.0,4.023590982852757,-4.023590982852757
2020-08-09,0.0,4.498567516684023,-4.498567516684023
2020-08-10,0.0,4.715847602419398,-4.715847602419398
2020-08-11,0.0,4.398228912240316,-4.398228912240316
2020-08-12,0.0,4.576816387602735,-4.576816387602735
2020-08-13,0.0,4.383010686768771,-4.383010686768771
2020-08-14,3.2,2.878796817991108,0.3212031820088921
2020-08-15,0.0,2.933899523056703,-2.933899523056703
2020-08-16,18.599999999999998,3.6229377246501704,14.977062275349827
2020-08-17,9.0,2.379015197555062,6.620984802444938
2020-08-18,0.0,4.008256660237346,-4.008256660237346
2020-08-19,0.0,3.384616450580729,-3.384616450580729
2020-08-20,0.30000000000000004,2.892974474680838,-2.5929744746808376
2020-08-21,0.0,4.02052330859479,-4.02052330859479
2020-08-22,1.0,2.922277191923545,-1.9222771919235448
2020-08-23,3.7,2.248275577570276,1.451724422429724
2020-08-24,0.4,2.8166025618485935,-2.4166025618485936
2020-08-25,3.0,1.0827291463711661,1.9172708536288339
2020-08-26,7.0,1.1481395364730487,5.851860463526951
2020-08-27,1.5,1.6570157442380506,-0.15701574423805065
2020-08-28,3.2,2.016938890540733,1.1830611094592673
2020-08-29,9.7,2.0116727717281386,7.688327228271861
2020-08-30,2.2,1.391921459247599,0.8080785407524012
2020-08-31,0.3,1.7571500770669313,-1.4571500770669312
2020-09-01,1.6,1.2972272586342593,0.30277274136574084
2020-09-02,0.0,3.405826148337774,-3.405826148337774
2020-09-03,18.0,0.48827897733757697,17.511721022662424
2020-09-04,0.0,2.2815530578864225,-2.2815530578864225
2020-09-05,1.4,2.6177783274294555,-1.2177783274294556
2020-09-06,5.4,1.6676513898505598,3.7323486101494403
2020-09-07,0.1,2.049343911940268,-1.949343911940268
2020-09-08,1.0,0.8453246434275875,0.1546753565724125
2020-09-09,1.3,0.918046316756292,0.38195368324370804
2020-09-10,0.0,1.999061899609803,-1.999061899609803
2020-09-11,0.0,2.261306825974275,-2.261306825974275
2020-09-12,0.0,1.928200779018395,-1.928200779018395
2020-09-13,0.0,2.8528914890302257,-2.8528914890302257
2020-09-14,0.0,3.103017678421764,-3.103017678421764
2020-09-15,0.0,2.9503907449832076,-2.9503907449832076
2020-09-16,0.0,2.1827823482231996,-2.1827823482231996
2020-09-17,0.0,2.6204384068111426,-2.6204384068111426
2020-09-18,0.0,2.9560781012267183,-2.9560781012267183
2020-09-19,0.0,2.8334293504874233,-2.8334293504874233
2020-09-20,0.0,2.9147465135918167,-2.9147465135918167
2020-09-21,0.0,2.8337308724191552,-2.8337308724191552
2020-09-22,0.0,2.6503425231977724,-2.6503425231977724
2020-09-23,8.4,1.5990473099179958,6.8009526900820045
2020-09-24,3.3,1.4170286256474844,1.8829713743525154
2020-09-25,2.6,1.5316901988533156,1.0683098011466845
2020-09-26,4.5,1.4723524009848838,3.027647599015116
2020-09-27,7.8,1.3283886286438789,6.471611371356121
2020-09-28,3.1,0.42429873081487834,2.675701269185122
2020-09-29,0.8,1.7372016120533993,-0.9372016120533992
2020-09-30,0.0,1.0684731631632725,-1.0684731631632725
2020-10-01,7.0,0.3629497780536726,6.637050221946327
2020-10-02,0.0,1.2640612383147916,-1.2640612383147916
2020-10-03,5.7,0.2799141517466083,5.420085848253392
2020-10-04,0.5,1.1052484834166254,-0.6052484834166254
2020-10-05,29.6,0.30672808606797847,29.293271913932024
2020-10-06,27.900000000000002,0.9131581858266435,26.98684181417336
2020-10-07,7.8,1.0672556002447502,6.73274439975525
2020-10-08,12.2,0.34295754101070236,11.857042458989296
2020-10-09,4.4,0.8281956259735511,3.571804374026449
2020-10-10,9.5,0.8522361152631319,8.647763884736868
2020-10-11,3.8,1.0746863746594337,2.725313625340566
2020-10-12,0.2,1.0261904723705388,-0.8261904723705389
2020-10-13,0.0,1.1479939937957055,-1.1479939937957055
2020-10-14,0.0,1.0227298875851285,-1.0227298875851285
2020-10-15,0.1,1.1335130911320268,-1.0335130911320267
2020-10-16,0.0,1.4655216769190231,-1.4655216769190231
2020-10-17,0.2,0.9405047215796718,-0.7405047215796718
2020-10-18,0.8,0.9399035242843473,-0.13990352428434727
2020-10-19,0.0,0.2950053985842191,-0.2950053985842191
2020-10-20,0.1,0.34382843748736913,-0.24382843748736913
2020-10-21,10.6,0.3389477590619875,10.261052240938012
2020-10-22,0.3,1.086243449147021,-0.7862434491470209
2020-10-23,0.0,1.1125974981653308,-1.1125974981653308
2020-10-24,0.2,0.7063196194573395,-0.5063196194573394
2020-10-25,5.8,0.3758387463611208,5.424161253638879
2020-10-26,5.1,0.6651159944629251,4.434884005537074
2020-10-27,9.9,0.5374912734936516,9.362508726506348
2020-10-28,3.5,0.694993492688433,2.805006507311567
2020-10-29,7.3,0.6134489217475965,6.686551078252403
2020-10-30,1.7,0.3831372837923499,1.31686271620765
2020-10-31,2.2,0.5628606147975089,1.6371393852024911
2020-11-01,2.1,0.5265610539585978,1.5734389460414024
2020-11-02,0.6,0.5242561630343232,0.07574383696567677
2020-11-03,3.6,0.7623068836829359,2.8376931163170642
2020-11-04,0.1,0.9364991401159712,-0.8364991401159713
2020-11-05,0.0,0.6473200510829071,-0.6473200510829071
2020-11-06,0.0,0.8089065080690175,-0.8089065080690175
2020-11-07,0.0,0.8697155222063578,-0.8697155222063578
2020-11-08,0.0,0.8219729808354981,-0.8219729808354981
2020-11-09,0.0,0.820687662103906,-0.820687662103906
2020-11-10,0.2,0.5825535937788923,-0.38255359377889225
2020-11-11,0.0,0.5995841593531506,-0.5995841593531506
2020-11-12,5.2,0.4850119965446742,4.714988003455326
2020-11-13,0.7,0.35756795731453084,0.3424320426854691
2020-11-14,0.7999999999999999,0.2356410372166522,0.5643589627833477
2020-11-15,8.4,0.29014409754782833,8.109855902452171
2020-11-16,1.0,0.25978893172432105,0.740211068275679
2020-11-17,1.6,0.28725207782810125,1.3127479221718987
2020-11-18,0.5,0.774730497963403,-0.274730497963403
2020-11-19,3.5,0.4326256255958088,3.0673743744041913
2020-11-20,0.0,0.35250228354913044,-0.35250228354913044
2020-11-21,0.5,0.1309879426835047,0.36901205731649533
2020-11-22,1.9000000000000001,0.4743715635482874,1.4256284364517127
2020-11-23,0.1,0.7031987104072882,-0.6031987104072882
2020-11-24,0.0,0.24871351192906122,-0.24871351192906122
2020-11-25,0.0,0.516872580297138,-0.516872580297138
2020-11-26,1.4,0.15118226970941942,1.2488177302905805
2020-11-27,0.0,0.13973824606867327,-0.13973824606867327
2020-11-28,0.0,0.17168751249076622,-0.17168751249076622
2020-11-29,0.0,0.20708908236598378,-0.20708908236598378
2020-11-30,11.3,0.08693413110616158,11.213065868893839
2020-12-01,3.8,0.367576466875068,3.4324235331249318
2020-12-02,0.0,0.14531925829094275,-0.14531925829094275
2020-12-03,4.8,0.061744309994769875,4.73825569000523
2020-12-04,0.7,0.3458164911492335,0.35418350885076644
2020-12-05,0.0,0.39830980212650896,-0.39830980212650896
2020-12-06,0.0,0.17990470993552315,-0.17990470993552315
2020-12-07,11.0,0.13684567722258992,10.86315432277741
2020-12-08,0.0,0.1676686852615902,-0.1676686852615902
2020-12-09,0.0,0.11645281122913055,-0.11645281122913055
2020-12-10,0.0,0.3376283652958348,-0.3376283652958348
2020-12-11,2.8000000000000003,0.08205634148389374,2.7179436585161065
2020-12-12,0.6,0.09760264034843207,0.502397359651568
2020-12-13,1.0,0.32062571499309034,0.6793742850069097
2020-12-14,2.0,0.3295485043949585,1.6704514956050416
2020-12-15,0.2,0.1706314680474046,0.029368531952595422
2020-12-16,0.0,0.3369423816962736,-0.3369423816962736
2020-12-17,5.8,0.32516129958167367,5.474838700418326
2020-12-18,0.0,0.39430586414037194,-0.39430586414037194
2020-12-19,0.3,0.21148758960401903,0.08851241039598096
2020-12-20,0.0,0.28629814697024725,-0.28629814697024725
2020-12-21,13.0,0.08581476569306383,12.914185234306936
2020-12-22,6.6,0.11090024803831754,6.489099751961682
2020-12-23,24.8,0.08540040184502665,24.714599598154972
2020-12-24,17.4,0.23197550097579622,17.168024499024202
2020-12-25,0.6,0.3049304473799392,0.2950695526200608
2020-12-26,3.5,0.1331688416174501,3.36683115838255
2020-12-27,21.3,0.06598332012638392,21.234016679873616
2020-12-28,0.0,0.27100571532087564,-0.27100571532087564
2020-12-29,3.3,0.17659056300460862,3.123409436995391
2020-12-30,9.8,0.20507901249082044,9.59492098750918
2020-12-31,8.200000000000001,0.3428886859053724,7.857111314094628
2021-01-01,0.6,0.3471928272317879,0.2528071727682121
2021-01-02,1.3,0.3594912761043556,0.9405087238956444
2021-01-03,0.0,0.24471130056976043,-0.24471130056976043
2021-01-04,0.9000000000000001,0.11744189749637597,0.7825581025036241
2021-01-05,0.9,0.12750400963400244,0.7724959903659976
2021-01-06,0.1,0.13510345451057285,-0.03510345451057284
2021-01-07,8.6,0.1523613294977961,8.447638670502204
2021-01-08,0.0,0.40607637164230054,-0.40607637164230054
2021-01-09,0.0,0.4212993275330402,-0.4212993275330402
2021-01-10,0.0,0.1607347175026295,-0.1607347175026295
2021-01-11,3.7,0.12832765828479373,3.5716723417152063
2021-01-12,9.6,0.4450647174446239,9.154935282555376
2021-01-13,1.1,0.4184581498492574,0.6815418501507426
2021-01-14,0.0,0.36235573110491126,-0.36235573110491126
2021-01-15,0.0,0.11115547859431685,-0.11115547859431685
2021-01-16,2.5,0.1329676250579535,2.3670323749420463
2021-01-17,2.6,0.2906711348082461,2.309328865191754
2021-01-18,0.1,0.22373526519273274,-0.12373526519273273
2021-01-19,16.1,0.1880275711773728,15.91197242882263
2021-01-20,0.6000000000000001,0.24074960681357396,0.35925039318642615
2021-01-21,5.5,0.4606179295481492,5.03938207045185
2021-01-22,1.9000000000000001,0.6522959957328897,1.2477040042671104
2021-01-23,0.7,0.4791067359709464,0.22089326402905357
2021-01-24,0.2,0.4781919510851777,-0.2781919510851777
2021-01-25,2.5,0.6102619872967678,1.8897380127032322
2021-01-26,1.6,0.5057010533968399,1.09429894660316
2021-01-27,1.4000000000000001,0.19028750624997895,1.2097124937500212
2021-01-28,8.0,0.16616044882523362,7.8338395511747665
2021-01-29,12.0,0.3108951699991511,11.689104830000849
2021-01-30,0.0,0.316031332835084,-0.316031332835084
2021-01-31,0.0,0.7093233814204247,-0.7093233814204247
2021-02-01,1.0,0.1963614980575958,0.8036385019424042
2021-02-02,4.3999999999999995,0.20103125487519555,4.198968745124804
2021-02-03,10.6,0.19017323007130313,10.409826769928696
2021-02-04,0.0,0.32864195910976446,-0.32864195910976446
2021-02-05,1.1,0.3451690151575268,0.7548309848424732
2021-02-06,1.6,0.1588967633892123,1.4411032366107879
2021-02-07,5.4,0.17513509895158058,5.22486490104842
2021-02-08,1.5,0.27135385618551916,1.228646143814481
2021-02-09,0.0,0.6918140179064209,-0.6918140179064209
2021-02-10,0.0,0.5022785429107373,-0.5022785429107373
2021-02-11,0.0,1.0664026975719512,-1.0664026975719512
2021-02-12,0.0,0.8756743776883138,-0.8756743776883138
2021-02-13,0.0,0.8582986349242138,-0.8582986349242138
2021-02-14,0.0,0.8543818933555105,-0.8543818933555105
2021-02-15,5.3,0.16822991806009885,5.131770081939901
2021-02-16,2.5,0.5839403873629242,1.916059612637076
2021-02-17,4.3,0.3827702468619993,3.9172297531380007
2021-02-18,6.6,0.6675988134011281,5.932401186598872
2021-02-19,0.0,0.9736589292871827,-0.9736589292871827
2021-02-20,0.1,1.2840816820115664,-1.1840816820115663
2021-02-21,0.0,1.1439221773287194,-1.1439221773287194
2021-02-22,0.2,1.0242870824785935,-0.8242870824785935
2021-02-23,0.0,1.1163059285505925,-1.1163059285505925
2021-02-24,0.0,1.1861511079134301,-1.1861511079134301
2021-02-25,0.0,1.1433146170947501,-1.1433146170947501
2021-02-26,0.0,1.592735373246967,-1.592735373246967
2021-02-27,0.0,1.0173723159225487,-1.0173723159225487
2021-02-28,0.0,1.295628092710843,-1.295628092710843
2021-03-01,0.0,1.3457746444141485,-1.3457746444141485
2021-03-02,0.0,1.6363366626304332,-1.6363366626304332
2021-03-03,0.0,0.5117780627614947,-0.5117780627614947
2021-03-04,0.0,0.43068001666462186,-0.43068001666462186
2021-03-05,0.0,1.5057668334994394,-1.5057668334994394
2021-03-06,0.0,0.8977528820547782,-0.8977528820547782
2021-03-07,0.0,0.6013578569408807,-0.6013578569408807
2021-03-08,3.4,0.8212397888328786,2.578760211167121
2021-03-09,3.3000000000000003,0.4755951157856967,2.8244048842143035
2021-03-10,5.0,0.4262054866311057,4.573794513368894
2021-03-11,5.8,1.049384612666423,4.750615387333577
2021-03-12,1.6,0.9031649648895778,0.6968350351104223
2021-03-13,7.2,1.0124585911050694,6.187541408894931
2021-03-14,4.300000000000001,1.0598143243956621,3.2401856756043386
2021-03-15,1.2,0.9474010329514483,0.25259896704855167
2021-03-16,4.0,0.7384392123000586,3.2615607876999415
2021-03-17,0.1,0.8705589380975043,-0.7705589380975043
2021-03-18,1.2000000000000002,0.9351478228751465,0.26485217712485365
2021-03-19,0.0,2.217770460703565,-2.217770460703565
2021-03-20,0.30000000000000004,1.1471876865973378,-0.8471876865973378
2021-03-21,0.2,0.8678864971117851,-0.667886497111785
2021-03-22,0.0,1.0824779205239667,-1.0824779205239667
2021-03-23,0.0,1.514986767294383,-1.514986767294383
2021-03-24,0.0,2.306515503583406,-2.306515503583406
2021-03-25,0.2,1.6002845678130893,-1.4002845678130893
2021-03-26,1.7000000000000002,1.6433022170221276,0.056697782977872535
2021-03-27,0.5,1.5291349085818586,-1.0291349085818586
2021-03-28,0.8,0.7693768511378757,0.03062314886212436
2021-03-29,0.0,2.4513496750575303,-2.4513496750575303
2021-03-30,0.0,3.218044968553381,-3.218044968553381
2021-03-31,0.0,3.053099316979133,-3.053099316979133
2021-04-01,0.0,2.5667905396538906,-2.5667905396538906
2021-04-02,0.1,0.8884777549283409,-0.7884777549283409
2021-04-03,0.0,1.6831840595568737,-1.6831840595568737
2021-04-04,0.0,1.3443262034342685,-1.3443262034342685
2021-04-05,2.5,1.778784058735947,0.7212159412640531
2021-04-06,4.5,1.4082217795917062,3.091778220408294
2021-04-07,5.5,1.6464540542098158,3.8535459457901844
2021-04-08,0.0,1.7583315551568544,-1.7583315551568544
2021-04-09,0.0,1.2714484079286665,-1.2714484079286665
2021-04-10,8.2,0.7899465476447782,7.410053452355221
2021-04-11,1.6,1.7364104506604658,-0.13641045066046575
2021-04-12,0.6,1.965114958879412,-1.365114958879412
2021-04-13,0.0,2.619173021087207,-2.619173021087207
2021-04-14,0.0,2.0808825030945806,-2.0808825030945806
2021-04-15,0.0,1.874230743533149,-1.874230743533149
2021-04-16,0.0,3.205656616034559,-3.205656616034559
2021-04-17,0.0,3.134041052117025,-3.134041052117025
2021-04-18,0.0,3.3775772083016933,-3.3775772083016933
2021-04-19,0.0,3.406963267778972,-3.406963267778972
2021-04-20,0.0,3.387970092902226,-3.387970092902226
2021-04-21,0.0,2.93199844914158,-2.93199844914158
2021-04-22,0.0,2.4988035319158177,-2.4988035319158177
2021-04-23,0.0,3.229323088910396,-3.229323088910396
2021-04-24,0.0,2.9773546342498407,-2.9773546342498407
2021-04-25,0.0,2.1599052111729415,-2.1599052111729415
2021-04-26,0.0,3.395482430346886,-3.395482430346886
2021-04-27,0.0,3.77244753039726,-3.77244753039726
2021-04-28,0.0,3.1804691580156637,-3.1804691580156637
2021-04-29,35.3,0.22877481762639804,35.0712251823736
2021-04-30,6.8999999999999995,0.8996184707592098,6.00038152924079
2021-05-01,0.4,1.6934982845409898,-1.29349828454099
2021-05-02,0.0,2.743384598099158,-2.743384598099158
2021-05-03,0.2,2.658363659150457,-2.4583636591504567
2021-05-04,6.5,1.2225846827576163,5.277415317242384
2021-05-05,0.9,2.738742283848312,-1.8387422838483123
2021-05-06,0.0,2.9939520881800594,-2.9939520881800594
2021-05-07,0.2,2.8618995967757757,-2.6618995967757755
2021-05-08,6.1,1.0044515871117374,5.095548412888262
2021-05-09,4.0,3.0217574488801207,0.9782425511198793
2021-05-10,3.2,2.8185770735123965,0.3814229264876037
2021-05-11,1.2999999999999998,1.7626898862355764,-0.4626898862355766
2021-05-12,0.0,4.237408384626462,-4.237408384626462
2021-05-13,0.0,3.6032168988625553,-3.6032168988625553
2021-05-14,0.0,2.059652956844276,-2.059652956844276
2021-05-15,2.6,1.5905459128970767,1.0094540871029234
2021-05-16,4.0,2.9305010327127,1.0694989672872999
2021-05-17,14.0,1.901100228439023,12.098899771560976
2021-05-18,0.1,3.251337070102724,-3.151337070102724
2021-05-19,2.6,1.8169837005706064,0.7830162994293937
2021-05-20,0.1,2.187597200114804,-2.087597200114804
2021-05-21,6.6000000000000005,2.527104280090107,4.072895719909893
2021-05-22,6.3999999999999995,1.9884076434735154,4.411592356526484
2021-05-23,3.0,2.59404635448337,0.40595364551663016
2021-05-24,11.3,2.0035835050677404,9.29641649493226
2021-05-25,1.0,2.510056716108484,-1.5100567161084841
2021-05-26,3.4,2.4133268721191103,0.9866731278808896
2021-05-27,6.4,1.6635974426240456,4.736402557375955
2021-05-28,0.0,4.493346062950627,-4.493346062950627
2021-05-29,0.0,3.0055635067783335,-3.0055635067783335
2021-05-30,0.0,4.7071680708525125,-4.7071680708525125
2021-05-31,0.0,5.094452676143029,-5.094452676143029
2021-06-01,0.0,5.605013118666972,-5.605013118666972
2021-06-02,0.0,5.494232817039081,-5.494232817039081
2021-06-03,0.0,5.108119920714542,-5.108119920714542
2021-06-04,0.0,4.724280054112484,-4.724280054112484
2021-06-05,9.8,0.9472486996045243,8.852751300395477
2021-06-06,0.0,5.365723891055728,-5.365723891055728
2021-06-07,0.0,5.46082413221375,-5.46082413221375
2021-06-08,0.0,5.503514107345954,-5.503514107345954
2021-06-09,0.0,5.4931040183792,-5.4931040183792
2021-06-10,0.0,5.270736923373947,-5.270736923373947
2021-06-11,0.0,3.8699471937943395,-3.8699471937943395
2021-06-12,0.0,4.6176020112642435,-4.6176020112642435
2021-06-13,0.0,5.327467647048422,-5.327467647048422
2021-06-14,0.0,5.544367237939638,-5.544367237939638
2021-06-15,0.0,5.082291759998648,-5.082291759998648
2021-06-16,0.0,5.7666659255289385,-5.7666659255289385
2021-06-17,0.0,4.458067205194892,-4.458067205194892
2021-06-18,23.700000000000003,3.229931435086455,20.470068564913547
2021-06-19,0.0,1.6224461113497548,-1.6224461113497548
2021-06-20,21.9,3.10290390458363,18.797096095416368
2021-06-21,11.7,0.9638249272679074,10.736175072732092
2021-06-22,0.0,3.326068917775894,-3.326068917775894
2021-06-23,0.0,2.658105570041617,-2.658105570041617
2021-06-24,0.0,3.9771375659432224,-3.9771375659432224
2021-06-25,1.2,1.7240991281485902,-0.5240991281485903
2021-06-26,0.1,4.357241819227533,-4.257241819227533
2021-06-27,4.9,5.045750156569434,-0.14575015656943346
2021-06-28,0.1,2.868693525853365,-2.7686935258533647
2021-06-29,15.0,0.9356416736213643,14.064358326378636
2021-06-30,7.7,0.7664907036074013,6.933509296392598
2021-07-01,1.0,2.756762898652761,-1.7567628986527608
2021-07-02,0.0,4.152661930971511,-4.152661930971511
2021-07-03,0.8,2.8318244704490936,-2.0318244704490933
2021-07-04,1.9,3.0127771763573765,-1.1127771763573766
2021-07-05,0.0,2.73379782750335,-2.73379782750335
2021-07-06,2.6,2.635311087688831,-0.035311087688830955
2021-07-07,0.0,4.430423612933162,-4.430423612933162
2021-07-08,0.0,5.20914761682316,-5.20914761682316
2021-07-09,0.0,4.9326764774099825,-4.9326764774099825
2021-07-10,0.0,2.8006077369272306,-2.8006077369272306
2021-07-11,1.7,2.8347366875724527,-1.1347366875724527
2021-07-12,0.6,3.529428216051609,-2.9294282160516087
2021-07-13,0.0,1.593401347893105,-1.593401347893105
2021-07-14,1.5,2.3409112225867754,-0.8409112225867754
2021-07-15,0.0,2.1927645902100172,-2.1927645902100172
2021-07-16,0.0,3.712370957043561,-3.712370957043561
2021-07-17,0.0,5.409805688386229,-5.409805688386229
2021-07-18,0.0,5.248330299153017,-5.248330299153017
2021-07-19,0.0,4.205317223718087,-4.205317223718087
2021-07-20,0.0,4.956546947808766,-4.956546947808766
2021-07-21,0.0,4.715906859689996,-4.715906859689996
2021-07-22,0.0,4.8071833537098225,-4.8071833537098225
2021-07-23,0.0,2.189508741665257,-2.189508741665257
2021-07-24,0.0,2.890542884059136,-2.890542884059136
2021-07-25,7.9,3.111430928758387,4.788569071241613
2021-07-26,6.1,3.2452650836993113,2.8547349163006883
2021-07-27,8.4,2.2234586631094833,6.1765413368905175
2021-07-28,4.8,2.3611853702601984,2.4388146297398015
2021-07-29,2.5,4.17861514736244,-1.6786151473624402
2021-07-30,4.6,2.1352179443709556,2.464782055629044
2021-07-31,2.4000000000000004,2.9374593484430362,-0.5374593484430359
2021-08-01,4.1,2.375400710261951,1.7245992897380487
2021-08-02,0.0,3.471990453537826,-3.471990453537826
2021-08-03,0.0,2.504738169049548,-2.504738169049548
2021-08-04,0.0,4.428654449317414,-4.428654449317414
2021-08-05,0.0,3.8154490406330748,-3.8154490406330748
2021-08-06,4.6,2.88209614867608,1.7179038513239195
2021-08-07,5.9,2.8645992670920526,3.0354007329079478
2021-08-08,6.6,3.2465986239067495,3.35340137609325
2021-08-09,5.9,2.0955229095690076,3.804477090430993
2021-08-10,4.7,3.4319732698094154,1.2680267301905848
2021-08-11,0.0,3.921294935787271,-3.921294935787271
2021-08-12,0.0,4.085884484881984,-4.085884484881984
2021-08-13,0.0,3.2821211070382206,-3.2821211070382206
2021-08-14,0.0,3.7014624065199357,-3.7014624065199357
2021-08-15,0.0,4.200963469879441,-4.200963469879441
2021-08-16,3.2,2.446757559415133,0.753242440584867
2021-08-17,9.399999999999999,0.8980764175575446,8.501923582442455
2021-08-18,0.0,1.6134355640126608,-1.6134355640126608
2021-08-19,4.7,0.8781383309575995,3.8218616690424008
2021-08-20,0.0,2.567772746685221,-2.567772746685221
2021-08-21,0.5,1.9950796225970013,-1.4950796225970013
2021-08-22,25.5,1.2360325007712663,24.263967499228734
2021-08-23,0.0,3.457937363569924,-3.457937363569924
2021-08-24,0.0,3.784901608542085,-3.784901608542085
2021-08-25,0.1,2.1832407652479677,-2.0832407652479676
2021-08-26,0.39999999999999997,2.0173168189602193,-1.6173168189602194
2021-08-27,0.5,2.563562414904582,-2.063562414904582
2021-08-28,0.5,2.7491119195381706,-2.2491119195381706
2021-08-29,0.1,0.6423561458893418,-0.5423561458893418
2021-08-30,0.0,2.1994141403473693,-2.1994141403473693
2021-08-31,0.0,1.1838800441180692,-1.1838800441180692
2021-09-01,0.0,1.5076529874313027,-1.5076529874313027
2021-09-02,0.0,1.6826264555806194,-1.6826264555806194
2021-09-03,0.0,3.322039430509601,-3.322039430509601
2021-09-04,0.0,2.648174783945815,-2.648174783945815
2021-09-05,0.0,3.5164616155963744,-3.5164616155963744
2021-09-06,0.0,2.662161144489368,-2.662161144489368
2021-09-07,0.0,3.3278247445347175,-3.3278247445347175
2021-09-08,0.0,3.5348262221356332,-3.5348262221356332
2021-09-09,0.0,3.2172623682052577,-3.2172623682052577
2021-09-10,0.8999999999999999,1.7981674791130866,-0.8981674791130867
2021-09-11,0.8,1.376080338870334,-0.5760803388703339
2021-09-12,0.0,2.2650307868488158,-2.2650307868488158
2021-09-13,0.0,1.93717684410422,-1.93717684410422
2021-09-14,0.6,2.464619041962898,-1.8646190419628978
2021-09-15,0.0,0.9202025788231579,-0.9202025788231579
2021-09-16,0.2,2.291041616464321,-2.0910416164643206
2021-09-17,0.2,2.093623477839236,-1.8936234778392362
2021-09-18,0.0,2.459124611477163,-2.459124611477163
2021-09-19,0.0,2.1812934492553904,-2.1812934492553904
2021-09-20,0.0,2.6560489178610283,-2.6560489178610283
2021-09-21,0.0,1.9848027101953354,-1.9848027101953354
2021-09-22,0.0,2.3911672175551253,-2.3911672175551253
2021-09-23,0.0,1.2313627585581124,-1.2313627585581124
2021-09-24,0.0,2.181790379637253,-2.181790379637253
2021-09-25,0.0,1.2026713044586101,-1.2026713044586101
2021-09-26,0.9,1.8834025976584885,-0.9834025976584885
2021-09-27,3.6,1.1664846789098344,2.433515321090166
2021-09-28,0.0,1.9221909261086823,-1.9221909261086823
2021-09-29,9.8,0.49607902896364275,9.303920971036359
2021-09-30,2.2,1.1945452170666184,1.0054547829333818
2021-10-01,14.5,0.6950194439871674,13.804980556012833
2021-10-02,11.9,0.9851749135701336,10.914825086429866
2021-10-03,9.3,0.4707344950132453,8.829265504986756
2021-10-04,2.4,1.7334561126491899,0.66654388735081
2021-10-05,8.1,1.2357552242343375,6.864244775765663
2021-10-06,8.3,1.6067778565028956,6.693222143497105
2021-10-07,0.0,1.5107055404506278,-1.5107055404506278
2021-10-08,0.0,1.7408823094724428,-1.7408823094724428
2021-10-09,0.0,1.486328573016647,-1.486328573016647
2021-10-10,1.2,1.2495832654594545,-0.04958326545945457
2021-10-11,0.4,1.3979906060186462,-0.9979906060186462
2021-10-12,8.6,1.2411710938162097,7.35882890618379
2021-10-13,0.30000000000000004,1.0225250620372166,-0.7225250620372166
2021-10-14,0.4,0.8355113008046393,-0.4355113008046393
2021-10-15,4.3,1.5970440439394542,2.7029559560605456
2021-10-16,0.0,0.8042075210918593,-0.8042075210918593
2021-10-17,0.2,0.7257446935607175,-0.5257446935607175
2021-10-18,0.5,0.8689673095425364,-0.3689673095425364
2021-10-19,1.9000000000000001,0.6651298018260723,1.2348701981739278
2021-10-20,0.6,0.5113700067954065,0.08862999320459353
2021-10-21,44.1,0.6476956553004641,43.452304344699535
2021-10-22,8.1,0.6234524616911274,7.476547538308872
2021-10-23,0.0,0.36154718054550355,-0.36154718054550355
2021-10-24,0.0,1.376233525332126,-1.376233525332126
2021-10-25,0.30000000000000004,0.32764441586290943,-0.02764441586290939
2021-10-26,4.6,0.5749450693046979,4.025054930695302
2021-10-27,0.0,0.41680435090538864,-0.41680435090538864
2021-10-28,0.0,1.3475597897280986,-1.3475597897280986
2021-10-29,0.3,1.1471999561236725,-0.8471999561236725
2021-10-30,5.1,0.228191677139998,4.8718083228600015
2021-10-31,12.8,0.39534486237670996,12.40465513762329
2021-11-01,0.8,1.1203576692982549,-0.3203576692982548
2021-11-02,8.1,0.3595371913514492,7.740462808648551
2021-11-03,0.1,0.6874777192117706,-0.5874777192117706
2021-11-04,4.0,0.805521446495382,3.194478553504618
2021-11-05,0.39999999999999997,0.7329152507884222,-0.33291525078842227
2021-11-06,1.1,0.37565632024893525,0.7243436797510648
2021-11-07,1.5,0.7503961198364366,0.7496038801635634
2021-11-08,0.1,0.5434511504721852,-0.4434511504721852
2021-11-09,0.0,0.34015476359087476,-0.34015476359087476
2021-11-10,0.0,0.35075925413688286,-0.35075925413688286
2021-11-11,0.6000000000000001,0.29118503910221133,0.30881496089778876
2021-11-12,0.8,0.49581384347486407,0.304186156525136
2021-11-13,10.9,0.5471414745608597,10.35285852543914
2021-11-14,0.8,0.2405913107758898,0.5594086892241102
2021-11-15,0.0,0.08129327087993085,-0.08129327087993085
2021-11-16,0.0,0.06666500128685279,-0.06666500128685279
2021-11-17,2.1,0.6555258158884402,1.4444741841115598
2021-11-18,0.0,0.5066517497714296,-0.5066517497714296
2021-11-19,0.0,0.6764924927511605,-0.6764924927511605
2021-11-20,0.2,0.0783250507900081,0.12167494920999192
2021-11-21,1.8,0.5996798185367153,1.200320181463285
2021-11-22,0.0,0.6484604670615784,-0.6484604670615784
2021-11-23,0.6000000000000001,0.4753999196604169,0.1246000803395832
2021-11-24,0.0,0.2761363235196674,-0.2761363235196674
2021-11-25,2.7,0.38343585028977545,2.3165641497102247
2021-11-26,13.0,0.19299612574314046,12.807003874256859
2021-11-27,5.2,0.13878670528710974,5.06121329471289
2021-11-28,3.0,0.20469141988271772,2.795308580117282
2021-11-29,3.8,0.45094961983191106,3.3490503801680886
2021-11-30,13.7,0.15615472164594088,13.543845278354059
2021-12-01,6.5,0.19498584023756282,6.305014159762437
2021-12-02,6.4,0.2586676690646946,6.141332330935306
2021-12-03,3.7,0.12020012272054524,3.579799877279455
2021-12-04,3.5,0.07012194955437177,3.429878050445628
2021-12-05,1.2,0.1431452092315473,1.0568547907684527
2021-12-06,5.2,0.12343830057117004,5.07656169942883
2021-12-07,8.0,0.35977956331846195,7.640220436681538
2021-12-08,1.4,0.42946351577068564,0.9705364842293143
2021-12-09,1.1,0.24581757077781477,0.8541824292221853
2021-12-10,0.1,0.1371104745708681,-0.03711047457086811
2021-12-11,1.4,0.33152888716125395,1.068471112838746
2021-12-12,8.0,0.12688453756227253,7.8731154624377275
2021-12-13,0.0,0.23303380416052616,-0.23303380416052616
2021-12-14,1.4000000000000001,0.09161494561847752,1.3083850543815225
2021-12-15,0.0,0.23123278263742675,-0.23123278263742675
2021-12-16,0.0,0.4559118402675868,-0.4559118402675868
2021-12-17,0.2,0.09841803568701318,0.10158196431298683
2021-12-18,0.0,0.18050931883170915,-0.18050931883170915
2021-12-19,0.6,0.09123830388920066,0.5087616961107994
2021-12-20,0.0,0.17905993462610403,-0.17905993462610403
2021-12-21,0.0,0.4674412620847161,-0.4674412620847161
2021-12-22,0.0,0.29960582959666576,-0.29960582959666576
2021-12-23,5.5,0.08978170248822583,5.410218297511774
2021-12-24,1.6,0.10687530336583202,1.493124696634168
2021-12-25,0.0,0.40123949292766314,-0.40123949292766314
2021-12-26,0.0,0.3198559459021745,-0.3198559459021745
2021-12-27,1.3,0.13119219161200227,1.1688078083879978
2021-12-28,4.9,0.12619351918087254,4.773806480819128
2021-12-29,5.6,0.10276837507727533,5.497231624922724
2021-12-30,1.3,0.18838873127615893,1.111611268723841
2021-12-31,2.9999999999999996,0.1403529353637359,2.8596470646362637
2022-01-01,0.0,0.29960488975483873,-0.29960488975483873
2022-01-02,12.5,0.337514329532095,12.162485670467905
2022-01-03,0.0,0.43471360438444245,-0.43471360438444245
2022-01-04,3.9,0.17073619798877546,3.7292638020112245
2022-01-05,4.0,0.25596032324486695,3.744039676755133
2022-01-06,0.0,0.4403353355758145,-0.4403353355758145
2022-01-07,3.9000000000000004,0.38843097277605604,3.511569027223944
2022-01-08,12.4,0.13434339079325772,12.265656609206742
2022-01-09,5.0,0.3267812592325426,4.6732187407674575
2022-01-10,0.0,0.47676308178353,-0.47676308178353
2022-01-11,1.2,0.32409109806729564,0.8759089019327043
2022-01-12,0.0,0.5602666887861613,-0.5602666887861613
2022-01-13,0.0,0.2902964829112611,-0.2902964829112611
2022-01-14,0.0,0.19329842581555054,-0.19329842581555054
2022-01-15,0.1,0.10388645344951934,-0.0038864534495193365
2022-01-16,0.2,0.19795832332623306,0.002041676673766951
2022-01-17,0.0,0.3536067970929624,-0.3536067970929624
2022-01-18,0.0,0.23514453028004867,-0.23514453028004867
2022-01-19,0.8,0.17522937676612169,0.6247706232338783
2022-01-20,1.2000000000000002,0.42796564155449585,0.7720343584455043
2022-01-21,0.0,0.24263050465806885,-0.24263050465806885
2022-01-22,0.1,0.16119916880864793,-0.061199168808647925
2022-01-23,1.2,0.21593439104299825,0.9840656089570017
2022-01-24,0.0,0.15258772039499124,-0.15258772039499124
2022-01-25,0.0,0.09730237578696685,-0.09730237578696685
2022-01-26,0.0,0.13924279457362795,-0.13924279457362795
2022-01-27,1.3,0.3505564199823769,0.9494435800176231
2022-01-28,0.0,0.6920395725354258,-0.6920395725354258
2022-01-29,0.1,0.6022911493869613,-0.5022911493869613
2022-01-30,0.2,0.5850290023892185,-0.3850290023892185
2022-01-31,8.700000000000001,0.15464509833237491,8.545354901667626
2022-02-01,2.4,0.25835486963713356,2.1416451303628663
2022-02-02,1.1,0.8917471314146174,0.20825286858538272
2022-02-03,1.3,0.19655626860054382,1.1034437313994563
2022-02-04,5.0,0.24189604418947483,4.758103955810525
2022-02-05,7.0,0.6557427654495347,6.344257234550465
2022-02-06,14.0,0.2844021089806925,13.715597891019307
2022-02-07,0.4,0.7904399687082951,-0.3904399687082951
2022-02-08,0.0,0.8998385694759443,-0.8998385694759443
2022-02-09,1.6,0.3483808581395062,1.2516191418604938
2022-02-10,2.1,0.6018066895194727,1.4981933104805274
2022-02-11,2.2,0.8319500365198498,1.3680499634801504
2022-02-12,0.0,1.0104071823520364,-1.0104071823520364
2022-02-13,0.0,0.6982373950467181,-0.6982373950467181
2022-02-14,0.5,0.8133652857032339,-0.31336528570323385
2022-02-15,11.2,0.5651269508790354,10.634873049120964
2022-02-16,5.5,0.34406194459042216,5.155938055409578
2022-02-17,0.0,1.1859102236581307,-1.1859102236581307
2022-02-18,2.7,0.31354182493993143,2.386458175060069
2022-02-19,12.1,0.7775896308551595,11.32241036914484
2022-02-20,22.8,0.17938925237210968,22.62061074762789
2022-02-21,4.2,0.4725114065437671,3.727488593456233
2022-02-22,1.7,0.3790182749477798,1.3209817250522202
2022-02-23,0.0,1.5614395930322766,-1.5614395930322766
2022-02-24,8.9,0.33804697286054536,8.561953027139454
2022-02-25,0.6,0.993097190983117,-0.393097190983117
2022-02-26,0.0,1.5343621184715255,-1.5343621184715255
2022-02-27,0.0,1.6075273818502183,-1.6075273818502183
2022-02-28,0.0,1.6714503284575428,-1.6714503284575428
2022-03-01,2.8000000000000003,0.34791352445009094,2.452086475549909
2022-03-02,0.0,1.6176697727879492,-1.6176697727879492
2022-03-03,0.0,1.7275312731735262,-1.7275312731735262
2022-03-04,0.0,1.677325054831317,-1.677325054831317
2022-03-05,0.0,1.6098386615058096,-1.6098386615058096
2022-03-06,0.0,1.474477216414025,-1.474477216414025
2022-03-07,0.0,1.7635852507518082,-1.7635852507518082
2022-03-08,0.0,1.8910797679937232,-1.8910797679937232
2022-03-09,0.0,1.9763011018194871,-1.9763011018194871
2022-03-10,0.0,2.0792010024031398,-2.0792010024031398
2022-03-11,0.0,2.0273482645854535,-2.0273482645854535
2022-03-12,0.1,1.5658131184265138,-1.4658131184265137
2022-03-13,0.0,1.5918169299669171,-1.5918169299669171
2022-03-14,0.3,1.678767958297045,-1.378767958297045
2022-03-15,0.0,1.5066002912393741,-1.5066002912393741
2022-03-16,0.0,1.6314831390987279,-1.6314831390987279
2022-03-17,1.3,2.0465170296920703,-0.7465170296920702
2022-03-18,0.0,2.4445030324325767,-2.4445030324325767
2022-03-19,0.0,2.4875878259038786,-2.4875878259038786
2022-03-20,0.0,1.1351980778664492,-1.1351980778664492
2022-03-21,0.0,2.458582620495752,-2.458582620495752
2022-03-22,0.0,2.5232265997042034,-2.5232265997042034
2022-03-23,0.0,2.7859983164065265,-2.7859983164065265
2022-03-24,0.0,2.611395161991078,-2.611395161991078
2022-03-25,0.0,2.691245209341526,-2.691245209341526
2022-03-26,0.0,2.7669405716650237,-2.7669405716650237
2022-03-27,0.0,2.7897775927588335,-2.7897775927588335
2022-03-28,0.0,1.9140442348219202,-1.9140442348219202
2022-03-29,0.0,2.4724311162520367,-2.4724311162520367
2022-03-30,3.5,1.5626193730720288,1.9373806269279712
2022-03-31,18.0,0.5347495147065865,17.465250485293414
2022-04-01,2.7,1.9390109066521677,0.7609890933478325
2022-04-02,0.0,2.4269552471059557,-2.4269552471059557
2022-04-03,0.39999999999999997,2.0687573649033544,-1.6687573649033545
2022-04-04,16.9,0.4012325380836255,16.498767461916373
2022-04-05,1.9,0.8740665801799709,1.0259334198200292
2022-04-06,2.3,1.1880301408513723,1.1119698591486276
2022-04-07,13.100000000000001,1.5185271053120026,11.581472894687998
2022-04-08,1.3,1.8814347896036716,-0.5814347896036716
2022-04-09,3.7,1.8603090476602755,1.8396909523397247
2022-04-10,2.5,2.897184489608152,-0.397184489608152
2022-04-11,0.0,2.9706167492531645,-2.9706167492531645
2022-04-12,0.0,2.5962668954007415,-2.5962668954007415
2022-04-13,0.0,2.013377397375311,-2.013377397375311
2022-04-14,0.0,3.4692841911274375,-3.4692841911274375
2022-04-15,0.0,1.1897811989960407,-1.1897811989960407
2022-04-16,0.0,3.401299598987836,-3.401299598987836
2022-04-17,0.0,3.8627673917501077,-3.8627673917501077
2022-04-18,0.0,3.8754144628355482,-3.8754144628355482
2022-04-19,0.0,3.842006508930001,-3.842006508930001
2022-04-20,0.0,4.077189059562975,-4.077189059562975
2022-04-21,0.0,4.035109759153285,-4.035109759153285
2022-04-22,0.0,3.923841704718747,-3.923841704718747
2022-04-23,0.0,3.9965179188341318,-3.9965179188341318
2022-04-24,0.0,4.082279383590214,-4.082279383590214
2022-04-25,1.3,0.8994702897649909,0.40052971023500916
2022-04-26,0.0,2.943400520293352,-2.943400520293352
2022-04-27,0.0,2.0777975748759525,-2.0777975748759525
2022-04-28,0.0,2.4380013679406156,-2.4380013679406156
2022-04-29,0.0,1.9003184342403463,-1.9003184342403463
2022-04-30,0.0,1.3232603133791223,-1.3232603133791223
2022-05-01,0.0,3.39132999966763,-3.39132999966763
2022-05-02,0.0,4.4025607897280015,-4.4025607897280015
2022-05-03,0.0,1.3278329875791826,-1.3278329875791826
2022-05-04,0.0,3.601350661903609,-3.601350661903609
2022-05-05,0.0,2.7355429930427038,-2.7355429930427038
2022-05-06,0.0,4.179754064309821,-4.179754064309821
2022-05-07,0.0,3.081589394928144,-3.081589394928144
2022-05-08,0.0,4.224734934172084,-4.224734934172084
2022-05-09,0.0,4.511460943320129,-4.511460943320129
2022-05-10,0.2,2.423098719762506,-2.223098719762506
2022-05-11,0.7,2.828231750224731,-2.1282317502247308
2022-05-12,0.0,4.7278078061563305,-4.7278078061563305
2022-05-13,0.0,3.847575207989395,-3.847575207989395
2022-05-14,0.0,4.547595632841793,-4.547595632841793
2022-05-15,0.0,4.93808487648534,-4.93808487648534
2022-05-16,0.0,2.601882524528818,-2.601882524528818
2022-05-17,0.0,3.676567412378725,-3.676567412378725
2022-05-18,0.0,3.9374699704782383,-3.9374699704782383
2022-05-19,7.5,1.9828147605407576,5.517185239459242
2022-05-20,10.4,1.7298092087773087,8.67019079122269
2022-05-21,0.30000000000000004,3.6625124271629224,-3.3625124271629225
2022-05-22,0.0,4.825556798730185,-4.825556798730185
2022-05-23,7.8999999999999995,1.8024412722036327,6.0975587277963665
2022-05-24,2.0,3.0551368154596243,-1.0551368154596243
2022-05-25,0.2,3.331314959117525,-3.1313149591175247
2022-05-26,0.6,3.585532628966269,-2.985532628966269
2022-05-27,0.1,3.729359391793107,-3.629359391793107
2022-05-28,0.1,3.6776189693410606,-3.5776189693410605
2022-05-29,1.3,2.214582286200066,-0.9145822862000659
2022-05-30,1.2999999999999998,2.244264938859858,-0.9442649388598583
2022-05-31,4.699999999999999,3.2027631380619797,1.4972368619380196
2022-06-01,2.0,3.1426775120169426,-1.1426775120169426
2022-06-02,0.0,4.435092262528671,-4.435092262528671
2022-06-03,0.0,5.348795777315939,-5.348795777315939
2022-06-04,0.0,3.3655131931231623,-3.3655131931231623
2022-06-05,31.6,1.4126931046684263,30.187306895331574
2022-06-06,9.1,1.7624339296107345,7.337566070389265
2022-06-07,0.0,2.1468709116332887,-2.1468709116332887
2022-06-08,3.3,1.676149366909425,1.6238506330905749
2022-06-09,0.0,5.135026875587257,-5.135026875587257
2022-06-10,0.2,3.804629424510665,-3.604629424510665
2022-06-11,0.0,5.425281644436748,-5.425281644436748
2022-06-12,0.0,5.2031796604804015,-5.2031796604804015
2022-06-13,0.0,4.302114200850364,-4.302114200850364
2022-06-14,0.0,3.658405437515472,-3.658405437515472
2022-06-15,0.0,5.419661861622317,-5.419661861622317
2022-06-16,0.0,5.000737742813689,-5.000737742813689
2022-06-17,0.0,5.192598235242622,-5.192598235242622
2022-06-18,0.0,4.347222248759958,-4.347222248759958
2022-06-19,6.1000000000000005,2.550470714323159,3.5495292856768415
2022-06-20,0.0,4.6382070302806415,-4.6382070302806415
2022-06-21,0.0,4.7110031074059355,-4.7110031074059355
2022-06-22,0.0,5.569153769662241,-5.569153769662241
2022-06-23,0.0,5.772202306890142,-5.772202306890142
2022-06-24,20.3,3.0871184749759,17.212881525024102
2022-06-25,4.1,2.863106151287875,1.2368938487121248
2022-06-26,1.2000000000000002,3.2711489374710396,-2.0711489374710395
2022-06-27,11.200000000000001,1.3495186988847099,9.850481301115291
2022-06-28,0.0,5.033588119805805,-5.033588119805805
2022-06-29,0.0,5.182271321748293,-5.182271321748293
2022-06-30,6.0,4.0128708759400835,1.9871291240599165
2022-07-01,0.0,4.469632804574371,-4.469632804574371
2022-07-02,0.0,3.7778848565487566,-3.7778848565487566
2022-07-03,0.0,4.1473040562679655,-4.1473040562679655
2022-07-04,0.0,5.141585835804735,-5.141585835804735
2022-07-05,0.0,3.752981150843347,-3.752981150843347
2022-07-06,0.1,3.443157247624456,-3.3431572476244558
2022-07-07,1.8,2.491113009165281,-0.6911130091652808
2022-07-08,0.0,4.882714816933635,-4.882714816933635
2022-07-09,0.0,3.254140553422388,-3.254140553422388
2022-07-10,0.0,2.9022134507265305,-2.9022134507265305
2022-07-11,0.0,3.410079245258802,-3.410079245258802
2022-07-12,0.0,4.025489460155568,-4.025489460155568
2022-07-13,0.0,5.073537593919863,-5.073537593919863
2022-07-14,0.0,4.132470498700494,-4.132470498700494
2022-07-15,0.0,3.888684961405994,-3.888684961405994
2022-07-16,0.0,4.390468242460492,-4.390468242460492
2022-07-17,0.0,4.958305489521396,-4.958305489521396
2022-07-18,0.0,5.402972455631059,-5.402972455631059
2022-07-19,0.0,5.576695136680438,-5.576695136680438
2022-07-20,0.2,4.223971047465536,-4.023971047465536
2022-07-21,7.6,0.9318059232759688,6.668194076724031
2022-07-22,0.0,2.3329514762606305,-2.3329514762606305
2022-07-23,0.0,4.283779168449631,-4.283779168449631
2022-07-24,0.0,4.982952478549723,-4.982952478549723
2022-07-25,0.0,2.974246650814048,-2.974246650814048
2022-07-26,0.5,2.7041417672876435,-2.2041417672876435
2022-07-27,0.0,2.9993503448423953,-2.9993503448423953
2022-07-28,0.0,3.3865526015182223,-3.3865526015182223
2022-07-29,0.0,4.537448800665666,-4.537448800665666
2022-07-30,0.0,3.6399497032080084,-3.6399497032080084
2022-07-31,7.3,1.0347400314554573,6.265259968544543
2022-08-01,0.39999999999999997,3.907229823348527,-3.5072298233485273
2022-08-02,0.0,4.094683489965244,-4.094683489965244
2022-08-03,0.0,4.610729196553866,-4.610729196553866
2022-08-04,0.0,4.021470542288194,-4.021470542288194
2022-08-05,0.0,3.195799816899596,-3.195799816899596
2022-08-06,0.0,4.009561242025361,-4.009561242025361
2022-08-07,0.0,4.379569141899604,-4.379569141899604
2022-08-08,0.0,2.381151664911291,-2.381151664911291
2022-08-09,0.0,4.644649531722611,-4.644649531722611
2022-08-10,0.0,4.7980947654682735,-4.7980947654682735
2022-08-11,0.0,4.951574303699648,-4.951574303699648
2022-08-12,0.0,4.896257248505279,-4.896257248505279
2022-08-13,0.0,4.905714737687893,-4.905714737687893
2022-08-14,0.0,4.507689889172186,-4.507689889172186
2022-08-15,0.2,3.029625842553266,-2.829625842553266
2022-08-16,0.0,3.156431314428831,-3.156431314428831
2022-08-17,12.9,0.843232858864777,12.056767141135223
2022-08-18,0.0,2.653389806491522,-2.653389806491522
2022-08-19,0.0,3.158312825124043,-3.158312825124043
2022-08-20,0.0,4.023380828589788,-4.023380828589788
2022-08-21,0.0,3.55478685862654,-3.55478685862654
2022-08-22,0.0,4.183701249154953,-4.183701249154953
2022-08-23,0.0,3.216863802500482,-3.216863802500482
2022-08-24,0.0,2.987097479818972,-2.987097479818972
2022-08-25,0.0,4.028556330791972,-4.028556330791972
2022-08-26,0.0,1.5589295755495869,-1.5589295755495869
2022-08-27,0.0,2.4754819525652727,-2.4754819525652727
2022-08-28,0.0,3.1445438126749585,-3.1445438126749585
2022-08-29,0.0,2.121113979563028,-2.121113979563028
2022-08-30,0.0,3.735007582841569,-3.735007582841569
2022-08-31,0.0,3.891349681250156,-3.891349681250156
2022-09-01,0.0,3.9134260901380062,-3.9134260901380062
2022-09-02,0.0,3.509554583694276,-3.509554583694276
2022-09-03,0.0,3.733378745704022,-3.733378745704022
2022-09-04,0.0,2.906563092097068,-2.906563092097068
2022-09-05,0.3,3.0232656133792055,-2.7232656133792057
2022-09-06,5.3,3.0120826495593387,2.287917350440661
2022-09-07,21.200000000000003,2.591085724583465,18.608914275416538
2022-09-08,7.6,2.0748170836180972,5.525182916381903
2022-09-09,1.9,1.415391817311404,0.48460818268859596
2022-09-10,0.0,2.5831725284751768,-2.5831725284751768
2022-09-11,0.0,2.3678593670408112,-2.3678593670408112
2022-09-12,1.1,2.8616036022502094,-1.7616036022502093
2022-09-13,0.0,2.773643678016885,-2.773643678016885
2022-09-14,0.0,1.5886393800896028,-1.5886393800896028
2022-09-15,0.8999999999999999,2.0457460784681056,-1.1457460784681057
2022-09-16,8.9,2.1770620451230562,6.722937954876944
2022-09-17,4.2,2.0634378862693636,2.1365621137306365
2022-09-18,10.9,0.5484674346826162,10.351532565317385
2022-09-19,11.6,1.4796359809273767,10.120364019072623
2022-09-20,0.0,1.481100972589636,-1.481100972589636
2022-09-21,0.0,2.34404025536245,-2.34404025536245
2022-09-22,0.0,2.343706536841716,-2.343706536841716
2022-09-23,3.3,0.4899853465286645,2.8100146534713355
2022-09-24,0.30000000000000004,1.849788225674934,-1.549788225674934
2022-09-25,0.9,1.946288611932974,-1.0462886119329742
2022-09-26,15.6,0.8047263843179082,14.795273615682092
2022-09-27,14.4,0.6341894752882234,13.765810524711776
2022-09-28,2.3000000000000003,1.9832932621853412,0.3167067378146591
2022-09-29,0.3,1.9420585226705263,-1.6420585226705262
2022-09-30,3.3000000000000003,1.929054385791307,1.3709456142086933
2022-10-01,11.3,1.6679270702732283,9.632072929726773
2022-10-02,0.0,1.8112682057235765,-1.8112682057235765
2022-10-03,0.0,1.582545722770584,-1.582545722770584
2022-10-04,0.0,1.7887768435154354,-1.7887768435154354
2022-10-05,3.8,0.851163209673771,2.948836790326229
2022-10-06,0.0,2.1608900246860645,-2.1608900246860645
2022-10-07,6.8,1.2479418556876074,5.552058144312392
2022-10-08,0.7,1.8365577699029936,-1.1365577699029936
2022-10-09,0.0,1.9329834843915121,-1.9329834843915121
2022-10-10,1.2,0.8736047496573786,0.3263952503426214
2022-10-11,0.0,1.8603237633073961,-1.8603237633073961
2022-10-12,0.0,1.4985749803764223,-1.4985749803764223
2022-10-13,1.6,0.5783311909100436,1.0216688090899564
2022-10-14,2.2,0.46226684149895936,1.7377331585010407
2022-10-15,1.1,0.6965233485610792,0.40347665143892086
2022-10-16,0.3,1.6365671469000347,-1.3365671469000346
2022-10-17,3.6,0.4541682959632552,3.1458317040367447
2022-10-18,0.0,1.7370308097460396,-1.7370308097460396
2022-10-19,0.0,1.300984977756502,-1.300984977756502
2022-10-20,3.5,0.3705154141127817,3.1294845858872185
2022-10-21,0.0,0.9601311167274525,-0.9601311167274525
2022-10-22,2.8000000000000003,0.8901669646813283,1.9098330353186719
2022-10-23,2.0,0.5865168898706484,1.4134831101293517
2022-10-24,3.9,0.605900870936988,3.294099129063012
2022-10-25,1.8000000000000003,1.0812382124873898,0.7187617875126104
2022-10-26,0.0,1.1962733232206724,-1.1962733232206724
2022-10-27,0.1,0.9265678157040453,-0.8265678157040454
2022-10-28,0.0,0.872032520447229,-0.872032520447229
2022-10-29,0.0,0.761581788848413,-0.761581788848413
2022-10-30,0.0,1.0428752961707417,-1.0428752961707417
2022-10-31,0.0,0.9249232043627142,-0.9249232043627142
2022-11-01,2.0999999999999996,0.9829182876052689,1.1170817123947308
2022-11-02,5.4,1.0909367945890278,4.309063205410973
2022-11-03,2.7,0.5388815918386006,2.1611184081613994
2022-11-04,6.7,0.6573419825829074,6.042658017417093
2022-11-05,0.4,0.5233916158083682,-0.12339161580836822
2022-11-06,13.6,0.17437608429517068,13.42562391570483
2022-11-07,11.5,0.4412079898720788,11.058792010127922
2022-11-08,6.4,0.6338248117010672,5.766175188298933
2022-11-09,11.5,0.5029153596787389,10.997084640321262
2022-11-10,0.0,0.4116729389645301,-0.4116729389645301
2022-11-11,0.0,0.3959767384066293,-0.3959767384066293
2022-11-12,0.0,0.6518391837854657,-0.6518391837854657
2022-11-13,0.0,1.049356154152031,-1.049356154152031
2022-11-14,0.0,0.7664571047292026,-0.7664571047292026
2022-11-15,1.8,0.7399489012595971,1.060051098740403
2022-11-16,5.0,0.7999608835639799,4.20003911643602
2022-11-17,22.6,0.1840233832296284,22.415976616770372
2022-11-18,0.0,0.3370133575993784,-0.3370133575993784
2022-11-19,0.0,0.6845174695357693,-0.6845174695357693
2022-11-20,7.0,0.2220336446343682,6.777966355365632
2022-11-21,3.2,0.21608046562359157,2.9839195343764087
2022-11-22,0.5,0.19598879047892576,0.30401120952107424
2022-11-23,2.6,0.49717499799126036,2.1028250020087396
2022-11-24,1.3,0.6427342712429646,0.6572657287570355
2022-11-25,3.1,0.5840118541062668,2.515988145893733
2022-11-26,0.0,0.4989263249863624,-0.4989263249863624
2022-11-27,8.0,0.09960955199612748,7.900390448003873
2022-11-28,2.1,0.2817235419723802,1.8182764580276198
2022-11-29,0.0,0.4759852371991552,-0.4759852371991552
2022-11-30,0.30000000000000004,0.3223628259793976,-0.022362825979397538
2022-12-01,0.0,0.5411929516244948,-0.5411929516244948
2022-12-02,0.0,0.20562403666028667,-0.20562403666028667
2022-12-03,0.0,0.15834810263950663,-0.15834810263950663
2022-12-04,0.0,0.048768286375133287,-0.048768286375133287
2022-12-05,0.0,0.14850927723423912,-0.14850927723423912
2022-12-06,0.4,0.362535413421069,0.037464586578931036
2022-12-07,2.3,0.38307149604305046,1.9169285039569495
2022-12-08,2.0,0.24801137637830864,1.7519886236216913
2022-12-09,0.0,0.2765677753415078,-0.2765677753415078
2022-12-10,0.0,0.12012292359877566,-0.12012292359877566
2022-12-11,0.0,0.2345810652662129,-0.2345810652662129
2022-12-12,0.0,0.39444507583760713,-0.39444507583760713
2022-12-13,0.0,0.3904933850278103,-0.3904933850278103
2022-12-14,0.0,0.5335679583808337,-0.5335679583808337
2022-12-15,1.8,0.4717608388669459,1.3282391611330542
2022-12-16,0.0,0.45938754378286284,-0.45938754378286284
2022-12-17,0.0,0.3691587302726913,-0.3691587302726913
2022-12-18,1.0,0.13682850367856142,0.8631714963214385
2022-12-19,3.9,0.11815581928250403,3.781844180717496
2022-12-20,0.2,0.09834020069279067,0.10165979930720934
2022-12-21,1.0,0.2892407107386875,0.7107592892613125
2022-12-22,0.30000000000000004,0.4192151206724682,-0.11921512067246814
2022-12-23,10.9,0.06429798958693174,10.835702010413069
2022-12-24,1.6,0.2913416091293402,1.30865839087066
2022-12-25,2.7,0.0840899631465497,2.6159100368534505
2022-12-26,1.4,0.328854909532835,1.0711450904671649
2022-12-27,1.7999999999999998,0.2926798854711574,1.5073201145288424
2022-12-28,5.5,0.11782896113605394,5.382171038863946
2022-12-29,2.9,0.33911579984961604,2.560884200150384
2022-12-30,1.3,0.14448474603950354,1.1555152539604965
2022-12-31,17.6,0.11922294975855274,17.48077705024145
2023-01-01,3.7,0.30215525379732616,3.397844746202674
2023-01-02,4.3,0.20923974926835687,4.090760250731643
2023-01-03,0.1,0.1655049768201991,-0.0655049768201991
2023-01-04,14.1,0.2252816500030621,13.874718349996938
2023-01-05,0.7,0.3077513128210741,0.39224868717892586
2023-01-06,1.4,0.38391196946268447,1.0160880305373154
2023-01-07,0.1,0.3420106898237114,-0.2420106898237114
2023-01-08,0.1,0.5146708646717262,-0.4146708646717262
2023-01-09,1.0,0.34464134437065064,0.6553586556293494
2023-01-10,5.8,0.15181981744806902,5.648180182551931
2023-01-11,3.0,0.4795604712705442,2.520439528729456
2023-01-12,9.9,0.16509101411292024,9.73490898588708
2023-01-13,1.2,0.24045227969928265,0.9595477203007173
2023-01-14,13.9,0.08248448879228205,13.817515511207718
2023-01-15,6.2,0.28141038600739354,5.918589613992607
2023-01-16,14.2,0.07459636801101409,14.125403631988986
2023-01-17,1.0,0.544432739000909,0.45556726099909095
2023-01-18,4.5,0.3202899411077673,4.1797100588922325
2023-01-19,2.5,0.6529693486086995,1.8470306513913006
2023-01-20,0.7,0.19684399219604223,0.5031560078039577
2023-01-21,0.0,0.43677977506527493,-0.43677977506527493
2023-01-22,0.0,0.20443067782248547,-0.20443067782248547
2023-01-23,0.0,0.20977213972360156,-0.20977213972360156
2023-01-24,0.0,0.12764261553637182,-0.12764261553637182
2023-01-25,0.4,0.14517130835305403,0.254828691646946
2023-01-26,0.30000000000000004,0.5299947227932539,-0.22999472279325384
2023-01-27,0.0,0.24238608114778237,-0.24238608114778237
2023-01-28,0.0,0.6454652507023033,-0.6454652507023033
2023-01-29,0.2,0.18400637616110868,0.01599362383889133
2023-01-30,1.2,0.5961588005047161,0.6038411994952838
2023-01-31,0.1,0.5959684415184383,-0.49596844151843833
2023-02-01,4.1,0.2533736242004018,3.8466263757995978
2023-02-02,3.7,0.2474390178925666,3.4525609821074337
2023-02-03,0.0,0.24228046405441994,-0.24228046405441994
2023-02-04,0.0,0.5782160086730089,-0.5782160086730089
2023-02-05,1.7999999999999998,0.7402421186427007,1.059757881357299
2023-02-06,0.0,0.7804853584425864,-0.7804853584425864
2023-02-07,0.0,0.9792655031228715,-0.9792655031228715
2023-02-08,0.0,1.0105440200356428,-1.0105440200356428
2023-02-09,0.0,0.3444109036480948,-0.3444109036480948
2023-02-10,0.0,0.8915053884855684,-0.8915053884855684
2023-02-11,0.0,0.803688395141603,-0.803688395141603
2023-02-12,0.0,0.2798199122262156,-0.2798199122262156
2023-02-13,0.0,0.6583670455946948,-0.6583670455946948
2023-02-14,0.0,1.1889204741475676,-1.1889204741475676
2023-02-15,0.0,1.0140366091304414,-1.0140366091304414
2023-02-16,2.8,0.5388862116003541,2.261113788399646
2023-02-17,0.0,0.6385073370735401,-0.6385073370735401
2023-02-18,4.3,0.7213155872492655,3.5786844127507345
2023-02-19,2.0,0.3538868409012082,1.6461131590987919
2023-02-20,0.0,0.6125556062622527,-0.6125556062622527
2023-02-21,0.0,0.28319153967588034,-0.28319153967588034
2023-02-22,0.0,0.4633466152576833,-0.4633466152576833
2023-02-23,0.1,0.3263188516296111,-0.2263188516296111
2023-02-24,3.4,0.7286612790569205,2.6713387209430794
2023-02-25,0.0,1.2923966340323148,-1.2923966340323148
2023-02-26,0.0,1.3579558152201994,-1.3579558152201994
2023-02-27,0.0,1.3414540856513903,-1.3414540856513903
2023-02-28,3.2,0.9854839592695847,2.2145160407304156
2023-03-01,0.0,1.560684931009085,-1.560684931009085
2023-03-02,0.0,1.0165558448333956,-1.0165558448333956
2023-03-03,0.0,0.97924222642504,-0.97924222642504
2023-03-04,0.9,0.7322180566634073,0.1677819433365927
2023-03-05,0.7,1.1554740322186767,-0.45547403221867677
2023-03-06,9.3,0.9714015116433941,8.328598488356606
2023-03-07,1.5,0.582289896180589,0.917710103819411
2023-03-08,0.0,0.8356869885955287,-0.8356869885955287
2023-03-09,6.3,0.6112207288679684,5.688779271132032
2023-03-10,14.1,0.22736224214545514,13.872637757854545
2023-03-11,0.0,1.5898714130336122,-1.5898714130336122
2023-03-12,0.4,0.9382102810147592,-0.5382102810147592
2023-03-13,2.9,1.9429866523591859,0.957013347640814
2023-03-14,5.9,1.4010208225308618,4.498979177469138
2023-03-15,0.0,2.024482623774697,-2.024482623774697
2023-03-16,0.5,1.0686483014256707,-0.5686483014256707
2023-03-17,0.0,1.426440149581389,-1.426440149581389
2023-03-18,1.1,1.6937165746188483,-0.5937165746188482
2023-03-19,0.0,0.5458688764399254,-0.5458688764399254
2023-03-20,3.4000000000000004,0.4505477988598518,2.9494522011401485
2023-03-21,2.3,0.9189671277828885,1.3810328722171112
2023-03-22,14.2,0.43842086757622817,13.76157913242377
2023-03-23,11.1,2.374587414180032,8.725412585819967
2023-03-24,2.0,2.3454876043276327,-0.3454876043276327
2023-03-25,1.1,1.6169538934710732,-0.5169538934710731
2023-03-26,0.0,1.6310351101793803,-1.6310351101793803
2023-03-27,1.3,1.9198030742742958,-0.6198030742742957
2023-03-28,0.1,1.2177112114957975,-1.1177112114957974
2023-03-29,0.0,0.9073604383059919,-0.9073604383059919
2023-03-30,0.0,2.3264389544821364,-2.3264389544821364
2023-03-31,17.1,0.8772898952703235,16.22271010472968
2023-04-01,3.3000000000000003,0.7375594846854732,2.562440515314527
2023-04-02,0.0,2.727572872251663,-2.727572872251663
2023-04-03,0.0,2.8385200779598403,-2.8385200779598403
2023-04-04,0.0,2.6127798671664406,-2.6127798671664406
2023-04-05,0.0,2.7998147352046514,-2.7998147352046514
2023-04-06,5.0,0.8295101528129077,4.170489847187092
2023-04-07,0.0,0.6217155537821264,-0.6217155537821264
2023-04-08,0.0,2.6605227749788583,-2.6605227749788583
2023-04-09,0.0,2.0771989623503773,-2.0771989623503773
2023-04-10,7.2,1.0422072279233012,6.157792772076699
2023-04-11,0.0,2.525511789824711,-2.525511789824711
2023-04-12,5.8,2.2415793999753197,3.55842060002468
2023-04-13,4.8,1.9978263037947062,2.8021736962052937
2023-04-14,0.0,3.3249831358174675,-3.3249831358174675
2023-04-15,0.0,2.434338608271631,-2.434338608271631
2023-04-16,0.7,0.6313622906443093,0.06863770935569069
2023-04-17,0.0,2.722385634947092,-2.722385634947092
2023-04-18,0.0,2.9502909446040926,-2.9502909446040926
2023-04-19,0.0,3.720538931014388,-3.720538931014388
2023-04-20,0.6,1.906776843590205,-1.306776843590205
2023-04-21,5.2,1.161604068526718,4.038395931473282
2023-04-22,3.8,1.4839084823961357,2.316091517603864
2023-04-23,18.5,2.229717656131603,16.270282343868395
2023-04-24,10.4,1.447641772732812,8.952358227267188
2023-04-25,0.6,2.8152029787752024,-2.2152029787752023
2023-04-26,0.2,2.3163685039447164,-2.116368503944716
2023-04-27,0.0,3.0891954131985164,-3.0891954131985164
2023-04-28,0.2,1.0472034461818887,-0.8472034461818887
2023-04-29,0.0,4.002357113485702,-4.002357113485702
2023-04-30,0.0,3.838042262249555,-3.838042262249555
2023-05-01,0.0,1.874096919865692,-1.874096919865692
2023-05-02,0.0,2.354515367657744,-2.354515367657744
2023-05-03,0.0,3.6266466779461317,-3.6266466779461317
2023-05-04,0.0,3.840570757142004,-3.840570757142004
2023-05-05,0.4,2.184746764919693,-1.784746764919693
2023-05-06,4.4,3.0145615262062373,1.385438473793763
2023-05-07,0.39999999999999997,2.554137313961924,-2.154137313961924
2023-05-08,0.0,2.291179503442879,-2.291179503442879
2023-05-09,15.9,0.768861967934876,15.131138032065124
2023-05-10,0.0,1.5119369695187304,-1.5119369695187304
2023-05-11,1.1,2.5524212175875873,-1.4524212175875872
2023-05-12,1.5999999999999999,3.5302174122122807,-1.9302174122122808
2023-05-13,0.0,4.719015766709015,-4.719015766709015
2023-05-14,0.0,3.6177282677061715,-3.6177282677061715
2023-05-15,0.1,1.0578858583155148,-0.9578858583155149
2023-05-16,0.0,3.263003092659375,-3.263003092659375
2023-05-17,0.0,4.187163718210686,-4.187163718210686
2023-05-18,0.0,3.1451695228426573,-3.1451695228426573
2023-05-19,0.0,4.5656731199022556,-4.5656731199022556
2023-05-20,0.0,3.8471554206408416,-3.8471554206408416
2023-05-21,0.0,3.56586236756655,-3.56586236756655
2023-05-22,0.0,4.381400634242393,-4.381400634242393
2023-05-23,0.0,3.447091989033008,-3.447091989033008
2023-05-24,0.0,2.891902760579276,-2.891902760579276
2023-05-25,0.0,3.717636378025877,-3.717636378025877
2023-05-26,0.0,4.714454195907639,-4.714454195907639
2023-05-27,0.0,4.5306203807346535,-4.5306203807346535
2023-05-28,0.0,4.6799847544687445,-4.6799847544687445
2023-05-29,0.0,4.130361781372209,-4.130361781372209
2023-05-30,0.0,1.4075999633102247,-1.4075999633102247
2023-05-31,0.0,4.961437017431728,-4.961437017431728
2023-06-01,0.0,1.49381877986487,-1.49381877986487
2023-06-02,0.0,3.2358419377218186,-3.2358419377218186
2023-06-03,0.0,5.316754871951515,-5.316754871951515
2023-06-04,0.0,5.039866957489313,-5.039866957489313
2023-06-05,0.0,4.531761446179677,-4.531761446179677
2023-06-06,0.0,4.998490376894757,-4.998490376894757
2023-06-07,0.0,4.786613471846457,-4.786613471846457
2023-06-08,0.0,4.993297054380357,-4.993297054380357
2023-06-09,0.0,5.51273740745322,-5.51273740745322
2023-06-10,0.0,5.867952159721687,-5.867952159721687
2023-06-11,0.0,5.720857780156425,-5.720857780156425
2023-06-12,0.0,5.789352472440807,-5.789352472440807
2023-06-13,0.0,5.845851334201621,-5.845851334201621
2023-06-14,0.0,5.774667414594638,-5.774667414594638
2023-06-15,0.0,5.708249344039759,-5.708249344039759
2023-06-16,0.0,5.725354121208194,-5.725354121208194
2023-06-17,0.0,5.275963516187293,-5.275963516187293
2023-06-18,0.0,2.713224683381507,-2.713224683381507
2023-06-19,0.0,3.8233330901310696,-3.8233330901310696
2023-06-20,20.700000000000003,3.983945365776311,16.716054634223692
2023-06-21,0.0,5.4150538610280465,-5.4150538610280465
2023-06-22,0.0,3.096168982382678,-3.096168982382678
2023-06-23,0.0,5.327762738879066,-5.327762738879066
2023-06-24,0.0,5.706678951966369,-5.706678951966369
2023-06-25,0.0,5.908532338175846,-5.908532338175846
2023-06-26,0.0,4.866817916972008,-4.866817916972008
2023-06-27,0.6,3.821761687114908,-3.221761687114908
2023-06-28,2.2,2.4015819865854664,-0.20158198658546622
2023-06-29,0.0,1.7637738763275959,-1.7637738763275959
2023-06-30,0.5,4.3578480435209315,-3.8578480435209315
2023-07-01,15.4,1.2847390634826303,14.11526093651737
2023-07-02,0.0,3.813251985813413,-3.813251985813413
2023-07-03,0.4,3.1240105962335303,-2.7240105962335304
2023-07-04,0.4,3.416195550781478,-3.016195550781478
2023-07-05,18.5,1.7658740351704372,16.734125964829563
2023-07-06,0.0,5.004743430460026,-5.004743430460026
2023-07-07,0.0,5.73006053731064,-5.73006053731064
2023-07-08,0.0,5.435826398007411,-5.435826398007411
2023-07-09,3.0,3.3646838011186637,-0.3646838011186637
2023-07-10,0.0,5.288532091521635,-5.288532091521635
2023-07-11,0.0,4.782986799065485,-4.782986799065485
2023-07-12,0.7999999999999999,4.677500183162125,-3.877500183162125
2023-07-13,0.4,4.305880208021822,-3.9058802080218222
2023-07-14,0.0,2.816903541156022,-2.816903541156022
2023-07-15,0.0,3.652808929963637,-3.652808929963637
2023-07-16,2.5,3.401446098453272,-0.9014460984532722
2023-07-17,0.30000000000000004,4.457170532037863,-4.157170532037863
2023-07-18,0.0,4.136660512907481,-4.136660512907481
2023-07-19,2.2,1.9646183892859117,0.23538161071408847
2023-07-20,0.0,3.206480171663199,-3.206480171663199
2023-07-21,0.0,3.206222497103888,-3.206222497103888
2023-07-22,8.8,1.6700943170490952,7.1299056829509055
2023-07-23,4.2,2.5599724351837367,1.6400275648162634
2023-07-24,0.0,2.3550783538620337,-2.3550783538620337
2023-07-25,0.1,3.2754680810120247,-3.1754680810120246
2023-07-26,4.7,3.9210601557319777,0.7789398442680224
2023-07-27,11.6,1.3251253107883754,10.274874689211625
2023-07-28,0.3,2.293568063425879,-1.9935680634258788
2023-07-29,0.0,3.458441407097691,-3.458441407097691
2023-07-30,11.7,2.9093174348608,8.7906825651392
2023-07-31,22.599999999999998,1.3581636185938915,21.241836381406106
2023-08-01,16.6,2.7542517149587185,13.845748285041283
2023-08-02,12.7,2.3167186080872093,10.38328139191279
2023-08-03,1.1,1.9770192936830666,-0.8770192936830665
2023-08-04,0.9,2.7425502241013104,-1.8425502241013105
2023-08-05,3.3,1.8602113392385582,1.4397886607614416
2023-08-06,34.8,1.3536812152704296,33.44631878472957
2023-08-07,2.4,3.9327183588478074,-1.5327183588478075
2023-08-08,0.0,3.200783819591569,-3.200783819591569
2023-08-09,0.0,3.7763143641388974,-3.7763143641388974
2023-08-10,0.0,2.952036891201761,-2.952036891201761
2023-08-11,0.0,3.7030185839872285,-3.7030185839872285
2023-08-12,5.9,3.25981757503086,2.6401824249691406
2023-08-13,0.7,2.560231205067043,-1.8602312050670429
2023-08-14,0.0,3.6946692297562325,-3.6946692297562325
2023-08-15,0.0,4.105740387360543,-4.105740387360543
2023-08-16,0.0,3.92390314716591,-3.92390314716591
2023-08-17,0.0,2.9194299606138525,-2.9194299606138525
2023-08-18,0.0,3.0794514219713958,-3.0794514219713958
2023-08-19,0.8,2.3433425897847235,-1.5433425897847235
2023-08-20,0.0,4.424250124641556,-4.424250124641556
2023-08-21,0.0,4.172668163336242,-4.172668163336242
2023-08-22,0.0,3.7332998692961867,-3.7332998692961867
2023-08-23,0.0,3.8686170297684948,-3.8686170297684948
2023-08-24,13.5,1.1145928219261987,12.385407178073802
2023-08-25,0.3,1.5864808256361211,-1.286480825636121
2023-08-26,12.4,1.7569096752806352,10.643090324719365
2023-08-27,4.2,2.22840692984493,1.9715930701550701
2023-08-28,0.1,3.156336960551885,-3.056336960551885
2023-08-29,0.30000000000000004,1.9214038320761169,-1.6214038320761168
2023-08-30,11.4,2.07225857217505,9.32774142782495
2023-08-31,14.9,3.2371142568508797,11.66288574314912
2023-09-01,3.8,2.0452602321018563,1.7547397678981436
2023-09-02,2.2,2.7504710731400874,-0.5504710731400873
2023-09-03,0.0,3.105684754954855,-3.105684754954855
2023-09-04,0.0,3.337173527650557,-3.337173527650557
2023-09-05,0.0,3.868376298659582,-3.868376298659582
2023-09-06,0.0,3.8279111760119213,-3.8279111760119213
2023-09-07,0.0,3.846503148480077,-3.846503148480077
2023-09-08,0.0,3.5761515050232973,-3.5761515050232973
2023-09-09,0.0,3.375904866142315,-3.375904866142315
2023-09-10,0.0,3.254286298214225,-3.254286298214225
2023-09-11,0.8999999999999999,2.279331881882941,-1.379331881882941
2023-09-12,0.2,1.796472198106122,-1.596472198106122
2023-09-13,0.8,2.3707344944113355,-1.5707344944113355
2023-09-14,0.0,2.5422855102653843,-2.5422855102653843
2023-09-15,0.0,3.0035258449460773,-3.0035258449460773
2023-09-16,0.0,2.849257760889764,-2.849257760889764
2023-09-17,1.6,0.8705314178081872,0.7294685821918129
2023-09-18,17.9,1.558884232315702,16.341115767684297
2023-09-19,16.4,1.0659212645637859,15.334078735436213
2023-09-20,0.2,1.1434525108737124,-0.9434525108737124
2023-09-21,18.0,0.6759736296249671,17.324026370375034
2023-09-22,7.6,1.4476396096926292,6.15236039030737
2023-09-23,4.9,1.8388160021098305,3.06118399789017
2023-09-24,0.0,2.4936860801310026,-2.4936860801310026
2023-09-25,0.0,1.677178428246304,-1.677178428246304
2023-09-26,0.0,1.8234626830447955,-1.8234626830447955
2023-09-27,0.0,1.835477630325557,-1.835477630325557
2023-09-28,0.0,0.955539297595348,-0.955539297595348
2023-09-29,0.9,1.3579049604348703,-0.4579049604348703
2023-09-30,0.0,1.9863269162040607,-1.9863269162040607
2023-10-01,0.0,1.97747998405394,-1.97747998405394
2023-10-02,0.0,1.5585804410476594,-1.5585804410476594
2023-10-03,4.7,0.8957100204564193,3.8042899795435807
2023-10-04,0.0,1.5486073651837515,-1.5486073651837515
2023-10-05,0.0,1.4209524540310305,-1.4209524540310305
2023-10-06,0.0,1.3069194067833727,-1.3069194067833727
2023-10-07,0.0,1.2829741406573574,-1.2829741406573574
2023-10-08,0.0,1.3527705081894998,-1.3527705081894998
2023-10-09,0.0,0.6417732552248324,-0.6417732552248324
2023-10-10,0.0,1.5387359625795742,-1.5387359625795742
2023-10-11,5.4,1.0119232429049436,4.388076757095057
2023-10-12,6.0,0.3623975669549074,5.6376024330450925
2023-10-13,13.9,0.4870167042161165,13.412983295783883
2023-10-14,3.2,1.6585774736269,1.5414225263731003
2023-10-15,8.1,1.14836778458651,6.95163221541349
2023-10-16,2.1,1.1122860012831561,0.987713998716844
2023-10-17,0.0,1.6100038970091393,-1.6100038970091393
2023-10-18,4.2,1.0755079090177626,3.124492090982238
2023-10-19,12.2,0.5213876461544599,11.678612353845539
2023-10-20,26.3,0.15408769046801365,26.145912309531987
2023-10-21,6.8,0.7850637207999894,6.01493627920001
2023-10-22,5.1,1.1611997455027367,3.938800254497263
2023-10-23,1.9000000000000001,0.5668495507410628,1.3331504492589374
2023-10-24,7.0,0.3434930446982612,6.656506955301738
2023-10-25,4.5,0.30180172476448386,4.198198275235516
2023-10-26,0.0,0.6461037158790889,-0.6461037158790889
2023-10-27,10.799999999999999,0.3222710012368544,10.477728998763144
2023-10-28,2.7,0.46056396292108126,2.239436037078919
2023-10-29,11.7,0.854243678747357,10.845756321252642
2023-10-30,7.9,0.8611982398567223,7.038801760143278
2023-10-31,17.3,0.7975259397152344,16.502474060284765
2023-11-01,4.2,0.4807278101603527,3.7192721898396472
2023-11-02,13.4,0.3234602649599268,13.076539735040074
2023-11-03,31.4,0.3976730711166597,31.00232692888334
2023-11-04,3.6,0.3125539268025808,3.2874460731974193
2023-11-05,10.8,0.3757839685173188,10.424216031482683
2023-11-06,21.4,0.340272959222794,21.059727040777204
2023-11-07,12.0,0.5521509771891568,11.447849022810843
2023-11-08,4.5,0.4303114839418119,4.069688516058188
2023-11-09,12.5,0.5685565067054035,11.931443493294596
2023-11-10,17.0,0.13936654602449988,16.8606334539755
2023-11-11,2.8000000000000003,0.683225186822828,2.116774813177172
2023-11-12,0.1,0.5015018519136483,-0.4015018519136483
2023-11-13,3.3,0.24329553608750012,3.0567044639125
2023-11-14,3.8,0.46220982595618304,3.3377901740438167
2023-11-15,7.2,0.4918724838656154,6.708127516134385
2023-11-16,0.0,0.3683532742910709,-0.3683532742910709
2023-11-17,0.0,0.5232141085730172,-0.5232141085730172
2023-11-18,9.8,0.0819939539777102,9.71800604602229
2023-11-19,4.6,0.4351281527206533,4.164871847279346
2023-11-20,4.3,0.5707991646808008,3.729200835319199
2023-11-21,0.1,0.37254827415843905,-0.2725482741584391
2023-11-22,0.4,0.30913156745921383,0.09086843254078619
2023-11-23,1.0,0.5200874978840947,0.4799125021159053
2023-11-24,4.9,0.4372991017796334,4.462700898220367
2023-11-25,2.8000000000000003,0.44435443689456877,2.3556455631054316
2023-11-26,4.0,0.22624991397799643,3.7737500860220035
2023-11-27,11.4,0.07833196031660124,11.321668039683399
2023-11-28,7.1,0.4966349065000308,6.603365093499969
2023-11-29,8.1,0.2984888108009141,7.801511189199085
2023-11-30,0.0,0.5718216214833277,-0.5718216214833277
2023-12-01,0.0,0.5169804438753658,-0.5169804438753658
2023-12-02,0.9,0.3442010803983869,0.5557989196016131
2023-12-03,2.4,0.3099610833948835,2.0900389166051165
2023-12-04,1.7,0.16761465930787103,1.5323853406921288
2023-12-05,1.2,0.1266934819940056,1.0733065180059944
2023-12-06,0.7000000000000001,0.2872333462881898,0.41276665371181026
2023-12-07,0.0,0.11059755651596616,-0.11059755651596616
2023-12-08,1.9,0.10607395324122665,1.7939260467587732
2023-12-09,9.4,0.08644345190077736,9.313556548099223
2023-12-10,9.6,0.200518214901744,9.399481785098256
2023-12-11,2.6999999999999997,0.26994331108756936,2.43005668891243
2023-12-12,5.7,0.13219591706523368,5.567804082934766
2023-12-13,2.5,0.2588012076510145,2.2411987923489853
2023-12-14,0.3,0.29094124054750575,0.009058759452494236
2023-12-15,0.1,0.24652693748665974,-0.14652693748665974
2023-12-16,0.0,0.103951412274219,-0.103951412274219
2023-12-17,0.0,0.38462138555747855,-0.38462138555747855
2023-12-18,0.2,0.19655462227440182,0.003445377725598192
2023-12-19,22.6,0.08183390539264385,22.51816609460736
2023-12-20,4.2,0.25422892714381756,3.9457710728561826
2023-12-21,4.7,0.1777500228832815,4.522249977116719
2023-12-22,6.6,0.1880579064065558,6.411942093593444
2023-12-23,2.8000000000000003,0.18043542168668378,2.6195645783133163
2023-12-24,10.2,0.0830059885014442,10.116994011498555
2023-12-25,8.0,0.32096914934724624,7.679030850652754
2023-12-26,1.9000000000000001,0.23650328733255124,1.663496712667449
2023-12-27,3.4,0.0657464010590359,3.334253598940964
2023-12-28,0.0,0.26382158915719783,-0.26382158915719783
2023-12-29,3.4000000000000004,0.22894393541544972,3.1710560645845507
2023-12-30,0.0,0.20472647157124832,-0.20472647157124832
2023-12-31,6.300000000000001,0.1647199179231714,6.13528008207683
2024-01-01,8.3,0.2712749253891462,8.028725074610854
2024-01-02,23.400000000000002,0.12880450494341514,23.27119549505659
2024-01-03,7.4,0.19010581853804986,7.209894181461951
2024-01-04,3.1,0.17816601154140793,2.921833988458592
2024-01-05,6.8999999999999995,0.1587679790139093,6.74123202098609
2024-01-06,0.4,0.15150772598208062,0.2484922740179194
2024-01-07,0.0,0.3612730621353423,-0.3612730621353423
2024-01-08,0.0,0.19728697776354542,-0.19728697776354542
2024-01-09,0.0,0.46003009523206206,-0.46003009523206206
2024-01-10,0.0,0.4739478089240776,-0.4739478089240776
2024-01-11,0.0,0.1435567410280365,-0.1435567410280365
2024-01-12,0.5,0.22800049542844839,0.27199950457155164
2024-01-13,1.2,0.16979630048928443,1.0302036995107156
2024-01-14,5.5,0.16150580126751074,5.338494198732489
2024-01-15,5.1,0.37264465036358263,4.727355349636417
2024-01-16,4.0,0.35204413462816914,3.6479558653718307
2024-01-17,0.0,0.16582080169413746,-0.16582080169413746
2024-01-18,1.2,0.5694757179272244,0.6305242820727756
2024-01-19,0.7,0.5984916727155696,0.10150832728443038
2024-01-20,0.0,0.3367179872062357,-0.3367179872062357
2024-01-21,0.6,0.13503503075282036,0.4649649692471796
2024-01-22,2.6999999999999997,0.637897866131375,2.062102133868625
2024-01-23,8.7,0.45583733960535266,8.244162660394647
2024-01-24,0.1,0.5548135666313266,-0.45481356663132666
2024-01-25,1.6,0.37350587928763634,1.2264941207123639
2024-01-26,5.7,0.5828767368807835,5.1171232631192165
2024-01-27,0.0,0.6851200082111228,-0.6851200082111228
2024-01-28,0.0,0.7487365132130125,-0.7487365132130125
2024-01-29,0.0,0.6046252782655563,-0.6046252782655563
2024-01-30,0.4,0.2570899182098608,0.1429100817901392
2024-01-31,2.5,0.2121408856456832,2.2878591143543168
2024-02-01,1.8,0.8299644375080589,0.9700355624919411
2024-02-02,0.0,0.32789651621886096,-0.32789651621886096
2024-02-03,0.0,0.6206760533379486,-0.6206760533379486
2024-02-04,0.0,0.30640798338668496,-0.30640798338668496
2024-02-05,0.0,0.398531004145788,-0.398531004145788
2024-02-06,9.3,0.4680007675615107,8.83199923243849
2024-02-07,0.9,0.6420057763357595,0.2579942236642405
2024-02-08,10.9,0.15443442564980492,10.745565574350195
2024-02-09,10.9,0.3431947348584482,10.556805265141552
2024-02-10,0.2,0.5723371636692406,-0.3723371636692406
2024-02-11,4.3999999999999995,0.43178575239065164,3.968214247609348
2024-02-12,0.1,0.8144158899174594,-0.7144158899174594
2024-02-13,4.6,0.7885462469594702,3.8114537530405297
2024-02-14,9.3,0.22911650671200065,9.070883493288001
2024-02-15,3.7,0.4720421732284965,3.2279578267715037
2024-02-16,1.8,0.3043160373289556,1.4956839626710443
2024-02-17,0.0,0.42314640643322815,-0.42314640643322815
2024-02-18,26.8,0.16410776228705498,26.635892237712945
2024-02-19,0.9,0.32520928462951576,0.5747907153704843
2024-02-20,0.0,0.5925355270860235,-0.5925355270860235
2024-02-21,7.6,0.352619732665391,7.247380267334608
2024-02-22,14.3,0.5540202383110379,13.745979761688963
2024-02-23,2.7,0.7632508164301649,1.9367491835698352
2024-02-24,10.9,0.5800511165541915,10.319948883445809
2024-02-25,2.7,0.5931599680022301,2.10684003199777
2024-02-26,0.0,0.5756869402909252,-0.5756869402909252
2024-02-27,0.0,1.0845767687094854,-1.0845767687094854
2024-02-28,0.0,0.8400360526390008,-0.8400360526390008
2024-02-29,3.8,0.26994377664172003,3.53005622335828
2024-03-01,2.9,1.0525232709488475,1.8474767290511525
2024-03-02,0.1,1.649062436407685,-1.5490624364076848
2024-03-03,0.0,1.1216668530882723,-1.1216668530882723
2024-03-04,0.0,1.2505170919394692,-1.2505170919394692
2024-03-05,1.7,0.47855614780595973,1.2214438521940403
2024-03-06,0.0,1.5634633261963953,-1.5634633261963953
2024-03-07,0.0,1.6090315376125925,-1.6090315376125925
2024-03-08,0.0,1.7565948863949736,-1.7565948863949736
2024-03-09,0.0,1.7452268872733705,-1.7452268872733705
2024-03-10,0.0,1.0223618714649152,-1.0223618714649152
2024-03-11,3.6,0.2756606966377752,3.324339303362225
2024-03-12,0.1,0.8526628243623946,-0.7526628243623946
2024-03-13,0.8,0.6933771922377051,0.10662280776229494
2024-03-14,0.0,2.154337087508913,-2.154337087508913
2024-03-15,0.0,1.4820977958902413,-1.4820977958902413
2024-03-16,0.30000000000000004,1.0259227858943587,-0.7259227858943587
2024-03-17,4.6000000000000005,0.9689895406315009,3.6310104593684995
2024-03-18,0.3,2.186855103350575,-1.8868551033505752
2024-03-19,0.0,1.6534465942340606,-1.6534465942340606
2024-03-20,0.2,1.2402672344659478,-1.0402672344659478
2024-03-21,0.0,0.6314491076207108,-0.6314491076207108
2024-03-22,1.4,0.5581987199538763,0.8418012800461236
2024-03-23,2.5,1.4119170063009212,1.0880829936990788
2024-03-24,5.0,1.0022809256220186,3.997719074377981
2024-03-25,0.0,1.972662288735272,-1.972662288735272
2024-03-26,0.0,1.7581169226347901,-1.7581169226347901
2024-03-27,0.0,1.2846303024206516,-1.2846303024206516
2024-03-28,1.5,1.3545907483145996,0.14540925168540042
2024-03-29,0.0,2.19581768257536,-2.19581768257536
2024-03-30,5.0,0.38070165044862925,4.619298349551371
2024-03-31,9.2,1.6024687966959668,7.597531203304032
2024-04-01,0.0,1.1727774130402662,-1.1727774130402662
2024-04-02,0.7,1.2419889955900885,-0.5419889955900885
2024-04-03,5.1000000000000005,0.9850193139206256,4.114980686079375
2024-04-04,7.2,1.7658748843137786,5.434125115686221
2024-04-05,4.7,1.849884288576092,2.850115711423908
2024-04-06,0.0,2.72218161051948,-2.72218161051948
2024-04-07,0.8999999999999999,3.3607557729969053,-2.4607557729969054
2024-04-08,0.0,2.22992641645846,-2.22992641645846
2024-04-09,4.4,1.0121614662099576,3.3878385337900427
2024-04-10,0.0,3.2030610015374696,-3.2030610015374696
2024-04-11,0.5,1.0659693459393582,-0.5659693459393582
2024-04-12,0.0,2.9916254330848155,-2.9916254330848155
2024-04-13,0.0,2.9289698018867254,-2.9289698018867254
2024-04-14,0.0,3.166309326658715,-3.166309326658715
2024-04-15,19.8,0.8349743961889214,18.96502560381108
2024-04-16,6.5,1.7057950429132331,4.794204957086767
2024-04-17,7.8,1.78222674590227,6.01777325409773
2024-04-18,2.6,2.1303501968737644,0.4696498031262357
2024-04-19,13.7,1.790157853720205,11.909842146279795
2024-04-20,0.9,2.2043859744402705,-1.3043859744402706
2024-04-21,1.3,2.9389022131775215,-1.6389022131775215
2024-04-22,0.1,2.469948826577789,-2.369948826577789
2024-04-23,1.7,2.463056575909556,-0.763056575909556
2024-04-24,4.0,1.7970368258093117,2.202963174190688
2024-04-25,8.3,1.385931485550941,6.91406851444906
2024-04-26,0.9,2.9401907262148836,-2.0401907262148837
2024-04-27,2.1,1.6334472126441708,0.4665527873558293
2024-04-28,0.4,1.7816626768624513,-1.3816626768624514
2024-04-29,0.0,3.8047613978263413,-3.8047613978263413
2024-04-30,0.0,2.9561948102199245,-2.9561948102199245
2024-05-01,7.9,4.149964586278671,3.7500354137213296
2024-05-02,0.0,4.597138185212518,-4.597138185212518
2024-05-03,4.699999999999999,0.6807508551832001,4.019249144816799
2024-05-04,3.3,2.9907837291025468,0.30921627089745307
2024-05-05,4.5,3.645336341042864,0.8546636589571359
2024-05-06,0.0,3.674807984288463,-3.674807984288463
2024-05-07,0.0,4.264275648999429,-4.264275648999429
2024-05-08,0.0,1.5988214880621356,-1.5988214880621356
2024-05-09,0.0,3.38961177449612,-3.38961177449612
2024-05-10,0.0,3.8692381111825687,-3.8692381111825687
2024-05-11,0.0,4.656669488560417,-4.656669488560417
2024-05-12,0.0,4.817409172958179,-4.817409172958179
2024-05-13,4.6,4.2123462998937935,0.38765370010620614
2024-05-14,0.0,4.8045966694278315,-4.8045966694278315
2024-05-15,6.6,3.3187145628634305,3.281285437136569
2024-05-16,4.3,3.0711530085170518,1.228846991482948
2024-05-17,0.1,2.015456523432336,-1.915456523432336
2024-05-18,0.0,4.965416653422847,-4.965416653422847
2024-05-19,0.0,4.983578141855374,-4.983578141855374
2024-05-20,2.3000000000000003,2.236366322436857,0.0636336775631432
2024-05-21,21.0,3.9868580615028,17.0131419384972
2024-05-22,16.5,1.6164030691565008,14.883596930843499
2024-05-23,0.0,3.671410034658127,-3.671410034658127
2024-05-24,10.2,2.9099205093687996,7.2900794906312
2024-05-25,12.1,3.4125660507196787,8.68743394928032
2024-05-26,0.8,2.684151997998784,-1.884151997998784
2024-05-27,0.0,4.057497459502672,-4.057497459502672
2024-05-28,8.7,2.9322159698209838,5.7677840301790155
2024-05-29,13.0,2.791298176058129,10.20870182394187
2024-05-30,1.1,2.8988567807514896,-1.7988567807514895
2024-05-31,1.6,3.1797808866322956,-1.5797808866322955
2024-06-01,2.3,0.9961623106154373,1.3038376893845625
2024-06-02,0.0,2.7822663287121645,-2.7822663287121645
2024-06-03,0.0,2.433376236060365,-2.433376236060365
2024-06-04,1.5,2.0310745570682247,-0.5310745570682247
2024-06-05,1.7,4.458950281115079,-2.7589502811150792
2024-06-06,0.0,3.0362815287908065,-3.0362815287908065
2024-06-07,0.0,4.3403949020864445,-4.3403949020864445
2024-06-08,1.3,2.6216144474587524,-1.3216144474587523
2024-06-09,1.5,2.7769608350145694,-1.2769608350145694
2024-06-10,23.0,0.8397294618224241,22.160270538177574
2024-06-11,1.8,3.5326150105392693,-1.7326150105392693
2024-06-12,1.7,2.70958710628978,-1.00958710628978
2024-06-13,0.2,3.697943511636937,-3.4979435116369366
2024-06-14,2.4,1.6209388843258603,0.7790611156741396
2024-06-15,8.4,2.5651267005515987,5.834873299448402
2024-06-16,1.7000000000000002,3.2036823624705035,-1.5036823624705034
2024-06-17,0.0,5.136757145062487,-5.136757145062487
2024-06-18,0.0,2.34787535749352,-2.34787535749352
2024-06-19,0.0,3.926244278744424,-3.926244278744424
2024-06-20,0.0,3.3910312999829384,-3.3910312999829384
2024-06-21,1.2,1.6354664765345315,-0.4354664765345315
2024-06-22,0.0,4.657689391827366,-4.657689391827366
2024-06-23,0.0,5.4022637627410885,-5.4022637627410885
2024-06-24,0.0,5.642817292620654,-5.642817292620654
2024-06-25,0.0,5.794662737288787,-5.794662737288787
2024-06-26,0.0,5.920291627255137,-5.920291627255137
2024-06-27,0.0,5.231581478249639,-5.231581478249639
2024-06-28,0.0,4.702838048000346,-4.702838048000346
2024-06-29,0.0,5.232429941750451,-5.232429941750451
2024-06-30,0.7,3.44220431010438,-2.7422043101043805
2024-07-01,0.1,3.011326014664891,-2.911326014664891
2024-07-02,3.8,2.3787394060966864,1.4212605939033134
2024-07-03,7.5,2.1893386181902645,5.3106613818097355
2024-07-04,10.5,4.120779066577691,6.379220933422309
2024-07-05,2.2,1.6810382844640235,0.5189617155359767
2024-07-06,20.099999999999998,2.917577566958833,17.182422433041165
2024-07-07,3.3000000000000003,3.1864366278020553,0.11356337219794499
2024-07-08,2.0,4.1925869698277545,-2.1925869698277545
2024-07-09,10.6,3.2430991125699635,7.356900887430037
2024-07-10,0.8999999999999999,4.031105482851952,-3.1311054828519524
2024-07-11,0.0,4.162109387820466,-4.162109387820466
2024-07-12,18.4,0.8194408285314675,17.580559171468533
2024-07-13,1.2,2.7308130862865325,-1.5308130862865326
2024-07-14,0.0,4.249521773244573,-4.249521773244573
2024-07-15,1.5999999999999999,4.445277576492934,-2.8452775764929346
2024-07-16,10.8,2.2381648997386927,8.561835100261309
2024-07-17,0.1,3.4200796105055447,-3.3200796105055446
2024-07-18,0.0,4.7768406360849704,-4.7768406360849704
2024-07-19,0.0,3.749936112135402,-3.749936112135402
2024-07-20,0.0,5.109437718334057,-5.109437718334057
2024-07-21,1.0,2.365640552149998,-1.3656405521499981
2024-07-22,0.2,3.773253161519372,-3.573253161519372
2024-07-23,0.0,3.4406591821381185,-3.4406591821381185
2024-07-24,0.0,4.474954440884373,-4.474954440884373
2024-07-25,0.1,2.0071969442367483,-1.9071969442367482
2024-07-26,5.4,3.6544034653865207,1.7455965346134796
2024-07-27,0.0,4.519623093951682,-4.519623093951682
2024-07-28,0.0,4.692585765379687,-4.692585765379687
2024-07-29,0.0,5.2139222877660565,-5.2139222877660565
2024-07-30,0.0,4.975447849749716,-4.975447849749716
2024-07-31,0.0,3.9697113004732736,-3.9697113004732736
2024-08-01,0.0,2.687387951330329,-2.687387951330329
2024-08-02,0.0,4.279661062992242,-4.279661062992242
2024-08-03,0.0,2.9408469927315206,-2.9408469927315206
2024-08-04,0.0,3.1692503133079426,-3.1692503133079426
2024-08-05,0.0,4.262723967704159,-4.262723967704159
2024-08-06,0.0,4.52327056775347,-4.52327056775347
2024-08-07,0.6,4.451729217794126,-3.851729217794126
2024-08-08,0.0,4.619827945725592,-4.619827945725592
2024-08-09,1.3,2.113379211126516,-0.8133792111265159
2024-08-10,0.2,3.637179821875001,-3.437179821875001
2024-08-11,0.0,3.7440459567868705,-3.7440459567868705
2024-08-12,0.0,4.824056716707126,-4.824056716707126
2024-08-13,0.30000000000000004,2.6146826848804943,-2.314682684880494
2024-08-14,2.9,1.576962957940781,1.323037042059219
2024-08-15,0.0,3.937301169854747,-3.937301169854747
2024-08-16,3.1,2.0623348089130644,1.0376651910869357
2024-08-17,0.0,4.130609446960036,-4.130609446960036
2024-08-18,0.0,3.2436738424509497,-3.2436738424509497
2024-08-19,0.0,3.6365049666655653,-3.6365049666655653
2024-08-20,13.7,1.850213804916303,11.849786195083697
2024-08-21,0.0,2.933747957140066,-2.933747957140066
2024-08-22,0.0,2.0575856121578746,-2.0575856121578746
2024-08-23,1.7,2.109009250961381,-0.40900925096138097
2024-08-24,9.799999999999999,1.7623782688479916,8.037621731152008
2024-08-25,0.1,3.5354928198568247,-3.4354928198568246
2024-08-26,2.3,2.6701364952560787,-0.37013649525607883
2024-08-27,0.0,3.817107130275798,-3.817107130275798
2024-08-28,0.0,4.05537376574637,-4.05537376574637
2024-08-29,0.0,2.843436624612996,-2.843436624612996
2024-08-30,0.0,2.591850189356487,-2.591850189356487
2024-08-31,0.0,3.5205171421561707,-3.5205171421561707
2024-09-01,0.0,3.403501151219027,-3.403501151219027
2024-09-02,0.0,3.4041745797870333,-3.4041745797870333
2024-09-03,7.7,1.758356362276816,5.9416436377231845
2024-09-04,1.5,1.162342663252436,0.33765733674756393
2024-09-05,0.0,2.836507736832281,-2.836507736832281
2024-09-06,0.9,2.8925772100424987,-1.9925772100424988
2024-09-07,0.0,2.6752967681666107,-2.6752967681666107
2024-09-08,0.6000000000000001,2.527040877598261,-1.927040877598261
2024-09-09,0.2,2.1586742749238037,-1.9586742749238037
2024-09-10,13.8,0.7752415339093648,13.024758466090637
2024-09-11,17.3,1.2600801858992843,16.039919814100717
2024-09-12,9.2,1.6598372975907205,7.540162702409279
2024-09-13,1.0,2.4523264017680817,-1.4523264017680817
2024-09-14,0.0,2.5723734607819035,-2.5723734607819035
2024-09-15,0.0,2.5401402357044507,-2.5401402357044507
2024-09-16,0.0,2.0857493978594666,-2.0857493978594666
2024-09-17,0.0,1.8584561827707977,-1.8584561827707977
2024-09-18,0.0,2.675276584696716,-2.675276584696716
2024-09-19,0.0,2.315648188907336,-2.315648188907336
2024-09-20,0.0,2.81201633377456,-2.81201633377456
2024-09-21,0.0,2.776901235995217,-2.776901235995217
2024-09-22,0.0,2.3320089718518022,-2.3320089718518022
2024-09-23,0.0,1.6952239313601816,-1.6952239313601816
2024-09-24,1.2999999999999998,0.9344569276849819,0.3655430723150179
2024-09-25,3.4000000000000004,0.584640635068436,2.8153593649315645
2024-09-26,12.8,1.8044022586939745,10.995597741306026
2024-09-27,50.7,0.29154808469561216,50.40845191530439
2024-09-28,6.2,1.7285079005931194,4.4714920994068805
2024-09-29,0.0,1.8955647765546302,-1.8955647765546302
2024-09-30,18.0,0.671930609750781,17.32806939024922
2024-10-01,14.3,0.3041389534531468,13.995861046546853
2024-10-02,1.2,1.0900291556134392,0.1099708443865608
2024-10-03,0.0,1.9009142682028544,-1.9009142682028544
2024-10-04,0.0,2.1383560563272086,-2.1383560563272086
2024-10-05,0.0,2.096352924545692,-2.096352924545692
2024-10-06,0.0,1.617895846428941,-1.617895846428941
2024-10-07,3.7,1.7433801340701383,1.956619865929862
2024-10-08,3.8000000000000003,1.4401762412828676,2.3598237587171327
2024-10-09,0.0,0.9181534290393794,-0.9181534290393794
2024-10-10,0.9,1.135222974326597,-0.2352229743265969
2024-10-11,0.6000000000000001,1.5268264951665802,-0.9268264951665801
2024-10-12,7.6,0.8905739090967962,6.709426090903204
2024-10-13,2.8,1.2554825997957417,1.544517400204258
2024-10-14,0.0,0.9205249150291767,-0.9205249150291767
2024-10-15,0.0,1.5843493916296063,-1.5843493916296063
2024-10-16,0.0,1.0616997253253446,-1.0616997253253446
2024-10-17,0.1,0.6741946715246209,-0.5741946715246209
2024-10-18,0.0,0.6208233743885307,-0.6208233743885307
2024-10-19,0.7999999999999999,0.5885905715380952,0.2114094284619047
2024-10-20,0.9,0.7842875954241801,0.11571240457581988
2024-10-21,4.1,0.3567304176451881,3.7432695823548117
2024-10-22,1.9000000000000001,1.3342100541969628,0.5657899458030373
2024-10-23,0.0,0.5107796859941353,-0.5107796859941353
2024-10-24,0.0,0.9584707316513227,-0.9584707316513227
2024-10-25,0.0,1.191983286641619,-1.191983286641619
2024-10-26,0.0,1.2530310256299169,-1.2530310256299169
2024-10-27,0.0,1.1851608373460933,-1.1851608373460933
2024-10-28,3.5,0.3480083438332265,3.1519916561667736
2024-10-29,3.2,0.7921243672078259,2.4078756327921744
2024-10-30,0.7999999999999999,0.534054663864909,0.26594533613509097
2024-10-31,0.0,0.3408133433209853,-0.3408133433209853
2024-11-01,0.0,0.2808919661583328,-0.2808919661583328
2024-11-02,0.1,1.0618997216022015,-0.9618997216022015
2024-11-03,0.0,1.0631075198398432,-1.0631075198398432
2024-11-04,0.0,1.0499256689651861,-1.0499256689651861
2024-11-05,0.0,0.9738857761511933,-0.9738857761511933
2024-11-06,0.0,0.29021529186146044,-0.29021529186146044
2024-11-07,0.0,0.19083081651572384,-0.19083081651572384
2024-11-08,0.0,0.12398426588017308,-0.12398426588017308
2024-11-09,0.1,0.09589411422965473,0.004105885770345277
2024-11-10,0.0,0.14612546274584556,-0.14612546274584556
2024-11-11,7.0,0.7849934814713205,6.215006518528679
2024-11-12,0.0,0.8017910249997199,-0.8017910249997199
2024-11-13,0.0,0.34601434392349706,-0.34601434392349706
2024-11-14,0.6,0.31951358346854,0.28048641653146
2024-11-15,0.1,0.22383134659764606,-0.12383134659764605
2024-11-16,4.1,0.12062767042277596,3.979372329577224
2024-11-17,8.9,0.42212482378300215,8.477875176216997
2024-11-18,7.1000000000000005,0.49361309141340365,6.606386908586597
2024-11-19,13.0,0.2285213095376003,12.7714786904624
2024-11-20,12.0,0.2238970850629603,11.77610291493704
2024-11-21,11.9,0.14967100831073388,11.750328991689267
2024-11-22,12.2,0.18515807902638176,12.014841920973618
2024-11-23,13.0,0.14441824431509795,12.855581755684902
2024-11-24,1.5,0.573077700568455,0.926922299431545
2024-11-25,2.3000000000000003,0.17084761837458562,2.1291523816254148
2024-11-26,4.2,0.21476514993067608,3.985234850069324
2024-11-27,17.0,0.045509392102031636,16.95449060789797
2024-11-28,2.0,0.5853303492293728,1.4146696507706271
2024-11-29,0.0,0.5641302987371727,-0.5641302987371727
2024-11-30,0.0,0.3677691556482371,-0.3677691556482371
2024-12-01,0.0,0.45887939807028694,-0.45887939807028694
2024-12-02,3.2,0.25325111806962136,2.946748881930379
2024-12-03,1.3,0.3336078518920536,0.9663921481079465
2024-12-04,0.4,0.18523558097716053,0.2147644190228395
2024-12-05,22.6,0.0659807685218749,22.534019231478126
2024-12-06,2.9,0.19860175433026364,2.7013982456697363
2024-12-07,4.8,0.2554614848669612,4.544538515133039
2024-12-08,5.1,0.3905003823859613,4.709499617614038
2024-12-09,0.1,0.1472719051943074,-0.047271905194307406
2024-12-10,0.0,0.06806985500242556,-0.06806985500242556
2024-12-11,0.0,0.19755243943629658,-0.19755243943629658
2024-12-12,0.7000000000000001,0.07840781503874938,0.6215921849612507
2024-12-13,0.0,0.062339259853959356,-0.062339259853959356
2024-12-14,3.2,0.14907965030441464,3.0509203496955855
2024-12-15,0.4,0.10553905698083876,0.29446094301916126
2024-12-16,0.0,0.12021399599243346,-0.12021399599243346
2024-12-17,0.0,0.34476095686607205,-0.34476095686607205
2024-12-18,1.7000000000000002,0.12011821621348387,1.5798817837865162
2024-12-19,14.200000000000001,0.10409979916756851,14.095900200832432
2024-12-20,1.9,0.33347419601881373,1.5665258039811862
2024-12-21,4.4,0.11101882717330679,4.288981172826694
2024-12-22,7.3,0.16998988442350044,7.130010115576499
2024-12-23,3.6,0.32434264848334604,3.275657351516654
2024-12-24,1.4000000000000001,0.10160264573398257,1.2983973542660177
2024-12-25,0.0,0.09131672546512361,-0.09131672546512361
2024-12-26,0.2,0.06433311933085858,0.13566688066914143
2024-12-27,0.0,0.14165483862086609,-0.14165483862086609
2024-12-28,0.0,0.10475359095382664,-0.10475359095382664
2024-12-29,0.2,0.06547130360921787,0.13452869639078213
2024-12-30,0.0,0.15195618667452251,-0.15195618667452251
2024-12-31,0.0,0.08351606383903871,-0.08351606383903871
2025-01-01,17.2,0.055204126626459106,17.14479587337354
2025-01-02,2.1,0.39291154969920333,1.7070884503007968
2025-01-03,3.6,0.24774563841668668,3.3522543615833134
2025-01-04,3.3,0.16620216067214866,3.133797839327851
2025-01-05,13.0,0.056449183715906785,12.943550816284093
2025-01-06,6.9,0.16843164475192457,6.731568355248076
2025-01-07,2.5,0.23900173611968062,2.260998263880319
2025-01-08,0.5,0.4065326105961794,0.0934673894038206
2025-01-09,1.7000000000000002,0.4472517150753343,1.2527482849246658
2025-01-10,2.7,0.287819786026136,2.412180213973864
2025-01-11,0.2,0.5683506613010814,-0.36835066130108135
2025-01-12,0.0,0.2935770928589399,-0.2935770928589399
2025-01-13,0.0,0.5667902525589864,-0.5667902525589864
2025-01-14,0.30000000000000004,0.2164154775380947,0.08358452246190534
2025-01-15,0.0,0.2159418497116188,-0.2159418497116188
2025-01-16,0.0,0.10431280394978362,-0.10431280394978362
2025-01-17,0.0,0.11344652962205187,-0.11344652962205187
2025-01-18,0.0,0.14976241321479128,-0.14976241321479128
2025-01-19,0.0,0.07804505990756955,-0.07804505990756955
2025-01-20,0.0,0.060391587337170254,-0.060391587337170254
2025-01-21,0.0,0.11469415822911995,-0.11469415822911995
2025-01-22,3.1,0.16975757716650056,2.9302424228334996
2025-01-23,2.0,0.375417968945569,1.624582031054431
2025-01-24,3.9,0.1310794735385395,3.7689205264614603
2025-01-25,0.4,0.442253195623768,-0.042253195623768
2025-01-26,2.9,0.6432159485452031,2.2567840514547965
2025-01-27,6.8,0.7010369481247233,6.098963051875277
2025-01-28,1.7999999999999998,0.33861505547566395,1.4613849445243359
2025-01-29,3.3000000000000003,0.3506339215671757,2.9493660784328246
2025-01-30,0.0,0.4450913963872135,-0.4450913963872135
2025-01-31,0.0,0.8077814194953998,-0.8077814194953998
2025-02-01,0.0,0.8504747598597237,-0.8504747598597237
2025-02-02,0.0,0.8798153579146069,-0.8798153579146069
2025-02-03,0.0,0.6172766284325342,-0.6172766284325342
2025-02-04,0.0,0.28361344997759824,-0.28361344997759824
2025-02-05,0.0,0.9828534859342752,-0.9828534859342752
2025-02-06,0.0,0.7248181848253377,-0.7248181848253377
2025-02-07,0.0,0.39056532713306064,-0.39056532713306064
2025-02-08,0.0,0.39713382555420695,-0.39713382555420695
2025-02-09,0.0,0.37220417076396717,-0.37220417076396717
2025-02-10,1.1,0.2741439175937088,0.8258560824062913
2025-02-11,11.1,0.08913955151320115,11.010860448486799
2025-02-12,3.6,0.14369445181326193,3.456305548186738
2025-02-13,0.0,0.3091554134716706,-0.3091554134716706
2025-02-14,0.0,0.30648587879116473,-0.30648587879116473
2025-02-15,0.0,0.38680507725652635,-0.38680507725652635
2025-02-16,0.0,1.01065073400019,-1.01065073400019
2025-02-17,0.0,1.1135317212317266,-1.1135317212317266
2025-02-18,0.0,1.0114518591848527,-1.0114518591848527
2025-02-19,0.0,0.815443107005393,-0.815443107005393
2025-02-20,0.8,0.5051511930674087,0.2948488069325913
2025-02-21,0.0,1.2422228598771465,-1.2422228598771465
2025-02-22,3.8000000000000003,0.26123240831810945,3.538767591681891
2025-02-23,0.0,1.0810936287755142,-1.0810936287755142
2025-02-24,7.5,0.24099604126034546,7.259003958739655
2025-02-25,0.0,0.8354312017011387,-0.8354312017011387
2025-02-26,2.5999999999999996,1.4377014853381924,1.1622985146618072
2025-02-27,1.8,0.6544383462912018,1.1455616537087983
2025-02-28,0.1,1.0286830487276926,-0.9286830487276926
2025-03-01,0.0,1.2167907878167505,-1.2167907878167505
2025-03-02,0.0,1.680922964068324,-1.680922964068324
2025-03-03,0.0,1.7672438290636387,-1.7672438290636387
2025-03-04,0.0,1.8131678017396442,-1.8131678017396442
2025-03-05,0.0,2.0571327730978566,-2.0571327730978566
2025-03-06,0.0,1.9783353648928048,-1.9783353648928048
2025-03-07,0.0,2.0589641390027165,-2.0589641390027165
2025-03-08,0.0,2.215581860716301,-2.215581860716301
2025-03-09,0.0,1.9600933959243545,-1.9600933959243545
2025-03-10,0.0,2.0134109853755264,-2.0134109853755264
2025-03-11,0.5,1.1329963053172531,-0.6329963053172531
2025-03-12,0.2,1.1666142501349441,-0.9666142501349442
2025-03-13,0.1,1.4433064998450666,-1.3433064998450666
2025-03-14,0.9,1.605929591660157,-0.705929591660157
2025-03-15,0.0,1.911396286801059,-1.911396286801059
2025-03-16,0.0,1.6532711558667335,-1.6532711558667335
2025-03-17,0.0,2.234639880637955,-2.234639880637955
2025-03-18,0.0,2.3328775626682603,-2.3328775626682603
2025-03-19,0.0,2.4751147219508707,-2.4751147219508707
2025-03-20,0.0,2.6919962570365037,-2.6919962570365037
2025-03-21,0.0,2.654143579481061,-2.654143579481061
2025-03-22,0.1,2.11738924735197,-2.01738924735197
2025-03-23,0.5,2.0304347370524503,-1.5304347370524503
2025-03-24,0.0,1.9216739890913788,-1.9216739890913788
2025-03-25,0.0,1.5893673162108621,-1.5893673162108621
2025-03-26,0.0,1.555179407435723,-1.555179407435723
2025-03-27,0.0,2.7637471123027963,-2.7637471123027963
2025-03-28,0.2,0.7706249892155024,-0.5706249892155024
2025-03-29,0.0,2.22854067335354,-2.22854067335354
2025-03-30,0.4,2.2373800094040255,-1.8373800094040256
2025-03-31,0.0,2.4280882026593678,-2.4280882026593678
2025-04-01,0.0,2.935150725938415,-2.935150725938415
2025-04-02,0.0,3.018331538458776,-3.018331538458776
2025-04-03,0.0,3.3609556478486233,-3.3609556478486233
2025-04-04,0.0,3.481673858758234,-3.481673858758234
2025-04-05,0.0,3.2203746163248623,-3.2203746163248623
2025-04-06,0.0,3.1241266962104848,-3.1241266962104848
2025-04-07,0.0,3.1477960503083757,-3.1477960503083757
2025-04-08,0.0,3.133039907723781,-3.133039907723781
2025-04-09,0.0,1.6215824543642017,-1.6215824543642017
2025-04-10,0.0,2.8551830193225434,-2.8551830193225434
2025-04-11,0.0,3.3982370446448535,-3.3982370446448535
2025-04-12,0.0,3.775570668491828,-3.775570668491828
2025-04-13,3.2,2.4949355338999477,0.7050644661000525
2025-04-14,0.0,2.977045736509861,-2.977045736509861
2025-04-15,4.1,2.8936673665767674,1.2063326334232323
2025-04-16,0.2,1.0354619111584287,-0.8354619111584287
2025-04-17,0.0,1.0884573865638307,-1.0884573865638307
2025-04-18,0.0,2.5639061566335584,-2.5639061566335584
2025-04-19,0.0,3.262494961119652,-3.262494961119652
2025-04-20,0.0,3.0212389936988857,-3.0212389936988857
2025-04-21,4.3,0.8369223976059698,3.46307760239403
2025-04-22,0.0,1.7689489235428437,-1.7689489235428437
2025-04-23,0.0,2.105191999082297,-2.105191999082297
2025-04-24,4.0,0.8967097889833706,3.1032902110166294
2025-04-25,0.0,2.990976042489962,-2.990976042489962
2025-04-26,0.0,3.7122783824029337,-3.7122783824029337
2025-04-27,0.0,4.333054700443251,-4.333054700443251
2025-04-28,0.0,4.350647744496813,-4.350647744496813
2025-04-29,0.0,4.396764294419626,-4.396764294419626
2025-04-30,0.0,4.617304141652141,-4.617304141652141
2025-05-01,0.0,4.698392420885065,-4.698392420885065
2025-05-02,0.1,3.4216914929354765,-3.3216914929354764
2025-05-03,0.0,3.412615289233144,-3.412615289233144
2025-05-04,0.0,2.4258019231940144,-2.4258019231940144
2025-05-05,0.1,3.678731547533804,-3.578731547533804
2025-05-06,0.0,1.5121281237693067,-1.5121281237693067
2025-05-07,0.0,3.1437552293953956,-3.1437552293953956
2025-05-08,0.0,4.017002373970322,-4.017002373970322
2025-05-09,0.0,4.573144853974771,-4.573144853974771
2025-05-10,0.0,4.916209191043072,-4.916209191043072
2025-05-11,0.0,5.080437193428705,-5.080437193428705
2025-05-12,0.0,5.125663768993714,-5.125663768993714
2025-05-13,0.0,5.120481596650262,-5.120481596650262
2025-05-14,0.0,4.695253749406616,-4.695253749406616
2025-05-15,0.0,4.727136470463124,-4.727136470463124
2025-05-16,0.0,2.834683083645393,-2.834683083645393
2025-05-17,0.0,4.2069611561644455,-4.2069611561644455
2025-05-18,0.0,3.676297437884407,-3.676297437884407
2025-05-19,0.0,5.0405828390408,-5.0405828390408
2025-05-20,0.0,5.01701247017033,-5.01701247017033
2025-05-21,0.0,4.037593568517793,-4.037593568517793
2025-05-22,1.3,3.7854127149860086,-2.4854127149860084
2025-05-23,3.0,3.117191147142071,-0.11719114714207102
2025-05-24,4.1,1.2983364744415096,2.80166352555849
2025-05-25,1.1,2.339698961575644,-1.2396989615756437
2025-05-26,0.0,3.958689627171408,-3.958689627171408
2025-05-27,14.2,2.031865710563553,12.168134289436447
2025-05-28,5.8999999999999995,2.928331884179692,2.9716681158203073
2025-05-29,2.9,1.1964238471161721,1.7035761528838278
2025-05-30,0.0,3.620368831224939,-3.620368831224939
2025-05-31,0.0,3.8640812614707634,-3.8640812614707634
2025-06-01,0.0,3.910614650554086,-3.910614650554086
2025-06-02,0.0,4.414350906382499,-4.414350906382499
2025-06-03,0.30000000000000004,3.7835723558893104,-3.4835723558893106
2025-06-04,6.0,3.7035157842431885,2.2964842157568115
2025-06-05,12.4,2.673953625715342,9.726046374284659
2025-06-06,2.9,3.6820716791600816,-0.7820716791600817
2025-06-07,17.1,1.9954674002832498,15.104532599716752
2025-06-08,22.6,2.6873394013879035,19.9126605986121
2025-06-09,0.0,4.402507952969244,-4.402507952969244
2025-06-10,3.8,2.0322935766963717,1.7677064233036281
2025-06-11,0.0,4.20774581439796,-4.20774581439796
2025-06-12,0.0,5.431076709073431,-5.431076709073431
2025-06-13,0.0,5.359655201317912,-5.359655201317912
2025-06-14,1.3,3.5628441716311166,-2.2628441716311167
2025-06-15,0.0,5.016448725971603,-5.016448725971603
2025-06-16,0.0,4.869327592637,-4.869327592637
2025-06-17,0.0,5.139556409662056,-5.139556409662056
2025-06-18,0.0,5.224049732205119,-5.224049732205119
2025-06-19,0.0,4.777145565528667,-4.777145565528667
2025-06-20,0.0,5.389987055190755,-5.389987055190755
2025-06-21,0.0,5.8595861451204545,-5.8595861451204545
2025-06-22,0.0,3.5752929836174583,-3.5752929836174583
2025-06-23,2.4,3.528343321840118,-1.1283433218401182
2025-06-24,0.0,2.44750766730593,-2.44750766730593
2025-06-25,0.0,3.722439157805837,-3.722439157805837
2025-06-26,1.1,2.0770763140702755,-0.9770763140702754
2025-06-27,2.4,3.265298613782775,-0.865298613782775
2025-06-28,0.0,3.4277023096824015,-3.4277023096824015
2025-06-29,0.0,5.0100627369406965,-5.0100627369406965
2025-06-30,0.0,5.817008785209015,-5.817008785209015
2025-07-01,0.0,5.911514890565237,-5.911514890565237
2025-07-02,2.2,4.345531824893102,-2.1455318248931015
2025-07-03,0.0,5.025351135282199,-5.025351135282199
2025-07-04,0.0,5.215825365198627,-5.215825365198627
2025-07-05,2.3,2.025383031291961,0.27461696870803864
2025-07-06,13.5,2.113136259035773,11.386863740964227
2025-07-07,10.0,3.1013275845466466,6.898672415453353
2025-07-08,7.8,2.86776594655189,4.932234053448109
2025-07-09,0.0,4.933882849612304,-4.933882849612304
2025-07-10,0.0,3.935438226527574,-3.935438226527574
2025-07-11,0.0,4.30666514242834,-4.30666514242834
2025-07-12,0.0,5.31028060159385,-5.31028060159385
2025-07-13,0.2,2.679947861598281,-2.479947861598281
2025-07-14,0.0,3.4394195295068037,-3.4394195295068037
2025-07-15,0.2,4.728696309121653,-4.528696309121653
2025-07-16,10.0,3.548256925167907,6.451743074832093
2025-07-17,0.0,3.869033127020569,-3.869033127020569
2025-07-18,0.0,5.011270370725194,-5.011270370725194
2025-07-19,0.4,3.843955433038475,-3.443955433038475
2025-07-20,5.7,2.4582749021165284,3.2417250978834717
2025-07-21,10.8,2.892046813893479,7.907953186106521
2025-07-22,2.4,3.6120341894673293,-1.2120341894673294
2025-07-23,0.0,3.2098801686422687,-3.2098801686422687
2025-07-24,0.0,4.504536398706047,-4.504536398706047
2025-07-25,0.0,2.8173305684437873,-2.8173305684437873
2025-07-26,0.9,2.613307029099023,-1.713307029099023
2025-07-27,0.8,3.983595458952914,-3.1835954589529143
2025-07-28,1.1,3.779355227173126,-2.679355227173126
2025-07-29,0.0,4.655015260067544,-4.655015260067544
2025-07-30,0.3,3.3879931234995233,-3.0879931234995235
2025-07-31,5.7,2.591194261657772,3.108805738342228
2025-08-01,9.2,2.489663936976118,6.710336063023881
2025-08-02,18.4,2.419927684605679,15.98007231539432
2025-08-03,1.8,3.4828971730716822,-1.6828971730716822
2025-08-04,3.5,2.232080143789725,1.2679198562102751
2025-08-05,6.8,3.518728372950555,3.2812716270494446
2025-08-06,0.0,3.530308497642335,-3.530308497642335
2025-08-07,0.0,3.393736951236226,-3.393736951236226
2025-08-08,0.0,3.629666038327817,-3.629666038327817
2025-08-09,0.0,4.045453774791722,-4.045453774791722
2025-08-10,0.0,4.672727358078085,-4.672727358078085
2025-08-11,0.0,4.590279552320375,-4.590279552320375
2025-08-12,0.0,3.656846743516027,-3.656846743516027
2025-08-13,0.0,4.059306193261147,-4.059306193261147
2025-08-14,0.1,4.097757198033282,-3.997757198033282
2025-08-15,0.0,4.310802155876674,-4.310802155876674
2025-08-16,0.0,2.5404512426902053,-2.5404512426902053
2025-08-17,0.0,1.8711020838069425,-1.8711020838069425
2025-08-18,0.0,3.553367599869937,-3.553367599869937
2025-08-19,0.0,4.284661966990956,-4.284661966990956
2025-08-20,0.0,3.2286882757758306,-3.2286882757758306
2025-08-21,0.0,2.7019295387939817,-2.7019295387939817
2025-08-22,1.1,1.7591195013546905,-0.6591195013546904
2025-08-23,0.1,2.5921385050754466,-2.4921385050754465
2025-08-24,0.0,3.052167107435068,-3.052167107435068
2025-08-25,0.0,3.486414463074148,-3.486414463074148
2025-08-26,0.0,2.861572088749142,-2.861572088749142
2025-08-27,1.1,2.8621815287323886,-1.7621815287323885
2025-08-28,5.4,1.8098853387646647,3.5901146612353356
2025-08-29,2.2,2.6086543949081777,-0.40865439490817757
2025-08-30,2.2,2.7944295655652254,-0.5944295655652252
2025-08-31,0.30000000000000004,1.9812573663090325,-1.6812573663090324
2025-09-01,0.7,2.806811867994255,-2.1068118679942547
2025-09-02,0.2,2.9245749261186225,-2.7245749261186223
2025-09-03,13.5,1.386826577921448,12.113173422078551
2025-09-04,5.6000000000000005,2.4143959343717007,3.1856040656283
2025-09-05,0.0,3.117239457073412,-3.117239457073412
2025-09-06,0.0,3.0738989300900377,-3.0738989300900377
2025-09-07,0.0,3.6572142033361077,-3.6572142033361077
2025-09-08,4.0,2.4333896432880295,1.5666103567119705
2025-09-09,5.8,0.5349673819562357,5.265032618043764
2025-09-10,0.0,2.2609595132838742,-2.2609595132838742
2025-09-11,4.0,2.2607711877063186,1.7392288122936814
2025-09-12,15.7,1.828978406533539,13.87102159346646
2025-09-13,1.2000000000000002,1.894699019777908,-0.6946990197779077
2025-09-14,11.0,2.5682367249713858,8.431763275028615
2025-09-15,2.1,2.0260702153742507,0.0739297846257494
2025-09-16,17.8,1.330366719749453,16.469633280250548
2025-09-17,11.5,0.7381302445278007,10.7618697554722
2025-09-18,4.7,0.889034862906306,3.810965137093694
2025-09-19,0.0,2.9667332849934605,-2.9667332849934605
2025-09-20,2.6,1.1859015280994334,1.4140984719005667
2025-09-21,1.0,1.529612438901196,-0.529612438901196
2025-09-22,0.0,2.209716184620624,-2.209716184620624
2025-09-23,0.1,2.4592293146756563,-2.359229314675656
2025-09-24,0.0,2.375597753372895,-2.375597753372895
2025-09-25,0.0,1.9965036776081106,-1.9965036776081106
2025-09-26,0.0,1.6514233826055915,-1.6514233826055915
2025-09-27,0.1,1.1992706693349542,-1.099270669334954
2025-09-28,0.0,2.3341382386328577,-2.3341382386328577
2025-09-29,0.0,1.6941237848627688,-1.6941237848627688
2025-09-30,0.0,2.153674640287663,-2.153674640287663
2025-10-01,0.0,2.2040702130672756,-2.2040702130672756
2025-10-02,0.0,1.2238122642870726,-1.2238122642870726
2025-10-03,12.100000000000001,0.5638394707971554,11.536160529202846
2025-10-04,27.1,1.2646413019088054,25.835358698091195
2025-10-05,4.2,0.7150121041248766,3.4849878958751237
2025-10-06,1.6,0.4809990891106694,1.1190009108893306
2025-10-07,0.0,0.9155961590229896,-0.9155961590229896
2025-10-08,0.30000000000000004,0.5094628577734759,-0.20946285777347584
2025-10-09,0.0,1.2866273623323543,-1.2866273623323543
2025-10-10,0.0,1.005105136416812,-1.005105136416812
2025-10-11,0.0,0.47851344748299673,-0.47851344748299673
2025-10-12,0.7000000000000001,0.6930580604700292,0.006941939529970909
2025-10-13,0.1,0.9107408097964569,-0.8107408097964569
2025-10-14,0.4,0.9264097933428934,-0.5264097933428934
2025-10-15,0.4,0.7006013418416919,-0.30060134184169185
2025-10-16,0.5,1.0252216451776448,-0.5252216451776448
2025-10-17,0.2,0.7829844575852728,-0.5829844575852727
2025-10-18,0.0,0.999230831846765,-0.999230831846765
2025-10-19,0.0,0.9358990013320765,-0.9358990013320765
2025-10-20,6.3999999999999995,0.8059854849369821,5.594014515063018
2025-10-21,4.9,0.779760059072416,4.1202399409275845
2025-10-22,0.6000000000000001,1.058999250180678,-0.4589992501806779
2025-10-23,33.7,0.6248009542434974,33.075199045756506
2025-10-24,2.9,1.036402804306391,1.8635971956936088
2025-10-25,9.6,0.6543046089456668,8.945695391054333
2025-10-26,18.1,0.7885330372537567,17.311466962746245
2025-10-27,15.4,0.7368086829901805,14.66319131700982
2025-10-28,7.0,0.8462457867066668,6.153754213293333
2025-10-29,11.5,0.47356559129084375,11.026434408709155
2025-10-30,1.5,0.7416481761706439,0.7583518238293561
2025-10-31,0.0,0.6732951259089902,-0.6732951259089902
2025-11-01,7.6,0.28289975544566137,7.3171002445543385
2025-11-02,12.5,0.8144791082239883,11.685520891776012
2025-11-03,0.0,0.34319732583017065,-0.34319732583017065
2025-11-04,0.0,0.8267131102050803,-0.8267131102050803
2025-11-05,0.0,0.9211520037030276,-0.9211520037030276
2025-11-06,0.0,0.7233754050300907,-0.7233754050300907
2025-11-07,0.0,0.6742109357585172,-0.6742109357585172
2025-11-08,0.0,0.5556191491210601,-0.5556191491210601
2025-11-09,0.39999999999999997,0.8225394742859979,-0.422539474285998
2025-11-10,3.0,0.4553448626192846,2.5446551373807154
2025-11-11,0.0,0.5693844797199091,-0.5693844797199091
2025-11-12,0.0,0.5487856663838377,-0.5487856663838377
2025-11-13,3.8,0.5364194127665152,3.2635805872334847
2025-11-14,20.1,0.058055787106351266,20.04194421289365
2025-11-15,3.6,0.13888902741486228,3.461110972585138
2025-11-16,0.0,0.35600801154057565,-0.35600801154057565
2025-11-17,4.6000000000000005,0.647548062432138,3.9524519375678624
2025-11-18,4.5,0.2958040934357861,4.204195906564214
2025-11-19,15.1,0.131072411337195,14.968927588662805
2025-11-20,3.8000000000000003,0.36028416954027376,3.4397158304597264
2025-11-21,0.4,0.6181095526118676,-0.2181095526118676
2025-11-22,0.1,0.37787994238530503,-0.277879942385305
2025-11-23,3.6,0.1132563728301067,3.4867436271698935
2025-11-24,1.1,0.34370574565164647,0.7562942543483536
2025-11-25,0.8999999999999999,0.4947299595840444,0.4052700404159555
2025-11-26,0.0,0.2738141629057975,-0.2738141629057975
2025-11-27,0.5,0.10105591127462492,0.39894408872537507
2025-11-28,1.4000000000000001,0.33552824563971595,1.0644717543602842
2025-11-29,1.4,0.22213934263071627,1.1778606573692836
2025-11-30,1.3,0.3912160706460883,0.9087839293539117
2025-12-01,2.0,0.21439093250784264,1.7856090674921574
2025-12-02,0.1,0.1631163958573624,-0.0631163958573624
2025-12-03,0.0,0.4167451406036311,-0.4167451406036311
2025-12-04,0.1,0.44878779251759043,-0.3487877925175904
2025-12-05,0.0,0.1679630388769336,-0.1679630388769336
2025-12-06,5.7,0.14939326567595657,5.5506067343240435
2025-12-07,11.5,0.1744281524314883,11.325571847568511
2025-12-08,0.0,0.1997385828206404,-0.1997385828206404
2025-12-09,1.9,0.16900857959125665,1.7309914204087433
2025-12-10,0.0,0.3887290215913391,-0.3887290215913391
2025-12-11,0.0,0.3198281991909496,-0.3198281991909496
2025-12-12,0.0,0.10773080676436154,-0.10773080676436154
2025-12-13,0.1,0.5003333231946715,-0.4003333231946715
2025-12-14,0.0,0.22190649355179104,-0.22190649355179104
2025-12-15,0.0,0.08928516654792182,-0.08928516654792182
2025-12-16,0.2,0.23244170355152027,-0.03244170355152026
2025-12-17,0.2,0.14153001808049095,0.058469981919509056
2025-12-18,0.2,0.15175929378864075,0.04824070621135926
2025-12-19,3.1,0.3189538481357999,2.7810461518642002
2025-12-20,0.0,0.23118038696508691,-0.23118038696508691
2025-12-21,0.0,0.3888673616968689,-0.3888673616968689
2025-12-22,0.0,0.3030821931258559,-0.3030821931258559
2025-12-23,0.0,0.06410000467953064,-0.06410000467953064
2025-12-24,0.0,0.3747311323215166,-0.3747311323215166
2025-12-25,0.0,0.4034416392949729,-0.4034416392949729
2025-12-26,0.0,0.4096086835142786,-0.4096086835142786
2025-12-27,0.0,0.15527416277557737,-0.15527416277557737
2025-12-28,0.0,0.4272446782001078,-0.4272446782001078
2025-12-29,0.2,0.1930002135318915,0.006999786468108504
2025-12-30,0.0,0.3949019087071088,-0.3949019087071088
2025-12-31,1.2000000000000002,0.3401537761391427,0.8598462238608575
2026-01-01,17.4,0.1463016622530512,17.253698337746947
2026-01-02,5.6000000000000005,0.16858790434726417,5.431412095652736
2026-01-03,7.800000000000001,0.21993033531123543,7.580069664688765
2026-01-04,7.800000000000001,0.22945755828103293,7.570542441718968
2026-01-05,5.8,0.2875908476327256,5.512409152367274
2026-01-06,0.30000000000000004,0.49707944440444873,-0.1970794444044487
2026-01-07,7.0,0.16767374307433855,6.832326256925661
2026-01-08,2.3,0.21828082004887145,2.0817191799511283
2026-01-09,9.3,0.14332837716418056,9.15667162283582
2026-01-10,0.0,0.25561144620410625,-0.25561144620410625
2026-01-11,0.0,0.17186751678488846,-0.17186751678488846
2026-01-12,3.6,0.11820895824425437,3.481791041755746
2026-01-13,6.0,0.16683164500594042,5.83316835499406
2026-01-14,2.7,0.6190021594778478,2.0809978405221523
2026-01-15,4.3,0.13836410090956874,4.161635899090431
2026-01-16,0.8,0.44326270710268856,0.3567372928973115
2026-01-17,0.1,0.6058232754174931,-0.5058232754174932
2026-01-18,0.0,0.43579975145698246,-0.43579975145698246
2026-01-19,0.0,0.3152469372735447,-0.3152469372735447
2026-01-20,0.0,0.526674139323221,-0.526674139323221
2026-01-21,1.5,0.26535721244761323,1.2346427875523869
2026-01-22,0.0,0.5092983207482057,-0.5092983207482057
2026-01-23,0.2,0.28067152719728766,-0.08067152719728765
2026-01-24,0.0,0.5513925311464045,-0.5513925311464045
2026-01-25,0.0,0.4631488388436953,-0.4631488388436953
2026-01-26,0.0,0.19050901588895494,-0.19050901588895494
2026-01-27,5.1,0.2232306571511027,4.876769342848897
2026-01-28,0.0,0.1480662561543466,-0.1480662561543466
2026-01-29,1.1,0.19865308683223135,0.9013469131677687
2026-01-30,0.0,0.3615434110316864,-0.3615434110316864
2026-01-31,2.1,0.20332905314791702,1.896670946852083
2026-02-01,0.4,0.33945852873865795,0.06054147126134207
2026-02-02,0.0,0.690378375811699,-0.690378375811699
2026-02-03,0.30000000000000004,0.3546642168547593,-0.05466421685475925
2026-02-04,0.8,0.4730953400365419,0.32690465996345813
2026-02-05,0.0,0.1756985894269091,-0.1756985894269091
2026-02-06,1.4000000000000001,0.33747132112758366,1.0625286788724164
2026-02-07,0.0,0.8418586409913836,-0.8418586409913836
2026-02-08,0.1,0.49928279670361814,-0.3992827967036181
2026-02-09,0.0,0.2310503122095623,-0.2310503122095623
2026-02-10,2.2,0.29278913134455675,1.9072108686554434
2026-02-11,3.6,0.24643256993493445,3.3535674300650657
2026-02-12,0.2,0.3811360213022804,-0.1811360213022804
2026-02-13,0.2,0.2566886377858407,-0.05668863778584071
2026-02-14,0.0,1.0251746026047774,-1.0251746026047774
2026-02-15,1.5,0.6332038123370326,0.8667961876629674
2026-02-16,3.2,0.5206014697210425,2.6793985302789576
2026-02-17,1.7000000000000002,0.8101529192441114,0.8898470807558888
2026-02-18,0.0,0.8937881245887911,-0.8937881245887911
2026-02-19,0.0,0.5924306958827187,-0.5924306958827187
2026-02-20,4.2,0.3679143948182279,3.8320856051817724
2026-02-21,0.7,0.7058781417132615,-0.005878141713261509
2026-02-22,8.9,0.42732682653504056,8.47267317346496
2026-02-23,0.0,1.0357222614747597,-1.0357222614747597
2026-02-24,0.1,0.45079994441039967,-0.35079994441039963
2026-02-25,0.0,1.7185173614105589,-1.7185173614105589
2026-02-26,0.0,1.2146900821124873,-1.2146900821124873
2026-02-27,1.4,0.46060247684906974,0.9393975231509302
2026-02-28,4.3,0.436713699501966,3.863286300498034
2026-03-01,0.8,1.2296024104831786,-0.4296024104831786
2026-03-02,0.0,1.9022881113760703,-1.9022881113760703
2026-03-03,0.0,1.7433272712628427,-1.7433272712628427
2026-03-04,0.0,1.6236699926411768,-1.6236699926411768
2026-03-05,0.0,1.970230629652517,-1.970230629652517
2026-03-06,0.0,1.5496979853821824,-1.5496979853821824
2026-03-07,0.0,0.5608935748909015,-0.5608935748909015
2026-03-08,0.0,1.2239125292256976,-1.2239125292256976
2026-03-09,0.0,1.2224723257176233,-1.2224723257176233
2026-03-10,5.4,0.5877021635503279,4.812297836449672
2026-03-11,7.7,0.6357501628720609,7.06424983712794
2026-03-12,0.0,1.6186875016719924,-1.6186875016719924
2026-03-13,8.7,0.6261096356992305,8.07389036430077
2026-03-14,3.2,1.020073994065631,2.1799260059343695
2026-03-15,3.8,2.0229803408242066,1.7770196591757932
2026-03-16,4.5,1.7911217900850374,2.7088782099149626
2026-03-17,0.7000000000000001,1.1738312900186134,-0.47383129001861335
2026-03-18,0.0,2.5232853869117013,-2.5232853869117013
2026-03-19,0.0,2.4582890693758648,-2.4582890693758648
2026-03-20,0.0,2.2700338809101877,-2.2700338809101877
2026-03-21,0.0,1.6505127427422785,-1.6505127427422785
2026-03-22,0.0,2.4459766637125746,-2.4459766637125746
2026-03-23,0.0,1.9932315388015536,-1.9932315388015536
2026-03-24,0.0,0.9332739049865288,-0.9332739049865288
2026-03-25,6.7,1.4745699827059713,5.225430017294029
2026-03-26,2.3,1.811890007866746,0.4881099921332539
2026-03-27,0.6000000000000001,1.728352960615918,-1.128352960615918
2026-03-28,3.4,1.845601215096188,1.554398784903812
2026-03-29,7.199999999999999,1.663407572432361,5.536592427567639
2026-03-30,0.30000000000000004,2.222761762873342,-1.922761762873342
2026-03-31,0.0,2.0739402907371187,-2.0739402907371187
2026-04-01,0.0,1.8808329209312402,-1.8808329209312402
2026-04-02,0.2,0.835389771592509,-0.635389771592509
2026-04-03,0.8999999999999999,1.0921541174417908,-0.1921541174417909
2026-04-04,0.0,2.461836556893476,-2.461836556893476
2026-04-05,0.5,2.324394428005599,-1.8243944280055988
2026-04-06,0.0,3.030429894653159,-3.030429894653159
2026-04-07,0.0,3.2439007953141195,-3.2439007953141195
2026-04-08,0.0,3.2210134550798077,-3.2210134550798077
2026-04-09,1.3,2.298149909843688,-0.9981499098436879
2026-04-10,0.0,2.3922238846484865,-2.3922238846484865
2026-04-11,1.1,1.3270892838934767,-0.2270892838934766
2026-04-12,0.0,2.9399706166093815,-2.9399706166093815
2026-04-13,0.0,1.5893673296766144,-1.5893673296766144
2026-04-14,0.0,3.435224079839682,-3.435224079839682
2026-04-15,0.4,2.766267442373693,-2.366267442373693
2026-04-16,0.0,3.4043990916207636,-3.4043990916207636
2026-04-17,0.0,2.9101180828481943,-2.9101180828481943
2026-04-18,0.3,1.8519676453745044,-1.5519676453745044
2026-04-19,0.0,2.4848023490789592,-2.4848023490789592
2026-04-20,1.8,2.3959510640342,-0.5959510640341998
2026-04-21,0.0,3.7142830898992774,-3.7142830898992774
2026-04-22,0.0,3.954975733174147,-3.954975733174147
2026-04-23,0.0,3.6551489201673744,-3.6551489201673744
2026-04-24,0.0,3.2585509243213617,-3.2585509243213617
2026-04-25,0.0,3.8607373067744457,-3.8607373067744457
2026-04-26,0.0,3.7061239607369645,-3.7061239607369645
2026-04-27,0.0,2.69674021240161,-2.69674021240161
2026-04-28,0.0,3.990366402089509,-3.990366402089509
2026-04-29,0.0,4.26786807371958,-4.26786807371958
2026-04-30,0.0,4.411006081081831,-4.411006081081831
2026-05-01,0.0,4.727191698942871,-4.727191698942871
2026-05-02,1.1,3.4485035676695417,-2.3485035676695416
2026-05-03,6.6,1.4347560019500425,5.165243998049958
2026-05-04,3.6,1.348607191183689,2.251392808816311
2026-05-05,0.0,3.5817666096005465,-3.5817666096005465
2026-05-06,0.0,2.9002753077145327,-2.9002753077145327
2026-05-07,0.0,4.374613835769442,-4.374613835769442
2026-05-08,0.0,4.284316243742936,-4.284316243742936
2026-05-09,0.0,4.135317828815644,-4.135317828815644
2026-05-10,0.0,3.177332578194693,-3.177332578194693
2026-05-11,3.0,2.597666702614054,0.40233329738594614
2026-05-12,1.7,2.3303303664063204,-0.6303303664063205
2026-05-13,1.4,3.0476121684180106,-1.6476121684180107
2026-05-14,1.6,2.6035925198928296,-1.0035925198928295
2026-05-15,5.4,1.905741364051232,3.4942586359487686
2026-05-16,3.8,1.8380723171953701,1.9619276828046297
2026-05-17,3.9,1.4256770114631236,2.4743229885368763
2026-05-18,2.6,3.321937701394157,-0.721937701394157
2026-05-19,3.1,2.137613185403907,0.9623868145960932
2026-05-20,0.0,2.7672713367623025,-2.7672713367623025
2026-05-21,0.0,4.312688436327124,-4.312688436327124
2026-05-22,0.0,5.2869699869114815,-5.2869699869114815
2026-05-23,0.0,5.068104032208037,-5.068104032208037
2026-05-24,0.0,5.316579124603336,-5.316579124603336
2026-05-25,0.0,5.542532904729445,-5.542532904729445
2026-05-26,0.0,5.625506308412034,-5.625506308412034
2026-05-27,0.0,4.2698921846623366,-4.2698921846623366
2026-05-28,0.0,5.070794482173559,-5.070794482173559
2026-05-29,10.600000000000001,3.0906880875529774,7.509311912447024
2026-05-30,0.0,4.666270311938338,-4.666270311938338
2026-05-31,0.0,4.183724686373893,-4.183724686373893
2026-06-01,0.0,4.322804065951866,-4.322804065951866
2026-06-02,11.999999999999998,1.6431956463455073,10.356804353654491
2026-06-03,6.9,3.250233263920333,3.6497667360796675
2026-06-04,3.6,3.0810726768430676,0.5189273231569325
2026-06-05,0.0,4.175213481265082,-4.175213481265082
2026-06-06,9.7,2.4929678948686593,7.20703210513134
2026-06-07,5.9,2.985351270486536,2.9146487295134644
2026-06-08,5.2,1.9103754535348465,3.289624546465154
2026-06-09,1.3000000000000003,4.167749609156019,-2.8677496091560184
2026-06-10,0.0,4.674117854077481,-4.674117854077481
2026-06-11,2.3,3.08000180390356,-0.7800018039035601
2026-06-12,3.6,2.530100675040479,1.069899324959521
2026-06-13,0.0,2.1467241965867947,-2.1467241965867947
2026-06-14,0.0,2.8526466983649628,-2.8526466983649628
2026-06-15,0.7,2.484637035565422,-1.784637035565422
2026-06-16,0.0,4.891514888346202,-4.891514888346202
2026-06-17,0.0,2.5899553844294063,-2.5899553844294063
2026-06-18,0.0,4.615208032615935,-4.615208032615935
2026-06-19,9.9,5.63339724387543,4.266602756124571
2026-06-20,3.3,5.298636990557023,-1.9986369905570234
2026-06-21,0.0,4.672923993601452,-4.672923993601452
2026-06-22,0.0,5.373527558688251,-5.373527558688251
2026-06-23,0.0,5.541013755957032,-5.541013755957032
2026-06-24,0.0,5.888834001955729,-5.888834001955729
2026-06-25,0.0,5.705691424595858,-5.705691424595858
2026-06-26,0.0,5.848612628968005,-5.848612628968005
2026-06-27,2.2,2.410710234106738,-0.21071023410673773
2026-06-28,14.1,5.135888970018083,8.964111029981916
2026-06-29,0.0,5.344915125769099,-5.344915125769099
2026-06-30,0.0,2.533966162107993,-2.533966162107993
2026-07-01,0.0,5.416825071091437,-5.416825071091437
2026-07-02,2.2,3.1445808918291402,-0.9445808918291401
2026-07-03,0.0,4.232090490682583,-4.232090490682583
2026-07-04,0.0,2.396477971045945,-2.396477971045945
2026-07-05,0.3,2.509999000329518,-2.209999000329518
2026-07-06,0.0,3.844628914441441,-3.844628914441441
2026-07-07,0.0,3.972389016459192,-3.972389016459192
2026-07-08,0.0,2.285870204155511,-2.285870204155511
2026-07-09,0.0,4.891223320776513,-4.891223320776513
2026-07-10,0.0,5.5532443284385735,-5.5532443284385735
2026-07-11,0.0,3.732369829613394,-3.732369829613394
2026-07-12,0.0,5.07851166201026,-5.07851166201026
2026-07-13,0.0,4.81123426191837,-4.81123426191837
2026-07-14,0.0,5.600567686864228,-5.600567686864228
2026-07-15,0.0,5.562887976642117,-5.562887976642117
2026-07-16,0.0,2.865451288999766,-2.865451288999766
2026-07-17,0.0,4.519416487360042,-4.519416487360042
2026-07-18,0.0,1.9567807975092655,-1.9567807975092655
2026-07-19,0.0,4.053521144954142,-4.053521144954142
2026-07-20,0.0,0.0,0.0
