Timestamp,Grondwaterstand (m NAP)
2023-02-01 13:00:00,-3.5515
2023-02-01 14:00:00,-3.5523
2023-02-01 15:00:00,-3.5517
2023-02-01 16:00:00,-3.5508
2023-02-01 17:00:00,-3.5489
2023-02-01 18:00:00,-3.5431
2023-02-01 19:00:00,-3.5373
2023-02-01 20:00:00,-3.5315
2023-02-01 21:00:00,-3.5298
2023-02-01 22:00:00,-3.5250
2023-02-01 23:00:00,-3.5253
2023-02-02 00:00:00,-3.5222
2023-02-02 01:00:00,-3.5209
2023-02-02 02:00:00,-3.5205
2023-02-02 03:00:00,-3.5215
2023-02-02 04:00:00,-3.5203
2023-02-02 05:00:00,-3.5167
2023-02-02 06:00:00,-3.5174
2023-02-02 07:00:00,-3.5165
2023-02-02 08:00:00,-3.5136
2023-02-02 09:00:00,-3.5122
2023-02-02 10:00:00,-3.5118
2023-02-02 11:00:00,-3.5105
2023-02-02 12:00:00,-3.5081
2023-02-02 13:00:00,-3.5084
2023-02-02 14:00:00,-3.5085
2023-02-02 15:00:00,-3.5085
2023-02-02 16:00:00,-3.5082
2023-02-02 17:00:00,-3.5086
2023-02-02 18:00:00,-3.5092
2023-02-02 19:00:00,-3.5084
2023-02-02 20:00:00,-3.5088
2023-02-02 21:00:00,-3.5113
2023-02-02 22:00:00,-3.5098
2023-02-02 23:00:00,-3.5100
2023-02-03 00:00:00,-3.5094
2023-02-03 01:00:00,-3.5098
2023-02-03 02:00:00,-3.5081
2023-02-03 03:00:00,-3.5087
2023-02-03 04:00:00,-3.5073
2023-02-03 05:00:00,-3.5103
2023-02-03 06:00:00,-3.5116
2023-02-03 07:00:00,-3.5130
2023-02-03 08:00:00,-3.5138
2023-02-03 09:00:00,-3.5149
2023-02-03 10:00:00,-3.5108
2023-02-03 11:00:00,-3.5116
2023-02-03 12:00:00,-3.5100
2023-02-03 13:00:00,-3.5083
2023-02-03 14:00:00,-3.5064
2023-02-03 15:00:00,-3.5056
2023-02-03 16:00:00,-3.5075
2023-02-03 17:00:00,-3.5082
2023-02-03 18:00:00,-3.5091
2023-02-03 19:00:00,-3.5094
2023-02-03 20:00:00,-3.5100
2023-02-03 21:00:00,-3.5128
2023-02-03 22:00:00,-3.5123
2023-02-03 23:00:00,-3.5126
2023-02-04 00:00:00,-3.5131
2023-02-04 01:00:00,-3.5150
2023-02-04 02:00:00,-3.5143
2023-02-04 03:00:00,-3.5141
2023-02-04 04:00:00,-3.5148
2023-02-04 05:00:00,-3.5152
2023-02-04 06:00:00,-3.5146
2023-02-04 07:00:00,-3.5158
2023-02-04 08:00:00,-3.5163
2023-02-04 09:00:00,-3.5159
2023-02-04 10:00:00,-3.5150
2023-02-04 11:00:00,-3.5154
2023-02-04 12:00:00,-3.5152
2023-02-04 13:00:00,-3.5189
2023-02-04 14:00:00,-3.5185
2023-02-04 15:00:00,-3.5199
2023-02-04 16:00:00,-3.5197
2023-02-04 17:00:00,-3.5193
2023-02-04 18:00:00,-3.5205
2023-02-04 19:00:00,-3.5215
2023-02-04 20:00:00,-3.5208
2023-02-04 21:00:00,-3.5202
2023-02-04 22:00:00,-3.5205
2023-02-04 23:00:00,-3.5230
2023-02-05 00:00:00,-3.5231
2023-02-05 01:00:00,-3.5232
2023-02-05 02:00:00,-3.5240
2023-02-05 03:00:00,-3.5252
2023-02-05 04:00:00,-3.5268
2023-02-05 05:00:00,-3.5258
2023-02-05 06:00:00,-3.5240
2023-02-05 07:00:00,-3.5188
2023-02-05 08:00:00,-3.5199
2023-02-05 09:00:00,-3.5166
2023-02-05 10:00:00,-3.5182
2023-02-05 11:00:00,-3.5163
2023-02-05 12:00:00,-3.5132
2023-02-05 13:00:00,-3.5112
2023-02-05 14:00:00,-3.5094
2023-02-05 15:00:00,-3.5084
2023-02-05 16:00:00,-3.5071
2023-02-05 17:00:00,-3.5083
2023-02-05 18:00:00,-3.5096
2023-02-05 19:00:00,-3.5111
2023-02-05 20:00:00,-3.5146
2023-02-05 21:00:00,-3.5161
2023-02-05 22:00:00,-3.5184
2023-02-05 23:00:00,-3.5194
2023-02-06 00:00:00,-3.5198
2023-02-06 01:00:00,-3.5192
2023-02-06 02:00:00,-3.5195
2023-02-06 03:00:00,-3.5201
2023-02-06 04:00:00,-3.5232
2023-02-06 05:00:00,-3.5228
2023-02-06 06:00:00,-3.5226
2023-02-06 07:00:00,-3.5251
2023-02-06 08:00:00,-3.5268
2023-02-06 09:00:00,-3.5272
2023-02-06 10:00:00,-3.5285
2023-02-06 11:00:00,-3.5283
2023-02-06 12:00:00,-3.5277
2023-02-06 13:00:00,-3.5276
2023-02-06 14:00:00,-3.5285
2023-02-06 15:00:00,-3.5294
2023-02-06 16:00:00,-3.5290
2023-02-06 17:00:00,-3.5283
2023-02-06 18:00:00,-3.5300
2023-02-06 19:00:00,-3.5301
2023-02-06 20:00:00,-3.5308
2023-02-06 21:00:00,-3.5312
2023-02-06 22:00:00,-3.5327
2023-02-06 23:00:00,-3.5310
2023-02-07 00:00:00,-3.5332
2023-02-07 01:00:00,-3.5313
2023-02-07 02:00:00,-3.5325
2023-02-07 03:00:00,-3.5325
2023-02-07 04:00:00,-3.5330
2023-02-07 05:00:00,-3.5348
2023-02-07 06:00:00,-3.5336
2023-02-07 07:00:00,-3.5354
2023-02-07 08:00:00,-3.5370
2023-02-07 09:00:00,-3.5365
2023-02-07 10:00:00,-3.5373
2023-02-07 11:00:00,-3.5393
2023-02-07 12:00:00,-3.5396
2023-02-07 13:00:00,-3.5384
2023-02-07 14:00:00,-3.5390
2023-02-07 15:00:00,-3.5398
2023-02-07 16:00:00,-3.5395
2023-02-07 17:00:00,-3.5379
2023-02-07 18:00:00,-3.5364
2023-02-07 19:00:00,-3.5378
2023-02-07 20:00:00,-3.5367
2023-02-07 21:00:00,-3.5361
2023-02-07 22:00:00,-3.5356
2023-02-07 23:00:00,-3.5356
2023-02-08 00:00:00,-3.5343
2023-02-08 01:00:00,-3.5358
2023-02-08 02:00:00,-3.5373
2023-02-08 03:00:00,-3.5365
2023-02-08 04:00:00,-3.5376
2023-02-08 05:00:00,-3.5379
2023-02-08 06:00:00,-3.5387
2023-02-08 07:00:00,-3.5381
2023-02-08 08:00:00,-3.5391
2023-02-08 09:00:00,-3.5393
2023-02-08 10:00:00,-3.5417
2023-02-08 11:00:00,-3.5418
2023-02-08 12:00:00,-3.5414
2023-02-08 13:00:00,-3.5446
2023-02-08 14:00:00,-3.5437
2023-02-08 15:00:00,-3.5434
2023-02-08 16:00:00,-3.5433
2023-02-08 17:00:00,-3.5447
2023-02-08 18:00:00,-3.5423
2023-02-08 19:00:00,-3.5404
2023-02-08 20:00:00,-3.5390
2023-02-08 21:00:00,-3.5383
2023-02-08 22:00:00,-3.5385
2023-02-08 23:00:00,-3.5401
2023-02-09 00:00:00,-3.5416
2023-02-09 01:00:00,-3.5426
2023-02-09 02:00:00,-3.5429
2023-02-09 03:00:00,-3.5452
2023-02-09 04:00:00,-3.5452
2023-02-09 05:00:00,-3.5454
2023-02-09 06:00:00,-3.5479
2023-02-09 07:00:00,-3.5475
2023-02-09 08:00:00,-3.5493
2023-02-09 09:00:00,-3.5490
2023-02-09 10:00:00,-3.5499
2023-02-09 11:00:00,-3.5503
2023-02-09 12:00:00,-3.5513
2023-02-09 13:00:00,-3.5537
2023-02-09 14:00:00,-3.5533
2023-02-09 15:00:00,-3.5523
2023-02-09 16:00:00,-3.5510
2023-02-09 17:00:00,-3.5510
2023-02-09 18:00:00,-3.5505
2023-02-09 19:00:00,-3.5504
2023-02-09 20:00:00,-3.5497
2023-02-09 21:00:00,-3.5513
2023-02-09 22:00:00,-3.5500
2023-02-09 23:00:00,-3.5497
2023-02-10 00:00:00,-3.5513
2023-02-10 01:00:00,-3.5510
2023-02-10 02:00:00,-3.5528
2023-02-10 03:00:00,-3.5510
2023-02-10 04:00:00,-3.5518
2023-02-10 05:00:00,-3.5527
2023-02-10 06:00:00,-3.5529
2023-02-10 07:00:00,-3.5521
2023-02-10 08:00:00,-3.5504
2023-02-10 09:00:00,-3.5528
2023-02-10 10:00:00,-3.5557
2023-02-10 11:00:00,-3.5573
2023-02-10 12:00:00,-3.5577
2023-02-10 13:00:00,-3.5581
2023-02-10 14:00:00,-3.5553
2023-02-10 15:00:00,-3.5583
2023-02-10 16:00:00,-3.5576
2023-02-10 17:00:00,-3.5603
2023-02-10 18:00:00,-3.5602
2023-02-10 19:00:00,-3.5625
2023-02-10 20:00:00,-3.5609
2023-02-10 21:00:00,-3.5609
2023-02-10 22:00:00,-3.5579
2023-02-10 23:00:00,-3.5589
2023-02-11 00:00:00,-3.5593
2023-02-11 01:00:00,-3.5609
2023-02-11 02:00:00,-3.5575
2023-02-11 03:00:00,-3.5584
2023-02-11 04:00:00,-3.5579
2023-02-11 05:00:00,-3.5573
2023-02-11 06:00:00,-3.5583
2023-02-11 07:00:00,-3.5561
2023-02-11 08:00:00,-3.5591
2023-02-11 09:00:00,-3.5582
2023-02-11 10:00:00,-3.5580
2023-02-11 11:00:00,-3.5583
2023-02-11 12:00:00,-3.5571
2023-02-11 13:00:00,-3.5573
2023-02-11 14:00:00,-3.5589
2023-02-11 15:00:00,-3.5590
2023-02-11 16:00:00,-3.5584
2023-02-11 17:00:00,-3.5583
2023-02-11 18:00:00,-3.5598
2023-02-11 19:00:00,-3.5596
2023-02-11 20:00:00,-3.5587
2023-02-11 21:00:00,-3.5599
2023-02-11 22:00:00,-3.5602
2023-02-11 23:00:00,-3.5626
2023-02-12 00:00:00,-3.5631
2023-02-12 01:00:00,-3.5625
2023-02-12 02:00:00,-3.5622
2023-02-12 03:00:00,-3.5620
2023-02-12 04:00:00,-3.5618
2023-02-12 05:00:00,-3.5635
2023-02-12 06:00:00,-3.5625
2023-02-12 07:00:00,-3.5630
2023-02-12 08:00:00,-3.5625
2023-02-12 09:00:00,-3.5634
2023-02-12 10:00:00,-3.5635
2023-02-12 11:00:00,-3.5639
2023-02-12 12:00:00,-3.5646
2023-02-12 13:00:00,-3.5654
2023-02-12 14:00:00,-3.5643
2023-02-12 15:00:00,-3.5650
2023-02-12 16:00:00,-3.5652
2023-02-12 17:00:00,-3.5651
2023-02-12 18:00:00,-3.5649
2023-02-12 19:00:00,-3.5638
2023-02-12 20:00:00,-3.5637
2023-02-12 21:00:00,-3.5639
2023-02-12 22:00:00,-3.5640
2023-02-12 23:00:00,-3.5652
2023-02-13 00:00:00,-3.5642
2023-02-13 01:00:00,-3.5626
2023-02-13 02:00:00,-3.5622
2023-02-13 03:00:00,-3.5626
2023-02-13 04:00:00,-3.5629
2023-02-13 05:00:00,-3.5624
2023-02-13 06:00:00,-3.5618
2023-02-13 07:00:00,-3.5625
2023-02-13 08:00:00,-3.5622
2023-02-13 09:00:00,-3.5613
2023-02-13 10:00:00,-3.5611
2023-02-13 11:00:00,-3.5632
2023-02-13 12:00:00,-3.5640
2023-02-13 13:00:00,-3.5646
2023-02-13 14:00:00,-3.5646
2023-02-13 15:00:00,-3.5648
2023-02-13 16:00:00,-3.5598
2023-02-13 17:00:00,-3.5626
2023-02-13 18:00:00,-3.5616
2023-02-13 19:00:00,-3.5614
2023-02-13 20:00:00,-3.5593
2023-02-13 21:00:00,-3.5602
2023-02-13 22:00:00,-3.5598
2023-02-13 23:00:00,-3.5617
2023-02-14 00:00:00,-3.5627
2023-02-14 01:00:00,-3.5631
2023-02-14 02:00:00,-3.5615
2023-02-14 03:00:00,-3.5623
2023-02-14 04:00:00,-3.5619
2023-02-14 05:00:00,-3.5625
2023-02-14 06:00:00,-3.5624
2023-02-14 07:00:00,-3.5626
2023-02-14 08:00:00,-3.5636
2023-02-14 09:00:00,-3.5643
2023-02-14 10:00:00,-3.5654
2023-02-14 11:00:00,-3.5654
2023-02-14 12:00:00,-3.5655
2023-02-14 13:00:00,-3.5647
2023-02-14 14:00:00,-3.5659
2023-02-14 15:00:00,-3.5671
2023-02-14 16:00:00,-3.5661
2023-02-14 17:00:00,-3.5661
2023-02-14 18:00:00,-3.5651
2023-02-14 19:00:00,-3.5632
2023-02-14 20:00:00,-3.5635
2023-02-14 21:00:00,-3.5638
2023-02-14 22:00:00,-3.5624
2023-02-14 23:00:00,-3.5623
2023-02-15 00:00:00,-3.5630
2023-02-15 01:00:00,-3.5626
2023-02-15 02:00:00,-3.5636
2023-02-15 03:00:00,-3.5631
2023-02-15 04:00:00,-3.5616
2023-02-15 05:00:00,-3.5620
2023-02-15 06:00:00,-3.5632
2023-02-15 07:00:00,-3.5627
2023-02-15 08:00:00,-3.5624
2023-02-15 09:00:00,-3.5614
2023-02-15 10:00:00,-3.5631
2023-02-15 11:00:00,-3.5636
2023-02-15 12:00:00,-3.5632
2023-02-15 13:00:00,-3.5662
2023-02-15 14:00:00,-3.5664
2023-02-15 15:00:00,-3.5649
2023-02-15 16:00:00,-3.5648
2023-02-15 17:00:00,-3.5657
2023-02-15 18:00:00,-3.5653
2023-02-15 19:00:00,-3.5631
2023-02-15 20:00:00,-3.5643
2023-02-15 21:00:00,-3.5654
2023-02-15 22:00:00,-3.5662
2023-02-15 23:00:00,-3.5650
2023-02-16 00:00:00,-3.5652
2023-02-16 01:00:00,-3.5659
2023-02-16 02:00:00,-3.5663
2023-02-16 03:00:00,-3.5661
2023-02-16 04:00:00,-3.5667
2023-02-16 05:00:00,-3.5667
2023-02-16 06:00:00,-3.5667
2023-02-16 07:00:00,-3.5675
2023-02-16 08:00:00,-3.5662
2023-02-16 09:00:00,-3.5672
2023-02-16 10:00:00,-3.5673
2023-02-16 11:00:00,-3.5687
2023-02-16 12:00:00,-3.5672
2023-02-16 13:00:00,-3.5676
2023-02-16 14:00:00,-3.5695
2023-02-16 15:00:00,-3.5712
2023-02-16 16:00:00,-3.5699
2023-02-16 17:00:00,-3.5690
2023-02-16 18:00:00,-3.5696
2023-02-16 19:00:00,-3.5685
2023-02-16 20:00:00,-3.5668
2023-02-16 21:00:00,-3.5656
2023-02-16 22:00:00,-3.5635
2023-02-16 23:00:00,-3.5619
2023-02-17 00:00:00,-3.5596
2023-02-17 01:00:00,-3.5577
2023-02-17 02:00:00,-3.5557
2023-02-17 03:00:00,-3.5546
2023-02-17 04:00:00,-3.5551
2023-02-17 05:00:00,-3.5584
2023-02-17 06:00:00,-3.5582
2023-02-17 07:00:00,-3.5582
2023-02-17 08:00:00,-3.5598
2023-02-17 09:00:00,-3.5594
2023-02-17 10:00:00,-3.5571
2023-02-17 11:00:00,-3.5622
2023-02-17 12:00:00,-3.5591
2023-02-17 13:00:00,-3.5615
2023-02-17 14:00:00,-3.5664
2023-02-17 15:00:00,-3.5639
2023-02-17 16:00:00,-3.5619
2023-02-17 17:00:00,-3.5597
2023-02-17 18:00:00,-3.5559
2023-02-17 19:00:00,-3.5521
2023-02-17 20:00:00,-3.5543
2023-02-17 21:00:00,-3.5543
2023-02-17 22:00:00,-3.5546
2023-02-17 23:00:00,-3.5533
2023-02-18 00:00:00,-3.5536
2023-02-18 01:00:00,-3.5548
2023-02-18 02:00:00,-3.5538
2023-02-18 03:00:00,-3.5547
2023-02-18 04:00:00,-3.5559
2023-02-18 05:00:00,-3.5569
2023-02-18 06:00:00,-3.5582
2023-02-18 07:00:00,-3.5592
2023-02-18 08:00:00,-3.5606
2023-02-18 09:00:00,-3.5627
2023-02-18 10:00:00,-3.5630
2023-02-18 11:00:00,-3.5632
2023-02-18 12:00:00,-3.5628
2023-02-18 13:00:00,-3.5609
2023-02-18 14:00:00,-3.5604
2023-02-18 15:00:00,-3.5591
2023-02-18 16:00:00,-3.5591
2023-02-18 17:00:00,-3.5565
2023-02-18 18:00:00,-3.5562
2023-02-18 19:00:00,-3.5561
2023-02-18 20:00:00,-3.5564
2023-02-18 21:00:00,-3.5550
2023-02-18 22:00:00,-3.5544
2023-02-18 23:00:00,-3.5540
2023-02-19 00:00:00,-3.5542
2023-02-19 01:00:00,-3.5561
2023-02-19 02:00:00,-3.5543
2023-02-19 03:00:00,-3.5534
2023-02-19 04:00:00,-3.5535
2023-02-19 05:00:00,-3.5529
2023-02-19 06:00:00,-3.5509
2023-02-19 07:00:00,-3.5506
2023-02-19 08:00:00,-3.5494
2023-02-19 09:00:00,-3.5470
2023-02-19 10:00:00,-3.5436
2023-02-19 11:00:00,-3.5405
2023-02-19 12:00:00,-3.5370
2023-02-19 13:00:00,-3.5370
2023-02-19 14:00:00,-3.5404
2023-02-19 15:00:00,-3.5414
2023-02-19 16:00:00,-3.5424
2023-02-19 17:00:00,-3.5394
2023-02-19 18:00:00,-3.5417
2023-02-19 19:00:00,-3.5421
2023-02-19 20:00:00,-3.5458
2023-02-19 21:00:00,-3.5458
2023-02-19 22:00:00,-3.5459
2023-02-19 23:00:00,-3.5456
2023-02-20 00:00:00,-3.5470
2023-02-20 01:00:00,-3.5437
2023-02-20 02:00:00,-3.5461
2023-02-20 03:00:00,-3.5482
2023-02-20 04:00:00,-3.5470
2023-02-20 05:00:00,-3.5502
2023-02-20 06:00:00,-3.5515
2023-02-20 07:00:00,-3.5524
2023-02-20 08:00:00,-3.5536
2023-02-20 09:00:00,-3.5535
2023-02-20 10:00:00,-3.5543
2023-02-20 11:00:00,-3.5584
2023-02-20 12:00:00,-3.5596
2023-02-20 13:00:00,-3.5576
2023-02-20 14:00:00,-3.5616
2023-02-20 15:00:00,-3.5586
2023-02-20 16:00:00,-3.5556
2023-02-20 17:00:00,-3.5570
2023-02-20 18:00:00,-3.5592
2023-02-20 19:00:00,-3.5595
2023-02-20 20:00:00,-3.5580
2023-02-20 21:00:00,-3.5567
2023-02-20 22:00:00,-3.5570
2023-02-20 23:00:00,-3.5579
2023-02-21 00:00:00,-3.5564
2023-02-21 01:00:00,-3.5559
2023-02-21 02:00:00,-3.5552
2023-02-21 03:00:00,-3.5559
2023-02-21 04:00:00,-3.5553
2023-02-21 05:00:00,-3.5559
2023-02-21 06:00:00,-3.5536
2023-02-21 07:00:00,-3.5538
2023-02-21 08:00:00,-3.5534
2023-02-21 09:00:00,-3.5530
2023-02-21 10:00:00,-3.5519
2023-02-21 11:00:00,-3.5526
2023-02-21 12:00:00,-3.5525
2023-02-21 13:00:00,-3.5520
2023-02-21 14:00:00,-3.5521
2023-02-21 15:00:00,-3.5508
2023-02-21 16:00:00,-3.5508
2023-02-21 17:00:00,-3.5511
2023-02-21 18:00:00,-3.5515
2023-02-21 19:00:00,-3.5516
2023-02-21 20:00:00,-3.5513
2023-02-21 21:00:00,-3.5513
2023-02-21 22:00:00,-3.5509
2023-02-21 23:00:00,-3.5511
2023-02-22 00:00:00,-3.5508
2023-02-22 01:00:00,-3.5518
2023-02-22 02:00:00,-3.5504
2023-02-22 03:00:00,-3.5514
2023-02-22 04:00:00,-3.5511
2023-02-22 05:00:00,-3.5495
2023-02-22 06:00:00,-3.5477
2023-02-22 07:00:00,-3.5492
2023-02-22 08:00:00,-3.5490
2023-02-22 09:00:00,-3.5488
2023-02-22 10:00:00,-3.5493
2023-02-22 11:00:00,-3.5498
2023-02-22 12:00:00,-3.5511
2023-02-22 13:00:00,-3.5502
2023-02-22 14:00:00,-3.5519
2023-02-22 15:00:00,-3.5505
2023-02-22 16:00:00,-3.5505
2023-02-22 17:00:00,-3.5516
2023-02-22 18:00:00,-3.5503
2023-02-22 19:00:00,-3.5510
2023-02-22 20:00:00,-3.5512
2023-02-22 21:00:00,-3.5516
2023-02-22 22:00:00,-3.5521
2023-02-22 23:00:00,-3.5501
2023-02-23 00:00:00,-3.5512
2023-02-23 01:00:00,-3.5510
2023-02-23 02:00:00,-3.5512
2023-02-23 03:00:00,-3.5517
2023-02-23 04:00:00,-3.5503
2023-02-23 05:00:00,-3.5503
2023-02-23 06:00:00,-3.5517
2023-02-23 07:00:00,-3.5504
2023-02-23 08:00:00,-3.5520
2023-02-23 09:00:00,-3.5518
2023-02-23 10:00:00,-3.5536
2023-02-23 11:00:00,-3.5537
2023-02-23 12:00:00,-3.5526
2023-02-23 13:00:00,-3.5514
2023-02-23 14:00:00,-3.5515
2023-02-23 15:00:00,-3.5492
2023-02-23 16:00:00,-3.5469
2023-02-23 17:00:00,-3.5480
2023-02-23 18:00:00,-3.5487
2023-02-23 19:00:00,-3.5498
2023-02-23 20:00:00,-3.5504
2023-02-23 21:00:00,-3.5535
2023-02-23 22:00:00,-3.5542
2023-02-23 23:00:00,-3.5554
2023-02-24 00:00:00,-3.5565
2023-02-24 01:00:00,-3.5591
2023-02-24 02:00:00,-3.5587
2023-02-24 03:00:00,-3.5601
2023-02-24 04:00:00,-3.5590
2023-02-24 05:00:00,-3.5599
2023-02-24 06:00:00,-3.5597
2023-02-24 07:00:00,-3.5599
2023-02-24 08:00:00,-3.5612
2023-02-24 09:00:00,-3.5603
2023-02-24 10:00:00,-3.5583
2023-02-24 11:00:00,-3.5580
2023-02-24 12:00:00,-3.5551
2023-02-24 13:00:00,-3.5507
2023-02-24 14:00:00,-3.5470
2023-02-24 15:00:00,-3.5446
2023-02-24 16:00:00,-3.5427
2023-02-24 17:00:00,-3.5418
2023-02-24 18:00:00,-3.5390
2023-02-24 19:00:00,-3.5358
2023-02-24 20:00:00,-3.5365
2023-02-24 21:00:00,-3.5354
2023-02-24 22:00:00,-3.5340
2023-02-24 23:00:00,-3.5343
2023-02-25 00:00:00,-3.5346
2023-02-25 01:00:00,-3.5320
2023-02-25 02:00:00,-3.5354
2023-02-25 03:00:00,-3.5326
2023-02-25 04:00:00,-3.5328
2023-02-25 05:00:00,-3.5330
2023-02-25 06:00:00,-3.5326
2023-02-25 07:00:00,-3.5328
2023-02-25 08:00:00,-3.5329
2023-02-25 09:00:00,-3.5324
2023-02-25 10:00:00,-3.5308
2023-02-25 11:00:00,-3.5307
2023-02-25 12:00:00,-3.5282
2023-02-25 13:00:00,-3.5279
2023-02-25 14:00:00,-3.5288
2023-02-25 15:00:00,-3.5282
2023-02-25 16:00:00,-3.5279
2023-02-25 17:00:00,-3.5294
2023-02-25 18:00:00,-3.5312
2023-02-25 19:00:00,-3.5332
2023-02-25 20:00:00,-3.5366
2023-02-25 21:00:00,-3.5381
2023-02-25 22:00:00,-3.5399
2023-02-25 23:00:00,-3.5422
2023-02-26 00:00:00,-3.5434
2023-02-26 01:00:00,-3.5455
2023-02-26 02:00:00,-3.5428
2023-02-26 03:00:00,-3.5439
2023-02-26 04:00:00,-3.5451
2023-02-26 05:00:00,-3.5464
2023-02-26 06:00:00,-3.5464
2023-02-26 07:00:00,-3.5467
2023-02-26 08:00:00,-3.5469
2023-02-26 09:00:00,-3.5471
2023-02-26 10:00:00,-3.5511
2023-02-26 11:00:00,-3.5519
2023-02-26 12:00:00,-3.5534
2023-02-26 13:00:00,-3.5557
2023-02-26 14:00:00,-3.5562
2023-02-26 15:00:00,-3.5549
2023-02-26 16:00:00,-3.5539
2023-02-26 17:00:00,-3.5544
2023-02-26 18:00:00,-3.5561
2023-02-26 19:00:00,-3.5557
2023-02-26 20:00:00,-3.5588
2023-02-26 21:00:00,-3.5600
2023-02-26 22:00:00,-3.5615
2023-02-26 23:00:00,-3.5629
2023-02-27 00:00:00,-3.5632
2023-02-27 01:00:00,-3.5640
2023-02-27 02:00:00,-3.5645
2023-02-27 03:00:00,-3.5656
2023-02-27 04:00:00,-3.5660
2023-02-27 05:00:00,-3.5663
2023-02-27 06:00:00,-3.5653
2023-02-27 07:00:00,-3.5652
2023-02-27 08:00:00,-3.5668
2023-02-27 09:00:00,-3.5677
2023-02-27 10:00:00,-3.5675
2023-02-27 11:00:00,-3.5669
2023-02-27 12:00:00,-3.5667
2023-02-27 13:00:00,-3.5683
2023-02-27 14:00:00,-3.5678
2023-02-27 15:00:00,-3.5668
2023-02-27 17:00:00,-3.5698
2023-02-27 18:00:00,-3.5680
2023-02-27 19:00:00,-3.5750
2023-02-27 20:00:00,-3.5793
2023-02-27 21:00:00,-3.5765
2023-02-27 22:00:00,-3.5762
2023-02-27 23:00:00,-3.5773
2023-02-28 00:00:00,-3.5792
2023-02-28 01:00:00,-3.5821
2023-02-28 02:00:00,-3.5834
2023-02-28 03:00:00,-3.5829
2023-02-28 04:00:00,-3.5842
2023-02-28 05:00:00,-3.5859
2023-02-28 06:00:00,-3.5889
2023-02-28 07:00:00,-3.5891
2023-02-28 08:00:00,-3.5894
2023-02-28 09:00:00,-3.5870
2023-02-28 10:00:00,-3.5855
2023-02-28 11:00:00,-3.5846
2023-02-28 12:00:00,-3.5828
2023-02-28 13:00:00,-3.5815
2023-02-28 14:00:00,-3.5797
2023-02-28 15:00:00,-3.5771
2023-02-28 16:00:00,-3.5746
2023-02-28 17:00:00,-3.5740
2023-02-28 18:00:00,-3.5755
2023-02-28 19:00:00,-3.5744
2023-02-28 20:00:00,-3.5741
2023-02-28 21:00:00,-3.5760
2023-02-28 22:00:00,-3.5767
2023-02-28 23:00:00,-3.5767
2023-03-01 00:00:00,-3.5777
2023-03-01 01:00:00,-3.5766
2023-03-01 02:00:00,-3.5779
2023-03-01 03:00:00,-3.5772
2023-03-01 04:00:00,-3.5773
2023-03-01 05:00:00,-3.5782
2023-03-01 06:00:00,-3.5789
2023-03-01 07:00:00,-3.5784
2023-03-01 08:00:00,-3.5788
2023-03-01 09:00:00,-3.5762
2023-03-01 10:00:00,-3.5781
2023-03-01 11:00:00,-3.5769
2023-03-01 12:00:00,-3.5748
2023-03-01 13:00:00,-3.5759
2023-03-01 14:00:00,-3.5745
2023-03-01 15:00:00,-3.5731
2023-03-01 16:00:00,-3.5716
2023-03-01 17:00:00,-3.5707
2023-03-01 18:00:00,-3.5712
2023-03-01 19:00:00,-3.5716
2023-03-01 20:00:00,-3.5716
2023-03-01 21:00:00,-3.5716
2023-03-01 22:00:00,-3.5734
2023-03-01 23:00:00,-3.5721
2023-03-02 00:00:00,-3.5724
2023-03-02 01:00:00,-3.5723
2023-03-02 02:00:00,-3.5706
2023-03-02 03:00:00,-3.5693
2023-03-02 04:00:00,-3.5699
2023-03-02 05:00:00,-3.5696
2023-03-02 06:00:00,-3.5681
2023-03-02 07:00:00,-3.5697
2023-03-02 08:00:00,-3.5692
2023-03-02 09:00:00,-3.5700
2023-03-02 10:00:00,-3.5700
2023-03-02 11:00:00,-3.5690
2023-03-02 12:00:00,-3.5685
2023-03-02 13:00:00,-3.5683
2023-03-02 14:00:00,-3.5703
2023-03-02 15:00:00,-3.5713
2023-03-02 16:00:00,-3.5727
2023-03-02 17:00:00,-3.5729
2023-03-02 18:00:00,-3.5731
2023-03-02 19:00:00,-3.5717
2023-03-02 20:00:00,-3.5718
2023-03-02 21:00:00,-3.5729
2023-03-02 22:00:00,-3.5732
2023-03-02 23:00:00,-3.5741
2023-03-03 00:00:00,-3.5748
2023-03-03 01:00:00,-3.5761
2023-03-03 02:00:00,-3.5769
2023-03-03 03:00:00,-3.5773
2023-03-03 04:00:00,-3.5798
2023-03-03 05:00:00,-3.5803
2023-03-03 06:00:00,-3.5814
2023-03-03 07:00:00,-3.5820
2023-03-03 08:00:00,-3.5823
2023-03-03 09:00:00,-3.5833
2023-03-03 10:00:00,-3.5834
2023-03-03 11:00:00,-3.5847
2023-03-03 12:00:00,-3.5844
2023-03-03 13:00:00,-3.5841
2023-03-03 14:00:00,-3.5830
2023-03-03 15:00:00,-3.5836
2023-03-03 16:00:00,-3.5848
2023-03-03 17:00:00,-3.5791
2023-03-03 18:00:00,-3.5750
2023-03-03 19:00:00,-3.5760
2023-03-03 20:00:00,-3.5764
2023-03-03 21:00:00,-3.5777
2023-03-03 22:00:00,-3.5768
2023-03-03 23:00:00,-3.5763
2023-03-04 00:00:00,-3.5758
2023-03-04 01:00:00,-3.5763
2023-03-04 02:00:00,-3.5774
2023-03-04 03:00:00,-3.5764
2023-03-04 04:00:00,-3.5768
2023-03-04 05:00:00,-3.5770
2023-03-04 06:00:00,-3.5773
2023-03-04 07:00:00,-3.5777
2023-03-04 08:00:00,-3.5791
2023-03-04 09:00:00,-3.5790
2023-03-04 10:00:00,-3.5796
2023-03-04 11:00:00,-3.5792
2023-03-04 12:00:00,-3.5776
2023-03-04 13:00:00,-3.5757
2023-03-04 14:00:00,-3.5737
2023-03-04 15:00:00,-3.5742
2023-03-04 16:00:00,-3.5736
2023-03-04 17:00:00,-3.5748
2023-03-04 18:00:00,-3.5760
2023-03-04 19:00:00,-3.5766
2023-03-04 20:00:00,-3.5754
2023-03-04 21:00:00,-3.5764
2023-03-04 22:00:00,-3.5776
2023-03-04 23:00:00,-3.5781
2023-03-05 00:00:00,-3.5793
2023-03-05 01:00:00,-3.5750
2023-03-05 02:00:00,-3.5727
2023-03-05 03:00:00,-3.5712
2023-03-05 04:00:00,-3.5718
2023-03-05 05:00:00,-3.5726
2023-03-05 06:00:00,-3.5718
2023-03-05 07:00:00,-3.5705
2023-03-05 08:00:00,-3.5689
2023-03-05 09:00:00,-3.5694
2023-03-05 10:00:00,-3.5689
2023-03-05 11:00:00,-3.5685
2023-03-05 12:00:00,-3.5667
2023-03-05 13:00:00,-3.5650
2023-03-05 14:00:00,-3.5633
2023-03-05 15:00:00,-3.5645
2023-03-05 16:00:00,-3.5617
2023-03-05 17:00:00,-3.5620
2023-03-05 18:00:00,-3.5617
2023-03-05 19:00:00,-3.5615
2023-03-05 20:00:00,-3.5605
2023-03-05 21:00:00,-3.5605
2023-03-05 22:00:00,-3.5599
2023-03-05 23:00:00,-3.5574
2023-03-06 00:00:00,-3.5558
2023-03-06 01:00:00,-3.5572
2023-03-06 02:00:00,-3.5579
2023-03-06 03:00:00,-3.5560
2023-03-06 04:00:00,-3.5567
2023-03-06 05:00:00,-3.5564
2023-03-06 06:00:00,-3.5517
2023-03-06 07:00:00,-3.5509
2023-03-06 08:00:00,-3.5510
2023-03-06 09:00:00,-3.5494
2023-03-06 10:00:00,-3.5504
2023-03-06 11:00:00,-3.5507
2023-03-06 12:00:00,-3.5511
2023-03-06 13:00:00,-3.5520
2023-03-06 14:00:00,-3.5509
2023-03-06 15:00:00,-3.5531
2023-03-06 16:00:00,-3.5530
2023-03-06 17:00:00,-3.5541
2023-03-06 18:00:00,-3.5580
2023-03-06 19:00:00,-3.5601
2023-03-06 20:00:00,-3.5590
2023-03-06 21:00:00,-3.5585
2023-03-06 22:00:00,-3.5566
2023-03-06 23:00:00,-3.5509
2023-03-07 00:00:00,-3.5453
2023-03-07 01:00:00,-3.5403
2023-03-07 02:00:00,-3.5351
2023-03-07 03:00:00,-3.5329
2023-03-07 04:00:00,-3.5274
2023-03-07 05:00:00,-3.5246
2023-03-07 06:00:00,-3.5239
2023-03-07 07:00:00,-3.5204
2023-03-07 08:00:00,-3.5199
2023-03-07 09:00:00,-3.5191
2023-03-07 10:00:00,-3.5182
2023-03-07 11:00:00,-3.5180
2023-03-07 12:00:00,-3.5149
2023-03-07 13:00:00,-3.5123
2023-03-07 14:00:00,-3.5118
2023-03-07 15:00:00,-3.5097
2023-03-07 16:00:00,-3.5053
2023-03-07 17:00:00,-3.4998
2023-03-07 18:00:00,-3.4961
2023-03-07 19:00:00,-3.4987
2023-03-07 20:00:00,-3.4973
2023-03-07 21:00:00,-3.4958
2023-03-07 22:00:00,-3.4953
2023-03-07 23:00:00,-3.4944
2023-03-08 00:00:00,-3.4928
2023-03-08 01:00:00,-3.4909
2023-03-08 02:00:00,-3.4880
2023-03-08 03:00:00,-3.4843
2023-03-08 04:00:00,-3.4850
2023-03-08 05:00:00,-3.4808
2023-03-08 06:00:00,-3.4806
2023-03-08 07:00:00,-3.4786
2023-03-08 08:00:00,-3.4780
2023-03-08 09:00:00,-3.4750
2023-03-08 10:00:00,-3.4752
2023-03-08 11:00:00,-3.4745
2023-03-08 12:00:00,-3.4733
2023-03-08 13:00:00,-3.4699
2023-03-08 14:00:00,-3.4702
2023-03-08 15:00:00,-3.4643
2023-03-08 16:00:00,-3.4589
2023-03-08 17:00:00,-3.4546
2023-03-08 18:00:00,-3.4497
2023-03-08 19:00:00,-3.4472
2023-03-08 20:00:00,-3.4434
2023-03-08 21:00:00,-3.4429
2023-03-08 22:00:00,-3.4392
2023-03-08 23:00:00,-3.4382
2023-03-09 00:00:00,-3.4368
2023-03-09 01:00:00,-3.4337
2023-03-09 02:00:00,-3.4359
2023-03-09 03:00:00,-3.4358
2023-03-09 04:00:00,-3.4371
2023-03-09 05:00:00,-3.4401
2023-03-09 06:00:00,-3.4398
2023-03-09 07:00:00,-3.4414
2023-03-09 08:00:00,-3.4440
2023-03-09 09:00:00,-3.4459
2023-03-09 10:00:00,-3.4458
2023-03-09 11:00:00,-3.4478
2023-03-09 12:00:00,-3.4481
2023-03-09 13:00:00,-3.4468
2023-03-09 14:00:00,-3.4480
2023-03-09 15:00:00,-3.4477
2023-03-09 16:00:00,-3.4485
2023-03-09 17:00:00,-3.4485
2023-03-09 18:00:00,-3.4447
2023-03-09 19:00:00,-3.4384
2023-03-09 20:00:00,-3.4347
2023-03-09 21:00:00,-3.4293
2023-03-09 22:00:00,-3.4269
2023-03-09 23:00:00,-3.4172
2023-03-10 00:00:00,-3.4119
2023-03-10 01:00:00,-3.4042
2023-03-10 02:00:00,-3.3975
2023-03-10 03:00:00,-3.3925
2023-03-10 04:00:00,-3.3865
2023-03-10 05:00:00,-3.3823
2023-03-10 06:00:00,-3.3777
2023-03-10 07:00:00,-3.3729
2023-03-10 08:00:00,-3.3701
2023-03-10 09:00:00,-3.3636
2023-03-10 10:00:00,-3.3592
2023-03-10 11:00:00,-3.3558
2023-03-10 12:00:00,-3.3531
2023-03-10 13:00:00,-3.3466
2023-03-10 14:00:00,-3.3453
2023-03-10 15:00:00,-3.3405
2023-03-10 16:00:00,-3.3328
2023-03-10 17:00:00,-3.3352
2023-03-10 18:00:00,-3.3357
2023-03-10 19:00:00,-3.3397
2023-03-10 20:00:00,-3.3392
2023-03-10 21:00:00,-3.3409
2023-03-10 22:00:00,-3.3437
2023-03-10 23:00:00,-3.3468
2023-03-11 00:00:00,-3.3488
2023-03-11 01:00:00,-3.3509
2023-03-11 02:00:00,-3.3548
2023-03-11 03:00:00,-3.3583
2023-03-11 04:00:00,-3.3598
2023-03-11 05:00:00,-3.3639
2023-03-11 06:00:00,-3.3661
2023-03-11 07:00:00,-3.3694
2023-03-11 08:00:00,-3.3724
2023-03-11 09:00:00,-3.3752
2023-03-11 10:00:00,-3.3785
2023-03-11 11:00:00,-3.3793
2023-03-11 12:00:00,-3.3818
2023-03-11 13:00:00,-3.3803
2023-03-11 14:00:00,-3.3822
2023-03-11 15:00:00,-3.3820
2023-03-11 16:00:00,-3.3791
2023-03-11 17:00:00,-3.3788
2023-03-11 18:00:00,-3.3771
2023-03-11 19:00:00,-3.3787
2023-03-11 20:00:00,-3.3799
2023-03-11 21:00:00,-3.3837
2023-03-11 22:00:00,-3.3845
2023-03-11 23:00:00,-3.3862
2023-03-12 00:00:00,-3.3880
2023-03-12 01:00:00,-3.3905
2023-03-12 02:00:00,-3.3917
2023-03-12 03:00:00,-3.3936
2023-03-12 04:00:00,-3.3957
2023-03-12 05:00:00,-3.3976
2023-03-12 06:00:00,-3.3975
2023-03-12 07:00:00,-3.4001
2023-03-12 08:00:00,-3.4011
2023-03-12 09:00:00,-3.4040
2023-03-12 10:00:00,-3.4097
2023-03-12 11:00:00,-3.4106
2023-03-12 12:00:00,-3.4136
2023-03-12 13:00:00,-3.4134
2023-03-12 14:00:00,-3.4177
2023-03-12 15:00:00,-3.4186
2023-03-12 16:00:00,-3.4172
2023-03-12 17:00:00,-3.4219
2023-03-12 18:00:00,-3.4256
2023-03-12 19:00:00,-3.4265
2023-03-12 20:00:00,-3.4278
2023-03-12 21:00:00,-3.4308
2023-03-12 22:00:00,-3.4340
2023-03-12 23:00:00,-3.4370
2023-03-13 00:00:00,-3.4347
2023-03-13 01:00:00,-3.4356
2023-03-13 02:00:00,-3.4363
2023-03-13 03:00:00,-3.4378
2023-03-13 04:00:00,-3.4376
2023-03-13 05:00:00,-3.4347
2023-03-13 06:00:00,-3.4361
2023-03-13 07:00:00,-3.4405
2023-03-13 08:00:00,-3.4425
2023-03-13 09:00:00,-3.4421
2023-03-13 10:00:00,-3.4457
2023-03-13 11:00:00,-3.4489
2023-03-13 12:00:00,-3.4518
2023-03-13 13:00:00,-3.4514
2023-03-13 14:00:00,-3.4590
2023-03-13 15:00:00,-3.4615
2023-03-13 16:00:00,-3.4660
2023-03-13 17:00:00,-3.4650
2023-03-13 18:00:00,-3.4681
2023-03-13 19:00:00,-3.4668
2023-03-13 20:00:00,-3.4567
2023-03-13 21:00:00,-3.4533
2023-03-13 22:00:00,-3.4513
2023-03-13 23:00:00,-3.4490
2023-03-14 00:00:00,-3.4487
2023-03-14 01:00:00,-3.4479
2023-03-14 02:00:00,-3.4479
2023-03-14 03:00:00,-3.4495
2023-03-14 04:00:00,-3.4494
2023-03-14 05:00:00,-3.4514
2023-03-14 06:00:00,-3.4489
2023-03-14 07:00:00,-3.4474
2023-03-14 08:00:00,-3.4351
2023-03-14 09:00:00,-3.4207
2023-03-14 10:00:00,-3.4167
2023-03-14 11:00:00,-3.4128
2023-03-14 12:00:00,-3.4122
2023-03-14 13:00:00,-3.4114
2023-03-14 14:00:00,-3.4117
2023-03-14 15:00:00,-3.4130
2023-03-14 16:00:00,-3.4150
2023-03-14 17:00:00,-3.4169
2023-03-14 18:00:00,-3.4193
2023-03-14 19:00:00,-3.4227
2023-03-14 20:00:00,-3.4249
2023-03-14 21:00:00,-3.4264
2023-03-14 22:00:00,-3.4279
2023-03-14 23:00:00,-3.4277
2023-03-15 00:00:00,-3.4305
2023-03-15 01:00:00,-3.4316
2023-03-15 02:00:00,-3.4300
2023-03-15 03:00:00,-3.4283
2023-03-15 04:00:00,-3.4294
2023-03-15 05:00:00,-3.4282
2023-03-15 06:00:00,-3.4294
2023-03-15 07:00:00,-3.4312
2023-03-15 08:00:00,-3.4312
2023-03-15 09:00:00,-3.4372
2023-03-15 10:00:00,-3.4384
2023-03-15 11:00:00,-3.4417
2023-03-15 12:00:00,-3.4413
2023-03-15 13:00:00,-3.4412
2023-03-15 14:00:00,-3.4428
2023-03-15 15:00:00,-3.4460
2023-03-15 16:00:00,-3.4466
2023-03-15 17:00:00,-3.4471
2023-03-15 18:00:00,-3.4476
2023-03-15 19:00:00,-3.4491
2023-03-15 20:00:00,-3.4469
2023-03-15 21:00:00,-3.4478
2023-03-15 22:00:00,-3.4492
2023-03-15 23:00:00,-3.4518
2023-03-16 00:00:00,-3.4537
2023-03-16 01:00:00,-3.4540
2023-03-16 02:00:00,-3.4550
2023-03-16 03:00:00,-3.4548
2023-03-16 04:00:00,-3.4576
2023-03-16 05:00:00,-3.4592
2023-03-16 06:00:00,-3.4607
2023-03-16 07:00:00,-3.4607
2023-03-16 08:00:00,-3.4624
2023-03-16 09:00:00,-3.4629
2023-03-16 10:00:00,-3.4615
2023-03-16 11:00:00,-3.4645
2023-03-16 12:00:00,-3.4652
2023-03-16 13:00:00,-3.4659
2023-03-16 14:00:00,-3.4658
2023-03-16 15:00:00,-3.4674
2023-03-16 16:00:00,-3.4695
2023-03-16 17:00:00,-3.4712
2023-03-16 18:00:00,-3.4713
2023-03-16 19:00:00,-3.4709
2023-03-16 20:00:00,-3.4708
2023-03-16 21:00:00,-3.4704
2023-03-16 22:00:00,-3.4698
2023-03-16 23:00:00,-3.4720
2023-03-17 00:00:00,-3.4732
2023-03-17 01:00:00,-3.4741
2023-03-17 02:00:00,-3.4762
2023-03-17 03:00:00,-3.4747
2023-03-17 04:00:00,-3.4752
2023-03-17 05:00:00,-3.4765
2023-03-17 06:00:00,-3.4779
2023-03-17 07:00:00,-3.4772
2023-03-17 08:00:00,-3.4785
2023-03-17 09:00:00,-3.4772
2023-03-17 10:00:00,-3.4783
2023-03-17 11:00:00,-3.4823
2023-03-17 12:00:00,-3.4813
2023-03-17 13:00:00,-3.4801
2023-03-17 14:00:00,-3.4839
2023-03-17 15:00:00,-3.4847
2023-03-17 16:00:00,-3.4832
2023-03-17 17:00:00,-3.4847
2023-03-17 18:00:00,-3.4849
2023-03-17 19:00:00,-3.4838
2023-03-17 20:00:00,-3.4847
2023-03-17 21:00:00,-3.4846
2023-03-17 22:00:00,-3.4881
2023-03-17 23:00:00,-3.4894
2023-03-18 00:00:00,-3.4902
2023-03-18 01:00:00,-3.4898
2023-03-18 02:00:00,-3.4903
2023-03-18 03:00:00,-3.4893
2023-03-18 04:00:00,-3.4906
2023-03-18 05:00:00,-3.4907
2023-03-18 06:00:00,-3.4912
2023-03-18 07:00:00,-3.4916
2023-03-18 08:00:00,-3.4930
2023-03-18 09:00:00,-3.4914
2023-03-18 10:00:00,-3.4905
2023-03-18 11:00:00,-3.4903
2023-03-18 12:00:00,-3.4897
2023-03-18 13:00:00,-3.4897
2023-03-18 14:00:00,-3.4896
2023-03-18 15:00:00,-3.4896
2023-03-18 16:00:00,-3.4903
2023-03-18 17:00:00,-3.4906
2023-03-18 18:00:00,-3.4908
2023-03-18 19:00:00,-3.4908
2023-03-18 20:00:00,-3.4926
2023-03-18 21:00:00,-3.4947
2023-03-18 22:00:00,-3.4962
2023-03-18 23:00:00,-3.4953
2023-03-19 00:00:00,-3.4971
2023-03-19 01:00:00,-3.4978
2023-03-19 02:00:00,-3.4970
2023-03-19 03:00:00,-3.4979
2023-03-19 04:00:00,-3.4993
2023-03-19 05:00:00,-3.4998
2023-03-19 06:00:00,-3.5005
2023-03-19 07:00:00,-3.5010
2023-03-19 08:00:00,-3.5023
2023-03-19 09:00:00,-3.5009
2023-03-19 10:00:00,-3.5018
2023-03-19 11:00:00,-3.5024
2023-03-19 12:00:00,-3.5030
2023-03-19 13:00:00,-3.5043
2023-03-19 14:00:00,-3.5061
2023-03-19 15:00:00,-3.5051
2023-03-19 16:00:00,-3.5053
2023-03-19 17:00:00,-3.5053
2023-03-19 18:00:00,-3.5064
2023-03-19 19:00:00,-3.5074
2023-03-19 20:00:00,-3.5081
2023-03-19 21:00:00,-3.5112
2023-03-19 22:00:00,-3.5117
2023-03-19 23:00:00,-3.5118
2023-03-20 00:00:00,-3.5111
2023-03-20 01:00:00,-3.5140
2023-03-20 02:00:00,-3.5132
2023-03-20 03:00:00,-3.5123
2023-03-20 04:00:00,-3.5158
2023-03-20 05:00:00,-3.5169
2023-03-20 06:00:00,-3.5161
2023-03-20 07:00:00,-3.5184
2023-03-20 08:00:00,-3.5200
2023-03-20 09:00:00,-3.5198
2023-03-20 10:00:00,-3.5179
2023-03-20 11:00:00,-3.5189
2023-03-20 12:00:00,-3.5189
2023-03-20 13:00:00,-3.5183
2023-03-20 14:00:00,-3.5166
2023-03-20 15:00:00,-3.5147
2023-03-20 16:00:00,-3.5108
2023-03-20 17:00:00,-3.5078
2023-03-20 18:00:00,-3.5051
2023-03-20 19:00:00,-3.5032
2023-03-20 20:00:00,-3.4990
2023-03-20 21:00:00,-3.4966
2023-03-20 22:00:00,-3.4952
2023-03-20 23:00:00,-3.4923
2023-03-21 00:00:00,-3.4910
2023-03-21 01:00:00,-3.4902
2023-03-21 02:00:00,-3.4893
2023-03-21 03:00:00,-3.4894
2023-03-21 04:00:00,-3.4883
2023-03-21 05:00:00,-3.4873
2023-03-21 06:00:00,-3.4877
2023-03-21 07:00:00,-3.4868
2023-03-21 08:00:00,-3.4845
2023-03-21 09:00:00,-3.4827
2023-03-21 10:00:00,-3.4809
2023-03-21 11:00:00,-3.4754
2023-03-21 12:00:00,-3.4724
2023-03-21 13:00:00,-3.4709
2023-03-21 14:00:00,-3.4691
2023-03-21 15:00:00,-3.4673
2023-03-21 16:00:00,-3.4665
2023-03-21 17:00:00,-3.4654
2023-03-21 18:00:00,-3.4665
2023-03-21 19:00:00,-3.4687
2023-03-21 20:00:00,-3.4695
2023-03-21 21:00:00,-3.4679
2023-03-21 22:00:00,-3.4659
2023-03-21 23:00:00,-3.4645
2023-03-22 00:00:00,-3.4648
2023-03-22 01:00:00,-3.4638
2023-03-22 02:00:00,-3.4640
2023-03-22 03:00:00,-3.4629
2023-03-22 04:00:00,-3.4627
2023-03-22 05:00:00,-3.4619
2023-03-22 06:00:00,-3.4616
2023-03-22 07:00:00,-3.4636
2023-03-22 08:00:00,-3.4653
2023-03-22 09:00:00,-3.4682
2023-03-22 10:00:00,-3.4699
2023-03-22 11:00:00,-3.4717
2023-03-22 12:00:00,-3.4708
2023-03-22 13:00:00,-3.4686
2023-03-22 14:00:00,-3.4689
2023-03-22 15:00:00,-3.4663
2023-03-22 16:00:00,-3.4678
2023-03-22 17:00:00,-3.4656
2023-03-22 18:00:00,-3.4668
2023-03-22 19:00:00,-3.4636
2023-03-22 20:00:00,-3.4652
2023-03-22 21:00:00,-3.4645
2023-03-22 22:00:00,-3.4579
2023-03-22 23:00:00,-3.4451
2023-03-23 00:00:00,-3.4240
2023-03-23 01:00:00,-3.3913
2023-03-23 02:00:00,-3.3726
2023-03-23 03:00:00,-3.3614
2023-03-23 04:00:00,-3.3558
2023-03-23 05:00:00,-3.3492
2023-03-23 06:00:00,-3.3467
2023-03-23 07:00:00,-3.3461
2023-03-23 08:00:00,-3.3429
2023-03-23 09:00:00,-3.3432
2023-03-23 10:00:00,-3.3421
2023-03-23 11:00:00,-3.3447
2023-03-23 12:00:00,-3.3450
2023-03-23 13:00:00,-3.3474
2023-03-23 14:00:00,-3.3483
2023-03-23 15:00:00,-3.3513
2023-03-23 16:00:00,-3.3552
2023-03-23 17:00:00,-3.3572
2023-03-23 18:00:00,-3.3574
2023-03-23 19:00:00,-3.3603
2023-03-23 20:00:00,-3.3616
2023-03-23 21:00:00,-3.3598
2023-03-23 22:00:00,-3.3562
2023-03-23 23:00:00,-3.3531
2023-03-24 00:00:00,-3.3511
2023-03-24 01:00:00,-3.3488
2023-03-24 02:00:00,-3.3463
2023-03-24 03:00:00,-3.3471
2023-03-24 04:00:00,-3.3409
2023-03-24 05:00:00,-3.3395
2023-03-24 06:00:00,-3.3397
2023-03-24 07:00:00,-3.3393
2023-03-24 08:00:00,-3.3399
2023-03-24 09:00:00,-3.3421
2023-03-24 10:00:00,-3.3428
2023-03-24 11:00:00,-3.3448
2023-03-24 12:00:00,-3.3479
2023-03-24 13:00:00,-3.3482
2023-03-24 14:00:00,-3.3509
2023-03-24 15:00:00,-3.3550
2023-03-24 16:00:00,-3.3570
2023-03-24 17:00:00,-3.3602
2023-03-24 18:00:00,-3.3639
2023-03-24 19:00:00,-3.3676
2023-03-24 20:00:00,-3.3701
2023-03-24 21:00:00,-3.3726
2023-03-24 22:00:00,-3.3767
2023-03-24 23:00:00,-3.3812
2023-03-25 00:00:00,-3.3845
2023-03-25 01:00:00,-3.3877
2023-03-25 02:00:00,-3.3897
2023-03-25 03:00:00,-3.3902
2023-03-25 04:00:00,-3.3925
2023-03-25 05:00:00,-3.3953
2023-03-25 06:00:00,-3.3963
2023-03-25 07:00:00,-3.3985
2023-03-25 08:00:00,-3.3992
2023-03-25 09:00:00,-3.4011
2023-03-25 10:00:00,-3.4052
2023-03-25 11:00:00,-3.4085
2023-03-25 12:00:00,-3.4116
2023-03-25 13:00:00,-3.4171
2023-03-25 14:00:00,-3.4197
2023-03-25 15:00:00,-3.4234
2023-03-25 16:00:00,-3.4237
2023-03-25 17:00:00,-3.4259
2023-03-25 18:00:00,-3.4247
2023-03-25 19:00:00,-3.4259
2023-03-25 20:00:00,-3.4241
2023-03-25 21:00:00,-3.4225
2023-03-25 22:00:00,-3.4229
2023-03-25 23:00:00,-3.4252
2023-03-26 00:00:00,-3.4236
2023-03-26 01:00:00,-3.4227
2023-03-26 03:00:00,-3.4237
2023-03-26 04:00:00,-3.4256
2023-03-26 05:00:00,-3.4261
2023-03-26 06:00:00,-3.4278
2023-03-26 07:00:00,-3.4256
2023-03-26 08:00:00,-3.4262
2023-03-26 09:00:00,-3.4263
2023-03-26 10:00:00,-3.4255
2023-03-26 11:00:00,-3.4250
2023-03-26 12:00:00,-3.4260
2023-03-26 13:00:00,-3.4262
2023-03-26 14:00:00,-3.4276
2023-03-26 15:00:00,-3.4295
2023-03-26 16:00:00,-3.4300
2023-03-26 17:00:00,-3.4308
2023-03-26 18:00:00,-3.4326
2023-03-26 19:00:00,-3.4344
2023-03-26 20:00:00,-3.4377
2023-03-26 21:00:00,-3.4401
2023-03-26 22:00:00,-3.4438
2023-03-26 23:00:00,-3.4470
2023-03-27 00:00:00,-3.4515
2023-03-27 01:00:00,-3.4524
2023-03-27 02:00:00,-3.4541
2023-03-27 03:00:00,-3.4552
2023-03-27 04:00:00,-3.4592
2023-03-27 05:00:00,-3.4604
2023-03-27 06:00:00,-3.4609
2023-03-27 07:00:00,-3.4638
2023-03-27 08:00:00,-3.4673
2023-03-27 09:00:00,-3.4668
2023-03-27 10:00:00,-3.4658
2023-03-27 11:00:00,-3.4692
2023-03-27 12:00:00,-3.4707
2023-03-27 13:00:00,-3.4689
2023-03-27 14:00:00,-3.4672
2023-03-27 15:00:00,-3.4718
2023-03-27 16:00:00,-3.4726
2023-03-27 17:00:00,-3.4720
2023-03-27 18:00:00,-3.4727
2023-03-27 19:00:00,-3.4749
2023-03-27 20:00:00,-3.4747
2023-03-27 21:00:00,-3.4771
2023-03-27 22:00:00,-3.4786
2023-03-27 23:00:00,-3.4804
2023-03-28 00:00:00,-3.4809
2023-03-28 01:00:00,-3.4806
2023-03-28 02:00:00,-3.4820
2023-03-28 03:00:00,-3.4827
2023-03-28 04:00:00,-3.4839
2023-03-28 05:00:00,-3.4839
2023-03-28 06:00:00,-3.4847
2023-03-28 07:00:00,-3.4851
2023-03-28 08:00:00,-3.4851
2023-03-28 09:00:00,-3.4861
2023-03-28 10:00:00,-3.4869
2023-03-28 11:00:00,-3.4897
2023-03-28 12:00:00,-3.4905
2023-03-28 13:00:00,-3.4920
2023-03-28 14:00:00,-3.4931
2023-03-28 15:00:00,-3.4934
2023-03-28 16:00:00,-3.4940
2023-03-28 17:00:00,-3.4945
2023-03-28 18:00:00,-3.4941
2023-03-28 19:00:00,-3.4925
2023-03-28 20:00:00,-3.4912
2023-03-28 21:00:00,-3.4904
2023-03-28 22:00:00,-3.4946
2023-03-28 23:00:00,-3.4948
2023-03-29 00:00:00,-3.4964
2023-03-29 01:00:00,-3.4954
2023-03-29 02:00:00,-3.4979
2023-03-29 03:00:00,-3.4974
2023-03-29 04:00:00,-3.4957
2023-03-29 05:00:00,-3.4958
2023-03-29 06:00:00,-3.4960
2023-03-29 07:00:00,-3.4950
2023-03-29 08:00:00,-3.4943
2023-03-29 09:00:00,-3.4952
2023-03-29 10:00:00,-3.4957
2023-03-29 11:00:00,-3.4953
2023-03-29 12:00:00,-3.4952
2023-03-29 13:00:00,-3.4958
2023-03-29 14:00:00,-3.4972
2023-03-29 15:00:00,-3.4979
2023-03-29 16:00:00,-3.4983
2023-03-29 17:00:00,-3.4965
2023-03-29 18:00:00,-3.4971
2023-03-29 19:00:00,-3.4984
2023-03-29 20:00:00,-3.4980
2023-03-29 21:00:00,-3.4987
2023-03-29 22:00:00,-3.4981
2023-03-29 23:00:00,-3.4982
2023-03-30 00:00:00,-3.4998
2023-03-30 01:00:00,-3.4992
2023-03-30 02:00:00,-3.5030
2023-03-30 03:00:00,-3.5022
2023-03-30 04:00:00,-3.5032
2023-03-30 05:00:00,-3.5051
2023-03-30 06:00:00,-3.5054
2023-03-30 07:00:00,-3.5081
2023-03-30 08:00:00,-3.5076
2023-03-30 09:00:00,-3.5100
2023-03-30 10:00:00,-3.5114
2023-03-30 11:00:00,-3.5144
2023-03-30 12:00:00,-3.5149
2023-03-30 13:00:00,-3.5176
2023-03-30 14:00:00,-3.5197
2023-03-30 15:00:00,-3.5207
2023-03-30 16:00:00,-3.5226
2023-03-30 17:00:00,-3.5229
2023-03-30 18:00:00,-3.5234
2023-03-30 19:00:00,-3.5230
2023-03-30 20:00:00,-3.5231
2023-03-30 21:00:00,-3.5240
2023-03-30 22:00:00,-3.5230
2023-03-30 23:00:00,-3.5237
2023-03-31 00:00:00,-3.5221
2023-03-31 01:00:00,-3.5213
2023-03-31 02:00:00,-3.5212
2023-03-31 03:00:00,-3.5190
2023-03-31 04:00:00,-3.5174
2023-03-31 05:00:00,-3.5140
2023-03-31 06:00:00,-3.5114
2023-03-31 07:00:00,-3.5061
2023-03-31 08:00:00,-3.5031
2023-03-31 09:00:00,-3.5002
2023-03-31 10:00:00,-3.4962
2023-03-31 11:00:00,-3.4929
2023-03-31 12:00:00,-3.4907
2023-03-31 13:00:00,-3.4870
2023-03-31 14:00:00,-3.4844
2023-03-31 15:00:00,-3.4816
2023-03-31 16:00:00,-3.4779
2023-03-31 17:00:00,-3.4745
2023-03-31 18:00:00,-3.4711
2023-03-31 19:00:00,-3.4675
2023-03-31 20:00:00,-3.4649
2023-03-31 21:00:00,-3.4610
2023-03-31 22:00:00,-3.4546
2023-03-31 23:00:00,-3.4453
2023-04-01 00:00:00,-3.4347
2023-04-01 01:00:00,-3.4250
2023-04-01 02:00:00,-3.4163
2023-04-01 03:00:00,-3.4094
2023-04-01 04:00:00,-3.4043
2023-04-01 05:00:00,-3.4011
2023-04-01 06:00:00,-3.3981
2023-04-01 07:00:00,-3.3988
2023-04-01 08:00:00,-3.3978
2023-04-01 09:00:00,-3.3965
2023-04-01 10:00:00,-3.3963
2023-04-01 11:00:00,-3.3961
2023-04-01 12:00:00,-3.3957
2023-04-01 13:00:00,-3.3952
2023-04-01 14:00:00,-3.3931
2023-04-01 15:00:00,-3.3912
2023-04-01 16:00:00,-3.3888
2023-04-01 17:00:00,-3.3879
2023-04-01 18:00:00,-3.3873
2023-04-01 19:00:00,-3.3862
2023-04-01 20:00:00,-3.3847
2023-04-01 21:00:00,-3.3842
2023-04-01 22:00:00,-3.3846
2023-04-01 23:00:00,-3.3854
2023-04-02 00:00:00,-3.3879
2023-04-02 01:00:00,-3.3873
2023-04-02 02:00:00,-3.3868
2023-04-02 03:00:00,-3.3885
2023-04-02 04:00:00,-3.3908
2023-04-02 05:00:00,-3.3922
2023-04-02 06:00:00,-3.3934
2023-04-02 07:00:00,-3.3941
2023-04-02 08:00:00,-3.3957
2023-04-02 09:00:00,-3.3966
2023-04-02 10:00:00,-3.3981
2023-04-02 11:00:00,-3.4017
2023-04-02 12:00:00,-3.4033
2023-04-02 13:00:00,-3.4047
2023-04-02 14:00:00,-3.4073
2023-04-02 15:00:00,-3.4100
2023-04-02 16:00:00,-3.4131
2023-04-02 17:00:00,-3.4170
2023-04-02 18:00:00,-3.4193
2023-04-02 19:00:00,-3.4215
2023-04-02 20:00:00,-3.4220
2023-04-02 21:00:00,-3.4238
2023-04-02 22:00:00,-3.4254
2023-04-02 23:00:00,-3.4271
2023-04-03 00:00:00,-3.4289
2023-04-03 01:00:00,-3.4308
2023-04-03 02:00:00,-3.4321
2023-04-03 03:00:00,-3.4338
2023-04-03 04:00:00,-3.4348
2023-04-03 05:00:00,-3.4366
2023-04-03 06:00:00,-3.4368
2023-04-03 07:00:00,-3.4392
2023-04-03 08:00:00,-3.4404
2023-04-03 09:00:00,-3.4412
2023-04-03 10:00:00,-3.4413
2023-04-03 11:00:00,-3.4426
2023-04-03 12:00:00,-3.4444
2023-04-03 13:00:00,-3.4449
2023-04-03 14:00:00,-3.4439
2023-04-03 15:00:00,-3.4462
2023-04-03 16:00:00,-3.4465
2023-04-03 17:00:00,-3.4471
2023-04-03 18:00:00,-3.4479
2023-04-03 19:00:00,-3.4500
2023-04-03 20:00:00,-3.4526
2023-04-03 21:00:00,-3.4564
2023-04-03 22:00:00,-3.4575
2023-04-03 23:00:00,-3.4582
2023-04-04 00:00:00,-3.4577
2023-04-04 01:00:00,-3.4606
2023-04-04 02:00:00,-3.4584
2023-04-04 03:00:00,-3.4601
2023-04-04 04:00:00,-3.4616
2023-04-04 05:00:00,-3.4636
2023-04-04 06:00:00,-3.4653
2023-04-04 07:00:00,-3.4656
2023-04-04 08:00:00,-3.4647
2023-04-04 09:00:00,-3.4668
2023-04-04 10:00:00,-3.4668
2023-04-04 11:00:00,-3.4689
2023-04-04 12:00:00,-3.4688
2023-04-04 13:00:00,-3.4686
2023-04-04 14:00:00,-3.4691
2023-04-04 15:00:00,-3.4699
2023-04-04 16:00:00,-3.4711
2023-04-04 17:00:00,-3.4720
2023-04-04 18:00:00,-3.4750
2023-04-04 19:00:00,-3.4757
2023-04-04 20:00:00,-3.4780
2023-04-04 21:00:00,-3.4773
2023-04-04 22:00:00,-3.4786
2023-04-04 23:00:00,-3.4818
2023-04-05 00:00:00,-3.4818
2023-04-05 01:00:00,-3.4815
2023-04-05 02:00:00,-3.4825
2023-04-05 03:00:00,-3.4829
2023-04-05 04:00:00,-3.4837
2023-04-05 05:00:00,-3.4855
2023-04-05 06:00:00,-3.4872
2023-04-05 07:00:00,-3.4883
2023-04-05 08:00:00,-3.4887
2023-04-05 09:00:00,-3.4890
2023-04-05 10:00:00,-3.4908
2023-04-05 11:00:00,-3.4917
2023-04-05 12:00:00,-3.4923
2023-04-05 13:00:00,-3.4930
2023-04-05 14:00:00,-3.4936
2023-04-05 15:00:00,-3.4952
2023-04-05 16:00:00,-3.4960
2023-04-05 17:00:00,-3.4960
2023-04-05 18:00:00,-3.4972
2023-04-05 19:00:00,-3.4976
2023-04-05 20:00:00,-3.4985
2023-04-05 21:00:00,-3.5004
2023-04-05 22:00:00,-3.5002
2023-04-05 23:00:00,-3.5012
2023-04-06 00:00:00,-3.5020
2023-04-06 01:00:00,-3.5025
2023-04-06 02:00:00,-3.5023
2023-04-06 03:00:00,-3.5030
2023-04-06 04:00:00,-3.5032
2023-04-06 05:00:00,-3.5022
2023-04-06 06:00:00,-3.5030
2023-04-06 07:00:00,-3.5038
2023-04-06 08:00:00,-3.5045
2023-04-06 09:00:00,-3.5042
2023-04-06 10:00:00,-3.5053
2023-04-06 11:00:00,-3.5050
2023-04-06 12:00:00,-3.5058
2023-04-06 13:00:00,-3.5071
2023-04-06 14:00:00,-3.5080
2023-04-06 15:00:00,-3.5086
2023-04-06 16:00:00,-3.5087
2023-04-06 17:00:00,-3.5072
2023-04-06 18:00:00,-3.5072
2023-04-06 19:00:00,-3.5054
2023-04-06 20:00:00,-3.5031
2023-04-06 21:00:00,-3.5021
2023-04-06 22:00:00,-3.4996
2023-04-06 23:00:00,-3.4959
2023-04-07 00:00:00,-3.4941
2023-04-07 01:00:00,-3.4939
2023-04-07 02:00:00,-3.4921
2023-04-07 03:00:00,-3.4908
2023-04-07 04:00:00,-3.4911
2023-04-07 05:00:00,-3.4910
2023-04-07 06:00:00,-3.4918
2023-04-07 07:00:00,-3.4921
2023-04-07 08:00:00,-3.4925
2023-04-07 09:00:00,-3.4931
2023-04-07 10:00:00,-3.4945
2023-04-07 11:00:00,-3.4951
2023-04-07 12:00:00,-3.4947
2023-04-07 13:00:00,-3.4957
2023-04-07 14:00:00,-3.4968
2023-04-07 15:00:00,-3.4973
2023-04-07 16:00:00,-3.4978
2023-04-07 17:00:00,-3.4985
2023-04-07 18:00:00,-3.4986
2023-04-07 19:00:00,-3.4997
2023-04-07 20:00:00,-3.4998
2023-04-07 21:00:00,-3.5003
2023-04-07 22:00:00,-3.5017
2023-04-07 23:00:00,-3.5025
2023-04-08 00:00:00,-3.5029
2023-04-08 01:00:00,-3.5028
2023-04-08 02:00:00,-3.5031
2023-04-08 03:00:00,-3.5013
2023-04-08 04:00:00,-3.5018
2023-04-08 05:00:00,-3.5041
2023-04-08 06:00:00,-3.5035
2023-04-08 07:00:00,-3.5043
2023-04-08 08:00:00,-3.5062
2023-04-08 09:00:00,-3.5069
2023-04-08 10:00:00,-3.5073
2023-04-08 11:00:00,-3.5074
2023-04-08 12:00:00,-3.5087
2023-04-08 13:00:00,-3.5091
2023-04-08 14:00:00,-3.5122
2023-04-08 15:00:00,-3.5114
2023-04-08 16:00:00,-3.5128
2023-04-08 17:00:00,-3.5132
2023-04-08 18:00:00,-3.5133
2023-04-08 19:00:00,-3.5150
2023-04-08 20:00:00,-3.5165
2023-04-08 21:00:00,-3.5177
2023-04-08 22:00:00,-3.5190
2023-04-08 23:00:00,-3.5197
2023-04-09 00:00:00,-3.5193
2023-04-09 01:00:00,-3.5200
2023-04-09 02:00:00,-3.5207
2023-04-09 03:00:00,-3.5227
2023-04-09 04:00:00,-3.5232
2023-04-09 05:00:00,-3.5222
2023-04-09 06:00:00,-3.5230
2023-04-09 07:00:00,-3.5239
2023-04-09 08:00:00,-3.5246
2023-04-09 09:00:00,-3.5253
2023-04-09 10:00:00,-3.5255
2023-04-09 11:00:00,-3.5269
2023-04-09 12:00:00,-3.5267
2023-04-09 13:00:00,-3.5279
2023-04-09 14:00:00,-3.5281
2023-04-09 15:00:00,-3.5270
2023-04-09 16:00:00,-3.5277
2023-04-09 17:00:00,-3.5287
2023-04-09 18:00:00,-3.5296
2023-04-09 19:00:00,-3.5313
2023-04-09 20:00:00,-3.5321
2023-04-09 21:00:00,-3.5317
2023-04-09 22:00:00,-3.5327
2023-04-09 23:00:00,-3.5338
2023-04-10 00:00:00,-3.5344
2023-04-10 01:00:00,-3.5345
2023-04-10 02:00:00,-3.5342
2023-04-10 03:00:00,-3.5358
2023-04-10 04:00:00,-3.5355
2023-04-10 05:00:00,-3.5357
2023-04-10 06:00:00,-3.5353
2023-04-10 07:00:00,-3.5365
2023-04-10 08:00:00,-3.5371
2023-04-10 09:00:00,-3.5369
2023-04-10 10:00:00,-3.5377
2023-04-10 11:00:00,-3.5389
2023-04-10 12:00:00,-3.5385
2023-04-10 13:00:00,-3.5393
2023-04-10 14:00:00,-3.5398
2023-04-10 15:00:00,-3.5432
2023-04-10 16:00:00,-3.5457
2023-04-10 17:00:00,-3.5470
2023-04-10 18:00:00,-3.5446
2023-04-10 19:00:00,-3.5429
2023-04-10 20:00:00,-3.5387
2023-04-10 21:00:00,-3.5322
2023-04-10 22:00:00,-3.5295
2023-04-10 23:00:00,-3.5223
2023-04-11 00:00:00,-3.5217
2023-04-11 01:00:00,-3.5201
2023-04-11 02:00:00,-3.5132
2023-04-11 03:00:00,-3.5094
2023-04-11 04:00:00,-3.5061
2023-04-11 05:00:00,-3.5046
2023-04-11 06:00:00,-3.5047
2023-04-11 07:00:00,-3.5021
2023-04-11 08:00:00,-3.5021
2023-04-11 09:00:00,-3.5025
2023-04-11 10:00:00,-3.5021
2023-04-11 11:00:00,-3.5042
2023-04-11 12:00:00,-3.5070
2023-04-11 13:00:00,-3.5078
2023-04-11 14:00:00,-3.5085
2023-04-11 15:00:00,-3.5080
2023-04-11 16:00:00,-3.5088
2023-04-11 17:00:00,-3.5110
2023-04-11 18:00:00,-3.5131
2023-04-11 19:00:00,-3.5142
2023-04-11 20:00:00,-3.5140
2023-04-11 21:00:00,-3.5128
2023-04-11 22:00:00,-3.5120
2023-04-11 23:00:00,-3.5142
2023-04-12 00:00:00,-3.5164
2023-04-12 01:00:00,-3.5162
2023-04-12 02:00:00,-3.5148
2023-04-12 03:00:00,-3.5155
2023-04-12 04:00:00,-3.5136
2023-04-12 05:00:00,-3.5110
2023-04-12 06:00:00,-3.5095
2023-04-12 07:00:00,-3.5077
2023-04-12 08:00:00,-3.5018
2023-04-12 09:00:00,-3.4952
2023-04-12 10:00:00,-3.4873
2023-04-12 11:00:00,-3.4841
2023-04-12 12:00:00,-3.4807
2023-04-12 13:00:00,-3.4781
2023-04-12 14:00:00,-3.4760
2023-04-12 15:00:00,-3.4757
2023-04-12 16:00:00,-3.4784
2023-04-12 17:00:00,-3.4798
2023-04-12 18:00:00,-3.4799
2023-04-12 19:00:00,-3.4793
2023-04-12 20:00:00,-3.4818
2023-04-12 21:00:00,-3.4811
2023-04-12 22:00:00,-3.4809
2023-04-12 23:00:00,-3.4795
2023-04-13 00:00:00,-3.4796
2023-04-13 01:00:00,-3.4785
2023-04-13 02:00:00,-3.4807
2023-04-13 03:00:00,-3.4827
2023-04-13 04:00:00,-3.4800
2023-04-13 05:00:00,-3.4785
2023-04-13 06:00:00,-3.4757
2023-04-13 07:00:00,-3.4742
2023-04-13 08:00:00,-3.4723
2023-04-13 09:00:00,-3.4705
2023-04-13 10:00:00,-3.4696
2023-04-13 11:00:00,-3.4701
2023-04-13 12:00:00,-3.4674
2023-04-13 13:00:00,-3.4677
2023-04-13 14:00:00,-3.4673
2023-04-13 15:00:00,-3.4678
2023-04-13 16:00:00,-3.4677
2023-04-13 17:00:00,-3.4682
2023-04-13 18:00:00,-3.4677
2023-04-13 19:00:00,-3.4691
2023-04-13 20:00:00,-3.4698
2023-04-13 21:00:00,-3.4705
2023-04-13 22:00:00,-3.4699
2023-04-13 23:00:00,-3.4703
2023-04-14 00:00:00,-3.4699
2023-04-14 01:00:00,-3.4694
2023-04-14 02:00:00,-3.4696
2023-04-14 03:00:00,-3.4704
2023-04-14 04:00:00,-3.4701
2023-04-14 05:00:00,-3.4695
2023-04-14 06:00:00,-3.4704
2023-04-14 07:00:00,-3.4709
2023-04-14 08:00:00,-3.4715
2023-04-14 09:00:00,-3.4719
2023-04-14 10:00:00,-3.4731
2023-04-14 11:00:00,-3.4733
2023-04-14 12:00:00,-3.4738
2023-04-14 13:00:00,-3.4736
2023-04-14 14:00:00,-3.4759
2023-04-14 15:00:00,-3.4764
2023-04-14 16:00:00,-3.4778
2023-04-14 17:00:00,-3.4786
2023-04-14 18:00:00,-3.4791
2023-04-14 19:00:00,-3.4779
2023-04-14 20:00:00,-3.4781
2023-04-14 21:00:00,-3.4820
2023-04-14 22:00:00,-3.4831
2023-04-14 23:00:00,-3.4816
2023-04-15 00:00:00,-3.4834
2023-04-15 01:00:00,-3.4841
2023-04-15 02:00:00,-3.4848
2023-04-15 03:00:00,-3.4857
2023-04-15 04:00:00,-3.4864
2023-04-15 05:00:00,-3.4878
2023-04-15 06:00:00,-3.4891
2023-04-15 07:00:00,-3.4883
2023-04-15 08:00:00,-3.4873
2023-04-15 09:00:00,-3.4894
2023-04-15 10:00:00,-3.4920
2023-04-15 11:00:00,-3.4929
2023-04-15 12:00:00,-3.4945
2023-04-15 13:00:00,-3.4946
2023-04-15 14:00:00,-3.4953
2023-04-15 15:00:00,-3.4974
2023-04-15 16:00:00,-3.4967
2023-04-15 17:00:00,-3.4986
2023-04-15 18:00:00,-3.5000
2023-04-15 19:00:00,-3.5013
2023-04-15 20:00:00,-3.5048
2023-04-15 21:00:00,-3.5085
2023-04-15 22:00:00,-3.5113
2023-04-15 23:00:00,-3.5132
2023-04-16 00:00:00,-3.5145
2023-04-16 01:00:00,-3.5152
2023-04-16 02:00:00,-3.5144
2023-04-16 03:00:00,-3.5177
2023-04-16 04:00:00,-3.5173
2023-04-16 05:00:00,-3.5186
2023-04-16 06:00:00,-3.5177
2023-04-16 07:00:00,-3.5178
2023-04-16 08:00:00,-3.5176
2023-04-16 09:00:00,-3.5189
2023-04-16 10:00:00,-3.5185
2023-04-16 11:00:00,-3.5182
2023-04-16 12:00:00,-3.5189
2023-04-16 13:00:00,-3.5193
2023-04-16 14:00:00,-3.5209
2023-04-16 15:00:00,-3.5218
2023-04-16 16:00:00,-3.5215
2023-04-16 17:00:00,-3.5221
2023-04-16 18:00:00,-3.5238
2023-04-16 19:00:00,-3.5238
2023-04-16 20:00:00,-3.5240
2023-04-16 21:00:00,-3.5248
2023-04-16 22:00:00,-3.5251
2023-04-16 23:00:00,-3.5244
2023-04-17 00:00:00,-3.5240
2023-04-17 01:00:00,-3.5234
2023-04-17 02:00:00,-3.5247
2023-04-17 03:00:00,-3.5253
2023-04-17 04:00:00,-3.5265
2023-04-17 05:00:00,-3.5269
2023-04-17 06:00:00,-3.5280
2023-04-17 07:00:00,-3.5287
2023-04-17 08:00:00,-3.5294
2023-04-17 09:00:00,-3.5297
2023-04-17 10:00:00,-3.5300
2023-04-17 11:00:00,-3.5311
2023-04-17 12:00:00,-3.5300
2023-04-17 13:00:00,-3.5313
2023-04-17 14:00:00,-3.5315
2023-04-17 15:00:00,-3.5312
2023-04-17 16:00:00,-3.5314
2023-04-17 17:00:00,-3.5327
2023-04-17 18:00:00,-3.5337
2023-04-17 19:00:00,-3.5347
2023-04-17 20:00:00,-3.5359
2023-04-17 21:00:00,-3.5359
2023-04-17 22:00:00,-3.5361
2023-04-17 23:00:00,-3.5377
2023-04-18 00:00:00,-3.5399
2023-04-18 01:00:00,-3.5399
2023-04-18 02:00:00,-3.5392
2023-04-18 03:00:00,-3.5393
2023-04-18 04:00:00,-3.5402
2023-04-18 05:00:00,-3.5410
2023-04-18 06:00:00,-3.5410
2023-04-18 07:00:00,-3.5409
2023-04-18 08:00:00,-3.5410
2023-04-18 09:00:00,-3.5411
2023-04-18 10:00:00,-3.5407
2023-04-18 11:00:00,-3.5413
2023-04-18 12:00:00,-3.5414
2023-04-18 13:00:00,-3.5414
2023-04-18 14:00:00,-3.5414
2023-04-18 15:00:00,-3.5419
2023-04-18 16:00:00,-3.5437
2023-04-18 17:00:00,-3.5470
2023-04-18 18:00:00,-3.5490
2023-04-18 19:00:00,-3.5490
2023-04-18 20:00:00,-3.5503
2023-04-18 21:00:00,-3.5501
2023-04-18 22:00:00,-3.5494
2023-04-18 23:00:00,-3.5499
2023-04-19 00:00:00,-3.5502
2023-04-19 01:00:00,-3.5524
2023-04-19 02:00:00,-3.5521
2023-04-19 03:00:00,-3.5520
2023-04-19 04:00:00,-3.5527
2023-04-19 05:00:00,-3.5530
2023-04-19 06:00:00,-3.5526
2023-04-19 07:00:00,-3.5524
2023-04-19 08:00:00,-3.5519
2023-04-19 09:00:00,-3.5499
2023-04-19 10:00:00,-3.5499
2023-04-19 11:00:00,-3.5478
2023-04-19 12:00:00,-3.5492
2023-04-19 13:00:00,-3.5498
2023-04-19 14:00:00,-3.5504
2023-04-19 15:00:00,-3.5520
2023-04-19 16:00:00,-3.5541
2023-04-19 17:00:00,-3.5543
2023-04-19 18:00:00,-3.5537
2023-04-19 19:00:00,-3.5539
2023-04-19 20:00:00,-3.5555
2023-04-19 21:00:00,-3.5576
2023-04-19 22:00:00,-3.5571
2023-04-19 23:00:00,-3.5573
2023-04-20 00:00:00,-3.5595
2023-04-20 01:00:00,-3.5618
2023-04-20 02:00:00,-3.5633
2023-04-20 03:00:00,-3.5649
2023-04-20 04:00:00,-3.5661
2023-04-20 05:00:00,-3.5657
2023-04-20 06:00:00,-3.5658
2023-04-20 07:00:00,-3.5663
2023-04-20 08:00:00,-3.5649
2023-04-20 09:00:00,-3.5638
2023-04-20 10:00:00,-3.5607
2023-04-20 11:00:00,-3.5598
2023-04-20 12:00:00,-3.5606
2023-04-20 13:00:00,-3.5609
2023-04-20 14:00:00,-3.5592
2023-04-20 15:00:00,-3.5586
2023-04-20 16:00:00,-3.5582
2023-04-20 17:00:00,-3.5584
2023-04-20 18:00:00,-3.5599
2023-04-20 19:00:00,-3.5588
2023-04-20 20:00:00,-3.5616
2023-04-20 21:00:00,-3.5613
2023-04-20 22:00:00,-3.5620
2023-04-20 23:00:00,-3.5626
2023-04-21 00:00:00,-3.5649
2023-04-21 01:00:00,-3.5652
2023-04-21 02:00:00,-3.5627
2023-04-21 03:00:00,-3.5622
2023-04-21 04:00:00,-3.5626
2023-04-21 05:00:00,-3.5599
2023-04-21 06:00:00,-3.5524
2023-04-21 07:00:00,-3.5440
2023-04-21 08:00:00,-3.5343
2023-04-21 09:00:00,-3.5299
2023-04-21 10:00:00,-3.5251
2023-04-21 11:00:00,-3.5207
2023-04-21 12:00:00,-3.5156
2023-04-21 13:00:00,-3.5134
2023-04-21 14:00:00,-3.5128
2023-04-21 15:00:00,-3.5105
2023-04-21 16:00:00,-3.5100
2023-04-21 17:00:00,-3.5106
2023-04-21 18:00:00,-3.5109
2023-04-21 19:00:00,-3.5105
2023-04-21 20:00:00,-3.5078
2023-04-21 21:00:00,-3.5118
2023-04-21 22:00:00,-3.5100
2023-04-21 23:00:00,-3.5116
2023-04-22 00:00:00,-3.5088
2023-04-22 01:00:00,-3.5052
2023-04-22 02:00:00,-3.5009
2023-04-22 03:00:00,-3.4987
2023-04-22 04:00:00,-3.4946
2023-04-22 05:00:00,-3.4917
2023-04-22 06:00:00,-3.4896
2023-04-22 07:00:00,-3.4889
2023-04-22 08:00:00,-3.4887
2023-04-22 09:00:00,-3.4878
2023-04-22 10:00:00,-3.4882
2023-04-22 11:00:00,-3.4887
2023-04-22 12:00:00,-3.4867
2023-04-22 13:00:00,-3.4880
2023-04-22 14:00:00,-3.4921
2023-04-22 15:00:00,-3.4892
2023-04-22 16:00:00,-3.4876
2023-04-22 17:00:00,-3.4853
2023-04-22 18:00:00,-3.4786
2023-04-22 19:00:00,-3.4758
2023-04-22 20:00:00,-3.4746
2023-04-22 21:00:00,-3.4739
2023-04-22 22:00:00,-3.4708
2023-04-22 23:00:00,-3.4700
2023-04-23 00:00:00,-3.4703
2023-04-23 01:00:00,-3.4705
2023-04-23 02:00:00,-3.4676
2023-04-23 03:00:00,-3.4664
2023-04-23 04:00:00,-3.4668
2023-04-23 05:00:00,-3.4670
2023-04-23 06:00:00,-3.4661
2023-04-23 07:00:00,-3.4661
2023-04-23 08:00:00,-3.4657
2023-04-23 09:00:00,-3.4658
2023-04-23 10:00:00,-3.4663
2023-04-23 11:00:00,-3.4675
2023-04-23 12:00:00,-3.4677
2023-04-23 13:00:00,-3.4683
2023-04-23 14:00:00,-3.4684
2023-04-23 15:00:00,-3.4686
2023-04-23 16:00:00,-3.4711
2023-04-23 17:00:00,-3.4685
2023-04-23 18:00:00,-3.4658
2023-04-23 19:00:00,-3.4612
2023-04-23 20:00:00,-3.4565
2023-04-23 21:00:00,-3.4512
2023-04-23 22:00:00,-3.4464
2023-04-23 23:00:00,-3.4424
2023-04-24 00:00:00,-3.4380
2023-04-24 01:00:00,-3.4329
2023-04-24 02:00:00,-3.4259
2023-04-24 03:00:00,-3.4181
2023-04-24 04:00:00,-3.4043
2023-04-24 05:00:00,-3.3902
2023-04-24 06:00:00,-3.3752
2023-04-24 07:00:00,-3.3618
2023-04-24 08:00:00,-3.3469
2023-04-24 09:00:00,-3.3373
2023-04-24 10:00:00,-3.3341
2023-04-24 11:00:00,-3.3312
2023-04-24 12:00:00,-3.3310
2023-04-24 13:00:00,-3.3309
2023-04-24 14:00:00,-3.3310
2023-04-24 15:00:00,-3.3315
2023-04-24 16:00:00,-3.3332
2023-04-24 17:00:00,-3.3361
2023-04-24 18:00:00,-3.3361
2023-04-24 19:00:00,-3.3381
2023-04-24 20:00:00,-3.3402
2023-04-24 21:00:00,-3.3444
2023-04-24 22:00:00,-3.3457
2023-04-24 23:00:00,-3.3471
2023-04-25 00:00:00,-3.3487
2023-04-25 01:00:00,-3.3498
2023-04-25 02:00:00,-3.3525
2023-04-25 03:00:00,-3.3550
2023-04-25 04:00:00,-3.3569
2023-04-25 05:00:00,-3.3587
2023-04-25 06:00:00,-3.3613
2023-04-25 07:00:00,-3.3652
2023-04-25 08:00:00,-3.3648
2023-04-25 09:00:00,-3.3679
2023-04-25 10:00:00,-3.3707
2023-04-25 11:00:00,-3.3724
2023-04-25 12:00:00,-3.3766
2023-04-25 13:00:00,-3.3788
2023-04-25 14:00:00,-3.3822
2023-04-25 15:00:00,-3.3841
2023-04-25 16:00:00,-3.3870
2023-04-25 17:00:00,-3.3888
2023-04-25 18:00:00,-3.3908
2023-04-25 19:00:00,-3.3943
2023-04-25 20:00:00,-3.3974
2023-04-25 21:00:00,-3.3988
2023-04-25 22:00:00,-3.4025
2023-04-25 23:00:00,-3.4038
2023-04-26 00:00:00,-3.4067
2023-04-26 01:00:00,-3.4093
2023-04-26 02:00:00,-3.4117
2023-04-26 03:00:00,-3.4128
2023-04-26 04:00:00,-3.4141
2023-04-26 05:00:00,-3.4153
2023-04-26 06:00:00,-3.4184
2023-04-26 07:00:00,-3.4188
2023-04-26 08:00:00,-3.4201
2023-04-26 09:00:00,-3.4218
2023-04-26 10:00:00,-3.4255
2023-04-26 11:00:00,-3.4269
2023-04-26 12:00:00,-3.4265
2023-04-26 13:00:00,-3.4280
2023-04-26 14:00:00,-3.4288
2023-04-26 15:00:00,-3.4295
2023-04-26 16:00:00,-3.4308
2023-04-26 17:00:00,-3.4320
2023-04-26 18:00:00,-3.4345
2023-04-26 19:00:00,-3.4366
2023-04-26 20:00:00,-3.4385
2023-04-26 21:00:00,-3.4395
2023-04-26 22:00:00,-3.4416
2023-04-26 23:00:00,-3.4433
2023-04-27 00:00:00,-3.4454
2023-04-27 01:00:00,-3.4474
2023-04-27 02:00:00,-3.4481
2023-04-27 03:00:00,-3.4487
2023-04-27 04:00:00,-3.4482
2023-04-27 05:00:00,-3.4509
2023-04-27 06:00:00,-3.4513
2023-04-27 07:00:00,-3.4528
2023-04-27 08:00:00,-3.4538
2023-04-27 09:00:00,-3.4537
2023-04-27 10:00:00,-3.4554
2023-04-27 11:00:00,-3.4572
2023-04-27 12:00:00,-3.4583
2023-04-27 14:00:00,-3.4577
2023-04-27 15:00:00,-3.4613
2023-04-27 16:00:00,-3.4649
2023-04-27 17:00:00,-3.4694
2023-04-27 18:00:00,-3.4792
2023-04-27 19:00:00,-3.4821
2023-04-27 20:00:00,-3.4848
2023-04-27 21:00:00,-3.4847
2023-04-27 22:00:00,-3.4881
2023-04-27 23:00:00,-3.4857
2023-04-28 00:00:00,-3.4599
2023-04-28 01:00:00,-3.4581
2023-04-28 02:00:00,-3.4595
2023-04-28 03:00:00,-3.4593
2023-04-28 04:00:00,-3.4588
2023-04-28 05:00:00,-3.4591
2023-04-28 06:00:00,-3.4580
2023-04-28 07:00:00,-3.4628
2023-04-28 08:00:00,-3.4699
2023-04-28 09:00:00,-3.4698
2023-04-28 10:00:00,-3.4651
2023-04-28 11:00:00,-3.4705
2023-04-28 12:00:00,-3.4717
2023-04-28 13:00:00,-3.4740
2023-04-28 14:00:00,-3.4776
2023-04-28 15:00:00,-3.4812
2023-04-28 16:00:00,-3.4850
2023-04-28 17:00:00,-3.4837
2023-04-28 18:00:00,-3.4851
2023-04-28 19:00:00,-3.4862
2023-04-28 20:00:00,-3.4858
2023-04-28 21:00:00,-3.4865
2023-04-28 22:00:00,-3.4889
2023-04-28 23:00:00,-3.4905
2023-04-29 00:00:00,-3.4890
2023-04-29 01:00:00,-3.4868
2023-04-29 02:00:00,-3.4877
2023-04-29 03:00:00,-3.4895
2023-04-29 04:00:00,-3.4887
2023-04-29 05:00:00,-3.4881
2023-04-29 06:00:00,-3.4887
2023-04-29 07:00:00,-3.4897
2023-04-29 08:00:00,-3.4913
2023-04-29 09:00:00,-3.4925
2023-04-29 10:00:00,-3.4934
2023-04-29 11:00:00,-3.4924
2023-04-29 12:00:00,-3.4922
2023-04-29 13:00:00,-3.4896
2023-04-29 14:00:00,-3.4898
2023-04-29 15:00:00,-3.4921
2023-04-29 16:00:00,-3.4922
2023-04-29 17:00:00,-3.4946
2023-04-29 18:00:00,-3.4966
2023-04-29 19:00:00,-3.4980
2023-04-29 20:00:00,-3.4983
2023-04-29 21:00:00,-3.5008
2023-04-29 22:00:00,-3.5042
2023-04-29 23:00:00,-3.5062
2023-04-30 00:00:00,-3.5065
2023-04-30 01:00:00,-3.5065
2023-04-30 02:00:00,-3.5074
2023-04-30 03:00:00,-3.5078
2023-04-30 04:00:00,-3.5096
2023-04-30 05:00:00,-3.5089
2023-04-30 06:00:00,-3.5083
2023-04-30 07:00:00,-3.5110
2023-04-30 08:00:00,-3.5140
2023-04-30 09:00:00,-3.5132
2023-04-30 10:00:00,-3.5118
2023-04-30 11:00:00,-3.5107
2023-04-30 12:00:00,-3.5087
2023-04-30 13:00:00,-3.5064
2023-04-30 14:00:00,-3.5055
2023-04-30 15:00:00,-3.5044
2023-04-30 16:00:00,-3.5071
2023-04-30 17:00:00,-3.5090
2023-04-30 18:00:00,-3.5100
2023-04-30 19:00:00,-3.5114
2023-04-30 20:00:00,-3.5139
2023-04-30 21:00:00,-3.5169
2023-04-30 22:00:00,-3.5185
2023-04-30 23:00:00,-3.5193
2023-05-01 00:00:00,-3.5190
2023-05-01 01:00:00,-3.5187
2023-05-01 02:00:00,-3.5197
2023-05-01 03:00:00,-3.5192
2023-05-01 04:00:00,-3.5167
2023-05-01 05:00:00,-3.5171
2023-05-01 06:00:00,-3.5200
2023-05-01 07:00:00,-3.5219
2023-05-01 08:00:00,-3.5236
2023-05-01 09:00:00,-3.5245
2023-05-01 10:00:00,-3.5256
2023-05-01 11:00:00,-3.5268
2023-05-01 12:00:00,-3.5289
2023-05-01 13:00:00,-3.5305
2023-05-01 14:00:00,-3.5291
2023-05-01 15:00:00,-3.5279
2023-05-01 16:00:00,-3.5282
2023-05-01 17:00:00,-3.5307
2023-05-01 18:00:00,-3.5332
2023-05-01 19:00:00,-3.5340
2023-05-01 20:00:00,-3.5366
2023-05-01 21:00:00,-3.5389
2023-05-01 22:00:00,-3.5404
2023-05-01 23:00:00,-3.5422
2023-05-02 00:00:00,-3.5412
2023-05-02 01:00:00,-3.5443
2023-05-02 02:00:00,-3.5445
2023-05-02 03:00:00,-3.5414
2023-05-02 04:00:00,-3.5431
2023-05-02 05:00:00,-3.5449
2023-05-02 06:00:00,-3.5440
2023-05-02 07:00:00,-3.5455
2023-05-02 08:00:00,-3.5479
2023-05-02 09:00:00,-3.5491
2023-05-02 10:00:00,-3.5478
2023-05-02 11:00:00,-3.5452
2023-05-02 12:00:00,-3.5454
2023-05-02 13:00:00,-3.5457
2023-05-02 14:00:00,-3.5456
2023-05-02 15:00:00,-3.5473
2023-05-02 16:00:00,-3.5473
2023-05-02 17:00:00,-3.5477
2023-05-02 18:00:00,-3.5484
2023-05-02 19:00:00,-3.5505
2023-05-02 20:00:00,-3.5519
2023-05-02 21:00:00,-3.5550
2023-05-02 22:00:00,-3.5570
2023-05-02 23:00:00,-3.5593
2023-05-03 00:00:00,-3.5560
2023-05-03 01:00:00,-3.5554
2023-05-03 02:00:00,-3.5601
2023-05-03 03:00:00,-3.5611
2023-05-03 04:00:00,-3.5573
2023-05-03 05:00:00,-3.5564
2023-05-03 06:00:00,-3.5646
2023-05-03 07:00:00,-3.5638
2023-05-03 08:00:00,-3.5636
2023-05-03 09:00:00,-3.5612
2023-05-03 10:00:00,-3.5573
2023-05-03 11:00:00,-3.5600
2023-05-03 12:00:00,-3.5600
2023-05-03 13:00:00,-3.5577
2023-05-03 14:00:00,-3.5550
2023-05-03 15:00:00,-3.5538
2023-05-03 16:00:00,-3.5532
2023-05-03 17:00:00,-3.5517
2023-05-03 18:00:00,-3.5556
2023-05-03 19:00:00,-3.5589
2023-05-03 20:00:00,-3.5608
2023-05-03 21:00:00,-3.5638
2023-05-03 22:00:00,-3.5635
2023-05-03 23:00:00,-3.5632
2023-05-04 00:00:00,-3.5608
2023-05-04 01:00:00,-3.5598
2023-05-04 02:00:00,-3.5621
2023-05-04 03:00:00,-3.5598
2023-05-04 04:00:00,-3.5601
2023-05-04 05:00:00,-3.5600
2023-05-04 06:00:00,-3.5608
2023-05-04 07:00:00,-3.5616
2023-05-04 08:00:00,-3.5630
2023-05-04 09:00:00,-3.5632
2023-05-04 10:00:00,-3.5610
2023-05-04 11:00:00,-3.5611
2023-05-04 12:00:00,-3.5606
2023-05-04 13:00:00,-3.5575
2023-05-04 14:00:00,-3.5545
2023-05-04 15:00:00,-3.5546
2023-05-04 16:00:00,-3.5526
2023-05-04 17:00:00,-3.5536
2023-05-04 18:00:00,-3.5579
2023-05-04 19:00:00,-3.5600
2023-05-04 20:00:00,-3.5644
2023-05-04 21:00:00,-3.5689
2023-05-04 22:00:00,-3.5687
2023-05-04 23:00:00,-3.5662
2023-05-05 00:00:00,-3.5630
2023-05-05 01:00:00,-3.5665
2023-05-05 02:00:00,-3.5739
2023-05-05 03:00:00,-3.5707
2023-05-05 04:00:00,-3.5664
2023-05-05 05:00:00,-3.5730
2023-05-05 06:00:00,-3.5745
2023-05-05 07:00:00,-3.5765
2023-05-05 08:00:00,-3.5752
2023-05-05 09:00:00,-3.5717
2023-05-05 10:00:00,-3.5712
2023-05-05 11:00:00,-3.5711
2023-05-05 12:00:00,-3.5710
2023-05-05 13:00:00,-3.5677
2023-05-05 14:00:00,-3.5657
2023-05-05 15:00:00,-3.5668
2023-05-05 16:00:00,-3.5668
2023-05-05 17:00:00,-3.5661
2023-05-05 18:00:00,-3.5657
2023-05-05 19:00:00,-3.5641
2023-05-05 20:00:00,-3.5656
2023-05-05 21:00:00,-3.5670
2023-05-05 22:00:00,-3.5682
2023-05-05 23:00:00,-3.5675
2023-05-06 00:00:00,-3.5661
2023-05-06 01:00:00,-3.5639
2023-05-06 02:00:00,-3.5617
2023-05-06 03:00:00,-3.5586
2023-05-06 04:00:00,-3.5597
2023-05-06 05:00:00,-3.5624
2023-05-06 06:00:00,-3.5605
2023-05-06 07:00:00,-3.5617
2023-05-06 08:00:00,-3.5641
2023-05-06 09:00:00,-3.5615
2023-05-06 10:00:00,-3.5618
2023-05-06 11:00:00,-3.5602
2023-05-06 12:00:00,-3.5576
2023-05-06 13:00:00,-3.5570
2023-05-06 14:00:00,-3.5568
2023-05-06 15:00:00,-3.5578
2023-05-06 16:00:00,-3.5564
2023-05-06 17:00:00,-3.5538
2023-05-06 18:00:00,-3.5545
2023-05-06 19:00:00,-3.5564
2023-05-06 20:00:00,-3.5352
2023-05-06 21:00:00,-3.4982
2023-05-06 22:00:00,-3.4695
2023-05-06 23:00:00,-3.4454
2023-05-07 00:00:00,-3.4284
2023-05-07 01:00:00,-3.4166
2023-05-07 02:00:00,-3.4092
2023-05-07 03:00:00,-3.4022
2023-05-07 04:00:00,-3.3936
2023-05-07 05:00:00,-3.3909
2023-05-07 06:00:00,-3.3883
2023-05-07 07:00:00,-3.3856
2023-05-07 08:00:00,-3.3872
2023-05-07 09:00:00,-3.3881
2023-05-07 10:00:00,-3.3841
2023-05-07 11:00:00,-3.3849
2023-05-07 12:00:00,-3.3850
2023-05-07 13:00:00,-3.3835
2023-05-07 14:00:00,-3.3843
2023-05-07 15:00:00,-3.3854
2023-05-07 16:00:00,-3.3886
2023-05-07 17:00:00,-3.3860
2023-05-07 18:00:00,-3.3774
2023-05-07 19:00:00,-3.3695
2023-05-07 20:00:00,-3.3635
2023-05-07 21:00:00,-3.3611
2023-05-07 22:00:00,-3.3593
2023-05-07 23:00:00,-3.3586
2023-05-08 00:00:00,-3.3552
2023-05-08 01:00:00,-3.3528
2023-05-08 02:00:00,-3.3522
2023-05-08 03:00:00,-3.3526
2023-05-08 04:00:00,-3.3533
2023-05-08 05:00:00,-3.3550
2023-05-08 06:00:00,-3.3534
2023-05-08 07:00:00,-3.3576
2023-05-08 08:00:00,-3.3616
2023-05-08 09:00:00,-3.3622
2023-05-08 10:00:00,-3.3618
2023-05-08 11:00:00,-3.3647
2023-05-08 12:00:00,-3.3672
2023-05-08 13:00:00,-3.3690
2023-05-08 14:00:00,-3.3672
2023-05-08 15:00:00,-3.3677
2023-05-08 16:00:00,-3.3700
2023-05-08 17:00:00,-3.3712
2023-05-08 18:00:00,-3.3726
2023-05-08 19:00:00,-3.3741
2023-05-08 20:00:00,-3.3747
2023-05-08 21:00:00,-3.3787
2023-05-08 22:00:00,-3.3851
2023-05-08 23:00:00,-3.3862
2023-05-09 00:00:00,-3.3816
2023-05-09 01:00:00,-3.3791
2023-05-09 02:00:00,-3.3831
2023-05-09 03:00:00,-3.3869
2023-05-09 04:00:00,-3.3868
2023-05-09 05:00:00,-3.3880
2023-05-09 06:00:00,-3.3888
2023-05-09 07:00:00,-3.3908
2023-05-09 08:00:00,-3.3926
2023-05-09 09:00:00,-3.3929
2023-05-09 10:00:00,-3.3954
2023-05-09 11:00:00,-3.3947
2023-05-09 12:00:00,-3.3948
2023-05-09 13:00:00,-3.3927
2023-05-09 14:00:00,-3.3873
2023-05-09 15:00:00,-3.3826
2023-05-09 16:00:00,-3.3775
2023-05-09 17:00:00,-3.3701
2023-05-09 18:00:00,-3.3635
2023-05-09 19:00:00,-3.3599
2023-05-09 20:00:00,-3.3544
2023-05-09 21:00:00,-3.3514
2023-05-09 22:00:00,-3.3506
2023-05-09 23:00:00,-3.3486
2023-05-10 00:00:00,-3.3418
2023-05-10 01:00:00,-3.3388
2023-05-10 02:00:00,-3.3398
2023-05-10 03:00:00,-3.3401
2023-05-10 04:00:00,-3.3429
2023-05-10 05:00:00,-3.3444
2023-05-10 06:00:00,-3.3449
2023-05-10 07:00:00,-3.3447
2023-05-10 08:00:00,-3.3474
2023-05-10 09:00:00,-3.3487
2023-05-10 10:00:00,-3.3501
2023-05-10 11:00:00,-3.3511
2023-05-10 12:00:00,-3.3557
2023-05-10 13:00:00,-3.3558
2023-05-10 14:00:00,-3.3566
2023-05-10 15:00:00,-3.3593
2023-05-10 16:00:00,-3.3617
2023-05-10 17:00:00,-3.3623
2023-05-10 18:00:00,-3.3611
2023-05-10 19:00:00,-3.3654
2023-05-10 20:00:00,-3.3675
2023-05-10 21:00:00,-3.3691
2023-05-10 22:00:00,-3.3704
2023-05-10 23:00:00,-3.3726
2023-05-11 00:00:00,-3.3703
2023-05-11 01:00:00,-3.3732
2023-05-11 02:00:00,-3.3764
2023-05-11 03:00:00,-3.3764
2023-05-11 04:00:00,-3.3763
2023-05-11 05:00:00,-3.3801
2023-05-11 06:00:00,-3.3794
2023-05-11 07:00:00,-3.3793
2023-05-11 08:00:00,-3.3842
2023-05-11 09:00:00,-3.3858
2023-05-11 10:00:00,-3.3833
2023-05-11 11:00:00,-3.3862
2023-05-11 12:00:00,-3.3882
2023-05-11 13:00:00,-3.3893
2023-05-11 14:00:00,-3.3868
2023-05-11 15:00:00,-3.3827
2023-05-11 16:00:00,-3.3761
2023-05-11 17:00:00,-3.3749
2023-05-11 18:00:00,-3.3717
2023-05-11 19:00:00,-3.3684
2023-05-11 20:00:00,-3.3657
2023-05-11 21:00:00,-3.3652
2023-05-11 22:00:00,-3.3664
2023-05-11 23:00:00,-3.3644
2023-05-12 00:00:00,-3.3613
2023-05-12 01:00:00,-3.3627
2023-05-12 02:00:00,-3.3625
2023-05-12 03:00:00,-3.3612
2023-05-12 04:00:00,-3.3623
2023-05-12 05:00:00,-3.3634
2023-05-12 06:00:00,-3.3633
2023-05-12 07:00:00,-3.3619
2023-05-12 08:00:00,-3.3631
2023-05-12 09:00:00,-3.3637
2023-05-12 10:00:00,-3.3617
2023-05-12 11:00:00,-3.3625
2023-05-12 12:00:00,-3.3653
2023-05-12 13:00:00,-3.3652
2023-05-12 14:00:00,-3.3659
2023-05-12 15:00:00,-3.3677
2023-05-12 16:00:00,-3.3687
2023-05-12 17:00:00,-3.3717
2023-05-12 18:00:00,-3.3741
2023-05-12 19:00:00,-3.3761
2023-05-12 20:00:00,-3.3809
2023-05-12 21:00:00,-3.3822
2023-05-12 22:00:00,-3.3855
2023-05-12 23:00:00,-3.3879
2023-05-13 00:00:00,-3.3881
2023-05-13 01:00:00,-3.3895
2023-05-13 02:00:00,-3.3910
2023-05-13 03:00:00,-3.3910
2023-05-13 04:00:00,-3.3932
2023-05-13 05:00:00,-3.3953
2023-05-13 06:00:00,-3.3978
2023-05-13 07:00:00,-3.4008
2023-05-13 08:00:00,-3.4022
2023-05-13 09:00:00,-3.4018
2023-05-13 10:00:00,-3.4024
2023-05-13 11:00:00,-3.4030
2023-05-13 12:00:00,-3.4039
2023-05-13 13:00:00,-3.4030
2023-05-13 14:00:00,-3.4043
2023-05-13 15:00:00,-3.4076
2023-05-13 16:00:00,-3.4104
2023-05-13 17:00:00,-3.4099
2023-05-13 18:00:00,-3.4137
2023-05-13 19:00:00,-3.4160
2023-05-13 20:00:00,-3.4178
2023-05-13 21:00:00,-3.4209
2023-05-13 22:00:00,-3.4259
2023-05-13 23:00:00,-3.4267
2023-05-14 00:00:00,-3.4264
2023-05-14 01:00:00,-3.4241
2023-05-14 02:00:00,-3.4245
2023-05-14 03:00:00,-3.4267
2023-05-14 04:00:00,-3.4293
2023-05-14 05:00:00,-3.4316
2023-05-14 06:00:00,-3.4322
2023-05-14 07:00:00,-3.4348
2023-05-14 08:00:00,-3.4368
2023-05-14 09:00:00,-3.4377
2023-05-14 10:00:00,-3.4370
2023-05-14 11:00:00,-3.4355
2023-05-14 12:00:00,-3.4343
2023-05-14 13:00:00,-3.4353
2023-05-14 14:00:00,-3.4348
2023-05-14 15:00:00,-3.4380
2023-05-14 16:00:00,-3.4399
2023-05-14 17:00:00,-3.4435
2023-05-14 18:00:00,-3.4483
2023-05-14 19:00:00,-3.4497
2023-05-14 20:00:00,-3.4502
2023-05-14 21:00:00,-3.4508
2023-05-14 22:00:00,-3.4534
2023-05-14 23:00:00,-3.4526
2023-05-15 00:00:00,-3.4513
2023-05-15 01:00:00,-3.4499
2023-05-15 02:00:00,-3.4499
2023-05-15 03:00:00,-3.4518
2023-05-15 04:00:00,-3.4544
2023-05-15 05:00:00,-3.4558
2023-05-15 06:00:00,-3.4569
2023-05-15 07:00:00,-3.4598
2023-05-15 08:00:00,-3.4588
2023-05-15 09:00:00,-3.4588
2023-05-15 10:00:00,-3.4604
2023-05-15 11:00:00,-3.4629
2023-05-15 12:00:00,-3.4633
2023-05-15 13:00:00,-3.4624
2023-05-15 14:00:00,-3.4260
2023-05-15 15:00:00,-3.3915
2023-05-15 16:00:00,-3.3928
2023-05-15 17:00:00,-3.3940
2023-05-15 18:00:00,-3.3946
2023-05-15 19:00:00,-3.3935
2023-05-15 20:00:00,-3.3954
2023-05-15 21:00:00,-3.3928
2023-05-15 22:00:00,-3.3911
2023-05-15 23:00:00,-3.3916
2023-05-16 00:00:00,-3.3932
2023-05-16 01:00:00,-3.3947
2023-05-16 02:00:00,-3.3948
2023-05-16 03:00:00,-3.3967
2023-05-16 04:00:00,-3.3980
2023-05-16 05:00:00,-3.3991
2023-05-16 06:00:00,-3.3998
2023-05-16 07:00:00,-3.4006
2023-05-16 08:00:00,-3.4006
2023-05-16 09:00:00,-3.4009
2023-05-16 10:00:00,-3.4026
2023-05-16 11:00:00,-3.4061
2023-05-16 12:00:00,-3.4081
2023-05-16 13:00:00,-3.4077
2023-05-16 14:00:00,-3.4052
2023-05-16 15:00:00,-3.4069
2023-05-16 16:00:00,-3.4117
2023-05-16 17:00:00,-3.4130
2023-05-16 18:00:00,-3.4151
2023-05-16 19:00:00,-3.4167
2023-05-16 20:00:00,-3.4181
2023-05-16 21:00:00,-3.4203
2023-05-16 22:00:00,-3.4197
2023-05-16 23:00:00,-3.4200
2023-05-17 00:00:00,-3.4206
2023-05-17 01:00:00,-3.4218
2023-05-17 02:00:00,-3.4220
2023-05-17 03:00:00,-3.4230
2023-05-17 04:00:00,-3.4238
2023-05-17 05:00:00,-3.4223
2023-05-17 06:00:00,-3.4244
2023-05-17 07:00:00,-3.4213
2023-05-17 08:00:00,-3.4216
2023-05-17 09:00:00,-3.4221
2023-05-17 10:00:00,-3.4238
2023-05-17 11:00:00,-3.4236
2023-05-17 12:00:00,-3.4239
2023-05-17 13:00:00,-3.4244
2023-05-17 14:00:00,-3.4235
2023-05-17 15:00:00,-3.4252
2023-05-17 16:00:00,-3.4263
2023-05-17 17:00:00,-3.4274
2023-05-17 18:00:00,-3.4289
2023-05-17 19:00:00,-3.4298
2023-05-17 20:00:00,-3.4314
2023-05-17 21:00:00,-3.4346
2023-05-17 22:00:00,-3.4362
2023-05-17 23:00:00,-3.4359
2023-05-18 00:00:00,-3.4358
2023-05-18 01:00:00,-3.4367
2023-05-18 02:00:00,-3.4362
2023-05-18 03:00:00,-3.4386
2023-05-18 04:00:00,-3.4383
2023-05-18 05:00:00,-3.4390
2023-05-18 06:00:00,-3.4402
2023-05-18 07:00:00,-3.4405
2023-05-18 08:00:00,-3.4418
2023-05-18 09:00:00,-3.4404
2023-05-18 10:00:00,-3.4419
2023-05-18 11:00:00,-3.4420
2023-05-18 12:00:00,-3.4445
2023-05-18 13:00:00,-3.4418
2023-05-18 14:00:00,-3.4412
2023-05-18 15:00:00,-3.4415
2023-05-18 16:00:00,-3.4418
2023-05-18 17:00:00,-3.4451
2023-05-18 18:00:00,-3.4480
2023-05-18 19:00:00,-3.4489
2023-05-18 20:00:00,-3.4497
2023-05-18 21:00:00,-3.4497
2023-05-18 22:00:00,-3.4483
2023-05-18 23:00:00,-3.4470
2023-05-19 00:00:00,-3.4460
2023-05-19 01:00:00,-3.4473
2023-05-19 02:00:00,-3.4472
2023-05-19 03:00:00,-3.4482
2023-05-19 04:00:00,-3.4492
2023-05-19 05:00:00,-3.4485
2023-05-19 06:00:00,-3.4502
2023-05-19 07:00:00,-3.4502
2023-05-19 08:00:00,-3.4478
2023-05-19 09:00:00,-3.4488
2023-05-19 10:00:00,-3.4499
2023-05-19 11:00:00,-3.4497
2023-05-19 12:00:00,-3.4486
2023-05-19 13:00:00,-3.4487
2023-05-19 14:00:00,-3.4490
2023-05-19 15:00:00,-3.4489
2023-05-19 16:00:00,-3.4506
2023-05-19 17:00:00,-3.4514
2023-05-19 18:00:00,-3.4509
2023-05-19 19:00:00,-3.4521
2023-05-19 20:00:00,-3.4558
2023-05-19 21:00:00,-3.4557
2023-05-19 22:00:00,-3.4561
2023-05-19 23:00:00,-3.4562
2023-05-20 00:00:00,-3.4560
2023-05-20 01:00:00,-3.4580
2023-05-20 02:00:00,-3.4578
2023-05-20 03:00:00,-3.4593
2023-05-20 04:00:00,-3.4588
2023-05-20 05:00:00,-3.4583
2023-05-20 06:00:00,-3.4583
2023-05-20 07:00:00,-3.4567
2023-05-20 08:00:00,-3.4557
2023-05-20 09:00:00,-3.4555
2023-05-20 10:00:00,-3.4573
2023-05-20 11:00:00,-3.4578
2023-05-20 12:00:00,-3.4567
2023-05-20 13:00:00,-3.4557
2023-05-20 14:00:00,-3.4556
2023-05-20 15:00:00,-3.4566
2023-05-20 16:00:00,-3.4569
2023-05-20 17:00:00,-3.4579
2023-05-20 18:00:00,-3.4575
2023-05-20 19:00:00,-3.4589
2023-05-20 20:00:00,-3.4612
2023-05-20 21:00:00,-3.4613
2023-05-20 22:00:00,-3.4637
2023-05-20 23:00:00,-3.4643
2023-05-21 00:00:00,-3.4640
2023-05-21 01:00:00,-3.4664
2023-05-21 02:00:00,-3.4661
2023-05-21 03:00:00,-3.4651
2023-05-21 04:00:00,-3.4649
2023-05-21 05:00:00,-3.4656
2023-05-21 06:00:00,-3.4652
2023-05-21 07:00:00,-3.4653
2023-05-21 08:00:00,-3.4657
2023-05-21 09:00:00,-3.4680
2023-05-21 10:00:00,-3.4683
2023-05-21 11:00:00,-3.4691
2023-05-21 12:00:00,-3.4677
2023-05-21 13:00:00,-3.4660
2023-05-21 14:00:00,-3.4659
2023-05-21 15:00:00,-3.4649
2023-05-21 16:00:00,-3.4663
2023-05-21 17:00:00,-3.4692
2023-05-21 18:00:00,-3.4689
2023-05-21 19:00:00,-3.4704
2023-05-21 20:00:00,-3.4735
2023-05-21 21:00:00,-3.4752
2023-05-21 22:00:00,-3.4756
2023-05-21 23:00:00,-3.4763
2023-05-22 00:00:00,-3.4766
2023-05-22 01:00:00,-3.4784
2023-05-22 02:00:00,-3.4786
2023-05-22 03:00:00,-3.4784
2023-05-22 04:00:00,-3.4787
2023-05-22 05:00:00,-3.4806
2023-05-22 06:00:00,-3.4769
2023-05-22 07:00:00,-3.4737
2023-05-22 08:00:00,-3.4744
2023-05-22 09:00:00,-3.4741
2023-05-22 10:00:00,-3.4777
2023-05-22 11:00:00,-3.4766
2023-05-22 12:00:00,-3.4744
2023-05-22 13:00:00,-3.4730
2023-05-22 14:00:00,-3.4734
2023-05-22 15:00:00,-3.4743
2023-05-22 16:00:00,-3.4741
2023-05-22 17:00:00,-3.4764
2023-05-22 18:00:00,-3.4763
2023-05-22 19:00:00,-3.4781
2023-05-22 20:00:00,-3.4818
2023-05-22 21:00:00,-3.4829
2023-05-22 22:00:00,-3.4829
2023-05-22 23:00:00,-3.4850
2023-05-23 00:00:00,-3.4851
2023-05-23 01:00:00,-3.4858
2023-05-23 02:00:00,-3.4854
2023-05-23 03:00:00,-3.4864
2023-05-23 04:00:00,-3.4869
2023-05-23 05:00:00,-3.4865
2023-05-23 06:00:00,-3.4865
2023-05-23 07:00:00,-3.4869
2023-05-23 08:00:00,-3.4862
2023-05-23 09:00:00,-3.4856
2023-05-23 10:00:00,-3.4856
2023-05-23 11:00:00,-3.4856
2023-05-23 12:00:00,-3.4865
2023-05-23 13:00:00,-3.4882
2023-05-23 14:00:00,-3.4876
2023-05-23 15:00:00,-3.4885
2023-05-23 16:00:00,-3.4883
2023-05-23 17:00:00,-3.4907
2023-05-23 18:00:00,-3.4911
2023-05-23 19:00:00,-3.4919
2023-05-23 20:00:00,-3.4942
2023-05-23 21:00:00,-3.4965
2023-05-23 22:00:00,-3.4984
2023-05-23 23:00:00,-3.5011
2023-05-24 00:00:00,-3.5010
2023-05-24 01:00:00,-3.5026
2023-05-24 02:00:00,-3.5016
2023-05-24 03:00:00,-3.5005
2023-05-24 04:00:00,-3.5017
2023-05-24 05:00:00,-3.5025
2023-05-24 06:00:00,-3.5031
2023-05-24 07:00:00,-3.5028
2023-05-24 08:00:00,-3.5011
2023-05-24 09:00:00,-3.5019
2023-05-24 10:00:00,-3.5028
2023-05-24 11:00:00,-3.5024
2023-05-24 12:00:00,-3.5013
2023-05-24 13:00:00,-3.5002
2023-05-24 14:00:00,-3.5004
2023-05-24 15:00:00,-3.4997
2023-05-24 16:00:00,-3.4993
2023-05-24 17:00:00,-3.5003
2023-05-24 18:00:00,-3.4993
2023-05-24 19:00:00,-3.4988
2023-05-24 20:00:00,-3.5001
2023-05-24 21:00:00,-3.5003
2023-05-24 22:00:00,-3.5005
2023-05-24 23:00:00,-3.5005
2023-05-25 00:00:00,-3.5027
2023-05-25 01:00:00,-3.5012
2023-05-25 02:00:00,-3.5008
2023-05-25 03:00:00,-3.5005
2023-05-25 04:00:00,-3.5008
2023-05-25 05:00:00,-3.5006
2023-05-25 06:00:00,-3.4988
2023-05-25 07:00:00,-3.4986
2023-05-25 08:00:00,-3.4979
2023-05-25 09:00:00,-3.4964
2023-05-25 10:00:00,-3.4963
2023-05-25 11:00:00,-3.4950
2023-05-25 12:00:00,-3.4958
2023-05-25 13:00:00,-3.4948
2023-05-25 14:00:00,-3.4941
2023-05-25 15:00:00,-3.4930
2023-05-25 16:00:00,-3.4940
2023-05-25 17:00:00,-3.4944
2023-05-25 18:00:00,-3.4933
2023-05-25 19:00:00,-3.4939
2023-05-25 20:00:00,-3.4949
2023-05-25 21:00:00,-3.4961
2023-05-25 22:00:00,-3.4992
2023-05-25 23:00:00,-3.4986
2023-05-26 00:00:00,-3.4982
2023-05-26 01:00:00,-3.4985
2023-05-26 02:00:00,-3.4980
2023-05-26 03:00:00,-3.4982
2023-05-26 04:00:00,-3.5000
2023-05-26 05:00:00,-3.4996
2023-05-26 06:00:00,-3.4988
2023-05-26 07:00:00,-3.4994
2023-05-26 08:00:00,-3.5002
2023-05-26 09:00:00,-3.4994
2023-05-26 10:00:00,-3.4976
2023-05-26 11:00:00,-3.4990
2023-05-26 12:00:00,-3.4992
2023-05-26 13:00:00,-3.4981
2023-05-26 14:00:00,-3.4990
2023-05-26 15:00:00,-3.4980
2023-05-26 16:00:00,-3.4975
2023-05-26 17:00:00,-3.4973
2023-05-26 18:00:00,-3.4963
2023-05-26 19:00:00,-3.4967
2023-05-26 20:00:00,-3.4971
2023-05-26 21:00:00,-3.4993
2023-05-26 22:00:00,-3.5011
2023-05-26 23:00:00,-3.5027
2023-05-27 00:00:00,-3.5023
2023-05-27 01:00:00,-3.5014
2023-05-27 02:00:00,-3.5030
2023-05-27 03:00:00,-3.5032
2023-05-27 04:00:00,-3.5029
2023-05-27 05:00:00,-3.5016
2023-05-27 06:00:00,-3.5015
2023-05-27 07:00:00,-3.5028
2023-05-27 08:00:00,-3.5014
2023-05-27 09:00:00,-3.4983
2023-05-27 10:00:00,-3.4975
2023-05-27 11:00:00,-3.4978
2023-05-27 12:00:00,-3.4965
2023-05-27 13:00:00,-3.4960
2023-05-27 14:00:00,-3.4955
2023-05-27 15:00:00,-3.4957
2023-05-27 16:00:00,-3.4946
2023-05-27 17:00:00,-3.4959
2023-05-27 18:00:00,-3.4946
2023-05-27 19:00:00,-3.4955
2023-05-27 20:00:00,-3.4948
2023-05-27 21:00:00,-3.4948
2023-05-27 22:00:00,-3.4954
2023-05-27 23:00:00,-3.4952
2023-05-28 00:00:00,-3.4956
2023-05-28 01:00:00,-3.4951
2023-05-28 02:00:00,-3.4952
2023-05-28 03:00:00,-3.4950
2023-05-28 04:00:00,-3.4934
2023-05-28 05:00:00,-3.4934
2023-05-28 06:00:00,-3.4931
2023-05-28 07:00:00,-3.4918
2023-05-28 08:00:00,-3.4915
2023-05-28 09:00:00,-3.4903
2023-05-28 10:00:00,-3.4897
2023-05-28 11:00:00,-3.4878
2023-05-28 12:00:00,-3.4880
2023-05-28 13:00:00,-3.4885
2023-05-28 14:00:00,-3.4889
2023-05-28 15:00:00,-3.4904
2023-05-28 16:00:00,-3.4896
2023-05-28 17:00:00,-3.4889
2023-05-28 18:00:00,-3.4882
2023-05-28 19:00:00,-3.4888
2023-05-28 20:00:00,-3.4904
2023-05-28 21:00:00,-3.4918
2023-05-28 22:00:00,-3.4920
2023-05-28 23:00:00,-3.4926
2023-05-29 00:00:00,-3.4937
2023-05-29 01:00:00,-3.4943
2023-05-29 02:00:00,-3.4951
2023-05-29 03:00:00,-3.4972
2023-05-29 04:00:00,-3.4977
2023-05-29 05:00:00,-3.4982
2023-05-29 06:00:00,-3.4982
2023-05-29 07:00:00,-3.4976
2023-05-29 08:00:00,-3.4971
2023-05-29 09:00:00,-3.4972
2023-05-29 10:00:00,-3.4965
2023-05-29 11:00:00,-3.4968
2023-05-29 12:00:00,-3.4951
2023-05-29 13:00:00,-3.4962
2023-05-29 14:00:00,-3.4949
2023-05-29 15:00:00,-3.4957
2023-05-29 16:00:00,-3.4965
2023-05-29 17:00:00,-3.4989
2023-05-29 18:00:00,-3.4978
2023-05-29 19:00:00,-3.4986
2023-05-29 20:00:00,-3.4979
2023-05-29 21:00:00,-3.4990
2023-05-29 22:00:00,-3.5000
2023-05-29 23:00:00,-3.5003
2023-05-30 00:00:00,-3.5013
2023-05-30 01:00:00,-3.5031
2023-05-30 02:00:00,-3.5041
2023-05-30 03:00:00,-3.5041
2023-05-30 04:00:00,-3.5032
2023-05-30 05:00:00,-3.5043
2023-05-30 06:00:00,-3.5046
2023-05-30 07:00:00,-3.5052
2023-05-30 08:00:00,-3.5049
2023-05-30 09:00:00,-3.5044
2023-05-30 10:00:00,-3.5038
2023-05-30 11:00:00,-3.5031
2023-05-30 12:00:00,-3.5018
2023-05-30 13:00:00,-3.5021
2023-05-30 14:00:00,-3.5017
2023-05-30 15:00:00,-3.5010
2023-05-30 16:00:00,-3.5012
2023-05-30 17:00:00,-3.5026
2023-05-30 18:00:00,-3.5023
2023-05-30 19:00:00,-3.5011
2023-05-30 20:00:00,-3.5009
2023-05-30 21:00:00,-3.5016
2023-05-30 22:00:00,-3.5011
2023-05-30 23:00:00,-3.5012
2023-05-31 00:00:00,-3.5005
2023-05-31 01:00:00,-3.5020
2023-05-31 02:00:00,-3.5015
2023-05-31 03:00:00,-3.5017
2023-05-31 04:00:00,-3.5023
2023-05-31 05:00:00,-3.5022
2023-05-31 06:00:00,-3.5003
2023-05-31 07:00:00,-3.5005
2023-05-31 08:00:00,-3.5014
2023-05-31 09:00:00,-3.5003
2023-05-31 10:00:00,-3.4990
2023-05-31 11:00:00,-3.4992
2023-05-31 12:00:00,-3.4976
2023-05-31 13:00:00,-3.4981
2023-05-31 14:00:00,-3.4989
2023-05-31 15:00:00,-3.5000
2023-05-31 16:00:00,-3.5007
2023-05-31 17:00:00,-3.5015
2023-05-31 18:00:00,-3.5017
2023-05-31 19:00:00,-3.5021
2023-05-31 20:00:00,-3.5022
2023-05-31 21:00:00,-3.5038
2023-05-31 22:00:00,-3.5064
2023-05-31 23:00:00,-3.5070
2023-06-01 00:00:00,-3.5073
2023-06-01 01:00:00,-3.5089
2023-06-01 02:00:00,-3.5073
2023-06-01 03:00:00,-3.5080
2023-06-01 04:00:00,-3.5082
2023-06-01 05:00:00,-3.5086
2023-06-01 06:00:00,-3.5092
2023-06-01 07:00:00,-3.5088
2023-06-01 08:00:00,-3.5079
2023-06-01 09:00:00,-3.5084
2023-06-01 10:00:00,-3.5090
2023-06-01 11:00:00,-3.5095
2023-06-01 12:00:00,-3.5089
2023-06-01 13:00:00,-3.5081
2023-06-01 14:00:00,-3.5092
2023-06-01 15:00:00,-3.5110
2023-06-01 16:00:00,-3.5113
2023-06-01 17:00:00,-3.5117
2023-06-01 18:00:00,-3.5120
2023-06-01 19:00:00,-3.5108
2023-06-01 20:00:00,-3.5129
2023-06-01 21:00:00,-3.5119
2023-06-01 22:00:00,-3.5122
2023-06-01 23:00:00,-3.5114
2023-06-02 00:00:00,-3.5144
2023-06-02 01:00:00,-3.5138
2023-06-02 02:00:00,-3.5151
2023-06-02 03:00:00,-3.5166
2023-06-02 04:00:00,-3.5166
2023-06-02 05:00:00,-3.5181
2023-06-02 06:00:00,-3.5191
2023-06-02 07:00:00,-3.5191
2023-06-02 08:00:00,-3.5201
2023-06-02 09:00:00,-3.5204
2023-06-02 10:00:00,-3.5191
2023-06-02 11:00:00,-3.5194
2023-06-02 12:00:00,-3.5185
2023-06-02 13:00:00,-3.5180
2023-06-02 14:00:00,-3.5184
2023-06-02 15:00:00,-3.5201
2023-06-02 16:00:00,-3.5196
2023-06-02 17:00:00,-3.5171
2023-06-02 18:00:00,-3.5168
2023-06-02 19:00:00,-3.5180
2023-06-02 20:00:00,-3.5177
2023-06-02 21:00:00,-3.5172
2023-06-02 22:00:00,-3.5186
2023-06-02 23:00:00,-3.5174
2023-06-03 00:00:00,-3.5186
2023-06-03 01:00:00,-3.5186
2023-06-03 02:00:00,-3.5189
2023-06-03 03:00:00,-3.5173
2023-06-03 04:00:00,-3.5182
2023-06-03 05:00:00,-3.5179
2023-06-03 06:00:00,-3.5171
2023-06-03 07:00:00,-3.5170
2023-06-03 08:00:00,-3.5174
2023-06-03 09:00:00,-3.5178
2023-06-03 10:00:00,-3.5177
2023-06-03 11:00:00,-3.5153
2023-06-03 12:00:00,-3.5151
2023-06-03 13:00:00,-3.5143
2023-06-03 14:00:00,-3.5142
2023-06-03 15:00:00,-3.5160
2023-06-03 16:00:00,-3.5163
2023-06-03 17:00:00,-3.5175
2023-06-03 18:00:00,-3.5190
2023-06-03 19:00:00,-3.5199
2023-06-03 20:00:00,-3.5204
2023-06-03 21:00:00,-3.5196
2023-06-03 22:00:00,-3.5196
2023-06-03 23:00:00,-3.5194
2023-06-04 00:00:00,-3.5217
2023-06-04 01:00:00,-3.5213
2023-06-04 02:00:00,-3.5201
2023-06-04 03:00:00,-3.5212
2023-06-04 04:00:00,-3.5201
2023-06-04 05:00:00,-3.5201
2023-06-04 06:00:00,-3.5205
2023-06-04 07:00:00,-3.5204
2023-06-04 08:00:00,-3.5210
2023-06-04 09:00:00,-3.5192
2023-06-04 10:00:00,-3.5197
2023-06-04 11:00:00,-3.5194
2023-06-04 12:00:00,-3.5198
2023-06-04 13:00:00,-3.5186
2023-06-04 14:00:00,-3.5179
2023-06-04 15:00:00,-3.5183
2023-06-04 16:00:00,-3.5179
2023-06-04 17:00:00,-3.5179
2023-06-04 18:00:00,-3.5181
2023-06-04 19:00:00,-3.5187
2023-06-04 20:00:00,-3.5199
2023-06-04 21:00:00,-3.5210
2023-06-04 22:00:00,-3.5227
2023-06-04 23:00:00,-3.5236
2023-06-05 00:00:00,-3.5228
2023-06-05 01:00:00,-3.5219
2023-06-05 02:00:00,-3.5223
2023-06-05 03:00:00,-3.5232
2023-06-05 04:00:00,-3.5229
2023-06-05 05:00:00,-3.5217
2023-06-05 06:00:00,-3.5211
2023-06-05 07:00:00,-3.5210
2023-06-05 08:00:00,-3.5207
2023-06-05 09:00:00,-3.5208
2023-06-05 10:00:00,-3.5218
2023-06-05 11:00:00,-3.5199
2023-06-05 12:00:00,-3.5197
2023-06-05 13:00:00,-3.5199
2023-06-05 14:00:00,-3.5185
2023-06-05 15:00:00,-3.5182
2023-06-05 16:00:00,-3.5186
2023-06-05 17:00:00,-3.5185
2023-06-05 18:00:00,-3.5197
2023-06-05 19:00:00,-3.5201
2023-06-05 20:00:00,-3.5206
2023-06-05 21:00:00,-3.5215
2023-06-05 22:00:00,-3.5229
2023-06-05 23:00:00,-3.5224
2023-06-06 00:00:00,-3.5232
2023-06-06 01:00:00,-3.5237
2023-06-06 02:00:00,-3.5224
2023-06-06 03:00:00,-3.5230
2023-06-06 04:00:00,-3.5216
2023-06-06 05:00:00,-3.5210
2023-06-06 06:00:00,-3.5202
2023-06-06 07:00:00,-3.5200
2023-06-06 08:00:00,-3.5214
2023-06-06 09:00:00,-3.5215
2023-06-06 10:00:00,-3.5203
2023-06-06 11:00:00,-3.5198
2023-06-06 12:00:00,-3.5183
2023-06-06 13:00:00,-3.5172
2023-06-06 14:00:00,-3.5165
2023-06-06 15:00:00,-3.5166
2023-06-06 16:00:00,-3.5157
2023-06-06 17:00:00,-3.5168
2023-06-06 18:00:00,-3.5170
2023-06-06 19:00:00,-3.5181
2023-06-06 20:00:00,-3.5189
2023-06-06 21:00:00,-3.5201
2023-06-06 22:00:00,-3.5219
2023-06-06 23:00:00,-3.5218
2023-06-07 00:00:00,-3.5234
2023-06-07 01:00:00,-3.5230
2023-06-07 02:00:00,-3.5228
2023-06-07 03:00:00,-3.5219
2023-06-07 04:00:00,-3.5220
2023-06-07 05:00:00,-3.5216
2023-06-07 06:00:00,-3.5214
2023-06-07 07:00:00,-3.5231
2023-06-07 08:00:00,-3.5220
2023-06-07 09:00:00,-3.5209
2023-06-07 10:00:00,-3.5212
2023-06-07 11:00:00,-3.5192
2023-06-07 12:00:00,-3.5190
2023-06-07 13:00:00,-3.5189
2023-06-07 14:00:00,-3.5185
2023-06-07 15:00:00,-3.5186
2023-06-07 16:00:00,-3.5183
2023-06-07 17:00:00,-3.5178
2023-06-07 18:00:00,-3.5190
2023-06-07 19:00:00,-3.5187
2023-06-07 20:00:00,-3.5196
2023-06-07 21:00:00,-3.5201
2023-06-07 22:00:00,-3.5208
2023-06-07 23:00:00,-3.5212
2023-06-08 00:00:00,-3.5215
2023-06-08 01:00:00,-3.5221
2023-06-08 02:00:00,-3.5223
2023-06-08 03:00:00,-3.5216
2023-06-08 04:00:00,-3.5210
2023-06-08 05:00:00,-3.5207
2023-06-08 06:00:00,-3.5197
2023-06-08 07:00:00,-3.5200
2023-06-08 08:00:00,-3.5177
2023-06-08 09:00:00,-3.5175
2023-06-08 10:00:00,-3.5180
2023-06-08 11:00:00,-3.5192
2023-06-08 12:00:00,-3.5184
2023-06-08 13:00:00,-3.5180
2023-06-08 14:00:00,-3.5180
2023-06-08 15:00:00,-3.5187
2023-06-08 16:00:00,-3.5186
2023-06-08 17:00:00,-3.5195
2023-06-08 18:00:00,-3.5185
2023-06-08 19:00:00,-3.5211
2023-06-08 20:00:00,-3.5223
2023-06-08 21:00:00,-3.5233
2023-06-08 22:00:00,-3.5269
2023-06-08 23:00:00,-3.5263
2023-06-09 00:00:00,-3.5262
2023-06-09 01:00:00,-3.5260
2023-06-09 02:00:00,-3.5260
2023-06-09 03:00:00,-3.5276
2023-06-09 04:00:00,-3.5286
2023-06-09 05:00:00,-3.5283
2023-06-09 06:00:00,-3.5297
2023-06-09 07:00:00,-3.5299
2023-06-09 08:00:00,-3.5290
2023-06-09 09:00:00,-3.5294
2023-06-09 10:00:00,-3.5300
2023-06-09 11:00:00,-3.5307
2023-06-09 12:00:00,-3.5289
2023-06-09 13:00:00,-3.5298
2023-06-09 14:00:00,-3.5313
2023-06-09 15:00:00,-3.5307
2023-06-09 16:00:00,-3.5307
2023-06-09 17:00:00,-3.5322
2023-06-09 18:00:00,-3.5315
2023-06-09 19:00:00,-3.5320
2023-06-09 20:00:00,-3.5316
2023-06-09 21:00:00,-3.5318
2023-06-09 22:00:00,-3.5325
2023-06-09 23:00:00,-3.5333
2023-06-10 00:00:00,-3.5342
2023-06-10 01:00:00,-3.5347
2023-06-10 02:00:00,-3.5360
2023-06-10 03:00:00,-3.5360
2023-06-10 04:00:00,-3.5358
2023-06-10 05:00:00,-3.5345
2023-06-10 06:00:00,-3.5345
2023-06-10 07:00:00,-3.5342
2023-06-10 08:00:00,-3.5343
2023-06-10 09:00:00,-3.5346
2023-06-10 10:00:00,-3.5343
2023-06-10 11:00:00,-3.5335
2023-06-10 12:00:00,-3.5339
2023-06-10 13:00:00,-3.5344
2023-06-10 14:00:00,-3.5355
2023-06-10 15:00:00,-3.5362
2023-06-10 16:00:00,-3.5368
2023-06-10 17:00:00,-3.5382
2023-06-10 18:00:00,-3.5381
2023-06-10 19:00:00,-3.5397
2023-06-10 20:00:00,-3.5397
2023-06-10 21:00:00,-3.5410
2023-06-10 22:00:00,-3.5397
2023-06-10 23:00:00,-3.5406
2023-06-11 00:00:00,-3.5424
2023-06-11 01:00:00,-3.5426
2023-06-11 02:00:00,-3.5423
2023-06-11 03:00:00,-3.5420
2023-06-11 04:00:00,-3.5418
2023-06-11 05:00:00,-3.5422
2023-06-11 06:00:00,-3.5423
2023-06-11 07:00:00,-3.5424
2023-06-11 08:00:00,-3.5422
2023-06-11 09:00:00,-3.5408
2023-06-11 10:00:00,-3.5399
2023-06-11 11:00:00,-3.5397
2023-06-11 12:00:00,-3.5407
2023-06-11 13:00:00,-3.5396
2023-06-11 14:00:00,-3.5398
2023-06-11 15:00:00,-3.5409
2023-06-11 16:00:00,-3.5443
2023-06-11 17:00:00,-3.5450
2023-06-11 18:00:00,-3.5461
2023-06-11 19:00:00,-3.5468
2023-06-11 20:00:00,-3.5480
2023-06-11 21:00:00,-3.5486
2023-06-11 22:00:00,-3.5477
2023-06-11 23:00:00,-3.5471
2023-06-12 00:00:00,-3.5485
2023-06-12 01:00:00,-3.5476
2023-06-12 02:00:00,-3.5494
2023-06-12 03:00:00,-3.5494
2023-06-12 04:00:00,-3.5483
2023-06-12 05:00:00,-3.5472
2023-06-12 06:00:00,-3.5479
2023-06-12 07:00:00,-3.5474
2023-06-12 08:00:00,-3.5474
2023-06-12 09:00:00,-3.5471
2023-06-12 10:00:00,-3.5458
2023-06-12 11:00:00,-3.5446
2023-06-12 12:00:00,-3.5459
2023-06-12 13:00:00,-3.5464
2023-06-12 14:00:00,-3.5474
2023-06-12 15:00:00,-3.5491
2023-06-12 16:00:00,-3.5505
2023-06-12 17:00:00,-3.5522
2023-06-12 18:00:00,-3.5535
2023-06-12 19:00:00,-3.5531
2023-06-12 20:00:00,-3.5539
2023-06-12 21:00:00,-3.5574
2023-06-12 22:00:00,-3.5574
2023-06-12 23:00:00,-3.5573
2023-06-13 00:00:00,-3.5578
2023-06-13 01:00:00,-3.5576
2023-06-13 02:00:00,-3.5571
2023-06-13 03:00:00,-3.5566
2023-06-13 04:00:00,-3.5565
2023-06-13 05:00:00,-3.5561
2023-06-13 06:00:00,-3.5551
2023-06-13 07:00:00,-3.5555
2023-06-13 08:00:00,-3.5556
2023-06-13 09:00:00,-3.5555
2023-06-13 10:00:00,-3.5541
2023-06-13 11:00:00,-3.5532
2023-06-13 12:00:00,-3.5532
2023-06-13 13:00:00,-3.5520
2023-06-13 14:00:00,-3.5537
2023-06-13 15:00:00,-3.5535
2023-06-13 16:00:00,-3.5563
2023-06-13 17:00:00,-3.5578
2023-06-13 18:00:00,-3.5582
2023-06-13 19:00:00,-3.5596
2023-06-13 20:00:00,-3.5599
2023-06-13 21:00:00,-3.5595
2023-06-13 22:00:00,-3.5608
2023-06-13 23:00:00,-3.5599
2023-06-14 00:00:00,-3.5616
2023-06-14 01:00:00,-3.5607
2023-06-14 02:00:00,-3.5610
2023-06-14 03:00:00,-3.5607
2023-06-14 04:00:00,-3.5602
2023-06-14 05:00:00,-3.5614
2023-06-14 06:00:00,-3.5604
2023-06-14 07:00:00,-3.5599
2023-06-14 08:00:00,-3.5607
2023-06-14 09:00:00,-3.5613
2023-06-14 10:00:00,-3.5612
2023-06-14 11:00:00,-3.5607
2023-06-14 12:00:00,-3.5616
2023-06-14 13:00:00,-3.5619
2023-06-14 14:00:00,-3.5613
2023-06-14 15:00:00,-3.5632
2023-06-14 16:00:00,-3.5648
2023-06-14 17:00:00,-3.5672
2023-06-14 18:00:00,-3.5681
2023-06-14 19:00:00,-3.5704
2023-06-14 20:00:00,-3.5721
2023-06-14 21:00:00,-3.5739
2023-06-14 22:00:00,-3.5748
2023-06-14 23:00:00,-3.5734
2023-06-15 00:00:00,-3.5744
2023-06-15 01:00:00,-3.5734
2023-06-15 02:00:00,-3.5744
2023-06-15 03:00:00,-3.5752
2023-06-15 04:00:00,-3.5758
2023-06-15 05:00:00,-3.5762
2023-06-15 06:00:00,-3.5762
2023-06-15 07:00:00,-3.5778
2023-06-15 08:00:00,-3.5770
2023-06-15 09:00:00,-3.5766
2023-06-15 10:00:00,-3.5760
2023-06-15 11:00:00,-3.5767
2023-06-15 12:00:00,-3.5774
2023-06-15 13:00:00,-3.5772
2023-06-15 14:00:00,-3.5776
2023-06-15 15:00:00,-3.5796
2023-06-15 16:00:00,-3.5801
2023-06-15 17:00:00,-3.5827
2023-06-15 18:00:00,-3.5825
2023-06-15 19:00:00,-3.5829
2023-06-15 20:00:00,-3.5847
2023-06-15 21:00:00,-3.5857
2023-06-15 22:00:00,-3.5879
2023-06-15 23:00:00,-3.5879
2023-06-16 00:00:00,-3.5883
2023-06-16 01:00:00,-3.5887
2023-06-16 02:00:00,-3.5886
2023-06-16 03:00:00,-3.5883
2023-06-16 04:00:00,-3.5887
2023-06-16 05:00:00,-3.5887
2023-06-16 06:00:00,-3.5892
2023-06-16 07:00:00,-3.5902
2023-06-16 08:00:00,-3.5897
2023-06-16 09:00:00,-3.5896
2023-06-16 10:00:00,-3.5914
2023-06-16 11:00:00,-3.5910
2023-06-16 12:00:00,-3.5915
2023-06-16 13:00:00,-3.5920
2023-06-16 14:00:00,-3.5912
2023-06-16 15:00:00,-3.5912
2023-06-16 16:00:00,-3.5920
2023-06-16 17:00:00,-3.5939
2023-06-16 18:00:00,-3.5949
2023-06-16 19:00:00,-3.5965
2023-06-16 20:00:00,-3.5971
2023-06-16 21:00:00,-3.5982
2023-06-16 22:00:00,-3.5999
2023-06-16 23:00:00,-3.5996
2023-06-17 00:00:00,-3.6001
2023-06-17 01:00:00,-3.6001
2023-06-17 02:00:00,-3.5997
2023-06-17 03:00:00,-3.5987
2023-06-17 04:00:00,-3.5986
2023-06-17 05:00:00,-3.5979
2023-06-17 06:00:00,-3.5973
2023-06-17 07:00:00,-3.5961
2023-06-17 08:00:00,-3.5970
2023-06-17 09:00:00,-3.5961
2023-06-17 10:00:00,-3.5957
2023-06-17 11:00:00,-3.5967
2023-06-17 12:00:00,-3.5948
2023-06-17 13:00:00,-3.5944
2023-06-17 14:00:00,-3.5949
2023-06-17 15:00:00,-3.5957
2023-06-17 16:00:00,-3.5963
2023-06-17 17:00:00,-3.5971
2023-06-17 18:00:00,-3.5979
2023-06-17 19:00:00,-3.5992
2023-06-17 20:00:00,-3.6003
2023-06-17 21:00:00,-3.6014
2023-06-17 22:00:00,-3.6018
2023-06-17 23:00:00,-3.6026
2023-06-18 00:00:00,-3.6030
2023-06-18 01:00:00,-3.6040
2023-06-18 02:00:00,-3.6040
2023-06-18 03:00:00,-3.6040
2023-06-18 04:00:00,-3.6043
2023-06-18 05:00:00,-3.6049
2023-06-18 06:00:00,-3.6049
2023-06-18 07:00:00,-3.6055
2023-06-18 08:00:00,-3.6067
2023-06-18 09:00:00,-3.6102
2023-06-18 10:00:00,-3.6103
2023-06-18 11:00:00,-3.6109
2023-06-18 12:00:00,-3.6106
2023-06-18 13:00:00,-3.6108
2023-06-18 14:00:00,-3.6115
2023-06-18 15:00:00,-3.6116
2023-06-18 16:00:00,-3.6131
2023-06-18 17:00:00,-3.6100
2023-06-18 18:00:00,-3.6096
2023-06-18 19:00:00,-3.6126
2023-06-18 20:00:00,-3.6111
2023-06-18 21:00:00,-3.6136
2023-06-18 22:00:00,-3.6123
2023-06-18 23:00:00,-3.6110
2023-06-19 00:00:00,-3.6094
2023-06-19 01:00:00,-3.6086
2023-06-19 02:00:00,-3.6117
2023-06-19 03:00:00,-3.6147
2023-06-19 04:00:00,-3.6158
2023-06-19 05:00:00,-3.6165
2023-06-19 06:00:00,-3.6189
2023-06-19 07:00:00,-3.6204
2023-06-19 08:00:00,-3.6195
2023-06-19 09:00:00,-3.6192
2023-06-19 10:00:00,-3.6196
2023-06-19 11:00:00,-3.6187
2023-06-19 12:00:00,-3.6171
2023-06-19 13:00:00,-3.6153
2023-06-19 14:00:00,-3.6163
2023-06-19 15:00:00,-3.6163
2023-06-19 16:00:00,-3.6163
2023-06-19 17:00:00,-3.6183
2023-06-19 18:00:00,-3.6188
2023-06-19 19:00:00,-3.6202
2023-06-19 20:00:00,-3.6203
2023-06-19 21:00:00,-3.6207
2023-06-19 22:00:00,-3.6180
2023-06-19 23:00:00,-3.6186
2023-06-20 00:00:00,-3.6193
2023-06-20 01:00:00,-3.6196
2023-06-20 02:00:00,-3.6202
2023-06-20 03:00:00,-3.6196
2023-06-20 04:00:00,-3.6191
2023-06-20 05:00:00,-3.6172
2023-06-20 06:00:00,-3.6149
2023-06-20 07:00:00,-3.6147
2023-06-20 08:00:00,-3.6153
2023-06-20 09:00:00,-3.6159
2023-06-20 10:00:00,-3.6158
2023-06-20 11:00:00,-3.6140
2023-06-20 12:00:00,-3.6160
2023-06-20 13:00:00,-3.6144
2023-06-20 14:00:00,-3.6170
2023-06-20 15:00:00,-3.6158
2023-06-20 16:00:00,-3.6174
2023-06-20 17:00:00,-3.6171
2023-06-20 18:00:00,-3.6164
2023-06-20 19:00:00,-3.5998
2023-06-20 20:00:00,-3.5797
2023-06-20 21:00:00,-3.5649
2023-06-20 22:00:00,-3.5563
2023-06-20 23:00:00,-3.5479
2023-06-21 00:00:00,-3.5455
2023-06-21 01:00:00,-3.5420
2023-06-21 02:00:00,-3.5388
2023-06-21 03:00:00,-3.5384
2023-06-21 04:00:00,-3.5356
2023-06-21 05:00:00,-3.5368
2023-06-21 06:00:00,-3.5338
2023-06-21 07:00:00,-3.5327
2023-06-21 08:00:00,-3.5335
2023-06-21 09:00:00,-3.5326
2023-06-21 10:00:00,-3.5327
2023-06-21 11:00:00,-3.5350
2023-06-21 12:00:00,-3.5365
2023-06-21 13:00:00,-3.5352
2023-06-21 14:00:00,-3.5360
2023-06-21 15:00:00,-3.5378
2023-06-21 16:00:00,-3.5383
2023-06-21 17:00:00,-3.5393
2023-06-21 18:00:00,-3.5397
2023-06-21 19:00:00,-3.5412
2023-06-21 20:00:00,-3.5405
2023-06-21 21:00:00,-3.5414
2023-06-21 22:00:00,-3.5431
2023-06-21 23:00:00,-3.5434
2023-06-22 00:00:00,-3.5440
2023-06-22 01:00:00,-3.5458
2023-06-22 02:00:00,-3.5449
2023-06-22 03:00:00,-3.5451
2023-06-22 04:00:00,-3.5451
2023-06-22 05:00:00,-3.5446
2023-06-22 06:00:00,-3.5441
2023-06-22 07:00:00,-3.5426
2023-06-22 08:00:00,-3.5425
2023-06-22 09:00:00,-3.5420
2023-06-22 10:00:00,-3.5407
2023-06-22 11:00:00,-3.5423
2023-06-22 12:00:00,-3.5435
2023-06-22 13:00:00,-3.5456
2023-06-22 14:00:00,-3.5450
2023-06-22 15:00:00,-3.5465
2023-06-22 16:00:00,-3.5459
2023-06-22 17:00:00,-3.5505
2023-06-22 18:00:00,-3.5507
2023-06-22 19:00:00,-3.5505
2023-06-22 20:00:00,-3.5490
2023-06-22 21:00:00,-3.5511
2023-06-22 22:00:00,-3.5538
2023-06-22 23:00:00,-3.5529
2023-06-23 00:00:00,-3.5526
2023-06-23 01:00:00,-3.5527
2023-06-23 02:00:00,-3.5538
2023-06-23 03:00:00,-3.5545
2023-06-23 04:00:00,-3.5557
2023-06-23 05:00:00,-3.5560
2023-06-23 06:00:00,-3.5572
2023-06-23 07:00:00,-3.5572
2023-06-23 08:00:00,-3.5582
2023-06-23 09:00:00,-3.5623
2023-06-23 10:00:00,-3.5643
2023-06-23 11:00:00,-3.5660
2023-06-23 12:00:00,-3.5616
2023-06-23 13:00:00,-3.5639
2023-06-23 14:00:00,-3.5639
2023-06-23 15:00:00,-3.5642
2023-06-23 16:00:00,-3.5631
2023-06-23 17:00:00,-3.5661
2023-06-23 18:00:00,-3.5710
2023-06-23 19:00:00,-3.5726
2023-06-23 20:00:00,-3.5740
2023-06-23 21:00:00,-3.5751
2023-06-23 22:00:00,-3.5765
2023-06-23 23:00:00,-3.5750
2023-06-24 00:00:00,-3.5780
2023-06-24 01:00:00,-3.5779
2023-06-24 02:00:00,-3.5775
2023-06-24 03:00:00,-3.5770
2023-06-24 04:00:00,-3.5767
2023-06-24 05:00:00,-3.5792
2023-06-24 06:00:00,-3.5807
2023-06-24 07:00:00,-3.5790
2023-06-24 08:00:00,-3.5784
2023-06-24 09:00:00,-3.5765
2023-06-24 10:00:00,-3.5766
2023-06-24 11:00:00,-3.5776
2023-06-24 12:00:00,-3.5771
2023-06-24 13:00:00,-3.5784
2023-06-24 14:00:00,-3.5772
2023-06-24 15:00:00,-3.5788
2023-06-24 16:00:00,-3.5815
2023-06-24 17:00:00,-3.5821
2023-06-24 18:00:00,-3.5823
2023-06-24 19:00:00,-3.5882
2023-06-24 20:00:00,-3.5880
2023-06-24 21:00:00,-3.5887
2023-06-24 22:00:00,-3.5887
2023-06-24 23:00:00,-3.5853
2023-06-25 00:00:00,-3.5854
2023-06-25 01:00:00,-3.5854
2023-06-25 02:00:00,-3.5841
2023-06-25 03:00:00,-3.5837
2023-06-25 04:00:00,-3.5824
2023-06-25 05:00:00,-3.5831
2023-06-25 06:00:00,-3.5823
2023-06-25 07:00:00,-3.5806
2023-06-25 08:00:00,-3.5797
2023-06-25 09:00:00,-3.5808
2023-06-25 10:00:00,-3.5820
2023-06-25 11:00:00,-3.5827
2023-06-25 12:00:00,-3.5838
2023-06-25 13:00:00,-3.5841
2023-06-25 14:00:00,-3.5855
2023-06-25 15:00:00,-3.5870
2023-06-25 16:00:00,-3.5874
2023-06-25 17:00:00,-3.5888
2023-06-25 18:00:00,-3.5869
2023-06-25 19:00:00,-3.5875
2023-06-25 20:00:00,-3.5884
2023-06-25 21:00:00,-3.5891
2023-06-25 22:00:00,-3.5899
2023-06-25 23:00:00,-3.5895
2023-06-26 00:00:00,-3.5909
2023-06-26 01:00:00,-3.5925
2023-06-26 02:00:00,-3.5916
2023-06-26 03:00:00,-3.5925
2023-06-26 04:00:00,-3.5938
2023-06-26 05:00:00,-3.5930
2023-06-26 06:00:00,-3.5918
2023-06-26 07:00:00,-3.5896
2023-06-26 08:00:00,-3.5911
2023-06-26 09:00:00,-3.5915
2023-06-26 10:00:00,-3.5922
2023-06-26 11:00:00,-3.5922
2023-06-26 12:00:00,-3.5947
2023-06-26 13:00:00,-3.5964
2023-06-26 14:00:00,-3.5975
2023-06-26 15:00:00,-3.5987
2023-06-26 16:00:00,-3.6011
2023-06-26 17:00:00,-3.6014
2023-06-26 18:00:00,-3.6021
2023-06-26 19:00:00,-3.6048
2023-06-26 20:00:00,-3.6065
2023-06-26 21:00:00,-3.6063
2023-06-26 22:00:00,-3.6084
2023-06-26 23:00:00,-3.6039
2023-06-27 00:00:00,-3.6038
2023-06-27 01:00:00,-3.6042
2023-06-27 02:00:00,-3.6027
2023-06-27 03:00:00,-3.6031
2023-06-27 04:00:00,-3.6035
2023-06-27 05:00:00,-3.6037
2023-06-27 06:00:00,-3.6055
2023-06-27 07:00:00,-3.6070
2023-06-27 08:00:00,-3.6081
2023-06-27 09:00:00,-3.6046
2023-06-27 10:00:00,-3.6058
2023-06-27 11:00:00,-3.6068
2023-06-27 12:00:00,-3.6071
2023-06-27 13:00:00,-3.6073
2023-06-27 14:00:00,-3.6084
2023-06-27 15:00:00,-3.6103
2023-06-27 16:00:00,-3.6108
2023-06-27 17:00:00,-3.6124
2023-06-27 18:00:00,-3.6120
2023-06-27 19:00:00,-3.6117
2023-06-27 20:00:00,-3.6123
2023-06-27 21:00:00,-3.6147
2023-06-27 22:00:00,-3.6174
2023-06-27 23:00:00,-3.6175
2023-06-28 00:00:00,-3.6183
2023-06-28 01:00:00,-3.6179
2023-06-28 02:00:00,-3.6172
2023-06-28 03:00:00,-3.6166
2023-06-28 04:00:00,-3.6156
2023-06-28 05:00:00,-3.6141
2023-06-28 06:00:00,-3.6147
2023-06-28 07:00:00,-3.6126
2023-06-28 08:00:00,-3.6119
2023-06-28 09:00:00,-3.6115
2023-06-28 10:00:00,-3.6105
2023-06-28 11:00:00,-3.6081
2023-06-28 12:00:00,-3.6080
2023-06-28 13:00:00,-3.6092
2023-06-28 14:00:00,-3.6068
2023-06-28 15:00:00,-3.6053
2023-06-28 16:00:00,-3.6088
2023-06-28 17:00:00,-3.6086
2023-06-28 18:00:00,-3.6095
2023-06-28 19:00:00,-3.6093
2023-06-28 20:00:00,-3.6101
2023-06-28 21:00:00,-3.6084
2023-06-28 22:00:00,-3.6122
2023-06-28 23:00:00,-3.6127
2023-06-29 00:00:00,-3.6119
2023-06-29 01:00:00,-3.6127
2023-06-29 02:00:00,-3.6133
2023-06-29 03:00:00,-3.6130
2023-06-29 04:00:00,-3.6130
2023-06-29 05:00:00,-3.6121
2023-06-29 06:00:00,-3.6122
2023-06-29 07:00:00,-3.6114
2023-06-29 08:00:00,-3.6103
2023-06-29 09:00:00,-3.6087
2023-06-29 10:00:00,-3.6110
2023-06-29 11:00:00,-3.6090
2023-06-29 12:00:00,-3.6064
2023-06-29 13:00:00,-3.6076
2023-06-29 14:00:00,-3.6089
2023-06-29 15:00:00,-3.6130
2023-06-29 16:00:00,-3.6127
2023-06-29 17:00:00,-3.6140
2023-06-29 18:00:00,-3.6129
2023-06-29 19:00:00,-3.6118
2023-06-29 20:00:00,-3.6112
2023-06-29 21:00:00,-3.6123
2023-06-29 22:00:00,-3.6120
2023-06-29 23:00:00,-3.6091
2023-06-30 00:00:00,-3.6108
2023-06-30 01:00:00,-3.6094
2023-06-30 02:00:00,-3.6076
2023-06-30 03:00:00,-3.6083
2023-06-30 04:00:00,-3.6115
2023-06-30 05:00:00,-3.6136
2023-06-30 06:00:00,-3.6141
2023-06-30 07:00:00,-3.6138
2023-06-30 08:00:00,-3.6117
2023-06-30 09:00:00,-3.6105
2023-06-30 10:00:00,-3.6117
2023-06-30 11:00:00,-3.6116
2023-06-30 12:00:00,-3.6110
2023-06-30 13:00:00,-3.6108
2023-06-30 14:00:00,-3.6133
2023-06-30 15:00:00,-3.6160
2023-06-30 16:00:00,-3.6171
2023-06-30 17:00:00,-3.6185
2023-06-30 18:00:00,-3.6200
2023-06-30 19:00:00,-3.6225
2023-06-30 20:00:00,-3.6235
2023-06-30 21:00:00,-3.6244
2023-06-30 22:00:00,-3.6251
2023-06-30 23:00:00,-3.6260
2023-07-01 00:00:00,-3.6258
2023-07-01 01:00:00,-3.6251
2023-07-01 02:00:00,-3.6248
2023-07-01 03:00:00,-3.6256
2023-07-01 04:00:00,-3.6250
2023-07-01 05:00:00,-3.6235
2023-07-01 06:00:00,-3.6214
2023-07-01 07:00:00,-3.6184
2023-07-01 08:00:00,-3.6129
2023-07-01 09:00:00,-3.6094
2023-07-01 10:00:00,-3.6049
2023-07-01 11:00:00,-3.5997
2023-07-01 12:00:00,-3.5950
2023-07-01 13:00:00,-3.5913
2023-07-01 14:00:00,-3.5890
2023-07-01 15:00:00,-3.5863
2023-07-01 16:00:00,-3.5847
2023-07-01 17:00:00,-3.5844
2023-07-01 18:00:00,-3.5825
2023-07-01 19:00:00,-3.5802
2023-07-01 20:00:00,-3.5801
2023-07-01 21:00:00,-3.5820
2023-07-01 22:00:00,-3.5827
2023-07-01 23:00:00,-3.5811
2023-07-02 00:00:00,-3.5802
2023-07-02 01:00:00,-3.5809
2023-07-02 02:00:00,-3.5807
2023-07-02 03:00:00,-3.5814
2023-07-02 04:00:00,-3.5818
2023-07-02 05:00:00,-3.5832
2023-07-02 06:00:00,-3.5834
2023-07-02 07:00:00,-3.5830
2023-07-02 08:00:00,-3.5845
2023-07-02 09:00:00,-3.5843
2023-07-02 10:00:00,-3.5832
2023-07-02 11:00:00,-3.5844
2023-07-02 12:00:00,-3.5852
2023-07-02 13:00:00,-3.5862
2023-07-02 14:00:00,-3.5870
2023-07-02 15:00:00,-3.5883
2023-07-02 16:00:00,-3.5906
2023-07-02 17:00:00,-3.5935
2023-07-02 18:00:00,-3.5945
2023-07-02 19:00:00,-3.5960
2023-07-02 20:00:00,-3.5979
2023-07-02 21:00:00,-3.5983
2023-07-02 22:00:00,-3.6000
2023-07-02 23:00:00,-3.6003
2023-07-03 00:00:00,-3.5999
2023-07-03 01:00:00,-3.5994
2023-07-03 02:00:00,-3.5988
2023-07-03 03:00:00,-3.5983
2023-07-03 04:00:00,-3.5981
2023-07-03 05:00:00,-3.5989
2023-07-03 06:00:00,-3.5989
2023-07-03 07:00:00,-3.5991
2023-07-03 08:00:00,-3.5988
2023-07-03 09:00:00,-3.5993
2023-07-03 10:00:00,-3.5993
2023-07-03 11:00:00,-3.6016
2023-07-03 12:00:00,-3.6014
2023-07-03 13:00:00,-3.6027
2023-07-03 14:00:00,-3.6033
2023-07-03 15:00:00,-3.6049
2023-07-03 16:00:00,-3.6064
2023-07-03 17:00:00,-3.6074
2023-07-03 18:00:00,-3.6084
2023-07-03 19:00:00,-3.6113
2023-07-03 20:00:00,-3.6141
2023-07-03 21:00:00,-3.6190
2023-07-03 22:00:00,-3.6194
2023-07-03 23:00:00,-3.6149
2023-07-04 00:00:00,-3.6141
2023-07-04 01:00:00,-3.6124
2023-07-04 02:00:00,-3.6109
2023-07-04 03:00:00,-3.6117
2023-07-04 04:00:00,-3.6090
2023-07-04 05:00:00,-3.6095
2023-07-04 06:00:00,-3.6092
2023-07-04 07:00:00,-3.6098
2023-07-04 08:00:00,-3.6103
2023-07-04 09:00:00,-3.6104
2023-07-04 10:00:00,-3.6094
2023-07-04 11:00:00,-3.6106
2023-07-04 12:00:00,-3.6127
2023-07-04 13:00:00,-3.6121
2023-07-04 14:00:00,-3.6085
2023-07-04 18:00:00,-3.7038
2023-07-04 19:00:00,-3.7047
2023-07-04 20:00:00,-3.7055
2023-07-04 21:00:00,-3.7066
2023-07-04 22:00:00,-3.7061
2023-07-04 23:00:00,-3.7054
2023-07-05 00:00:00,-3.7046
2023-07-05 01:00:00,-3.7036
2023-07-05 02:00:00,-3.7027
2023-07-05 03:00:00,-3.6993
2023-07-05 04:00:00,-3.6982
2023-07-05 05:00:00,-3.6963
2023-07-05 06:00:00,-3.6934
2023-07-05 07:00:00,-3.6922
2023-07-05 08:00:00,-3.6914
2023-07-05 09:00:00,-3.6903
2023-07-05 10:00:00,-3.6865
2023-07-05 11:00:00,-3.6829
2023-07-05 12:00:00,-3.6770
2023-07-05 13:00:00,-3.6658
2023-07-05 14:00:00,-3.6582
2023-07-05 15:00:00,-3.6531
2023-07-05 16:00:00,-3.6482
2023-07-05 17:00:00,-3.6440
2023-07-05 18:00:00,-3.6405
2023-07-05 19:00:00,-3.6381
2023-07-05 20:00:00,-3.6362
2023-07-05 21:00:00,-3.6357
2023-07-05 22:00:00,-3.6346
2023-07-05 23:00:00,-3.6344
2023-07-06 00:00:00,-3.6340
2023-07-06 01:00:00,-3.6331
2023-07-06 02:00:00,-3.6323
2023-07-06 03:00:00,-3.6318
2023-07-06 04:00:00,-3.6311
2023-07-06 05:00:00,-3.6307
2023-07-06 06:00:00,-3.6304
2023-07-06 07:00:00,-3.6304
2023-07-06 08:00:00,-3.6304
2023-07-06 09:00:00,-3.6305
2023-07-06 10:00:00,-3.6310
2023-07-06 11:00:00,-3.6320
2023-07-06 12:00:00,-3.6327
2023-07-06 13:00:00,-3.6339
2023-07-06 14:00:00,-3.6351
2023-07-06 15:00:00,-3.6365
2023-07-06 16:00:00,-3.6386
2023-07-06 17:00:00,-3.6406
2023-07-06 18:00:00,-3.6420
2023-07-06 19:00:00,-3.6436
2023-07-06 20:00:00,-3.6450
2023-07-06 21:00:00,-3.6464
2023-07-06 22:00:00,-3.6476
2023-07-06 23:00:00,-3.6488
2023-07-07 00:00:00,-3.6499
2023-07-07 01:00:00,-3.6504
2023-07-07 02:00:00,-3.6507
2023-07-07 03:00:00,-3.6509
2023-07-07 04:00:00,-3.6508
2023-07-07 05:00:00,-3.6508
2023-07-07 06:00:00,-3.6507
2023-07-07 07:00:00,-3.6510
2023-07-07 08:00:00,-3.6506
2023-07-07 09:00:00,-3.6509
2023-07-07 10:00:00,-3.6516
2023-07-07 11:00:00,-3.6525
2023-07-07 12:00:00,-3.6536
2023-07-07 13:00:00,-3.6552
2023-07-07 14:00:00,-3.6567
2023-07-07 15:00:00,-3.6582
2023-07-07 16:00:00,-3.6601
2023-07-07 17:00:00,-3.6618
2023-07-07 18:00:00,-3.6631
2023-07-07 19:00:00,-3.6644
2023-07-07 20:00:00,-3.6659
2023-07-07 21:00:00,-3.6669
2023-07-07 22:00:00,-3.6678
2023-07-07 23:00:00,-3.6691
2023-07-08 00:00:00,-3.6698
2023-07-08 01:00:00,-3.6707
2023-07-08 02:00:00,-3.6706
2023-07-08 03:00:00,-3.6701
2023-07-08 04:00:00,-3.6696
2023-07-08 05:00:00,-3.6691
2023-07-08 06:00:00,-3.6685
2023-07-08 07:00:00,-3.6677
2023-07-08 08:00:00,-3.6673
2023-07-08 09:00:00,-3.6668
2023-07-08 10:00:00,-3.6669
2023-07-08 11:00:00,-3.6675
2023-07-08 12:00:00,-3.6684
2023-07-08 13:00:00,-3.6693
2023-07-08 14:00:00,-3.6707
2023-07-08 15:00:00,-3.6725
2023-07-08 16:00:00,-3.6744
2023-07-08 17:00:00,-3.6757
2023-07-08 18:00:00,-3.6771
2023-07-08 19:00:00,-3.6787
2023-07-08 20:00:00,-3.6801
2023-07-08 21:00:00,-3.6808
2023-07-08 22:00:00,-3.6813
2023-07-08 23:00:00,-3.6817
2023-07-09 00:00:00,-3.6822
2023-07-09 01:00:00,-3.6824
2023-07-09 02:00:00,-3.6826
2023-07-09 03:00:00,-3.6825
2023-07-09 04:00:00,-3.6822
2023-07-09 05:00:00,-3.6817
2023-07-09 06:00:00,-3.6814
2023-07-09 07:00:00,-3.6810
2023-07-09 08:00:00,-3.6803
2023-07-09 09:00:00,-3.6798
2023-07-09 10:00:00,-3.6794
2023-07-09 11:00:00,-3.6796
2023-07-09 12:00:00,-3.6801
2023-07-09 13:00:00,-3.6809
2023-07-09 14:00:00,-3.6824
2023-07-09 15:00:00,-3.6839
2023-07-09 16:00:00,-3.6861
2023-07-09 17:00:00,-3.6868
2023-07-09 18:00:00,-3.6879
2023-07-09 19:00:00,-3.6884
2023-07-09 20:00:00,-3.6871
2023-07-09 21:00:00,-3.6877
2023-07-09 22:00:00,-3.6875
2023-07-09 23:00:00,-3.6871
2023-07-10 00:00:00,-3.6873
2023-07-10 01:00:00,-3.6870
2023-07-10 02:00:00,-3.6876
2023-07-10 03:00:00,-3.6874
2023-07-10 04:00:00,-3.6861
2023-07-10 05:00:00,-3.6862
2023-07-10 06:00:00,-3.6856
2023-07-10 07:00:00,-3.6850
2023-07-10 08:00:00,-3.6848
2023-07-10 09:00:00,-3.6845
2023-07-10 10:00:00,-3.6840
2023-07-10 11:00:00,-3.6841
2023-07-10 12:00:00,-3.6849
2023-07-10 13:00:00,-3.6858
2023-07-10 14:00:00,-3.6878
2023-07-10 15:00:00,-3.6903
2023-07-10 16:00:00,-3.6925
2023-07-10 17:00:00,-3.6948
2023-07-10 18:00:00,-3.6962
2023-07-10 19:00:00,-3.6977
2023-07-10 20:00:00,-3.6987
2023-07-10 21:00:00,-3.6997
2023-07-10 22:00:00,-3.7001
2023-07-10 23:00:00,-3.7003
2023-07-11 00:00:00,-3.6998
2023-07-11 01:00:00,-3.6996
2023-07-11 02:00:00,-3.6993
2023-07-11 03:00:00,-3.6989
2023-07-11 04:00:00,-3.6983
2023-07-11 05:00:00,-3.6974
2023-07-11 06:00:00,-3.6963
2023-07-11 07:00:00,-3.6955
2023-07-11 08:00:00,-3.6945
2023-07-11 09:00:00,-3.6935
2023-07-11 10:00:00,-3.6923
2023-07-11 11:00:00,-3.6921
2023-07-11 12:00:00,-3.6931
2023-07-11 13:00:00,-3.6950
2023-07-11 14:00:00,-3.6971
2023-07-11 15:00:00,-3.6998
2023-07-11 16:00:00,-3.7020
2023-07-11 17:00:00,-3.7038
2023-07-11 18:00:00,-3.7053
2023-07-11 19:00:00,-3.7066
2023-07-11 20:00:00,-3.7074
2023-07-11 21:00:00,-3.7079
2023-07-11 22:00:00,-3.7084
2023-07-11 23:00:00,-3.7083
2023-07-12 00:00:00,-3.7079
2023-07-12 01:00:00,-3.7071
2023-07-12 02:00:00,-3.7068
2023-07-12 03:00:00,-3.7063
2023-07-12 04:00:00,-3.7059
2023-07-12 05:00:00,-3.7050
2023-07-12 06:00:00,-3.7046
2023-07-12 07:00:00,-3.7043
2023-07-12 08:00:00,-3.7038
2023-07-12 09:00:00,-3.7034
2023-07-12 10:00:00,-3.7027
2023-07-12 11:00:00,-3.7022
2023-07-12 12:00:00,-3.7021
2023-07-12 13:00:00,-3.7026
2023-07-12 14:00:00,-3.7036
2023-07-12 15:00:00,-3.7054
2023-07-12 16:00:00,-3.7074
2023-07-12 17:00:00,-3.7097
2023-07-12 18:00:00,-3.7121
2023-07-12 19:00:00,-3.7143
2023-07-12 20:00:00,-3.7164
2023-07-12 21:00:00,-3.7181
2023-07-12 22:00:00,-3.7194
2023-07-12 23:00:00,-3.7201
2023-07-13 00:00:00,-3.7207
2023-07-13 01:00:00,-3.7207
2023-07-13 02:00:00,-3.7205
2023-07-13 03:00:00,-3.7203
2023-07-13 04:00:00,-3.7199
2023-07-13 05:00:00,-3.7192
2023-07-13 06:00:00,-3.7186
2023-07-13 07:00:00,-3.7168
2023-07-13 08:00:00,-3.7165
2023-07-13 09:00:00,-3.7163
2023-07-13 10:00:00,-3.7160
2023-07-13 11:00:00,-3.7165
2023-07-13 12:00:00,-3.7176
2023-07-13 13:00:00,-3.7197
2023-07-13 14:00:00,-3.7217
2023-07-13 15:00:00,-3.7237
2023-07-13 16:00:00,-3.7258
2023-07-13 17:00:00,-3.7276
2023-07-13 18:00:00,-3.7292
2023-07-13 19:00:00,-3.7303
2023-07-13 20:00:00,-3.7311
2023-07-13 21:00:00,-3.7314
2023-07-13 22:00:00,-3.7311
2023-07-13 23:00:00,-3.7307
2023-07-14 00:00:00,-3.7303
2023-07-14 01:00:00,-3.7298
2023-07-14 02:00:00,-3.7295
2023-07-14 03:00:00,-3.7290
2023-07-14 04:00:00,-3.7283
2023-07-14 05:00:00,-3.7278
2023-07-14 06:00:00,-3.7268
2023-07-14 07:00:00,-3.7260
2023-07-14 08:00:00,-3.7254
2023-07-14 09:00:00,-3.7250
2023-07-14 10:00:00,-3.7249
2023-07-14 11:00:00,-3.7253
2023-07-14 12:00:00,-3.7259
2023-07-14 13:00:00,-3.7269
2023-07-14 14:00:00,-3.7277
2023-07-14 15:00:00,-3.7286
2023-07-14 16:00:00,-3.7300
2023-07-14 17:00:00,-3.7313
2023-07-14 18:00:00,-3.7319
2023-07-14 19:00:00,-3.7317
2023-07-14 20:00:00,-3.7311
2023-07-14 21:00:00,-3.7306
2023-07-14 22:00:00,-3.7296
2023-07-14 23:00:00,-3.7281
2023-07-15 00:00:00,-3.7270
2023-07-15 01:00:00,-3.7259
2023-07-15 02:00:00,-3.7253
2023-07-15 03:00:00,-3.7247
2023-07-15 04:00:00,-3.7246
2023-07-15 05:00:00,-3.7245
2023-07-15 06:00:00,-3.7239
2023-07-15 07:00:00,-3.7239
2023-07-15 08:00:00,-3.7240
2023-07-15 09:00:00,-3.7241
2023-07-15 10:00:00,-3.7248
2023-07-15 11:00:00,-3.7264
2023-07-15 12:00:00,-3.7281
2023-07-15 13:00:00,-3.7298
2023-07-15 14:00:00,-3.7318
2023-07-15 15:00:00,-3.7336
2023-07-15 16:00:00,-3.7357
2023-07-15 17:00:00,-3.7363
2023-07-15 18:00:00,-3.7372
2023-07-15 19:00:00,-3.7377
2023-07-15 20:00:00,-3.7388
2023-07-15 21:00:00,-3.7402
2023-07-15 22:00:00,-3.7411
2023-07-15 23:00:00,-3.7413
2023-07-16 00:00:00,-3.7412
2023-07-16 01:00:00,-3.7409
2023-07-16 02:00:00,-3.7400
2023-07-16 03:00:00,-3.7391
2023-07-16 04:00:00,-3.7382
2023-07-16 05:00:00,-3.7384
2023-07-16 06:00:00,-3.7383
2023-07-16 07:00:00,-3.7385
2023-07-16 08:00:00,-3.7383
2023-07-16 09:00:00,-3.7378
2023-07-16 10:00:00,-3.7379
2023-07-16 11:00:00,-3.7388
2023-07-16 12:00:00,-3.7408
2023-07-16 13:00:00,-3.7432
2023-07-16 14:00:00,-3.7448
2023-07-16 15:00:00,-3.7476
2023-07-16 16:00:00,-3.7498
2023-07-16 17:00:00,-3.7515
2023-07-16 18:00:00,-3.7530
2023-07-16 19:00:00,-3.7544
2023-07-16 20:00:00,-3.7550
2023-07-16 21:00:00,-3.7553
2023-07-16 22:00:00,-3.7548
2023-07-16 23:00:00,-3.7541
2023-07-17 00:00:00,-3.7535
2023-07-17 01:00:00,-3.7531
2023-07-17 02:00:00,-3.7519
2023-07-17 03:00:00,-3.7512
2023-07-17 04:00:00,-3.7508
2023-07-17 05:00:00,-3.7505
2023-07-17 06:00:00,-3.7497
2023-07-17 07:00:00,-3.7492
2023-07-17 08:00:00,-3.7491
2023-07-17 09:00:00,-3.7495
2023-07-17 10:00:00,-3.7500
2023-07-17 11:00:00,-3.7513
2023-07-17 12:00:00,-3.7533
2023-07-17 13:00:00,-3.7557
2023-07-17 14:00:00,-3.7577
2023-07-17 15:00:00,-3.7589
2023-07-17 16:00:00,-3.7609
2023-07-17 17:00:00,-3.7632
2023-07-17 18:00:00,-3.7649
2023-07-17 19:00:00,-3.7664
2023-07-17 20:00:00,-3.7672
2023-07-17 21:00:00,-3.7679
2023-07-17 22:00:00,-3.7674
2023-07-17 23:00:00,-3.7652
2023-07-18 00:00:00,-3.7647
2023-07-18 01:00:00,-3.7640
2023-07-18 02:00:00,-3.7634
2023-07-18 03:00:00,-3.7626
2023-07-18 04:00:00,-3.7613
2023-07-18 05:00:00,-3.7616
2023-07-18 06:00:00,-3.7605
2023-07-18 07:00:00,-3.7598
2023-07-18 08:00:00,-3.7597
2023-07-18 09:00:00,-3.7600
2023-07-18 10:00:00,-3.7598
2023-07-18 11:00:00,-3.7596
2023-07-18 12:00:00,-3.7604
2023-07-18 13:00:00,-3.7616
2023-07-18 14:00:00,-3.7629
2023-07-18 15:00:00,-3.7639
2023-07-18 16:00:00,-3.7652
2023-07-18 17:00:00,-3.7669
2023-07-18 18:00:00,-3.7682
2023-07-18 19:00:00,-3.7691
2023-07-18 20:00:00,-3.7695
2023-07-18 21:00:00,-3.7692
2023-07-18 22:00:00,-3.7679
2023-07-18 23:00:00,-3.7675
2023-07-19 00:00:00,-3.7662
2023-07-19 01:00:00,-3.7645
2023-07-19 02:00:00,-3.7639
2023-07-19 03:00:00,-3.7632
2023-07-19 04:00:00,-3.7616
2023-07-19 05:00:00,-3.7602
2023-07-19 06:00:00,-3.7592
2023-07-19 07:00:00,-3.7582
2023-07-19 08:00:00,-3.7563
2023-07-19 09:00:00,-3.7558
2023-07-19 10:00:00,-3.7554
2023-07-19 11:00:00,-3.7553
2023-07-19 12:00:00,-3.7548
2023-07-19 13:00:00,-3.7554
2023-07-19 14:00:00,-3.7553
2023-07-19 15:00:00,-3.7558
2023-07-19 16:00:00,-3.7570
2023-07-19 17:00:00,-3.7580
2023-07-19 18:00:00,-3.7599
2023-07-19 19:00:00,-3.7618
2023-07-19 20:00:00,-3.7627
2023-07-19 21:00:00,-3.7629
2023-07-19 22:00:00,-3.7626
2023-07-19 23:00:00,-3.7617
2023-07-20 00:00:00,-3.7614
2023-07-20 01:00:00,-3.7607
2023-07-20 02:00:00,-3.7597
2023-07-20 03:00:00,-3.7587
2023-07-20 04:00:00,-3.7579
2023-07-20 05:00:00,-3.7575
2023-07-20 06:00:00,-3.7566
2023-07-20 07:00:00,-3.7557
2023-07-20 08:00:00,-3.7555
2023-07-20 09:00:00,-3.7556
2023-07-20 10:00:00,-3.7555
2023-07-20 11:00:00,-3.7554
2023-07-20 12:00:00,-3.7561
2023-07-20 13:00:00,-3.7570
2023-07-20 14:00:00,-3.7578
2023-07-20 15:00:00,-3.7594
2023-07-20 16:00:00,-3.7610
2023-07-20 17:00:00,-3.7626
2023-07-20 18:00:00,-3.7643
2023-07-20 19:00:00,-3.7657
2023-07-20 20:00:00,-3.7666
2023-07-20 21:00:00,-3.7671
2023-07-20 22:00:00,-3.7667
2023-07-20 23:00:00,-3.7662
2023-07-21 00:00:00,-3.7653
2023-07-21 01:00:00,-3.7640
2023-07-21 02:00:00,-3.7630
2023-07-21 03:00:00,-3.7616
2023-07-21 04:00:00,-3.7605
2023-07-21 05:00:00,-3.7594
2023-07-21 06:00:00,-3.7581
2023-07-21 07:00:00,-3.7572
2023-07-21 08:00:00,-3.7567
2023-07-21 09:00:00,-3.7564
2023-07-21 10:00:00,-3.7562
2023-07-21 11:00:00,-3.7562
2023-07-21 12:00:00,-3.7569
2023-07-21 13:00:00,-3.7579
2023-07-21 14:00:00,-3.7590
2023-07-21 15:00:00,-3.7601
2023-07-21 16:00:00,-3.7616
2023-07-21 17:00:00,-3.7629
2023-07-21 18:00:00,-3.7644
2023-07-21 19:00:00,-3.7659
2023-07-21 20:00:00,-3.7674
2023-07-21 21:00:00,-3.7684
2023-07-21 22:00:00,-3.7690
2023-07-21 23:00:00,-3.7690
2023-07-22 00:00:00,-3.7685
2023-07-22 01:00:00,-3.7680
2023-07-22 02:00:00,-3.7674
2023-07-22 03:00:00,-3.7666
2023-07-22 04:00:00,-3.7652
2023-07-22 05:00:00,-3.7645
2023-07-22 06:00:00,-3.7637
2023-07-22 07:00:00,-3.7626
2023-07-22 08:00:00,-3.7607
2023-07-22 09:00:00,-3.7589
2023-07-22 10:00:00,-3.7565
2023-07-22 11:00:00,-3.7555
2023-07-22 12:00:00,-3.7551
2023-07-22 13:00:00,-3.7549
2023-07-22 14:00:00,-3.7551
2023-07-22 15:00:00,-3.7556
2023-07-22 16:00:00,-3.7557
2023-07-22 17:00:00,-3.7556
2023-07-22 18:00:00,-3.7557
2023-07-22 19:00:00,-3.7559
2023-07-22 20:00:00,-3.7556
2023-07-22 21:00:00,-3.7550
2023-07-22 22:00:00,-3.7536
2023-07-22 23:00:00,-3.7522
2023-07-23 00:00:00,-3.7513
2023-07-23 01:00:00,-3.7506
2023-07-23 02:00:00,-3.7490
2023-07-23 03:00:00,-3.7473
2023-07-23 04:00:00,-3.7458
2023-07-23 05:00:00,-3.7440
2023-07-23 06:00:00,-3.7417
2023-07-23 07:00:00,-3.7399
2023-07-23 08:00:00,-3.7385
2023-07-23 09:00:00,-3.7378
2023-07-23 10:00:00,-3.7373
2023-07-23 11:00:00,-3.7371
2023-07-23 12:00:00,-3.7364
2023-07-23 13:00:00,-3.7357
2023-07-23 14:00:00,-3.7359
2023-07-23 15:00:00,-3.7357
2023-07-23 16:00:00,-3.7367
2023-07-23 17:00:00,-3.7377
2023-07-23 18:00:00,-3.7381
2023-07-23 19:00:00,-3.7395
2023-07-23 20:00:00,-3.7397
2023-07-23 21:00:00,-3.7401
2023-07-23 22:00:00,-3.7395
2023-07-23 23:00:00,-3.7395
2023-07-24 00:00:00,-3.7390
2023-07-24 01:00:00,-3.7384
2023-07-24 02:00:00,-3.7373
2023-07-24 03:00:00,-3.7363
2023-07-24 04:00:00,-3.7357
2023-07-24 05:00:00,-3.7349
2023-07-24 06:00:00,-3.7341
2023-07-24 07:00:00,-3.7333
2023-07-24 08:00:00,-3.7329
2023-07-24 09:00:00,-3.7321
2023-07-24 10:00:00,-3.7326
2023-07-24 11:00:00,-3.7328
2023-07-24 12:00:00,-3.7335
2023-07-24 13:00:00,-3.7343
2023-07-24 14:00:00,-3.7346
2023-07-24 15:00:00,-3.7341
2023-07-24 16:00:00,-3.7346
2023-07-24 17:00:00,-3.7355
2023-07-24 18:00:00,-3.7355
2023-07-24 19:00:00,-3.7361
2023-07-24 20:00:00,-3.7365
2023-07-24 21:00:00,-3.7372
2023-07-24 22:00:00,-3.7383
2023-07-24 23:00:00,-3.7387
2023-07-25 00:00:00,-3.7388
2023-07-25 01:00:00,-3.7384
2023-07-25 02:00:00,-3.7383
2023-07-25 03:00:00,-3.7375
2023-07-25 04:00:00,-3.7371
2023-07-25 05:00:00,-3.7364
2023-07-25 06:00:00,-3.7359
2023-07-25 07:00:00,-3.7350
2023-07-25 08:00:00,-3.7350
2023-07-25 09:00:00,-3.7349
2023-07-25 10:00:00,-3.7349
2023-07-25 11:00:00,-3.7349
2023-07-25 12:00:00,-3.7362
2023-07-25 13:00:00,-3.7375
2023-07-25 14:00:00,-3.7385
2023-07-25 15:00:00,-3.7400
2023-07-25 16:00:00,-3.7416
2023-07-25 17:00:00,-3.7438
2023-07-25 18:00:00,-3.7453
2023-07-25 19:00:00,-3.7463
2023-07-25 20:00:00,-3.7455
2023-07-25 21:00:00,-3.7457
2023-07-25 22:00:00,-3.7457
2023-07-25 23:00:00,-3.7463
2023-07-26 00:00:00,-3.7460
2023-07-26 01:00:00,-3.7461
2023-07-26 02:00:00,-3.7458
2023-07-26 03:00:00,-3.7450
2023-07-26 04:00:00,-3.7447
2023-07-26 05:00:00,-3.7440
2023-07-26 06:00:00,-3.7432
2023-07-26 07:00:00,-3.7416
2023-07-26 08:00:00,-3.7370
2023-07-26 09:00:00,-3.7355
2023-07-26 10:00:00,-3.7336
2023-07-26 11:00:00,-3.7322
2023-07-26 12:00:00,-3.7311
2023-07-26 13:00:00,-3.7309
2023-07-26 14:00:00,-3.7310
2023-07-26 15:00:00,-3.7311
2023-07-26 16:00:00,-3.7317
2023-07-26 17:00:00,-3.7324
2023-07-26 18:00:00,-3.7331
2023-07-26 19:00:00,-3.7336
2023-07-26 20:00:00,-3.7336
2023-07-26 21:00:00,-3.7344
2023-07-26 22:00:00,-3.7333
2023-07-26 23:00:00,-3.7335
2023-07-27 00:00:00,-3.7325
2023-07-27 01:00:00,-3.7318
2023-07-27 02:00:00,-3.7311
2023-07-27 03:00:00,-3.7301
2023-07-27 04:00:00,-3.7277
2023-07-27 05:00:00,-3.7259
2023-07-27 06:00:00,-3.7233
2023-07-27 07:00:00,-3.7191
2023-07-27 08:00:00,-3.7147
2023-07-27 09:00:00,-3.7117
2023-07-27 10:00:00,-3.7090
2023-07-27 11:00:00,-3.7050
2023-07-27 12:00:00,-3.7012
2023-07-27 13:00:00,-3.6979
2023-07-27 14:00:00,-3.6951
2023-07-27 15:00:00,-3.6922
2023-07-27 16:00:00,-3.6895
2023-07-27 17:00:00,-3.6868
2023-07-27 18:00:00,-3.6848
2023-07-27 19:00:00,-3.6827
2023-07-27 20:00:00,-3.6812
2023-07-27 21:00:00,-3.6800
2023-07-27 22:00:00,-3.6791
2023-07-27 23:00:00,-3.6787
2023-07-28 00:00:00,-3.6760
2023-07-28 01:00:00,-3.6716
2023-07-28 02:00:00,-3.6692
2023-07-28 03:00:00,-3.6671
2023-07-28 04:00:00,-3.6654
2023-07-28 05:00:00,-3.6641
2023-07-28 06:00:00,-3.6628
2023-07-28 07:00:00,-3.6622
2023-07-28 08:00:00,-3.6614
2023-07-28 09:00:00,-3.6615
2023-07-28 10:00:00,-3.6613
2023-07-28 11:00:00,-3.6613
2023-07-28 12:00:00,-3.6615
2023-07-28 13:00:00,-3.6623
2023-07-28 14:00:00,-3.6630
2023-07-28 15:00:00,-3.6637
2023-07-28 16:00:00,-3.6647
2023-07-28 17:00:00,-3.6654
2023-07-28 18:00:00,-3.6662
2023-07-28 19:00:00,-3.6672
2023-07-28 20:00:00,-3.6680
2023-07-28 21:00:00,-3.6680
2023-07-28 22:00:00,-3.6681
2023-07-28 23:00:00,-3.6686
2023-07-29 00:00:00,-3.6687
2023-07-29 01:00:00,-3.6697
2023-07-29 02:00:00,-3.6697
2023-07-29 03:00:00,-3.6698
2023-07-29 04:00:00,-3.6703
2023-07-29 05:00:00,-3.6702
2023-07-29 06:00:00,-3.6703
2023-07-29 07:00:00,-3.6702
2023-07-29 08:00:00,-3.6705
2023-07-29 09:00:00,-3.6709
2023-07-29 10:00:00,-3.6714
2023-07-29 11:00:00,-3.6723
2023-07-29 12:00:00,-3.6728
2023-07-29 13:00:00,-3.6733
2023-07-29 14:00:00,-3.6746
2023-07-29 15:00:00,-3.6760
2023-07-29 16:00:00,-3.6770
2023-07-29 17:00:00,-3.6783
2023-07-29 18:00:00,-3.6794
2023-07-29 19:00:00,-3.6811
2023-07-29 20:00:00,-3.6821
2023-07-29 21:00:00,-3.6824
2023-07-29 22:00:00,-3.6828
2023-07-29 23:00:00,-3.6830
2023-07-30 00:00:00,-3.6833
2023-07-30 01:00:00,-3.6836
2023-07-30 02:00:00,-3.6838
2023-07-30 03:00:00,-3.6840
2023-07-30 04:00:00,-3.6839
2023-07-30 05:00:00,-3.6837
2023-07-30 06:00:00,-3.6836
2023-07-30 07:00:00,-3.6838
2023-07-30 08:00:00,-3.6837
2023-07-30 09:00:00,-3.6837
2023-07-30 10:00:00,-3.6835
2023-07-30 11:00:00,-3.6839
2023-07-30 12:00:00,-3.6852
2023-07-30 13:00:00,-3.6868
2023-07-30 14:00:00,-3.6886
2023-07-30 15:00:00,-3.6901
2023-07-30 16:00:00,-3.6927
2023-07-30 17:00:00,-3.6943
2023-07-30 18:00:00,-3.6957
2023-07-30 19:00:00,-3.6968
2023-07-30 20:00:00,-3.6976
2023-07-30 21:00:00,-3.6980
2023-07-30 22:00:00,-3.6981
2023-07-30 23:00:00,-3.6980
2023-07-31 00:00:00,-3.6967
2023-07-31 01:00:00,-3.6939
2023-07-31 02:00:00,-3.6921
2023-07-31 03:00:00,-3.6894
2023-07-31 04:00:00,-3.6867
2023-07-31 05:00:00,-3.6852
2023-07-31 06:00:00,-3.6840
2023-07-31 07:00:00,-3.6818
2023-07-31 08:00:00,-3.6769
2023-07-31 09:00:00,-3.6736
2023-07-31 10:00:00,-3.6690
2023-07-31 11:00:00,-3.6658
2023-07-31 12:00:00,-3.6627
2023-07-31 13:00:00,-3.6597
2023-07-31 14:00:00,-3.6567
2023-07-31 15:00:00,-3.6551
2023-07-31 16:00:00,-3.6537
2023-07-31 17:00:00,-3.6512
2023-07-31 18:00:00,-3.6498
2023-07-31 19:00:00,-3.6485
2023-07-31 20:00:00,-3.6472
2023-07-31 21:00:00,-3.6460
2023-07-31 22:00:00,-3.6451
2023-07-31 23:00:00,-3.6436
2023-08-01 00:00:00,-3.6424
2023-08-01 01:00:00,-3.6414
2023-08-01 02:00:00,-3.6406
2023-08-01 03:00:00,-3.6402
2023-08-01 04:00:00,-3.6386
2023-08-01 05:00:00,-3.6380
2023-08-01 06:00:00,-3.6366
2023-08-01 07:00:00,-3.6357
2023-08-01 08:00:00,-3.6347
2023-08-01 09:00:00,-3.6341
2023-08-01 10:00:00,-3.6336
2023-08-01 11:00:00,-3.6333
2023-08-01 12:00:00,-3.6329
2023-08-01 13:00:00,-3.6334
2023-08-01 14:00:00,-3.6342
2023-08-01 15:00:00,-3.6350
2023-08-01 16:00:00,-3.6357
2023-08-01 17:00:00,-3.6364
2023-08-01 18:00:00,-3.6367
2023-08-01 19:00:00,-3.6368
2023-08-01 20:00:00,-3.6371
2023-08-01 21:00:00,-3.6372
2023-08-01 22:00:00,-3.6371
2023-08-01 23:00:00,-3.6371
2023-08-02 00:00:00,-3.6367
2023-08-02 01:00:00,-3.6365
2023-08-02 02:00:00,-3.6363
2023-08-02 03:00:00,-3.6364
2023-08-02 04:00:00,-3.6365
2023-08-02 05:00:00,-3.6364
2023-08-02 06:00:00,-3.6366
2023-08-02 07:00:00,-3.6365
2023-08-02 08:00:00,-3.6354
2023-08-02 09:00:00,-3.6320
2023-08-02 10:00:00,-3.6290
2023-08-02 11:00:00,-3.6244
2023-08-02 12:00:00,-3.6225
2023-08-02 13:00:00,-3.6197
2023-08-02 14:00:00,-3.6188
2023-08-02 15:00:00,-3.6193
2023-08-02 16:00:00,-3.6185
2023-08-02 17:00:00,-3.6197
2023-08-02 18:00:00,-3.6206
2023-08-02 19:00:00,-3.6199
2023-08-02 20:00:00,-3.6177
2023-08-02 21:00:00,-3.6139
2023-08-02 22:00:00,-3.6099
2023-08-02 23:00:00,-3.6071
2023-08-03 00:00:00,-3.6042
2023-08-03 01:00:00,-3.6017
2023-08-03 02:00:00,-3.5996
2023-08-03 03:00:00,-3.5973
2023-08-03 04:00:00,-3.5963
2023-08-03 05:00:00,-3.5955
2023-08-03 06:00:00,-3.5948
2023-08-03 07:00:00,-3.5951
2023-08-03 08:00:00,-3.5950
2023-08-03 09:00:00,-3.5956
2023-08-03 10:00:00,-3.5964
2023-08-03 11:00:00,-3.5967
2023-08-03 12:00:00,-3.5973
2023-08-03 13:00:00,-3.5987
2023-08-03 14:00:00,-3.5993
2023-08-03 15:00:00,-3.6009
2023-08-03 16:00:00,-3.6026
2023-08-03 17:00:00,-3.6048
2023-08-03 18:00:00,-3.6067
2023-08-03 19:00:00,-3.6091
2023-08-03 20:00:00,-3.6112
2023-08-03 21:00:00,-3.6133
2023-08-03 22:00:00,-3.6147
2023-08-03 23:00:00,-3.6157
2023-08-04 00:00:00,-3.6167
2023-08-04 01:00:00,-3.6176
2023-08-04 02:00:00,-3.6179
2023-08-04 03:00:00,-3.6185
2023-08-04 04:00:00,-3.6192
2023-08-04 05:00:00,-3.6200
2023-08-04 06:00:00,-3.6207
2023-08-04 07:00:00,-3.6215
2023-08-04 08:00:00,-3.6225
2023-08-04 09:00:00,-3.6238
2023-08-04 10:00:00,-3.6247
2023-08-04 11:00:00,-3.6257
2023-08-04 12:00:00,-3.6263
2023-08-04 13:00:00,-3.6281
2023-08-04 14:00:00,-3.6294
2023-08-04 15:00:00,-3.6309
2023-08-04 16:00:00,-3.6328
2023-08-04 17:00:00,-3.6339
2023-08-04 18:00:00,-3.6346
2023-08-04 19:00:00,-3.6357
2023-08-04 20:00:00,-3.6373
2023-08-04 21:00:00,-3.6390
2023-08-04 22:00:00,-3.6406
2023-08-04 23:00:00,-3.6415
2023-08-05 00:00:00,-3.6420
2023-08-05 01:00:00,-3.6419
2023-08-05 02:00:00,-3.6427
2023-08-05 03:00:00,-3.6428
2023-08-05 04:00:00,-3.6428
2023-08-05 05:00:00,-3.6428
2023-08-05 06:00:00,-3.6425
2023-08-05 07:00:00,-3.6423
2023-08-05 08:00:00,-3.6427
2023-08-05 09:00:00,-3.6430
2023-08-05 10:00:00,-3.6437
2023-08-05 11:00:00,-3.6449
2023-08-05 12:00:00,-3.6455
2023-08-05 13:00:00,-3.6458
2023-08-05 14:00:00,-3.6456
2023-08-05 15:00:00,-3.6447
2023-08-05 16:00:00,-3.6446
2023-08-05 17:00:00,-3.6442
2023-08-05 18:00:00,-3.6436
2023-08-05 19:00:00,-3.6438
2023-08-05 20:00:00,-3.6434
2023-08-05 21:00:00,-3.6430
2023-08-05 22:00:00,-3.6434
2023-08-05 23:00:00,-3.6422
2023-08-06 00:00:00,-3.6414
2023-08-06 01:00:00,-3.6416
2023-08-06 02:00:00,-3.6402
2023-08-06 03:00:00,-3.6347
2023-08-06 04:00:00,-3.6259
2023-08-06 05:00:00,-3.6143
2023-08-06 06:00:00,-3.5934
2023-08-06 07:00:00,-3.5587
2023-08-06 08:00:00,-3.5251
2023-08-06 09:00:00,-3.5047
2023-08-06 10:00:00,-3.4915
2023-08-06 11:00:00,-3.4817
2023-08-06 12:00:00,-3.4749
2023-08-06 13:00:00,-3.4704
2023-08-06 14:00:00,-3.4679
2023-08-06 15:00:00,-3.4665
2023-08-06 16:00:00,-3.4660
2023-08-06 17:00:00,-3.4656
2023-08-06 18:00:00,-3.4658
2023-08-06 19:00:00,-3.4658
2023-08-06 20:00:00,-3.4660
2023-08-06 21:00:00,-3.4669
2023-08-06 22:00:00,-3.4671
2023-08-06 23:00:00,-3.4674
2023-08-07 00:00:00,-3.4679
2023-08-07 01:00:00,-3.4678
2023-08-07 02:00:00,-3.4685
2023-08-07 03:00:00,-3.4695
2023-08-07 04:00:00,-3.4700
2023-08-07 05:00:00,-3.4712
2023-08-07 06:00:00,-3.4719
2023-08-07 07:00:00,-3.4727
2023-08-07 08:00:00,-3.4733
2023-08-07 09:00:00,-3.4732
2023-08-07 10:00:00,-3.4733
2023-08-07 11:00:00,-3.4747
2023-08-07 12:00:00,-3.4754
2023-08-07 13:00:00,-3.4766
2023-08-07 14:00:00,-3.4777
2023-08-07 15:00:00,-3.4796
2023-08-07 16:00:00,-3.4817
2023-08-07 17:00:00,-3.4831
2023-08-07 18:00:00,-3.4847
2023-08-07 19:00:00,-3.4866
2023-08-07 20:00:00,-3.4880
2023-08-07 21:00:00,-3.4895
2023-08-07 22:00:00,-3.4902
2023-08-07 23:00:00,-3.4918
2023-08-08 00:00:00,-3.4929
2023-08-08 01:00:00,-3.4932
2023-08-08 02:00:00,-3.4945
2023-08-08 03:00:00,-3.4963
2023-08-08 04:00:00,-3.4978
2023-08-08 05:00:00,-3.4988
2023-08-08 06:00:00,-3.4998
2023-08-08 07:00:00,-3.5010
2023-08-08 08:00:00,-3.5018
2023-08-08 09:00:00,-3.5036
2023-08-08 10:00:00,-3.5046
2023-08-08 11:00:00,-3.5064
2023-08-08 12:00:00,-3.5086
2023-08-08 13:00:00,-3.5103
2023-08-08 14:00:00,-3.5121
2023-08-08 15:00:00,-3.5136
2023-08-08 16:00:00,-3.5147
2023-08-08 17:00:00,-3.5166
2023-08-08 18:00:00,-3.5102
2023-08-08 19:00:00,-3.4977
2023-08-08 20:00:00,-3.4830
2023-08-08 21:00:00,-3.4672
2023-08-08 22:00:00,-3.4586
2023-08-08 23:00:00,-3.4544
2023-08-09 00:00:00,-3.4521
2023-08-09 01:00:00,-3.4507
2023-08-09 02:00:00,-3.4504
2023-08-09 03:00:00,-3.4501
2023-08-09 04:00:00,-3.4501
2023-08-09 05:00:00,-3.4509
2023-08-09 06:00:00,-3.4511
2023-08-09 07:00:00,-3.4520
2023-08-09 08:00:00,-3.4531
2023-08-09 09:00:00,-3.4530
2023-08-09 10:00:00,-3.4560
2023-08-09 11:00:00,-3.4569
2023-08-09 12:00:00,-3.4587
2023-08-09 13:00:00,-3.4602
2023-08-09 14:00:00,-3.4619
2023-08-09 15:00:00,-3.4640
2023-08-09 16:00:00,-3.4655
2023-08-09 17:00:00,-3.4679
2023-08-09 18:00:00,-3.4700
2023-08-09 19:00:00,-3.4716
2023-08-09 20:00:00,-3.4738
2023-08-09 21:00:00,-3.4758
2023-08-09 22:00:00,-3.4776
2023-08-09 23:00:00,-3.4794
2023-08-10 00:00:00,-3.4814
2023-08-10 01:00:00,-3.4826
2023-08-10 02:00:00,-3.4842
2023-08-10 03:00:00,-3.4855
2023-08-10 04:00:00,-3.4867
2023-08-10 05:00:00,-3.4879
2023-08-10 06:00:00,-3.4893
2023-08-10 07:00:00,-3.4902
2023-08-10 08:00:00,-3.4911
2023-08-10 09:00:00,-3.4927
2023-08-10 10:00:00,-3.4941
2023-08-10 11:00:00,-3.4956
2023-08-10 12:00:00,-3.4978
2023-08-10 13:00:00,-3.4996
2023-08-10 14:00:00,-3.5015
2023-08-10 15:00:00,-3.5033
2023-08-10 16:00:00,-3.5048
2023-08-10 17:00:00,-3.5065
2023-08-10 18:00:00,-3.5077
2023-08-10 19:00:00,-3.5091
2023-08-10 20:00:00,-3.5106
2023-08-10 21:00:00,-3.5118
2023-08-10 22:00:00,-3.5127
2023-08-10 23:00:00,-3.5140
2023-08-11 00:00:00,-3.5154
2023-08-11 01:00:00,-3.5167
2023-08-11 02:00:00,-3.5178
2023-08-11 03:00:00,-3.5186
2023-08-11 04:00:00,-3.5195
2023-08-11 05:00:00,-3.5203
2023-08-11 06:00:00,-3.5211
2023-08-11 07:00:00,-3.5216
2023-08-11 08:00:00,-3.5224
2023-08-11 09:00:00,-3.5232
2023-08-11 10:00:00,-3.5236
2023-08-11 11:00:00,-3.5245
2023-08-11 12:00:00,-3.5251
2023-08-11 13:00:00,-3.5266
2023-08-11 14:00:00,-3.5282
2023-08-11 15:00:00,-3.5296
2023-08-11 16:00:00,-3.5314
2023-08-11 17:00:00,-3.5329
2023-08-11 18:00:00,-3.5344
2023-08-11 19:00:00,-3.5352
2023-08-11 20:00:00,-3.5361
2023-08-11 21:00:00,-3.5369
2023-08-11 22:00:00,-3.5374
2023-08-11 23:00:00,-3.5379
2023-08-12 00:00:00,-3.5387
2023-08-12 01:00:00,-3.5398
2023-08-12 02:00:00,-3.5405
2023-08-12 03:00:00,-3.5412
2023-08-12 04:00:00,-3.5418
2023-08-12 05:00:00,-3.5421
2023-08-12 06:00:00,-3.5421
2023-08-12 07:00:00,-3.5425
2023-08-12 08:00:00,-3.5420
2023-08-12 09:00:00,-3.5403
2023-08-12 10:00:00,-3.5268
2023-08-12 11:00:00,-3.5098
2023-08-12 12:00:00,-3.4921
2023-08-12 13:00:00,-3.4821
2023-08-12 14:00:00,-3.4768
2023-08-12 15:00:00,-3.4745
2023-08-12 16:00:00,-3.4740
2023-08-12 17:00:00,-3.4732
2023-08-12 18:00:00,-3.4736
2023-08-12 19:00:00,-3.4746
2023-08-12 20:00:00,-3.4754
2023-08-12 21:00:00,-3.4756
2023-08-12 22:00:00,-3.4762
2023-08-12 23:00:00,-3.4767
2023-08-13 00:00:00,-3.4769
2023-08-13 01:00:00,-3.4772
2023-08-13 02:00:00,-3.4778
2023-08-13 03:00:00,-3.4790
2023-08-13 04:00:00,-3.4795
2023-08-13 05:00:00,-3.4807
2023-08-13 06:00:00,-3.4818
2023-08-13 07:00:00,-3.4828
2023-08-13 08:00:00,-3.4842
2023-08-13 09:00:00,-3.4854
2023-08-13 10:00:00,-3.4865
2023-08-13 11:00:00,-3.4880
2023-08-13 12:00:00,-3.4893
2023-08-13 13:00:00,-3.4908
2023-08-13 14:00:00,-3.4923
2023-08-13 15:00:00,-3.4938
2023-08-13 16:00:00,-3.4957
2023-08-13 17:00:00,-3.4974
2023-08-13 18:00:00,-3.4993
2023-08-13 19:00:00,-3.5006
2023-08-13 20:00:00,-3.5023
2023-08-13 21:00:00,-3.5034
2023-08-13 22:00:00,-3.5049
2023-08-13 23:00:00,-3.5057
2023-08-14 00:00:00,-3.5065
2023-08-14 01:00:00,-3.5077
2023-08-14 02:00:00,-3.5086
2023-08-14 03:00:00,-3.5101
2023-08-14 04:00:00,-3.5115
2023-08-14 05:00:00,-3.5132
2023-08-14 06:00:00,-3.5141
2023-08-14 07:00:00,-3.5150
2023-08-14 08:00:00,-3.5162
2023-08-14 09:00:00,-3.5170
2023-08-14 10:00:00,-3.5178
2023-08-14 11:00:00,-3.5188
2023-08-14 12:00:00,-3.5195
2023-08-14 13:00:00,-3.5210
2023-08-14 14:00:00,-3.5229
2023-08-14 15:00:00,-3.5247
2023-08-14 16:00:00,-3.5267
2023-08-14 17:00:00,-3.5287
2023-08-14 18:00:00,-3.5307
2023-08-14 19:00:00,-3.5321
2023-08-14 20:00:00,-3.5334
2023-08-14 21:00:00,-3.5346
2023-08-14 22:00:00,-3.5350
2023-08-14 23:00:00,-3.5360
2023-08-15 00:00:00,-3.5364
2023-08-15 01:00:00,-3.5374
2023-08-15 02:00:00,-3.5380
2023-08-15 03:00:00,-3.5391
2023-08-15 04:00:00,-3.5402
2023-08-15 05:00:00,-3.5416
2023-08-15 06:00:00,-3.5428
2023-08-15 07:00:00,-3.5442
2023-08-15 08:00:00,-3.5454
2023-08-15 09:00:00,-3.5462
2023-08-15 10:00:00,-3.5478
2023-08-15 11:00:00,-3.5487
2023-08-15 12:00:00,-3.5493
2023-08-15 13:00:00,-3.5505
2023-08-15 14:00:00,-3.5519
2023-08-15 15:00:00,-3.5535
2023-08-15 16:00:00,-3.5553
2023-08-15 17:00:00,-3.5572
2023-08-15 18:00:00,-3.5593
2023-08-15 19:00:00,-3.5611
2023-08-15 20:00:00,-3.5625
2023-08-15 21:00:00,-3.5637
2023-08-15 22:00:00,-3.5646
2023-08-15 23:00:00,-3.5653
2023-08-16 00:00:00,-3.5662
2023-08-16 01:00:00,-3.5666
2023-08-16 02:00:00,-3.5675
2023-08-16 03:00:00,-3.5682
2023-08-16 04:00:00,-3.5696
2023-08-16 05:00:00,-3.5706
2023-08-16 06:00:00,-3.5721
2023-08-16 07:00:00,-3.5724
2023-08-16 08:00:00,-3.5730
2023-08-16 09:00:00,-3.5746
2023-08-16 10:00:00,-3.5758
2023-08-16 11:00:00,-3.5763
2023-08-16 12:00:00,-3.5768
2023-08-16 13:00:00,-3.5774
2023-08-16 14:00:00,-3.5784
2023-08-16 15:00:00,-3.5795
2023-08-16 16:00:00,-3.5804
2023-08-16 17:00:00,-3.5814
2023-08-16 18:00:00,-3.5828
2023-08-16 19:00:00,-3.5833
2023-08-16 20:00:00,-3.5847
2023-08-16 21:00:00,-3.5860
2023-08-16 22:00:00,-3.5867
2023-08-16 23:00:00,-3.5877
2023-08-17 00:00:00,-3.5880
2023-08-17 01:00:00,-3.5884
2023-08-17 02:00:00,-3.5890
2023-08-17 03:00:00,-3.5889
2023-08-17 04:00:00,-3.5898
2023-08-17 05:00:00,-3.5903
2023-08-17 06:00:00,-3.5908
2023-08-17 07:00:00,-3.5917
2023-08-17 08:00:00,-3.5920
2023-08-17 09:00:00,-3.5930
2023-08-17 10:00:00,-3.5928
2023-08-17 11:00:00,-3.5932
2023-08-17 12:00:00,-3.5935
2023-08-17 13:00:00,-3.5940
2023-08-17 14:00:00,-3.5950
2023-08-17 15:00:00,-3.5957
2023-08-17 16:00:00,-3.5966
2023-08-17 17:00:00,-3.5973
2023-08-17 18:00:00,-3.5981
2023-08-17 19:00:00,-3.5985
2023-08-17 20:00:00,-3.5997
2023-08-17 21:00:00,-3.6005
2023-08-17 22:00:00,-3.6017
2023-08-17 23:00:00,-3.6020
2023-08-18 00:00:00,-3.6029
2023-08-18 01:00:00,-3.6031
2023-08-18 02:00:00,-3.6037
2023-08-18 03:00:00,-3.6040
2023-08-18 04:00:00,-3.6046
2023-08-18 05:00:00,-3.6045
2023-08-18 06:00:00,-3.6050
2023-08-18 07:00:00,-3.6050
2023-08-18 08:00:00,-3.6055
2023-08-18 09:00:00,-3.6060
2023-08-18 10:00:00,-3.6067
2023-08-18 11:00:00,-3.6068
2023-08-18 12:00:00,-3.6070
2023-08-18 13:00:00,-3.6072
2023-08-18 14:00:00,-3.6072
2023-08-18 15:00:00,-3.6076
2023-08-18 16:00:00,-3.6078
2023-08-18 17:00:00,-3.6081
2023-08-18 18:00:00,-3.6084
2023-08-18 19:00:00,-3.6086
2023-08-18 20:00:00,-3.6093
2023-08-18 21:00:00,-3.6100
2023-08-18 22:00:00,-3.6107
2023-08-18 23:00:00,-3.6108
2023-08-19 00:00:00,-3.6108
2023-08-19 01:00:00,-3.6111
2023-08-19 02:00:00,-3.6107
2023-08-19 03:00:00,-3.6107
2023-08-19 04:00:00,-3.6102
2023-08-19 05:00:00,-3.6101
2023-08-19 06:00:00,-3.6100
2023-08-19 07:00:00,-3.6104
2023-08-19 08:00:00,-3.6106
2023-08-19 09:00:00,-3.6116
2023-08-19 10:00:00,-3.6114
2023-08-19 11:00:00,-3.6123
2023-08-19 12:00:00,-3.6132
2023-08-19 13:00:00,-3.6137
2023-08-19 14:00:00,-3.6152
2023-08-19 15:00:00,-3.6162
2023-08-19 16:00:00,-3.6171
2023-08-19 17:00:00,-3.6183
2023-08-19 18:00:00,-3.6194
2023-08-19 19:00:00,-3.6203
2023-08-19 20:00:00,-3.6213
2023-08-19 21:00:00,-3.6223
2023-08-19 22:00:00,-3.6233
2023-08-19 23:00:00,-3.6235
2023-08-20 00:00:00,-3.6241
2023-08-20 01:00:00,-3.6243
2023-08-20 02:00:00,-3.6248
2023-08-20 03:00:00,-3.6250
2023-08-20 04:00:00,-3.6253
2023-08-20 05:00:00,-3.6257
2023-08-20 06:00:00,-3.6258
2023-08-20 07:00:00,-3.6265
2023-08-20 08:00:00,-3.6269
2023-08-20 09:00:00,-3.6281
2023-08-20 10:00:00,-3.6289
2023-08-20 11:00:00,-3.6297
2023-08-20 12:00:00,-3.6303
2023-08-20 13:00:00,-3.6311
2023-08-20 14:00:00,-3.6318
2023-08-20 15:00:00,-3.6324
2023-08-20 16:00:00,-3.6334
2023-08-20 17:00:00,-3.6338
2023-08-20 18:00:00,-3.6346
2023-08-20 19:00:00,-3.6350
2023-08-20 20:00:00,-3.6356
2023-08-20 21:00:00,-3.6361
2023-08-20 22:00:00,-3.6366
2023-08-20 23:00:00,-3.6370
2023-08-21 00:00:00,-3.6372
2023-08-21 01:00:00,-3.6374
2023-08-21 02:00:00,-3.6377
2023-08-21 03:00:00,-3.6378
2023-08-21 04:00:00,-3.6379
2023-08-21 05:00:00,-3.6378
2023-08-21 06:00:00,-3.6375
2023-08-21 07:00:00,-3.6375
2023-08-21 08:00:00,-3.6378
2023-08-21 09:00:00,-3.6389
2023-08-21 10:00:00,-3.6401
2023-08-21 11:00:00,-3.6407
2023-08-21 12:00:00,-3.6413
2023-08-21 13:00:00,-3.6417
2023-08-21 14:00:00,-3.6422
2023-08-21 15:00:00,-3.6428
2023-08-21 16:00:00,-3.6429
2023-08-21 17:00:00,-3.6432
2023-08-21 18:00:00,-3.6440
2023-08-21 19:00:00,-3.6440
2023-08-21 20:00:00,-3.6445
2023-08-21 21:00:00,-3.6449
2023-08-21 22:00:00,-3.6455
2023-08-21 23:00:00,-3.6457
2023-08-22 00:00:00,-3.6458
2023-08-22 01:00:00,-3.6453
2023-08-22 02:00:00,-3.6451
2023-08-22 03:00:00,-3.6452
2023-08-22 04:00:00,-3.6446
2023-08-22 05:00:00,-3.6444
2023-08-22 06:00:00,-3.6441
2023-08-22 07:00:00,-3.6436
2023-08-22 08:00:00,-3.6439
2023-08-22 09:00:00,-3.6446
2023-08-22 10:00:00,-3.6453
2023-08-22 11:00:00,-3.6459
2023-08-22 12:00:00,-3.6465
2023-08-22 13:00:00,-3.6465
2023-08-22 14:00:00,-3.6472
2023-08-22 15:00:00,-3.6477
2023-08-22 16:00:00,-3.6483
2023-08-22 17:00:00,-3.6483
2023-08-22 18:00:00,-3.6488
2023-08-22 19:00:00,-3.6490
2023-08-22 20:00:00,-3.6492
2023-08-22 21:00:00,-3.6492
2023-08-22 22:00:00,-3.6493
2023-08-22 23:00:00,-3.6494
2023-08-23 00:00:00,-3.6495
2023-08-23 01:00:00,-3.6491
2023-08-23 02:00:00,-3.6489
2023-08-23 03:00:00,-3.6484
2023-08-23 04:00:00,-3.6483
2023-08-23 05:00:00,-3.6481
2023-08-23 06:00:00,-3.6480
2023-08-23 07:00:00,-3.6479
2023-08-23 08:00:00,-3.6479
2023-08-23 09:00:00,-3.6483
2023-08-23 10:00:00,-3.6486
2023-08-23 11:00:00,-3.6494
2023-08-23 12:00:00,-3.6498
2023-08-23 13:00:00,-3.6501
2023-08-23 14:00:00,-3.6506
2023-08-23 15:00:00,-3.6512
2023-08-23 16:00:00,-3.6515
2023-08-23 17:00:00,-3.6517
2023-08-23 18:00:00,-3.6521
2023-08-23 19:00:00,-3.6525
2023-08-23 20:00:00,-3.6531
2023-08-23 21:00:00,-3.6537
2023-08-23 22:00:00,-3.6545
2023-08-23 23:00:00,-3.6544
2023-08-24 00:00:00,-3.6546
2023-08-24 01:00:00,-3.6542
2023-08-24 02:00:00,-3.6542
2023-08-24 03:00:00,-3.6536
2023-08-24 04:00:00,-3.6532
2023-08-24 05:00:00,-3.6529
2023-08-24 06:00:00,-3.6525
2023-08-24 07:00:00,-3.6520
2023-08-24 08:00:00,-3.6513
2023-08-24 09:00:00,-3.6513
2023-08-24 10:00:00,-3.6513
2023-08-24 11:00:00,-3.6512
2023-08-24 12:00:00,-3.6505
2023-08-24 13:00:00,-3.6450
2023-08-24 14:00:00,-3.6424
2023-08-24 15:00:00,-3.6403
2023-08-24 16:00:00,-3.6379
2023-08-24 17:00:00,-3.6360
2023-08-24 18:00:00,-3.6334
2023-08-24 19:00:00,-3.6311
2023-08-24 20:00:00,-3.6292
2023-08-24 21:00:00,-3.6283
2023-08-24 22:00:00,-3.6273
2023-08-24 23:00:00,-3.6263
2023-08-25 00:00:00,-3.6257
2023-08-25 01:00:00,-3.6249
2023-08-25 02:00:00,-3.6244
2023-08-25 03:00:00,-3.6234
2023-08-25 04:00:00,-3.6228
2023-08-25 05:00:00,-3.6221
2023-08-25 06:00:00,-3.6214
2023-08-25 07:00:00,-3.6209
2023-08-25 08:00:00,-3.6201
2023-08-25 09:00:00,-3.6196
2023-08-25 10:00:00,-3.6193
2023-08-25 11:00:00,-3.6189
2023-08-25 12:00:00,-3.6181
2023-08-25 13:00:00,-3.6178
2023-08-25 14:00:00,-3.6174
2023-08-25 15:00:00,-3.6165
2023-08-25 16:00:00,-3.6162
2023-08-25 17:00:00,-3.6155
2023-08-25 18:00:00,-3.6151
2023-08-25 19:00:00,-3.6151
2023-08-25 20:00:00,-3.6146
2023-08-25 21:00:00,-3.6148
2023-08-25 22:00:00,-3.6145
2023-08-25 23:00:00,-3.6141
2023-08-26 00:00:00,-3.6137
2023-08-26 01:00:00,-3.6138
2023-08-26 02:00:00,-3.6130
2023-08-26 03:00:00,-3.6125
2023-08-26 04:00:00,-3.6120
2023-08-26 05:00:00,-3.6112
2023-08-26 06:00:00,-3.6107
2023-08-26 07:00:00,-3.6104
2023-08-26 08:00:00,-3.6091
2023-08-26 09:00:00,-3.6085
2023-08-26 10:00:00,-3.6044
2023-08-26 11:00:00,-3.6016
2023-08-26 12:00:00,-3.5998
2023-08-26 13:00:00,-3.5965
2023-08-26 14:00:00,-3.5937
2023-08-26 15:00:00,-3.5916
2023-08-26 16:00:00,-3.5895
2023-08-26 17:00:00,-3.5881
2023-08-26 18:00:00,-3.5867
2023-08-26 19:00:00,-3.5855
2023-08-26 20:00:00,-3.5844
2023-08-26 21:00:00,-3.5840
2023-08-26 22:00:00,-3.5848
2023-08-26 23:00:00,-3.5861
2023-08-27 00:00:00,-3.5880
2023-08-27 01:00:00,-3.5892
2023-08-27 02:00:00,-3.5909
2023-08-27 03:00:00,-3.5922
2023-08-27 04:00:00,-3.5935
2023-08-27 05:00:00,-3.5948
2023-08-27 06:00:00,-3.5955
2023-08-27 07:00:00,-3.5956
2023-08-27 08:00:00,-3.5963
2023-08-27 09:00:00,-3.5966
2023-08-27 10:00:00,-3.5971
2023-08-27 11:00:00,-3.5978
2023-08-27 12:00:00,-3.5987
2023-08-27 13:00:00,-3.5988
2023-08-27 14:00:00,-3.6000
2023-08-27 15:00:00,-3.5989
2023-08-27 16:00:00,-3.5973
2023-08-27 17:00:00,-3.5968
2023-08-27 18:00:00,-3.5954
2023-08-27 19:00:00,-3.5946
2023-08-27 20:00:00,-3.5937
2023-08-27 21:00:00,-3.5934
2023-08-27 22:00:00,-3.5935
2023-08-27 23:00:00,-3.5929
2023-08-28 00:00:00,-3.5925
2023-08-28 01:00:00,-3.5925
2023-08-28 02:00:00,-3.5924
2023-08-28 03:00:00,-3.5928
2023-08-28 04:00:00,-3.5931
2023-08-28 05:00:00,-3.5935
2023-08-28 06:00:00,-3.5940
2023-08-28 07:00:00,-3.5945
2023-08-28 08:00:00,-3.5949
2023-08-28 09:00:00,-3.5956
2023-08-28 10:00:00,-3.5959
2023-08-28 11:00:00,-3.5962
2023-08-28 12:00:00,-3.5970
2023-08-28 13:00:00,-3.5979
2023-08-28 14:00:00,-3.5990
2023-08-28 15:00:00,-3.5997
2023-08-28 16:00:00,-3.6011
2023-08-28 17:00:00,-3.6025
2023-08-28 18:00:00,-3.6036
2023-08-28 19:00:00,-3.6044
2023-08-28 20:00:00,-3.6057
2023-08-28 21:00:00,-3.6067
2023-08-28 22:00:00,-3.6077
2023-08-28 23:00:00,-3.6087
2023-08-29 00:00:00,-3.6092
2023-08-29 01:00:00,-3.6093
2023-08-29 02:00:00,-3.6101
2023-08-29 03:00:00,-3.6104
2023-08-29 04:00:00,-3.6119
2023-08-29 05:00:00,-3.6125
2023-08-29 06:00:00,-3.6129
2023-08-29 07:00:00,-3.6129
2023-08-29 08:00:00,-3.6126
2023-08-29 09:00:00,-3.6133
2023-08-29 10:00:00,-3.6134
2023-08-29 11:00:00,-3.6135
2023-08-29 12:00:00,-3.6134
2023-08-29 13:00:00,-3.6135
2023-08-29 14:00:00,-3.6138
2023-08-29 15:00:00,-3.6142
2023-08-29 16:00:00,-3.6147
2023-08-29 17:00:00,-3.6155
2023-08-29 18:00:00,-3.6166
2023-08-29 19:00:00,-3.6167
2023-08-29 20:00:00,-3.6172
2023-08-29 21:00:00,-3.6177
2023-08-29 22:00:00,-3.6181
2023-08-29 23:00:00,-3.6176
2023-08-30 00:00:00,-3.6177
2023-08-30 01:00:00,-3.6176
2023-08-30 02:00:00,-3.6172
2023-08-30 03:00:00,-3.6172
2023-08-30 04:00:00,-3.6173
2023-08-30 05:00:00,-3.6173
2023-08-30 06:00:00,-3.6175
2023-08-30 07:00:00,-3.6177
2023-08-30 08:00:00,-3.6174
2023-08-30 09:00:00,-3.6170
2023-08-30 10:00:00,-3.6160
2023-08-30 11:00:00,-3.6134
2023-08-30 12:00:00,-3.6125
2023-08-30 13:00:00,-3.6120
2023-08-30 14:00:00,-3.6103
2023-08-30 15:00:00,-3.6079
2023-08-30 16:00:00,-3.6056
2023-08-30 17:00:00,-3.6047
2023-08-30 18:00:00,-3.6045
2023-08-30 19:00:00,-3.6038
2023-08-30 20:00:00,-3.6036
2023-08-30 21:00:00,-3.6031
2023-08-30 22:00:00,-3.6029
2023-08-30 23:00:00,-3.6026
2023-08-31 00:00:00,-3.6022
2023-08-31 01:00:00,-3.6025
2023-08-31 02:00:00,-3.5988
2023-08-31 03:00:00,-3.5957
2023-08-31 04:00:00,-3.5918
2023-08-31 05:00:00,-3.5892
2023-08-31 06:00:00,-3.5837
2023-08-31 07:00:00,-3.5797
2023-08-31 08:00:00,-3.5760
2023-08-31 09:00:00,-3.5726
2023-08-31 10:00:00,-3.5702
2023-08-31 11:00:00,-3.5677
2023-08-31 12:00:00,-3.5658
2023-08-31 13:00:00,-3.5644
2023-08-31 14:00:00,-3.5643
2023-08-31 15:00:00,-3.5642
2023-08-31 16:00:00,-3.5648
2023-08-31 17:00:00,-3.5654
2023-08-31 18:00:00,-3.5666
2023-08-31 19:00:00,-3.5672
2023-08-31 20:00:00,-3.5675
2023-08-31 21:00:00,-3.5684
2023-08-31 22:00:00,-3.5690
2023-08-31 23:00:00,-3.5698
2023-09-01 00:00:00,-3.5696
2023-09-01 01:00:00,-3.5703
2023-09-01 02:00:00,-3.5708
2023-09-01 03:00:00,-3.5709
2023-09-01 04:00:00,-3.5712
2023-09-01 05:00:00,-3.5715
2023-09-01 06:00:00,-3.5717
2023-09-01 07:00:00,-3.5726
2023-09-01 08:00:00,-3.5735
2023-09-01 09:00:00,-3.5742
2023-09-01 10:00:00,-3.5748
2023-09-01 11:00:00,-3.5752
2023-09-01 12:00:00,-3.5758
2023-09-01 13:00:00,-3.5766
2023-09-01 14:00:00,-3.5771
2023-09-01 15:00:00,-3.5779
2023-09-01 16:00:00,-3.5789
2023-09-01 17:00:00,-3.5798
2023-09-01 18:00:00,-3.5807
2023-09-01 19:00:00,-3.5816
2023-09-01 20:00:00,-3.5822
2023-09-01 21:00:00,-3.5829
2023-09-01 22:00:00,-3.5818
2023-09-01 23:00:00,-3.5804
2023-09-02 00:00:00,-3.5779
2023-09-02 01:00:00,-3.5750
2023-09-02 02:00:00,-3.5672
2023-09-02 03:00:00,-3.5595
2023-09-02 04:00:00,-3.5517
2023-09-02 05:00:00,-3.5459
2023-09-02 06:00:00,-3.5376
2023-09-02 07:00:00,-3.5314
2023-09-02 08:00:00,-3.5272
2023-09-02 09:00:00,-3.5247
2023-09-02 10:00:00,-3.5226
2023-09-02 11:00:00,-3.5212
2023-09-02 12:00:00,-3.5202
2023-09-02 13:00:00,-3.5199
2023-09-02 14:00:00,-3.5195
2023-09-02 15:00:00,-3.5197
2023-09-02 16:00:00,-3.5201
2023-09-02 17:00:00,-3.5204
2023-09-02 18:00:00,-3.5215
2023-09-02 19:00:00,-3.5221
2023-09-02 20:00:00,-3.5226
2023-09-02 21:00:00,-3.5235
2023-09-02 22:00:00,-3.5243
2023-09-02 23:00:00,-3.5252
2023-09-03 00:00:00,-3.5261
2023-09-03 01:00:00,-3.5269
2023-09-03 02:00:00,-3.5282
2023-09-03 03:00:00,-3.5292
2023-09-03 04:00:00,-3.5303
2023-09-03 05:00:00,-3.5312
2023-09-03 06:00:00,-3.5320
2023-09-03 07:00:00,-3.5337
2023-09-03 08:00:00,-3.5341
2023-09-03 09:00:00,-3.5350
2023-09-03 10:00:00,-3.5382
2023-09-03 11:00:00,-3.5383
2023-09-03 12:00:00,-3.5395
2023-09-03 13:00:00,-3.5402
2023-09-03 14:00:00,-3.5414
2023-09-03 15:00:00,-3.5420
2023-09-03 16:00:00,-3.5433
2023-09-03 17:00:00,-3.5438
2023-09-03 18:00:00,-3.5452
2023-09-03 19:00:00,-3.5457
2023-09-03 20:00:00,-3.5464
2023-09-03 21:00:00,-3.5476
2023-09-03 22:00:00,-3.5491
2023-09-03 23:00:00,-3.5502
2023-09-04 00:00:00,-3.5508
2023-09-04 01:00:00,-3.5516
2023-09-04 02:00:00,-3.5526
2023-09-04 03:00:00,-3.5532
2023-09-04 04:00:00,-3.5534
2023-09-04 05:00:00,-3.5538
2023-09-04 06:00:00,-3.5543
2023-09-04 07:00:00,-3.5544
2023-09-04 08:00:00,-3.5552
2023-09-04 09:00:00,-3.5569
2023-09-04 10:00:00,-3.5583
2023-09-04 11:00:00,-3.5590
2023-09-04 12:00:00,-3.5600
2023-09-04 13:00:00,-3.5611
2023-09-04 14:00:00,-3.5622
2023-09-04 15:00:00,-3.5628
2023-09-04 16:00:00,-3.5638
2023-09-04 17:00:00,-3.5645
2023-09-04 18:00:00,-3.5648
2023-09-04 19:00:00,-3.5653
2023-09-04 20:00:00,-3.5658
2023-09-04 21:00:00,-3.5664
2023-09-04 22:00:00,-3.5674
2023-09-04 23:00:00,-3.5682
2023-09-05 00:00:00,-3.5687
2023-09-05 01:00:00,-3.5698
2023-09-05 02:00:00,-3.5699
2023-09-05 03:00:00,-3.5702
2023-09-05 04:00:00,-3.5701
2023-09-05 05:00:00,-3.5704
2023-09-05 06:00:00,-3.5704
2023-09-05 07:00:00,-3.5707
2023-09-05 08:00:00,-3.5713
2023-09-05 09:00:00,-3.5727
2023-09-05 10:00:00,-3.5738
2023-09-05 11:00:00,-3.5749
2023-09-05 12:00:00,-3.5761
2023-09-05 13:00:00,-3.5766
2023-09-05 14:00:00,-3.5777
2023-09-05 15:00:00,-3.5788
2023-09-05 16:00:00,-3.5795
2023-09-05 17:00:00,-3.5800
2023-09-05 18:00:00,-3.5810
2023-09-05 19:00:00,-3.5815
2023-09-05 20:00:00,-3.5821
2023-09-05 21:00:00,-3.5835
2023-09-05 22:00:00,-3.5846
2023-09-05 23:00:00,-3.5853
2023-09-06 00:00:00,-3.5858
2023-09-06 01:00:00,-3.5863
2023-09-06 02:00:00,-3.5864
2023-09-06 03:00:00,-3.5868
2023-09-06 04:00:00,-3.5871
2023-09-06 05:00:00,-3.5874
2023-09-06 06:00:00,-3.5878
2023-09-06 07:00:00,-3.5880
2023-09-06 08:00:00,-3.5884
2023-09-06 09:00:00,-3.5896
2023-09-06 10:00:00,-3.5909
2023-09-06 11:00:00,-3.5921
2023-09-06 12:00:00,-3.5931
2023-09-06 13:00:00,-3.5944
2023-09-06 14:00:00,-3.5957
2023-09-06 15:00:00,-3.5968
2023-09-06 16:00:00,-3.5976
2023-09-06 17:00:00,-3.5981
2023-09-06 18:00:00,-3.5990
2023-09-06 19:00:00,-3.5996
2023-09-06 20:00:00,-3.6002
2023-09-06 21:00:00,-3.6012
2023-09-06 22:00:00,-3.6017
2023-09-06 23:00:00,-3.6028
2023-09-07 00:00:00,-3.6034
2023-09-07 01:00:00,-3.6032
2023-09-07 02:00:00,-3.6033
2023-09-07 03:00:00,-3.6036
2023-09-07 04:00:00,-3.6041
2023-09-07 05:00:00,-3.6048
2023-09-07 06:00:00,-3.6046
2023-09-07 07:00:00,-3.6046
2023-09-07 08:00:00,-3.6049
2023-09-07 09:00:00,-3.6063
2023-09-07 10:00:00,-3.6066
2023-09-07 11:00:00,-3.6069
2023-09-07 12:00:00,-3.6079
2023-09-07 13:00:00,-3.6088
2023-09-07 14:00:00,-3.6098
2023-09-07 15:00:00,-3.6107
2023-09-07 16:00:00,-3.6117
2023-09-07 17:00:00,-3.6124
2023-09-07 18:00:00,-3.6128
2023-09-07 19:00:00,-3.6127
2023-09-07 20:00:00,-3.6128
2023-09-07 21:00:00,-3.6134
2023-09-07 22:00:00,-3.6141
2023-09-07 23:00:00,-3.6149
2023-09-08 00:00:00,-3.6152
2023-09-08 01:00:00,-3.6156
2023-09-08 02:00:00,-3.6157
2023-09-08 03:00:00,-3.6157
2023-09-08 04:00:00,-3.6160
2023-09-08 05:00:00,-3.6164
2023-09-08 06:00:00,-3.6163
2023-09-08 07:00:00,-3.6159
2023-09-08 08:00:00,-3.6162
2023-09-08 09:00:00,-3.6170
2023-09-08 10:00:00,-3.6171
2023-09-08 11:00:00,-3.6174
2023-09-08 12:00:00,-3.6179
2023-09-08 13:00:00,-3.6182
2023-09-08 14:00:00,-3.6189
2023-09-08 15:00:00,-3.6193
2023-09-08 16:00:00,-3.6195
2023-09-08 17:00:00,-3.6199
2023-09-08 18:00:00,-3.6198
2023-09-08 19:00:00,-3.6192
2023-09-08 20:00:00,-3.6188
2023-09-08 21:00:00,-3.6188
2023-09-08 22:00:00,-3.6192
2023-09-08 23:00:00,-3.6199
2023-09-09 00:00:00,-3.6205
2023-09-09 01:00:00,-3.6213
2023-09-09 02:00:00,-3.6217
2023-09-09 03:00:00,-3.6218
2023-09-09 04:00:00,-3.6223
2023-09-09 05:00:00,-3.6226
2023-09-09 06:00:00,-3.6228
2023-09-09 07:00:00,-3.6225
2023-09-09 08:00:00,-3.6226
2023-09-09 09:00:00,-3.6222
2023-09-09 10:00:00,-3.6243
2023-09-09 11:00:00,-3.6242
2023-09-09 12:00:00,-3.6247
2023-09-09 13:00:00,-3.6257
2023-09-09 14:00:00,-3.6262
2023-09-09 15:00:00,-3.6272
2023-09-09 16:00:00,-3.6284
2023-09-09 17:00:00,-3.6290
2023-09-09 18:00:00,-3.6296
2023-09-09 19:00:00,-3.6302
2023-09-09 20:00:00,-3.6308
2023-09-09 21:00:00,-3.6312
2023-09-09 22:00:00,-3.6316
2023-09-09 23:00:00,-3.6324
2023-09-10 00:00:00,-3.6336
2023-09-10 01:00:00,-3.6339
2023-09-10 02:00:00,-3.6342
2023-09-10 03:00:00,-3.6343
2023-09-10 04:00:00,-3.6344
2023-09-10 05:00:00,-3.6342
2023-09-10 06:00:00,-3.6343
2023-09-10 07:00:00,-3.6343
2023-09-10 08:00:00,-3.6337
2023-09-10 09:00:00,-3.6339
2023-09-10 10:00:00,-3.6337
2023-09-10 11:00:00,-3.6340
2023-09-10 12:00:00,-3.6347
2023-09-10 13:00:00,-3.6354
2023-09-10 14:00:00,-3.6365
2023-09-10 15:00:00,-3.6375
2023-09-10 16:00:00,-3.6377
2023-09-10 17:00:00,-3.6382
2023-09-10 18:00:00,-3.6387
2023-09-10 19:00:00,-3.6391
2023-09-10 20:00:00,-3.6392
2023-09-10 21:00:00,-3.6395
2023-09-10 22:00:00,-3.6394
2023-09-10 23:00:00,-3.6396
2023-09-11 00:00:00,-3.6395
2023-09-11 01:00:00,-3.6397
2023-09-11 02:00:00,-3.6396
2023-09-11 03:00:00,-3.6401
2023-09-11 04:00:00,-3.6401
2023-09-11 05:00:00,-3.6402
2023-09-11 06:00:00,-3.6397
2023-09-11 07:00:00,-3.6400
2023-09-11 08:00:00,-3.6397
2023-09-11 09:00:00,-3.6395
2023-09-11 10:00:00,-3.6397
2023-09-11 11:00:00,-3.6396
2023-09-11 12:00:00,-3.6406
2023-09-11 13:00:00,-3.6413
2023-09-11 14:00:00,-3.6424
2023-09-11 15:00:00,-3.6435
2023-09-11 16:00:00,-3.6443
2023-09-11 17:00:00,-3.6446
2023-09-11 18:00:00,-3.6452
2023-09-11 19:00:00,-3.6455
2023-09-11 20:00:00,-3.6457
2023-09-11 21:00:00,-3.6453
2023-09-11 22:00:00,-3.6454
2023-09-11 23:00:00,-3.6452
2023-09-12 00:00:00,-3.6442
2023-09-12 01:00:00,-3.6438
2023-09-12 02:00:00,-3.6439
2023-09-12 03:00:00,-3.6447
2023-09-12 04:00:00,-3.6451
2023-09-12 05:00:00,-3.6455
2023-09-12 06:00:00,-3.6456
2023-09-12 07:00:00,-3.6451
2023-09-12 08:00:00,-3.6450
2023-09-12 09:00:00,-3.6449
2023-09-12 10:00:00,-3.6447
2023-09-12 11:00:00,-3.6445
2023-09-12 12:00:00,-3.6447
2023-09-12 13:00:00,-3.6445
2023-09-12 14:00:00,-3.6443
2023-09-12 15:00:00,-3.6449
2023-09-12 16:00:00,-3.6457
2023-09-12 17:00:00,-3.6460
2023-09-12 18:00:00,-3.6464
2023-09-12 19:00:00,-3.6466
2023-09-12 20:00:00,-3.6471
2023-09-12 21:00:00,-3.6472
2023-09-12 22:00:00,-3.6473
2023-09-12 23:00:00,-3.6465
2023-09-13 00:00:00,-3.6465
2023-09-13 01:00:00,-3.6469
2023-09-13 02:00:00,-3.6471
2023-09-13 03:00:00,-3.6475
2023-09-13 04:00:00,-3.6479
2023-09-13 05:00:00,-3.6488
2023-09-13 06:00:00,-3.6475
2023-09-13 07:00:00,-3.6461
2023-09-13 08:00:00,-3.6461
2023-09-13 09:00:00,-3.6449
2023-09-13 10:00:00,-3.6455
2023-09-13 11:00:00,-3.6451
2023-09-13 12:00:00,-3.6447
2023-09-13 13:00:00,-3.6445
2023-09-13 14:00:00,-3.6448
2023-09-13 15:00:00,-3.6450
2023-09-13 16:00:00,-3.6459
2023-09-13 17:00:00,-3.6464
2023-09-13 18:00:00,-3.6469
2023-09-13 19:00:00,-3.6473
2023-09-13 20:00:00,-3.6481
2023-09-13 21:00:00,-3.6490
2023-09-13 22:00:00,-3.6494
2023-09-13 23:00:00,-3.6501
2023-09-14 00:00:00,-3.6504
2023-09-14 01:00:00,-3.6505
2023-09-14 02:00:00,-3.6509
2023-09-14 03:00:00,-3.6509
2023-09-14 04:00:00,-3.6510
2023-09-14 05:00:00,-3.6516
2023-09-14 06:00:00,-3.6520
2023-09-14 07:00:00,-3.6524
2023-09-14 08:00:00,-3.6526
2023-09-14 09:00:00,-3.6532
2023-09-14 10:00:00,-3.6535
2023-09-14 11:00:00,-3.6541
2023-09-14 12:00:00,-3.6544
2023-09-14 13:00:00,-3.6545
2023-09-14 14:00:00,-3.6551
2023-09-14 15:00:00,-3.6553
2023-09-14 16:00:00,-3.6556
2023-09-14 17:00:00,-3.6561
2023-09-14 18:00:00,-3.6569
2023-09-14 19:00:00,-3.6575
2023-09-14 20:00:00,-3.6574
2023-09-14 21:00:00,-3.6576
2023-09-14 22:00:00,-3.6575
2023-09-14 23:00:00,-3.6575
2023-09-15 00:00:00,-3.6570
2023-09-15 01:00:00,-3.6568
2023-09-15 02:00:00,-3.6567
2023-09-15 03:00:00,-3.6563
2023-09-15 04:00:00,-3.6561
2023-09-15 05:00:00,-3.6557
2023-09-15 06:00:00,-3.6558
2023-09-15 07:00:00,-3.6560
2023-09-15 08:00:00,-3.6562
2023-09-15 09:00:00,-3.6562
2023-09-15 10:00:00,-3.6561
2023-09-15 11:00:00,-3.6563
2023-09-15 12:00:00,-3.6568
2023-09-15 13:00:00,-3.6567
2023-09-15 14:00:00,-3.6573
2023-09-15 15:00:00,-3.6571
2023-09-15 16:00:00,-3.6570
2023-09-15 17:00:00,-3.6577
2023-09-15 18:00:00,-3.6582
2023-09-15 19:00:00,-3.6586
2023-09-15 20:00:00,-3.6588
2023-09-15 21:00:00,-3.6590
2023-09-15 22:00:00,-3.6591
2023-09-15 23:00:00,-3.6589
2023-09-16 00:00:00,-3.6587
2023-09-16 01:00:00,-3.6580
2023-09-16 02:00:00,-3.6577
2023-09-16 03:00:00,-3.6574
2023-09-16 04:00:00,-3.6571
2023-09-16 05:00:00,-3.6572
2023-09-16 06:00:00,-3.6569
2023-09-16 07:00:00,-3.6571
2023-09-16 08:00:00,-3.6565
2023-09-16 09:00:00,-3.6586
2023-09-16 10:00:00,-3.6579
2023-09-16 11:00:00,-3.6583
2023-09-16 12:00:00,-3.6585
2023-09-16 13:00:00,-3.6586
2023-09-16 14:00:00,-3.6590
2023-09-16 15:00:00,-3.6590
2023-09-16 16:00:00,-3.6597
2023-09-16 17:00:00,-3.6600
2023-09-16 18:00:00,-3.6600
2023-09-16 19:00:00,-3.6608
2023-09-16 20:00:00,-3.6613
2023-09-16 21:00:00,-3.6619
2023-09-16 22:00:00,-3.6624
2023-09-16 23:00:00,-3.6625
2023-09-17 00:00:00,-3.6626
2023-09-17 01:00:00,-3.6626
2023-09-17 02:00:00,-3.6623
2023-09-17 03:00:00,-3.6623
2023-09-17 04:00:00,-3.6619
2023-09-17 05:00:00,-3.6619
2023-09-17 06:00:00,-3.6618
2023-09-17 07:00:00,-3.6618
2023-09-17 08:00:00,-3.6621
2023-09-17 09:00:00,-3.6620
2023-09-17 10:00:00,-3.6618
2023-09-17 11:00:00,-3.6610
2023-09-17 12:00:00,-3.6605
2023-09-17 13:00:00,-3.6604
2023-09-17 14:00:00,-3.6598
2023-09-17 15:00:00,-3.6595
2023-09-17 16:00:00,-3.6591
2023-09-17 17:00:00,-3.6587
2023-09-17 18:00:00,-3.6584
2023-09-17 19:00:00,-3.6579
2023-09-17 20:00:00,-3.6578
2023-09-17 21:00:00,-3.6578
2023-09-17 22:00:00,-3.6577
2023-09-17 23:00:00,-3.6575
2023-09-18 00:00:00,-3.6569
2023-09-18 01:00:00,-3.6561
2023-09-18 02:00:00,-3.6553
2023-09-18 03:00:00,-3.6539
2023-09-18 04:00:00,-3.6534
2023-09-18 05:00:00,-3.6524
2023-09-18 06:00:00,-3.6513
2023-09-18 07:00:00,-3.6452
2023-09-18 08:00:00,-3.6444
2023-09-18 09:00:00,-3.6424
2023-09-18 10:00:00,-3.6405
2023-09-18 11:00:00,-3.6391
2023-09-18 12:00:00,-3.6380
2023-09-18 13:00:00,-3.6373
2023-09-18 14:00:00,-3.6369
2023-09-18 15:00:00,-3.6365
2023-09-18 16:00:00,-3.6360
2023-09-18 17:00:00,-3.6346
2023-09-18 18:00:00,-3.6338
2023-09-18 19:00:00,-3.6340
2023-09-18 20:00:00,-3.6342
2023-09-18 21:00:00,-3.6345
2023-09-18 22:00:00,-3.6346
2023-09-18 23:00:00,-3.6331
2023-09-19 00:00:00,-3.6327
2023-09-19 01:00:00,-3.6321
2023-09-19 02:00:00,-3.6320
2023-09-19 03:00:00,-3.6313
2023-09-19 04:00:00,-3.6310
2023-09-19 05:00:00,-3.6314
2023-09-19 06:00:00,-3.6315
2023-09-19 07:00:00,-3.6314
2023-09-19 08:00:00,-3.6320
2023-09-19 09:00:00,-3.6329
2023-09-19 10:00:00,-3.6337
2023-09-19 11:00:00,-3.6340
2023-09-19 12:00:00,-3.6359
2023-09-19 13:00:00,-3.6370
2023-09-19 14:00:00,-3.6392
2023-09-19 15:00:00,-3.6406
2023-09-19 16:00:00,-3.6418
2023-09-19 17:00:00,-3.6421
2023-09-19 18:00:00,-3.6411
2023-09-19 19:00:00,-3.6390
2023-09-19 20:00:00,-3.6340
2023-09-19 21:00:00,-3.6321
2023-09-19 22:00:00,-3.6296
2023-09-19 23:00:00,-3.6260
2023-09-20 00:00:00,-3.6231
2023-09-20 01:00:00,-3.6204
2023-09-20 02:00:00,-3.6185
2023-09-20 03:00:00,-3.6164
2023-09-20 04:00:00,-3.6150
2023-09-20 05:00:00,-3.6144
2023-09-20 06:00:00,-3.6129
2023-09-20 07:00:00,-3.6124
2023-09-20 08:00:00,-3.6114
2023-09-20 09:00:00,-3.6111
2023-09-20 10:00:00,-3.6116
2023-09-20 11:00:00,-3.6113
2023-09-20 12:00:00,-3.6115
2023-09-20 13:00:00,-3.6125
2023-09-20 14:00:00,-3.6127
2023-09-20 15:00:00,-3.6130
2023-09-20 16:00:00,-3.6130
2023-09-20 17:00:00,-3.6134
2023-09-20 18:00:00,-3.6136
2023-09-20 19:00:00,-3.6132
2023-09-20 20:00:00,-3.6128
2023-09-20 21:00:00,-3.6129
2023-09-20 22:00:00,-3.6130
2023-09-20 23:00:00,-3.6121
2023-09-21 00:00:00,-3.6116
2023-09-21 01:00:00,-3.6118
2023-09-21 02:00:00,-3.6114
2023-09-21 03:00:00,-3.6109
2023-09-21 04:00:00,-3.6108
2023-09-21 05:00:00,-3.6103
2023-09-21 06:00:00,-3.6102
2023-09-21 07:00:00,-3.6097
2023-09-21 08:00:00,-3.6069
2023-09-21 09:00:00,-3.6053
2023-09-21 10:00:00,-3.6045
2023-09-21 11:00:00,-3.6024
2023-09-21 12:00:00,-3.6002
2023-09-21 13:00:00,-3.5968
2023-09-21 14:00:00,-3.5944
2023-09-21 15:00:00,-3.5923
2023-09-21 16:00:00,-3.5902
2023-09-21 17:00:00,-3.5877
2023-09-21 18:00:00,-3.5866
2023-09-21 19:00:00,-3.5851
2023-09-21 20:00:00,-3.5835
2023-09-21 21:00:00,-3.5826
2023-09-21 22:00:00,-3.5798
2023-09-21 23:00:00,-3.5745
2023-09-22 00:00:00,-3.5698
2023-09-22 01:00:00,-3.5639
2023-09-22 02:00:00,-3.5591
2023-09-22 03:00:00,-3.5556
2023-09-22 04:00:00,-3.5521
2023-09-22 05:00:00,-3.5499
2023-09-22 06:00:00,-3.5478
2023-09-22 07:00:00,-3.5463
2023-09-22 08:00:00,-3.5456
2023-09-22 09:00:00,-3.5451
2023-09-22 10:00:00,-3.5453
2023-09-22 11:00:00,-3.5455
2023-09-22 12:00:00,-3.5459
2023-09-22 13:00:00,-3.5462
2023-09-22 14:00:00,-3.5470
2023-09-22 15:00:00,-3.5473
2023-09-22 16:00:00,-3.5476
2023-09-22 17:00:00,-3.5473
2023-09-22 18:00:00,-3.5471
2023-09-22 19:00:00,-3.5475
2023-09-22 20:00:00,-3.5460
2023-09-22 21:00:00,-3.5437
2023-09-22 22:00:00,-3.5386
2023-09-22 23:00:00,-3.5330
2023-09-23 00:00:00,-3.5279
2023-09-23 01:00:00,-3.5230
2023-09-23 02:00:00,-3.5147
2023-09-23 03:00:00,-3.5067
2023-09-23 04:00:00,-3.4992
2023-09-23 05:00:00,-3.4946
2023-09-23 06:00:00,-3.4910
2023-09-23 07:00:00,-3.4883
2023-09-23 08:00:00,-3.4869
2023-09-23 09:00:00,-3.4863
2023-09-23 10:00:00,-3.4854
2023-09-23 11:00:00,-3.4847
2023-09-23 12:00:00,-3.4842
2023-09-23 13:00:00,-3.4840
2023-09-23 14:00:00,-3.4847
2023-09-23 15:00:00,-3.4850
2023-09-23 16:00:00,-3.4855
2023-09-23 17:00:00,-3.4862
2023-09-23 18:00:00,-3.4875
2023-09-23 19:00:00,-3.4887
2023-09-23 20:00:00,-3.4893
2023-09-23 21:00:00,-3.4902
2023-09-23 22:00:00,-3.4910
2023-09-23 23:00:00,-3.4918
2023-09-24 00:00:00,-3.4928
2023-09-24 01:00:00,-3.4939
2023-09-24 02:00:00,-3.4948
2023-09-24 03:00:00,-3.4960
2023-09-24 04:00:00,-3.4971
2023-09-24 05:00:00,-3.4984
2023-09-24 06:00:00,-3.4993
2023-09-24 07:00:00,-3.5002
2023-09-24 08:00:00,-3.5013
2023-09-24 09:00:00,-3.5026
2023-09-24 10:00:00,-3.5041
2023-09-24 11:00:00,-3.5060
2023-09-24 12:00:00,-3.5072
2023-09-24 13:00:00,-3.5084
2023-09-24 14:00:00,-3.5098
2023-09-24 15:00:00,-3.5111
2023-09-24 16:00:00,-3.5124
2023-09-24 17:00:00,-3.5132
2023-09-24 18:00:00,-3.5146
2023-09-24 19:00:00,-3.5153
2023-09-24 20:00:00,-3.5164
2023-09-24 21:00:00,-3.5168
2023-09-24 22:00:00,-3.5172
2023-09-24 23:00:00,-3.5181
2023-09-25 00:00:00,-3.5184
2023-09-25 01:00:00,-3.5193
2023-09-25 02:00:00,-3.5202
2023-09-25 03:00:00,-3.5209
2023-09-25 04:00:00,-3.5219
2023-09-25 05:00:00,-3.5233
2023-09-25 06:00:00,-3.5244
2023-09-25 07:00:00,-3.5251
2023-09-25 08:00:00,-3.5265
2023-09-25 09:00:00,-3.5279
2023-09-25 10:00:00,-3.5282
2023-09-25 11:00:00,-3.5291
2023-09-25 12:00:00,-3.5307
2023-09-25 13:00:00,-3.5321
2023-09-25 14:00:00,-3.5335
2023-09-25 15:00:00,-3.5348
2023-09-25 16:00:00,-3.5360
2023-09-25 17:00:00,-3.5374
2023-09-25 18:00:00,-3.5385
2023-09-25 19:00:00,-3.5395
2023-09-25 20:00:00,-3.5408
2023-09-25 21:00:00,-3.5415
2023-09-25 22:00:00,-3.5425
2023-09-25 23:00:00,-3.5430
2023-09-26 00:00:00,-3.5436
2023-09-26 01:00:00,-3.5443
2023-09-26 02:00:00,-3.5451
2023-09-26 03:00:00,-3.5457
2023-09-26 04:00:00,-3.5460
2023-09-26 05:00:00,-3.5468
2023-09-26 06:00:00,-3.5474
2023-09-26 07:00:00,-3.5480
2023-09-26 08:00:00,-3.5486
2023-09-26 09:00:00,-3.5496
2023-09-26 10:00:00,-3.5502
2023-09-26 11:00:00,-3.5507
2023-09-26 12:00:00,-3.5515
2023-09-26 13:00:00,-3.5522
2023-09-26 14:00:00,-3.5532
2023-09-26 15:00:00,-3.5541
2023-09-26 16:00:00,-3.5548
2023-09-26 17:00:00,-3.5559
2023-09-26 18:00:00,-3.5571
2023-09-26 19:00:00,-3.5580
2023-09-26 20:00:00,-3.5587
2023-09-26 21:00:00,-3.5591
2023-09-26 22:00:00,-3.5595
2023-09-26 23:00:00,-3.5596
2023-09-27 00:00:00,-3.5600
2023-09-27 01:00:00,-3.5607
2023-09-27 02:00:00,-3.5611
2023-09-27 03:00:00,-3.5618
2023-09-27 04:00:00,-3.5624
2023-09-27 05:00:00,-3.5639
2023-09-27 06:00:00,-3.5643
2023-09-27 07:00:00,-3.5647
2023-09-27 08:00:00,-3.5654
2023-09-27 09:00:00,-3.5662
2023-09-27 10:00:00,-3.5670
2023-09-27 11:00:00,-3.5669
2023-09-27 12:00:00,-3.5673
2023-09-27 13:00:00,-3.5680
2023-09-27 14:00:00,-3.5682
2023-09-27 15:00:00,-3.5685
2023-09-27 16:00:00,-3.5689
2023-09-27 17:00:00,-3.5693
2023-09-27 18:00:00,-3.5696
2023-09-27 19:00:00,-3.5698
2023-09-27 20:00:00,-3.5701
2023-09-27 21:00:00,-3.5703
2023-09-27 22:00:00,-3.5702
2023-09-27 23:00:00,-3.5704
2023-09-28 00:00:00,-3.5702
2023-09-28 01:00:00,-3.5704
2023-09-28 02:00:00,-3.5708
2023-09-28 03:00:00,-3.5712
2023-09-28 04:00:00,-3.5720
2023-09-28 05:00:00,-3.5728
2023-09-28 06:00:00,-3.5738
2023-09-28 07:00:00,-3.5746
2023-09-28 08:00:00,-3.5752
2023-09-28 09:00:00,-3.5762
2023-09-28 10:00:00,-3.5769
2023-09-28 11:00:00,-3.5777
2023-09-28 12:00:00,-3.5783
2023-09-28 13:00:00,-3.5790
2023-09-28 14:00:00,-3.5795
2023-09-28 15:00:00,-3.5809
2023-09-28 16:00:00,-3.5816
2023-09-28 17:00:00,-3.5829
2023-09-28 18:00:00,-3.5841
2023-09-28 19:00:00,-3.5850
2023-09-28 20:00:00,-3.5860
2023-09-28 21:00:00,-3.5860
2023-09-28 22:00:00,-3.5866
2023-09-28 23:00:00,-3.5866
2023-09-29 00:00:00,-3.5863
2023-09-29 01:00:00,-3.5862
2023-09-29 02:00:00,-3.5861
2023-09-29 03:00:00,-3.5864
2023-09-29 04:00:00,-3.5863
2023-09-29 05:00:00,-3.5865
2023-09-29 06:00:00,-3.5873
2023-09-29 07:00:00,-3.5877
2023-09-29 08:00:00,-3.5879
2023-09-29 09:00:00,-3.5885
2023-09-29 10:00:00,-3.5888
2023-09-29 11:00:00,-3.5889
2023-09-29 12:00:00,-3.5891
2023-09-29 13:00:00,-3.5891
2023-09-29 14:00:00,-3.5892
2023-09-29 15:00:00,-3.5901
2023-09-29 16:00:00,-3.5909
2023-09-29 17:00:00,-3.5921
2023-09-29 18:00:00,-3.5936
2023-09-29 19:00:00,-3.5959
2023-09-29 20:00:00,-3.5972
2023-09-29 21:00:00,-3.5984
2023-09-29 22:00:00,-3.5996
2023-09-29 23:00:00,-3.6004
2023-09-30 00:00:00,-3.6011
2023-09-30 01:00:00,-3.6011
2023-09-30 02:00:00,-3.6018
2023-09-30 03:00:00,-3.6017
2023-09-30 04:00:00,-3.6021
2023-09-30 05:00:00,-3.6030
2023-09-30 06:00:00,-3.6033
2023-09-30 07:00:00,-3.6039
2023-09-30 08:00:00,-3.6047
2023-09-30 09:00:00,-3.6057
2023-09-30 10:00:00,-3.6059
2023-09-30 11:00:00,-3.6073
2023-09-30 12:00:00,-3.6073
2023-09-30 13:00:00,-3.6072
2023-09-30 14:00:00,-3.6079
2023-09-30 15:00:00,-3.6081
2023-09-30 16:00:00,-3.6087
2023-09-30 17:00:00,-3.6090
2023-09-30 18:00:00,-3.6099
2023-09-30 19:00:00,-3.6102
2023-09-30 20:00:00,-3.6112
2023-09-30 21:00:00,-3.6115
2023-09-30 22:00:00,-3.6119
2023-09-30 23:00:00,-3.6116
2023-10-01 00:00:00,-3.6119
2023-10-01 01:00:00,-3.6113
2023-10-01 02:00:00,-3.6116
2023-10-01 03:00:00,-3.6110
2023-10-01 04:00:00,-3.6114
2023-10-01 05:00:00,-3.6115
2023-10-01 06:00:00,-3.6118
2023-10-01 07:00:00,-3.6122
2023-10-01 08:00:00,-3.6130
2023-10-01 09:00:00,-3.6137
2023-10-01 10:00:00,-3.6145
2023-10-01 11:00:00,-3.6151
2023-10-01 12:00:00,-3.6154
2023-10-01 13:00:00,-3.6157
2023-10-01 14:00:00,-3.6163
2023-10-01 15:00:00,-3.6159
2023-10-01 16:00:00,-3.6174
2023-10-01 17:00:00,-3.6177
2023-10-01 18:00:00,-3.6177
2023-10-01 19:00:00,-3.6182
2023-10-01 20:00:00,-3.6188
2023-10-01 21:00:00,-3.6189
2023-10-01 22:00:00,-3.6194
2023-10-01 23:00:00,-3.6199
2023-10-02 00:00:00,-3.6199
2023-10-02 01:00:00,-3.6194
2023-10-02 02:00:00,-3.6205
2023-10-02 03:00:00,-3.6198
2023-10-02 04:00:00,-3.6192
2023-10-02 05:00:00,-3.6198
2023-10-02 06:00:00,-3.6197
2023-10-02 07:00:00,-3.6209
2023-10-02 08:00:00,-3.6211
2023-10-02 09:00:00,-3.6212
2023-10-02 10:00:00,-3.6223
2023-10-02 11:00:00,-3.6213
2023-10-02 12:00:00,-3.6217
2023-10-02 13:00:00,-3.6218
2023-10-02 14:00:00,-3.6215
2023-10-02 15:00:00,-3.6211
2023-10-02 16:00:00,-3.6207
2023-10-02 17:00:00,-3.6206
2023-10-02 18:00:00,-3.6202
2023-10-02 19:00:00,-3.6204
2023-10-02 20:00:00,-3.6193
2023-10-02 21:00:00,-3.6189
2023-10-02 22:00:00,-3.6191
2023-10-02 23:00:00,-3.6195
2023-10-03 00:00:00,-3.6174
2023-10-03 01:00:00,-3.6172
2023-10-03 02:00:00,-3.6175
2023-10-03 03:00:00,-3.6154
2023-10-03 04:00:00,-3.6153
2023-11-02 19:00:00,
2023-11-02 20:00:00,
2023-11-02 21:00:00,
2023-11-02 22:00:00,
2023-11-02 23:00:00,
2023-11-03 00:00:00,
2023-11-03 13:00:00,-3.3437
2023-11-03 14:00:00,-3.3416
2023-11-03 15:00:00,-3.3395
2023-11-03 16:00:00,-3.3386
2023-11-03 17:00:00,-3.3391
2023-11-03 18:00:00,-3.3396
2023-11-03 19:00:00,-3.3408
2023-11-03 20:00:00,-3.3420
2023-11-03 21:00:00,-3.3444
2023-11-03 22:00:00,-3.3470
2023-11-03 23:00:00,-3.3489
2023-11-04 00:00:00,-3.3515
2023-11-04 01:00:00,-3.3543
2023-11-04 02:00:00,-3.3543
2023-11-04 03:00:00,-3.3592
2023-11-04 04:00:00,-3.3615
2023-11-04 05:00:00,-3.3649
2023-11-04 06:00:00,-3.3679
2023-11-04 07:00:00,-3.3711
2023-11-04 08:00:00,-3.3737
2023-11-04 09:00:00,-3.3762
2023-11-04 10:00:00,-3.3791
2023-11-04 11:00:00,-3.3821
2023-11-04 12:00:00,-3.3851
2023-11-04 13:00:00,-3.3874
2023-11-04 14:00:00,-3.3906
2023-11-04 15:00:00,-3.3927
2023-11-04 16:00:00,-3.3938
2023-11-04 17:00:00,-3.3948
2023-11-04 18:00:00,-3.3956
2023-11-04 19:00:00,-3.3965
2023-11-04 20:00:00,-3.3981
2023-11-04 21:00:00,-3.4001
2023-11-04 22:00:00,-3.4023
2023-11-04 23:00:00,-3.4049
2023-11-05 00:00:00,-3.4075
2023-11-05 01:00:00,-3.4103
2023-11-05 02:00:00,-3.4125
2023-11-05 03:00:00,-3.4147
2023-11-05 04:00:00,-3.4177
2023-11-05 05:00:00,-3.4196
2023-11-05 06:00:00,-3.4208
2023-11-05 07:00:00,-3.4237
2023-11-05 08:00:00,-3.4255
2023-11-05 09:00:00,-3.4276
2023-11-05 10:00:00,-3.4294
2023-11-05 11:00:00,-3.4319
2023-11-05 12:00:00,-3.4346
2023-11-05 13:00:00,-3.4333
2023-11-05 14:00:00,-3.4314
2023-11-05 15:00:00,-3.4304
2023-11-05 16:00:00,-3.4293
2023-11-05 17:00:00,-3.4298
2023-11-05 18:00:00,-3.4268
2023-11-05 19:00:00,-3.4235
2023-11-05 20:00:00,-3.4165
2023-11-05 21:00:00,-3.4151
2023-11-05 22:00:00,-3.4153
2023-11-05 23:00:00,-3.4165
2023-11-06 00:00:00,-3.4176
2023-11-06 01:00:00,-3.4199
2023-11-06 02:00:00,-3.4198
2023-11-06 03:00:00,-3.4195
2023-11-06 04:00:00,-3.4196
2023-11-06 05:00:00,-3.4198
2023-11-06 06:00:00,-3.4210
2023-11-06 07:00:00,-3.4161
2023-11-06 08:00:00,-3.4112
2023-11-06 09:00:00,-3.4075
2023-11-06 10:00:00,-3.4056
2023-11-06 11:00:00,-3.4056
2023-11-06 12:00:00,-3.4031
2023-11-06 13:00:00,-3.4000
2023-11-06 14:00:00,-3.3991
2023-11-06 15:00:00,-3.3978
2023-11-06 16:00:00,-3.3973
2023-11-06 17:00:00,-3.3971
2023-11-06 18:00:00,-3.3983
2023-11-06 19:00:00,-3.3994
2023-11-06 20:00:00,-3.4007
2023-11-06 21:00:00,-3.4029
2023-11-06 22:00:00,-3.4054
2023-11-06 23:00:00,-3.4072
2023-11-07 00:00:00,-3.4071
2023-11-07 01:00:00,-3.4029
2023-11-07 02:00:00,-3.3988
2023-11-07 03:00:00,-3.3963
2023-11-07 04:00:00,-3.3961
2023-11-07 05:00:00,-3.3959
2023-11-07 06:00:00,-3.3943
2023-11-07 07:00:00,-3.3909
2023-11-07 08:00:00,-3.3881
2023-11-07 09:00:00,-3.3848
2023-11-07 10:00:00,-3.3829
2023-11-07 11:00:00,-3.3816
2023-11-07 12:00:00,-3.3811
2023-11-07 13:00:00,-3.3805
2023-11-07 14:00:00,-3.3815
2023-11-07 15:00:00,-3.3832
2023-11-07 16:00:00,-3.3835
2023-11-07 17:00:00,-3.3855
2023-11-07 18:00:00,-3.3871
2023-11-07 19:00:00,-3.3881
2023-11-07 20:00:00,-3.3898
2023-11-07 21:00:00,-3.3906
2023-11-07 22:00:00,-3.3917
2023-11-07 23:00:00,-3.3923
2023-11-08 00:00:00,-3.3945
2023-11-08 01:00:00,-3.3960
2023-11-08 02:00:00,-3.3978
2023-11-08 03:00:00,-3.4001
2023-11-08 04:00:00,-3.4020
2023-11-08 05:00:00,-3.4044
2023-11-08 06:00:00,-3.4072
2023-11-08 07:00:00,-3.4094
2023-11-08 08:00:00,-3.4119
2023-11-08 09:00:00,-3.4149
2023-11-08 10:00:00,-3.4181
2023-11-08 11:00:00,-3.4193
2023-11-08 12:00:00,-3.4213
2023-11-08 13:00:00,-3.4230
2023-11-08 14:00:00,-3.4248
2023-11-08 15:00:00,-3.4274
2023-11-08 16:00:00,-3.4274
2023-11-08 17:00:00,-3.4270
2023-11-08 18:00:00,-3.4254
2023-11-08 19:00:00,-3.4251
2023-11-08 20:00:00,-3.4245
2023-11-08 21:00:00,-3.4241
2023-11-08 22:00:00,-3.4234
2023-11-08 23:00:00,-3.4231
2023-11-09 00:00:00,-3.4234
2023-11-09 01:00:00,-3.4210
2023-11-09 02:00:00,-3.4180
2023-11-09 03:00:00,-3.4146
2023-11-09 04:00:00,-3.4098
2023-11-09 05:00:00,-3.4054
2023-11-09 06:00:00,-3.4033
2023-11-09 07:00:00,-3.4028
2023-11-09 08:00:00,-3.4031
2023-11-09 09:00:00,-3.4052
2023-11-09 10:00:00,-3.4071
2023-11-09 11:00:00,-3.4082
2023-11-09 12:00:00,-3.4095
2023-11-09 13:00:00,-3.4114
2023-11-09 14:00:00,-3.4134
2023-11-09 15:00:00,-3.4144
2023-11-09 16:00:00,-3.4161
2023-11-09 17:00:00,-3.4144
2023-11-09 18:00:00,-3.4130
2023-11-09 19:00:00,-3.4126
2023-11-09 20:00:00,-3.4126
2023-11-09 21:00:00,-3.4136
2023-11-09 22:00:00,-3.4145
2023-11-09 23:00:00,-3.4152
2023-11-10 00:00:00,-3.4166
2023-11-10 01:00:00,-3.4180
2023-11-10 02:00:00,-3.4188
2023-11-10 03:00:00,-3.4201
2023-11-10 04:00:00,-3.4211
2023-11-10 05:00:00,-3.4225
2023-11-10 06:00:00,-3.4222
2023-11-10 07:00:00,-3.4221
2023-11-10 08:00:00,-3.4222
2023-11-10 09:00:00,-3.4213
2023-11-10 10:00:00,-3.4224
2023-11-10 11:00:00,-3.4210
2023-11-10 12:00:00,-3.4160
2023-11-10 13:00:00,-3.4068
2023-11-10 14:00:00,-3.3957
2023-11-10 15:00:00,-3.3869
2023-11-10 16:00:00,-3.3813
2023-11-10 17:00:00,-3.3782
2023-11-10 18:00:00,-3.3767
2023-11-10 19:00:00,-3.3752
2023-11-10 20:00:00,-3.3742
2023-11-10 21:00:00,-3.3742
2023-11-10 22:00:00,-3.3748
2023-11-10 23:00:00,-3.3756
2023-11-11 00:00:00,-3.3769
2023-11-11 01:00:00,-3.3790
2023-11-11 02:00:00,-3.3804
2023-11-11 03:00:00,-3.3821
2023-11-11 04:00:00,-3.3848
2023-11-11 05:00:00,-3.3877
2023-11-11 06:00:00,-3.3900
2023-11-11 07:00:00,-3.3919
2023-11-11 08:00:00,-3.3935
2023-11-11 09:00:00,-3.3946
2023-11-11 10:00:00,-3.3958
2023-11-11 11:00:00,-3.3983
2023-11-11 12:00:00,-3.3999
2023-11-11 13:00:00,-3.4016
2023-11-11 14:00:00,-3.4033
2023-11-11 15:00:00,-3.4061
2023-11-11 16:00:00,-3.4085
2023-11-11 17:00:00,-3.4109
2023-11-11 18:00:00,-3.4136
2023-11-11 19:00:00,-3.4160
2023-11-11 20:00:00,-3.4178
2023-11-11 21:00:00,-3.4201
2023-11-11 22:00:00,-3.4224
2023-11-11 23:00:00,-3.4246
2023-11-12 00:00:00,-3.4266
2023-11-12 01:00:00,-3.4286
2023-11-12 02:00:00,-3.4305
2023-11-12 03:00:00,-3.4323
2023-11-12 04:00:00,-3.4345
2023-11-12 05:00:00,-3.4361
2023-11-12 06:00:00,-3.4378
2023-11-12 07:00:00,-3.4396
2023-11-12 08:00:00,-3.4413
2023-11-12 09:00:00,-3.4430
2023-11-12 10:00:00,-3.4443
2023-11-12 11:00:00,-3.4452
2023-11-12 12:00:00,-3.4465
2023-11-12 13:00:00,-3.4481
2023-11-12 14:00:00,-3.4500
2023-11-12 15:00:00,-3.4517
2023-11-12 16:00:00,-3.4534
2023-11-12 17:00:00,-3.4548
2023-11-12 18:00:00,-3.4566
2023-11-12 19:00:00,-3.4586
2023-11-12 20:00:00,-3.4600
2023-11-12 21:00:00,-3.4612
2023-11-12 22:00:00,-3.4626
2023-11-12 23:00:00,-3.4640
2023-11-13 00:00:00,-3.4652
2023-11-13 01:00:00,-3.4657
2023-11-13 02:00:00,-3.4662
2023-11-13 03:00:00,-3.4677
2023-11-13 04:00:00,-3.4692
2023-11-13 05:00:00,-3.4698
2023-11-13 06:00:00,-3.4709
2023-11-13 07:00:00,-3.4717
2023-11-13 08:00:00,-3.4727
2023-11-13 09:00:00,-3.4733
2023-11-13 10:00:00,-3.4726
2023-11-13 11:00:00,-3.4693
2023-11-13 12:00:00,-3.4673
2023-11-13 13:00:00,-3.4631
2023-11-13 14:00:00,-3.4616
2023-11-13 15:00:00,-3.4605
2023-11-13 16:00:00,-3.4617
2023-11-13 17:00:00,-3.4616
2023-11-13 18:00:00,-3.4617
2023-11-13 19:00:00,-3.4622
2023-11-13 20:00:00,-3.4632
2023-11-13 21:00:00,-3.4648
2023-11-13 22:00:00,-3.4661
2023-11-13 23:00:00,-3.4673
2023-11-14 00:00:00,-3.4685
2023-11-14 01:00:00,-3.4694
2023-11-14 02:00:00,-3.4715
2023-11-14 03:00:00,-3.4734
2023-11-14 04:00:00,-3.4751
2023-11-14 05:00:00,-3.4773
2023-11-14 06:00:00,-3.4787
2023-11-14 07:00:00,-3.4800
2023-11-14 08:00:00,-3.4818
2023-11-14 09:00:00,-3.4826
2023-11-14 10:00:00,-3.4837
2023-11-14 11:00:00,-3.4851
2023-11-14 12:00:00,-3.4862
2023-11-14 13:00:00,-3.4870
2023-11-14 14:00:00,-3.4881
2023-11-14 15:00:00,-3.4894
2023-11-14 16:00:00,-3.4901
2023-11-14 17:00:00,-3.4898
2023-11-14 18:00:00,-3.4891
2023-11-14 19:00:00,-3.4871
2023-11-14 20:00:00,-3.4819
2023-11-14 21:00:00,-3.4766
2023-11-14 22:00:00,-3.4715
2023-11-14 23:00:00,-3.4678
2023-11-15 00:00:00,-3.4654
2023-11-15 01:00:00,-3.4638
2023-11-15 02:00:00,-3.4625
2023-11-15 03:00:00,-3.4587
2023-11-15 04:00:00,-3.4551
2023-11-15 05:00:00,-3.4518
2023-11-15 06:00:00,-3.4493
2023-11-15 07:00:00,-3.4476
2023-11-15 08:00:00,-3.4473
2023-11-15 09:00:00,-3.4487
2023-11-15 10:00:00,-3.4506
2023-11-15 11:00:00,-3.4525
2023-11-15 12:00:00,-3.4547
2023-11-15 13:00:00,-3.4570
2023-11-15 14:00:00,-3.4568
2023-11-15 15:00:00,-3.4579
2023-11-15 16:00:00,-3.4591
2023-11-15 17:00:00,-3.4599
2023-11-15 18:00:00,-3.4616
2023-11-15 19:00:00,-3.4632
2023-11-15 20:00:00,-3.4646
2023-11-15 21:00:00,-3.4652
2023-11-15 22:00:00,-3.4662
2023-11-15 23:00:00,-3.4652
2023-11-16 00:00:00,-3.4606
2023-11-16 01:00:00,-3.4578
2023-11-16 02:00:00,-3.4570
2023-11-16 03:00:00,-3.4566
2023-11-16 04:00:00,-3.4584
2023-11-16 05:00:00,-3.4579
2023-11-16 06:00:00,-3.4588
2023-11-16 07:00:00,-3.4611
2023-11-16 08:00:00,-3.4621
2023-11-16 09:00:00,-3.4627
2023-11-16 10:00:00,-3.4648
2023-11-16 11:00:00,-3.4667
2023-11-16 12:00:00,-3.4675
2023-11-16 13:00:00,-3.4685
2023-11-16 14:00:00,-3.4698
2023-11-16 15:00:00,-3.4709
2023-11-16 16:00:00,-3.4722
2023-11-16 17:00:00,-3.4724
2023-11-16 18:00:00,-3.4725
2023-11-16 19:00:00,-3.4733
2023-11-16 20:00:00,-3.4754
2023-11-16 21:00:00,-3.4788
2023-11-16 22:00:00,-3.4810
2023-11-16 23:00:00,-3.4831
2023-11-17 00:00:00,-3.4848
2023-11-17 01:00:00,-3.4864
2023-11-17 02:00:00,-3.4879
2023-11-17 03:00:00,-3.4889
2023-11-17 04:00:00,-3.4879
2023-11-17 05:00:00,-3.4878
2023-11-17 06:00:00,-3.4881
2023-11-17 07:00:00,-3.4919
2023-11-17 08:00:00,-3.4944
2023-11-17 09:00:00,-3.4969
2023-11-17 10:00:00,-3.4988
2023-11-17 11:00:00,-3.5006
2023-11-17 12:00:00,-3.5015
2023-11-17 13:00:00,-3.5034
2023-11-17 14:00:00,-3.5036
2023-11-17 15:00:00,-3.5044
2023-11-17 16:00:00,-3.5054
2023-11-17 17:00:00,-3.5039
2023-11-17 18:00:00,-3.5031
2023-11-17 19:00:00,-3.5038
2023-11-17 20:00:00,-3.5056
2023-11-17 21:00:00,-3.5090
2023-11-17 22:00:00,-3.5103
2023-11-17 23:00:00,-3.5107
2023-11-18 00:00:00,-3.5128
2023-11-18 01:00:00,-3.5150
2023-11-18 02:00:00,-3.5170
2023-11-18 03:00:00,-3.5182
2023-11-18 04:00:00,-3.5191
2023-11-18 05:00:00,-3.5198
2023-11-18 06:00:00,-3.5208
2023-11-18 07:00:00,-3.5215
2023-11-18 08:00:00,-3.5225
2023-11-18 09:00:00,-3.5237
2023-11-18 10:00:00,-3.5244
2023-11-18 11:00:00,-3.5246
2023-11-18 12:00:00,-3.5232
2023-11-18 13:00:00,-3.5192
2023-11-18 14:00:00,-3.5093
2023-11-18 15:00:00,-3.4974
2023-11-18 16:00:00,-3.4870
2023-11-18 17:00:00,-3.4784
2023-11-18 18:00:00,-3.4735
2023-11-18 19:00:00,-3.4708
2023-11-18 20:00:00,-3.4661
2023-11-18 21:00:00,-3.4622
2023-11-18 22:00:00,-3.4620
2023-11-18 23:00:00,-3.4601
2023-11-19 00:00:00,-3.4597
2023-11-19 01:00:00,-3.4606
2023-11-19 02:00:00,-3.4604
2023-11-19 03:00:00,-3.4609
2023-11-19 04:00:00,-3.4611
2023-11-19 05:00:00,-3.4614
2023-11-19 06:00:00,-3.4608
2023-11-19 07:00:00,-3.4602
2023-11-19 08:00:00,-3.4611
2023-11-19 09:00:00,-3.4628
2023-11-19 10:00:00,-3.4642
2023-11-19 11:00:00,-3.4660
2023-11-19 12:00:00,-3.4679
2023-11-19 13:00:00,-3.4704
2023-11-19 14:00:00,-3.4721
2023-11-19 15:00:00,-3.4740
2023-11-19 16:00:00,-3.4745
2023-11-19 17:00:00,-3.4751
2023-11-19 18:00:00,-3.4742
2023-11-19 19:00:00,-3.4716
2023-11-19 20:00:00,-3.4689
2023-11-19 21:00:00,-3.4674
2023-11-19 22:00:00,-3.4678
2023-11-19 23:00:00,-3.4661
2023-11-20 00:00:00,-3.4669
2023-11-20 01:00:00,-3.4653
2023-11-20 02:00:00,-3.4650
2023-11-20 03:00:00,-3.4659
2023-11-20 04:00:00,-3.4646
2023-11-20 05:00:00,-3.4650
2023-11-20 06:00:00,-3.4656
2023-11-20 07:00:00,-3.4664
2023-11-20 08:00:00,-3.4680
2023-11-20 09:00:00,-3.4688
2023-11-20 10:00:00,-3.4699
2023-11-20 11:00:00,-3.4721
2023-11-20 12:00:00,-3.4727
2023-11-20 13:00:00,-3.4740
2023-11-20 14:00:00,-3.4737
2023-11-20 15:00:00,-3.4742
2023-11-20 16:00:00,-3.4736
2023-11-20 17:00:00,-3.4743
2023-11-20 18:00:00,-3.4741
2023-11-20 19:00:00,-3.4740
2023-11-20 20:00:00,-3.4752
2023-11-20 21:00:00,-3.4765
2023-11-20 22:00:00,-3.4776
2023-11-20 23:00:00,-3.4788
2023-11-21 00:00:00,-3.4790
2023-11-21 01:00:00,-3.4780
2023-11-21 02:00:00,-3.4779
2023-11-21 03:00:00,-3.4789
2023-11-21 04:00:00,-3.4807
2023-11-21 05:00:00,-3.4799
2023-11-21 06:00:00,-3.4808
2023-11-21 07:00:00,-3.4817
2023-11-21 08:00:00,-3.4827
2023-11-21 09:00:00,-3.4841
2023-11-21 10:00:00,-3.4858
2023-11-21 11:00:00,-3.4883
2023-11-21 12:00:00,-3.4897
2023-11-21 13:00:00,-3.4908
2023-11-21 14:00:00,-3.4922
2023-11-21 15:00:00,-3.4941
2023-11-21 16:00:00,-3.4932
2023-11-21 17:00:00,-3.4933
2023-11-21 18:00:00,-3.4947
2023-11-21 19:00:00,-3.4979
2023-11-21 20:00:00,-3.4993
2023-11-21 21:00:00,-3.5009
2023-11-21 22:00:00,-3.5038
2023-11-21 23:00:00,-3.5055
2023-11-22 00:00:00,-3.5068
2023-11-22 01:00:00,-3.5092
2023-11-22 02:00:00,-3.5111
2023-11-22 03:00:00,-3.5115
2023-11-22 04:00:00,-3.5113
2023-11-22 05:00:00,-3.5138
2023-11-22 06:00:00,-3.5155
2023-11-22 07:00:00,-3.5164
2023-11-22 08:00:00,-3.5170
2023-11-22 09:00:00,-3.5175
2023-11-22 10:00:00,-3.5194
2023-11-22 11:00:00,-3.5215
2023-11-22 12:00:00,-3.5225
2023-11-22 13:00:00,-3.5232
2023-11-22 14:00:00,-3.5235
2023-11-22 15:00:00,-3.5253
2023-11-22 16:00:00,-3.5268
2023-11-22 17:00:00,-3.5279
2023-11-22 18:00:00,-3.5290
2023-11-22 19:00:00,-3.5297
2023-11-22 20:00:00,-3.5293
2023-11-22 21:00:00,-3.5287
2023-11-22 22:00:00,-3.5286
2023-11-22 23:00:00,-3.5284
2023-11-23 00:00:00,-3.5281
2023-11-23 01:00:00,-3.5289
2023-11-23 02:00:00,-3.5291
2023-11-23 03:00:00,-3.5296
2023-11-23 04:00:00,-3.5303
2023-11-23 05:00:00,-3.5312
2023-11-23 06:00:00,-3.5319
2023-11-23 07:00:00,-3.5331
2023-11-23 08:00:00,-3.5328
2023-11-23 09:00:00,-3.5309
2023-11-23 10:00:00,-3.5282
2023-11-23 11:00:00,-3.5287
2023-11-23 12:00:00,-3.5302
2023-11-23 13:00:00,-3.5328
2023-11-23 14:00:00,-3.5345
2023-11-23 15:00:00,-3.5362
2023-11-23 16:00:00,-3.5369
2023-11-23 17:00:00,-3.5388
2023-11-23 18:00:00,-3.5388
2023-11-23 19:00:00,-3.5383
2023-11-23 20:00:00,-3.5381
2023-11-23 21:00:00,-3.5372
2023-11-23 22:00:00,-3.5354
2023-11-23 23:00:00,-3.5341
2023-11-24 00:00:00,-3.5329
2023-11-24 01:00:00,-3.5290
2023-11-24 02:00:00,-3.5261
2023-11-24 03:00:00,-3.5254
2023-11-24 04:00:00,-3.5269
2023-11-24 05:00:00,-3.5281
2023-11-24 06:00:00,-3.5279
2023-11-24 07:00:00,-3.5275
2023-11-24 08:00:00,-3.5263
2023-11-24 09:00:00,-3.5253
2023-11-24 10:00:00,-3.5228
2023-11-24 11:00:00,-3.5206
2023-11-24 12:00:00,-3.5191
2023-11-24 13:00:00,-3.5166
2023-11-24 14:00:00,-3.5155
2023-11-24 15:00:00,-3.5133
2023-11-24 16:00:00,-3.5132
2023-11-24 17:00:00,-3.5068
2023-11-24 18:00:00,-3.5049
2023-11-24 19:00:00,-3.5050
2023-11-24 20:00:00,-3.5057
2023-11-24 21:00:00,-3.5052
2023-11-24 22:00:00,-3.5066
2023-11-24 23:00:00,-3.5073
2023-11-25 00:00:00,-3.5089
2023-11-25 01:00:00,-3.5104
2023-11-25 02:00:00,-3.5121
2023-11-25 03:00:00,-3.5123
2023-11-25 04:00:00,-3.5139
2023-11-25 05:00:00,-3.5149
2023-11-25 06:00:00,-3.5148
2023-11-25 07:00:00,-3.5136
2023-11-25 08:00:00,-3.5117
2023-11-25 09:00:00,-3.5081
2023-11-25 10:00:00,-3.5047
2023-11-25 11:00:00,-3.5033
2023-11-25 12:00:00,-3.5023
2023-11-25 13:00:00,-3.4992
2023-11-25 14:00:00,-3.4989
2023-11-25 15:00:00,-3.4974
2023-11-25 16:00:00,-3.4975
2023-11-25 17:00:00,-3.4977
2023-11-25 18:00:00,-3.4988
2023-11-25 19:00:00,-3.4989
2023-11-25 20:00:00,-3.4994
2023-11-25 21:00:00,-3.4986
2023-11-25 22:00:00,-3.4979
2023-11-25 23:00:00,-3.4984
2023-11-26 00:00:00,-3.5005
2023-11-26 01:00:00,-3.5035
2023-11-26 02:00:00,-3.5052
2023-11-26 03:00:00,-3.5066
2023-11-26 04:00:00,-3.5082
2023-11-26 05:00:00,-3.5100
2023-11-26 06:00:00,-3.5111
2023-11-26 07:00:00,-3.5121
2023-11-26 08:00:00,-3.5138
2023-11-26 09:00:00,-3.5150
2023-11-26 10:00:00,-3.5159
2023-11-26 11:00:00,-3.5170
2023-11-26 12:00:00,-3.5171
2023-11-26 13:00:00,-3.5181
2023-11-26 14:00:00,-3.5169
2023-11-26 15:00:00,-3.5150
2023-11-26 16:00:00,-3.5133
2023-11-26 17:00:00,-3.5149
2023-11-26 18:00:00,-3.5165
2023-11-26 19:00:00,-3.5172
2023-11-26 20:00:00,-3.5180
2023-11-26 21:00:00,-3.5177
2023-11-26 22:00:00,-3.5184
2023-11-26 23:00:00,-3.5182
2023-11-27 00:00:00,-3.5174
2023-11-27 01:00:00,-3.5159
2023-11-27 02:00:00,-3.5161
2023-11-27 03:00:00,-3.5150
2023-11-27 04:00:00,-3.5110
2023-11-27 05:00:00,-3.5051
2023-11-27 06:00:00,-3.4973
2023-11-27 07:00:00,-3.4925
2023-11-27 08:00:00,-3.4879
2023-11-27 09:00:00,-3.4818
2023-11-27 10:00:00,-3.4745
2023-11-27 11:00:00,-3.4659
2023-11-27 12:00:00,-3.4595
2023-11-27 13:00:00,-3.4522
2023-11-27 14:00:00,-3.4461
2023-11-27 15:00:00,-3.4420
2023-11-27 16:00:00,-3.4379
2023-11-27 17:00:00,-3.4355
2023-11-27 18:00:00,-3.4355
2023-11-27 19:00:00,-3.4350
2023-11-27 20:00:00,-3.4347
2023-11-27 21:00:00,-3.4339
2023-11-27 22:00:00,-3.4348
2023-11-27 23:00:00,-3.4361
2023-11-28 00:00:00,-3.4375
2023-11-28 01:00:00,-3.4391
2023-11-28 02:00:00,-3.4396
2023-11-28 03:00:00,-3.4421
2023-11-28 04:00:00,-3.4442
2023-11-28 05:00:00,-3.4465
2023-11-28 06:00:00,-3.4483
2023-11-28 07:00:00,-3.4495
2023-11-28 08:00:00,-3.4523
2023-11-28 09:00:00,-3.4563
2023-11-28 10:00:00,-3.4588
2023-11-28 11:00:00,-3.4612
2023-11-28 12:00:00,-3.4633
2023-11-28 13:00:00,-3.4651
2023-11-28 14:00:00,-3.4662
2023-11-28 15:00:00,-3.4684
2023-11-28 16:00:00,-3.4681
2023-11-28 17:00:00,-3.4692
2023-11-28 18:00:00,-3.4721
2023-11-28 19:00:00,-3.4737
2023-11-28 20:00:00,-3.4735
2023-11-28 21:00:00,-3.4720
2023-11-28 22:00:00,-3.4682
2023-11-28 23:00:00,-3.4659
2023-11-29 00:00:00,-3.4636
2023-11-29 01:00:00,-3.4600
2023-11-29 02:00:00,-3.4557
2023-11-29 03:00:00,-3.4536
2023-11-29 04:00:00,-3.4538
2023-11-29 05:00:00,-3.4524
2023-11-29 06:00:00,-3.4527
2023-11-29 07:00:00,-3.4512
2023-11-29 08:00:00,-3.4512
2023-11-29 09:00:00,-3.4517
2023-11-29 10:00:00,-3.4554
2023-11-29 11:00:00,-3.4569
2023-11-29 12:00:00,-3.4580
2023-11-29 13:00:00,-3.4595
2023-11-29 14:00:00,-3.4595
2023-11-29 15:00:00,-3.4555
2023-11-29 16:00:00,-3.4555
2023-11-29 17:00:00,-3.4568
2023-11-29 18:00:00,-3.4576
2023-11-29 19:00:00,-3.4584
2023-11-29 20:00:00,-3.4591
2023-11-29 21:00:00,-3.4596
2023-11-29 22:00:00,-3.4604
2023-11-29 23:00:00,-3.4593
2023-11-30 00:00:00,-3.4585
2023-11-30 01:00:00,-3.4593
2023-11-30 02:00:00,-3.4603
2023-11-30 03:00:00,-3.4614
2023-11-30 04:00:00,-3.4624
2023-11-30 05:00:00,-3.4635
2023-11-30 06:00:00,-3.4652
2023-11-30 07:00:00,-3.4668
2023-11-30 08:00:00,-3.4690
2023-11-30 09:00:00,-3.4707
2023-11-30 10:00:00,-3.4725
2023-11-30 11:00:00,-3.4724
2023-11-30 12:00:00,-3.4726
2023-11-30 13:00:00,-3.4726
2023-11-30 14:00:00,-3.4748
2023-11-30 15:00:00,-3.4766
2023-11-30 16:00:00,-3.4785
2023-11-30 17:00:00,-3.4799
2023-11-30 18:00:00,-3.4816
2023-11-30 19:00:00,-3.4832
2023-11-30 20:00:00,-3.4851
2023-11-30 21:00:00,-3.4869
2023-11-30 22:00:00,-3.4872
2023-11-30 23:00:00,-3.4865
2023-12-01 00:00:00,-3.4872
2023-12-01 01:00:00,-3.4899
2023-12-01 02:00:00,-3.4922
2023-12-01 03:00:00,-3.4933
2023-12-01 04:00:00,-3.4950
2023-12-01 05:00:00,-3.4967
2023-12-01 06:00:00,-3.4980
2023-12-01 07:00:00,-3.4996
2023-12-01 08:00:00,-3.5011
2023-12-01 09:00:00,-3.5015
2023-12-01 10:00:00,-3.5014
2023-12-01 11:00:00,-3.5026
2023-12-01 12:00:00,-3.5048
2023-12-01 13:00:00,-3.5066
2023-12-01 14:00:00,-3.5077
2023-12-01 15:00:00,-3.5090
2023-12-01 16:00:00,-3.5101
2023-12-01 17:00:00,-3.5109
2023-12-01 18:00:00,-3.5127
2023-12-01 19:00:00,-3.5144
2023-12-01 20:00:00,-3.5160
2023-12-01 21:00:00,-3.5176
2023-12-01 22:00:00,-3.5193
2023-12-01 23:00:00,-3.5202
2023-12-02 00:00:00,-3.5208
2023-12-02 01:00:00,-3.5191
2023-12-02 02:00:00,-3.5186
2023-12-02 03:00:00,-3.5210
2023-12-02 04:00:00,-3.5228
2023-12-02 05:00:00,-3.5247
2023-12-02 06:00:00,-3.5262
2023-12-02 07:00:00,-3.5272
2023-12-02 08:00:00,-3.5290
2023-12-02 09:00:00,-3.5303
2023-12-02 10:00:00,-3.5323
2023-12-02 11:00:00,-3.5350
2023-12-02 12:00:00,-3.5353
2023-12-02 13:00:00,-3.5364
2023-12-02 14:00:00,-3.5364
2023-12-02 15:00:00,-3.5357
2023-12-02 16:00:00,-3.5364
2023-12-02 17:00:00,-3.5361
2023-12-02 18:00:00,-3.5364
2023-12-02 19:00:00,-3.5359
2023-12-02 20:00:00,-3.5321
2023-12-02 21:00:00,-3.5299
2023-12-02 22:00:00,-3.5294
2023-12-02 23:00:00,-3.5276
2023-12-03 00:00:00,-3.5233
2023-12-03 01:00:00,-3.5193
2023-12-03 02:00:00,-3.5118
2023-12-03 03:00:00,-3.5056
2023-12-03 04:00:00,-3.5028
2023-12-03 05:00:00,-3.4999
2023-12-03 06:00:00,-3.4979
2023-12-03 07:00:00,-3.4974
2023-12-03 08:00:00,-3.4974
2023-12-03 09:00:00,-3.4972
2023-12-03 10:00:00,-3.4958
2023-12-03 11:00:00,-3.4963
2023-12-03 12:00:00,-3.4982
2023-12-03 13:00:00,-3.4999
2023-12-03 14:00:00,-3.5015
2023-12-03 15:00:00,-3.5026
2023-12-03 16:00:00,-3.5034
2023-12-03 17:00:00,-3.5040
2023-12-03 18:00:00,-3.5048
2023-12-03 19:00:00,-3.5035
2023-12-03 20:00:00,-3.5024
2023-12-03 21:00:00,-3.5036
2023-12-03 22:00:00,-3.5057
2023-12-03 23:00:00,-3.5061
2023-12-04 00:00:00,-3.5067
2023-12-04 01:00:00,-3.5073
2023-12-04 02:00:00,-3.5071
2023-12-04 03:00:00,-3.5056
2023-12-04 04:00:00,-3.5009
2023-12-04 05:00:00,-3.4963
2023-12-04 06:00:00,-3.4956
2023-12-04 07:00:00,-3.4956
2023-12-04 08:00:00,-3.4951
2023-12-04 09:00:00,-3.4955
2023-12-04 10:00:00,-3.4958
2023-12-04 11:00:00,-3.4955
2023-12-04 12:00:00,-3.4957
2023-12-04 13:00:00,-3.4947
2023-12-04 14:00:00,-3.4931
2023-12-04 15:00:00,-3.4927
2023-12-04 16:00:00,-3.4947
2023-12-04 17:00:00,-3.4961
2023-12-04 18:00:00,-3.4979
2023-12-04 19:00:00,-3.4988
2023-12-04 20:00:00,-3.4995
2023-12-04 21:00:00,-3.5008
2023-12-04 22:00:00,-3.5017
2023-12-04 23:00:00,-3.5008
2023-12-05 00:00:00,-3.4994
2023-12-05 01:00:00,-3.4994
2023-12-05 02:00:00,-3.4994
2023-12-05 03:00:00,-3.4994
2023-12-05 04:00:00,-3.4985
2023-12-05 05:00:00,-3.4975
2023-12-05 06:00:00,-3.4976
2023-12-05 07:00:00,-3.4977
2023-12-05 08:00:00,-3.4978
2023-12-05 09:00:00,-3.4964
2023-12-05 10:00:00,-3.4968
2023-12-05 11:00:00,-3.4990
2023-12-05 12:00:00,-3.5011
2023-12-05 13:00:00,-3.5023
2023-12-05 14:00:00,-3.5023
2023-12-05 15:00:00,-3.5053
2023-12-05 16:00:00,-3.5053
2023-12-05 17:00:00,-3.5084
2023-12-05 18:00:00,-3.5100
2023-12-05 19:00:00,-3.5104
2023-12-05 20:00:00,-3.5092
2023-12-05 21:00:00,-3.5102
2023-12-05 22:00:00,-3.5131
2023-12-05 23:00:00,-3.5154
2023-12-06 00:00:00,-3.5171
2023-12-06 01:00:00,-3.5183
2023-12-06 02:00:00,-3.5192
2023-12-06 03:00:00,-3.5205
2023-12-06 04:00:00,-3.5214
2023-12-06 05:00:00,-3.5219
2023-12-06 06:00:00,-3.5226
2023-12-06 07:00:00,-3.5228
2023-12-06 08:00:00,-3.5207
2023-12-06 09:00:00,-3.5205
2023-12-06 10:00:00,-3.5227
2023-12-06 11:00:00,-3.5256
2023-12-06 12:00:00,-3.5269
2023-12-06 13:00:00,-3.5277
2023-12-06 14:00:00,-3.5289
2023-12-06 15:00:00,-3.5284
2023-12-06 16:00:00,-3.5265
2023-12-06 17:00:00,-3.5278
2023-12-06 18:00:00,-3.5302
2023-12-06 19:00:00,-3.5307
2023-12-06 20:00:00,-3.5313
2023-12-06 21:00:00,-3.5324
2023-12-06 22:00:00,-3.5331
2023-12-06 23:00:00,-3.5342
2023-12-07 00:00:00,-3.5352
2023-12-07 01:00:00,-3.5356
2023-12-07 02:00:00,-3.5371
2023-12-07 03:00:00,-3.5381
2023-12-07 04:00:00,-3.5387
2023-12-07 05:00:00,-3.5372
2023-12-07 06:00:00,-3.5363
2023-12-07 07:00:00,-3.5381
2023-12-07 08:00:00,-3.5405
2023-12-07 09:00:00,-3.5423
2023-12-07 10:00:00,-3.5435
2023-12-07 11:00:00,-3.5454
2023-12-07 12:00:00,-3.5467
2023-12-07 13:00:00,-3.5469
2023-12-07 14:00:00,-3.5469
2023-12-07 15:00:00,-3.5464
2023-12-07 16:00:00,-3.5464
2023-12-07 17:00:00,-3.5439
2023-12-07 18:00:00,-3.5434
2023-12-07 19:00:00,-3.5430
2023-12-07 20:00:00,-3.5427
2023-12-07 21:00:00,-3.5394
2023-12-07 22:00:00,-3.5370
2023-12-07 23:00:00,-3.5384
2023-12-08 00:00:00,-3.5400
2023-12-08 01:00:00,-3.5416
2023-12-08 02:00:00,-3.5425
2023-12-08 03:00:00,-3.5430
2023-12-08 04:00:00,-3.5423
2023-12-08 05:00:00,-3.5405
2023-12-08 06:00:00,-3.5390
2023-12-08 07:00:00,-3.5376
2023-12-08 08:00:00,-3.5366
2023-12-08 09:00:00,-3.5353
2023-12-08 10:00:00,-3.5350
2023-12-08 11:00:00,-3.5314
2023-12-08 12:00:00,-3.5316
2023-12-08 13:00:00,-3.5341
2023-12-08 14:00:00,-3.5363
2023-12-08 15:00:00,-3.5391
2023-12-08 16:00:00,-3.5399
2023-12-08 17:00:00,-3.5410
2023-12-08 18:00:00,-3.5418
2023-12-08 19:00:00,-3.5428
2023-12-08 20:00:00,-3.5437
2023-12-08 21:00:00,-3.5452
2023-12-08 22:00:00,-3.5459
2023-12-08 23:00:00,-3.5460
2023-12-09 00:00:00,-3.5429
2023-12-09 01:00:00,-3.5432
2023-12-09 02:00:00,-3.5451
2023-12-09 03:00:00,-3.5467
2023-12-09 04:00:00,-3.5480
2023-12-09 05:00:00,-3.5497
2023-12-09 06:00:00,-3.5501
2023-12-09 07:00:00,-3.5507
2023-12-09 08:00:00,-3.5509
2023-12-09 09:00:00,-3.5489
2023-12-09 10:00:00,-3.5472
2023-12-09 11:00:00,-3.5486
2023-12-09 12:00:00,-3.5483
2023-12-09 13:00:00,-3.5502
2023-12-09 14:00:00,-3.5489
2023-12-09 15:00:00,-3.5451
2023-12-09 16:00:00,-3.5326
2023-12-09 17:00:00,-3.5225
2023-12-09 18:00:00,-3.5134
2023-12-09 19:00:00,-3.4997
2023-12-09 20:00:00,-3.4857
2023-12-09 21:00:00,-3.4766
2023-12-09 22:00:00,-3.4728
2023-12-09 23:00:00,-3.4722
2023-12-10 00:00:00,-3.4709
2023-12-10 01:00:00,-3.4685
2023-12-10 02:00:00,-3.4665
2023-12-10 03:00:00,-3.4665
2023-12-10 04:00:00,-3.4630
2023-12-10 05:00:00,-3.4608
2023-12-10 06:00:00,-3.4561
2023-12-10 07:00:00,-3.4513
2023-12-10 08:00:00,-3.4495
2023-12-10 09:00:00,-3.4484
2023-12-10 10:00:00,-3.4468
2023-12-10 11:00:00,-3.4492
2023-12-10 12:00:00,-3.4508
2023-12-10 13:00:00,-3.4516
2023-12-10 14:00:00,-3.4526
2023-12-10 15:00:00,-3.4549
2023-12-10 16:00:00,-3.4557
2023-12-10 17:00:00,-3.4565
2023-12-10 18:00:00,-3.4561
2023-12-10 19:00:00,-3.4556
2023-12-10 20:00:00,-3.4525
2023-12-10 21:00:00,-3.4498
2023-12-10 22:00:00,-3.4495
2023-12-10 23:00:00,-3.4474
2023-12-11 00:00:00,-3.4484
2023-12-11 01:00:00,-3.4484
2023-12-11 02:00:00,-3.4495
2023-12-11 03:00:00,-3.4478
2023-12-11 04:00:00,-3.4492
2023-12-11 05:00:00,-3.4514
2023-12-11 06:00:00,-3.4516
2023-12-11 07:00:00,-3.4509
2023-12-11 08:00:00,-3.4492
2023-12-11 09:00:00,-3.4483
2023-12-11 10:00:00,-3.4477
2023-12-11 11:00:00,-3.4476
2023-12-11 12:00:00,-3.4485
2023-12-11 13:00:00,-3.4498
2023-12-11 14:00:00,-3.4505
2023-12-11 15:00:00,-3.4525
2023-12-11 16:00:00,-3.4545
2023-12-11 17:00:00,-3.4561
2023-12-11 18:00:00,-3.4582
2023-12-11 19:00:00,-3.4588
2023-12-11 20:00:00,-3.4603
2023-12-11 21:00:00,-3.4619
2023-12-11 22:00:00,-3.4641
2023-12-11 23:00:00,-3.4654
2023-12-12 00:00:00,-3.4663
2023-12-12 01:00:00,-3.4659
2023-12-12 02:00:00,-3.4666
2023-12-12 03:00:00,-3.4682
2023-12-12 04:00:00,-3.4697
2023-12-12 05:00:00,-3.4712
2023-12-12 06:00:00,-3.4719
2023-12-12 07:00:00,-3.4722
2023-12-12 08:00:00,-3.4747
2023-12-12 09:00:00,-3.4767
2023-12-12 10:00:00,-3.4777
2023-12-12 11:00:00,-3.4791
2023-12-12 12:00:00,-3.4798
2023-12-12 13:00:00,-3.4792
2023-12-12 14:00:00,-3.4816
2023-12-12 15:00:00,-3.4818
2023-12-12 16:00:00,-3.4786
2023-12-12 17:00:00,-3.4762
2023-12-12 18:00:00,-3.4732
2023-12-12 19:00:00,-3.4711
2023-12-12 20:00:00,-3.4692
2023-12-12 21:00:00,-3.4660
2023-12-12 22:00:00,-3.4646
2023-12-12 23:00:00,-3.4639
2023-12-13 00:00:00,-3.4633
2023-12-13 01:00:00,-3.4612
2023-12-13 02:00:00,-3.4630
2023-12-13 03:00:00,-3.4635
2023-12-13 04:00:00,-3.4635
2023-12-13 05:00:00,-3.4633
2023-12-13 06:00:00,-3.4645
2023-12-13 07:00:00,-3.4666
2023-12-13 08:00:00,-3.4671
2023-12-13 09:00:00,-3.4673
2023-12-13 10:00:00,-3.4665
2023-12-13 11:00:00,-3.4678
2023-12-13 12:00:00,-3.4694
2023-12-13 13:00:00,-3.4708
2023-12-13 14:00:00,-3.4723
2023-12-13 15:00:00,-3.4720
2023-12-13 16:00:00,-3.4734
2023-12-13 17:00:00,-3.4762
2023-12-13 18:00:00,-3.4778
2023-12-13 19:00:00,-3.4797
2023-12-13 20:00:00,-3.4801
2023-12-13 21:00:00,-3.4828
2023-12-13 22:00:00,-3.4852
2023-12-13 23:00:00,-3.4873
2023-12-14 00:00:00,-3.4896
2023-12-14 01:00:00,-3.4916
2023-12-14 02:00:00,-3.4919
2023-12-14 03:00:00,-3.4942
2023-12-14 04:00:00,-3.4974
2023-12-14 05:00:00,-3.4989
2023-12-14 06:00:00,-3.5022
2023-12-14 07:00:00,-3.5045
2023-12-14 08:00:00,-3.5067
2023-12-14 09:00:00,-3.5084
2023-12-14 10:00:00,-3.5102
2023-12-14 11:00:00,-3.5115
2023-12-14 12:00:00,-3.5132
2023-12-14 13:00:00,-3.5146
2023-12-14 14:00:00,-3.5154
2023-12-14 15:00:00,-3.5152
2023-12-14 16:00:00,-3.5179
2023-12-14 17:00:00,-3.5199
2023-12-14 18:00:00,-3.5220
2023-12-14 19:00:00,-3.5243
2023-12-14 20:00:00,-3.5258
2023-12-14 21:00:00,-3.5263
2023-12-14 22:00:00,-3.5269
2023-12-14 23:00:00,-3.5284
2023-12-15 00:00:00,-3.5300
2023-12-15 01:00:00,-3.5305
2023-12-15 02:00:00,-3.5316
2023-12-15 03:00:00,-3.5326
2023-12-15 04:00:00,-3.5343
2023-12-15 05:00:00,-3.5353
2023-12-15 06:00:00,-3.5335
2023-12-15 07:00:00,-3.5357
2023-12-15 08:00:00,-3.5372
2023-12-15 09:00:00,-3.5396
2023-12-15 10:00:00,-3.5413
2023-12-15 11:00:00,-3.5423
2023-12-15 12:00:00,-3.5434
2023-12-15 13:00:00,-3.5444
2023-12-15 14:00:00,-3.5461
2023-12-15 15:00:00,-3.5473
2023-12-15 16:00:00,-3.5461
2023-12-15 17:00:00,-3.5471
2023-12-15 18:00:00,-3.5491
2023-12-15 19:00:00,-3.5510
2023-12-15 20:00:00,-3.5528
2023-12-15 21:00:00,-3.5540
2023-12-15 22:00:00,-3.5546
2023-12-15 23:00:00,-3.5556
2023-12-16 00:00:00,-3.5561
2023-12-16 01:00:00,-3.5570
2023-12-16 02:00:00,-3.5576
2023-12-16 03:00:00,-3.5561
2023-12-16 04:00:00,-3.5560
2023-12-16 05:00:00,-3.5574
2023-12-16 06:00:00,-3.5587
2023-12-16 07:00:00,-3.5603
2023-12-16 08:00:00,-3.5610
2023-12-16 09:00:00,-3.5634
2023-12-16 10:00:00,-3.5647
2023-12-16 11:00:00,-3.5654
2023-12-16 12:00:00,-3.5658
2023-12-16 13:00:00,-3.5671
2023-12-16 14:00:00,-3.5657
2023-12-16 15:00:00,-3.5639
2023-12-16 16:00:00,-3.5657
2023-12-16 17:00:00,-3.5671
2023-12-16 18:00:00,-3.5678
2023-12-16 19:00:00,-3.5688
2023-12-16 20:00:00,-3.5698
2023-12-16 21:00:00,-3.5708
2023-12-16 22:00:00,-3.5716
2023-12-16 23:00:00,-3.5720
2023-12-17 00:00:00,-3.5725
2023-12-17 01:00:00,-3.5724
2023-12-17 02:00:00,-3.5729
2023-12-17 03:00:00,-3.5734
2023-12-17 04:00:00,-3.5714
2023-12-17 05:00:00,-3.5708
2023-12-17 06:00:00,-3.5722
2023-12-17 07:00:00,-3.5741
2023-12-17 08:00:00,-3.5753
2023-12-17 09:00:00,-3.5769
2023-12-17 10:00:00,-3.5774
2023-12-17 11:00:00,-3.5793
2023-12-17 12:00:00,-3.5793
2023-12-17 13:00:00,-3.5802
2023-12-17 14:00:00,-3.5800
2023-12-17 15:00:00,-3.5808
2023-12-17 16:00:00,-3.5817
2023-12-17 17:00:00,-3.5822
2023-12-17 18:00:00,-3.5794
2023-12-17 19:00:00,-3.5785
2023-12-17 20:00:00,-3.5796
2023-12-17 21:00:00,-3.5811
2023-12-17 22:00:00,-3.5829
2023-12-17 23:00:00,-3.5834
2023-12-18 00:00:00,-3.5840
2023-12-18 01:00:00,-3.5849
2023-12-18 02:00:00,-3.5854
2023-12-18 03:00:00,-3.5857
2023-12-18 04:00:00,-3.5857
2023-12-18 05:00:00,-3.5864
2023-12-18 06:00:00,-3.5875
2023-12-18 07:00:00,-3.5880
2023-12-18 08:00:00,-3.5887
2023-12-18 09:00:00,-3.5892
2023-12-18 10:00:00,-3.5894
2023-12-18 11:00:00,-3.5901
2023-12-18 12:00:00,-3.5899
2023-12-18 13:00:00,-3.5912
2023-12-18 14:00:00,-3.5916
2023-12-18 15:00:00,-3.5905
2023-12-18 16:00:00,-3.5889
2023-12-18 17:00:00,-3.5891
2023-12-18 18:00:00,-3.5899
2023-12-18 19:00:00,-3.5911
2023-12-18 20:00:00,-3.5920
2023-12-18 21:00:00,-3.5930
2023-12-18 22:00:00,-3.5946
2023-12-18 23:00:00,-3.5956
2023-12-19 00:00:00,-3.5967
2023-12-19 01:00:00,-3.5971
2023-12-19 02:00:00,-3.5964
2023-12-19 03:00:00,-3.5940
2023-12-19 04:00:00,-3.5900
2023-12-19 05:00:00,-3.5817
2023-12-19 06:00:00,-3.5753
2023-12-19 07:00:00,-3.5677
2023-12-19 08:00:00,-3.5574
2023-12-19 09:00:00,-3.5484
2023-12-19 10:00:00,-3.5387
2023-12-19 11:00:00,-3.5278
2023-12-19 12:00:00,-3.5139
2023-12-19 13:00:00,-3.4995
2023-12-19 14:00:00,-3.4860
2023-12-19 15:00:00,-3.4739
2023-12-19 16:00:00,-3.4630
2023-12-19 17:00:00,-3.4535
2023-12-19 18:00:00,-3.4451
2023-12-19 19:00:00,-3.4377
2023-12-19 20:00:00,-3.4326
2023-12-19 21:00:00,-3.4289
2023-12-19 22:00:00,-3.4272
2023-12-19 23:00:00,-3.4256
2023-12-20 00:00:00,-3.4246
2023-12-20 01:00:00,-3.4242
2023-12-20 02:00:00,-3.4260
2023-12-20 03:00:00,-3.4270
2023-12-20 04:00:00,-3.4280
2023-12-20 05:00:00,-3.4289
2023-12-20 06:00:00,-3.4310
2023-12-20 07:00:00,-3.4326
2023-12-20 08:00:00,-3.4337
2023-12-20 09:00:00,-3.4362
2023-12-20 10:00:00,-3.4373
2023-12-20 11:00:00,-3.4391
2023-12-20 12:00:00,-3.4410
2023-12-20 13:00:00,-3.4433
2023-12-20 14:00:00,-3.4443
2023-12-20 15:00:00,-3.4459
2023-12-20 16:00:00,-3.4482
2023-12-20 17:00:00,-3.4503
2023-12-20 18:00:00,-3.4520
2023-12-20 19:00:00,-3.4518
2023-12-20 20:00:00,-3.4519
2023-12-20 21:00:00,-3.4511
2023-12-20 22:00:00,-3.4483
2023-12-20 23:00:00,-3.4491
2023-12-21 00:00:00,-3.4484
2023-12-21 01:00:00,-3.4494
2023-12-21 02:00:00,-3.4507
2023-12-21 03:00:00,-3.4520
2023-12-21 04:00:00,-3.4526
2023-12-21 05:00:00,-3.4536
2023-12-21 06:00:00,-3.4545
2023-12-21 07:00:00,-3.4561
2023-12-21 08:00:00,-3.4586
2023-12-21 09:00:00,-3.4604
2023-12-21 10:00:00,-3.4602
2023-12-21 11:00:00,-3.4601
2023-12-21 12:00:00,-3.4610
2023-12-21 13:00:00,-3.4615
2023-12-21 14:00:00,-3.4614
2023-12-21 15:00:00,-3.4599
2023-12-21 16:00:00,-3.4602
2023-12-21 17:00:00,-3.4618
2023-12-21 18:00:00,-3.4600
2023-12-21 19:00:00,-3.4599
2023-12-21 20:00:00,-3.4612
2023-12-21 21:00:00,-3.4630
2023-12-21 22:00:00,-3.4609
2023-12-21 23:00:00,-3.4621
2023-12-22 00:00:00,-3.4614
2023-12-22 01:00:00,-3.4633
2023-12-22 02:00:00,-3.4650
2023-12-22 03:00:00,-3.4689
2023-12-22 04:00:00,-3.4665
2023-12-22 05:00:00,-3.4662
2023-12-22 06:00:00,-3.4654
2023-12-22 07:00:00,-3.4654
2023-12-22 08:00:00,-3.4646
2023-12-22 09:00:00,-3.4657
2023-12-22 10:00:00,-3.4640
2023-12-22 11:00:00,-3.4619
2023-12-22 12:00:00,-3.4583
2023-12-22 13:00:00,-3.4579
2023-12-22 14:00:00,-3.4561
2023-12-22 15:00:00,-3.4563
2023-12-22 16:00:00,-3.4562
2023-12-22 17:00:00,-3.4578
2023-12-22 18:00:00,-3.4538
2023-12-22 19:00:00,-3.4444
2023-12-22 20:00:00,-3.4272
2023-12-22 21:00:00,-3.4170
2023-12-22 22:00:00,-3.4114
2023-12-22 23:00:00,-3.4080
2023-12-23 00:00:00,-3.4067
2023-12-23 01:00:00,-3.4054
2023-12-23 02:00:00,-3.4053
2023-12-23 03:00:00,-3.4048
2023-12-23 04:00:00,-3.4039
2023-12-23 05:00:00,-3.4038
2023-12-23 06:00:00,-3.4040
2023-12-23 07:00:00,-3.4054
2023-12-23 08:00:00,-3.4058
2023-12-23 09:00:00,-3.4076
2023-12-23 10:00:00,-3.4096
2023-12-23 11:00:00,-3.4100
2023-12-23 12:00:00,-3.4118
2023-12-23 13:00:00,-3.4147
2023-12-23 14:00:00,-3.4172
2023-12-23 15:00:00,-3.4198
2023-12-23 16:00:00,-3.4218
2023-12-23 17:00:00,-3.4256
2023-12-23 18:00:00,-3.4274
2023-12-23 19:00:00,-3.4281
2023-12-23 20:00:00,-3.4308
2023-12-23 21:00:00,-3.4342
2023-12-23 22:00:00,-3.4359
2023-12-23 23:00:00,-3.4379
2023-12-24 00:00:00,-3.4397
2023-12-24 01:00:00,-3.4414
2023-12-24 02:00:00,-3.4435
2023-12-24 03:00:00,-3.4441
2023-12-24 04:00:00,-3.4432
2023-12-24 05:00:00,-3.4422
2023-12-24 06:00:00,-3.4420
2023-12-24 07:00:00,-3.4411
2023-12-24 08:00:00,-3.4425
2023-12-24 09:00:00,-3.4431
2023-12-24 10:00:00,-3.4439
2023-12-24 11:00:00,-3.4462
2023-12-24 12:00:00,-3.4472
2023-12-24 13:00:00,-3.4479
2023-12-24 14:00:00,-3.4482
2023-12-24 15:00:00,-3.4441
2023-12-24 16:00:00,-3.4381
2023-12-24 17:00:00,-3.4302
2023-12-24 18:00:00,-3.4229
2023-12-24 19:00:00,-3.4184
2023-12-24 20:00:00,-3.4153
2023-12-24 21:00:00,-3.4140
2023-12-24 22:00:00,-3.4150
2023-12-24 23:00:00,-3.4156
2023-12-25 00:00:00,-3.4170
2023-12-25 01:00:00,-3.4170
2023-12-25 02:00:00,-3.4187
2023-12-25 03:00:00,-3.4205
2023-12-25 04:00:00,-3.4216
2023-12-25 05:00:00,-3.4243
2023-12-25 06:00:00,-3.4259
2023-12-25 07:00:00,-3.4273
2023-12-25 08:00:00,-3.4281
2023-12-25 09:00:00,-3.4295
2023-12-25 10:00:00,-3.4306
2023-12-25 11:00:00,-3.4329
2023-12-25 12:00:00,-3.4353
2023-12-25 13:00:00,-3.4377
2023-12-25 14:00:00,-3.4399
2023-12-25 15:00:00,-3.4415
2023-12-25 16:00:00,-3.4443
2023-12-25 17:00:00,-3.4473
2023-12-25 18:00:00,-3.4489
2023-12-25 19:00:00,-3.4504
2023-12-25 20:00:00,-3.4509
2023-12-25 21:00:00,-3.4473
2023-12-25 22:00:00,-3.4429
2023-12-25 23:00:00,-3.4350
2023-12-26 00:00:00,-3.4210
2023-12-26 01:00:00,-3.4058
2023-12-26 02:00:00,-3.3967
2023-12-26 03:00:00,-3.3900
2023-12-26 04:00:00,-3.3877
2023-12-26 05:00:00,-3.3847
2023-12-26 06:00:00,-3.3836
2023-12-26 07:00:00,-3.3828
2023-12-26 08:00:00,-3.3837
2023-12-26 09:00:00,-3.3844
2023-12-26 10:00:00,-3.3857
2023-12-26 11:00:00,-3.3874
2023-12-26 12:00:00,-3.3882
2023-12-26 13:00:00,-3.3911
2023-12-26 14:00:00,-3.3923
2023-12-26 15:00:00,-3.3949
2023-12-26 16:00:00,-3.3977
2023-12-26 17:00:00,-3.4003
2023-12-26 18:00:00,-3.4025
2023-12-26 19:00:00,-3.4051
2023-12-26 20:00:00,-3.4076
2023-12-26 21:00:00,-3.4107
2023-12-26 22:00:00,-3.4132
2023-12-26 23:00:00,-3.4162
2023-12-27 00:00:00,-3.4194
2023-12-27 01:00:00,-3.4222
2023-12-27 02:00:00,-3.4250
2023-12-27 03:00:00,-3.4274
2023-12-27 04:00:00,-3.4294
2023-12-27 05:00:00,-3.4320
2023-12-27 06:00:00,-3.4347
2023-12-27 07:00:00,-3.4357
2023-12-27 08:00:00,-3.4379
2023-12-27 09:00:00,-3.4400
2023-12-27 10:00:00,-3.4393
2023-12-27 11:00:00,-3.4389
2023-12-27 12:00:00,-3.4386
2023-12-27 13:00:00,-3.4384
2023-12-27 14:00:00,-3.4395
2023-12-27 15:00:00,-3.4411
2023-12-27 16:00:00,-3.4421
2023-12-27 17:00:00,-3.4434
2023-12-27 18:00:00,-3.4445
2023-12-27 19:00:00,-3.4458
2023-12-27 20:00:00,-3.4469
2023-12-27 21:00:00,-3.4486
2023-12-27 22:00:00,-3.4510
2023-12-27 23:00:00,-3.4528
2023-12-28 00:00:00,-3.4545
2023-12-28 01:00:00,-3.4560
2023-12-28 02:00:00,-3.4576
2023-12-28 03:00:00,-3.4587
2023-12-28 04:00:00,-3.4615
2023-12-28 05:00:00,-3.4657
2023-12-28 06:00:00,-3.4704
2023-12-28 07:00:00,-3.4740
2023-12-28 08:00:00,-3.4768
2023-12-28 09:00:00,-3.4808
2023-12-28 10:00:00,-3.4808
2023-12-28 11:00:00,-3.4836
2023-12-28 12:00:00,-3.4848
2023-12-28 13:00:00,-3.4881
2023-12-28 14:00:00,-3.4886
2023-12-28 15:00:00,-3.4923
2023-12-28 16:00:00,-3.4919
2023-12-28 17:00:00,-3.4926
2023-12-28 18:00:00,-3.4956
2023-12-28 19:00:00,-3.4980
2023-12-28 20:00:00,-3.5007
2023-12-28 21:00:00,-3.5017
2023-12-28 22:00:00,-3.5031
2023-12-28 23:00:00,-3.5029
2023-12-29 00:00:00,-3.5037
2023-12-29 01:00:00,-3.5043
2023-12-29 02:00:00,-3.5064
2023-12-29 03:00:00,-3.5082
2023-12-29 04:00:00,-3.5096
2023-12-29 05:00:00,-3.5089
2023-12-29 06:00:00,-3.5102
2023-12-29 07:00:00,-3.5107
2023-12-29 08:00:00,-3.5112
2023-12-29 09:00:00,-3.5123
2023-12-29 10:00:00,-3.5137
2023-12-29 11:00:00,-3.5059
2023-12-29 12:00:00,-3.4987
2023-12-29 13:00:00,-3.4940
2023-12-29 14:00:00,-3.4894
2023-12-29 15:00:00,-3.4893
2023-12-29 16:00:00,-3.4892
2023-12-29 17:00:00,-3.4881
2023-12-29 18:00:00,-3.4867
2023-12-29 19:00:00,-3.4839
2023-12-29 20:00:00,-3.4850
2023-12-29 21:00:00,-3.4855
2023-12-29 22:00:00,-3.4875
2023-12-29 23:00:00,-3.4880
2023-12-30 00:00:00,-3.4894
2023-12-30 01:00:00,-3.4916
2023-12-30 02:00:00,-3.4936
2023-12-30 03:00:00,-3.4961
2023-12-30 04:00:00,-3.4964
2023-12-30 05:00:00,-3.4991
2023-12-30 06:00:00,-3.5010
2023-12-30 07:00:00,-3.5031
2023-12-30 08:00:00,-3.5053
2023-12-30 09:00:00,-3.5071
2023-12-30 10:00:00,-3.5076
2023-12-30 11:00:00,-3.5090
2023-12-30 12:00:00,-3.5111
2023-12-30 13:00:00,-3.5118
2023-12-30 14:00:00,-3.5132
2023-12-30 15:00:00,-3.5127
2023-12-30 16:00:00,-3.5142
2023-12-30 17:00:00,-3.5155
2023-12-30 18:00:00,-3.5167
2023-12-30 19:00:00,-3.5174
2023-12-30 20:00:00,-3.5168
2023-12-30 21:00:00,-3.5179
2023-12-30 22:00:00,-3.5187
2023-12-30 23:00:00,-3.5202
2023-12-31 00:00:00,-3.5210
2023-12-31 01:00:00,-3.5215
2023-12-31 02:00:00,-3.5199
2023-12-31 03:00:00,-3.5218
2023-12-31 04:00:00,-3.5213
2023-12-31 05:00:00,-3.5205
2023-12-31 06:00:00,-3.5211
2023-12-31 07:00:00,-3.5211
2023-12-31 08:00:00,-3.5218
2023-12-31 09:00:00,-3.5229
2023-12-31 10:00:00,-3.5228
2023-12-31 11:00:00,-3.5225
2023-12-31 12:00:00,-3.5197
2023-12-31 13:00:00,-3.5186
2023-12-31 14:00:00,-3.5185
2023-12-31 15:00:00,-3.5188
2023-12-31 16:00:00,-3.5196
2023-12-31 17:00:00,-3.5199
2023-12-31 18:00:00,-3.5205
2023-12-31 19:00:00,-3.5180
2023-12-31 20:00:00,-3.5185
2023-12-31 21:00:00,-3.5188
2023-12-31 22:00:00,-3.5217
2023-12-31 23:00:00,-3.5179
2024-01-01 00:00:00,-3.5135
2024-01-01 01:00:00,-3.5086
2024-01-01 02:00:00,-3.5043
2024-01-01 03:00:00,-3.4954
2024-01-01 04:00:00,-3.4844
2024-01-01 05:00:00,-3.4701
2024-01-01 06:00:00,-3.4508
2024-01-01 07:00:00,-3.4375
2024-01-01 08:00:00,-3.4307
2024-01-01 09:00:00,-3.4263
2024-01-01 10:00:00,-3.4223
2024-01-01 11:00:00,-3.4208
2024-01-01 12:00:00,-3.4194
2024-01-01 13:00:00,-3.4192
2024-01-01 14:00:00,-3.4192
2024-01-01 15:00:00,-3.4193
2024-01-01 16:00:00,-3.4200
2024-01-01 17:00:00,-3.4211
2024-01-01 18:00:00,-3.4217
2024-01-01 19:00:00,-3.4222
2024-01-01 20:00:00,-3.4234
2024-01-01 21:00:00,-3.4249
2024-01-01 22:00:00,-3.4264
2024-01-01 23:00:00,-3.4284
2024-01-02 00:00:00,-3.4290
2024-01-02 01:00:00,-3.4289
2024-01-02 02:00:00,-3.4286
2024-01-02 03:00:00,-3.4255
2024-01-02 04:00:00,-3.4208
2024-01-02 05:00:00,-3.4158
2024-01-02 06:00:00,-3.4089
2024-01-02 07:00:00,-3.4030
2024-01-02 08:00:00,-3.3978
2024-01-02 09:00:00,-3.3950
2024-01-02 10:00:00,-3.3934
2024-01-02 11:00:00,-3.3928
2024-01-02 12:00:00,-3.3920
2024-01-02 13:00:00,-3.3921
2024-01-02 14:00:00,-3.3912
2024-01-02 15:00:00,-3.3898
2024-01-02 16:00:00,-3.3858
2024-01-02 17:00:00,-3.3817
2024-01-02 18:00:00,-3.3753
2024-01-02 19:00:00,-3.3709
2024-01-02 20:00:00,-3.3700
2024-01-02 21:00:00,-3.3682
2024-01-02 22:00:00,-3.3683
2024-01-02 23:00:00,-3.3663
2024-01-03 00:00:00,-3.3662
2024-01-03 01:00:00,-3.3657
2024-01-03 02:00:00,-3.3653
2024-01-03 03:00:00,-3.3658
2024-01-03 04:00:00,-3.3678
2024-01-03 05:00:00,-3.3690
2024-01-03 06:00:00,-3.3704
2024-01-03 07:00:00,-3.3729
2024-01-03 08:00:00,-3.3737
2024-01-03 09:00:00,-3.3756
2024-01-03 10:00:00,-3.3771
2024-01-03 11:00:00,-3.3803
2024-01-03 12:00:00,-3.3814
2024-01-03 13:00:00,-3.3828
2024-01-03 14:00:00,-3.3837
2024-01-03 15:00:00,-3.3870
2024-01-03 16:00:00,-3.3882
2024-01-03 17:00:00,-3.3893
2024-01-03 18:00:00,-3.3907
2024-01-03 19:00:00,-3.3907
2024-01-03 20:00:00,-3.3892
2024-01-03 21:00:00,-3.3865
2024-01-03 22:00:00,-3.3838
2024-01-03 23:00:00,-3.3807
2024-01-04 00:00:00,-3.3799
2024-01-04 01:00:00,-3.3799
2024-01-04 02:00:00,-3.3811
2024-01-04 03:00:00,-3.3828
2024-01-04 04:00:00,-3.3849
2024-01-04 05:00:00,-3.3877
2024-01-04 06:00:00,-3.3898
2024-01-04 07:00:00,-3.3932
2024-01-04 08:00:00,-3.3956
2024-01-04 09:00:00,-3.3982
2024-01-04 10:00:00,-3.4004
2024-01-04 11:00:00,-3.4034
2024-01-04 12:00:00,-3.4054
2024-01-04 13:00:00,-3.4077
2024-01-04 14:00:00,-3.4096
2024-01-04 15:00:00,-3.4127
2024-01-04 16:00:00,-3.4140
2024-01-04 17:00:00,-3.4155
2024-01-04 18:00:00,-3.4182
2024-01-04 19:00:00,-3.4204
2024-01-04 20:00:00,-3.4223
2024-01-04 21:00:00,-3.4244
2024-01-04 22:00:00,-3.4263
2024-01-04 23:00:00,-3.4269
2024-01-05 00:00:00,-3.4265
2024-01-05 01:00:00,-3.4217
2024-01-05 02:00:00,-3.4173
2024-01-05 03:00:00,-3.4127
2024-01-05 04:00:00,-3.4087
2024-01-05 05:00:00,-3.4063
2024-01-05 06:00:00,-3.4048
2024-01-05 07:00:00,-3.4041
2024-01-05 08:00:00,-3.4024
2024-01-05 09:00:00,-3.4024
2024-01-05 10:00:00,-3.4018
2024-01-05 11:00:00,-3.4020
2024-01-05 12:00:00,-3.4006
2024-01-05 13:00:00,-3.4017
2024-01-05 14:00:00,-3.4019
2024-01-05 15:00:00,-3.4034
2024-01-05 16:00:00,-3.4050
2024-01-05 17:00:00,-3.4068
2024-01-05 18:00:00,-3.4091
2024-01-05 19:00:00,-3.4112
2024-01-05 20:00:00,-3.4135
2024-01-05 21:00:00,-3.4153
2024-01-05 22:00:00,-3.4184
2024-01-05 23:00:00,-3.4198
2024-01-06 00:00:00,-3.4234
2024-01-06 01:00:00,-3.4245
2024-01-06 02:00:00,-3.4267
2024-01-06 03:00:00,-3.4294
2024-01-06 04:00:00,-3.4317
2024-01-06 05:00:00,-3.4328
2024-01-06 06:00:00,-3.4349
2024-01-06 07:00:00,-3.4381
2024-01-06 08:00:00,-3.4401
2024-01-06 09:00:00,-3.4424
2024-01-06 10:00:00,-3.4439
2024-01-06 11:00:00,-3.4457
2024-01-06 12:00:00,-3.4484
2024-01-06 13:00:00,-3.4502
2024-01-06 14:00:00,-3.4520
2024-01-06 15:00:00,-3.4535
2024-01-06 16:00:00,-3.4541
2024-01-06 17:00:00,-3.4548
2024-01-06 18:00:00,-3.4568
2024-01-06 19:00:00,-3.4591
2024-01-06 20:00:00,-3.4603
2024-01-06 21:00:00,-3.4614
2024-01-06 22:00:00,-3.4622
2024-01-06 23:00:00,-3.4635
2024-01-07 00:00:00,-3.4659
2024-01-07 01:00:00,-3.4675
2024-01-07 02:00:00,-3.4697
2024-01-07 03:00:00,-3.4715
2024-01-07 04:00:00,-3.4716
2024-01-07 05:00:00,-3.4740
2024-01-07 06:00:00,-3.4763
2024-01-07 07:00:00,-3.4784
2024-01-07 08:00:00,-3.4800
2024-01-07 09:00:00,-3.4823
2024-01-07 10:00:00,-3.4835
2024-01-07 11:00:00,-3.4853
2024-01-07 12:00:00,-3.4873
2024-01-07 13:00:00,-3.4895
2024-01-07 14:00:00,-3.4913
2024-01-07 15:00:00,-3.4937
2024-01-07 16:00:00,-3.4957
2024-01-07 17:00:00,-3.4980
2024-01-07 18:00:00,-3.5002
2024-01-07 19:00:00,-3.5020
2024-01-07 20:00:00,-3.5039
2024-01-07 21:00:00,-3.5051
2024-01-07 22:00:00,-3.5068
2024-01-07 23:00:00,-3.5082
2024-01-08 00:00:00,-3.5106
2024-01-08 01:00:00,-3.5121
2024-01-08 02:00:00,-3.5122
2024-01-08 03:00:00,-3.5133
2024-01-08 04:00:00,-3.5163
2024-01-08 05:00:00,-3.5186
2024-01-08 06:00:00,-3.5199
2024-01-08 07:00:00,-3.5218
2024-01-08 08:00:00,-3.5230
2024-01-08 09:00:00,-3.5242
2024-01-08 10:00:00,-3.5254
2024-01-08 11:00:00,-3.5259
2024-01-08 12:00:00,-3.5280
2024-01-08 13:00:00,-3.5291
2024-01-08 14:00:00,-3.5291
2024-01-08 15:00:00,-3.5317
2024-01-08 16:00:00,-3.5317
2024-01-08 17:00:00,-3.5340
2024-01-08 18:00:00,-3.5356
2024-01-08 19:00:00,-3.5372
2024-01-08 20:00:00,-3.5390
2024-01-08 21:00:00,-3.5397
2024-01-08 22:00:00,-3.5414
2024-01-08 23:00:00,-3.5418
2024-01-09 00:00:00,-3.5439
2024-01-09 01:00:00,-3.5450
2024-01-09 02:00:00,-3.5470
2024-01-09 03:00:00,-3.5482
2024-01-09 04:00:00,-3.5497
2024-01-09 05:00:00,-3.5511
2024-01-09 06:00:00,-3.5522
2024-01-09 07:00:00,-3.5540
2024-01-09 08:00:00,-3.5554
2024-01-09 09:00:00,-3.5578
2024-01-09 10:00:00,-3.5589
2024-01-09 11:00:00,-3.5604
2024-01-09 12:00:00,-3.5624
2024-01-09 13:00:00,-3.5636
2024-01-09 14:00:00,-3.5649
2024-01-09 15:00:00,-3.5667
2024-01-09 16:00:00,-3.5676
2024-01-09 17:00:00,-3.5694
2024-01-09 18:00:00,-3.5708
2024-01-09 19:00:00,-3.5720
2024-01-09 20:00:00,-3.5734
2024-01-09 21:00:00,-3.5752
2024-01-09 22:00:00,-3.5763
2024-01-09 23:00:00,-3.5775
2024-01-10 00:00:00,-3.5791
2024-01-10 01:00:00,-3.5797
2024-01-10 02:00:00,-3.5807
2024-01-10 03:00:00,-3.5828
2024-01-10 04:00:00,-3.5842
2024-01-10 05:00:00,-3.5859
2024-01-10 06:00:00,-3.5868
2024-01-10 07:00:00,-3.5880
2024-01-10 08:00:00,-3.5896
2024-01-10 09:00:00,-3.5902
2024-01-10 10:00:00,-3.5922
2024-01-10 11:00:00,-3.5939
2024-01-10 12:00:00,-3.5948
2024-01-10 13:00:00,-3.5962
2024-01-10 14:00:00,-3.5962
2024-01-10 15:00:00,-3.5980
2024-01-10 16:00:00,-3.5980
2024-01-10 17:00:00,-3.6002
2024-01-10 18:00:00,-3.6016
2024-01-10 19:00:00,-3.6028
2024-01-10 20:00:00,-3.6043
2024-01-10 21:00:00,-3.6056
2024-01-10 22:00:00,-3.6069
2024-01-10 23:00:00,-3.6079
2024-01-11 00:00:00,-3.6086
2024-01-11 01:00:00,-3.6097
2024-01-11 02:00:00,-3.6106
2024-01-11 03:00:00,-3.6118
2024-01-11 04:00:00,-3.6133
2024-01-11 05:00:00,-3.6150
2024-01-11 06:00:00,-3.6163
2024-01-11 07:00:00,-3.6182
2024-01-11 08:00:00,-3.6193
2024-01-11 09:00:00,-3.6207
2024-01-11 10:00:00,-3.6226
2024-01-11 11:00:00,-3.6241
2024-01-11 12:00:00,-3.6249
2024-01-11 13:00:00,-3.6246
2024-01-11 14:00:00,-3.6249
2024-01-11 15:00:00,-3.6248
2024-01-11 16:00:00,-3.6250
2024-01-11 17:00:00,-3.6250
2024-01-11 18:00:00,-3.6258
2024-01-11 19:00:00,-3.6259
2024-01-11 20:00:00,-3.6255
2024-01-11 21:00:00,-3.6254
2024-01-11 22:00:00,-3.6250
2024-01-11 23:00:00,-3.6242
2024-01-12 00:00:00,-3.6236
2024-01-12 01:00:00,-3.6233
2024-01-12 02:00:00,-3.6225
2024-01-12 03:00:00,-3.6220
2024-01-12 04:00:00,-3.6214
2024-01-12 05:00:00,-3.6208
2024-01-12 06:00:00,-3.6199
2024-01-12 07:00:00,-3.6164
2024-01-12 08:00:00,-3.6158
2024-01-12 09:00:00,-3.6162
2024-01-12 10:00:00,-3.6165
2024-01-12 11:00:00,-3.6160
2024-01-12 12:00:00,-3.6117
2024-01-12 13:00:00,-3.6075
2024-01-12 14:00:00,-3.6067
2024-01-12 15:00:00,-3.6069
2024-01-12 16:00:00,-3.6059
2024-01-12 17:00:00,-3.6049
2024-01-12 18:00:00,-3.6037
2024-01-12 19:00:00,-3.5998
2024-01-12 20:00:00,-3.5976
2024-01-12 21:00:00,-3.5969
2024-01-12 22:00:00,-3.5959
2024-01-12 23:00:00,-3.5941
2024-01-13 00:00:00,-3.5924
2024-01-13 01:00:00,-3.5908
2024-01-13 02:00:00,-3.5887
2024-01-13 03:00:00,-3.5871
2024-01-13 04:00:00,-3.5854
2024-01-13 05:00:00,-3.5838
2024-01-13 06:00:00,-3.5827
2024-01-13 07:00:00,-3.5814
2024-01-13 08:00:00,-3.5802
2024-01-13 09:00:00,-3.5792
2024-01-13 10:00:00,-3.5749
2024-01-13 11:00:00,-3.5723
2024-01-13 12:00:00,-3.5703
2024-01-13 13:00:00,-3.5698
2024-01-13 14:00:00,-3.5687
2024-01-13 15:00:00,-3.5677
2024-01-13 16:00:00,-3.5657
2024-01-13 17:00:00,-3.5638
2024-01-13 18:00:00,-3.5619
2024-01-13 19:00:00,-3.5605
2024-01-13 20:00:00,-3.5590
2024-01-13 21:00:00,-3.5576
2024-01-13 22:00:00,-3.5538
2024-01-13 23:00:00,-3.5523
2024-01-14 00:00:00,-3.5524
2024-01-14 01:00:00,-3.5515
2024-01-14 02:00:00,-3.5515
2024-01-14 03:00:00,-3.5499
2024-01-14 04:00:00,-3.5485
2024-01-14 05:00:00,-3.5477
2024-01-14 06:00:00,-3.5467
2024-01-14 07:00:00,-3.5464
2024-01-14 08:00:00,-3.5459
2024-01-14 09:00:00,-3.5450
2024-01-14 10:00:00,-3.5420
2024-01-14 11:00:00,-3.5417
2024-01-14 12:00:00,-3.5421
2024-01-14 13:00:00,-3.5426
2024-01-14 14:00:00,-3.5418
2024-01-14 15:00:00,-3.5405
2024-01-14 16:00:00,-3.5393
2024-01-14 17:00:00,-3.5378
2024-01-14 18:00:00,-3.5359
2024-01-14 19:00:00,-3.5335
2024-01-14 20:00:00,-3.5300
2024-01-14 21:00:00,-3.5260
2024-01-14 22:00:00,-3.5259
2024-01-14 23:00:00,-3.5260
2024-01-15 00:00:00,-3.5245
2024-01-15 01:00:00,-3.5237
2024-01-15 02:00:00,-3.5229
2024-01-15 03:00:00,-3.5221
2024-01-15 04:00:00,-3.5191
2024-01-15 05:00:00,-3.5166
2024-01-15 06:00:00,-3.5166
2024-01-15 07:00:00,-3.5170
2024-01-15 08:00:00,-3.5148
2024-01-15 09:00:00,-3.5133
2024-01-15 10:00:00,-3.5109
2024-01-15 11:00:00,-3.5076
2024-01-15 12:00:00,-3.5042
2024-01-15 13:00:00,-3.5028
2024-01-15 14:00:00,-3.5012
2024-01-15 15:00:00,-3.4986
2024-01-15 16:00:00,-3.4973
2024-01-15 17:00:00,-3.4957
2024-01-15 18:00:00,-3.4957
2024-01-15 19:00:00,-3.4968
2024-01-15 20:00:00,-3.4955
2024-01-15 21:00:00,-3.4949
2024-01-15 22:00:00,-3.4966
2024-01-15 23:00:00,-3.4986
2024-01-16 00:00:00,-3.5004
2024-01-16 01:00:00,-3.5015
2024-01-16 02:00:00,-3.5031
2024-01-16 03:00:00,-3.5043
2024-01-16 04:00:00,-3.5054
2024-01-16 05:00:00,-3.5075
2024-01-16 06:00:00,-3.5089
2024-01-16 07:00:00,-3.5104
2024-01-16 08:00:00,-3.5105
2024-01-16 09:00:00,-3.5095
2024-01-16 10:00:00,-3.5107
2024-01-16 11:00:00,-3.5127
2024-01-16 12:00:00,-3.5145
2024-01-16 13:00:00,-3.5154
2024-01-16 14:00:00,-3.5154
2024-01-16 15:00:00,-3.5151
2024-01-16 16:00:00,-3.5150
2024-01-16 17:00:00,-3.5150
2024-01-16 18:00:00,-3.5157
2024-01-16 19:00:00,-3.5159
2024-01-16 20:00:00,-3.5166
2024-01-16 21:00:00,-3.5189
2024-01-16 22:00:00,-3.5188
2024-01-16 23:00:00,-3.5182
2024-01-17 00:00:00,-3.5187
2024-01-17 01:00:00,-3.5198
2024-01-17 02:00:00,-3.5220
2024-01-17 03:00:00,-3.5230
2024-01-17 04:00:00,-3.5238
2024-01-17 05:00:00,-3.5245
2024-01-17 06:00:00,-3.5254
2024-01-17 07:00:00,-3.5255
2024-01-17 08:00:00,-3.5260
2024-01-17 09:00:00,-3.5264
2024-01-17 10:00:00,-3.5274
2024-01-17 11:00:00,-3.5280
2024-01-17 12:00:00,-3.5286
2024-01-17 13:00:00,-3.5291
2024-01-17 14:00:00,-3.5291
2024-01-17 15:00:00,-3.5292
2024-01-17 16:00:00,-3.5292
2024-01-17 17:00:00,-3.5289
2024-01-17 18:00:00,-3.5274
2024-01-17 19:00:00,-3.5266
2024-01-17 20:00:00,-3.5268
2024-01-17 21:00:00,-3.5281
2024-01-17 22:00:00,-3.5306
2024-01-17 23:00:00,-3.5322
2024-01-18 00:00:00,-3.5341
2024-01-18 01:00:00,-3.5360
2024-01-18 02:00:00,-3.5379
2024-01-18 03:00:00,-3.5399
2024-01-18 04:00:00,-3.5419
2024-01-18 05:00:00,-3.5438
2024-01-18 06:00:00,-3.5460
2024-01-18 07:00:00,-3.5480
2024-01-18 08:00:00,-3.5500
2024-01-18 09:00:00,-3.5521
2024-01-18 10:00:00,-3.5540
2024-01-18 11:00:00,-3.5564
2024-01-18 12:00:00,-3.5586
2024-01-18 13:00:00,-3.5602
2024-01-18 14:00:00,-3.5616
2024-01-18 15:00:00,-3.5628
2024-01-18 16:00:00,-3.5639
2024-01-18 17:00:00,-3.5648
2024-01-18 18:00:00,-3.5656
2024-01-18 19:00:00,-3.5660
2024-01-18 20:00:00,-3.5677
2024-01-18 21:00:00,-3.5695
2024-01-18 22:00:00,-3.5722
2024-01-18 23:00:00,-3.5743
2024-01-19 00:00:00,-3.5763
2024-01-19 01:00:00,-3.5758
2024-01-19 02:00:00,-3.5754
2024-01-19 03:00:00,-3.5765
2024-01-19 04:00:00,-3.5796
2024-01-19 05:00:00,-3.5818
2024-01-19 06:00:00,-3.5840
2024-01-19 07:00:00,-3.5859
2024-01-19 08:00:00,-3.5875
2024-01-19 09:00:00,-3.5895
2024-01-19 10:00:00,-3.5918
2024-01-19 11:00:00,-3.5935
2024-01-19 12:00:00,-3.5943
2024-01-19 13:00:00,-3.5960
2024-01-19 14:00:00,-3.5964
2024-01-19 15:00:00,-3.5970
2024-01-19 16:00:00,-3.5980
2024-01-19 17:00:00,-3.5976
2024-01-19 18:00:00,-3.5977
2024-01-19 19:00:00,-3.5985
2024-01-19 20:00:00,-3.5989
2024-01-19 21:00:00,-3.5992
2024-01-19 22:00:00,-3.5995
2024-01-19 23:00:00,-3.6004
2024-01-20 00:00:00,-3.6015
2024-01-20 01:00:00,-3.6023
2024-01-20 02:00:00,-3.6033
2024-01-20 03:00:00,-3.6037
2024-01-20 04:00:00,-3.6042
2024-01-20 05:00:00,-3.6026
2024-01-20 06:00:00,-3.6009
2024-01-20 07:00:00,-3.6025
2024-01-20 08:00:00,-3.6044
2024-01-20 09:00:00,-3.6071
2024-01-20 10:00:00,-3.6085
2024-01-20 11:00:00,-3.6101
2024-01-20 12:00:00,-3.6108
2024-01-20 13:00:00,-3.6119
2024-01-20 14:00:00,-3.6116
2024-01-20 15:00:00,-3.6112
2024-01-20 16:00:00,-3.6111
2024-01-20 17:00:00,-3.6098
2024-01-20 18:00:00,-3.6092
2024-01-20 19:00:00,-3.6091
2024-01-20 20:00:00,-3.6086
2024-01-20 21:00:00,-3.6081
2024-01-20 22:00:00,-3.6082
2024-01-20 23:00:00,-3.6090
2024-01-21 00:00:00,-3.6097
2024-01-21 01:00:00,-3.6113
2024-01-21 02:00:00,-3.6122
2024-01-21 03:00:00,-3.6127
2024-01-21 04:00:00,-3.6139
2024-01-21 05:00:00,-3.6145
2024-01-21 06:00:00,-3.6152
2024-01-21 07:00:00,-3.6160
2024-01-21 08:00:00,-3.6163
2024-01-21 09:00:00,-3.6181
2024-01-21 10:00:00,-3.6180
2024-01-21 11:00:00,-3.6190
2024-01-21 12:00:00,-3.6190
2024-01-21 13:00:00,-3.6200
2024-01-21 14:00:00,-3.6196
2024-01-21 15:00:00,-3.6194
2024-01-21 16:00:00,-3.6189
2024-01-21 17:00:00,-3.6182
2024-01-21 18:00:00,-3.6170
2024-01-21 19:00:00,-3.6152
2024-01-21 20:00:00,-3.6135
2024-01-21 21:00:00,-3.6122
2024-01-21 22:00:00,-3.6122
2024-01-21 23:00:00,-3.6112
2024-01-22 00:00:00,-3.6099
2024-01-22 01:00:00,-3.6100
2024-01-22 02:00:00,-3.6114
2024-01-22 03:00:00,-3.6110
2024-01-22 04:00:00,-3.6064
2024-01-22 05:00:00,-3.6014
2024-01-22 06:00:00,-3.5964
2024-01-22 07:00:00,-3.5974
2024-01-22 08:00:00,-3.5985
2024-01-22 09:00:00,-3.6015
2024-01-22 10:00:00,-3.6000
2024-01-22 11:00:00,-3.5998
2024-01-22 12:00:00,-3.5978
2024-01-22 13:00:00,-3.5955
2024-01-22 14:00:00,-3.5975
2024-01-22 15:00:00,-3.5976
2024-01-22 16:00:00,-3.5996
2024-01-22 17:00:00,-3.6008
2024-01-22 18:00:00,-3.6016
2024-01-22 19:00:00,-3.6002
2024-01-22 20:00:00,-3.5976
2024-01-22 21:00:00,-3.5968
2024-01-22 22:00:00,-3.5991
2024-01-22 23:00:00,-3.5999
2024-01-23 00:00:00,-3.6007
2024-01-23 01:00:00,-3.6026
2024-01-23 02:00:00,-3.6038
2024-01-23 03:00:00,-3.6051
2024-01-23 04:00:00,-3.6068
2024-01-23 05:00:00,-3.6077
2024-01-23 06:00:00,-3.6090
2024-01-23 07:00:00,-3.6099
2024-01-23 08:00:00,-3.6104
2024-01-23 09:00:00,-3.6109
2024-01-23 10:00:00,-3.6124
2024-01-23 11:00:00,-3.6139
2024-01-23 12:00:00,-3.6159
2024-01-23 13:00:00,-3.6169
2024-01-23 14:00:00,-3.6172
2024-01-23 15:00:00,-3.6173
2024-01-23 16:00:00,-3.6187
2024-01-23 17:00:00,-3.6189
2024-01-23 18:00:00,-3.6177
2024-01-23 19:00:00,-3.6175
2024-01-23 20:00:00,-3.6099
2024-01-23 21:00:00,-3.6028
2024-01-23 22:00:00,-3.5947
2024-01-23 23:00:00,-3.5925
2024-01-24 00:00:00,-3.5871
2024-01-24 01:00:00,-3.5835
2024-01-24 02:00:00,-3.5807
2024-01-24 03:00:00,-3.5797
2024-01-24 04:00:00,-3.5785
2024-01-24 05:00:00,-3.5779
2024-01-24 06:00:00,-3.5705
2024-01-24 07:00:00,-3.5644
2024-01-24 08:00:00,-3.5608
2024-01-24 09:00:00,-3.5594
2024-01-24 10:00:00,-3.5604
2024-01-24 11:00:00,-3.5616
2024-01-24 12:00:00,-3.5609
2024-01-24 13:00:00,-3.5618
2024-01-24 14:00:00,-3.5622
2024-01-24 15:00:00,-3.5626
2024-01-24 16:00:00,-3.5622
2024-01-24 17:00:00,-3.5619
2024-01-24 18:00:00,-3.5621
2024-01-24 19:00:00,-3.5621
2024-01-24 20:00:00,-3.5617
2024-01-24 21:00:00,-3.5626
2024-01-24 22:00:00,-3.5632
2024-01-24 23:00:00,-3.5629
2024-01-25 00:00:00,-3.5636
2024-01-25 01:00:00,-3.5636
2024-01-25 02:00:00,-3.5630
2024-01-25 03:00:00,-3.5637
2024-01-25 04:00:00,-3.5637
2024-01-25 05:00:00,-3.5652
2024-01-25 06:00:00,-3.5672
2024-01-25 07:00:00,-3.5679
2024-01-25 08:00:00,-3.5685
2024-01-25 09:00:00,-3.5694
2024-01-25 10:00:00,-3.5700
2024-01-25 11:00:00,-3.5704
2024-01-25 12:00:00,-3.5705
2024-01-25 13:00:00,-3.5710
2024-01-25 14:00:00,-3.5721
2024-01-25 15:00:00,-3.5723
2024-01-25 16:00:00,-3.5730
2024-01-25 17:00:00,-3.5736
2024-01-25 18:00:00,-3.5750
2024-01-25 19:00:00,-3.5755
2024-01-25 20:00:00,-3.5755
2024-01-25 21:00:00,-3.5740
2024-01-25 22:00:00,-3.5723
2024-01-25 23:00:00,-3.5705
2024-01-26 00:00:00,-3.5685
2024-01-26 01:00:00,-3.5669
2024-01-26 02:00:00,-3.5659
2024-01-26 03:00:00,-3.5637
2024-01-26 04:00:00,-3.5612
2024-01-26 05:00:00,-3.5593
2024-01-26 06:00:00,-3.5612
2024-01-26 07:00:00,-3.5615
2024-01-26 08:00:00,-3.5604
2024-01-26 09:00:00,-3.5595
2024-01-26 10:00:00,-3.5552
2024-01-26 11:00:00,-3.5492
2024-01-26 12:00:00,-3.5417
2024-01-26 13:00:00,-3.5340
2024-01-26 14:00:00,-3.5294
2024-01-26 15:00:00,-3.5245
2024-01-26 16:00:00,-3.5220
2024-01-26 17:00:00,-3.5205
2024-01-26 18:00:00,-3.5210
2024-01-26 19:00:00,-3.5210
2024-01-26 20:00:00,-3.5222
2024-01-26 21:00:00,-3.5222
2024-01-26 22:00:00,-3.5233
2024-01-26 23:00:00,-3.5245
2024-01-27 00:00:00,-3.5259
2024-01-27 01:00:00,-3.5271
2024-01-27 02:00:00,-3.5283
2024-01-27 03:00:00,-3.5297
2024-01-27 04:00:00,-3.5305
2024-01-27 05:00:00,-3.5314
2024-01-27 06:00:00,-3.5319
2024-01-27 07:00:00,-3.5332
2024-01-27 08:00:00,-3.5340
2024-01-27 09:00:00,-3.5358
2024-01-27 10:00:00,-3.5350
2024-01-27 11:00:00,-3.5351
2024-01-27 12:00:00,-3.5357
2024-01-27 13:00:00,-3.5380
2024-01-27 14:00:00,-3.5392
2024-01-27 15:00:00,-3.5403
2024-01-27 16:00:00,-3.5414
2024-01-27 17:00:00,-3.5422
2024-01-27 18:00:00,-3.5434
2024-01-27 19:00:00,-3.5444
2024-01-27 20:00:00,-3.5461
2024-01-27 21:00:00,-3.5466
2024-01-27 22:00:00,-3.5480
2024-01-27 23:00:00,-3.5484
2024-01-28 00:00:00,-3.5490
2024-01-28 01:00:00,-3.5495
2024-01-28 02:00:00,-3.5497
2024-01-28 03:00:00,-3.5500
2024-01-28 04:00:00,-3.5507
2024-01-28 05:00:00,-3.5515
2024-01-28 06:00:00,-3.5518
2024-01-28 07:00:00,-3.5536
2024-01-28 08:00:00,-3.5534
2024-01-28 09:00:00,-3.5534
2024-01-28 10:00:00,-3.5533
2024-01-28 11:00:00,-3.5549
2024-01-28 12:00:00,-3.5556
2024-01-28 13:00:00,-3.5563
2024-01-28 14:00:00,-3.5566
2024-01-28 15:00:00,-3.5565
2024-01-28 16:00:00,-3.5568
2024-01-28 17:00:00,-3.5576
2024-01-28 18:00:00,-3.5584
2024-01-28 19:00:00,-3.5595
2024-01-28 20:00:00,-3.5607
2024-01-28 21:00:00,-3.5616
2024-01-28 22:00:00,-3.5628
2024-01-28 23:00:00,-3.5636
2024-01-29 00:00:00,-3.5648
2024-01-29 01:00:00,-3.5653
2024-01-29 02:00:00,-3.5664
2024-01-29 03:00:00,-3.5667
2024-01-29 04:00:00,-3.5674
2024-01-29 05:00:00,-3.5683
2024-01-29 06:00:00,-3.5690
2024-01-29 07:00:00,-3.5704
2024-01-29 08:00:00,-3.5723
2024-01-29 09:00:00,-3.5736
2024-01-29 10:00:00,-3.5753
2024-01-29 11:00:00,-3.5766
2024-01-29 12:00:00,-3.5779
2024-01-29 13:00:00,-3.5794
2024-01-29 14:00:00,-3.5792
2024-01-29 15:00:00,-3.5779
2024-01-29 16:00:00,-3.5786
2024-01-29 17:00:00,-3.5804
2024-01-29 18:00:00,-3.5819
2024-01-29 19:00:00,-3.5831
2024-01-29 20:00:00,-3.5842
2024-01-29 21:00:00,-3.5855
2024-01-29 22:00:00,-3.5859
2024-01-29 23:00:00,-3.5867
2024-01-30 00:00:00,-3.5872
2024-01-30 01:00:00,-3.5870
2024-01-30 02:00:00,-3.5879
2024-01-30 03:00:00,-3.5884
2024-01-30 04:00:00,-3.5891
2024-01-30 05:00:00,-3.5893
2024-01-30 06:00:00,-3.5898
2024-01-30 07:00:00,-3.5905
2024-01-30 08:00:00,-3.5918
2024-01-30 09:00:00,-3.5932
2024-01-30 10:00:00,-3.5955
2024-01-30 11:00:00,-3.5977
2024-01-30 12:00:00,-3.6004
2024-01-30 13:00:00,-3.6015
2024-01-30 14:00:00,-3.6026
2024-01-30 15:00:00,-3.6030
2024-01-30 16:00:00,-3.6026
2024-01-30 17:00:00,-3.6025
2024-01-30 18:00:00,-3.6015
2024-01-30 19:00:00,-3.6017
2024-01-30 20:00:00,-3.6013
2024-01-30 21:00:00,-3.6017
2024-01-30 22:00:00,-3.6024
2024-01-30 23:00:00,-3.6022
2024-01-31 00:00:00,-3.6007
2024-01-31 01:00:00,-3.6002
2024-01-31 02:00:00,-3.6006
2024-01-31 03:00:00,-3.6017
2024-01-31 04:00:00,-3.6022
2024-01-31 05:00:00,-3.6029
2024-01-31 06:00:00,-3.6028
2024-01-31 07:00:00,-3.6039
2024-01-31 08:00:00,-3.6044
2024-01-31 09:00:00,-3.6050
2024-01-31 10:00:00,-3.6058
2024-01-31 11:00:00,-3.6077
2024-01-31 12:00:00,-3.6129
2024-01-31 13:00:00,-3.6246
2024-01-31 14:00:00,-3.6301
2024-01-31 15:00:00,-3.6372
2024-01-31 16:00:00,-3.6454
2024-01-31 17:00:00,-3.6480
2024-01-31 18:00:00,-3.6495
2024-01-31 19:00:00,-3.6538
2024-01-31 20:00:00,-3.6605
2024-01-31 21:00:00,-3.6607
2024-01-31 22:00:00,-3.6649
2024-01-31 23:00:00,-3.6686
2024-02-01 00:00:00,-3.6706
2024-02-01 01:00:00,-3.6672
2024-02-01 02:00:00,-3.6604
2024-02-01 03:00:00,-3.6526
2024-02-01 04:00:00,-3.6465
2024-02-01 05:00:00,-3.6424
2024-02-01 06:00:00,-3.6384
2024-02-01 07:00:00,-3.6361
2024-02-01 08:00:00,-3.6347
2024-02-01 09:00:00,-3.6353
2024-02-01 10:00:00,-3.6360
2024-02-01 11:00:00,-3.6367
2024-02-01 12:00:00,-3.6377
2024-02-01 13:00:00,-3.6383
2024-02-01 14:00:00,-3.6392
2024-02-01 15:00:00,-3.6402
2024-02-01 16:00:00,-3.6417
2024-02-01 17:00:00,-3.6424
2024-02-01 18:00:00,-3.6435
2024-02-01 19:00:00,-3.6443
2024-02-01 20:00:00,-3.6450
2024-02-01 21:00:00,-3.6458
2024-02-01 22:00:00,-3.6464
2024-02-01 23:00:00,-3.6470
2024-02-02 00:00:00,-3.6477
2024-02-02 01:00:00,-3.6474
2024-02-02 02:00:00,-3.6487
2024-02-02 03:00:00,-3.6491
2024-02-02 04:00:00,-3.6500
2024-02-02 05:00:00,-3.6514
2024-02-02 06:00:00,-3.6521
2024-02-02 07:00:00,-3.6531
2024-02-02 08:00:00,-3.6536
2024-02-02 09:00:00,-3.6538
2024-02-02 10:00:00,-3.6546
2024-02-02 11:00:00,-3.6561
2024-02-02 12:00:00,-3.6572
2024-02-02 13:00:00,-3.6588
2024-02-02 14:00:00,-3.6592
2024-02-02 15:00:00,-3.6593
2024-02-02 16:00:00,-3.6603
2024-02-02 17:00:00,-3.6596
2024-02-02 18:00:00,-3.6584
2024-02-02 19:00:00,-3.6580
2024-02-02 20:00:00,-3.6598
2024-02-02 21:00:00,-3.6610
2024-02-02 22:00:00,-3.6614
2024-02-02 23:00:00,-3.6625
2024-02-03 00:00:00,-3.6630
2024-02-03 01:00:00,-3.6634
2024-02-03 02:00:00,-3.6637
2024-02-03 03:00:00,-3.6642
2024-02-03 04:00:00,-3.6649
2024-02-03 05:00:00,-3.6649
2024-02-03 06:00:00,-3.6646
2024-02-03 07:00:00,-3.6648
2024-02-03 08:00:00,-3.6654
2024-02-03 09:00:00,-3.6662
2024-02-03 10:00:00,-3.6672
2024-02-03 11:00:00,-3.6667
2024-02-03 12:00:00,-3.6671
2024-02-03 13:00:00,-3.6683
2024-02-03 14:00:00,-3.6695
2024-02-03 15:00:00,-3.6698
2024-02-03 16:00:00,-3.6710
2024-02-03 17:00:00,-3.6711
2024-02-03 18:00:00,-3.6711
2024-02-03 19:00:00,-3.6708
2024-02-03 20:00:00,-3.6710
2024-02-03 21:00:00,-3.6686
2024-02-03 22:00:00,-3.6667
2024-02-03 23:00:00,-3.6661
2024-02-04 00:00:00,-3.6679
2024-02-04 01:00:00,-3.6667
2024-02-04 02:00:00,-3.6662
2024-02-04 03:00:00,-3.6658
2024-02-04 04:00:00,-3.6658
2024-02-04 05:00:00,-3.6665
2024-02-04 06:00:00,-3.6668
2024-02-04 07:00:00,-3.6678
2024-02-04 08:00:00,-3.6678
2024-02-04 09:00:00,-3.6686
2024-02-04 10:00:00,-3.6696
2024-02-04 11:00:00,-3.6704
2024-02-04 12:00:00,-3.6713
2024-02-04 13:00:00,-3.6724
2024-02-04 14:00:00,-3.6735
2024-02-04 15:00:00,-3.6740
2024-02-04 16:00:00,-3.6751
2024-02-04 17:00:00,-3.6761
2024-02-04 18:00:00,-3.6790
2024-02-04 19:00:00,-3.6805
2024-02-04 20:00:00,-3.6821
2024-02-04 21:00:00,-3.6824
2024-02-04 22:00:00,-3.6837
2024-02-04 23:00:00,-3.6844
2024-02-05 00:00:00,-3.6861
2024-02-05 01:00:00,-3.6864
2024-02-05 02:00:00,-3.6868
2024-02-05 03:00:00,-3.6864
2024-02-05 04:00:00,-3.6874
2024-02-05 05:00:00,-3.6876
2024-02-05 06:00:00,-3.6877
2024-02-05 07:00:00,-3.6877
2024-02-05 08:00:00,-3.6875
2024-02-05 09:00:00,-3.6880
2024-02-05 10:00:00,-3.6892
2024-02-05 11:00:00,-3.6902
2024-02-05 12:00:00,-3.6916
2024-02-05 13:00:00,-3.6940
2024-02-05 14:00:00,-3.6959
2024-02-05 15:00:00,-3.6979
2024-02-05 16:00:00,-3.7004
2024-02-05 17:00:00,-3.7008
2024-02-05 18:00:00,-3.6965
2024-02-05 19:00:00,-3.6939
2024-02-05 20:00:00,-3.6960
2024-02-05 21:00:00,-3.6958
2024-02-05 22:00:00,-3.6972
2024-02-05 23:00:00,-3.6985
2024-02-06 00:00:00,-3.7003
2024-02-06 01:00:00,-3.7018
2024-02-06 02:00:00,-3.7030
2024-02-06 03:00:00,-3.7063
2024-02-06 04:00:00,-3.7076
2024-02-06 05:00:00,-3.7064
2024-02-06 06:00:00,-3.7087
2024-02-06 07:00:00,-3.7073
2024-02-06 08:00:00,-3.7079
2024-02-06 09:00:00,-3.7080
2024-02-06 10:00:00,-3.7106
2024-02-06 11:00:00,-3.7125
2024-02-06 12:00:00,-3.7146
2024-02-06 13:00:00,-3.7188
2024-02-06 14:00:00,-3.7217
2024-02-06 15:00:00,-3.7223
2024-02-06 16:00:00,-3.7231
2024-02-06 17:00:00,-3.7241
2024-02-06 18:00:00,-3.7258
2024-02-06 19:00:00,-3.7243
2024-02-06 20:00:00,-3.7240
2024-02-06 21:00:00,-3.7241
2024-02-06 22:00:00,-3.7156
2024-02-06 23:00:00,-3.6963
2024-02-07 00:00:00,-3.6720
2024-02-07 01:00:00,-3.6526
2024-02-07 02:00:00,-3.6363
2024-02-07 03:00:00,-3.6225
2024-02-07 04:00:00,-3.6110
2024-02-07 05:00:00,-3.6015
2024-02-07 06:00:00,-3.5940
2024-02-07 07:00:00,-3.5889
2024-02-07 08:00:00,-3.5850
2024-02-07 09:00:00,-3.5828
2024-02-07 10:00:00,-3.5817
2024-02-07 11:00:00,-3.5805
2024-02-07 12:00:00,-3.5798
2024-02-07 13:00:00,-3.5800
2024-02-07 14:00:00,-3.5806
2024-02-07 15:00:00,-3.5799
2024-02-07 16:00:00,-3.5797
2024-02-07 17:00:00,-3.5797
2024-02-07 18:00:00,-3.5812
2024-02-07 19:00:00,-3.5818
2024-02-07 20:00:00,-3.5829
2024-02-07 21:00:00,-3.5835
2024-02-07 22:00:00,-3.5842
2024-02-07 23:00:00,-3.5844
2024-02-08 00:00:00,-3.5854
2024-02-08 01:00:00,-3.5861
2024-02-08 02:00:00,-3.5881
2024-02-08 03:00:00,-3.5891
2024-02-08 04:00:00,-3.5905
2024-02-08 05:00:00,-3.5915
2024-02-08 06:00:00,-3.5922
2024-02-08 07:00:00,-3.5933
2024-02-08 08:00:00,-3.5940
2024-02-08 09:00:00,-3.5950
2024-02-08 10:00:00,-3.5953
2024-02-08 11:00:00,-3.5960
2024-02-08 12:00:00,-3.5952
2024-02-08 13:00:00,-3.5943
2024-02-08 14:00:00,-3.5932
2024-02-08 15:00:00,-3.5925
2024-02-08 16:00:00,-3.5906
2024-02-08 17:00:00,-3.5872
2024-02-08 18:00:00,-3.5815
2024-02-08 19:00:00,-3.5733
2024-02-08 20:00:00,-3.5638
2024-02-08 21:00:00,-3.5533
2024-02-08 22:00:00,-3.5434
2024-02-08 23:00:00,-3.5343
2024-02-09 00:00:00,-3.5265
2024-02-09 01:00:00,-3.5184
2024-02-09 02:00:00,-3.5111
2024-02-09 03:00:00,-3.5037
2024-02-09 04:00:00,-3.4970
2024-02-09 05:00:00,-3.4915
2024-02-09 06:00:00,-3.4866
2024-02-09 07:00:00,-3.4827
2024-02-09 08:00:00,-3.4797
2024-02-09 09:00:00,-3.4765
2024-02-09 10:00:00,-3.4742
2024-02-09 11:00:00,-3.4736
2024-02-09 12:00:00,-3.4723
2024-02-09 13:00:00,-3.4721
2024-02-09 14:00:00,-3.4721
2024-02-09 15:00:00,-3.4730
2024-02-09 16:00:00,-3.4742
2024-02-09 17:00:00,-3.4753
2024-02-09 18:00:00,-3.4764
2024-02-09 19:00:00,-3.4770
2024-02-09 20:00:00,-3.4782
2024-02-09 21:00:00,-3.4796
2024-02-09 22:00:00,-3.4821
2024-02-09 23:00:00,-3.4833
2024-02-10 00:00:00,-3.4844
2024-02-10 01:00:00,-3.4858
2024-02-10 02:00:00,-3.4874
2024-02-10 03:00:00,-3.4891
2024-02-10 04:00:00,-3.4909
2024-02-10 05:00:00,-3.4923
2024-02-10 06:00:00,-3.4938
2024-02-10 07:00:00,-3.4953
2024-02-10 08:00:00,-3.4980
2024-02-10 09:00:00,-3.5000
2024-02-10 10:00:00,-3.5020
2024-02-10 11:00:00,-3.5041
2024-02-10 12:00:00,-3.5065
2024-02-10 13:00:00,-3.5089
2024-02-10 14:00:00,-3.5106
2024-02-10 15:00:00,-3.5125
2024-02-10 16:00:00,-3.5152
2024-02-10 17:00:00,-3.5178
2024-02-10 18:00:00,-3.5202
2024-02-10 19:00:00,-3.5224
2024-02-10 20:00:00,-3.5241
2024-02-10 21:00:00,-3.5258
2024-02-10 22:00:00,-3.5277
2024-02-10 23:00:00,-3.5298
2024-02-11 00:00:00,-3.5317
2024-02-11 01:00:00,-3.5336
2024-02-11 02:00:00,-3.5354
2024-02-11 03:00:00,-3.5377
2024-02-11 04:00:00,-3.5399
2024-02-11 05:00:00,-3.5418
2024-02-11 06:00:00,-3.5432
2024-02-11 07:00:00,-3.5440
2024-02-11 08:00:00,-3.5434
2024-02-11 09:00:00,-3.5396
2024-02-11 10:00:00,-3.5350
2024-02-11 11:00:00,-3.5316
2024-02-11 12:00:00,-3.5309
2024-02-11 13:00:00,-3.5318
2024-02-11 14:00:00,-3.5324
2024-02-11 15:00:00,-3.5339
2024-02-11 16:00:00,-3.5350
2024-02-11 17:00:00,-3.5365
2024-02-11 18:00:00,-3.5385
2024-02-11 19:00:00,-3.5410
2024-02-11 20:00:00,-3.5434
2024-02-11 21:00:00,-3.5454
2024-02-11 22:00:00,-3.5464
2024-02-11 23:00:00,-3.5477
2024-02-12 00:00:00,-3.5496
2024-02-12 01:00:00,-3.5518
2024-02-12 02:00:00,-3.5534
2024-02-12 03:00:00,-3.5549
2024-02-12 04:00:00,-3.5566
2024-02-12 05:00:00,-3.5581
2024-02-12 06:00:00,-3.5598
2024-02-12 07:00:00,-3.5621
2024-02-12 08:00:00,-3.5641
2024-02-12 09:00:00,-3.5660
2024-02-12 10:00:00,-3.5675
2024-02-12 11:00:00,-3.5689
2024-02-12 12:00:00,-3.5696
2024-02-12 13:00:00,-3.5700
2024-02-12 14:00:00,-3.5709
2024-02-12 15:00:00,-3.5722
2024-02-12 16:00:00,-3.5732
2024-02-12 17:00:00,-3.5744
2024-02-12 18:00:00,-3.5753
2024-02-12 19:00:00,-3.5766
2024-02-12 20:00:00,-3.5778
2024-02-12 21:00:00,-3.5788
2024-02-12 22:00:00,-3.5801
2024-02-12 23:00:00,-3.5806
2024-02-13 00:00:00,-3.5817
2024-02-13 01:00:00,-3.5819
2024-02-13 02:00:00,-3.5827
2024-02-13 03:00:00,-3.5828
2024-02-13 04:00:00,-3.5828
2024-02-13 05:00:00,-3.5830
2024-02-13 06:00:00,-3.5837
2024-02-13 07:00:00,-3.5854
2024-02-13 08:00:00,-3.5859
2024-02-13 09:00:00,-3.5873
2024-02-13 10:00:00,-3.5888
2024-02-13 11:00:00,-3.5894
2024-02-13 12:00:00,-3.5908
2024-02-13 13:00:00,-3.5919
2024-02-13 14:00:00,-3.5924
2024-02-13 15:00:00,-3.5929
2024-02-13 16:00:00,-3.5927
2024-02-13 17:00:00,-3.5925
2024-02-13 18:00:00,-3.5926
2024-02-13 19:00:00,-3.5929
2024-02-13 20:00:00,-3.5929
2024-02-13 21:00:00,-3.5931
2024-02-13 22:00:00,-3.5918
2024-02-13 23:00:00,-3.5885
2024-02-14 00:00:00,-3.5836
2024-02-14 01:00:00,-3.5790
2024-02-14 02:00:00,-3.5729
2024-02-14 03:00:00,-3.5638
2024-02-14 04:00:00,-3.5553
2024-02-14 05:00:00,-3.5454
2024-02-14 06:00:00,-3.5367
2024-02-14 07:00:00,-3.5311
2024-02-14 08:00:00,-3.5264
2024-02-14 09:00:00,-3.5233
2024-02-14 10:00:00,-3.5207
2024-02-14 11:00:00,-3.5196
2024-02-14 12:00:00,-3.5187
2024-02-14 13:00:00,-3.5166
2024-02-14 14:00:00,-3.5139
2024-02-14 15:00:00,-3.5113
2024-02-14 16:00:00,-3.5087
2024-02-14 17:00:00,-3.5073
2024-02-14 18:00:00,-3.5063
2024-02-14 19:00:00,-3.5063
2024-02-14 20:00:00,-3.5065
2024-02-14 21:00:00,-3.5068
2024-02-14 22:00:00,-3.5074
2024-02-14 23:00:00,-3.5071
2024-02-15 00:00:00,-3.5074
2024-02-15 01:00:00,-3.5080
2024-02-15 02:00:00,-3.5082
2024-02-15 03:00:00,-3.5085
2024-02-15 04:00:00,-3.5097
2024-02-15 05:00:00,-3.5114
2024-02-15 06:00:00,-3.5132
2024-02-15 07:00:00,-3.5138
2024-02-15 08:00:00,-3.5127
2024-02-15 09:00:00,-3.5102
2024-02-15 10:00:00,-3.5073
2024-02-15 11:00:00,-3.5070
2024-02-15 12:00:00,-3.5064
2024-02-15 13:00:00,-3.5053
2024-02-15 14:00:00,-3.5047
2024-02-15 15:00:00,-3.5051
2024-02-15 16:00:00,-3.5044
2024-02-15 17:00:00,-3.5047
2024-02-15 18:00:00,-3.5053
2024-02-15 19:00:00,-3.5064
2024-02-15 20:00:00,-3.5083
2024-02-15 21:00:00,-3.5104
2024-02-15 22:00:00,-3.5128
2024-02-15 23:00:00,-3.5142
2024-02-16 00:00:00,-3.5168
2024-02-16 01:00:00,-3.5182
2024-02-16 02:00:00,-3.5203
2024-02-16 03:00:00,-3.5222
2024-02-16 04:00:00,-3.5228
2024-02-16 05:00:00,-3.5240
2024-02-16 06:00:00,-3.5254
2024-02-16 07:00:00,-3.5277
2024-02-16 08:00:00,-3.5296
2024-02-16 09:00:00,-3.5318
2024-02-16 10:00:00,-3.5343
2024-02-16 11:00:00,-3.5370
2024-02-16 12:00:00,-3.5388
2024-02-16 13:00:00,-3.5385
2024-02-16 14:00:00,-3.5374
2024-02-16 15:00:00,-3.5384
2024-02-16 16:00:00,-3.5403
2024-02-16 17:00:00,-3.5424
2024-02-16 18:00:00,-3.5448
2024-02-16 19:00:00,-3.5471
2024-02-16 20:00:00,-3.5492
2024-02-16 21:00:00,-3.5509
2024-02-16 22:00:00,-3.5538
2024-02-16 23:00:00,-3.5560
2024-02-17 00:00:00,-3.5576
2024-02-17 01:00:00,-3.5586
2024-02-17 02:00:00,-3.5601
2024-02-17 03:00:00,-3.5609
2024-02-17 04:00:00,-3.5617
2024-02-17 05:00:00,-3.5627
2024-02-17 06:00:00,-3.5650
2024-02-17 07:00:00,-3.5673
2024-02-17 08:00:00,-3.5694
2024-02-17 09:00:00,-3.5714
2024-02-17 10:00:00,-3.5731
2024-02-17 11:00:00,-3.5755
2024-02-17 12:00:00,-3.5769
2024-02-17 13:00:00,-3.5783
2024-02-17 14:00:00,-3.5797
2024-02-17 15:00:00,-3.5806
2024-02-17 16:00:00,-3.5818
2024-02-17 17:00:00,-3.5827
2024-02-17 18:00:00,-3.5839
2024-02-17 19:00:00,-3.5850
2024-02-17 20:00:00,-3.5861
2024-02-17 21:00:00,-3.5861
2024-02-17 22:00:00,-3.5871
2024-02-17 23:00:00,-3.5893
2024-02-18 00:00:00,-3.5916
2024-02-18 01:00:00,-3.5929
2024-02-18 02:00:00,-3.5945
2024-02-18 03:00:00,-3.5960
2024-02-18 04:00:00,-3.5958
2024-02-18 05:00:00,-3.5968
2024-02-18 06:00:00,-3.5954
2024-02-18 07:00:00,-3.5922
2024-02-18 08:00:00,-3.5884
2024-02-18 09:00:00,-3.5828
2024-02-18 10:00:00,-3.5763
2024-02-18 11:00:00,-3.5693
2024-02-18 12:00:00,-3.5599
2024-02-18 13:00:00,-3.5497
2024-02-18 14:00:00,-3.5367
2024-02-18 15:00:00,-3.5229
2024-02-18 16:00:00,-3.5100
2024-02-18 17:00:00,-3.4981
2024-02-18 18:00:00,-3.4861
2024-02-18 19:00:00,-3.4769
2024-02-18 20:00:00,-3.4680
2024-02-18 21:00:00,-3.4596
2024-02-18 22:00:00,-3.4527
2024-02-18 23:00:00,-3.4496
2024-02-19 00:00:00,-3.4478
2024-02-19 01:00:00,-3.4469
2024-02-19 02:00:00,-3.4469
2024-02-19 03:00:00,-3.4468
2024-02-19 04:00:00,-3.4471
2024-02-19 05:00:00,-3.4479
2024-02-19 06:00:00,-3.4488
2024-02-19 07:00:00,-3.4497
2024-02-19 08:00:00,-3.4507
2024-02-19 09:00:00,-3.4529
2024-02-19 10:00:00,-3.4540
2024-02-19 11:00:00,-3.4559
2024-02-19 12:00:00,-3.4582
2024-02-19 13:00:00,-3.4602
2024-02-19 14:00:00,-3.4617
2024-02-19 15:00:00,-3.4634
2024-02-19 16:00:00,-3.4650
2024-02-19 17:00:00,-3.4656
2024-02-19 18:00:00,-3.4653
2024-02-19 19:00:00,-3.4667
2024-02-19 20:00:00,-3.4700
2024-02-19 21:00:00,-3.4726
2024-02-19 22:00:00,-3.4753
2024-02-19 23:00:00,-3.4780
2024-02-20 00:00:00,-3.4804
2024-02-20 01:00:00,-3.4830
2024-02-20 02:00:00,-3.4852
2024-02-20 03:00:00,-3.4869
2024-02-20 04:00:00,-3.4886
2024-02-20 05:00:00,-3.4915
2024-02-20 06:00:00,-3.4938
2024-02-20 07:00:00,-3.4964
2024-02-20 08:00:00,-3.4988
2024-02-20 09:00:00,-3.5014
2024-02-20 10:00:00,-3.5037
2024-02-20 11:00:00,-3.5061
2024-02-20 12:00:00,-3.5084
2024-02-20 13:00:00,-3.5105
2024-02-20 14:00:00,-3.5121
2024-02-20 15:00:00,-3.5163
2024-02-20 16:00:00,-3.5191
2024-02-20 17:00:00,-3.5219
2024-02-20 18:00:00,-3.5247
2024-02-20 19:00:00,-3.5258
2024-02-20 20:00:00,-3.5285
2024-02-20 21:00:00,-3.5297
2024-02-20 22:00:00,-3.5325
2024-02-20 23:00:00,-3.5347
2024-02-21 00:00:00,-3.5370
2024-02-21 01:00:00,-3.5386
2024-02-21 02:00:00,-3.5405
2024-02-21 03:00:00,-3.5424
2024-02-21 04:00:00,-3.5429
2024-02-21 05:00:00,-3.5435
2024-02-21 06:00:00,-3.5450
2024-02-21 07:00:00,-3.5464
2024-02-21 08:00:00,-3.5474
2024-02-21 09:00:00,-3.5484
2024-02-21 10:00:00,-3.5487
2024-02-21 11:00:00,-3.5503
2024-02-21 12:00:00,-3.5523
2024-02-21 13:00:00,-3.5539
2024-02-21 14:00:00,-3.5555
2024-02-21 15:00:00,-3.5576
2024-02-21 16:00:00,-3.5587
2024-02-21 17:00:00,-3.5596
2024-02-21 18:00:00,-3.5581
2024-02-21 19:00:00,-3.5535
2024-02-21 20:00:00,-3.5483
2024-02-21 21:00:00,-3.5431
2024-02-21 22:00:00,-3.5387
2024-02-21 23:00:00,-3.5312
2024-02-22 00:00:00,-3.5240
2024-02-22 01:00:00,-3.5168
2024-02-22 02:00:00,-3.5106
2024-02-22 03:00:00,-3.5052
2024-02-22 04:00:00,-3.5020
2024-02-22 05:00:00,-3.4994
2024-02-22 06:00:00,-3.4981
2024-02-22 07:00:00,-3.4964
2024-02-22 08:00:00,-3.4938
2024-02-22 09:00:00,-3.4932
2024-02-22 10:00:00,-3.4937
2024-02-22 11:00:00,-3.4933
2024-02-22 12:00:00,-3.4942
2024-02-22 13:00:00,-3.4942
2024-02-22 14:00:00,-3.4942
2024-02-22 15:00:00,-3.4949
2024-02-22 16:00:00,-3.4947
2024-02-22 17:00:00,-3.4946
2024-02-22 18:00:00,-3.4928
2024-02-22 19:00:00,-3.4922
2024-02-22 20:00:00,-3.4861
2024-02-22 21:00:00,-3.4801
2024-02-22 22:00:00,-3.4718
2024-02-22 23:00:00,-3.4637
2024-02-23 00:00:00,-3.4558
2024-02-23 01:00:00,-3.4491
2024-02-23 02:00:00,-3.4452
2024-02-23 03:00:00,-3.4432
2024-02-23 04:00:00,-3.4425
2024-02-23 05:00:00,-3.4415
2024-02-23 06:00:00,-3.4410
2024-02-23 07:00:00,-3.4424
2024-02-23 08:00:00,-3.4444
2024-02-23 09:00:00,-3.4449
2024-02-23 10:00:00,-3.4457
2024-02-23 11:00:00,-3.4446
2024-02-23 12:00:00,-3.4496
2024-02-23 13:00:00,-3.4506
2024-02-23 14:00:00,-3.4533
2024-02-23 15:00:00,-3.4560
2024-02-23 16:00:00,-3.4566
2024-02-23 17:00:00,-3.4577
2024-02-23 18:00:00,-3.4602
2024-02-23 19:00:00,-3.4607
2024-02-23 20:00:00,-3.4619
2024-02-23 21:00:00,-3.4637
2024-02-23 22:00:00,-3.4655
2024-02-23 23:00:00,-3.4679
2024-02-24 00:00:00,-3.4690
2024-02-24 01:00:00,-3.4711
2024-02-24 02:00:00,-3.4742
2024-02-24 03:00:00,-3.4765
2024-02-24 04:00:00,-3.4792
2024-02-24 05:00:00,-3.4817
2024-02-24 06:00:00,-3.4843
2024-02-24 07:00:00,-3.4868
2024-02-24 08:00:00,-3.4895
2024-02-24 09:00:00,-3.4917
2024-02-24 10:00:00,-3.4936
2024-02-24 11:00:00,-3.4965
2024-02-24 12:00:00,-3.5004
2024-02-24 13:00:00,-3.5038
2024-02-24 14:00:00,-3.5071
2024-02-24 15:00:00,-3.5086
2024-02-24 16:00:00,-3.5086
2024-02-24 17:00:00,-3.5094
2024-02-24 18:00:00,-3.5107
2024-02-24 19:00:00,-3.5124
2024-02-24 20:00:00,-3.5131
2024-02-24 21:00:00,-3.5147
2024-02-24 22:00:00,-3.5157
2024-02-24 23:00:00,-3.5105
2024-02-25 00:00:00,-3.5020
2024-02-25 01:00:00,-3.4936
2024-02-25 02:00:00,-3.4867
2024-02-25 03:00:00,-3.4816
2024-02-25 04:00:00,-3.4782
2024-02-25 05:00:00,-3.4768
2024-02-25 06:00:00,-3.4759
2024-02-25 07:00:00,-3.4766
2024-02-25 08:00:00,-3.4766
2024-02-25 09:00:00,-3.4776
2024-02-25 10:00:00,-3.4791
2024-02-25 11:00:00,-3.4801
2024-02-25 12:00:00,-3.4811
2024-02-25 13:00:00,-3.4823
2024-02-25 14:00:00,-3.4843
2024-02-25 15:00:00,-3.4857
2024-02-25 16:00:00,-3.4877
2024-02-25 17:00:00,-3.4891
2024-02-25 18:00:00,-3.4908
2024-02-25 19:00:00,-3.4932
2024-02-25 20:00:00,-3.4949
2024-02-25 21:00:00,-3.4953
2024-02-25 22:00:00,-3.4974
2024-02-25 23:00:00,-3.4996
2024-02-26 00:00:00,-3.5010
2024-02-26 01:00:00,-3.5020
2024-02-26 02:00:00,-3.5037
2024-02-26 03:00:00,-3.5052
2024-02-26 04:00:00,-3.5066
2024-02-26 05:00:00,-3.5086
2024-02-26 06:00:00,-3.5094
2024-02-26 07:00:00,-3.5104
2024-02-26 08:00:00,-3.5113
2024-02-26 09:00:00,-3.5129
2024-02-26 10:00:00,-3.5133
2024-02-26 11:00:00,-3.5153
2024-02-26 12:00:00,-3.5163
2024-02-26 13:00:00,-3.5183
2024-02-26 14:00:00,-3.5183
2024-02-26 15:00:00,-3.5219
2024-02-26 16:00:00,-3.5219
2024-02-26 17:00:00,-3.5245
2024-02-26 18:00:00,-3.5276
2024-02-26 19:00:00,-3.5305
2024-02-26 20:00:00,-3.5333
2024-02-26 21:00:00,-3.5361
2024-02-26 22:00:00,-3.5395
2024-02-26 23:00:00,-3.5419
2024-02-27 00:00:00,-3.5445
2024-02-27 01:00:00,-3.5466
2024-02-27 02:00:00,-3.5488
2024-02-27 03:00:00,-3.5509
2024-02-27 04:00:00,-3.5525
2024-02-27 05:00:00,-3.5542
2024-02-27 06:00:00,-3.5556
2024-02-27 07:00:00,-3.5577
2024-02-27 08:00:00,-3.5592
2024-02-27 09:00:00,-3.5612
2024-02-27 10:00:00,-3.5633
2024-02-27 11:00:00,-3.5647
2024-02-27 12:00:00,-3.5654
2024-02-27 13:00:00,-3.5657
2024-02-27 14:00:00,-3.5660
2024-02-27 15:00:00,-3.5670
2024-02-27 16:00:00,-3.5684
2024-02-27 17:00:00,-3.5684
2024-02-27 18:00:00,-3.5713
2024-02-27 19:00:00,-3.5736
2024-02-27 20:00:00,-3.5752
2024-02-27 21:00:00,-3.5767
2024-02-27 22:00:00,-3.5788
2024-02-27 23:00:00,-3.5796
2024-02-28 00:00:00,-3.5808
2024-02-28 01:00:00,-3.5816
2024-02-28 02:00:00,-3.5825
2024-02-28 03:00:00,-3.5835
2024-02-28 04:00:00,-3.5844
2024-02-28 05:00:00,-3.5856
2024-02-28 06:00:00,-3.5860
2024-02-28 07:00:00,-3.5876
2024-02-28 08:00:00,-3.5872
2024-02-28 09:00:00,-3.5876
2024-02-28 10:00:00,-3.5898
2024-02-28 11:00:00,-3.5913
2024-02-28 12:00:00,-3.5926
2024-02-28 13:00:00,-3.5941
2024-02-28 14:00:00,-3.5953
2024-02-28 15:00:00,-3.5957
2024-02-28 16:00:00,-3.5965
2024-02-28 17:00:00,-3.5971
2024-02-28 18:00:00,-3.5974
2024-02-28 19:00:00,-3.5979
2024-02-28 20:00:00,-3.5984
2024-02-28 21:00:00,-3.5994
2024-02-28 22:00:00,-3.6003
2024-02-28 23:00:00,-3.6010
2024-02-29 00:00:00,-3.6017
2024-02-29 01:00:00,-3.6026
2024-02-29 02:00:00,-3.6038
2024-02-29 03:00:00,-3.6021
2024-02-29 04:00:00,-3.6013
2024-02-29 05:00:00,-3.6028
2024-02-29 06:00:00,-3.6031
2024-02-29 07:00:00,-3.6051
2024-02-29 08:00:00,-3.6042
2024-02-29 09:00:00,-3.6030
2024-02-29 10:00:00,-3.6010
2024-02-29 11:00:00,-3.5995
2024-02-29 12:00:00,-3.5978
2024-02-29 13:00:00,-3.5976
2024-02-29 14:00:00,-3.5976
2024-02-29 15:00:00,-3.5954
2024-02-29 16:00:00,-3.5944
2024-02-29 17:00:00,-3.5909
2024-02-29 18:00:00,-3.5882
2024-02-29 19:00:00,-3.5871
2024-02-29 20:00:00,-3.5863
2024-02-29 21:00:00,-3.5858
2024-02-29 22:00:00,-3.5853
2024-02-29 23:00:00,-3.5848
2024-03-01 00:00:00,-3.5844
2024-03-01 01:00:00,-3.5837
2024-03-01 02:00:00,-3.5836
2024-03-01 03:00:00,-3.5832
2024-03-01 04:00:00,-3.5837
2024-03-01 05:00:00,-3.5831
2024-03-01 06:00:00,-3.5822
2024-03-01 07:00:00,-3.5819
2024-03-01 08:00:00,-3.5833
2024-03-01 09:00:00,-3.5844
2024-03-01 10:00:00,-3.5860
2024-03-01 11:00:00,-3.5870
2024-03-01 12:00:00,-3.5884
2024-03-01 13:00:00,-3.5903
2024-03-01 14:00:00,-3.5905
2024-03-01 15:00:00,-3.5921
2024-03-01 16:00:00,-3.5936
2024-03-01 17:00:00,-3.5957
2024-03-01 18:00:00,-3.5956
2024-03-01 19:00:00,-3.5943
2024-03-01 20:00:00,-3.5925
2024-03-01 21:00:00,-3.5885
2024-03-01 22:00:00,-3.5850
2024-03-01 23:00:00,-3.5821
2024-03-02 00:00:00,-3.5802
2024-03-02 01:00:00,-3.5799
2024-03-02 02:00:00,-3.5816
2024-03-02 03:00:00,-3.5828
2024-03-02 04:00:00,-3.5827
2024-03-02 05:00:00,-3.5838
2024-03-02 06:00:00,-3.5840
2024-03-02 07:00:00,-3.5846
2024-03-02 08:00:00,-3.5836
2024-03-02 09:00:00,-3.5848
2024-03-02 10:00:00,-3.5872
2024-03-02 11:00:00,-3.5892
2024-03-02 12:00:00,-3.5903
2024-03-02 13:00:00,-3.5922
2024-03-02 14:00:00,-3.5934
2024-03-02 15:00:00,-3.5944
2024-03-02 16:00:00,-3.5950
2024-03-02 17:00:00,-3.5953
2024-03-02 18:00:00,-3.5956
2024-03-02 19:00:00,-3.5960
2024-03-02 20:00:00,-3.5971
2024-03-02 21:00:00,-3.5981
2024-03-02 22:00:00,-3.5999
2024-03-02 23:00:00,-3.6008
2024-03-03 00:00:00,-3.6010
2024-03-03 01:00:00,-3.6000
2024-03-03 02:00:00,-3.6008
2024-03-03 03:00:00,-3.6020
2024-03-03 04:00:00,-3.6035
2024-03-03 05:00:00,-3.6039
2024-03-03 06:00:00,-3.6046
2024-03-03 07:00:00,-3.6060
2024-03-03 08:00:00,-3.6069
2024-03-03 09:00:00,-3.6091
2024-03-03 10:00:00,-3.6105
2024-03-03 11:00:00,-3.6119
2024-03-03 12:00:00,-3.6132
2024-03-03 13:00:00,-3.6139
2024-03-03 14:00:00,-3.6146
2024-03-03 15:00:00,-3.6159
2024-03-03 16:00:00,-3.6167
2024-03-03 17:00:00,-3.6174
2024-03-03 18:00:00,-3.6181
2024-03-03 19:00:00,-3.6191
2024-03-03 20:00:00,-3.6205
2024-03-03 21:00:00,-3.6216
2024-03-03 22:00:00,-3.6234
2024-03-03 23:00:00,-3.6248
2024-03-04 00:00:00,-3.6257
2024-03-04 01:00:00,-3.6247
2024-03-04 02:00:00,-3.6246
2024-03-04 03:00:00,-3.6266
2024-03-04 04:00:00,-3.6272
2024-03-04 05:00:00,-3.6287
2024-03-04 06:00:00,-3.6295
2024-03-04 07:00:00,-3.6308
2024-03-04 08:00:00,-3.6317
2024-03-04 09:00:00,-3.6330
2024-03-04 10:00:00,-3.6337
2024-03-04 11:00:00,-3.6350
2024-03-04 12:00:00,-3.6362
2024-03-04 13:00:00,-3.6371
2024-03-04 14:00:00,-3.6383
2024-03-04 15:00:00,-3.6391
2024-03-04 16:00:00,-3.6402
2024-03-04 17:00:00,-3.6412
2024-03-04 18:00:00,-3.6418
2024-03-04 19:00:00,-3.6429
2024-03-04 20:00:00,-3.6436
2024-03-04 21:00:00,-3.6437
2024-03-04 22:00:00,-3.6452
2024-03-04 23:00:00,-3.6450
2024-03-05 00:00:00,-3.6458
2024-03-05 01:00:00,-3.6467
2024-03-05 02:00:00,-3.6474
2024-03-05 03:00:00,-3.6479
2024-03-05 04:00:00,-3.6487
2024-03-05 05:00:00,-3.6490
2024-03-05 06:00:00,-3.6492
2024-03-05 07:00:00,-3.6494
2024-03-05 08:00:00,-3.6477
2024-03-05 09:00:00,-3.6486
2024-03-05 10:00:00,-3.6498
2024-03-05 11:00:00,-3.6509
2024-03-05 12:00:00,-3.6510
2024-03-05 13:00:00,-3.6505
2024-03-05 14:00:00,-3.6499
2024-03-05 15:00:00,-3.6497
2024-03-05 16:00:00,-3.6498
2024-03-05 17:00:00,-3.6496
2024-03-05 18:00:00,-3.6488
2024-03-05 19:00:00,-3.6475
2024-03-05 20:00:00,-3.6438
2024-03-05 21:00:00,-3.6396
2024-03-05 22:00:00,-3.6363
2024-03-05 23:00:00,-3.6322
2024-03-06 00:00:00,-3.6304
2024-03-06 01:00:00,-3.6283
2024-03-06 02:00:00,-3.6272
2024-03-06 03:00:00,-3.6261
2024-03-06 04:00:00,-3.6255
2024-03-06 05:00:00,-3.6252
2024-03-06 06:00:00,-3.6254
2024-03-06 07:00:00,-3.6260
2024-03-06 08:00:00,-3.6241
2024-03-06 09:00:00,-3.6240
2024-03-06 10:00:00,-3.6260
2024-03-06 11:00:00,-3.6276
2024-03-06 12:00:00,-3.6287
2024-03-06 13:00:00,-3.6300
2024-03-06 14:00:00,-3.6311
2024-03-06 15:00:00,-3.6322
2024-03-06 16:00:00,-3.6333
2024-03-06 17:00:00,-3.6338
2024-03-06 18:00:00,-3.6347
2024-03-06 19:00:00,-3.6361
2024-03-06 20:00:00,-3.6371
2024-03-06 21:00:00,-3.6380
2024-03-06 22:00:00,-3.6387
2024-03-06 23:00:00,-3.6392
2024-03-07 00:00:00,-3.6402
2024-03-07 01:00:00,-3.6416
2024-03-07 02:00:00,-3.6428
2024-03-07 03:00:00,-3.6435
2024-03-07 04:00:00,-3.6445
2024-03-07 05:00:00,-3.6446
2024-03-07 06:00:00,-3.6458
2024-03-07 07:00:00,-3.6466
2024-03-07 08:00:00,-3.6469
2024-03-07 09:00:00,-3.6450
2024-03-07 10:00:00,-3.6441
2024-03-07 11:00:00,-3.6447
2024-03-07 12:00:00,-3.6453
2024-03-07 13:00:00,-3.6457
2024-03-07 14:00:00,-3.6458
2024-03-07 15:00:00,-3.6466
2024-03-07 16:00:00,-3.6465
2024-03-07 17:00:00,-3.6474
2024-03-07 18:00:00,-3.6481
2024-03-07 19:00:00,-3.6496
2024-03-07 20:00:00,-3.6497
2024-03-07 21:00:00,-3.6499
2024-03-07 22:00:00,-3.6508
2024-03-07 23:00:00,-3.6509
2024-03-08 00:00:00,-3.6518
2024-03-08 01:00:00,-3.6521
2024-03-08 02:00:00,-3.6529
2024-03-08 03:00:00,-3.6531
2024-03-08 04:00:00,-3.6536
2024-03-08 05:00:00,-3.6540
2024-03-08 06:00:00,-3.6543
2024-03-08 07:00:00,-3.6550
2024-03-08 08:00:00,-3.6543
2024-03-08 09:00:00,-3.6548
2024-03-08 10:00:00,-3.6546
2024-03-08 11:00:00,-3.6544
2024-03-08 12:00:00,-3.6547
2024-03-08 13:00:00,-3.6539
2024-03-08 14:00:00,-3.6522
2024-03-08 15:00:00,-3.6530
2024-03-08 16:00:00,-3.6548
2024-03-08 17:00:00,-3.6560
2024-03-08 18:00:00,-3.6572
2024-03-08 19:00:00,-3.6583
2024-03-08 20:00:00,-3.6591
2024-03-08 21:00:00,-3.6596
2024-03-08 22:00:00,-3.6605
2024-03-08 23:00:00,-3.6608
2024-03-09 00:00:00,-3.6611
2024-03-09 01:00:00,-3.6607
2024-03-09 02:00:00,-3.6613
2024-03-09 03:00:00,-3.6618
2024-03-09 04:00:00,-3.6620
2024-03-09 05:00:00,-3.6631
2024-03-09 06:00:00,-3.6631
2024-03-09 07:00:00,-3.6638
2024-03-09 08:00:00,-3.6643
2024-03-09 09:00:00,-3.6644
2024-03-09 10:00:00,-3.6646
2024-03-09 11:00:00,-3.6653
2024-03-09 12:00:00,-3.6654
2024-03-09 13:00:00,-3.6656
2024-03-09 14:00:00,-3.6656
2024-03-09 15:00:00,-3.6657
2024-03-09 16:00:00,-3.6669
2024-03-09 17:00:00,-3.6679
2024-03-09 18:00:00,-3.6690
2024-03-09 19:00:00,-3.6695
2024-03-09 20:00:00,-3.6698
2024-03-09 21:00:00,-3.6697
2024-03-09 22:00:00,-3.6705
2024-03-09 23:00:00,-3.6706
2024-03-10 00:00:00,-3.6717
2024-03-10 01:00:00,-3.6719
2024-03-10 02:00:00,-3.6728
2024-03-10 03:00:00,-3.6736
2024-03-10 04:00:00,-3.6734
2024-03-10 05:00:00,-3.6733
2024-03-10 06:00:00,-3.6734
2024-03-10 07:00:00,-3.6720
2024-03-10 08:00:00,-3.6704
2024-03-10 09:00:00,-3.6718
2024-03-10 10:00:00,-3.6727
2024-03-10 11:00:00,-3.6726
2024-03-10 12:00:00,-3.6725
2024-03-10 13:00:00,-3.6733
2024-03-10 14:00:00,-3.6733
2024-03-10 15:00:00,-3.6743
2024-03-10 16:00:00,-3.6743
2024-03-10 17:00:00,-3.6769
2024-03-10 18:00:00,-3.6793
2024-03-10 19:00:00,-3.6813
2024-03-10 20:00:00,-3.6827
2024-03-10 21:00:00,-3.6840
2024-03-10 22:00:00,-3.6852
2024-03-10 23:00:00,-3.6855
2024-03-11 00:00:00,-3.6862
2024-03-11 01:00:00,-3.6867
2024-03-11 02:00:00,-3.6872
2024-03-11 03:00:00,-3.6874
2024-03-11 04:00:00,-3.6881
2024-03-11 05:00:00,-3.6886
2024-03-11 06:00:00,-3.6894
2024-03-11 07:00:00,-3.6907
2024-03-11 08:00:00,-3.6913
2024-03-11 09:00:00,-3.6920
2024-03-11 10:00:00,-3.6928
2024-03-11 11:00:00,-3.6925
2024-03-11 12:00:00,-3.6910
2024-03-11 13:00:00,-3.6887
2024-03-11 14:00:00,-3.6859
2024-03-11 15:00:00,-3.6822
2024-03-11 16:00:00,-3.6788
2024-03-11 17:00:00,-3.6788
2024-03-11 18:00:00,-3.6739
2024-03-11 19:00:00,-3.6721
2024-03-11 20:00:00,-3.6705
2024-03-11 21:00:00,-3.6685
2024-03-11 22:00:00,-3.6677
2024-03-11 23:00:00,-3.6662
2024-03-12 00:00:00,-3.6659
2024-03-12 01:00:00,-3.6654
2024-03-12 02:00:00,-3.6655
2024-03-12 03:00:00,-3.6650
2024-03-12 04:00:00,-3.6655
2024-03-12 05:00:00,-3.6641
2024-03-12 06:00:00,-3.6610
2024-03-12 07:00:00,-3.6593
2024-03-12 08:00:00,-3.6585
2024-03-12 09:00:00,-3.6588
2024-03-12 10:00:00,-3.6585
2024-03-12 11:00:00,-3.6581
2024-03-12 12:00:00,-3.6584
2024-03-12 13:00:00,-3.6593
2024-03-12 14:00:00,-3.6595
2024-03-12 15:00:00,-3.6601
2024-03-12 16:00:00,-3.6601
2024-03-12 17:00:00,-3.6617
2024-03-12 18:00:00,-3.6626
2024-03-12 19:00:00,-3.6636
2024-03-12 20:00:00,-3.6645
2024-03-12 21:00:00,-3.6647
2024-03-12 22:00:00,-3.6659
2024-03-12 23:00:00,-3.6665
2024-03-13 00:00:00,-3.6672
2024-03-13 01:00:00,-3.6673
2024-03-13 02:00:00,-3.6673
2024-03-13 03:00:00,-3.6668
2024-03-13 04:00:00,-3.6669
2024-03-13 05:00:00,-3.6675
2024-03-13 06:00:00,-3.6670
2024-03-13 07:00:00,-3.6679
2024-03-13 08:00:00,-3.6686
2024-03-13 09:00:00,-3.6692
2024-03-13 10:00:00,-3.6708
2024-03-13 11:00:00,-3.6718
2024-03-13 12:00:00,-3.6723
2024-03-13 13:00:00,-3.6740
2024-03-13 14:00:00,-3.6754
2024-03-13 15:00:00,-3.6760
2024-03-13 16:00:00,-3.6784
2024-03-13 17:00:00,-3.6784
2024-03-13 18:00:00,-3.6805
2024-03-13 19:00:00,-3.6819
2024-03-13 20:00:00,-3.6824
2024-03-13 21:00:00,-3.6837
2024-03-13 22:00:00,-3.6840
2024-03-13 23:00:00,-3.6845
2024-03-14 00:00:00,-3.6844
2024-03-14 01:00:00,-3.6848
2024-03-14 02:00:00,-3.6825
2024-03-14 03:00:00,-3.6802
2024-03-14 04:00:00,-3.6806
2024-03-14 05:00:00,-3.6820
2024-03-14 06:00:00,-3.6821
2024-03-14 07:00:00,-3.6822
2024-03-14 08:00:00,-3.6830
2024-03-14 09:00:00,-3.6837
2024-03-14 10:00:00,-3.6853
2024-03-14 11:00:00,-3.6872
2024-03-14 12:00:00,-3.6876
2024-03-14 13:00:00,-3.6877
2024-03-14 14:00:00,-3.6884
2024-03-14 15:00:00,-3.6896
2024-03-14 16:00:00,-3.6904
2024-03-14 17:00:00,-3.6914
2024-03-14 18:00:00,-3.6918
2024-03-14 19:00:00,-3.6917
2024-03-14 20:00:00,-3.6920
2024-03-14 21:00:00,-3.6927
2024-03-14 22:00:00,-3.6935
2024-03-14 23:00:00,-3.6940
2024-03-15 00:00:00,-3.6950
2024-03-15 01:00:00,-3.6953
2024-03-15 02:00:00,-3.6958
2024-03-15 03:00:00,-3.6962
2024-03-15 04:00:00,-3.6969
2024-03-15 05:00:00,-3.6983
2024-03-15 06:00:00,-3.6993
2024-03-15 07:00:00,-3.7004
2024-03-15 08:00:00,-3.7006
2024-03-15 09:00:00,-3.7024
2024-03-15 10:00:00,-3.7039
2024-03-15 11:00:00,-3.7067
2024-03-15 12:00:00,-3.7113
2024-03-15 13:00:00,-3.7127
2024-03-15 14:00:00,-3.7127
2024-03-15 15:00:00,-3.7190
2024-03-15 16:00:00,-3.7202
2024-03-15 17:00:00,-3.7215
2024-03-15 18:00:00,-3.7203
2024-03-15 19:00:00,-3.7193
2024-03-15 20:00:00,-3.7196
2024-03-15 21:00:00,-3.7191
2024-03-15 22:00:00,-3.7199
2024-03-15 23:00:00,-3.7200
2024-03-16 00:00:00,-3.7200
2024-03-16 01:00:00,-3.7200
2024-03-16 02:00:00,-3.7188
2024-03-16 03:00:00,-3.7169
2024-03-16 04:00:00,-3.7158
2024-03-16 05:00:00,-3.7148
2024-03-16 06:00:00,-3.7134
2024-03-16 07:00:00,-3.7137
2024-03-16 08:00:00,-3.7136
2024-03-16 09:00:00,-3.7138
2024-03-16 10:00:00,-3.7141
2024-03-16 11:00:00,-3.7153
2024-03-16 12:00:00,-3.7157
2024-03-16 13:00:00,-3.7169
2024-03-16 14:00:00,-3.7182
2024-03-16 15:00:00,-3.7202
2024-03-16 16:00:00,-3.7215
2024-03-16 17:00:00,-3.7225
2024-03-16 18:00:00,-3.7233
2024-03-16 19:00:00,-3.7237
2024-03-16 20:00:00,-3.7243
2024-03-16 21:00:00,-3.7251
2024-03-16 22:00:00,-3.7260
2024-03-16 23:00:00,-3.7265
2024-03-17 00:00:00,-3.7273
2024-03-17 01:00:00,-3.7273
2024-03-17 02:00:00,-3.7277
2024-03-17 03:00:00,-3.7277
2024-03-17 04:00:00,-3.7279
2024-03-17 05:00:00,-3.7277
2024-03-17 06:00:00,-3.7274
2024-03-17 07:00:00,-3.7280
2024-03-17 08:00:00,-3.7277
2024-03-17 09:00:00,-3.7284
2024-03-17 10:00:00,-3.7292
2024-03-17 11:00:00,-3.7295
2024-03-17 12:00:00,-3.7297
2024-03-17 13:00:00,-3.7302
2024-03-17 14:00:00,-3.7301
2024-03-17 15:00:00,-3.7307
2024-03-17 16:00:00,-3.7310
2024-03-17 17:00:00,-3.7293
2024-03-17 18:00:00,-3.7272
2024-03-17 19:00:00,-3.7259
2024-03-17 20:00:00,-3.7259
2024-03-17 21:00:00,-3.7243
2024-03-17 22:00:00,-3.7227
2024-03-17 23:00:00,-3.7199
2024-03-18 00:00:00,-3.7172
2024-03-18 01:00:00,-3.7144
2024-03-18 02:00:00,-3.7117
2024-03-18 03:00:00,-3.7093
2024-03-18 04:00:00,-3.7071
2024-03-18 05:00:00,-3.7050
2024-03-18 06:00:00,-3.7026
2024-03-18 07:00:00,-3.7020
2024-03-18 08:00:00,-3.7009
2024-03-18 09:00:00,-3.7011
2024-03-18 10:00:00,-3.7006
2024-03-18 11:00:00,-3.7008
2024-03-18 12:00:00,-3.7011
2024-03-18 13:00:00,-3.7013
2024-03-18 14:00:00,-3.7022
2024-03-18 15:00:00,-3.7036
2024-03-18 16:00:00,-3.7041
2024-03-18 17:00:00,-3.7053
2024-03-18 18:00:00,-3.7062
2024-03-18 19:00:00,-3.7067
2024-03-18 20:00:00,-3.7080
2024-03-18 21:00:00,-3.7078
2024-03-18 22:00:00,-3.7088
2024-03-18 23:00:00,-3.7102
2024-03-19 00:00:00,-3.7103
2024-03-19 01:00:00,-3.7108
2024-03-19 02:00:00,-3.7117
2024-03-19 03:00:00,-3.7119
2024-03-19 04:00:00,-3.7131
2024-03-19 05:00:00,-3.7139
2024-03-19 06:00:00,-3.7145
2024-03-19 07:00:00,-3.7158
2024-03-19 08:00:00,-3.7158
2024-03-19 09:00:00,-3.7166
2024-03-19 10:00:00,-3.7172
2024-03-19 11:00:00,-3.7180
2024-03-19 12:00:00,-3.7193
2024-03-19 13:00:00,-3.7204
2024-03-19 14:00:00,-3.7219
2024-03-19 15:00:00,-3.7235
2024-03-19 16:00:00,-3.7253
2024-03-19 17:00:00,-3.7267
2024-03-19 18:00:00,-3.7282
2024-03-19 19:00:00,-3.7287
2024-03-19 20:00:00,-3.7287
2024-03-19 21:00:00,-3.7285
2024-03-19 22:00:00,-3.7291
2024-03-19 23:00:00,-3.7294
2024-03-20 00:00:00,-3.7301
2024-03-20 01:00:00,-3.7307
2024-03-20 02:00:00,-3.7310
2024-03-20 03:00:00,-3.7311
2024-03-20 04:00:00,-3.7316
2024-03-20 05:00:00,-3.7319
2024-03-20 06:00:00,-3.7323
2024-03-20 07:00:00,-3.7327
2024-03-20 08:00:00,-3.7316
2024-03-20 09:00:00,-3.7306
2024-03-20 10:00:00,-3.7301
2024-03-20 11:00:00,-3.7321
2024-03-20 12:00:00,-3.7334
2024-03-20 13:00:00,-3.7342
2024-03-20 14:00:00,-3.7349
2024-03-20 15:00:00,-3.7356
2024-03-20 16:00:00,-3.7359
2024-03-20 17:00:00,-3.7362
2024-03-20 18:00:00,-3.7362
2024-03-20 19:00:00,-3.7363
2024-03-20 20:00:00,-3.7366
2024-03-20 21:00:00,-3.7369
2024-03-20 22:00:00,-3.7378
2024-03-20 23:00:00,-3.7376
2024-03-21 00:00:00,-3.7381
2024-03-21 01:00:00,-3.7382
2024-03-21 02:00:00,-3.7387
2024-03-21 03:00:00,-3.7384
2024-03-21 04:00:00,-3.7388
2024-03-21 05:00:00,-3.7400
2024-03-21 06:00:00,-3.7395
2024-03-21 07:00:00,-3.7402
2024-03-21 08:00:00,-3.7398
2024-03-21 09:00:00,-3.7411
2024-03-21 10:00:00,-3.7417
2024-03-21 11:00:00,-3.7426
2024-03-21 12:00:00,-3.7436
2024-03-21 13:00:00,-3.7439
2024-03-21 14:00:00,-3.7439
2024-03-21 15:00:00,-3.7452
2024-03-21 16:00:00,-3.7452
2024-03-21 17:00:00,-3.7470
2024-03-21 18:00:00,-3.7478
2024-03-21 19:00:00,-3.7481
2024-03-21 20:00:00,-3.7479
2024-03-21 21:00:00,-3.7472
2024-03-21 22:00:00,-3.7469
2024-03-21 23:00:00,-3.7463
2024-03-22 00:00:00,-3.7461
2024-03-22 01:00:00,-3.7455
2024-03-22 02:00:00,-3.7460
2024-03-22 03:00:00,-3.7463
2024-03-22 04:00:00,-3.7463
2024-03-22 05:00:00,-3.7469
2024-03-22 06:00:00,-3.7472
2024-03-22 07:00:00,-3.7472
2024-03-22 08:00:00,-3.7476
2024-03-22 09:00:00,-3.7481
2024-03-22 10:00:00,-3.7470
2024-03-22 11:00:00,-3.7458
2024-03-22 12:00:00,-3.7442
2024-03-22 13:00:00,-3.7432
2024-03-22 14:00:00,-3.7423
2024-03-22 15:00:00,-3.7405
2024-03-22 16:00:00,-3.7391
2024-03-22 17:00:00,-3.7391
2024-03-22 18:00:00,-3.7378
2024-03-22 19:00:00,-3.7372
2024-03-22 20:00:00,-3.7365
2024-03-22 21:00:00,-3.7359
2024-03-22 22:00:00,-3.7356
2024-03-22 23:00:00,-3.7344
2024-03-23 00:00:00,-3.7338
2024-03-23 01:00:00,-3.7335
2024-03-23 02:00:00,-3.7333
2024-03-23 03:00:00,-3.7334
2024-03-23 04:00:00,-3.7336
2024-03-23 05:00:00,-3.7337
2024-03-23 06:00:00,-3.7337
2024-03-23 07:00:00,-3.7345
2024-03-23 08:00:00,-3.7346
2024-03-23 09:00:00,-3.7347
2024-03-23 10:00:00,-3.7346
2024-03-23 11:00:00,-3.7355
2024-03-23 12:00:00,-3.7368
2024-03-23 13:00:00,-3.7380
2024-03-23 14:00:00,-3.7384
2024-03-23 15:00:00,-3.7395
2024-03-23 16:00:00,-3.7387
2024-03-23 17:00:00,-3.7369
2024-03-23 18:00:00,-3.7369
2024-03-23 19:00:00,-3.7342
2024-03-23 20:00:00,-3.7332
2024-03-23 21:00:00,-3.7307
2024-03-23 22:00:00,-3.7288
2024-03-23 23:00:00,-3.7274
2024-03-24 00:00:00,-3.7256
2024-03-24 01:00:00,-3.7239
2024-03-24 02:00:00,-3.7204
2024-03-24 03:00:00,-3.7171
2024-03-24 04:00:00,-3.7119
2024-03-24 05:00:00,-3.7052
2024-03-24 06:00:00,-3.6974
2024-03-24 07:00:00,-3.6909
2024-03-24 08:00:00,-3.6856
2024-03-24 09:00:00,-3.6805
2024-03-24 10:00:00,-3.6767
2024-03-24 11:00:00,-3.6723
2024-03-24 12:00:00,-3.6677
2024-03-24 13:00:00,-3.6641
2024-03-24 14:00:00,-3.6593
2024-03-24 15:00:00,-3.6537
2024-03-24 16:00:00,-3.6500
2024-03-24 17:00:00,-3.6475
2024-03-24 18:00:00,-3.6444
2024-03-24 19:00:00,-3.6444
2024-03-24 20:00:00,-3.6379
2024-03-24 21:00:00,-3.6345
2024-03-24 22:00:00,-3.6321
2024-03-24 23:00:00,-3.6296
2024-03-25 00:00:00,-3.6280
2024-03-25 01:00:00,-3.6267
2024-03-25 02:00:00,-3.6259
2024-03-25 03:00:00,-3.6251
2024-03-25 04:00:00,-3.6244
2024-03-25 05:00:00,-3.6237
2024-03-25 06:00:00,-3.6224
2024-03-25 07:00:00,-3.6217
2024-03-25 08:00:00,-3.6212
2024-03-25 09:00:00,-3.6223
2024-03-25 10:00:00,-3.6229
2024-03-25 11:00:00,-3.6233
2024-03-25 12:00:00,-3.6233
2024-03-25 13:00:00,-3.6237
2024-03-25 14:00:00,-3.6240
2024-03-25 15:00:00,-3.6246
2024-03-25 16:00:00,-3.6254
2024-03-25 17:00:00,-3.6261
2024-03-25 18:00:00,-3.6272
2024-03-25 19:00:00,-3.6279
2024-03-25 20:00:00,-3.6290
2024-03-25 21:00:00,-3.6289
2024-03-25 22:00:00,-3.6300
2024-03-25 23:00:00,-3.6303
2024-03-26 00:00:00,-3.6309
2024-03-26 01:00:00,-3.6307
2024-03-26 02:00:00,-3.6314
2024-03-26 03:00:00,-3.6317
2024-03-26 04:00:00,-3.6321
2024-03-26 05:00:00,-3.6328
2024-03-26 06:00:00,-3.6330
2024-03-26 07:00:00,-3.6343
2024-03-26 08:00:00,-3.6348
2024-03-26 09:00:00,-3.6356
2024-03-26 10:00:00,-3.6364
2024-03-26 11:00:00,-3.6373
2024-03-26 12:00:00,-3.6380
2024-03-26 13:00:00,-3.6389
2024-03-26 14:00:00,-3.6389
2024-03-26 15:00:00,-3.6406
2024-03-26 16:00:00,-3.6406
2024-03-26 17:00:00,-3.6427
2024-03-26 18:00:00,-3.6437
2024-03-26 19:00:00,-3.6445
2024-03-26 20:00:00,-3.6442
2024-03-26 21:00:00,-3.6439
2024-03-26 22:00:00,-3.6449
2024-03-26 23:00:00,-3.6453
2024-03-27 00:00:00,-3.6456
2024-03-27 01:00:00,-3.6460
2024-03-27 02:00:00,-3.6467
2024-03-27 03:00:00,-3.6470
2024-03-27 04:00:00,-3.6478
2024-03-27 05:00:00,-3.6481
2024-03-27 06:00:00,-3.6491
2024-03-27 07:00:00,-3.6512
2024-03-27 08:00:00,-3.6524
2024-03-27 09:00:00,-3.6534
2024-03-27 10:00:00,-3.6547
2024-03-27 11:00:00,-3.6564
2024-03-27 12:00:00,-3.6575
2024-03-27 13:00:00,-3.6582
2024-03-27 14:00:00,-3.6591
2024-03-27 15:00:00,-3.6591
2024-03-27 16:00:00,-3.6626
2024-03-27 17:00:00,-3.6638
2024-03-27 18:00:00,-3.6644
2024-03-27 19:00:00,-3.6659
2024-03-27 20:00:00,-3.6673
2024-03-27 21:00:00,-3.6680
2024-03-27 22:00:00,-3.6691
2024-03-27 23:00:00,-3.6697
2024-03-28 00:00:00,-3.6702
2024-03-28 01:00:00,-3.6706
2024-03-28 02:00:00,-3.6706
2024-03-28 03:00:00,-3.6711
2024-03-28 04:00:00,-3.6717
2024-03-28 05:00:00,-3.6717
2024-03-28 06:00:00,-3.6720
2024-03-28 07:00:00,-3.6738
2024-03-28 08:00:00,-3.6748
2024-03-28 09:00:00,-3.6764
2024-03-28 10:00:00,-3.6780
2024-03-28 11:00:00,-3.6793
2024-03-28 12:00:00,-3.6803
2024-03-28 13:00:00,-3.6811
2024-03-28 14:00:00,-3.6811
2024-03-28 15:00:00,-3.6847
2024-03-28 16:00:00,-3.6857
2024-03-28 17:00:00,-3.6873
2024-03-28 18:00:00,-3.6873
2024-03-28 19:00:00,-3.6851
2024-03-28 20:00:00,-3.6847
2024-03-28 21:00:00,-3.6863
2024-03-28 22:00:00,-3.6883
2024-03-28 23:00:00,-3.6905
2024-03-29 00:00:00,-3.6925
2024-03-29 01:00:00,-3.6947
2024-03-29 02:00:00,-3.6947
2024-03-29 03:00:00,-3.6951
2024-03-29 04:00:00,-3.6955
2024-03-29 05:00:00,-3.6956
2024-03-29 06:00:00,-3.6963
2024-03-29 07:00:00,-3.6973
2024-03-29 08:00:00,-3.6980
2024-03-29 09:00:00,-3.6992
2024-03-29 10:00:00,-3.7004
2024-03-29 11:00:00,-3.7016
2024-03-29 12:00:00,-3.7029
2024-03-29 13:00:00,-3.7047
2024-03-29 14:00:00,-3.7061
2024-03-29 15:00:00,-3.7076
2024-03-29 16:00:00,-3.7089
2024-03-29 17:00:00,-3.7102
2024-03-29 18:00:00,-3.7115
2024-03-29 19:00:00,-3.7120
2024-03-29 20:00:00,-3.7125
2024-03-29 21:00:00,-3.7133
2024-03-29 22:00:00,-3.7137
2024-03-29 23:00:00,-3.7140
2024-03-30 00:00:00,-3.7144
2024-03-30 01:00:00,-3.7150
2024-03-30 02:00:00,-3.7148
2024-03-30 03:00:00,-3.7148
2024-03-30 04:00:00,-3.7140
2024-03-30 05:00:00,-3.7134
2024-03-30 06:00:00,-3.7128
2024-03-30 07:00:00,-3.7119
2024-03-30 08:00:00,-3.7112
2024-03-30 09:00:00,-3.7096
2024-03-30 10:00:00,-3.7078
2024-03-30 11:00:00,-3.7047
2024-03-30 12:00:00,-3.7015
2024-03-30 13:00:00,-3.6974
2024-03-30 14:00:00,-3.6974
2024-03-30 15:00:00,-3.6921
2024-03-30 16:00:00,-3.6921
2024-03-30 17:00:00,-3.6873
2024-03-30 18:00:00,-3.6851
2024-03-30 19:00:00,-3.6836
2024-03-30 20:00:00,-3.6832
2024-03-30 21:00:00,-3.6822
2024-03-30 22:00:00,-3.6820
2024-03-30 23:00:00,-3.6814
2024-03-31 00:00:00,-3.6812
2024-03-31 01:00:00,-3.6807
2024-03-31 03:00:00,-3.6801
2024-03-31 04:00:00,-3.6801
2024-03-31 05:00:00,-3.6800
2024-03-31 06:00:00,-3.6796
2024-03-31 07:00:00,-3.6798
2024-03-31 08:00:00,-3.6802
2024-03-31 09:00:00,-3.6798
2024-03-31 10:00:00,-3.6802
2024-03-31 11:00:00,-3.6802
2024-03-31 12:00:00,-3.6801
2024-03-31 13:00:00,-3.6806
2024-03-31 14:00:00,-3.6810
2024-03-31 15:00:00,-3.6813
2024-03-31 16:00:00,-3.6817
2024-03-31 17:00:00,-3.6825
2024-03-31 18:00:00,-3.6816
2024-03-31 19:00:00,-3.6810
2024-03-31 20:00:00,-3.6749
2024-03-31 21:00:00,-3.6606
2024-03-31 22:00:00,-3.6310
2024-03-31 23:00:00,-3.6075
2024-04-01 00:00:00,-3.5919
2024-04-01 01:00:00,-3.5819
2024-04-01 02:00:00,-3.5758
2024-04-01 03:00:00,-3.5713
2024-04-01 04:00:00,-3.5685
2024-04-01 05:00:00,-3.5675
2024-04-01 06:00:00,-3.5669
2024-04-01 07:00:00,-3.5662
2024-04-01 08:00:00,-3.5670
2024-04-01 09:00:00,-3.5675
2024-04-01 10:00:00,-3.5689
2024-04-01 11:00:00,-3.5704
2024-04-01 12:00:00,-3.5721
2024-04-01 13:00:00,-3.5738
2024-04-01 14:00:00,-3.5738
2024-04-01 15:00:00,-3.5784
2024-04-01 16:00:00,-3.5784
2024-04-01 17:00:00,-3.5825
2024-04-01 18:00:00,-3.5842
2024-04-01 19:00:00,-3.5839
2024-04-01 20:00:00,-3.5847
2024-04-01 21:00:00,-3.5860
2024-04-01 22:00:00,-3.5871
2024-04-01 23:00:00,-3.5883
2024-04-02 00:00:00,-3.5892
2024-04-02 01:00:00,-3.5904
2024-04-02 02:00:00,-3.5918
2024-04-02 03:00:00,-3.5927
2024-04-02 04:00:00,-3.5940
2024-04-02 05:00:00,-3.5955
2024-04-02 06:00:00,-3.5972
2024-04-02 07:00:00,-3.5985
2024-04-02 08:00:00,-3.6003
2024-04-02 09:00:00,-3.6024
2024-04-02 10:00:00,-3.6037
2024-04-02 11:00:00,-3.6049
2024-04-02 12:00:00,-3.6069
2024-04-02 13:00:00,-3.6084
2024-04-02 14:00:00,-3.6107
2024-04-02 15:00:00,-3.6120
2024-04-02 16:00:00,-3.6132
2024-04-02 17:00:00,-3.6132
2024-04-02 18:00:00,-3.6161
2024-04-02 19:00:00,-3.6164
2024-04-02 20:00:00,-3.6180
2024-04-02 21:00:00,-3.6201
2024-04-02 22:00:00,-3.6213
2024-04-02 23:00:00,-3.6210
2024-04-03 00:00:00,-3.6215
2024-04-03 01:00:00,-3.6224
2024-04-03 02:00:00,-3.6228
2024-04-03 03:00:00,-3.6230
2024-04-03 04:00:00,-3.6224
2024-04-03 05:00:00,-3.6205
2024-04-03 06:00:00,-3.6168
2024-04-03 07:00:00,-3.6121
2024-04-03 08:00:00,-3.6075
2024-04-03 09:00:00,-3.6040
2024-04-03 10:00:00,-3.6006
2024-04-03 11:00:00,-3.5994
2024-04-03 12:00:00,-3.5997
2024-04-03 13:00:00,-3.6006
2024-04-03 14:00:00,-3.6018
2024-04-03 15:00:00,-3.6026
2024-04-03 16:00:00,-3.6029
2024-04-03 17:00:00,-3.6033
2024-04-03 18:00:00,-3.6037
2024-04-03 19:00:00,-3.6045
2024-04-03 20:00:00,-3.6034
2024-04-03 21:00:00,-3.6038
2024-04-03 22:00:00,-3.6051
2024-04-03 23:00:00,-3.6062
2024-04-04 00:00:00,-3.6070
2024-04-04 01:00:00,-3.6077
2024-04-04 02:00:00,-3.6071
2024-04-04 03:00:00,-3.6066
2024-04-04 04:00:00,-3.6060
2024-04-04 05:00:00,-3.6071
2024-04-04 06:00:00,-3.6073
2024-04-04 07:00:00,-3.6067
2024-04-04 08:00:00,-3.6061
2024-04-04 09:00:00,-3.6040
2024-04-04 10:00:00,-3.5987
2024-04-04 11:00:00,-3.5900
2024-04-04 12:00:00,-3.5795
2024-04-04 13:00:00,-3.5745
2024-04-04 14:00:00,-3.5742
2024-04-04 15:00:00,-3.5749
2024-04-04 16:00:00,-3.5759
2024-04-04 17:00:00,-3.5763
2024-04-04 18:00:00,-3.5777
2024-04-04 19:00:00,-3.5808
2024-04-04 20:00:00,-3.5831
2024-04-04 21:00:00,-3.5862
2024-04-04 22:00:00,-3.5884
2024-04-04 23:00:00,-3.5910
2024-04-05 00:00:00,-3.5944
2024-04-05 01:00:00,-3.5975
2024-04-05 02:00:00,-3.6006
2024-04-05 03:00:00,-3.6039
2024-04-05 04:00:00,-3.6057
2024-04-05 05:00:00,-3.6076
2024-04-05 06:00:00,-3.6076
2024-04-05 07:00:00,-3.6077
2024-04-05 08:00:00,-3.6097
2024-04-05 09:00:00,-3.6119
2024-04-05 10:00:00,-3.6135
2024-04-05 11:00:00,-3.6131
2024-04-05 12:00:00,-3.6138
2024-04-05 13:00:00,-3.6150
2024-04-05 14:00:00,-3.6136
2024-04-05 15:00:00,-3.6105
2024-04-05 16:00:00,-3.6072
2024-04-05 17:00:00,-3.6098
2024-04-05 18:00:00,-3.6112
2024-04-05 19:00:00,-3.6147
2024-04-05 20:00:00,-3.6165
2024-04-05 21:00:00,-3.6162
2024-04-05 22:00:00,-3.6161
2024-04-05 23:00:00,-3.6159
2024-04-06 00:00:00,-3.6170
2024-04-06 01:00:00,-3.6164
2024-04-06 02:00:00,-3.6163
2024-04-06 03:00:00,-3.6173
2024-04-06 04:00:00,-3.6198
2024-04-06 05:00:00,-3.6218
2024-04-06 06:00:00,-3.6237
2024-04-06 07:00:00,-3.6244
2024-04-06 08:00:00,-3.6261
2024-04-06 09:00:00,-3.6277
2024-04-06 10:00:00,-3.6289
2024-04-06 11:00:00,-3.6306
2024-04-06 12:00:00,-3.6317
2024-04-06 13:00:00,-3.6329
2024-04-06 14:00:00,-3.6361
2024-04-06 15:00:00,-3.6402
2024-04-06 16:00:00,-3.6425
2024-04-06 17:00:00,-3.6445
2024-04-06 18:00:00,-3.6480
2024-04-06 19:00:00,-3.6510
2024-04-06 20:00:00,-3.6526
2024-04-06 21:00:00,-3.6541
2024-04-06 22:00:00,-3.6553
2024-04-06 23:00:00,-3.6567
2024-04-07 00:00:00,-3.6579
2024-04-07 01:00:00,-3.6594
2024-04-07 02:00:00,-3.6617
2024-04-07 03:00:00,-3.6643
2024-04-07 04:00:00,-3.6675
2024-04-07 05:00:00,-3.6691
2024-04-07 06:00:00,-3.6699
2024-04-07 07:00:00,-3.6720
2024-04-07 08:00:00,-3.6739
2024-04-07 09:00:00,-3.6761
2024-04-07 10:00:00,-3.6777
2024-04-07 11:00:00,-3.6792
2024-04-07 12:00:00,-3.6809
2024-04-07 13:00:00,-3.6836
2024-04-07 14:00:00,-3.6853
2024-04-07 15:00:00,-3.6873
2024-04-07 16:00:00,-3.6895
2024-04-07 17:00:00,-3.6907
2024-04-07 18:00:00,-3.6919
2024-04-07 19:00:00,-3.6931
2024-04-07 20:00:00,-3.6934
2024-04-07 21:00:00,-3.6947
2024-04-07 22:00:00,-3.6956
2024-04-07 23:00:00,-3.6964
2024-04-08 00:00:00,-3.6967
2024-04-08 01:00:00,-3.6972
2024-04-08 02:00:00,-3.6980
2024-04-08 03:00:00,-3.6973
2024-04-08 04:00:00,-3.6978
2024-04-08 05:00:00,-3.6983
2024-04-08 06:00:00,-3.6989
2024-04-08 07:00:00,-3.7002
2024-04-08 08:00:00,-3.7012
2024-04-08 09:00:00,-3.7018
2024-04-08 10:00:00,-3.7029
2024-04-08 11:00:00,-3.7034
2024-04-08 12:00:00,-3.7036
2024-04-08 13:00:00,-3.7045
2024-04-08 14:00:00,-3.7062
2024-04-08 15:00:00,-3.7072
2024-04-08 16:00:00,-3.7083
2024-04-08 17:00:00,-3.7084
2024-04-08 18:00:00,-3.7081
2024-04-08 19:00:00,-3.7088
2024-04-08 20:00:00,-3.7109
2024-04-08 21:00:00,-3.7118
2024-04-08 22:00:00,-3.7131
2024-04-08 23:00:00,-3.7140
2024-04-09 00:00:00,-3.7139
2024-04-09 01:00:00,-3.7155
2024-04-09 02:00:00,-3.7127
2024-04-09 03:00:00,-3.7104
2024-04-09 04:00:00,-3.7086
2024-04-09 05:00:00,-3.7080
2024-04-09 06:00:00,-3.7072
2024-04-09 07:00:00,-3.7073
2024-04-09 08:00:00,-3.7064
2024-04-09 09:00:00,-3.7062
2024-04-09 10:00:00,-3.7067
2024-04-09 11:00:00,-3.7058
2024-04-09 12:00:00,-3.7064
2024-04-09 13:00:00,-3.7092
2024-04-09 14:00:00,-3.7119
2024-04-09 15:00:00,-3.7149
2024-04-09 16:00:00,-3.7181
2024-04-09 17:00:00,-3.7228
2024-04-09 18:00:00,-3.7248
2024-04-09 19:00:00,-3.7264
2024-04-09 20:00:00,-3.7272
2024-04-09 21:00:00,-3.7290
2024-04-09 22:00:00,-3.7300
2024-04-09 23:00:00,-3.7300
2024-04-10 00:00:00,-3.7296
2024-04-10 01:00:00,-3.7286
2024-04-10 02:00:00,-3.7285
2024-04-10 03:00:00,-3.7287
2024-04-10 04:00:00,-3.7292
2024-04-10 05:00:00,-3.7298
2024-04-10 06:00:00,-3.7308
2024-04-10 07:00:00,-3.7310
2024-04-10 08:00:00,-3.7305
2024-04-10 09:00:00,-3.7303
2024-04-10 10:00:00,-3.7324
2024-04-10 11:00:00,-3.7334
2024-04-10 12:00:00,-3.7353
2024-04-10 13:00:00,-3.7374
2024-04-10 14:00:00,-3.7400
2024-04-10 15:00:00,-3.7418
2024-04-10 16:00:00,-3.7442
2024-04-10 17:00:00,-3.7464
2024-04-10 18:00:00,-3.7481
2024-04-10 19:00:00,-3.7499
2024-04-10 20:00:00,-3.7507
2024-04-10 21:00:00,-3.7516
2024-04-10 22:00:00,-3.7522
2024-04-10 23:00:00,-3.7532
2024-04-11 00:00:00,-3.7539
2024-04-11 01:00:00,-3.7561
2024-04-11 02:00:00,-3.7574
2024-04-11 03:00:00,-3.7593
2024-04-11 04:00:00,-3.7615
2024-04-11 05:00:00,-3.7632
2024-04-11 06:00:00,-3.7641
2024-04-11 07:00:00,-3.7648
2024-04-11 08:00:00,-3.7656
2024-04-11 09:00:00,-3.7672
2024-04-11 10:00:00,-3.7684
2024-04-11 11:00:00,-3.7696
2024-04-11 12:00:00,-3.7700
2024-04-11 13:00:00,-3.7708
2024-04-11 14:00:00,-3.7711
2024-04-11 15:00:00,-3.7710
2024-04-11 16:00:00,-3.7715
2024-04-11 17:00:00,-3.7722
2024-04-11 18:00:00,-3.7725
2024-04-11 19:00:00,-3.7734
2024-04-11 20:00:00,-3.7746
2024-04-11 21:00:00,-3.7753
2024-04-11 22:00:00,-3.7756
2024-04-11 23:00:00,-3.7768
2024-04-12 00:00:00,-3.7775
2024-04-12 01:00:00,-3.7783
2024-04-12 02:00:00,-3.7782
2024-04-12 03:00:00,-3.7795
2024-04-12 04:00:00,-3.7802
2024-04-12 05:00:00,-3.7810
2024-04-12 06:00:00,-3.7816
2024-04-12 07:00:00,-3.7819
2024-04-12 08:00:00,-3.7820
2024-04-12 09:00:00,-3.7821
2024-04-12 10:00:00,-3.7837
2024-04-12 11:00:00,-3.7853
2024-04-12 12:00:00,-3.7875
2024-04-12 13:00:00,-3.7897
2024-04-12 14:00:00,-3.7912
2024-04-12 15:00:00,-3.7930
2024-04-12 16:00:00,-3.7938
2024-04-12 17:00:00,-3.7954
2024-04-12 18:00:00,-3.7962
2024-04-12 19:00:00,-3.7959
2024-04-12 20:00:00,-3.7956
2024-04-12 21:00:00,-3.7959
2024-04-12 22:00:00,-3.7959
2024-04-12 23:00:00,-3.7945
2024-04-13 00:00:00,-3.7941
2024-04-13 01:00:00,-3.7940
2024-04-13 02:00:00,-3.7944
2024-04-13 03:00:00,-3.7948
2024-04-13 04:00:00,-3.7944
2024-04-13 05:00:00,-3.7940
2024-04-13 06:00:00,-3.7935
2024-04-13 07:00:00,-3.7925
2024-04-13 08:00:00,-3.7925
2024-04-13 09:00:00,-3.7923
2024-04-13 10:00:00,-3.7926
2024-04-13 11:00:00,-3.7932
2024-04-13 12:00:00,-3.7931
2024-04-13 13:00:00,-3.7940
2024-04-13 14:00:00,-3.7950
2024-04-13 15:00:00,-3.7963
2024-04-13 16:00:00,-3.7985
2024-04-13 17:00:00,-3.8015
2024-04-13 18:00:00,-3.8026
2024-04-13 19:00:00,-3.8037
2024-04-13 20:00:00,-3.8042
2024-04-13 21:00:00,-3.8060
2024-04-13 22:00:00,-3.8067
2024-04-13 23:00:00,-3.8065
2024-04-14 00:00:00,-3.8057
2024-04-14 01:00:00,-3.8042
2024-04-14 02:00:00,-3.8023
2024-04-14 03:00:00,-3.8022
2024-04-14 04:00:00,-3.8012
2024-04-14 05:00:00,-3.8010
2024-04-14 06:00:00,-3.8010
2024-04-14 07:00:00,-3.8013
2024-04-14 08:00:00,-3.8016
2024-04-14 09:00:00,-3.8022
2024-04-14 10:00:00,-3.8029
2024-04-14 11:00:00,-3.8034
2024-04-14 12:00:00,-3.8039
2024-04-14 13:00:00,-3.8050
2024-04-14 14:00:00,-3.8062
2024-04-14 15:00:00,-3.8065
2024-04-14 16:00:00,-3.8074
2024-04-14 17:00:00,-3.8070
2024-04-14 18:00:00,-3.8049
2024-04-14 19:00:00,-3.8030
2024-04-14 20:00:00,-3.8037
2024-04-14 21:00:00,-3.8046
2024-04-14 22:00:00,-3.8049
2024-04-14 23:00:00,-3.8051
2024-04-15 00:00:00,-3.8055
2024-04-15 01:00:00,-3.8050
2024-04-15 02:00:00,-3.8048
2024-04-15 03:00:00,-3.8044
2024-04-15 04:00:00,-3.8045
2024-04-15 05:00:00,-3.8050
2024-04-15 06:00:00,-3.8045
2024-04-15 07:00:00,-3.8040
2024-04-15 08:00:00,-3.8039
2024-04-15 09:00:00,-3.8044
2024-04-15 10:00:00,-3.8055
2024-04-15 11:00:00,-3.8072
2024-04-15 12:00:00,-3.8085
2024-04-15 13:00:00,-3.8091
2024-04-15 14:00:00,-3.8097
2024-04-15 15:00:00,-3.8071
2024-04-15 16:00:00,-3.8037
2024-04-15 17:00:00,-3.7980
2024-04-15 18:00:00,-3.7936
2024-04-15 19:00:00,-3.7888
2024-04-15 20:00:00,-3.7849
2024-04-15 21:00:00,-3.7798
2024-04-15 22:00:00,-3.7743
2024-04-15 23:00:00,-3.7691
2024-04-16 00:00:00,-3.7657
2024-04-16 01:00:00,-3.7603
2024-04-16 02:00:00,-3.7573
2024-04-16 03:00:00,-3.7542
2024-04-16 04:00:00,-3.7495
2024-04-16 05:00:00,-3.7448
2024-04-16 06:00:00,-3.7400
2024-04-16 07:00:00,-3.7335
2024-04-16 08:00:00,-3.7252
2024-04-16 09:00:00,-3.7162
2024-04-16 10:00:00,-3.7053
2024-04-16 11:00:00,-3.6953
2024-04-16 12:00:00,-3.6878
2024-04-16 13:00:00,-3.6848
2024-04-16 14:00:00,-3.6823
2024-04-16 15:00:00,-3.6811
2024-04-16 16:00:00,-3.6794
2024-04-16 17:00:00,-3.6785
2024-04-16 18:00:00,-3.6783
2024-04-16 19:00:00,-3.6781
2024-04-16 20:00:00,-3.6788
2024-04-16 21:00:00,-3.6803
2024-04-16 22:00:00,-3.6824
2024-04-16 23:00:00,-3.6841
2024-04-17 00:00:00,-3.6855
2024-04-17 01:00:00,-3.6865
2024-04-17 02:00:00,-3.6869
2024-04-17 03:00:00,-3.6877
2024-04-17 04:00:00,-3.6873
2024-04-17 05:00:00,-3.6865
2024-04-17 06:00:00,-3.6861
2024-04-17 07:00:00,-3.6848
2024-04-17 08:00:00,-3.6833
2024-04-17 09:00:00,-3.6822
2024-04-17 10:00:00,-3.6822
2024-04-17 11:00:00,-3.6821
2024-04-17 12:00:00,-3.6780
2024-04-17 13:00:00,-3.6685
2024-04-17 14:00:00,-3.6578
2024-04-17 15:00:00,-3.6372
2024-04-17 16:00:00,-3.6155
2024-04-17 17:00:00,-3.5986
2024-04-17 18:00:00,-3.5867
2024-04-17 19:00:00,-3.5800
2024-04-17 20:00:00,-3.5758
2024-04-17 21:00:00,-3.5731
2024-04-17 22:00:00,-3.5721
2024-04-17 23:00:00,-3.5720
2024-04-18 00:00:00,-3.5726
2024-04-18 01:00:00,-3.5742
2024-04-18 02:00:00,-3.5757
2024-04-18 03:00:00,-3.5777
2024-04-18 04:00:00,-3.5797
2024-04-18 05:00:00,-3.5815
2024-04-18 06:00:00,-3.5833
2024-04-18 07:00:00,-3.5851
2024-04-18 08:00:00,-3.5872
2024-04-18 09:00:00,-3.5893
2024-04-18 10:00:00,-3.5904
2024-04-18 11:00:00,-3.5915
2024-04-18 12:00:00,-3.5927
2024-04-18 13:00:00,-3.5954
2024-04-18 14:00:00,-3.5977
2024-04-18 15:00:00,-3.6000
2024-04-18 16:00:00,-3.6029
2024-04-18 17:00:00,-3.6051
2024-04-18 18:00:00,-3.6079
2024-04-18 19:00:00,-3.6102
2024-04-18 20:00:00,-3.6123
2024-04-18 21:00:00,-3.6146
2024-04-18 22:00:00,-3.6165
2024-04-18 23:00:00,-3.6184
2024-04-19 00:00:00,-3.6187
2024-04-19 01:00:00,-3.6180
2024-04-19 02:00:00,-3.6144
2024-04-19 03:00:00,-3.6109
2024-04-19 04:00:00,-3.6053
2024-04-19 05:00:00,-3.5997
2024-04-19 06:00:00,-3.5950
2024-04-19 07:00:00,-3.5900
2024-04-19 08:00:00,-3.5870
2024-04-19 09:00:00,-3.5841
2024-04-19 10:00:00,-3.5797
2024-04-19 11:00:00,-3.5741
2024-04-19 12:00:00,-3.5654
2024-04-19 13:00:00,-3.5574
2024-04-19 14:00:00,-3.5514
2024-04-19 15:00:00,-3.5467
2024-04-19 16:00:00,-3.5430
2024-04-19 17:00:00,-3.5403
2024-04-19 18:00:00,-3.5404
2024-04-19 19:00:00,-3.5389
2024-04-19 20:00:00,-3.5411
2024-04-19 21:00:00,-3.5410
2024-04-19 22:00:00,-3.5425
2024-04-19 23:00:00,-3.5431
2024-04-20 00:00:00,-3.5432
2024-04-20 01:00:00,-3.5435
2024-04-20 02:00:00,-3.5452
2024-04-20 03:00:00,-3.5466
2024-04-20 04:00:00,-3.5488
2024-04-20 05:00:00,-3.5505
2024-04-20 06:00:00,-3.5514
2024-04-20 07:00:00,-3.5528
2024-04-20 08:00:00,-3.5540
2024-04-20 09:00:00,-3.5559
2024-04-20 10:00:00,-3.5566
2024-04-20 11:00:00,-3.5584
2024-04-20 12:00:00,-3.5597
2024-04-20 13:00:00,-3.5607
2024-04-20 14:00:00,-3.5607
2024-04-20 15:00:00,-3.5637
2024-04-20 16:00:00,-3.5637
2024-04-20 17:00:00,-3.5659
2024-04-20 18:00:00,-3.5666
2024-04-20 19:00:00,-3.5675
2024-04-20 20:00:00,-3.5687
2024-04-20 21:00:00,-3.5723
2024-04-20 22:00:00,-3.5751
2024-04-20 23:00:00,-3.5779
2024-04-21 00:00:00,-3.5794
2024-04-21 01:00:00,-3.5827
2024-04-21 02:00:00,-3.5841
2024-04-21 03:00:00,-3.5861
2024-04-21 04:00:00,-3.5885
2024-04-21 05:00:00,-3.5888
2024-04-21 06:00:00,-3.5901
2024-04-21 07:00:00,-3.5903
2024-04-21 08:00:00,-3.5910
2024-04-21 09:00:00,-3.5927
2024-04-21 10:00:00,-3.5950
2024-04-21 11:00:00,-3.5953
2024-04-21 12:00:00,-3.5961
2024-04-21 13:00:00,-3.5992
2024-04-21 14:00:00,-3.6021
2024-04-21 15:00:00,-3.6048
2024-04-21 16:00:00,-3.6072
2024-04-21 17:00:00,-3.6094
2024-04-21 18:00:00,-3.6120
2024-04-21 19:00:00,-3.6141
2024-04-21 20:00:00,-3.6165
2024-04-21 21:00:00,-3.6176
2024-04-21 22:00:00,-3.6203
2024-04-21 23:00:00,-3.6222
2024-04-22 00:00:00,-3.6239
2024-04-22 01:00:00,-3.6256
2024-04-22 02:00:00,-3.6269
2024-04-22 03:00:00,-3.6285
2024-04-22 04:00:00,-3.6297
2024-04-22 05:00:00,-3.6313
2024-04-22 06:00:00,-3.6329
2024-04-22 07:00:00,-3.6342
2024-04-22 08:00:00,-3.6359
2024-04-22 09:00:00,-3.6371
2024-04-22 10:00:00,-3.6377
2024-04-22 11:00:00,-3.6374
2024-04-22 12:00:00,-3.6371
2024-04-22 13:00:00,-3.6387
2024-04-22 14:00:00,-3.6399
2024-04-22 15:00:00,-3.6412
2024-04-22 16:00:00,-3.6425
2024-04-22 17:00:00,-3.6442
2024-04-22 18:00:00,-3.6457
2024-04-22 19:00:00,-3.6479
2024-04-22 20:00:00,-3.6499
2024-04-22 21:00:00,-3.6522
2024-04-22 22:00:00,-3.6546
2024-04-22 23:00:00,-3.6561
2024-04-23 00:00:00,-3.6579
2024-04-23 01:00:00,-3.6589
2024-04-23 02:00:00,-3.6596
2024-04-23 03:00:00,-3.6604
2024-04-23 04:00:00,-3.6615
2024-04-23 05:00:00,-3.6621
2024-04-23 06:00:00,-3.6639
2024-04-23 07:00:00,-3.6652
2024-04-23 08:00:00,-3.6660
2024-04-23 09:00:00,-3.6672
2024-04-23 10:00:00,-3.6681
2024-04-23 11:00:00,-3.6694
2024-04-23 12:00:00,-3.6701
2024-04-23 13:00:00,-3.6712
2024-04-23 14:00:00,-3.6727
2024-04-23 15:00:00,-3.6739
2024-04-23 16:00:00,-3.6756
2024-04-23 17:00:00,-3.6772
2024-04-23 18:00:00,-3.6791
2024-04-23 19:00:00,-3.6792
2024-04-23 20:00:00,-3.6756
2024-04-23 21:00:00,-3.6722
2024-04-23 22:00:00,-3.6710
2024-04-23 23:00:00,-3.6699
2024-04-24 00:00:00,-3.6681
2024-04-24 01:00:00,-3.6672
2024-04-24 02:00:00,-3.6662
2024-04-24 03:00:00,-3.6654
2024-04-24 04:00:00,-3.6649
2024-04-24 05:00:00,-3.6647
2024-04-24 06:00:00,-3.6644
2024-04-24 07:00:00,-3.6637
2024-04-24 08:00:00,-3.6639
2024-04-24 09:00:00,-3.6638
2024-04-24 10:00:00,-3.6633
2024-04-24 11:00:00,-3.6629
2024-04-24 12:00:00,-3.6624
2024-04-24 13:00:00,-3.6612
2024-04-24 14:00:00,-3.6612
2024-04-24 15:00:00,-3.6601
2024-04-24 16:00:00,-3.6601
2024-04-24 17:00:00,-3.6553
2024-04-24 18:00:00,-3.6528
2024-04-24 19:00:00,-3.6519
2024-04-24 20:00:00,-3.6500
2024-04-24 21:00:00,-3.6492
2024-04-24 22:00:00,-3.6487
2024-04-24 23:00:00,-3.6482
2024-04-25 00:00:00,-3.6475
2024-04-25 01:00:00,-3.6475
2024-04-25 02:00:00,-3.6473
2024-04-25 03:00:00,-3.6476
2024-04-25 04:00:00,-3.6482
2024-04-25 05:00:00,-3.6485
2024-04-25 06:00:00,-3.6489
2024-04-25 07:00:00,-3.6501
2024-04-25 08:00:00,-3.6514
2024-04-25 09:00:00,-3.6522
2024-04-25 10:00:00,-3.6538
2024-04-25 11:00:00,-3.6541
2024-04-25 12:00:00,-3.6547
2024-04-25 13:00:00,-3.6553
2024-04-25 14:00:00,-3.6556
2024-04-25 15:00:00,-3.6570
2024-04-25 16:00:00,-3.6589
2024-04-25 17:00:00,-3.6589
2024-04-25 18:00:00,-3.6614
2024-04-25 19:00:00,-3.6599
2024-04-25 20:00:00,-3.6571
2024-04-25 21:00:00,-3.6558
2024-04-25 22:00:00,-3.6526
2024-04-25 23:00:00,-3.6494
2024-04-26 00:00:00,-3.6467
2024-04-26 01:00:00,-3.6445
2024-04-26 02:00:00,-3.6426
2024-04-26 03:00:00,-3.6416
2024-04-26 04:00:00,-3.6408
2024-04-26 05:00:00,-3.6400
2024-04-26 06:00:00,-3.6396
2024-04-26 07:00:00,-3.6394
2024-04-26 08:00:00,-3.6401
2024-04-26 09:00:00,-3.6411
2024-04-26 10:00:00,-3.6417
2024-04-26 11:00:00,-3.6426
2024-04-26 12:00:00,-3.6441
2024-04-26 13:00:00,-3.6450
2024-04-26 14:00:00,-3.6469
2024-04-26 15:00:00,-3.6491
2024-04-26 16:00:00,-3.6500
2024-04-26 17:00:00,-3.6504
2024-04-26 18:00:00,-3.6518
2024-04-26 19:00:00,-3.6546
2024-04-26 20:00:00,-3.6569
2024-04-26 21:00:00,-3.6589
2024-04-26 22:00:00,-3.6607
2024-04-26 23:00:00,-3.6617
2024-04-27 00:00:00,-3.6632
2024-04-27 01:00:00,-3.6639
2024-04-27 02:00:00,-3.6647
2024-04-27 03:00:00,-3.6654
2024-04-27 04:00:00,-3.6658
2024-04-27 05:00:00,-3.6666
2024-04-27 06:00:00,-3.6671
2024-04-27 07:00:00,-3.6680
2024-04-27 08:00:00,-3.6689
2024-04-27 09:00:00,-3.6702
2024-04-27 10:00:00,-3.6715
2024-04-27 11:00:00,-3.6716
2024-04-27 12:00:00,-3.6716
2024-04-27 13:00:00,-3.6711
2024-04-27 14:00:00,-3.6711
2024-04-27 15:00:00,-3.6700
2024-04-27 16:00:00,-3.6699
2024-04-27 17:00:00,-3.6708
2024-04-27 18:00:00,-3.6717
2024-04-27 19:00:00,-3.6726
2024-04-27 20:00:00,-3.6734
2024-04-27 21:00:00,-3.6740
2024-04-27 22:00:00,-3.6734
2024-04-27 23:00:00,-3.6728
2024-04-28 00:00:00,-3.6733
2024-04-28 01:00:00,-3.6749
2024-04-28 02:00:00,-3.6757
2024-04-28 03:00:00,-3.6764
2024-04-28 04:00:00,-3.6764
2024-04-28 05:00:00,-3.6772
2024-04-28 06:00:00,-3.6784
2024-04-28 07:00:00,-3.6789
2024-04-28 08:00:00,-3.6800
2024-04-28 09:00:00,-3.6813
2024-04-28 10:00:00,-3.6840
2024-04-28 11:00:00,-3.6868
2024-04-28 12:00:00,-3.6901
2024-04-28 13:00:00,-3.6931
2024-04-28 14:00:00,-3.6962
2024-04-28 15:00:00,-3.6983
2024-04-28 16:00:00,-3.7024
2024-04-28 17:00:00,-3.7070
2024-04-28 18:00:00,-3.7115
2024-04-28 19:00:00,-3.7133
2024-04-28 20:00:00,-3.7137
2024-04-28 21:00:00,-3.7136
2024-04-28 22:00:00,-3.7130
2024-04-28 23:00:00,-3.7117
2024-04-29 00:00:00,-3.7115
2024-04-29 01:00:00,-3.7115
2024-04-29 02:00:00,-3.7117
2024-04-29 03:00:00,-3.7119
2024-04-29 04:00:00,-3.7124
2024-04-29 05:00:00,-3.7133
2024-04-29 06:00:00,-3.7144
2024-04-29 07:00:00,-3.7148
2024-04-29 08:00:00,-3.7161
2024-04-29 09:00:00,-3.7180
2024-04-29 10:00:00,-3.7193
2024-04-29 11:00:00,-3.7206
2024-04-29 12:00:00,-3.7222
2024-04-29 13:00:00,-3.7234
2024-04-29 14:00:00,-3.7234
2024-04-29 15:00:00,-3.7270
2024-04-29 16:00:00,-3.7288
2024-04-29 17:00:00,-3.7302
2024-04-29 18:00:00,-3.7321
2024-04-29 19:00:00,-3.7332
2024-04-29 20:00:00,-3.7342
2024-04-29 21:00:00,-3.7353
2024-04-29 22:00:00,-3.7368
2024-04-29 23:00:00,-3.7377
2024-04-30 00:00:00,-3.7384
2024-04-30 01:00:00,-3.7391
2024-04-30 02:00:00,-3.7397
2024-04-30 03:00:00,-3.7399
2024-04-30 04:00:00,-3.7404
2024-04-30 05:00:00,-3.7406
2024-04-30 06:00:00,-3.7411
2024-04-30 07:00:00,-3.7416
2024-04-30 08:00:00,-3.7409
2024-04-30 09:00:00,-3.7400
2024-04-30 10:00:00,-3.7395
2024-04-30 11:00:00,-3.7410
2024-04-30 12:00:00,-3.7428
2024-04-30 13:00:00,-3.7443
2024-04-30 14:00:00,-3.7458
2024-04-30 15:00:00,-3.7469
2024-04-30 16:00:00,-3.7481
2024-04-30 17:00:00,-3.7491
2024-04-30 18:00:00,-3.7497
2024-04-30 19:00:00,-3.7497
2024-04-30 20:00:00,-3.7506
2024-04-30 21:00:00,-3.7515
2024-04-30 22:00:00,-3.7531
2024-04-30 23:00:00,-3.7542
2024-05-01 00:00:00,-3.7548
2024-05-01 01:00:00,-3.7555
2024-05-01 02:00:00,-3.7561
2024-05-01 03:00:00,-3.7565
2024-05-01 04:00:00,-3.7559
2024-05-01 05:00:00,-3.7516
2024-05-01 06:00:00,-3.7467
2024-05-01 07:00:00,-3.7401
2024-05-01 08:00:00,-3.7335
2024-05-01 09:00:00,-3.7287
2024-05-01 10:00:00,-3.7246
2024-05-01 11:00:00,-3.7225
2024-05-01 12:00:00,-3.7200
2024-05-01 13:00:00,-3.7190
2024-05-01 14:00:00,-3.7190
2024-05-01 15:00:00,-3.7187
2024-05-01 16:00:00,-3.7186
2024-05-01 17:00:00,-3.7198
2024-05-01 18:00:00,-3.7209
2024-05-01 19:00:00,-3.7222
2024-05-01 20:00:00,-3.7239
2024-05-01 21:00:00,-3.7251
2024-05-01 22:00:00,-3.7266
2024-05-01 23:00:00,-3.7275
2024-05-02 00:00:00,-3.7286
2024-05-02 01:00:00,-3.7296
2024-05-02 02:00:00,-3.7303
2024-05-02 03:00:00,-3.7308
2024-05-02 04:00:00,-3.7315
2024-05-02 05:00:00,-3.7322
2024-05-02 06:00:00,-3.7328
2024-05-02 07:00:00,-3.7329
2024-05-02 08:00:00,-3.7333
2024-05-02 09:00:00,-3.7337
2024-05-02 10:00:00,-3.7336
2024-05-02 11:00:00,-3.7344
2024-05-02 12:00:00,-3.7355
2024-05-02 13:00:00,-3.7370
2024-05-02 14:00:00,-3.7392
2024-05-02 15:00:00,-3.7415
2024-05-02 16:00:00,-3.7438
2024-05-02 17:00:00,-3.7464
2024-05-02 18:00:00,-3.7487
2024-05-02 19:00:00,-3.7522
2024-05-02 20:00:00,-3.7547
2024-05-02 21:00:00,-3.7568
2024-05-02 22:00:00,-3.7593
2024-05-02 23:00:00,-3.7617
2024-05-03 00:00:00,-3.7639
2024-05-03 01:00:00,-3.7658
2024-05-03 02:00:00,-3.7672
2024-05-03 03:00:00,-3.7671
2024-05-03 04:00:00,-3.7677
2024-05-03 05:00:00,-3.7679
2024-05-03 06:00:00,-3.7684
2024-05-03 07:00:00,-3.7694
2024-05-03 08:00:00,-3.7699
2024-05-03 09:00:00,-3.7696
2024-05-03 10:00:00,-3.7678
2024-05-03 11:00:00,-3.7660
2024-05-03 12:00:00,-3.7668
2024-05-03 13:00:00,-3.7681
2024-05-03 14:00:00,-3.7681
2024-05-03 15:00:00,-3.7699
2024-05-03 16:00:00,-3.7699
2024-05-03 17:00:00,-3.7715
2024-05-03 18:00:00,-3.7712
2024-05-03 19:00:00,-3.7714
2024-05-03 20:00:00,-3.7711
2024-05-03 21:00:00,-3.7713
2024-05-03 22:00:00,-3.7695
2024-05-03 23:00:00,-3.7679
2024-05-04 00:00:00,-3.7667
2024-05-04 01:00:00,-3.7654
2024-05-04 02:00:00,-3.7651
2024-05-04 03:00:00,-3.7649
2024-05-04 04:00:00,-3.7649
2024-05-04 05:00:00,-3.7649
2024-05-04 06:00:00,-3.7653
2024-05-04 07:00:00,-3.7657
2024-05-04 08:00:00,-3.7661
2024-05-04 09:00:00,-3.7667
2024-05-04 10:00:00,-3.7677
2024-05-04 11:00:00,-3.7680
2024-05-04 12:00:00,-3.7685
2024-05-04 13:00:00,-3.7695
2024-05-04 14:00:00,-3.7708
2024-05-04 15:00:00,-3.7719
2024-05-04 16:00:00,-3.7729
2024-05-04 17:00:00,-3.7741
2024-05-04 18:00:00,-3.7746
2024-05-04 19:00:00,-3.7756
2024-05-04 20:00:00,-3.7766
2024-05-04 21:00:00,-3.7768
2024-05-04 22:00:00,-3.7761
2024-05-04 23:00:00,-3.7727
2024-05-05 00:00:00,-3.7703
2024-05-05 01:00:00,-3.7666
2024-05-05 02:00:00,-3.7598
2024-05-05 03:00:00,-3.7478
2024-05-05 04:00:00,-3.7338
2024-05-05 05:00:00,-3.7136
2024-05-05 06:00:00,-3.6967
2024-05-05 07:00:00,-3.6821
2024-05-05 08:00:00,-3.6714
2024-05-05 09:00:00,-3.6635
2024-05-05 10:00:00,-3.6582
2024-05-05 11:00:00,-3.6543
2024-05-05 12:00:00,-3.6514
2024-05-05 13:00:00,-3.6496
2024-05-05 14:00:00,-3.6489
2024-05-05 15:00:00,-3.6491
2024-05-05 16:00:00,-3.6499
2024-05-05 17:00:00,-3.6512
2024-05-05 18:00:00,-3.6530
2024-05-05 19:00:00,-3.6521
2024-05-05 20:00:00,-3.6521
2024-05-05 21:00:00,-3.6533
2024-05-05 22:00:00,-3.6548
2024-05-05 23:00:00,-3.6563
2024-05-06 00:00:00,-3.6575
2024-05-06 01:00:00,-3.6588
2024-05-06 02:00:00,-3.6596
2024-05-06 03:00:00,-3.6607
2024-05-06 04:00:00,-3.6623
2024-05-06 05:00:00,-3.6636
2024-05-06 06:00:00,-3.6652
2024-05-06 07:00:00,-3.6663
2024-05-06 08:00:00,-3.6677
2024-05-06 09:00:00,-3.6682
2024-05-06 10:00:00,-3.6697
2024-05-06 11:00:00,-3.6707
2024-05-06 12:00:00,-3.6716
2024-05-06 13:00:00,-3.6730
2024-05-06 14:00:00,-3.6746
2024-05-06 15:00:00,-3.6763
2024-05-06 16:00:00,-3.6782
2024-05-06 17:00:00,-3.6804
2024-05-06 18:00:00,-3.6832
2024-05-06 19:00:00,-3.6856
2024-05-06 20:00:00,-3.6877
2024-05-06 21:00:00,-3.6903
2024-05-06 22:00:00,-3.6920
2024-05-06 23:00:00,-3.6937
2024-05-07 00:00:00,-3.6952
2024-05-07 01:00:00,-3.6964
2024-05-07 02:00:00,-3.6982
2024-05-07 03:00:00,-3.6992
2024-05-07 04:00:00,-3.7006
2024-05-07 05:00:00,-3.7023
2024-05-07 06:00:00,-3.7036
2024-05-07 07:00:00,-3.7055
2024-05-07 08:00:00,-3.7054
2024-05-07 09:00:00,-3.7053
2024-05-07 10:00:00,-3.7060
2024-05-07 11:00:00,-3.7081
2024-05-07 12:00:00,-3.7102
2024-05-07 13:00:00,-3.7122
2024-05-07 14:00:00,-3.7122
2024-05-07 15:00:00,-3.7155
2024-05-07 16:00:00,-3.7178
2024-05-07 17:00:00,-3.7199
2024-05-07 18:00:00,-3.7221
2024-05-07 19:00:00,-3.7249
2024-05-07 20:00:00,-3.7275
2024-05-07 21:00:00,-3.7297
2024-05-07 22:00:00,-3.7322
2024-05-07 23:00:00,-3.7340
2024-05-08 00:00:00,-3.7356
2024-05-08 01:00:00,-3.7371
2024-05-08 02:00:00,-3.7377
2024-05-08 03:00:00,-3.7390
2024-05-08 04:00:00,-3.7402
2024-05-08 05:00:00,-3.7413
2024-05-08 06:00:00,-3.7428
2024-05-08 07:00:00,-3.7440
2024-05-08 08:00:00,-3.7452
2024-05-08 09:00:00,-3.7462
2024-05-08 10:00:00,-3.7471
2024-05-08 11:00:00,-3.7480
2024-05-08 12:00:00,-3.7487
2024-05-08 13:00:00,-3.7494
2024-05-08 14:00:00,-3.7501
2024-05-08 15:00:00,-3.7507
2024-05-08 16:00:00,-3.7516
2024-05-08 17:00:00,-3.7525
2024-05-08 18:00:00,-3.7538
2024-05-08 19:00:00,-3.7552
2024-05-08 20:00:00,-3.7566
2024-05-08 21:00:00,-3.7576
2024-05-08 22:00:00,-3.7589
2024-05-08 23:00:00,-3.7600
2024-05-09 00:00:00,-3.7607
2024-05-09 01:00:00,-3.7617
2024-05-09 02:00:00,-3.7620
2024-05-09 03:00:00,-3.7624
2024-05-09 04:00:00,-3.7628
2024-05-09 05:00:00,-3.7636
2024-05-09 06:00:00,-3.7646
2024-05-09 07:00:00,-3.7653
2024-05-09 08:00:00,-3.7662
2024-05-09 09:00:00,-3.7670
2024-05-09 10:00:00,-3.7682
2024-05-09 11:00:00,-3.7692
2024-05-09 12:00:00,-3.7698
2024-05-09 13:00:00,-3.7705
2024-05-09 14:00:00,-3.7711
2024-05-09 15:00:00,-3.7718
2024-05-09 16:00:00,-3.7724
2024-05-09 17:00:00,-3.7736
2024-05-09 18:00:00,-3.7748
2024-05-09 19:00:00,-3.7763
2024-05-09 20:00:00,-3.7773
2024-05-09 21:00:00,-3.7784
2024-05-09 22:00:00,-3.7794
2024-05-09 23:00:00,-3.7798
2024-05-10 00:00:00,-3.7804
2024-05-10 01:00:00,-3.7809
2024-05-10 02:00:00,-3.7813
2024-05-10 03:00:00,-3.7817
2024-05-10 04:00:00,-3.7819
2024-05-10 05:00:00,-3.7825
2024-05-10 06:00:00,-3.7828
2024-05-10 07:00:00,-3.7834
2024-05-10 08:00:00,-3.7837
2024-05-10 09:00:00,-3.7824
2024-05-10 10:00:00,-3.7814
2024-05-10 11:00:00,-3.7828
2024-05-10 12:00:00,-3.7838
2024-05-10 13:00:00,-3.7853
2024-05-10 14:00:00,-3.7865
2024-05-10 15:00:00,-3.7872
2024-05-10 16:00:00,-3.7879
2024-05-10 17:00:00,-3.7884
2024-05-10 18:00:00,-3.7898
2024-05-10 19:00:00,-3.7908
2024-05-10 20:00:00,-3.7918
2024-05-10 21:00:00,-3.7928
2024-05-10 22:00:00,-3.7938
2024-05-10 23:00:00,-3.7946
2024-05-11 00:00:00,-3.7951
2024-05-11 01:00:00,-3.7957
2024-05-11 02:00:00,-3.7961
2024-05-11 03:00:00,-3.7963
2024-05-11 04:00:00,-3.7964
2024-05-11 05:00:00,-3.7970
2024-05-11 06:00:00,-3.7970
2024-05-11 07:00:00,-3.7974
2024-05-11 08:00:00,-3.7980
2024-05-11 09:00:00,-3.7984
2024-05-11 10:00:00,-3.7988
2024-05-11 11:00:00,-3.7990
2024-05-11 12:00:00,-3.7990
2024-05-11 13:00:00,-3.7996
2024-05-11 14:00:00,-3.8001
2024-05-11 15:00:00,-3.8006
2024-05-11 16:00:00,-3.8015
2024-05-11 17:00:00,-3.8019
2024-05-11 18:00:00,-3.8025
2024-05-11 19:00:00,-3.8032
2024-05-11 20:00:00,-3.8039
2024-05-11 21:00:00,-3.8051
2024-05-11 22:00:00,-3.8067
2024-05-11 23:00:00,-3.8069
2024-05-12 00:00:00,-3.8072
2024-05-12 01:00:00,-3.8077
2024-05-12 02:00:00,-3.8079
2024-05-12 03:00:00,-3.8079
2024-05-12 04:00:00,-3.8080
2024-05-12 05:00:00,-3.8082
2024-05-12 06:00:00,-3.8082
2024-05-12 07:00:00,-3.8084
2024-05-12 08:00:00,-3.8086
2024-05-12 09:00:00,-3.8090
2024-05-12 10:00:00,-3.8093
2024-05-12 11:00:00,-3.8092
2024-05-12 12:00:00,-3.8095
2024-05-12 13:00:00,-3.8096
2024-05-12 14:00:00,-3.8100
2024-05-12 15:00:00,-3.8109
2024-05-12 16:00:00,-3.8108
2024-05-12 17:00:00,-3.8108
2024-05-12 18:00:00,-3.8117
2024-05-12 19:00:00,-3.8122
2024-05-12 20:00:00,-3.8130
2024-05-12 21:00:00,-3.8140
2024-05-12 22:00:00,-3.8148
2024-05-12 23:00:00,-3.8153
2024-05-13 00:00:00,-3.8154
2024-05-13 01:00:00,-3.8158
2024-05-13 02:00:00,-3.8160
2024-05-13 03:00:00,-3.8166
2024-05-13 04:00:00,-3.8169
2024-05-13 05:00:00,-3.8170
2024-05-13 06:00:00,-3.8170
2024-05-13 07:00:00,-3.8172
2024-05-13 08:00:00,-3.8174
2024-05-13 09:00:00,-3.8181
2024-05-13 10:00:00,-3.8184
2024-05-13 11:00:00,-3.8192
2024-05-13 12:00:00,-3.8195
2024-05-13 13:00:00,-3.8204
2024-05-13 14:00:00,-3.8217
2024-05-13 15:00:00,-3.8222
2024-05-13 16:00:00,-3.8227
2024-05-13 17:00:00,-3.8229
2024-05-13 18:00:00,-3.8229
2024-05-13 19:00:00,-3.8232
2024-05-13 20:00:00,-3.8235
2024-05-13 21:00:00,-3.8233
2024-05-13 22:00:00,-3.8236
2024-05-13 23:00:00,-3.8237
2024-05-14 00:00:00,-3.8242
2024-05-14 01:00:00,-3.8242
2024-05-14 02:00:00,-3.8238
2024-05-14 03:00:00,-3.8238
2024-05-14 04:00:00,-3.8236
2024-05-14 05:00:00,-3.8233
2024-05-14 06:00:00,-3.8231
2024-05-14 07:00:00,-3.8229
2024-05-14 08:00:00,-3.8232
2024-05-14 09:00:00,-3.8231
2024-05-14 10:00:00,-3.8236
2024-05-14 11:00:00,-3.8237
2024-05-14 12:00:00,-3.8241
2024-05-14 13:00:00,-3.8246
2024-05-14 14:00:00,-3.8254
2024-05-14 15:00:00,-3.8265
2024-05-14 16:00:00,-3.8278
2024-05-14 17:00:00,-3.8287
2024-05-14 18:00:00,-3.8294
2024-05-14 19:00:00,-3.8297
2024-05-14 20:00:00,-3.8300
2024-05-14 21:00:00,-3.8299
2024-05-14 22:00:00,-3.8296
2024-05-14 23:00:00,-3.8297
2024-05-15 00:00:00,-3.8298
2024-05-15 01:00:00,-3.8296
2024-05-15 02:00:00,-3.8295
2024-05-15 03:00:00,-3.8291
2024-05-15 04:00:00,-3.8287
2024-05-15 05:00:00,-3.8287
2024-05-15 06:00:00,-3.8285
2024-05-15 07:00:00,-3.8281
2024-05-15 08:00:00,-3.8267
2024-05-15 09:00:00,-3.8246
2024-05-15 10:00:00,-3.8235
2024-05-15 11:00:00,-3.8249
2024-05-15 12:00:00,-3.8260
2024-05-15 13:00:00,-3.8268
2024-05-15 14:00:00,-3.8273
2024-05-15 15:00:00,-3.8279
2024-05-15 16:00:00,-3.8289
2024-05-15 17:00:00,-3.8296
2024-05-15 18:00:00,-3.8275
2024-05-15 19:00:00,-3.8262
2024-05-15 20:00:00,-3.8253
2024-05-15 21:00:00,-3.8235
2024-05-15 22:00:00,-3.8217
2024-05-15 23:00:00,-3.8203
2024-05-16 00:00:00,-3.8191
2024-05-16 01:00:00,-3.8171
2024-05-16 02:00:00,-3.8150
2024-05-16 03:00:00,-3.8134
2024-05-16 04:00:00,-3.8114
2024-05-16 05:00:00,-3.8093
2024-05-16 06:00:00,-3.8076
2024-05-16 07:00:00,-3.8061
2024-05-16 08:00:00,-3.8044
2024-05-16 09:00:00,-3.8028
2024-05-16 10:00:00,-3.8015
2024-05-16 11:00:00,-3.8003
2024-05-16 12:00:00,-3.7994
2024-05-16 13:00:00,-3.7995
2024-05-16 14:00:00,-3.7990
2024-05-16 15:00:00,-3.7987
2024-05-16 16:00:00,-3.7992
2024-05-16 17:00:00,-3.8001
2024-05-16 18:00:00,-3.8013
2024-05-16 19:00:00,-3.8018
2024-05-16 20:00:00,-3.8022
2024-05-16 21:00:00,-3.8026
2024-05-16 22:00:00,-3.8029
2024-05-16 23:00:00,-3.8033
2024-05-17 00:00:00,-3.8036
2024-05-17 01:00:00,-3.8038
2024-05-17 02:00:00,-3.8045
2024-05-17 03:00:00,-3.8046
2024-05-17 04:00:00,-3.8047
2024-05-17 05:00:00,-3.8051
2024-05-17 06:00:00,-3.8051
2024-05-17 07:00:00,-3.8040
2024-05-17 08:00:00,-3.8015
2024-05-17 09:00:00,-3.8014
2024-05-17 10:00:00,-3.8026
2024-05-17 11:00:00,-3.8035
2024-05-17 12:00:00,-3.8040
2024-05-17 13:00:00,-3.8050
2024-05-17 14:00:00,-3.8061
2024-05-17 15:00:00,-3.8064
2024-05-17 16:00:00,-3.8076
2024-05-17 17:00:00,-3.8084
2024-05-17 18:00:00,-3.8093
2024-05-17 19:00:00,-3.8102
2024-05-17 20:00:00,-3.8113
2024-05-17 21:00:00,-3.8111
2024-05-17 22:00:00,-3.8119
2024-05-17 23:00:00,-3.8124
2024-05-18 00:00:00,-3.8128
2024-05-18 01:00:00,-3.8135
2024-05-18 02:00:00,-3.8134
2024-05-18 03:00:00,-3.8138
2024-05-18 04:00:00,-3.8141
2024-05-18 05:00:00,-3.8142
2024-05-18 06:00:00,-3.8145
2024-05-18 07:00:00,-3.8150
2024-05-18 08:00:00,-3.8151
2024-05-18 09:00:00,-3.8153
2024-05-18 10:00:00,-3.8160
2024-05-18 11:00:00,-3.8167
2024-05-18 12:00:00,-3.8173
2024-05-18 13:00:00,-3.8180
2024-05-18 14:00:00,-3.8191
2024-05-18 15:00:00,-3.8199
2024-05-18 16:00:00,-3.8206
2024-05-18 17:00:00,-3.8214
2024-05-18 18:00:00,-3.8224
2024-05-18 19:00:00,-3.8232
2024-05-18 20:00:00,-3.8237
2024-05-18 21:00:00,-3.8242
2024-05-18 22:00:00,-3.8249
2024-05-18 23:00:00,-3.8254
2024-05-19 00:00:00,-3.8262
2024-05-19 01:00:00,-3.8265
2024-05-19 02:00:00,-3.8265
2024-05-19 03:00:00,-3.8270
2024-05-19 04:00:00,-3.8278
2024-05-19 05:00:00,-3.8281
2024-05-19 06:00:00,-3.8288
2024-05-19 07:00:00,-3.8288
2024-05-19 08:00:00,-3.8292
2024-05-19 09:00:00,-3.8292
2024-05-19 10:00:00,-3.8290
2024-05-19 11:00:00,-3.8287
2024-05-19 12:00:00,-3.8289
2024-05-19 13:00:00,-3.8295
2024-05-19 14:00:00,-3.8301
2024-05-19 15:00:00,-3.8305
2024-05-19 16:00:00,-3.8306
2024-05-19 17:00:00,-3.8308
2024-05-19 18:00:00,-3.8308
2024-05-19 19:00:00,-3.8315
2024-05-19 20:00:00,-3.8324
2024-05-19 21:00:00,-3.8337
2024-05-19 22:00:00,-3.8352
2024-05-19 23:00:00,-3.8363
2024-05-20 00:00:00,-3.8370
2024-05-20 01:00:00,-3.8377
2024-05-20 02:00:00,-3.8384
2024-05-20 03:00:00,-3.8388
2024-05-20 04:00:00,-3.8394
2024-05-20 05:00:00,-3.8396
2024-05-20 06:00:00,-3.8398
2024-05-20 07:00:00,-3.8401
2024-05-20 08:00:00,-3.8400
2024-05-20 09:00:00,-3.8399
2024-05-20 10:00:00,-3.8399
2024-05-20 11:00:00,-3.8395
2024-05-20 12:00:00,-3.8393
2024-05-20 13:00:00,-3.8392
2024-05-20 14:00:00,-3.8389
2024-05-20 15:00:00,-3.8389
2024-05-20 16:00:00,-3.8388
2024-05-20 17:00:00,-3.8388
2024-05-20 18:00:00,-3.8388
2024-05-20 19:00:00,-3.8391
2024-05-20 20:00:00,-3.8399
2024-05-20 21:00:00,-3.8403
2024-05-20 22:00:00,-3.8406
2024-05-20 23:00:00,-3.8413
2024-05-21 00:00:00,-3.8413
2024-05-21 01:00:00,-3.8415
2024-05-21 02:00:00,-3.8416
2024-05-21 03:00:00,-3.8413
2024-05-21 04:00:00,-3.8419
2024-05-21 05:00:00,-3.8422
2024-05-21 06:00:00,-3.8422
2024-05-21 07:00:00,-3.8423
2024-05-21 08:00:00,-3.8421
2024-05-21 09:00:00,-3.8421
2024-05-21 10:00:00,-3.8422
2024-05-21 11:00:00,-3.8419
2024-05-21 12:00:00,-3.8415
2024-05-21 13:00:00,-3.8417
2024-05-21 14:00:00,-3.8421
2024-05-21 15:00:00,-3.8422
2024-05-21 16:00:00,-3.8434
2024-05-21 17:00:00,-3.8444
2024-05-21 18:00:00,-3.8452
2024-05-21 19:00:00,-3.8445
2024-05-21 20:00:00,-3.8430
2024-05-21 21:00:00,-3.8445
2024-05-21 22:00:00,-3.8417
2024-05-21 23:00:00,-3.8379
2024-05-22 00:00:00,-3.8295
2024-05-22 01:00:00,-3.8187
2024-05-22 02:00:00,-3.8046
2024-05-22 03:00:00,-3.7841
2024-05-22 04:00:00,-3.7544
2024-05-22 05:00:00,-3.7233
2024-05-22 06:00:00,-3.7008
2024-05-22 07:00:00,-3.6845
2024-05-22 08:00:00,-3.6731
2024-05-22 09:00:00,-3.6655
2024-05-22 10:00:00,-3.6619
2024-05-22 11:00:00,-3.6595
2024-05-22 12:00:00,-3.6588
2024-05-22 13:00:00,-3.6581
2024-05-22 14:00:00,-3.6561
2024-05-22 15:00:00,-3.6559
2024-05-22 16:00:00,-3.6562
2024-05-22 17:00:00,-3.6570
2024-05-22 18:00:00,-3.6579
2024-05-22 19:00:00,-3.6593
2024-05-22 20:00:00,-3.6607
2024-05-22 21:00:00,-3.6623
2024-05-22 22:00:00,-3.6642
2024-05-22 23:00:00,-3.6649
2024-05-23 00:00:00,-3.6661
2024-05-23 01:00:00,-3.6671
2024-05-23 02:00:00,-3.6680
2024-05-23 03:00:00,-3.6695
2024-05-23 04:00:00,-3.6701
2024-05-23 05:00:00,-3.6709
2024-05-23 06:00:00,-3.6730
2024-05-23 07:00:00,-3.6751
2024-05-23 08:00:00,-3.6768
2024-05-23 09:00:00,-3.6787
2024-05-23 10:00:00,-3.6808
2024-05-23 11:00:00,-3.6825
2024-05-23 12:00:00,-3.6853
2024-05-23 13:00:00,-3.6875
2024-05-23 14:00:00,-3.6897
2024-05-23 15:00:00,-3.6923
2024-05-23 16:00:00,-3.6957
2024-05-23 17:00:00,-3.6980
2024-05-23 18:00:00,-3.7000
2024-05-23 19:00:00,-3.7023
2024-05-23 20:00:00,-3.7043
2024-05-23 21:00:00,-3.7062
2024-05-23 22:00:00,-3.7075
2024-05-23 23:00:00,-3.7086
2024-05-24 00:00:00,-3.7103
2024-05-24 01:00:00,-3.7113
2024-05-24 02:00:00,-3.7123
2024-05-24 03:00:00,-3.7135
2024-05-24 04:00:00,-3.7147
2024-05-24 05:00:00,-3.7156
2024-05-24 06:00:00,-3.7156
2024-05-24 07:00:00,-3.7178
2024-05-24 08:00:00,-3.7198
2024-05-24 09:00:00,-3.7211
2024-05-24 10:00:00,-3.7226
2024-05-24 11:00:00,-3.7241
2024-05-24 12:00:00,-3.7255
2024-05-24 13:00:00,-3.7268
2024-05-24 14:00:00,-3.7285
2024-05-24 15:00:00,-3.7299
2024-05-24 16:00:00,-3.7311
2024-05-24 17:00:00,-3.7320
2024-05-24 18:00:00,-3.7331
2024-05-24 19:00:00,-3.7345
2024-05-24 20:00:00,-3.7358
2024-05-24 21:00:00,-3.7371
2024-05-24 22:00:00,-3.7336
2024-05-24 23:00:00,-3.7222
2024-05-25 00:00:00,-3.6928
2024-05-25 01:00:00,-3.6598
2024-05-25 02:00:00,-3.6354
2024-05-25 03:00:00,-3.6171
2024-05-25 04:00:00,-3.6024
2024-05-25 05:00:00,-3.5902
2024-05-25 06:00:00,-3.5793
2024-05-25 07:00:00,-3.5683
2024-05-25 08:00:00,-3.5608
2024-05-25 09:00:00,-3.5565
2024-05-25 10:00:00,-3.5542
2024-05-25 11:00:00,-3.5530
2024-05-25 12:00:00,-3.5525
2024-05-25 13:00:00,-3.5528
2024-05-25 14:00:00,-3.5542
2024-05-25 15:00:00,-3.5550
2024-05-25 16:00:00,-3.5574
2024-05-25 17:00:00,-3.5589
2024-05-25 18:00:00,-3.5613
2024-05-25 19:00:00,-3.5626
2024-05-25 20:00:00,-3.5645
2024-05-25 21:00:00,-3.5659
2024-05-25 22:00:00,-3.5685
2024-05-25 23:00:00,-3.5705
2024-05-26 00:00:00,-3.5726
2024-05-26 01:00:00,-3.5744
2024-05-26 02:00:00,-3.5763
2024-05-26 03:00:00,-3.5775
2024-05-26 04:00:00,-3.5787
2024-05-26 05:00:00,-3.5807
2024-05-26 06:00:00,-3.5833
2024-05-26 07:00:00,-3.5858
2024-05-26 08:00:00,-3.5886
2024-05-26 09:00:00,-3.5912
2024-05-26 10:00:00,-3.5940
2024-05-26 11:00:00,-3.5964
2024-05-26 12:00:00,-3.5989
2024-05-26 13:00:00,-3.6014
2024-05-26 14:00:00,-3.6033
2024-05-26 15:00:00,-3.6056
2024-05-26 16:00:00,-3.6078
2024-05-26 17:00:00,-3.6093
2024-05-26 18:00:00,-3.6105
2024-05-26 19:00:00,-3.6129
2024-05-26 20:00:00,-3.6135
2024-05-26 21:00:00,-3.6171
2024-05-26 22:00:00,-3.6195
2024-05-26 23:00:00,-3.6212
2024-05-27 00:00:00,-3.6235
2024-05-27 01:00:00,-3.6252
2024-05-27 02:00:00,-3.6269
2024-05-27 03:00:00,-3.6289
2024-05-27 04:00:00,-3.6309
2024-05-27 05:00:00,-3.6324
2024-05-27 06:00:00,-3.6347
2024-05-27 07:00:00,-3.6363
2024-05-27 08:00:00,-3.6385
2024-05-27 09:00:00,-3.6414
2024-05-27 10:00:00,-3.6439
2024-05-27 11:00:00,-3.6463
2024-05-27 12:00:00,-3.6485
2024-05-27 13:00:00,-3.6506
2024-05-27 14:00:00,-3.6506
2024-05-27 15:00:00,-3.6538
2024-05-27 16:00:00,-3.6538
2024-05-27 17:00:00,-3.6590
2024-05-27 18:00:00,-3.6622
2024-05-27 19:00:00,-3.6648
2024-05-27 20:00:00,-3.6671
2024-05-27 21:00:00,-3.6693
2024-05-27 22:00:00,-3.6719
2024-05-27 23:00:00,-3.6738
2024-05-28 00:00:00,-3.6756
2024-05-28 01:00:00,-3.6768
2024-05-28 02:00:00,-3.6785
2024-05-28 03:00:00,-3.6799
2024-05-28 04:00:00,-3.6818
2024-05-28 05:00:00,-3.6830
2024-05-28 06:00:00,-3.6846
2024-05-28 07:00:00,-3.6862
2024-05-28 08:00:00,-3.6884
2024-05-28 09:00:00,-3.6904
2024-05-28 10:00:00,-3.6923
2024-05-28 11:00:00,-3.6945
2024-05-28 12:00:00,-3.6966
2024-05-28 13:00:00,-3.6982
2024-05-28 14:00:00,-3.7003
2024-05-28 15:00:00,-3.7022
2024-05-28 16:00:00,-3.7039
2024-05-28 17:00:00,-3.7059
2024-05-28 18:00:00,-3.7070
2024-05-28 19:00:00,-3.7073
2024-05-28 20:00:00,-3.7063
2024-05-28 21:00:00,-3.7034
2024-05-28 22:00:00,-3.6981
2024-05-28 23:00:00,-3.6915
2024-05-29 00:00:00,-3.6866
2024-05-29 01:00:00,-3.6822
2024-05-29 02:00:00,-3.6777
2024-05-29 03:00:00,-3.6709
2024-05-29 04:00:00,-3.6603
2024-05-29 05:00:00,-3.6487
2024-05-29 06:00:00,-3.6367
2024-05-29 07:00:00,-3.6243
2024-05-29 08:00:00,-3.6128
2024-05-29 09:00:00,-3.6021
2024-05-29 10:00:00,-3.5932
2024-05-29 11:00:00,-3.5867
2024-05-29 12:00:00,-3.5826
2024-05-29 13:00:00,-3.5794
2024-05-29 14:00:00,-3.5778
2024-05-29 15:00:00,-3.5771
2024-05-29 16:00:00,-3.5778
2024-05-29 17:00:00,-3.5787
2024-05-29 18:00:00,-3.5791
2024-05-29 19:00:00,-3.5802
2024-05-29 20:00:00,-3.5820
2024-05-29 21:00:00,-3.5846
2024-05-29 22:00:00,-3.5864
2024-05-29 23:00:00,-3.5883
2024-05-30 00:00:00,-3.5889
2024-05-30 01:00:00,-3.5892
2024-05-30 02:00:00,-3.5911
2024-05-30 03:00:00,-3.5927
2024-05-30 04:00:00,-3.5943
2024-05-30 05:00:00,-3.5960
2024-05-30 06:00:00,-3.5976
2024-05-30 07:00:00,-3.5999
2024-05-30 08:00:00,-3.6015
2024-05-30 09:00:00,-3.6038
2024-05-30 10:00:00,-3.6058
2024-05-30 11:00:00,-3.6076
2024-05-30 12:00:00,-3.6092
2024-05-30 13:00:00,-3.6118
2024-05-30 14:00:00,-3.6118
2024-05-30 15:00:00,-3.6180
2024-05-30 16:00:00,-3.6180
2024-05-30 17:00:00,-3.6234
2024-05-30 18:00:00,-3.6262
2024-05-30 19:00:00,-3.6288
2024-05-30 20:00:00,-3.6316
2024-05-30 21:00:00,-3.6341
2024-05-30 22:00:00,-3.6362
2024-05-30 23:00:00,-3.6383
2024-05-31 00:00:00,-3.6394
2024-05-31 01:00:00,-3.6412
2024-05-31 02:00:00,-3.6427
2024-05-31 03:00:00,-3.6442
2024-05-31 04:00:00,-3.6456
2024-05-31 05:00:00,-3.6473
2024-05-31 06:00:00,-3.6474
2024-05-31 07:00:00,-3.6480
2024-05-31 08:00:00,-3.6496
2024-05-31 09:00:00,-3.6520
2024-05-31 10:00:00,-3.6544
2024-05-31 11:00:00,-3.6569
2024-05-31 12:00:00,-3.6580
2024-05-31 13:00:00,-3.6600
2024-05-31 14:00:00,-3.6617
2024-05-31 15:00:00,-3.6636
2024-05-31 16:00:00,-3.6653
2024-05-31 17:00:00,-3.6672
2024-05-31 18:00:00,-3.6694
2024-05-31 19:00:00,-3.6716
2024-05-31 20:00:00,-3.6741
2024-05-31 21:00:00,-3.6761
2024-05-31 22:00:00,-3.6783
2024-05-31 23:00:00,-3.6805
2024-06-01 00:00:00,-3.6822
2024-06-01 01:00:00,-3.6843
2024-06-01 02:00:00,-3.6847
2024-06-01 03:00:00,-3.6855
2024-06-01 04:00:00,-3.6863
2024-06-01 05:00:00,-3.6868
2024-06-01 06:00:00,-3.6875
2024-06-01 07:00:00,-3.6886
2024-06-01 08:00:00,-3.6885
2024-06-01 09:00:00,-3.6877
2024-06-01 10:00:00,-3.6873
2024-06-01 11:00:00,-3.6861
2024-06-01 12:00:00,-3.6857
2024-06-01 13:00:00,-3.6857
2024-06-01 14:00:00,-3.6857
2024-06-01 15:00:00,-3.6877
2024-06-01 16:00:00,-3.6877
2024-06-01 17:00:00,-3.6910
2024-06-01 18:00:00,-3.6916
2024-06-01 19:00:00,-3.6920
2024-06-01 20:00:00,-3.6936
2024-06-01 21:00:00,-3.6956
2024-06-01 22:00:00,-3.6976
2024-06-01 23:00:00,-3.6990
2024-06-02 00:00:00,-3.7011
2024-06-02 01:00:00,-3.7024
2024-06-02 02:00:00,-3.7028
2024-06-02 03:00:00,-3.7043
2024-06-02 04:00:00,-3.7064
2024-06-02 05:00:00,-3.7083
2024-06-02 06:00:00,-3.7094
2024-06-02 07:00:00,-3.7108
2024-06-02 08:00:00,-3.7123
2024-06-02 09:00:00,-3.7133
2024-06-02 10:00:00,-3.7146
2024-06-02 11:00:00,-3.7150
2024-06-02 12:00:00,-3.7164
2024-06-02 13:00:00,-3.7185
2024-06-02 14:00:00,-3.7202
2024-06-02 15:00:00,-3.7226
2024-06-02 16:00:00,-3.7245
2024-06-02 17:00:00,-3.7268
2024-06-02 18:00:00,-3.7289
2024-06-02 19:00:00,-3.7310
2024-06-02 20:00:00,-3.7328
2024-06-02 21:00:00,-3.7344
2024-06-02 22:00:00,-3.7356
2024-06-02 23:00:00,-3.7368
2024-06-03 00:00:00,-3.7384
2024-06-03 01:00:00,-3.7391
2024-06-03 02:00:00,-3.7404
2024-06-03 03:00:00,-3.7420
2024-06-03 04:00:00,-3.7429
2024-06-03 05:00:00,-3.7438
2024-06-03 06:00:00,-3.7448
2024-06-03 07:00:00,-3.7458
2024-06-03 08:00:00,-3.7466
2024-06-03 09:00:00,-3.7477
2024-06-03 10:00:00,-3.7482
2024-06-03 11:00:00,-3.7489
2024-06-03 12:00:00,-3.7499
2024-06-03 13:00:00,-3.7510
2024-06-03 14:00:00,-3.7524
2024-06-03 15:00:00,-3.7542
2024-06-03 16:00:00,-3.7556
2024-06-03 17:00:00,-3.7571
2024-06-03 18:00:00,-3.7586
2024-06-03 19:00:00,-3.7598
2024-06-03 20:00:00,-3.7610
2024-06-03 21:00:00,-3.7619
2024-06-03 22:00:00,-3.7625
2024-06-03 23:00:00,-3.7630
2024-06-04 00:00:00,-3.7631
2024-06-04 01:00:00,-3.7637
2024-06-04 02:00:00,-3.7638
2024-06-04 03:00:00,-3.7645
2024-06-04 04:00:00,-3.7650
2024-06-04 05:00:00,-3.7657
2024-06-04 06:00:00,-3.7663
2024-06-04 07:00:00,-3.7669
2024-06-04 08:00:00,-3.7676
2024-06-04 09:00:00,-3.7684
2024-06-04 10:00:00,-3.7693
2024-06-04 11:00:00,-3.7700
2024-06-04 12:00:00,-3.7707
2024-06-04 13:00:00,-3.7712
2024-06-04 14:00:00,-3.7718
2024-06-04 15:00:00,-3.7729
2024-06-04 16:00:00,-3.7746
2024-06-04 17:00:00,-3.7756
2024-06-04 18:00:00,-3.7761
2024-06-04 19:00:00,-3.7767
2024-06-04 20:00:00,-3.7778
2024-06-04 21:00:00,-3.7776
2024-06-04 22:00:00,-3.7791
2024-06-04 23:00:00,-3.7805
2024-06-05 00:00:00,-3.7807
2024-06-05 01:00:00,-3.7808
2024-06-05 02:00:00,-3.7794
2024-06-05 03:00:00,-3.7791
2024-06-05 04:00:00,-3.7782
2024-06-05 05:00:00,-3.7778
2024-06-05 06:00:00,-3.7773
2024-06-05 07:00:00,-3.7772
2024-06-05 08:00:00,-3.7775
2024-06-05 09:00:00,-3.7781
2024-06-05 10:00:00,-3.7783
2024-06-05 11:00:00,-3.7793
2024-06-05 12:00:00,-3.7802
2024-06-05 13:00:00,-3.7812
2024-06-05 14:00:00,-3.7812
2024-06-05 15:00:00,-3.7842
2024-06-05 16:00:00,-3.7842
2024-06-17 17:00:00,-3.6622
2024-06-17 18:00:00,-3.6755
2024-06-17 19:00:00,-3.6765
2024-06-17 20:00:00,-3.6774
2024-06-17 21:00:00,-3.6787
2024-06-17 22:00:00,-3.6791
2024-06-17 23:00:00,-3.6800
2024-06-18 00:00:00,-3.6809
2024-06-18 01:00:00,-3.6819
2024-06-18 02:00:00,-3.6829
2024-06-18 03:00:00,-3.6838
2024-06-18 04:00:00,-3.6848
2024-06-18 05:00:00,-3.6857
2024-06-18 06:00:00,-3.6868
2024-06-18 07:00:00,-3.6878
2024-06-18 08:00:00,-3.6892
2024-06-18 09:00:00,-3.6904
2024-06-18 10:00:00,-3.6916
2024-06-18 11:00:00,-3.6926
2024-06-18 12:00:00,-3.6933
2024-06-18 13:00:00,-3.6940
2024-06-18 14:00:00,-3.6945
2024-06-18 15:00:00,-3.6951
2024-06-18 16:00:00,-3.6960
2024-06-18 17:00:00,-3.6966
2024-06-18 18:00:00,-3.6975
2024-06-18 19:00:00,-3.6983
2024-06-18 20:00:00,-3.6988
2024-06-18 21:00:00,-3.6997
2024-06-18 22:00:00,-3.7001
2024-06-18 23:00:00,-3.7005
2024-06-19 00:00:00,-3.7019
2024-06-19 01:00:00,-3.7023
2024-06-19 02:00:00,-3.7030
2024-06-19 03:00:00,-3.7039
2024-06-19 04:00:00,-3.7053
2024-06-19 05:00:00,-3.7066
2024-06-19 06:00:00,-3.7075
2024-06-19 07:00:00,-3.7082
2024-06-19 08:00:00,-3.7078
2024-06-19 09:00:00,-3.7072
2024-06-19 10:00:00,-3.7071
2024-06-19 11:00:00,-3.7083
2024-06-19 12:00:00,-3.7094
2024-06-19 13:00:00,-3.7109
2024-06-19 14:00:00,-3.7122
2024-06-19 15:00:00,-3.7139
2024-06-19 16:00:00,-3.7154
2024-06-19 17:00:00,-3.7173
2024-06-19 18:00:00,-3.7188
2024-06-19 19:00:00,-3.7203
2024-06-19 20:00:00,-3.7209
2024-06-19 21:00:00,-3.7218
2024-06-19 22:00:00,-3.7227
2024-06-19 23:00:00,-3.7237
2024-06-20 00:00:00,-3.7246
2024-06-20 01:00:00,-3.7253
2024-06-20 02:00:00,-3.7257
2024-06-20 03:00:00,-3.7266
2024-06-20 04:00:00,-3.7272
2024-06-20 05:00:00,-3.7285
2024-06-20 06:00:00,-3.7298
2024-06-20 07:00:00,-3.7302
2024-06-20 08:00:00,-3.7310
2024-06-20 09:00:00,-3.7320
2024-06-20 10:00:00,-3.7320
2024-06-20 11:00:00,-3.7323
2024-06-20 12:00:00,-3.7323
2024-06-20 13:00:00,-3.7324
2024-06-20 14:00:00,-3.7324
2024-06-20 15:00:00,-3.7328
2024-06-20 16:00:00,-3.7332
2024-06-20 17:00:00,-3.7339
2024-06-20 18:00:00,-3.7343
2024-06-20 19:00:00,-3.7342
2024-06-20 20:00:00,-3.7349
2024-06-20 21:00:00,-3.7348
2024-06-20 22:00:00,-3.7351
2024-06-20 23:00:00,-3.7356
2024-06-21 00:00:00,-3.7359
2024-06-21 01:00:00,-3.7361
2024-06-21 02:00:00,-3.7358
2024-06-21 03:00:00,-3.7358
2024-06-21 04:00:00,-3.7354
2024-06-21 05:00:00,-3.7356
2024-06-21 06:00:00,-3.7359
2024-06-21 07:00:00,-3.7362
2024-06-21 08:00:00,-3.7362
2024-06-21 09:00:00,-3.7360
2024-06-21 10:00:00,-3.7358
2024-06-21 11:00:00,-3.7357
2024-06-21 12:00:00,-3.7352
2024-06-21 13:00:00,-3.7346
2024-06-21 14:00:00,-3.7339
2024-06-21 15:00:00,-3.7335
2024-06-21 16:00:00,-3.7332
2024-06-21 17:00:00,-3.7327
2024-06-21 18:00:00,-3.7332
2024-06-21 19:00:00,-3.7334
2024-06-21 20:00:00,-3.7332
2024-06-21 21:00:00,-3.7331
2024-06-21 22:00:00,-3.7328
2024-06-21 23:00:00,-3.7327
2024-06-22 00:00:00,-3.7323
2024-06-22 01:00:00,-3.7313
2024-06-22 02:00:00,-3.7306
2024-06-22 03:00:00,-3.7297
2024-06-22 04:00:00,-3.7293
2024-06-22 05:00:00,-3.7294
2024-06-22 06:00:00,-3.7299
2024-06-22 07:00:00,-3.7303
2024-06-22 08:00:00,-3.7307
2024-06-22 09:00:00,-3.7311
2024-06-22 10:00:00,-3.7315
2024-06-22 11:00:00,-3.7316
2024-06-22 12:00:00,-3.7304
2024-06-22 13:00:00,-3.7292
2024-06-22 14:00:00,-3.7282
2024-06-22 15:00:00,-3.7289
2024-06-22 16:00:00,-3.7296
2024-06-22 17:00:00,-3.7303
2024-06-22 18:00:00,-3.7304
2024-06-22 19:00:00,-3.7307
2024-06-22 20:00:00,-3.7303
2024-06-22 21:00:00,-3.7300
2024-06-22 22:00:00,-3.7304
2024-06-22 23:00:00,-3.7308
2024-06-23 00:00:00,-3.7307
2024-06-23 01:00:00,-3.7310
2024-06-23 02:00:00,-3.7308
2024-06-23 03:00:00,-3.7308
2024-06-23 04:00:00,-3.7306
2024-06-23 05:00:00,-3.7294
2024-06-23 06:00:00,-3.7295
2024-06-23 07:00:00,-3.7301
2024-06-23 08:00:00,-3.7307
2024-06-23 09:00:00,-3.7314
2024-06-23 10:00:00,-3.7314
2024-06-23 11:00:00,-3.7312
2024-06-23 12:00:00,-3.7314
2024-06-23 13:00:00,-3.7319
2024-06-23 14:00:00,-3.7315
2024-06-23 15:00:00,-3.7306
2024-06-23 16:00:00,-3.7312
2024-06-23 17:00:00,-3.7317
2024-06-23 18:00:00,-3.7320
2024-06-23 19:00:00,-3.7325
2024-06-23 20:00:00,-3.7331
2024-06-23 21:00:00,-3.7335
2024-06-23 22:00:00,-3.7337
2024-06-23 23:00:00,-3.7337
2024-06-24 00:00:00,-3.7335
2024-06-24 01:00:00,-3.7335
2024-06-24 02:00:00,-3.7328
2024-06-24 03:00:00,-3.7324
2024-06-24 04:00:00,-3.7318
2024-06-24 05:00:00,-3.7315
2024-06-24 06:00:00,-3.7311
2024-06-24 07:00:00,-3.7309
2024-06-24 08:00:00,-3.7313
2024-06-24 09:00:00,-3.7317
2024-06-24 10:00:00,-3.7317
2024-06-24 11:00:00,-3.7312
2024-06-24 12:00:00,-3.7311
2024-06-24 13:00:00,-3.7311
2024-06-24 14:00:00,-3.7309
2024-06-24 15:00:00,-3.7309
2024-06-24 16:00:00,-3.7307
2024-06-24 17:00:00,-3.7309
2024-06-24 18:00:00,-3.7304
2024-06-24 19:00:00,-3.7300
2024-06-24 20:00:00,-3.7303
2024-06-24 21:00:00,-3.7303
2024-06-24 22:00:00,-3.7304
2024-06-24 23:00:00,-3.7303
2024-06-25 00:00:00,-3.7301
2024-06-25 01:00:00,-3.7299
2024-06-25 02:00:00,-3.7287
2024-06-25 03:00:00,-3.7282
2024-06-25 04:00:00,-3.7278
2024-06-25 05:00:00,-3.7270
2024-06-25 06:00:00,-3.7268
2024-06-25 07:00:00,-3.7263
2024-06-25 08:00:00,-3.7262
2024-06-25 09:00:00,-3.7264
2024-06-25 10:00:00,-3.7263
2024-06-25 11:00:00,-3.7261
2024-06-25 12:00:00,-3.7258
2024-06-25 13:00:00,-3.7259
2024-06-25 14:00:00,-3.7261
2024-06-25 15:00:00,-3.7263
2024-06-25 16:00:00,-3.7265
2024-06-25 17:00:00,-3.7267
2024-06-25 18:00:00,-3.7267
2024-06-25 19:00:00,-3.7260
2024-06-25 20:00:00,-3.7261
2024-06-25 21:00:00,-3.7263
2024-06-25 22:00:00,-3.7270
2024-06-25 23:00:00,-3.7273
2024-06-26 00:00:00,-3.7275
2024-06-26 01:00:00,-3.7275
2024-06-26 02:00:00,-3.7272
2024-06-26 03:00:00,-3.7269
2024-06-26 04:00:00,-3.7265
2024-06-26 05:00:00,-3.7262
2024-06-26 06:00:00,-3.7257
2024-06-26 07:00:00,-3.7257
2024-06-26 08:00:00,-3.7255
2024-06-26 09:00:00,-3.7249
2024-06-26 10:00:00,-3.7251
2024-06-26 11:00:00,-3.7252
2024-06-26 12:00:00,-3.7252
2024-06-26 13:00:00,-3.7255
2024-06-26 14:00:00,-3.7258
2024-06-26 15:00:00,-3.7263
2024-06-26 16:00:00,-3.7271
2024-06-26 17:00:00,-3.7275
2024-06-26 18:00:00,-3.7279
2024-06-26 19:00:00,-3.7284
2024-06-26 20:00:00,-3.7284
2024-06-26 21:00:00,-3.7287
2024-06-26 22:00:00,-3.7293
2024-06-26 23:00:00,-3.7298
2024-06-27 00:00:00,-3.7298
2024-06-27 01:00:00,-3.7298
2024-06-27 02:00:00,-3.7296
2024-06-27 03:00:00,-3.7293
2024-06-27 04:00:00,-3.7292
2024-06-27 05:00:00,-3.7291
2024-06-27 06:00:00,-3.7292
2024-06-27 07:00:00,-3.7288
2024-06-27 08:00:00,-3.7290
2024-06-27 09:00:00,-3.7295
2024-06-27 10:00:00,-3.7297
2024-06-27 11:00:00,-3.7304
2024-06-27 12:00:00,-3.7308
2024-06-27 13:00:00,-3.7317
2024-06-27 14:00:00,-3.7332
2024-06-27 15:00:00,-3.7344
2024-06-27 16:00:00,-3.7356
2024-06-27 17:00:00,-3.7363
2024-06-27 18:00:00,-3.7374
2024-06-27 19:00:00,-3.7376
2024-06-27 20:00:00,-3.7384
2024-06-27 21:00:00,-3.7389
2024-06-27 22:00:00,-3.7394
2024-06-27 23:00:00,-3.7397
2024-06-28 00:00:00,-3.7406
2024-06-28 01:00:00,-3.7411
2024-06-28 02:00:00,-3.7413
2024-06-28 03:00:00,-3.7416
2024-06-28 04:00:00,-3.7414
2024-06-28 05:00:00,-3.7417
2024-06-28 06:00:00,-3.7415
2024-06-28 07:00:00,-3.7416
2024-06-28 08:00:00,-3.7419
2024-06-28 09:00:00,-3.7424
2024-06-28 10:00:00,-3.7432
2024-06-28 11:00:00,-3.7445
2024-06-28 12:00:00,-3.7455
2024-06-28 13:00:00,-3.7468
2024-06-28 14:00:00,-3.7484
2024-06-28 15:00:00,-3.7495
2024-06-28 16:00:00,-3.7506
2024-06-28 17:00:00,-3.7512
2024-06-28 18:00:00,-3.7526
2024-06-28 19:00:00,-3.7529
2024-06-28 20:00:00,-3.7534
2024-06-28 21:00:00,-3.7538
2024-06-28 22:00:00,-3.7545
2024-06-28 23:00:00,-3.7548
2024-06-29 00:00:00,-3.7549
2024-06-29 01:00:00,-3.7548
2024-06-29 02:00:00,-3.7546
2024-06-29 03:00:00,-3.7544
2024-06-29 04:00:00,-3.7542
2024-06-29 05:00:00,-3.7539
2024-06-29 06:00:00,-3.7539
2024-06-29 07:00:00,-3.7536
2024-06-29 08:00:00,-3.7535
2024-06-29 09:00:00,-3.7535
2024-06-29 10:00:00,-3.7529
2024-06-29 11:00:00,-3.7525
2024-06-29 12:00:00,-3.7529
2024-06-29 13:00:00,-3.7531
2024-06-29 14:00:00,-3.7534
2024-06-29 15:00:00,-3.7536
2024-06-29 16:00:00,-3.7541
2024-06-29 17:00:00,-3.7542
2024-06-29 18:00:00,-3.7544
2024-06-29 19:00:00,-3.7539
2024-06-29 20:00:00,-3.7542
2024-06-29 21:00:00,-3.7536
2024-06-29 22:00:00,-3.7536
2024-06-29 23:00:00,-3.7533
2024-06-30 00:00:00,-3.7535
2024-06-30 01:00:00,-3.7537
2024-06-30 02:00:00,-3.7534
2024-06-30 03:00:00,-3.7530
2024-06-30 04:00:00,-3.7525
2024-06-30 05:00:00,-3.7522
2024-06-30 06:00:00,-3.7520
2024-06-30 07:00:00,-3.7517
2024-06-30 08:00:00,-3.7515
2024-06-30 09:00:00,-3.7511
2024-06-30 10:00:00,-3.7509
2024-06-30 11:00:00,-3.7506
2024-06-30 12:00:00,-3.7511
2024-06-30 13:00:00,-3.7520
2024-06-30 14:00:00,-3.7531
2024-06-30 15:00:00,-3.7536
2024-06-30 16:00:00,-3.7543
2024-06-30 17:00:00,-3.7559
2024-06-30 18:00:00,-3.7565
2024-06-30 19:00:00,-3.7570
2024-06-30 20:00:00,-3.7572
2024-06-30 21:00:00,-3.7572
2024-06-30 22:00:00,-3.7572
2024-06-30 23:00:00,-3.7571
2024-07-01 00:00:00,-3.7572
2024-07-01 01:00:00,-3.7570
2024-07-01 02:00:00,-3.7569
2024-07-01 03:00:00,-3.7569
2024-07-01 04:00:00,-3.7566
2024-07-01 05:00:00,-3.7564
2024-07-01 06:00:00,-3.7566
2024-07-01 07:00:00,-3.7562
2024-07-01 08:00:00,-3.7561
2024-07-01 09:00:00,-3.7558
2024-07-01 10:00:00,-3.7557
2024-07-01 11:00:00,-3.7559
2024-07-01 12:00:00,-3.7563
2024-07-01 13:00:00,-3.7562
2024-07-01 14:00:00,-3.7568
2024-07-01 15:00:00,-3.7575
2024-07-01 16:00:00,-3.7583
2024-07-01 17:00:00,-3.7588
2024-07-01 18:00:00,-3.7596
2024-07-01 19:00:00,-3.7601
2024-07-01 20:00:00,-3.7605
2024-07-01 21:00:00,-3.7606
2024-07-01 22:00:00,-3.7609
2024-07-01 23:00:00,-3.7607
2024-07-02 00:00:00,-3.7609
2024-07-02 01:00:00,-3.7608
2024-07-02 02:00:00,-3.7605
2024-07-02 03:00:00,-3.7604
2024-07-02 04:00:00,-3.7602
2024-07-02 05:00:00,-3.7597
2024-07-02 06:00:00,-3.7588
2024-07-02 07:00:00,-3.7581
2024-07-02 08:00:00,-3.7573
2024-07-02 09:00:00,-3.7564
2024-07-02 10:00:00,-3.7557
2024-07-02 11:00:00,-3.7550
2024-07-02 12:00:00,-3.7548
2024-07-02 13:00:00,-3.7534
2024-07-02 14:00:00,-3.7542
2024-07-02 15:00:00,-3.7542
2024-07-02 16:00:00,-3.7542
2024-07-02 17:00:00,-3.7549
2024-07-02 18:00:00,-3.7549
2024-07-02 19:00:00,-3.7551
2024-07-02 20:00:00,-3.7555
2024-07-02 21:00:00,-3.7555
2024-07-02 22:00:00,-3.7554
2024-07-02 23:00:00,-3.7556
2024-07-03 00:00:00,-3.7553
2024-07-03 01:00:00,-3.7550
2024-07-03 02:00:00,-3.7550
2024-07-03 03:00:00,-3.7549
2024-07-03 04:00:00,-3.7547
2024-07-03 05:00:00,-3.7544
2024-07-03 06:00:00,-3.7539
2024-07-03 07:00:00,-3.7537
2024-07-03 08:00:00,-3.7532
2024-07-03 09:00:00,-3.7518
2024-07-03 10:00:00,-3.7510
2024-07-03 11:00:00,-3.7490
2024-07-03 12:00:00,-3.7460
2024-07-03 13:00:00,-3.7443
2024-07-03 14:00:00,-3.7424
2024-07-03 15:00:00,-3.7414
2024-07-03 16:00:00,-3.7409
2024-07-03 17:00:00,-3.7410
2024-07-03 18:00:00,-3.7399
2024-07-03 19:00:00,-3.7396
2024-07-03 20:00:00,-3.7389
2024-07-03 21:00:00,-3.7383
2024-07-03 22:00:00,-3.7374
2024-07-03 23:00:00,-3.7370
2024-07-04 00:00:00,-3.7358
2024-07-04 01:00:00,-3.7332
2024-07-04 02:00:00,-3.7289
2024-07-04 03:00:00,-3.7263
2024-07-04 04:00:00,-3.7237
2024-07-04 05:00:00,-3.7218
2024-07-04 06:00:00,-3.7204
2024-07-04 07:00:00,-3.7184
2024-07-04 08:00:00,-3.7174
2024-07-04 09:00:00,-3.7178
2024-07-04 10:00:00,-3.7175
2024-07-04 11:00:00,-3.7172
2024-07-04 12:00:00,-3.7178
2024-07-04 13:00:00,-3.7181
2024-07-04 14:00:00,-3.7189
2024-07-04 15:00:00,-3.7196
2024-07-04 16:00:00,-3.7203
2024-07-04 17:00:00,-3.7213
2024-07-04 18:00:00,-3.7227
2024-07-04 19:00:00,-3.7238
2024-07-04 20:00:00,-3.7241
2024-07-04 21:00:00,-3.7248
2024-07-04 22:00:00,-3.7256
2024-07-04 23:00:00,-3.7257
2024-07-05 00:00:00,-3.7254
2024-07-05 01:00:00,-3.7256
2024-07-05 02:00:00,-3.7256
2024-07-05 03:00:00,-3.7256
2024-07-05 04:00:00,-3.7257
2024-07-05 05:00:00,-3.7259
2024-07-05 06:00:00,-3.7265
2024-07-05 07:00:00,-3.7270
2024-07-05 08:00:00,-3.7264
2024-07-05 09:00:00,-3.7259
2024-07-05 10:00:00,-3.7260
2024-07-05 11:00:00,-3.7270
2024-07-05 12:00:00,-3.7282
2024-07-05 13:00:00,-3.7290
2024-07-05 14:00:00,-3.7296
2024-07-05 15:00:00,-3.7288
2024-07-05 16:00:00,-3.7295
2024-07-05 17:00:00,-3.7290
2024-07-05 18:00:00,-3.7295
2024-07-05 19:00:00,-3.7292
2024-07-05 20:00:00,-3.7290
2024-07-05 21:00:00,-3.7284
2024-07-05 22:00:00,-3.7281
2024-07-05 23:00:00,-3.7276
2024-07-06 00:00:00,-3.7271
2024-07-06 01:00:00,-3.7263
2024-07-06 02:00:00,-3.7257
2024-07-06 03:00:00,-3.7241
2024-07-06 04:00:00,-3.7190
2024-07-06 05:00:00,-3.7138
2024-07-06 06:00:00,-3.7094
2024-07-06 07:00:00,-3.7052
2024-07-06 08:00:00,-3.7030
2024-07-06 09:00:00,-3.7003
2024-07-06 10:00:00,-3.6977
2024-07-06 11:00:00,-3.6908
2024-07-06 12:00:00,-3.6867
2024-07-06 13:00:00,-3.6813
2024-07-06 14:00:00,-3.6789
2024-07-06 15:00:00,-3.6790
2024-07-06 16:00:00,-3.6790
2024-07-06 17:00:00,-3.6790
2024-07-06 18:00:00,-3.6780
2024-07-06 19:00:00,-3.6782
2024-07-06 20:00:00,-3.6775
2024-07-06 21:00:00,-3.6767
2024-07-06 22:00:00,-3.6764
2024-07-06 23:00:00,-3.6761
2024-07-07 00:00:00,-3.6765
2024-07-07 01:00:00,-3.6766
2024-07-07 02:00:00,-3.6773
2024-07-07 03:00:00,-3.6778
2024-07-07 04:00:00,-3.6776
2024-07-07 05:00:00,-3.6779
2024-07-07 06:00:00,-3.6777
2024-07-07 07:00:00,-3.6780
2024-07-07 08:00:00,-3.6788
2024-07-07 09:00:00,-3.6795
2024-07-07 10:00:00,-3.6801
2024-07-07 11:00:00,-3.6813
2024-07-07 12:00:00,-3.6823
2024-07-07 13:00:00,-3.6836
2024-07-07 14:00:00,-3.6852
2024-07-07 15:00:00,-3.6860
2024-07-07 16:00:00,-3.6870
2024-07-07 17:00:00,-3.6885
2024-07-07 18:00:00,-3.6894
2024-07-07 19:00:00,-3.6900
2024-07-07 20:00:00,-3.6911
2024-07-07 21:00:00,-3.6915
2024-07-07 22:00:00,-3.6922
2024-07-07 23:00:00,-3.6922
2024-07-08 00:00:00,-3.6920
2024-07-08 01:00:00,-3.6921
2024-07-08 02:00:00,-3.6927
2024-07-08 03:00:00,-3.6927
2024-07-08 04:00:00,-3.6928
2024-07-08 05:00:00,-3.6931
2024-07-08 06:00:00,-3.6933
2024-07-08 07:00:00,-3.6941
2024-07-08 08:00:00,-3.6943
2024-07-08 09:00:00,-3.6946
2024-07-08 10:00:00,-3.6948
2024-07-08 11:00:00,-3.6961
2024-07-08 12:00:00,-3.6969
2024-07-08 13:00:00,-3.6978
2024-07-08 14:00:00,-3.6987
2024-07-08 15:00:00,-3.6999
2024-07-08 16:00:00,-3.7006
2024-07-08 17:00:00,-3.7007
2024-07-08 18:00:00,-3.7011
2024-07-08 19:00:00,-3.7022
2024-07-08 20:00:00,-3.6993
2024-07-08 21:00:00,-3.7038
2024-07-08 22:00:00,-3.7074
2024-07-08 23:00:00,-3.7098
2024-07-09 00:00:00,-3.7120
2024-07-09 01:00:00,-3.7134
2024-07-09 02:00:00,-3.7148
2024-07-09 03:00:00,-3.7161
2024-07-09 04:00:00,-3.7174
2024-07-09 05:00:00,-3.7184
2024-07-09 06:00:00,-3.7199
2024-07-09 07:00:00,-3.7210
2024-07-09 08:00:00,-3.7222
2024-07-09 09:00:00,-3.7237
2024-07-09 10:00:00,-3.7254
2024-07-09 11:00:00,-3.7260
2024-07-09 12:00:00,-3.7275
2024-07-09 13:00:00,-3.7284
2024-07-09 14:00:00,-3.7295
2024-07-09 15:00:00,-3.7311
2024-07-09 16:00:00,-3.7329
2024-07-09 17:00:00,-3.7340
2024-07-09 18:00:00,-3.7355
2024-07-09 19:00:00,-3.7358
2024-07-09 20:00:00,-3.7375
2024-07-09 21:00:00,-3.7244
2024-07-09 22:00:00,-3.7091
2024-07-09 23:00:00,-3.6924
2024-07-10 00:00:00,-3.6787
2024-07-10 01:00:00,-3.6710
2024-07-10 02:00:00,-3.6651
2024-07-10 03:00:00,-3.6614
2024-07-10 04:00:00,-3.6595
2024-07-10 05:00:00,-3.6590
2024-07-10 06:00:00,-3.6581
2024-07-10 07:00:00,-3.6566
2024-07-10 08:00:00,-3.6564
2024-07-10 09:00:00,-3.6563
2024-07-10 10:00:00,-3.6563
2024-07-10 11:00:00,-3.6563
2024-07-10 12:00:00,-3.6514
2024-07-10 13:00:00,-3.6449
2024-07-10 14:00:00,-3.6372
2024-07-10 15:00:00,-3.6315
2024-07-10 16:00:00,-3.6274
2024-07-10 17:00:00,-3.6266
2024-07-10 18:00:00,-3.6269
2024-07-10 19:00:00,-3.6270
2024-07-10 20:00:00,-3.6276
2024-07-10 21:00:00,-3.6283
2024-07-10 22:00:00,-3.6304
2024-07-10 23:00:00,-3.6319
2024-07-11 00:00:00,-3.6323
2024-07-11 01:00:00,-3.6339
2024-07-11 02:00:00,-3.6342
2024-07-11 03:00:00,-3.6361
2024-07-11 04:00:00,-3.6361
2024-07-11 05:00:00,-3.6366
2024-07-11 06:00:00,-3.6376
2024-07-11 07:00:00,-3.6376
2024-07-11 08:00:00,-3.6399
2024-07-11 09:00:00,-3.6409
2024-07-11 10:00:00,-3.6423
2024-07-11 11:00:00,-3.6437
2024-07-11 12:00:00,-3.6446
2024-07-11 13:00:00,-3.6459
2024-07-11 14:00:00,-3.6467
2024-07-11 15:00:00,-3.6487
2024-07-11 16:00:00,-3.6498
2024-07-11 17:00:00,-3.6518
2024-07-11 18:00:00,-3.6524
2024-07-11 19:00:00,-3.6543
2024-07-11 20:00:00,-3.6562
2024-07-11 21:00:00,-3.6569
2024-07-11 22:00:00,-3.6589
2024-07-11 23:00:00,-3.6592
2024-07-12 00:00:00,-3.6587
2024-07-12 01:00:00,-3.6598
2024-07-12 02:00:00,-3.6613
2024-07-12 03:00:00,-3.6614
2024-07-12 04:00:00,-3.6630
2024-07-12 05:00:00,-3.6636
2024-07-12 06:00:00,-3.6653
2024-07-12 07:00:00,-3.6649
2024-07-12 08:00:00,-3.6658
2024-07-12 09:00:00,-3.6666
2024-07-12 10:00:00,-3.6672
2024-07-12 11:00:00,-3.6685
2024-07-12 12:00:00,-3.6694
2024-07-12 13:00:00,-3.6694
2024-07-12 14:00:00,-3.6674
2024-07-12 15:00:00,-3.6647
2024-07-12 16:00:00,-3.6562
2024-07-12 17:00:00,-3.6451
2024-07-12 18:00:00,-3.6345
2024-07-12 19:00:00,-3.6254
2024-07-12 20:00:00,-3.6165
2024-07-12 21:00:00,-3.6088
2024-07-12 22:00:00,-3.6030
2024-07-12 23:00:00,-3.5975
2024-07-13 00:00:00,-3.5924
2024-07-13 01:00:00,-3.5882
2024-07-13 02:00:00,-3.5843
2024-07-13 03:00:00,-3.5824
2024-07-13 04:00:00,-3.5804
2024-07-13 05:00:00,-3.5791
2024-07-13 06:00:00,-3.5775
2024-07-13 07:00:00,-3.5760
2024-07-13 08:00:00,-3.5747
2024-07-13 09:00:00,-3.5746
2024-07-13 10:00:00,-3.5730
2024-07-13 11:00:00,-3.5717
2024-07-13 12:00:00,-3.5710
2024-07-13 13:00:00,-3.5712
2024-07-13 14:00:00,-3.5698
2024-07-13 15:00:00,-3.5706
2024-07-13 16:00:00,-3.5722
2024-07-13 17:00:00,-3.5717
2024-07-13 18:00:00,-3.5723
2024-07-13 19:00:00,-3.5727
2024-07-13 20:00:00,-3.5740
2024-07-13 21:00:00,-3.5746
2024-07-13 22:00:00,-3.5751
2024-07-13 23:00:00,-3.5754
2024-07-14 00:00:00,-3.5755
2024-07-14 01:00:00,-3.5748
2024-07-14 02:00:00,-3.5761
2024-07-14 03:00:00,-3.5779
2024-07-14 04:00:00,-3.5794
2024-07-14 05:00:00,-3.5804
2024-07-14 06:00:00,-3.5814
2024-07-14 07:00:00,-3.5834
2024-07-14 08:00:00,-3.5846
2024-07-14 09:00:00,-3.5865
2024-07-14 10:00:00,-3.5880
2024-07-14 11:00:00,-3.5893
2024-07-14 12:00:00,-3.5928
2024-07-14 13:00:00,-3.5953
2024-07-14 14:00:00,-3.5987
2024-07-14 15:00:00,-3.6008
2024-07-14 16:00:00,-3.6033
2024-07-14 17:00:00,-3.6063
2024-07-14 18:00:00,-3.6088
2024-07-14 19:00:00,-3.6112
2024-07-14 20:00:00,-3.6137
2024-07-14 21:00:00,-3.6131
2024-07-14 22:00:00,-3.6152
2024-07-14 23:00:00,-3.6164
2024-07-15 00:00:00,-3.6173
2024-07-15 01:00:00,-3.6201
2024-07-15 02:00:00,-3.6216
2024-07-15 03:00:00,-3.6230
2024-07-15 04:00:00,-3.6242
2024-07-15 05:00:00,-3.6254
2024-07-15 06:00:00,-3.6268
2024-07-15 07:00:00,-3.6280
2024-07-15 08:00:00,-3.6300
2024-07-15 09:00:00,-3.6314
2024-07-15 10:00:00,-3.6329
2024-07-15 11:00:00,-3.6341
2024-07-15 12:00:00,-3.6358
2024-07-15 13:00:00,-3.6370
2024-07-15 14:00:00,-3.6386
2024-07-15 15:00:00,-3.6399
2024-07-15 16:00:00,-3.6411
2024-07-15 17:00:00,-3.6428
2024-07-15 18:00:00,-3.6447
2024-07-15 19:00:00,-3.6455
2024-07-15 20:00:00,-3.6466
2024-07-15 21:00:00,-3.6477
2024-07-15 22:00:00,-3.6487
2024-07-15 23:00:00,-3.6485
2024-07-16 00:00:00,-3.6475
2024-07-16 01:00:00,-3.6480
2024-07-16 02:00:00,-3.6474
2024-07-16 03:00:00,-3.6464
2024-07-16 04:00:00,-3.6460
2024-07-16 05:00:00,-3.6458
2024-07-16 06:00:00,-3.6462
2024-07-16 07:00:00,-3.6474
2024-07-16 08:00:00,-3.6487
2024-07-16 09:00:00,-3.6501
2024-07-16 10:00:00,-3.6520
2024-07-16 11:00:00,-3.6545
2024-07-16 12:00:00,-3.6545
2024-07-16 13:00:00,-3.6546
2024-07-16 14:00:00,-3.6527
2024-07-16 15:00:00,-3.6471
2024-07-16 16:00:00,-3.6393
2024-07-16 17:00:00,-3.6318
2024-07-16 18:00:00,-3.6271
2024-07-16 19:00:00,-3.6246
2024-07-16 20:00:00,-3.6235
2024-07-16 21:00:00,-3.6229
2024-07-16 22:00:00,-3.6225
2024-07-16 23:00:00,-3.6216
2024-07-17 00:00:00,-3.6202
2024-07-17 01:00:00,-3.6189
2024-07-17 02:00:00,-3.6182
2024-07-17 03:00:00,-3.6181
2024-07-17 04:00:00,-3.6178
2024-07-17 05:00:00,-3.6183
2024-07-17 06:00:00,-3.6183
2024-07-17 07:00:00,-3.6188
2024-07-17 08:00:00,-3.6178
2024-07-17 09:00:00,-3.6191
2024-07-17 10:00:00,-3.6195
2024-07-17 11:00:00,-3.6202
2024-07-17 12:00:00,-3.6223
2024-07-17 13:00:00,-3.6236
2024-07-17 14:00:00,-3.6252
2024-07-17 15:00:00,-3.6274
2024-07-17 16:00:00,-3.6291
2024-07-17 17:00:00,-3.6311
2024-07-17 18:00:00,-3.6326
2024-07-17 19:00:00,-3.6345
2024-07-17 20:00:00,-3.6364
2024-07-17 21:00:00,-3.6378
2024-07-17 22:00:00,-3.6394
2024-07-17 23:00:00,-3.6402
2024-07-18 00:00:00,-3.6416
2024-07-18 01:00:00,-3.6430
2024-07-18 02:00:00,-3.6441
2024-07-18 03:00:00,-3.6456
2024-07-18 04:00:00,-3.6465
2024-07-18 05:00:00,-3.6478
2024-07-18 06:00:00,-3.6488
2024-07-18 07:00:00,-3.6498
2024-07-18 08:00:00,-3.6509
2024-07-18 09:00:00,-3.6512
2024-07-18 10:00:00,-3.6530
2024-07-18 11:00:00,-3.6542
2024-07-18 12:00:00,-3.6553
2024-07-18 13:00:00,-3.6562
2024-07-18 14:00:00,-3.6573
2024-07-18 15:00:00,-3.6589
2024-07-18 16:00:00,-3.6607
2024-07-18 17:00:00,-3.6609
2024-07-18 18:00:00,-3.6617
2024-07-18 19:00:00,-3.6632
2024-07-18 20:00:00,-3.6650
2024-07-18 21:00:00,-3.6661
2024-07-18 22:00:00,-3.6668
2024-07-18 23:00:00,-3.6679
2024-07-19 00:00:00,-3.6689
2024-07-19 01:00:00,-3.6698
2024-07-19 02:00:00,-3.6708
2024-07-19 03:00:00,-3.6714
2024-07-19 04:00:00,-3.6723
2024-07-19 05:00:00,-3.6734
2024-07-19 06:00:00,-3.6746
2024-07-19 07:00:00,-3.6752
2024-07-19 08:00:00,-3.6757
2024-07-19 09:00:00,-3.6768
2024-07-19 10:00:00,-3.6778
2024-07-19 11:00:00,-3.6781
2024-07-19 12:00:00,-3.6791
2024-07-19 13:00:00,-3.6797
2024-07-19 14:00:00,-3.6804
2024-07-19 15:00:00,-3.6808
2024-07-19 16:00:00,-3.6825
2024-07-19 17:00:00,-3.6838
2024-07-19 18:00:00,-3.6847
2024-07-19 19:00:00,-3.6857
2024-07-19 20:00:00,-3.6864
2024-07-19 21:00:00,-3.6870
2024-07-19 22:00:00,-3.6872
2024-07-19 23:00:00,-3.6875
2024-07-20 00:00:00,-3.6876
2024-07-20 01:00:00,-3.6878
2024-07-20 02:00:00,-3.6878
2024-07-20 03:00:00,-3.6882
2024-07-20 04:00:00,-3.6882
2024-07-20 05:00:00,-3.6888
2024-07-20 06:00:00,-3.6892
2024-07-20 07:00:00,-3.6895
2024-07-20 08:00:00,-3.6895
2024-07-20 09:00:00,-3.6893
2024-07-20 10:00:00,-3.6907
2024-07-20 11:00:00,-3.6899
2024-07-20 12:00:00,-3.6908
2024-07-20 13:00:00,-3.6913
2024-07-20 14:00:00,-3.6922
2024-07-20 15:00:00,-3.6929
2024-07-20 16:00:00,-3.6943
2024-07-20 17:00:00,-3.6956
2024-07-20 18:00:00,-3.6968
2024-07-20 19:00:00,-3.6973
2024-07-20 20:00:00,-3.6982
2024-07-20 21:00:00,-3.6986
2024-07-20 22:00:00,-3.6994
2024-07-20 23:00:00,-3.6998
2024-07-21 00:00:00,-3.7000
2024-07-21 01:00:00,-3.7003
2024-07-21 02:00:00,-3.7006
2024-07-21 03:00:00,-3.7010
2024-07-21 04:00:00,-3.7009
2024-07-21 05:00:00,-3.7014
2024-07-21 06:00:00,-3.7019
2024-07-21 07:00:00,-3.7025
2024-07-21 08:00:00,-3.7031
2024-07-21 09:00:00,-3.7036
2024-07-21 10:00:00,-3.7045
2024-07-21 11:00:00,-3.7041
2024-07-21 12:00:00,-3.7047
2024-07-21 13:00:00,-3.7051
2024-07-21 14:00:00,-3.7058
2024-07-21 15:00:00,-3.7065
2024-07-21 16:00:00,-3.7072
2024-07-21 17:00:00,-3.7077
2024-07-21 18:00:00,-3.7082
2024-07-21 19:00:00,-3.7089
2024-07-21 20:00:00,-3.7096
2024-07-21 21:00:00,-3.7103
2024-07-21 22:00:00,-3.7110
2024-07-21 23:00:00,-3.7116
2024-07-22 00:00:00,-3.7124
2024-07-22 01:00:00,-3.7130
2024-07-22 02:00:00,-3.7134
2024-07-22 03:00:00,-3.7140
2024-07-22 04:00:00,-3.7143
2024-07-22 05:00:00,-3.7151
2024-07-22 06:00:00,-3.7155
2024-07-22 07:00:00,-3.7163
2024-07-22 08:00:00,-3.7171
2024-07-22 09:00:00,-3.7182
2024-07-22 10:00:00,-3.7189
2024-07-22 11:00:00,-3.7195
2024-07-22 12:00:00,-3.7206
2024-07-22 13:00:00,-3.7207
2024-07-22 14:00:00,-3.7215
2024-07-22 15:00:00,-3.7226
2024-07-22 16:00:00,-3.7226
2024-07-22 17:00:00,-3.7230
2024-07-22 18:00:00,-3.7235
2024-07-22 19:00:00,-3.7248
2024-07-22 20:00:00,-3.7256
2024-07-22 21:00:00,-3.7260
2024-07-22 22:00:00,-3.7269
2024-07-22 23:00:00,-3.7270
2024-07-23 00:00:00,-3.7269
2024-07-23 01:00:00,-3.7267
2024-07-23 02:00:00,-3.7269
2024-07-23 03:00:00,-3.7272
2024-07-23 04:00:00,-3.7270
2024-07-23 05:00:00,-3.7270
2024-07-23 06:00:00,-3.7264
2024-07-23 07:00:00,-3.7266
2024-07-23 08:00:00,-3.7270
2024-07-23 09:00:00,-3.7275
2024-07-23 10:00:00,-3.7277
2024-07-23 11:00:00,-3.7277
2024-07-23 12:00:00,-3.7282
2024-07-23 13:00:00,-3.7283
2024-07-23 14:00:00,-3.7289
2024-07-23 15:00:00,-3.7293
2024-07-23 16:00:00,-3.7300
2024-07-23 17:00:00,-3.7308
2024-07-23 18:00:00,-3.7314
2024-07-23 19:00:00,-3.7322
2024-07-23 20:00:00,-3.7333
2024-07-23 21:00:00,-3.7344
2024-07-23 22:00:00,-3.7349
2024-07-23 23:00:00,-3.7355
2024-07-24 00:00:00,-3.7362
2024-07-24 01:00:00,-3.7363
2024-07-24 02:00:00,-3.7365
2024-07-24 03:00:00,-3.7367
2024-07-24 04:00:00,-3.7371
2024-07-24 05:00:00,-3.7374
2024-07-24 06:00:00,-3.7374
2024-07-24 07:00:00,-3.7376
2024-07-24 08:00:00,-3.7379
2024-07-24 09:00:00,-3.7386
2024-07-24 10:00:00,-3.7389
2024-07-24 11:00:00,-3.7394
2024-07-24 12:00:00,-3.7397
2024-07-24 13:00:00,-3.7406
2024-07-24 14:00:00,-3.7410
2024-07-24 15:00:00,-3.7415
2024-07-24 16:00:00,-3.7420
2024-07-24 17:00:00,-3.7423
2024-07-24 18:00:00,-3.7427
2024-07-24 19:00:00,-3.7430
2024-07-24 20:00:00,-3.7435
2024-07-24 21:00:00,-3.7441
2024-07-24 22:00:00,-3.7445
2024-07-24 23:00:00,-3.7445
2024-07-25 00:00:00,-3.7445
2024-07-25 01:00:00,-3.7443
2024-07-25 02:00:00,-3.7441
2024-07-25 03:00:00,-3.7441
2024-07-25 04:00:00,-3.7437
2024-07-25 05:00:00,-3.7436
2024-07-25 06:00:00,-3.7432
2024-07-25 07:00:00,-3.7431
2024-07-25 08:00:00,-3.7434
2024-07-25 09:00:00,-3.7431
2024-07-25 10:00:00,-3.7440
2024-07-25 11:00:00,-3.7441
2024-07-25 12:00:00,-3.7443
2024-07-25 13:00:00,-3.7450
2024-07-25 14:00:00,-3.7452
2024-07-25 15:00:00,-3.7456
2024-07-25 16:00:00,-3.7461
2024-07-25 17:00:00,-3.7456
2024-07-25 18:00:00,-3.7459
2024-07-25 19:00:00,-3.7457
2024-07-25 20:00:00,-3.7456
2024-07-25 21:00:00,-3.7457
2024-07-25 22:00:00,-3.7461
2024-07-25 23:00:00,-3.7463
2024-07-26 00:00:00,-3.7462
2024-07-26 01:00:00,-3.7459
2024-07-26 02:00:00,-3.7438
2024-07-26 03:00:00,-3.7412
2024-07-26 04:00:00,-3.7392
2024-07-26 05:00:00,-3.7379
2024-07-26 06:00:00,-3.7368
2024-07-26 07:00:00,-3.7349
2024-07-26 08:00:00,-3.7338
2024-07-26 09:00:00,-3.7331
2024-07-26 10:00:00,-3.7331
2024-07-26 11:00:00,-3.7331
2024-07-26 12:00:00,-3.7330
2024-07-26 13:00:00,-3.7333
2024-07-26 14:00:00,-3.7331
2024-07-26 15:00:00,-3.7321
2024-07-26 16:00:00,-3.7324
2024-07-26 17:00:00,-3.7322
2024-07-26 18:00:00,-3.7325
2024-07-26 19:00:00,-3.7322
2024-07-26 20:00:00,-3.7321
2024-07-26 21:00:00,-3.7325
2024-07-26 22:00:00,-3.7326
2024-07-26 23:00:00,-3.7326
2024-07-27 00:00:00,-3.7325
2024-07-27 01:00:00,-3.7325
2024-07-27 02:00:00,-3.7321
2024-07-27 03:00:00,-3.7318
2024-07-27 04:00:00,-3.7314
2024-07-27 05:00:00,-3.7314
2024-07-27 06:00:00,-3.7310
2024-07-27 07:00:00,-3.7310
2024-07-27 08:00:00,-3.7311
2024-07-27 09:00:00,-3.7314
2024-07-27 10:00:00,-3.7321
2024-07-27 11:00:00,-3.7330
2024-07-27 12:00:00,-3.7334
2024-07-27 13:00:00,-3.7341
2024-07-27 14:00:00,-3.7347
2024-07-27 15:00:00,-3.7349
2024-07-27 16:00:00,-3.7341
2024-07-27 17:00:00,-3.7342
2024-07-27 18:00:00,-3.7345
2024-07-27 19:00:00,-3.7349
2024-07-27 20:00:00,-3.7352
2024-07-27 21:00:00,-3.7358
2024-07-27 22:00:00,-3.7366
2024-07-27 23:00:00,-3.7375
2024-07-28 00:00:00,-3.7382
2024-07-28 01:00:00,-3.7384
2024-07-28 02:00:00,-3.7387
2024-07-28 03:00:00,-3.7392
2024-07-28 04:00:00,-3.7394
2024-07-28 05:00:00,-3.7398
2024-07-28 06:00:00,-3.7399
2024-07-28 07:00:00,-3.7404
2024-07-28 08:00:00,-3.7407
2024-07-28 09:00:00,-3.7412
2024-07-28 10:00:00,-3.7418
2024-07-28 11:00:00,-3.7426
2024-07-28 12:00:00,-3.7434
2024-07-28 13:00:00,-3.7444
2024-07-28 14:00:00,-3.7451
2024-07-28 15:00:00,-3.7459
2024-07-28 16:00:00,-3.7468
2024-07-28 17:00:00,-3.7476
2024-07-28 18:00:00,-3.7478
2024-07-28 19:00:00,-3.7480
2024-07-28 20:00:00,-3.7483
2024-07-28 21:00:00,-3.7485
2024-07-28 22:00:00,-3.7487
2024-07-28 23:00:00,-3.7489
2024-07-29 00:00:00,-3.7487
2024-07-29 01:00:00,-3.7490
2024-07-29 02:00:00,-3.7488
2024-07-29 03:00:00,-3.7488
2024-07-29 04:00:00,-3.7488
2024-07-29 05:00:00,-3.7487
2024-07-29 06:00:00,-3.7484
2024-07-29 07:00:00,-3.7483
2024-07-29 08:00:00,-3.7480
2024-07-29 09:00:00,-3.7482
2024-07-29 10:00:00,-3.7487
2024-07-29 11:00:00,-3.7489
2024-07-29 12:00:00,-3.7492
2024-07-29 13:00:00,-3.7495
2024-07-29 14:00:00,-3.7500
2024-07-29 15:00:00,-3.7503
2024-07-29 16:00:00,-3.7508
2024-07-29 17:00:00,-3.7509
2024-07-29 18:00:00,-3.7508
2024-07-29 19:00:00,-3.7508
2024-07-29 20:00:00,-3.7508
2024-07-29 21:00:00,-3.7505
2024-07-29 22:00:00,-3.7505
2024-07-29 23:00:00,-3.7503
2024-07-30 00:00:00,-3.7504
2024-07-30 01:00:00,-3.7504
2024-07-30 02:00:00,-3.7503
2024-07-30 03:00:00,-3.7501
2024-07-30 04:00:00,-3.7499
2024-07-30 05:00:00,-3.7497
2024-07-30 06:00:00,-3.7495
2024-07-30 07:00:00,-3.7493
2024-07-30 08:00:00,-3.7490
2024-07-30 09:00:00,-3.7491
2024-07-30 10:00:00,-3.7492
2024-07-30 11:00:00,-3.7481
2024-07-30 12:00:00,-3.7482
2024-07-30 13:00:00,-3.7493
2024-07-30 14:00:00,-3.7503
2024-07-30 15:00:00,-3.7510
2024-07-30 16:00:00,-3.7517
2024-07-30 17:00:00,-3.7520
2024-07-30 18:00:00,-3.7524
2024-07-30 19:00:00,-3.7530
2024-07-30 20:00:00,-3.7529
2024-07-30 21:00:00,-3.7530
2024-07-30 22:00:00,-3.7533
2024-07-30 23:00:00,-3.7535
2024-07-31 00:00:00,-3.7538
2024-07-31 01:00:00,-3.7542
2024-07-31 02:00:00,-3.7542
2024-07-31 03:00:00,-3.7544
2024-07-31 04:00:00,-3.7537
2024-07-31 05:00:00,-3.7538
2024-07-31 06:00:00,-3.7535
2024-07-31 07:00:00,-3.7532
2024-07-31 08:00:00,-3.7530
2024-07-31 09:00:00,-3.7525
2024-07-31 10:00:00,-3.7526
2024-07-31 11:00:00,-3.7526
2024-07-31 12:00:00,-3.7527
2024-07-31 13:00:00,-3.7531
2024-07-31 14:00:00,-3.7539
2024-07-31 15:00:00,-3.7544
2024-07-31 16:00:00,-3.7548
2024-07-31 17:00:00,-3.7552
2024-07-31 18:00:00,-3.7554
2024-07-31 19:00:00,-3.7557
2024-07-31 20:00:00,-3.7557
2024-07-31 21:00:00,-3.7559
2024-07-31 22:00:00,-3.7562
2024-07-31 23:00:00,-3.7562
2024-08-01 00:00:00,-3.7562
2024-08-01 01:00:00,-3.7564
2024-08-01 02:00:00,-3.7565
2024-08-01 03:00:00,-3.7567
2024-08-01 04:00:00,-3.7563
2024-08-01 05:00:00,-3.7565
2024-08-01 06:00:00,-3.7562
2024-08-01 07:00:00,-3.7560
2024-08-01 08:00:00,-3.7559
2024-08-01 09:00:00,-3.7555
2024-08-01 10:00:00,-3.7555
2024-08-01 11:00:00,-3.7550
2024-08-01 12:00:00,-3.7552
2024-08-01 13:00:00,-3.7552
2024-08-01 14:00:00,-3.7554
2024-08-01 15:00:00,-3.7557
2024-08-01 16:00:00,-3.7566
2024-08-01 17:00:00,-3.7571
2024-08-01 18:00:00,-3.7575
2024-08-01 19:00:00,-3.7578
2024-08-01 20:00:00,-3.7581
2024-08-01 21:00:00,-3.7585
2024-08-01 22:00:00,-3.7587
2024-08-01 23:00:00,-3.7589
2024-08-02 00:00:00,-3.7590
2024-08-02 01:00:00,-3.7590
2024-08-02 02:00:00,-3.7591
2024-08-02 03:00:00,-3.7596
2024-08-02 04:00:00,-3.7597
2024-08-02 05:00:00,-3.7598
2024-08-02 06:00:00,-3.7598
2024-08-02 07:00:00,-3.7598
2024-08-02 08:00:00,-3.7598
2024-08-02 09:00:00,-3.7597
2024-08-02 10:00:00,-3.7599
2024-08-02 11:00:00,-3.7596
2024-08-02 12:00:00,-3.7601
2024-08-02 13:00:00,-3.7600
2024-08-02 14:00:00,-3.7603
2024-08-02 15:00:00,-3.7606
2024-08-02 16:00:00,-3.7608
2024-08-02 17:00:00,-3.7618
2024-08-02 18:00:00,-3.7625
2024-08-02 19:00:00,-3.7627
2024-08-02 20:00:00,-3.7630
2024-08-02 21:00:00,-3.7632
2024-08-02 22:00:00,-3.7634
2024-08-02 23:00:00,-3.7635
2024-08-03 00:00:00,-3.7634
2024-08-03 01:00:00,-3.7631
2024-08-03 02:00:00,-3.7630
2024-08-03 03:00:00,-3.7630
2024-08-03 04:00:00,-3.7628
2024-08-03 05:00:00,-3.7631
2024-08-03 06:00:00,-3.7631
2024-08-03 07:00:00,-3.7631
2024-08-03 08:00:00,-3.7630
2024-08-03 09:00:00,-3.7633
2024-08-03 10:00:00,-3.7635
2024-08-03 11:00:00,-3.7636
2024-08-03 12:00:00,-3.7636
2024-08-03 13:00:00,-3.7642
2024-08-03 14:00:00,-3.7641
2024-08-03 15:00:00,-3.7643
2024-08-03 16:00:00,-3.7653
2024-08-03 17:00:00,-3.7664
2024-08-03 18:00:00,-3.7675
2024-08-03 19:00:00,-3.7683
2024-08-03 20:00:00,-3.7684
2024-08-03 21:00:00,-3.7689
2024-08-03 22:00:00,-3.7690
2024-08-03 23:00:00,-3.7688
2024-08-04 00:00:00,-3.7686
2024-08-04 01:00:00,-3.7684
2024-08-04 02:00:00,-3.7678
2024-08-04 03:00:00,-3.7675
2024-08-04 04:00:00,-3.7676
2024-08-04 05:00:00,-3.7674
2024-08-04 06:00:00,-3.7674
2024-08-04 07:00:00,-3.7675
2024-08-04 08:00:00,-3.7678
2024-08-04 09:00:00,-3.7678
2024-08-04 10:00:00,-3.7685
2024-08-04 11:00:00,-3.7689
2024-08-04 12:00:00,-3.7690
2024-08-04 13:00:00,-3.7696
2024-08-04 14:00:00,-3.7703
2024-08-04 15:00:00,-3.7703
2024-08-04 16:00:00,-3.7712
2024-08-04 17:00:00,-3.7720
2024-08-04 18:00:00,-3.7731
2024-08-04 19:00:00,-3.7733
2024-08-04 20:00:00,-3.7740
2024-08-04 21:00:00,-3.7744
2024-08-04 22:00:00,-3.7746
2024-08-04 23:00:00,-3.7746
2024-08-05 00:00:00,-3.7745
2024-08-05 01:00:00,-3.7745
2024-08-05 02:00:00,-3.7740
2024-08-05 03:00:00,-3.7737
2024-08-05 04:00:00,-3.7734
2024-08-05 05:00:00,-3.7729
2024-08-05 06:00:00,-3.7729
2024-08-05 07:00:00,-3.7729
2024-08-05 08:00:00,-3.7730
2024-08-05 09:00:00,-3.7733
2024-08-05 10:00:00,-3.7732
2024-08-05 11:00:00,-3.7735
2024-08-05 12:00:00,-3.7741
2024-08-05 13:00:00,-3.7746
2024-08-05 14:00:00,-3.7752
2024-08-05 15:00:00,-3.7758
2024-08-05 16:00:00,-3.7761
2024-08-05 17:00:00,-3.7771
2024-08-05 18:00:00,-3.7774
2024-08-05 19:00:00,-3.7782
2024-08-05 20:00:00,-3.7792
2024-08-05 21:00:00,-3.7795
2024-08-05 22:00:00,-3.7794
2024-08-05 23:00:00,-3.7793
2024-08-06 00:00:00,-3.7790
2024-08-06 01:00:00,-3.7784
2024-08-06 02:00:00,-3.7780
2024-08-06 03:00:00,-3.7776
2024-08-06 04:00:00,-3.7771
2024-08-06 05:00:00,-3.7767
2024-08-06 06:00:00,-3.7765
2024-08-06 07:00:00,-3.7763
2024-08-06 08:00:00,-3.7764
2024-08-06 09:00:00,-3.7766
2024-08-06 10:00:00,-3.7768
2024-08-06 11:00:00,-3.7771
2024-08-06 12:00:00,-3.7776
2024-08-06 13:00:00,-3.7782
2024-08-06 14:00:00,-3.7785
2024-08-06 15:00:00,-3.7793
2024-08-06 16:00:00,-3.7795
2024-08-06 17:00:00,-3.7802
2024-08-06 18:00:00,-3.7807
2024-08-06 19:00:00,-3.7812
2024-08-06 20:00:00,-3.7817
2024-08-06 21:00:00,-3.7817
2024-08-06 22:00:00,-3.7818
2024-08-06 23:00:00,-3.7813
2024-08-07 00:00:00,-3.7808
2024-08-07 01:00:00,-3.7802
2024-08-07 02:00:00,-3.7795
2024-08-07 03:00:00,-3.7789
2024-08-07 04:00:00,-3.7781
2024-08-07 05:00:00,-3.7771
2024-08-07 06:00:00,-3.7766
2024-08-07 07:00:00,-3.7763
2024-08-07 08:00:00,-3.7757
2024-08-07 09:00:00,-3.7755
2024-08-07 10:00:00,-3.7754
2024-08-07 11:00:00,-3.7754
2024-08-07 12:00:00,-3.7755
2024-08-07 13:00:00,-3.7753
2024-08-07 14:00:00,-3.7756
2024-08-07 15:00:00,-3.7762
2024-08-07 16:00:00,-3.7768
2024-08-07 17:00:00,-3.7771
2024-08-07 18:00:00,-3.7777
2024-08-07 19:00:00,-3.7781
2024-08-07 20:00:00,-3.7790
2024-08-07 21:00:00,-3.7793
2024-08-07 22:00:00,-3.7792
2024-08-07 23:00:00,-3.7788
2024-08-08 00:00:00,-3.7784
2024-08-08 01:00:00,-3.7780
2024-08-08 02:00:00,-3.7775
2024-08-08 03:00:00,-3.7767
2024-08-08 04:00:00,-3.7761
2024-08-08 05:00:00,-3.7755
2024-08-08 06:00:00,-3.7747
2024-08-08 07:00:00,-3.7743
2024-08-08 08:00:00,-3.7743
2024-08-08 09:00:00,-3.7741
2024-08-08 10:00:00,-3.7743
2024-08-08 11:00:00,-3.7735
2024-08-08 12:00:00,-3.7749
2024-08-08 13:00:00,-3.7745
2024-08-08 14:00:00,-3.7753
2024-08-08 15:00:00,-3.7757
2024-08-08 16:00:00,-3.7765
2024-08-08 17:00:00,-3.7768
2024-08-08 18:00:00,-3.7772
2024-08-08 19:00:00,-3.7773
2024-08-08 20:00:00,-3.7777
2024-08-08 21:00:00,-3.7780
2024-08-08 22:00:00,-3.7777
2024-08-08 23:00:00,-3.7773
2024-08-09 00:00:00,-3.7768
2024-08-09 01:00:00,-3.7776
2024-08-09 02:00:00,-3.7759
2024-08-09 03:00:00,-3.7754
2024-08-09 04:00:00,-3.7737
2024-08-09 05:00:00,-3.7741
2024-08-09 06:00:00,-3.7744
2024-08-09 07:00:00,-3.7739
2024-08-09 08:00:00,-3.7735
2024-08-09 09:00:00,-3.7737
2024-08-09 10:00:00,-3.7732
2024-08-09 11:00:00,-3.7730
2024-08-09 12:00:00,-3.7730
2024-08-09 13:00:00,-3.7727
2024-08-09 14:00:00,-3.7719
2024-08-09 15:00:00,-3.7712
2024-08-09 16:00:00,-3.7714
2024-08-09 17:00:00,-3.7714
2024-08-09 18:00:00,-3.7715
2024-08-09 19:00:00,-3.7710
2024-08-09 20:00:00,-3.7715
2024-08-09 21:00:00,-3.7718
2024-08-09 22:00:00,-3.7719
2024-08-09 23:00:00,-3.7718
2024-08-10 00:00:00,-3.7717
2024-08-10 01:00:00,-3.7714
2024-08-10 02:00:00,-3.7713
2024-08-10 03:00:00,-3.7708
2024-08-10 04:00:00,-3.7704
2024-08-10 05:00:00,-3.7700
2024-08-10 06:00:00,-3.7700
2024-08-10 07:00:00,-3.7697
2024-08-10 08:00:00,-3.7697
2024-08-10 09:00:00,-3.7700
2024-08-10 10:00:00,-3.7705
2024-08-10 11:00:00,-3.7710
2024-08-10 12:00:00,-3.7714
2024-08-10 13:00:00,-3.7719
2024-08-10 14:00:00,-3.7732
2024-08-10 15:00:00,-3.7740
2024-08-10 16:00:00,-3.7750
2024-08-10 17:00:00,-3.7760
2024-08-10 18:00:00,-3.7767
2024-08-10 19:00:00,-3.7770
2024-08-10 20:00:00,-3.7770
2024-08-10 21:00:00,-3.7771
2024-08-10 22:00:00,-3.7771
2024-08-10 23:00:00,-3.7768
2024-08-11 00:00:00,-3.7766
2024-08-11 01:00:00,-3.7763
2024-08-11 02:00:00,-3.7757
2024-08-11 03:00:00,-3.7756
2024-08-11 04:00:00,-3.7750
2024-08-11 05:00:00,-3.7744
2024-08-11 06:00:00,-3.7740
2024-08-11 07:00:00,-3.7737
2024-08-11 08:00:00,-3.7736
2024-08-11 09:00:00,-3.7734
2024-08-11 10:00:00,-3.7738
2024-08-11 11:00:00,-3.7743
2024-08-11 12:00:00,-3.7742
2024-08-11 13:00:00,-3.7746
2024-08-11 14:00:00,-3.7753
2024-08-11 15:00:00,-3.7755
2024-08-11 16:00:00,-3.7758
2024-08-11 17:00:00,-3.7764
2024-08-11 18:00:00,-3.7765
2024-08-11 19:00:00,-3.7766
2024-08-11 20:00:00,-3.7760
2024-08-11 21:00:00,-3.7753
2024-08-11 22:00:00,-3.7750
2024-08-11 23:00:00,-3.7749
2024-08-12 00:00:00,-3.7746
2024-08-12 01:00:00,-3.7742
2024-08-12 02:00:00,-3.7735
2024-08-12 03:00:00,-3.7730
2024-08-12 04:00:00,-3.7725
2024-08-12 05:00:00,-3.7719
2024-08-12 06:00:00,-3.7712
2024-08-12 07:00:00,-3.7705
2024-08-12 08:00:00,-3.7697
2024-08-12 09:00:00,-3.7695
2024-08-12 10:00:00,-3.7693
2024-08-12 11:00:00,-3.7694
2024-08-12 12:00:00,-3.7694
2024-08-12 13:00:00,-3.7697
2024-08-12 14:00:00,-3.7703
2024-08-12 15:00:00,-3.7708
2024-08-12 16:00:00,-3.7716
2024-08-12 17:00:00,-3.7722
2024-08-12 18:00:00,-3.7724
2024-08-12 19:00:00,-3.7720
2024-08-12 20:00:00,-3.7724
2024-08-12 21:00:00,-3.7725
2024-08-12 22:00:00,-3.7728
2024-08-12 23:00:00,-3.7727
2024-08-13 00:00:00,-3.7727
2024-08-13 01:00:00,-3.7723
2024-08-13 02:00:00,-3.7717
2024-08-13 03:00:00,-3.7713
2024-08-13 04:00:00,-3.7709
2024-08-13 05:00:00,-3.7703
2024-08-13 06:00:00,-3.7696
2024-08-13 07:00:00,-3.7692
2024-08-13 08:00:00,-3.7686
2024-08-13 09:00:00,-3.7691
2024-08-13 10:00:00,-3.7691
2024-08-13 11:00:00,-3.7691
2024-08-13 12:00:00,-3.7696
2024-08-13 13:00:00,-3.7700
2024-08-13 14:00:00,-3.7702
2024-08-13 15:00:00,-3.7706
2024-08-13 16:00:00,-3.7714
2024-08-13 17:00:00,-3.7715
2024-08-13 18:00:00,-3.7721
2024-08-13 19:00:00,-3.7725
2024-08-13 20:00:00,-3.7727
2024-08-13 21:00:00,-3.7732
2024-08-13 22:00:00,-3.7736
2024-08-13 23:00:00,-3.7737
2024-08-14 00:00:00,-3.7737
2024-08-14 01:00:00,-3.7731
2024-08-14 02:00:00,-3.7728
2024-08-14 03:00:00,-3.7725
2024-08-14 04:00:00,-3.7717
2024-08-14 05:00:00,-3.7716
2024-08-14 06:00:00,-3.7713
2024-08-14 07:00:00,-3.7710
2024-08-14 08:00:00,-3.7706
2024-08-14 09:00:00,-3.7706
2024-08-14 10:00:00,-3.7657
2024-08-14 11:00:00,-3.7533
2024-08-14 12:00:00,-3.7421
2024-08-14 13:00:00,-3.7345
2024-08-14 14:00:00,-3.7290
2024-08-14 15:00:00,-3.7252
2024-08-14 16:00:00,-3.7228
2024-08-14 17:00:00,-3.7207
2024-08-14 18:00:00,-3.7194
2024-08-14 19:00:00,-3.7186
2024-08-14 20:00:00,-3.7181
2024-08-14 21:00:00,-3.7178
2024-08-14 22:00:00,-3.7175
2024-08-14 23:00:00,-3.7171
2024-08-15 00:00:00,-3.7172
2024-08-15 01:00:00,-3.7178
2024-08-15 02:00:00,-3.7177
2024-08-15 03:00:00,-3.7180
2024-08-15 04:00:00,-3.7183
2024-08-15 05:00:00,-3.7184
2024-08-15 06:00:00,-3.7185
2024-08-15 07:00:00,-3.7183
2024-08-15 08:00:00,-3.7186
2024-08-15 09:00:00,-3.7193
2024-08-15 10:00:00,-3.7199
2024-08-15 11:00:00,-3.7210
2024-08-15 12:00:00,-3.7212
2024-08-15 13:00:00,-3.7206
2024-08-15 14:00:00,-3.7221
2024-08-15 15:00:00,-3.7236
2024-08-15 16:00:00,-3.7249
2024-08-15 17:00:00,-3.7256
2024-08-15 18:00:00,-3.7266
2024-08-15 19:00:00,-3.7273
2024-08-15 20:00:00,-3.7281
2024-08-15 21:00:00,-3.7285
2024-08-15 22:00:00,-3.7290
2024-08-15 23:00:00,-3.7295
2024-08-16 00:00:00,-3.7304
2024-08-16 01:00:00,-3.7309
2024-08-16 02:00:00,-3.7315
2024-08-16 03:00:00,-3.7316
2024-08-16 04:00:00,-3.7317
2024-08-16 05:00:00,-3.7320
2024-08-16 06:00:00,-3.7314
2024-08-16 07:00:00,-3.7296
2024-08-16 08:00:00,-3.7275
2024-08-16 09:00:00,-3.7255
2024-08-16 10:00:00,-3.7239
2024-08-16 11:00:00,-3.7230
2024-08-16 12:00:00,-3.7216
2024-08-16 13:00:00,-3.7203
2024-08-16 14:00:00,-3.7199
2024-08-16 15:00:00,-3.7197
2024-08-16 16:00:00,-3.7200
2024-08-16 17:00:00,-3.7206
2024-08-16 18:00:00,-3.7210
2024-08-16 19:00:00,-3.7209
2024-08-16 20:00:00,-3.7212
2024-08-16 21:00:00,-3.7221
2024-08-16 22:00:00,-3.7224
2024-08-16 23:00:00,-3.7228
2024-08-17 00:00:00,-3.7231
2024-08-17 01:00:00,-3.7234
2024-08-17 02:00:00,-3.7240
2024-08-17 03:00:00,-3.7240
2024-08-17 04:00:00,-3.7241
2024-08-17 05:00:00,-3.7245
2024-08-17 06:00:00,-3.7244
2024-08-17 07:00:00,-3.7248
2024-08-17 08:00:00,-3.7249
2024-08-17 09:00:00,-3.7252
2024-08-17 10:00:00,-3.7261
2024-08-17 11:00:00,-3.7267
2024-08-17 12:00:00,-3.7277
2024-08-17 13:00:00,-3.7285
2024-08-17 14:00:00,-3.7292
2024-08-17 15:00:00,-3.7306
2024-08-17 16:00:00,-3.7319
2024-08-17 17:00:00,-3.7323
2024-08-17 18:00:00,-3.7334
2024-08-17 19:00:00,-3.7340
2024-08-17 20:00:00,-3.7345
2024-08-17 21:00:00,-3.7350
2024-08-17 22:00:00,-3.7352
2024-08-17 23:00:00,-3.7353
2024-08-18 00:00:00,-3.7354
2024-08-18 01:00:00,-3.7352
2024-08-18 02:00:00,-3.7353
2024-08-18 03:00:00,-3.7352
2024-08-18 04:00:00,-3.7355
2024-08-18 05:00:00,-3.7356
2024-08-18 06:00:00,-3.7359
2024-08-18 07:00:00,-3.7360
2024-08-18 08:00:00,-3.7362
2024-08-18 09:00:00,-3.7364
2024-08-18 10:00:00,-3.7367
2024-08-18 11:00:00,-3.7373
2024-08-18 12:00:00,-3.7380
2024-08-18 13:00:00,-3.7386
2024-08-18 14:00:00,-3.7397
2024-08-18 15:00:00,-3.7402
2024-08-18 16:00:00,-3.7411
2024-08-18 17:00:00,-3.7421
2024-08-18 18:00:00,-3.7434
2024-08-18 19:00:00,-3.7446
2024-08-18 20:00:00,-3.7459
2024-08-18 21:00:00,-3.7467
2024-08-18 22:00:00,-3.7474
2024-08-18 23:00:00,-3.7481
2024-08-19 00:00:00,-3.7481
2024-08-19 01:00:00,-3.7482
2024-08-19 02:00:00,-3.7486
2024-08-19 03:00:00,-3.7486
2024-08-19 04:00:00,-3.7485
2024-08-19 05:00:00,-3.7487
2024-08-19 06:00:00,-3.7483
2024-08-19 07:00:00,-3.7487
2024-08-19 08:00:00,-3.7487
2024-08-19 09:00:00,-3.7490
2024-08-19 10:00:00,-3.7488
2024-08-19 11:00:00,-3.7493
2024-08-19 12:00:00,-3.7503
2024-08-19 13:00:00,-3.7514
2024-08-19 14:00:00,-3.7522
2024-08-19 15:00:00,-3.7533
2024-08-19 16:00:00,-3.7540
2024-08-19 17:00:00,-3.7548
2024-08-19 18:00:00,-3.7554
2024-08-19 19:00:00,-3.7559
2024-08-19 20:00:00,-3.7570
2024-08-19 21:00:00,-3.7572
2024-08-19 22:00:00,-3.7574
2024-08-19 23:00:00,-3.7572
2024-08-20 00:00:00,-3.7567
2024-08-20 01:00:00,-3.7563
2024-08-20 02:00:00,-3.7558
2024-08-20 03:00:00,-3.7553
2024-08-20 04:00:00,-3.7549
2024-08-20 05:00:00,-3.7547
2024-08-20 06:00:00,-3.7547
2024-08-20 07:00:00,-3.7546
2024-08-20 08:00:00,-3.7545
2024-08-20 09:00:00,-3.7546
2024-08-20 10:00:00,-3.7551
2024-08-20 11:00:00,-3.7556
2024-08-20 12:00:00,-3.7559
2024-08-20 13:00:00,-3.7570
2024-08-20 14:00:00,-3.7575
2024-08-20 15:00:00,-3.7588
2024-08-20 16:00:00,-3.7572
2024-08-20 17:00:00,-3.7556
2024-08-20 18:00:00,-3.7524
2024-08-20 19:00:00,-3.7490
2024-08-20 20:00:00,-3.7472
2024-08-20 21:00:00,-3.7452
2024-08-20 22:00:00,-3.7438
2024-08-20 23:00:00,-3.7424
2024-08-21 00:00:00,-3.7413
2024-08-21 01:00:00,-3.7405
2024-08-21 02:00:00,-3.7396
2024-08-21 03:00:00,-3.7394
2024-08-21 04:00:00,-3.7384
2024-08-21 05:00:00,-3.7384
2024-08-21 06:00:00,-3.7385
2024-08-21 07:00:00,-3.7387
2024-08-21 08:00:00,-3.7398
2024-08-21 09:00:00,-3.7400
2024-08-21 10:00:00,-3.7415
2024-08-21 11:00:00,-3.7415
2024-08-21 12:00:00,-3.7419
2024-08-21 13:00:00,-3.7443
2024-08-21 14:00:00,-3.7455
2024-08-21 15:00:00,-3.7468
2024-08-21 16:00:00,-3.7477
2024-08-21 17:00:00,-3.7487
2024-08-21 18:00:00,-3.7500
2024-08-21 19:00:00,-3.7509
2024-08-21 20:00:00,-3.7520
2024-08-21 21:00:00,-3.7523
2024-08-21 22:00:00,-3.7525
2024-08-21 23:00:00,-3.7523
2024-08-22 00:00:00,-3.7522
2024-08-22 01:00:00,-3.7524
2024-08-22 02:00:00,-3.7522
2024-08-22 03:00:00,-3.7518
2024-08-22 04:00:00,-3.7512
2024-08-22 05:00:00,-3.7513
2024-08-22 06:00:00,-3.7510
2024-08-22 07:00:00,-3.7504
2024-08-22 08:00:00,-3.7508
2024-08-22 09:00:00,-3.7510
2024-08-22 10:00:00,-3.7528
2024-08-22 11:00:00,-3.7525
2024-08-22 12:00:00,-3.7533
2024-08-22 13:00:00,-3.7548
2024-08-22 14:00:00,-3.7560
2024-08-22 15:00:00,-3.7569
2024-08-22 16:00:00,-3.7578
2024-08-22 17:00:00,-3.7600
2024-08-22 18:00:00,-3.7596
2024-08-22 19:00:00,-3.7598
2024-08-22 20:00:00,-3.7600
2024-08-22 21:00:00,-3.7603
2024-08-22 22:00:00,-3.7617
2024-08-22 23:00:00,-3.7627
2024-08-23 00:00:00,-3.7630
2024-08-23 01:00:00,-3.7623
2024-08-23 02:00:00,-3.7614
2024-08-23 03:00:00,-3.7610
2024-08-23 04:00:00,-3.7598
2024-08-23 05:00:00,-3.7594
2024-08-23 06:00:00,-3.7588
2024-08-23 07:00:00,-3.7589
2024-08-23 08:00:00,-3.7597
2024-08-23 09:00:00,-3.7611
2024-08-23 10:00:00,-3.7618
2024-08-23 11:00:00,-3.7629
2024-08-23 12:00:00,-3.7640
2024-08-23 13:00:00,-3.7640
2024-08-23 14:00:00,-3.7643
2024-08-23 15:00:00,-3.7660
2024-08-23 16:00:00,-3.7668
2024-08-23 17:00:00,-3.7672
2024-08-23 18:00:00,-3.7673
2024-08-23 19:00:00,-3.7676
2024-08-23 20:00:00,-3.7679
2024-08-23 21:00:00,-3.7679
2024-08-23 22:00:00,-3.7681
2024-08-23 23:00:00,-3.7679
2024-08-24 00:00:00,-3.7673
2024-08-24 01:00:00,-3.7669
2024-08-24 02:00:00,-3.7669
2024-08-24 03:00:00,-3.7668
2024-08-24 04:00:00,-3.7665
2024-08-24 05:00:00,-3.7661
2024-08-24 06:00:00,-3.7659
2024-08-24 07:00:00,-3.7653
2024-08-24 08:00:00,-3.7661
2024-08-24 09:00:00,-3.7655
2024-08-24 10:00:00,-3.7641
2024-08-24 11:00:00,-3.7631
2024-08-24 12:00:00,-3.7630
2024-08-24 13:00:00,-3.7621
2024-08-24 14:00:00,-3.7625
2024-08-24 15:00:00,-3.7633
2024-08-24 16:00:00,-3.7652
2024-08-24 17:00:00,-3.7658
2024-08-24 18:00:00,-3.7610
2024-08-24 19:00:00,-3.7544
2024-08-24 20:00:00,-3.7473
2024-08-24 21:00:00,-3.7422
2024-08-24 22:00:00,-3.7385
2024-08-24 23:00:00,-3.7348
2024-08-25 00:00:00,-3.7342
2024-08-25 01:00:00,-3.7336
2024-08-25 02:00:00,-3.7326
2024-08-25 03:00:00,-3.7319
2024-08-25 04:00:00,-3.7316
2024-08-25 05:00:00,-3.7312
2024-08-25 06:00:00,-3.7316
2024-08-25 07:00:00,-3.7318
2024-08-25 08:00:00,-3.7322
2024-08-25 09:00:00,-3.7334
2024-08-25 10:00:00,-3.7342
2024-08-25 11:00:00,-3.7355
2024-08-25 12:00:00,-3.7366
2024-08-25 13:00:00,-3.7382
2024-08-25 14:00:00,-3.7388
2024-08-25 15:00:00,-3.7402
2024-08-25 16:00:00,-3.7418
2024-08-25 17:00:00,-3.7429
2024-08-25 18:00:00,-3.7444
2024-08-25 19:00:00,-3.7446
2024-08-25 20:00:00,-3.7454
2024-08-25 21:00:00,-3.7450
2024-08-25 22:00:00,-3.7451
2024-08-25 23:00:00,-3.7453
2024-08-26 00:00:00,-3.7456
2024-08-26 01:00:00,-3.7462
2024-08-26 02:00:00,-3.7467
2024-08-26 03:00:00,-3.7469
2024-08-26 04:00:00,-3.7471
2024-08-26 05:00:00,-3.7465
2024-08-26 06:00:00,-3.7468
2024-08-26 07:00:00,-3.7470
2024-08-26 08:00:00,-3.7468
2024-08-26 09:00:00,-3.7471
2024-08-26 10:00:00,-3.7473
2024-08-26 11:00:00,-3.7474
2024-08-26 12:00:00,-3.7483
2024-08-26 13:00:00,-3.7486
2024-08-26 14:00:00,-3.7496
2024-08-26 15:00:00,-3.7501
2024-08-26 16:00:00,-3.7502
2024-08-26 17:00:00,-3.7511
2024-08-26 18:00:00,-3.7518
2024-08-26 19:00:00,-3.7516
2024-08-26 20:00:00,-3.7516
2024-08-26 21:00:00,-3.7510
2024-08-26 22:00:00,-3.7504
2024-08-26 23:00:00,-3.7514
2024-08-27 00:00:00,-3.7514
2024-08-27 01:00:00,-3.7512
2024-08-27 02:00:00,-3.7509
2024-08-27 03:00:00,-3.7514
2024-08-27 04:00:00,-3.7510
2024-08-27 05:00:00,-3.7506
2024-08-27 06:00:00,-3.7506
2024-08-27 07:00:00,-3.7513
2024-08-27 08:00:00,-3.7511
2024-08-27 09:00:00,-3.7506
2024-08-27 10:00:00,-3.7521
2024-08-27 11:00:00,-3.7524
2024-08-27 12:00:00,-3.7527
2024-08-27 13:00:00,-3.7538
2024-08-27 14:00:00,-3.7545
2024-08-27 15:00:00,-3.7558
2024-08-27 16:00:00,-3.7565
2024-08-27 17:00:00,-3.7576
2024-08-27 18:00:00,-3.7580
2024-08-27 19:00:00,-3.7568
2024-08-27 20:00:00,-3.7579
2024-08-27 21:00:00,-3.7576
2024-08-27 22:00:00,-3.7567
2024-08-27 23:00:00,-3.7568
2024-08-28 00:00:00,-3.7570
2024-08-28 01:00:00,-3.7570
2024-08-28 02:00:00,-3.7569
2024-08-28 03:00:00,-3.7563
2024-08-28 04:00:00,-3.7558
2024-08-28 05:00:00,-3.7553
2024-08-28 06:00:00,-3.7550
2024-08-28 07:00:00,-3.7557
2024-08-28 08:00:00,-3.7550
2024-08-28 09:00:00,-3.7543
2024-08-28 10:00:00,-3.7545
2024-08-28 11:00:00,-3.7547
2024-08-28 12:00:00,-3.7553
2024-08-28 13:00:00,-3.7559
2024-08-28 14:00:00,-3.7567
2024-08-28 15:00:00,-3.7575
2024-08-28 16:00:00,-3.7591
2024-08-28 17:00:00,-3.7597
2024-08-28 18:00:00,-3.7603
2024-08-28 19:00:00,-3.7608
2024-08-28 20:00:00,-3.7609
2024-08-28 21:00:00,-3.7609
2024-08-28 22:00:00,-3.7609
2024-08-28 23:00:00,-3.7604
2024-08-29 00:00:00,-3.7609
2024-08-29 01:00:00,-3.7609
2024-08-29 02:00:00,-3.7600
2024-08-29 03:00:00,-3.7599
2024-08-29 04:00:00,-3.7597
2024-08-29 05:00:00,-3.7594
2024-08-29 06:00:00,-3.7594
2024-08-29 07:00:00,-3.7598
2024-08-29 08:00:00,-3.7592
2024-08-29 09:00:00,-3.7597
2024-08-29 10:00:00,-3.7603
2024-08-29 11:00:00,-3.7607
2024-08-29 12:00:00,-3.7613
2024-08-29 13:00:00,-3.7619
2024-08-29 14:00:00,-3.7636
2024-08-29 15:00:00,-3.7645
2024-08-29 16:00:00,-3.7659
2024-08-29 17:00:00,-3.7669
2024-08-29 18:00:00,-3.7675
2024-08-29 19:00:00,-3.7686
2024-08-29 20:00:00,-3.7694
2024-08-29 21:00:00,-3.7694
2024-08-29 22:00:00,-3.7687
2024-08-29 23:00:00,-3.7686
2024-08-30 00:00:00,-3.7688
2024-08-30 01:00:00,-3.7690
2024-08-30 02:00:00,-3.7690
2024-08-30 03:00:00,-3.7692
2024-08-30 04:00:00,-3.7690
2024-08-30 05:00:00,-3.7690
2024-08-30 06:00:00,-3.7687
2024-08-30 07:00:00,-3.7689
2024-08-30 08:00:00,-3.7686
2024-08-30 09:00:00,-3.7680
2024-08-30 10:00:00,-3.7692
2024-08-30 11:00:00,-3.7692
2024-08-30 12:00:00,-3.7693
2024-08-30 13:00:00,-3.7699
2024-08-30 14:00:00,-3.7703
2024-08-30 15:00:00,-3.7713
2024-08-30 16:00:00,-3.7725
2024-08-30 17:00:00,-3.7727
2024-08-30 18:00:00,-3.7741
2024-08-30 19:00:00,-3.7734
2024-08-30 20:00:00,-3.7738
2024-08-30 21:00:00,-3.7738
2024-08-30 22:00:00,-3.7738
2024-08-30 23:00:00,-3.7735
2024-08-31 00:00:00,-3.7735
2024-08-31 01:00:00,-3.7736
2024-08-31 02:00:00,-3.7734
2024-08-31 03:00:00,-3.7736
2024-08-31 04:00:00,-3.7733
2024-08-31 05:00:00,-3.7733
2024-08-31 06:00:00,-3.7731
2024-08-31 07:00:00,-3.7735
2024-08-31 08:00:00,-3.7730
2024-08-31 09:00:00,-3.7727
2024-08-31 10:00:00,-3.7727
2024-08-31 11:00:00,-3.7722
2024-08-31 12:00:00,-3.7725
2024-08-31 13:00:00,-3.7727
2024-08-31 14:00:00,-3.7731
2024-08-31 15:00:00,-3.7733
2024-08-31 16:00:00,-3.7741
2024-08-31 17:00:00,-3.7760
2024-08-31 18:00:00,-3.7767
2024-08-31 19:00:00,-3.7770
2024-08-31 20:00:00,-3.7775
2024-08-31 21:00:00,-3.7779
2024-08-31 22:00:00,-3.7780
2024-08-31 23:00:00,-3.7774
2024-09-01 00:00:00,-3.7774
2024-09-01 01:00:00,-3.7773
2024-09-01 02:00:00,-3.7766
2024-09-01 03:00:00,-3.7763
2024-09-01 04:00:00,-3.7759
2024-09-01 05:00:00,-3.7758
2024-09-01 06:00:00,-3.7756
2024-09-01 07:00:00,-3.7759
2024-09-01 08:00:00,-3.7757
2024-09-01 09:00:00,-3.7752
2024-09-01 10:00:00,-3.7751
2024-09-01 11:00:00,-3.7748
2024-09-01 12:00:00,-3.7752
2024-09-01 13:00:00,-3.7752
2024-09-01 14:00:00,-3.7755
2024-09-01 15:00:00,-3.7761
2024-09-01 16:00:00,-3.7771
2024-09-01 17:00:00,-3.7782
2024-09-01 18:00:00,-3.7790
2024-09-01 19:00:00,-3.7796
2024-09-01 20:00:00,-3.7796
2024-09-01 21:00:00,-3.7791
2024-09-01 22:00:00,-3.7791
2024-09-01 23:00:00,-3.7793
2024-09-02 00:00:00,-3.7790
2024-09-02 01:00:00,-3.7783
2024-09-02 02:00:00,-3.7777
2024-09-02 03:00:00,-3.7771
2024-09-02 04:00:00,-3.7764
2024-09-02 05:00:00,-3.7761
2024-09-02 06:00:00,-3.7761
2024-09-02 07:00:00,-3.7762
2024-09-02 08:00:00,-3.7759
2024-09-02 09:00:00,-3.7761
2024-09-02 10:00:00,-3.7760
2024-09-02 11:00:00,-3.7763
2024-09-02 12:00:00,-3.7764
2024-09-02 13:00:00,-3.7772
2024-09-02 14:00:00,-3.7784
2024-09-02 15:00:00,-3.7783
2024-09-02 16:00:00,-3.7806
2024-09-02 17:00:00,-3.7811
2024-09-02 18:00:00,-3.7818
2024-09-02 19:00:00,-3.7821
2024-09-02 20:00:00,-3.7831
2024-09-02 21:00:00,-3.7832
2024-09-02 22:00:00,-3.7831
2024-09-02 23:00:00,-3.7826
2024-09-03 00:00:00,-3.7824
2024-09-03 01:00:00,-3.7818
2024-09-03 02:00:00,-3.7812
2024-09-03 03:00:00,-3.7809
2024-09-03 04:00:00,-3.7805
2024-09-03 05:00:00,-3.7800
2024-09-03 06:00:00,-3.7801
2024-09-03 07:00:00,-3.7804
2024-09-03 08:00:00,-3.7803
2024-09-03 09:00:00,-3.7804
2024-09-03 10:00:00,-3.7801
2024-09-03 11:00:00,-3.7800
2024-09-03 12:00:00,-3.7807
2024-09-03 13:00:00,-3.7807
2024-09-03 14:00:00,-3.7818
2024-09-03 15:00:00,-3.7827
2024-09-03 16:00:00,-3.7835
2024-09-03 17:00:00,-3.7829
2024-09-03 18:00:00,-3.7838
2024-09-03 19:00:00,-3.7840
2024-09-03 20:00:00,-3.7829
2024-09-03 21:00:00,-3.7841
2024-09-03 22:00:00,-3.7812
2024-09-03 23:00:00,-3.7754
2024-09-04 00:00:00,-3.7718
2024-09-04 01:00:00,-3.7670
2024-09-04 02:00:00,-3.7636
2024-09-04 03:00:00,-3.7605
2024-09-04 04:00:00,-3.7586
2024-09-04 05:00:00,-3.7567
2024-09-04 06:00:00,-3.7555
2024-09-04 07:00:00,-3.7547
2024-09-04 08:00:00,-3.7544
2024-09-04 09:00:00,-3.7534
2024-09-04 10:00:00,-3.7526
2024-09-04 11:00:00,-3.7526
2024-09-04 12:00:00,-3.7527
2024-09-04 13:00:00,-3.7524
2024-09-04 14:00:00,-3.7528
2024-09-04 15:00:00,-3.7523
2024-09-04 16:00:00,-3.7519
2024-09-04 17:00:00,-3.7517
2024-09-04 18:00:00,-3.7516
2024-09-04 19:00:00,-3.7508
2024-09-04 20:00:00,-3.7520
2024-09-04 21:00:00,-3.7517
2024-09-04 22:00:00,-3.7514
2024-09-04 23:00:00,-3.7513
2024-09-05 00:00:00,-3.7513
2024-09-05 01:00:00,-3.7509
2024-09-05 02:00:00,-3.7508
2024-09-05 03:00:00,-3.7505
2024-09-05 04:00:00,-3.7502
2024-09-05 05:00:00,-3.7496
2024-09-05 06:00:00,-3.7494
2024-09-05 07:00:00,-3.7495
2024-09-05 08:00:00,-3.7495
2024-09-05 09:00:00,-3.7486
2024-09-05 10:00:00,-3.7479
2024-09-05 11:00:00,-3.7475
2024-09-05 12:00:00,-3.7472
2024-09-05 13:00:00,-3.7468
2024-09-05 14:00:00,-3.7466
2024-09-05 15:00:00,-3.7472
2024-09-05 16:00:00,-3.7477
2024-09-05 17:00:00,-3.7484
2024-09-05 18:00:00,-3.7499
2024-09-05 19:00:00,-3.7503
2024-09-05 20:00:00,-3.7514
2024-09-05 21:00:00,-3.7519
2024-09-05 22:00:00,-3.7529
2024-09-05 23:00:00,-3.7533
2024-09-06 00:00:00,-3.7538
2024-09-06 01:00:00,-3.7538
2024-09-06 02:00:00,-3.7538
2024-09-06 03:00:00,-3.7533
2024-09-06 04:00:00,-3.7532
2024-09-06 05:00:00,-3.7535
2024-09-06 06:00:00,-3.7539
2024-09-06 07:00:00,-3.7539
2024-09-06 08:00:00,-3.7547
2024-09-06 09:00:00,-3.7547
2024-09-06 10:00:00,-3.7556
2024-09-06 11:00:00,-3.7563
2024-09-06 12:00:00,-3.7568
2024-09-06 13:00:00,-3.7582
2024-09-06 14:00:00,-3.7596
2024-09-06 15:00:00,-3.7605
2024-09-06 16:00:00,-3.7614
2024-09-06 17:00:00,-3.7628
2024-09-06 18:00:00,-3.7633
2024-09-06 19:00:00,-3.7640
2024-09-06 20:00:00,-3.7648
2024-09-06 21:00:00,-3.7652
2024-09-06 22:00:00,-3.7659
2024-09-06 23:00:00,-3.7657
2024-09-07 00:00:00,-3.7641
2024-09-07 01:00:00,-3.7636
2024-09-07 02:00:00,-3.7631
2024-09-07 03:00:00,-3.7629
2024-09-07 04:00:00,-3.7624
2024-09-07 05:00:00,-3.7619
2024-09-07 06:00:00,-3.7616
2024-09-07 07:00:00,-3.7616
2024-09-07 08:00:00,-3.7617
2024-09-07 09:00:00,-3.7619
2024-09-07 10:00:00,-3.7620
2024-09-07 11:00:00,-3.7620
2024-09-07 12:00:00,-3.7618
2024-09-07 13:00:00,-3.7622
2024-09-07 14:00:00,-3.7628
2024-09-07 15:00:00,-3.7628
2024-09-07 16:00:00,-3.7630
2024-09-07 17:00:00,-3.7636
2024-09-07 18:00:00,-3.7633
2024-09-07 19:00:00,-3.7636
2024-09-07 20:00:00,-3.7637
2024-09-07 21:00:00,-3.7636
2024-09-07 22:00:00,-3.7640
2024-09-07 23:00:00,-3.7639
2024-09-08 00:00:00,-3.7637
2024-09-08 01:00:00,-3.7636
2024-09-08 02:00:00,-3.7635
2024-09-08 03:00:00,-3.7624
2024-09-08 04:00:00,-3.7619
2024-09-08 05:00:00,-3.7620
2024-09-08 06:00:00,-3.7614
2024-09-08 07:00:00,-3.7618
2024-09-08 08:00:00,-3.7621
2024-09-08 09:00:00,-3.7621
2024-09-08 10:00:00,-3.7628
2024-09-08 11:00:00,-3.7634
2024-09-08 12:00:00,-3.7645
2024-09-08 13:00:00,-3.7654
2024-09-08 14:00:00,-3.7664
2024-09-08 15:00:00,-3.7671
2024-09-08 16:00:00,-3.7683
2024-09-08 17:00:00,-3.7689
2024-09-08 18:00:00,-3.7695
2024-09-08 19:00:00,-3.7700
2024-09-08 20:00:00,-3.7699
2024-09-08 21:00:00,-3.7700
2024-09-08 22:00:00,-3.7695
2024-09-08 23:00:00,-3.7692
2024-09-09 00:00:00,-3.7688
2024-09-09 01:00:00,-3.7684
2024-09-09 02:00:00,-3.7678
2024-09-09 03:00:00,-3.7674
2024-09-09 04:00:00,-3.7671
2024-09-09 05:00:00,-3.7667
2024-09-09 06:00:00,-3.7662
2024-09-09 07:00:00,-3.7662
2024-09-09 08:00:00,-3.7660
2024-09-09 09:00:00,-3.7656
2024-09-09 10:00:00,-3.7659
2024-09-09 11:00:00,-3.7664
2024-09-09 12:00:00,-3.7667
2024-09-09 13:00:00,-3.7676
2024-09-09 14:00:00,-3.7683
2024-09-09 15:00:00,-3.7692
2024-09-09 16:00:00,-3.7695
2024-09-09 17:00:00,-3.7706
2024-09-09 18:00:00,-3.7706
2024-09-09 19:00:00,-3.7715
2024-09-09 20:00:00,-3.7719
2024-09-09 21:00:00,-3.7736
2024-09-09 22:00:00,-3.7744
2024-09-09 23:00:00,-3.7753
2024-09-10 00:00:00,-3.7758
2024-09-10 01:00:00,-3.7763
2024-09-10 02:00:00,-3.7764
2024-09-10 03:00:00,-3.7761
2024-09-10 04:00:00,-3.7758
2024-09-10 05:00:00,-3.7759
2024-09-10 06:00:00,-3.7757
2024-09-10 07:00:00,-3.7755
2024-09-10 08:00:00,-3.7759
2024-09-10 09:00:00,-3.7760
2024-09-10 10:00:00,-3.7769
2024-09-10 11:00:00,-3.7777
2024-09-10 12:00:00,-3.7783
2024-09-10 13:00:00,-3.7796
2024-09-10 14:00:00,-3.7805
2024-09-10 15:00:00,-3.7791
2024-09-10 16:00:00,-3.7783
2024-09-10 17:00:00,-3.7775
2024-09-10 18:00:00,-3.7759
2024-09-10 19:00:00,-3.7752
2024-09-10 20:00:00,-3.7708
2024-09-10 21:00:00,-3.7610
2024-09-10 22:00:00,-3.7507
2024-09-10 23:00:00,-3.7398
2024-09-11 00:00:00,-3.7271
2024-09-11 01:00:00,-3.7160
2024-09-11 02:00:00,-3.7052
2024-09-11 03:00:00,-3.6971
2024-09-11 04:00:00,-3.6890
2024-09-11 05:00:00,-3.6842
2024-09-11 06:00:00,-3.6810
2024-09-11 07:00:00,-3.6790
2024-09-11 08:00:00,-3.6771
2024-09-11 09:00:00,-3.6689
2024-09-11 10:00:00,-3.6610
2024-09-11 11:00:00,-3.6537
2024-09-11 12:00:00,-3.6474
2024-09-11 13:00:00,-3.6424
2024-09-11 14:00:00,-3.6385
2024-09-11 15:00:00,-3.6337
2024-09-11 16:00:00,-3.6302
2024-09-11 17:00:00,-3.6267
2024-09-11 18:00:00,-3.6229
2024-09-11 19:00:00,-3.6194
2024-09-11 20:00:00,-3.6181
2024-09-11 21:00:00,-3.6177
2024-09-11 22:00:00,-3.6148
2024-09-11 23:00:00,-3.6138
2024-09-12 00:00:00,-3.6134
2024-09-12 01:00:00,-3.6138
2024-09-12 02:00:00,-3.6138
2024-09-12 03:00:00,-3.6133
2024-09-12 04:00:00,-3.6134
2024-09-12 05:00:00,-3.6142
2024-09-12 06:00:00,-3.6142
2024-09-12 07:00:00,-3.6151
2024-09-12 08:00:00,-3.6170
2024-09-12 09:00:00,-3.6183
2024-09-12 10:00:00,-3.6179
2024-09-12 11:00:00,-3.6155
2024-09-12 12:00:00,-3.6125
2024-09-12 13:00:00,-3.6114
2024-09-12 14:00:00,-3.6111
2024-09-12 15:00:00,-3.6106
2024-09-12 16:00:00,-3.6114
2024-09-12 17:00:00,-3.6122
2024-09-12 18:00:00,-3.6137
2024-09-12 19:00:00,-3.6145
2024-09-12 20:00:00,-3.6158
2024-09-12 21:00:00,-3.6177
2024-09-12 22:00:00,-3.6195
2024-09-12 23:00:00,-3.6217
2024-09-13 00:00:00,-3.6235
2024-09-13 01:00:00,-3.6244
2024-09-13 02:00:00,-3.6263
2024-09-13 03:00:00,-3.6278
2024-09-13 04:00:00,-3.6294
2024-09-13 05:00:00,-3.6308
2024-09-13 06:00:00,-3.6326
2024-09-13 07:00:00,-3.6336
2024-09-13 08:00:00,-3.6348
2024-09-13 09:00:00,-3.6366
2024-09-13 10:00:00,-3.6377
2024-09-13 11:00:00,-3.6382
2024-09-13 12:00:00,-3.6383
2024-09-13 13:00:00,-3.6391
2024-09-13 14:00:00,-3.6406
2024-09-13 15:00:00,-3.6421
2024-09-13 16:00:00,-3.6442
2024-09-13 17:00:00,-3.6454
2024-09-13 18:00:00,-3.6478
2024-09-13 19:00:00,-3.6498
2024-09-13 20:00:00,-3.6517
2024-09-13 21:00:00,-3.6535
2024-09-13 22:00:00,-3.6543
2024-09-13 23:00:00,-3.6553
2024-09-14 00:00:00,-3.6569
2024-09-14 01:00:00,-3.6580
2024-09-14 02:00:00,-3.6594
2024-09-14 03:00:00,-3.6602
2024-09-14 04:00:00,-3.6611
2024-09-14 05:00:00,-3.6620
2024-09-14 06:00:00,-3.6629
2024-09-14 07:00:00,-3.6640
2024-09-14 08:00:00,-3.6648
2024-09-14 09:00:00,-3.6651
2024-09-14 10:00:00,-3.6663
2024-09-14 11:00:00,-3.6676
2024-09-14 12:00:00,-3.6686
2024-09-14 13:00:00,-3.6700
2024-09-14 14:00:00,-3.6708
2024-09-14 15:00:00,-3.6723
2024-09-14 16:00:00,-3.6733
2024-09-14 17:00:00,-3.6746
2024-09-14 18:00:00,-3.6755
2024-09-14 19:00:00,-3.6764
2024-09-14 20:00:00,-3.6771
2024-09-14 21:00:00,-3.6776
2024-09-14 22:00:00,-3.6782
2024-09-14 23:00:00,-3.6787
2024-09-15 00:00:00,-3.6793
2024-09-15 01:00:00,-3.6801
2024-09-15 02:00:00,-3.6807
2024-09-15 03:00:00,-3.6813
2024-09-15 04:00:00,-3.6812
2024-09-15 05:00:00,-3.6815
2024-09-15 06:00:00,-3.6823
2024-09-15 07:00:00,-3.6828
2024-09-15 08:00:00,-3.6835
2024-09-15 09:00:00,-3.6842
2024-09-15 10:00:00,-3.6851
2024-09-15 11:00:00,-3.6858
2024-09-15 12:00:00,-3.6865
2024-09-15 13:00:00,-3.6867
2024-09-15 14:00:00,-3.6872
2024-09-15 15:00:00,-3.6881
2024-09-15 16:00:00,-3.6892
2024-09-15 17:00:00,-3.6904
2024-09-15 18:00:00,-3.6914
2024-09-15 19:00:00,-3.6917
2024-09-15 20:00:00,-3.6926
2024-09-15 21:00:00,-3.6929
2024-09-15 22:00:00,-3.6934
2024-09-15 23:00:00,-3.6937
2024-09-16 00:00:00,-3.6938
2024-09-16 01:00:00,-3.6934
2024-09-16 02:00:00,-3.6933
2024-09-16 03:00:00,-3.6939
2024-09-16 04:00:00,-3.6949
2024-09-16 05:00:00,-3.6956
2024-09-16 06:00:00,-3.6960
2024-09-16 07:00:00,-3.6964
2024-09-16 08:00:00,-3.6967
2024-09-16 09:00:00,-3.6971
2024-09-16 10:00:00,-3.6970
2024-09-16 11:00:00,-3.6972
2024-09-16 12:00:00,-3.6970
2024-09-16 13:00:00,-3.6970
2024-09-16 14:00:00,-3.6975
2024-09-16 15:00:00,-3.6979
2024-09-16 16:00:00,-3.6987
2024-09-16 17:00:00,-3.6994
2024-09-16 18:00:00,-3.7005
2024-09-16 19:00:00,-3.7011
2024-09-16 20:00:00,-3.7022
2024-09-16 21:00:00,-3.7030
2024-09-16 22:00:00,-3.7039
2024-09-16 23:00:00,-3.7046
2024-09-17 00:00:00,-3.7050
2024-09-17 01:00:00,-3.7052
2024-09-17 02:00:00,-3.7055
2024-09-17 03:00:00,-3.7056
2024-09-17 04:00:00,-3.7061
2024-09-17 05:00:00,-3.7065
2024-09-17 06:00:00,-3.7070
2024-09-17 07:00:00,-3.7079
2024-09-17 08:00:00,-3.7081
2024-09-17 09:00:00,-3.7088
2024-09-17 10:00:00,-3.7082
2024-09-17 11:00:00,-3.7084
2024-09-17 12:00:00,-3.7086
2024-09-17 13:00:00,-3.7090
2024-09-17 14:00:00,-3.7092
2024-09-17 15:00:00,-3.7099
2024-09-17 16:00:00,-3.7095
2024-09-17 17:00:00,-3.7106
2024-09-17 18:00:00,-3.7108
2024-09-17 19:00:00,-3.7112
2024-09-17 20:00:00,-3.7122
2024-09-17 21:00:00,-3.7130
2024-09-17 22:00:00,-3.7134
2024-09-17 23:00:00,-3.7139
2024-09-18 00:00:00,-3.7144
2024-09-18 01:00:00,-3.7145
2024-09-18 02:00:00,-3.7145
2024-09-18 03:00:00,-3.7147
2024-09-18 04:00:00,-3.7147
2024-09-18 05:00:00,-3.7145
2024-09-18 06:00:00,-3.7148
2024-09-18 07:00:00,-3.7153
2024-09-18 08:00:00,-3.7151
2024-09-18 09:00:00,-3.7154
2024-09-18 10:00:00,-3.7160
2024-09-18 11:00:00,-3.7156
2024-09-18 12:00:00,-3.7153
2024-09-18 13:00:00,-3.7158
2024-09-18 14:00:00,-3.7158
2024-09-18 15:00:00,-3.7159
2024-09-18 16:00:00,-3.7166
2024-09-18 17:00:00,-3.7171
2024-09-18 18:00:00,-3.7177
2024-09-18 19:00:00,-3.7184
2024-09-18 20:00:00,-3.7187
2024-09-18 21:00:00,-3.7191
2024-09-18 22:00:00,-3.7196
2024-09-18 23:00:00,-3.7200
2024-09-19 00:00:00,-3.7200
2024-09-19 01:00:00,-3.7201
2024-09-19 02:00:00,-3.7203
2024-09-19 03:00:00,-3.7202
2024-09-19 04:00:00,-3.7201
2024-09-19 05:00:00,-3.7204
2024-09-19 06:00:00,-3.7208
2024-09-19 07:00:00,-3.7211
2024-09-19 08:00:00,-3.7213
2024-09-19 09:00:00,-3.7217
2024-09-19 10:00:00,-3.7218
2024-09-19 11:00:00,-3.7219
2024-09-19 12:00:00,-3.7225
2024-09-19 13:00:00,-3.7220
2024-09-19 14:00:00,-3.7223
2024-09-19 15:00:00,-3.7225
2024-09-19 16:00:00,-3.7225
2024-09-19 17:00:00,-3.7228
2024-09-19 18:00:00,-3.7220
2024-09-19 19:00:00,-3.7222
2024-09-19 20:00:00,-3.7227
2024-09-19 21:00:00,-3.7231
2024-09-19 22:00:00,-3.7235
2024-09-19 23:00:00,-3.7239
2024-09-20 00:00:00,-3.7244
2024-09-20 01:00:00,-3.7246
2024-09-20 02:00:00,-3.7245
2024-09-20 03:00:00,-3.7244
2024-09-20 04:00:00,-3.7241
2024-09-20 05:00:00,-3.7244
2024-09-20 06:00:00,-3.7246
2024-09-20 07:00:00,-3.7247
2024-09-20 08:00:00,-3.7252
2024-09-20 09:00:00,-3.7257
2024-09-20 10:00:00,-3.7262
2024-09-20 11:00:00,-3.7267
2024-12-03 15:00:00,-3.5484
2024-12-03 16:00:00,-3.5493
2024-12-03 17:00:00,-3.5505
2024-12-03 18:00:00,-3.5522
2024-12-03 19:00:00,-3.5535
2024-12-03 20:00:00,-3.5551
2024-12-03 21:00:00,-3.5562
2024-12-03 22:00:00,-3.5573
2024-12-03 23:00:00,-3.5580
2024-12-04 00:00:00,-3.5586
2024-12-04 01:00:00,-3.5598
2024-12-04 02:00:00,-3.5610
2024-12-04 03:00:00,-3.5617
2024-12-04 04:00:00,-3.5624
2024-12-04 05:00:00,-3.5631
2024-12-04 06:00:00,-3.5640
2024-12-04 07:00:00,-3.5651
2024-12-04 08:00:00,-3.5664
2024-12-04 09:00:00,-3.5675
2024-12-04 10:00:00,-3.5683
2024-12-04 11:00:00,-3.5688
2024-12-04 12:00:00,-3.5698
2024-12-04 13:00:00,-3.5700
2024-12-04 14:00:00,-3.5698
2024-12-04 15:00:00,-3.5697
2024-12-04 16:00:00,-3.5692
2024-12-04 17:00:00,-3.5688
2024-12-04 18:00:00,-3.5685
2024-12-04 19:00:00,-3.5684
2024-12-04 20:00:00,-3.5687
2024-12-04 21:00:00,-3.5692
2024-12-04 22:00:00,-3.5696
2024-12-04 23:00:00,-3.5698
2024-12-05 00:00:00,-3.5703
2024-12-05 01:00:00,-3.5706
2024-12-05 02:00:00,-3.5711
2024-12-05 03:00:00,-3.5715
2024-12-05 04:00:00,-3.5720
2024-12-05 05:00:00,-3.5721
2024-12-05 06:00:00,-3.5726
2024-12-05 07:00:00,-3.5737
2024-12-05 08:00:00,-3.5756
2024-12-05 09:00:00,-3.5756
2024-12-05 10:00:00,-3.5748
2024-12-05 11:00:00,-3.5698
2024-12-05 12:00:00,-3.5653
2024-12-05 13:00:00,-3.5560
2024-12-05 14:00:00,-3.5478
2024-12-05 15:00:00,-3.5393
2024-12-05 16:00:00,-3.5296
2024-12-05 17:00:00,-3.5199
2024-12-05 18:00:00,-3.5126
2024-12-05 19:00:00,-3.5052
2024-12-05 20:00:00,-3.4998
2024-12-05 21:00:00,-3.4946
2024-12-05 22:00:00,-3.4907
2024-12-05 23:00:00,-3.4837
2024-12-06 00:00:00,-3.4728
2024-12-06 01:00:00,-3.4565
2024-12-06 02:00:00,-3.4426
2024-12-06 03:00:00,-3.4354
2024-12-06 04:00:00,-3.4295
2024-12-06 05:00:00,-3.4276
2024-12-06 06:00:00,-3.4250
2024-12-06 07:00:00,-3.4226
2024-12-06 08:00:00,-3.4228
2024-12-06 09:00:00,-3.4220
2024-12-06 10:00:00,-3.4220
2024-12-06 11:00:00,-3.4235
2024-12-06 12:00:00,-3.4259
2024-12-06 13:00:00,-3.4244
2024-12-06 14:00:00,-3.4259
2024-12-06 15:00:00,-3.4289
2024-12-06 16:00:00,-3.4315
2024-12-06 17:00:00,-3.4331
2024-12-06 18:00:00,-3.4350
2024-12-06 19:00:00,-3.4364
2024-12-06 20:00:00,-3.4377
2024-12-06 21:00:00,-3.4391
2024-12-06 22:00:00,-3.4402
2024-12-06 23:00:00,-3.4414
2024-12-07 00:00:00,-3.4423
2024-12-07 01:00:00,-3.4437
2024-12-07 02:00:00,-3.4449
2024-12-07 03:00:00,-3.4456
2024-12-07 04:00:00,-3.4461
2024-12-07 05:00:00,-3.4473
2024-12-07 06:00:00,-3.4476
2024-12-07 07:00:00,-3.4471
2024-12-07 08:00:00,-3.4473
2024-12-07 09:00:00,-3.4479
2024-12-07 10:00:00,-3.4487
2024-12-07 11:00:00,-3.4507
2024-12-07 12:00:00,-3.4513
2024-12-07 13:00:00,-3.4519
2024-12-07 14:00:00,-3.4524
2024-12-07 15:00:00,-3.4532
2024-12-07 16:00:00,-3.4526
2024-12-07 17:00:00,-3.4519
2024-12-07 18:00:00,-3.4518
2024-12-07 19:00:00,-3.4518
2024-12-07 20:00:00,-3.4501
2024-12-07 21:00:00,-3.4492
2024-12-07 22:00:00,-3.4485
2024-12-07 23:00:00,-3.4487
2024-12-08 00:00:00,-3.4488
2024-12-08 01:00:00,-3.4493
2024-12-08 02:00:00,-3.4503
2024-12-08 03:00:00,-3.4512
2024-12-08 04:00:00,-3.4521
2024-12-08 05:00:00,-3.4519
2024-12-08 06:00:00,-3.4510
2024-12-08 07:00:00,-3.4485
2024-12-08 08:00:00,-3.4461
2024-12-08 09:00:00,-3.4430
2024-12-08 10:00:00,-3.4397
2024-12-08 11:00:00,-3.4371
2024-12-08 12:00:00,-3.4358
2024-12-08 13:00:00,-3.4340
2024-12-08 14:00:00,-3.4337
2024-12-08 15:00:00,-3.4349
2024-12-08 16:00:00,-3.4359
2024-12-08 17:00:00,-3.4375
2024-12-08 18:00:00,-3.4386
2024-12-08 19:00:00,-3.4405
2024-12-08 20:00:00,-3.4425
2024-12-08 21:00:00,-3.4437
2024-12-08 22:00:00,-3.4460
2024-12-08 23:00:00,-3.4476
2024-12-09 00:00:00,-3.4493
2024-12-09 01:00:00,-3.4512
2024-12-09 02:00:00,-3.4528
2024-12-09 03:00:00,-3.4544
2024-12-09 04:00:00,-3.4556
2024-12-09 05:00:00,-3.4573
2024-12-09 06:00:00,-3.4585
2024-12-09 07:00:00,-3.4602
2024-12-09 08:00:00,-3.4615
2024-12-09 09:00:00,-3.4628
2024-12-09 10:00:00,-3.4644
2024-12-09 11:00:00,-3.4651
2024-12-09 12:00:00,-3.4657
2024-12-09 13:00:00,-3.4669
2024-12-09 14:00:00,-3.4679
2024-12-09 15:00:00,-3.4694
2024-12-09 16:00:00,-3.4699
2024-12-09 17:00:00,-3.4715
2024-12-09 18:00:00,-3.4728
2024-12-09 19:00:00,-3.4743
2024-12-09 20:00:00,-3.4755
2024-12-09 21:00:00,-3.4776
2024-12-09 22:00:00,-3.4793
2024-12-09 23:00:00,-3.4809
2024-12-10 00:00:00,-3.4820
2024-12-10 01:00:00,-3.4836
2024-12-10 02:00:00,-3.4850
2024-12-10 03:00:00,-3.4860
2024-12-10 04:00:00,-3.4871
2024-12-10 05:00:00,-3.4884
2024-12-10 06:00:00,-3.4899
2024-12-10 07:00:00,-3.4916
2024-12-10 08:00:00,-3.4926
2024-12-10 09:00:00,-3.4941
2024-12-10 10:00:00,-3.4953
2024-12-10 11:00:00,-3.4964
2024-12-10 12:00:00,-3.4977
2024-12-10 13:00:00,-3.4991
2024-12-10 14:00:00,-3.5006
2024-12-10 15:00:00,-3.5016
2024-12-10 16:00:00,-3.5028
2024-12-10 17:00:00,-3.5036
2024-12-10 18:00:00,-3.5045
2024-12-10 19:00:00,-3.5057
2024-12-10 20:00:00,-3.5069
2024-12-10 21:00:00,-3.5081
2024-12-10 22:00:00,-3.5106
2024-12-10 23:00:00,-3.5120
2024-12-11 00:00:00,-3.5140
2024-12-11 01:00:00,-3.5153
2024-12-11 02:00:00,-3.5166
2024-12-11 03:00:00,-3.5179
2024-12-11 04:00:00,-3.5194
2024-12-11 05:00:00,-3.5205
2024-12-11 06:00:00,-3.5216
2024-12-11 07:00:00,-3.5224
2024-12-11 08:00:00,-3.5237
2024-12-11 09:00:00,-3.5247
2024-12-11 10:00:00,-3.5261
2024-12-11 11:00:00,-3.5270
2024-12-11 12:00:00,-3.5283
2024-12-11 13:00:00,-3.5295
2024-12-11 14:00:00,-3.5311
2024-12-11 15:00:00,-3.5327
2024-12-11 16:00:00,-3.5340
2024-12-11 17:00:00,-3.5358
2024-12-11 18:00:00,-3.5370
2024-12-11 19:00:00,-3.5382
2024-12-11 20:00:00,-3.5392
2024-12-11 21:00:00,-3.5402
2024-12-11 22:00:00,-3.5414
2024-12-11 23:00:00,-3.5424
2024-12-12 00:00:00,-3.5435
2024-12-12 01:00:00,-3.5449
2024-12-12 02:00:00,-3.5462
2024-12-12 03:00:00,-3.5479
2024-12-12 04:00:00,-3.5486
2024-12-12 05:00:00,-3.5498
2024-12-12 06:00:00,-3.5508
2024-12-12 07:00:00,-3.5514
2024-12-12 08:00:00,-3.5525
2024-12-12 09:00:00,-3.5526
2024-12-12 10:00:00,-3.5531
2024-12-12 11:00:00,-3.5531
2024-12-12 12:00:00,-3.5532
2024-12-12 13:00:00,-3.5537
2024-12-12 14:00:00,-3.5545
2024-12-12 15:00:00,-3.5555
2024-12-12 16:00:00,-3.5566
2024-12-12 17:00:00,-3.5574
2024-12-12 18:00:00,-3.5580
2024-12-12 19:00:00,-3.5593
2024-12-12 20:00:00,-3.5597
2024-12-12 21:00:00,-3.5601
2024-12-12 22:00:00,-3.5610
2024-12-12 23:00:00,-3.5616
2024-12-13 00:00:00,-3.5626
2024-12-13 01:00:00,-3.5640
2024-12-13 02:00:00,-3.5649
2024-12-13 03:00:00,-3.5658
2024-12-13 04:00:00,-3.5662
2024-12-13 05:00:00,-3.5674
2024-12-13 06:00:00,-3.5683
2024-12-13 07:00:00,-3.5687
2024-12-13 08:00:00,-3.5694
2024-12-13 09:00:00,-3.5700
2024-12-13 10:00:00,-3.5707
2024-12-13 11:00:00,-3.5713
2024-12-13 12:00:00,-3.5718
2024-12-13 13:00:00,-3.5723
2024-12-13 14:00:00,-3.5731
2024-12-13 15:00:00,-3.5739
2024-12-13 16:00:00,-3.5750
2024-12-13 17:00:00,-3.5762
2024-12-13 18:00:00,-3.5770
2024-12-13 19:00:00,-3.5780
2024-12-13 20:00:00,-3.5788
2024-12-13 21:00:00,-3.5798
2024-12-13 22:00:00,-3.5803
2024-12-13 23:00:00,-3.5805
2024-12-14 00:00:00,-3.5809
2024-12-14 01:00:00,-3.5814
2024-12-14 02:00:00,-3.5820
2024-12-14 03:00:00,-3.5826
2024-12-14 04:00:00,-3.5839
2024-12-14 05:00:00,-3.5850
2024-12-14 06:00:00,-3.5856
2024-12-14 07:00:00,-3.5861
2024-12-14 08:00:00,-3.5867
2024-12-14 09:00:00,-3.5871
2024-12-14 10:00:00,-3.5878
2024-12-14 11:00:00,-3.5880
2024-12-14 12:00:00,-3.5882
2024-12-14 13:00:00,-3.5886
2024-12-14 14:00:00,-3.5884
2024-12-14 15:00:00,-3.5880
2024-12-14 16:00:00,-3.5874
2024-12-14 17:00:00,-3.5857
2024-12-14 18:00:00,-3.5845
2024-12-14 19:00:00,-3.5830
2024-12-14 20:00:00,-3.5820
2024-12-14 21:00:00,-3.5810
2024-12-14 22:00:00,-3.5803
2024-12-14 23:00:00,-3.5798
2024-12-15 00:00:00,-3.5792
2024-12-15 01:00:00,-3.5788
2024-12-15 02:00:00,-3.5790
2024-12-15 03:00:00,-3.5792
2024-12-15 04:00:00,-3.5794
2024-12-15 05:00:00,-3.5802
2024-12-15 06:00:00,-3.5808
2024-12-15 07:00:00,-3.5819
2024-12-15 08:00:00,-3.5823
2024-12-15 09:00:00,-3.5840
2024-12-15 10:00:00,-3.5853
2024-12-15 11:00:00,-3.5858
2024-12-15 12:00:00,-3.5864
2024-12-15 13:00:00,-3.5865
2024-12-15 14:00:00,-3.5872
2024-12-15 15:00:00,-3.5872
2024-12-15 16:00:00,-3.5875
2024-12-15 17:00:00,-3.5875
2024-12-15 18:00:00,-3.5878
2024-12-15 19:00:00,-3.5883
2024-12-15 20:00:00,-3.5891
2024-12-15 21:00:00,-3.5894
2024-12-15 22:00:00,-3.5897
2024-12-15 23:00:00,-3.5907
2024-12-16 00:00:00,-3.5910
2024-12-16 01:00:00,-3.5914
2024-12-16 02:00:00,-3.5920
2024-12-16 03:00:00,-3.5926
2024-12-16 04:00:00,-3.5935
2024-12-16 05:00:00,-3.5947
2024-12-16 06:00:00,-3.5957
2024-12-16 07:00:00,-3.5962
2024-12-16 08:00:00,-3.5967
2024-12-16 09:00:00,-3.5982
2024-12-16 10:00:00,-3.5984
2024-12-16 11:00:00,-3.5983
2024-12-16 12:00:00,-3.5990
2024-12-16 13:00:00,-3.5999
2024-12-16 14:00:00,-3.6000
2024-12-16 15:00:00,-3.6006
2024-12-16 16:00:00,-3.6009
2024-12-16 17:00:00,-3.6022
2024-12-16 18:00:00,-3.6029
2024-12-16 19:00:00,-3.6036
2024-12-16 20:00:00,-3.6045
2024-12-16 21:00:00,-3.6052
2024-12-16 22:00:00,-3.6056
2024-12-16 23:00:00,-3.6059
2024-12-17 00:00:00,-3.6069
2024-12-17 01:00:00,-3.6068
2024-12-17 02:00:00,-3.6071
2024-12-17 03:00:00,-3.6071
2024-12-17 04:00:00,-3.6078
2024-12-17 05:00:00,-3.6080
2024-12-17 06:00:00,-3.6081
2024-12-17 07:00:00,-3.6087
2024-12-17 08:00:00,-3.6094
2024-12-17 09:00:00,-3.6101
2024-12-17 10:00:00,-3.6114
2024-12-17 11:00:00,-3.6118
2024-12-17 12:00:00,-3.6130
2024-12-17 13:00:00,-3.6129
2024-12-17 14:00:00,-3.6130
2024-12-17 15:00:00,-3.6130
2024-12-17 16:00:00,-3.6133
2024-12-17 17:00:00,-3.6135
2024-12-17 18:00:00,-3.6137
2024-12-17 19:00:00,-3.6138
2024-12-17 20:00:00,-3.6139
2024-12-17 21:00:00,-3.6149
2024-12-17 22:00:00,-3.6156
2024-12-17 23:00:00,-3.6162
2024-12-18 00:00:00,-3.6166
2024-12-18 01:00:00,-3.6168
2024-12-18 02:00:00,-3.6168
2024-12-18 03:00:00,-3.6162
2024-12-18 04:00:00,-3.6164
2024-12-18 05:00:00,-3.6163
2024-12-18 06:00:00,-3.6169
2024-12-18 07:00:00,-3.6179
2024-12-18 08:00:00,-3.6196
2024-12-18 09:00:00,-3.6206
2024-12-18 10:00:00,-3.6203
2024-12-18 11:00:00,-3.6222
2024-12-18 12:00:00,-3.6240
2024-12-18 13:00:00,-3.6245
2024-12-18 14:00:00,-3.6299
2024-12-18 15:00:00,-3.6307
2024-12-18 16:00:00,-3.6325
2024-12-18 17:00:00,-3.6322
2024-12-18 18:00:00,-3.6289
2024-12-18 19:00:00,-3.6286
2024-12-18 20:00:00,-3.6297
2024-12-18 21:00:00,-3.6283
2024-12-18 22:00:00,-3.6268
2024-12-18 23:00:00,-3.6260
2024-12-19 00:00:00,-3.6254
2024-12-19 01:00:00,-3.6212
2024-12-19 02:00:00,-3.6170
2024-12-19 03:00:00,-3.6122
2024-12-19 04:00:00,-3.6046
2024-12-19 05:00:00,-3.5964
2024-12-19 06:00:00,-3.5872
2024-12-19 07:00:00,-3.5770
2024-12-19 08:00:00,-3.5640
2024-12-19 09:00:00,-3.5524
2024-12-19 10:00:00,-3.5438
2024-12-19 11:00:00,-3.5376
2024-12-19 12:00:00,-3.5314
2024-12-19 13:00:00,-3.5255
2024-12-19 14:00:00,-3.5201
2024-12-19 15:00:00,-3.5142
2024-12-19 16:00:00,-3.5065
2024-12-19 17:00:00,-3.4993
2024-12-19 18:00:00,-3.4935
2024-12-19 19:00:00,-3.4890
2024-12-19 20:00:00,-3.4856
2024-12-19 21:00:00,-3.4827
2024-12-19 22:00:00,-3.4808
2024-12-19 23:00:00,-3.4790
2024-12-20 00:00:00,-3.4776
2024-12-20 01:00:00,-3.4767
2024-12-20 02:00:00,-3.4776
2024-12-20 03:00:00,-3.4778
2024-12-20 04:00:00,-3.4788
2024-12-20 05:00:00,-3.4798
2024-12-20 06:00:00,-3.4807
2024-12-20 07:00:00,-3.4821
2024-12-20 08:00:00,-3.4834
2024-12-20 09:00:00,-3.4836
2024-12-20 10:00:00,-3.4845
2024-12-20 11:00:00,-3.4843
2024-12-20 12:00:00,-3.4852
2024-12-20 13:00:00,-3.4864
2024-12-20 14:00:00,-3.4880
2024-12-20 15:00:00,-3.4889
2024-12-20 16:00:00,-3.4899
2024-12-20 17:00:00,-3.4915
2024-12-20 18:00:00,-3.4925
2024-12-20 19:00:00,-3.4938
2024-12-20 20:00:00,-3.4962
2024-12-20 21:00:00,-3.4979
2024-12-20 22:00:00,-3.4986
2024-12-20 23:00:00,-3.4986
2024-12-21 00:00:00,-3.4994
2024-12-21 01:00:00,-3.5001
2024-12-21 02:00:00,-3.4978
2024-12-21 03:00:00,-3.4936
2024-12-21 04:00:00,-3.4908
2024-12-21 05:00:00,-3.4889
2024-12-21 06:00:00,-3.4882
2024-12-21 07:00:00,-3.4870
2024-12-21 08:00:00,-3.4863
2024-12-21 09:00:00,-3.4863
2024-12-21 10:00:00,-3.4862
2024-12-21 11:00:00,-3.4868
2024-12-21 12:00:00,-3.4881
2024-12-21 13:00:00,-3.4890
2024-12-21 14:00:00,-3.4884
2024-12-21 15:00:00,-3.4888
2024-12-21 16:00:00,-3.4870
2024-12-21 17:00:00,-3.4842
2024-12-21 18:00:00,-3.4833
2024-12-21 19:00:00,-3.4810
2024-12-21 20:00:00,-3.4789
2024-12-21 21:00:00,-3.4767
2024-12-21 22:00:00,-3.4756
2024-12-21 23:00:00,-3.4754
2024-12-22 00:00:00,-3.4752
2024-12-22 01:00:00,-3.4752
2024-12-22 02:00:00,-3.4759
2024-12-22 03:00:00,-3.4763
2024-12-22 04:00:00,-3.4750
2024-12-22 05:00:00,-3.4713
2024-12-22 06:00:00,-3.4681
2024-12-22 07:00:00,-3.4668
2024-12-22 08:00:00,-3.4642
2024-12-22 09:00:00,-3.4627
2024-12-22 10:00:00,-3.4615
2024-12-22 11:00:00,-3.4602
2024-12-22 12:00:00,-3.4601
2024-12-22 13:00:00,-3.4594
2024-12-22 14:00:00,-3.4585
2024-12-22 15:00:00,-3.4580
2024-12-22 16:00:00,-3.4566
2024-12-22 17:00:00,-3.4564
2024-12-22 18:00:00,-3.4559
2024-12-22 19:00:00,-3.4561
2024-12-22 20:00:00,-3.4564
2024-12-22 21:00:00,-3.4572
2024-12-22 22:00:00,-3.4557
2024-12-22 23:00:00,-3.4524
2024-12-23 00:00:00,-3.4444
2024-12-23 01:00:00,-3.4371
2024-12-23 02:00:00,-3.4290
2024-12-23 03:00:00,-3.4256
2024-12-23 04:00:00,-3.4242
2024-12-23 05:00:00,-3.4235
2024-12-23 06:00:00,-3.4235
2024-12-23 07:00:00,-3.4243
2024-12-23 08:00:00,-3.4243
2024-12-23 09:00:00,-3.4258
2024-12-23 10:00:00,-3.4271
2024-12-23 11:00:00,-3.4283
2024-12-23 12:00:00,-3.4298
2024-12-23 13:00:00,-3.4306
2024-12-23 14:00:00,-3.4326
2024-12-23 15:00:00,-3.4346
2024-12-23 16:00:00,-3.4361
2024-12-23 17:00:00,-3.4383
2024-12-23 18:00:00,-3.4403
2024-12-23 19:00:00,-3.4420
2024-12-23 20:00:00,-3.4439
2024-12-23 21:00:00,-3.4455
2024-12-23 22:00:00,-3.4475
2024-12-23 23:00:00,-3.4494
2024-12-24 00:00:00,-3.4516
2024-12-24 01:00:00,-3.4536
2024-12-24 02:00:00,-3.4548
2024-12-24 03:00:00,-3.4563
2024-12-24 04:00:00,-3.4579
2024-12-24 05:00:00,-3.4596
2024-12-24 06:00:00,-3.4612
2024-12-24 07:00:00,-3.4629
2024-12-24 08:00:00,-3.4643
2024-12-24 09:00:00,-3.4658
2024-12-24 10:00:00,-3.4676
2024-12-24 11:00:00,-3.4691
2024-12-24 12:00:00,-3.4708
2024-12-24 13:00:00,-3.4723
2024-12-24 14:00:00,-3.4733
2024-12-24 15:00:00,-3.4749
2024-12-24 16:00:00,-3.4758
2024-12-24 17:00:00,-3.4769
2024-12-24 18:00:00,-3.4779
2024-12-24 19:00:00,-3.4788
2024-12-24 20:00:00,-3.4796
2024-12-24 21:00:00,-3.4804
2024-12-24 22:00:00,-3.4812
2024-12-24 23:00:00,-3.4825
2024-12-25 00:00:00,-3.4840
2024-12-25 01:00:00,-3.4851
2024-12-25 02:00:00,-3.4864
2024-12-25 03:00:00,-3.4878
2024-12-25 04:00:00,-3.4893
2024-12-25 05:00:00,-3.4906
2024-12-25 06:00:00,-3.4922
2024-12-25 07:00:00,-3.4936
2024-12-25 08:00:00,-3.4950
2024-12-25 09:00:00,-3.4964
2024-12-25 10:00:00,-3.4975
2024-12-25 11:00:00,-3.4991
2024-12-25 12:00:00,-3.5005
2024-12-25 13:00:00,-3.5016
2024-12-25 14:00:00,-3.5027
2024-12-25 15:00:00,-3.5037
2024-12-25 16:00:00,-3.5047
2024-12-25 17:00:00,-3.5059
2024-12-25 18:00:00,-3.5068
2024-12-25 19:00:00,-3.5078
2024-12-25 20:00:00,-3.5088
2024-12-25 21:00:00,-3.5099
2024-12-25 22:00:00,-3.5110
2024-12-25 23:00:00,-3.5117
2024-12-26 00:00:00,-3.5123
2024-12-26 01:00:00,-3.5131
2024-12-26 02:00:00,-3.5141
2024-12-26 03:00:00,-3.5147
2024-12-26 04:00:00,-3.5152
2024-12-26 05:00:00,-3.5158
2024-12-26 06:00:00,-3.5167
2024-12-26 07:00:00,-3.5175
2024-12-26 08:00:00,-3.5184
2024-12-26 09:00:00,-3.5195
2024-12-26 10:00:00,-3.5202
2024-12-26 11:00:00,-3.5211
2024-12-26 12:00:00,-3.5218
2024-12-26 13:00:00,-3.5228
2024-12-26 14:00:00,-3.5240
2024-12-26 15:00:00,-3.5248
2024-12-26 16:00:00,-3.5254
2024-12-26 17:00:00,-3.5257
2024-12-26 18:00:00,-3.5261
2024-12-26 19:00:00,-3.5267
2024-12-26 20:00:00,-3.5271
2024-12-26 21:00:00,-3.5274
2024-12-26 22:00:00,-3.5279
2024-12-26 23:00:00,-3.5284
2024-12-27 00:00:00,-3.5287
2024-12-27 01:00:00,-3.5293
2024-12-27 02:00:00,-3.5298
2024-12-27 03:00:00,-3.5305
2024-12-27 04:00:00,-3.5309
2024-12-27 05:00:00,-3.5318
2024-12-27 06:00:00,-3.5326
2024-12-27 07:00:00,-3.5336
2024-12-27 08:00:00,-3.5340
2024-12-27 09:00:00,-3.5348
2024-12-27 10:00:00,-3.5355
2024-12-27 11:00:00,-3.5359
2024-12-27 12:00:00,-3.5366
2024-12-27 13:00:00,-3.5376
2024-12-27 14:00:00,-3.5385
2024-12-27 15:00:00,-3.5399
2024-12-27 16:00:00,-3.5409
2024-12-27 17:00:00,-3.5423
2024-12-27 18:00:00,-3.5429
2024-12-27 19:00:00,-3.5438
2024-12-27 20:00:00,-3.5446
2024-12-27 21:00:00,-3.5451
2024-12-27 22:00:00,-3.5458
2024-12-27 23:00:00,-3.5464
2024-12-28 00:00:00,-3.5473
2024-12-28 01:00:00,-3.5480
2024-12-28 02:00:00,-3.5494
2024-12-28 03:00:00,-3.5504
2024-12-28 04:00:00,-3.5515
2024-12-28 05:00:00,-3.5524
2024-12-28 06:00:00,-3.5534
2024-12-28 07:00:00,-3.5542
2024-12-28 08:00:00,-3.5551
2024-12-28 09:00:00,-3.5561
2024-12-28 10:00:00,-3.5567
2024-12-28 11:00:00,-3.5576
2024-12-28 12:00:00,-3.5584
2024-12-28 13:00:00,-3.5587
2024-12-28 14:00:00,-3.5601
2024-12-28 15:00:00,-3.5612
2024-12-28 16:00:00,-3.5622
2024-12-28 17:00:00,-3.5635
2024-12-28 18:00:00,-3.5646
2024-12-28 19:00:00,-3.5657
2024-12-28 20:00:00,-3.5670
2024-12-28 21:00:00,-3.5681
2024-12-28 22:00:00,-3.5688
2024-12-28 23:00:00,-3.5689
2024-12-29 00:00:00,-3.5698
2024-12-29 01:00:00,-3.5705
2024-12-29 02:00:00,-3.5710
2024-12-29 03:00:00,-3.5717
2024-12-29 04:00:00,-3.5725
2024-12-29 05:00:00,-3.5734
2024-12-29 06:00:00,-3.5744
2024-12-29 07:00:00,-3.5752
2024-12-29 08:00:00,-3.5762
2024-12-29 09:00:00,-3.5766
2024-12-29 10:00:00,-3.5774
2024-12-29 11:00:00,-3.5781
2024-12-29 12:00:00,-3.5788
2024-12-29 13:00:00,-3.5795
2024-12-29 14:00:00,-3.5801
2024-12-29 15:00:00,-3.5808
2024-12-29 16:00:00,-3.5810
2024-12-29 17:00:00,-3.5823
2024-12-29 18:00:00,-3.5834
2024-12-29 19:00:00,-3.5843
2024-12-29 20:00:00,-3.5848
2024-12-29 21:00:00,-3.5854
2024-12-29 22:00:00,-3.5855
2024-12-29 23:00:00,-3.5854
2024-12-30 00:00:00,-3.5865
2024-12-30 01:00:00,-3.5872
2024-12-30 02:00:00,-3.5867
2024-12-30 03:00:00,-3.5878
2024-12-30 04:00:00,-3.5878
2024-12-30 05:00:00,-3.5889
2024-12-30 06:00:00,-3.5897
2024-12-30 07:00:00,-3.5904
2024-12-30 08:00:00,-3.5912
2024-12-30 09:00:00,-3.5916
2024-12-30 10:00:00,-3.5924
2024-12-30 11:00:00,-3.5938
2024-12-30 12:00:00,-3.5938
2024-12-30 13:00:00,-3.5959
2024-12-30 14:00:00,-3.5963
2024-12-30 15:00:00,-3.5980
2024-12-30 16:00:00,-3.5991
2024-12-30 17:00:00,-3.6002
2024-12-30 18:00:00,-3.6010
2024-12-30 19:00:00,-3.6024
2024-12-30 20:00:00,-3.6031
2024-12-30 21:00:00,-3.6031
2024-12-30 22:00:00,-3.6045
2024-12-30 23:00:00,-3.6053
2024-12-31 00:00:00,-3.6054
2024-12-31 01:00:00,-3.6052
2024-12-31 02:00:00,-3.6057
2024-12-31 03:00:00,-3.6057
2024-12-31 04:00:00,-3.6057
2024-12-31 05:00:00,-3.6065
2024-12-31 06:00:00,-3.6078
2024-12-31 07:00:00,-3.6086
2024-12-31 08:00:00,-3.6095
2024-12-31 09:00:00,-3.6110
2024-12-31 10:00:00,-3.6121
2024-12-31 11:00:00,-3.6131
2024-12-31 12:00:00,-3.6138
2024-12-31 13:00:00,-3.6139
2024-12-31 14:00:00,-3.6150
2024-12-31 15:00:00,-3.6158
2024-12-31 16:00:00,-3.6173
2024-12-31 17:00:00,-3.6177
2024-12-31 18:00:00,-3.6180
2024-12-31 19:00:00,-3.6193
2024-12-31 20:00:00,-3.6193
2024-12-31 21:00:00,-3.6207
2024-12-31 22:00:00,-3.6230
2024-12-31 23:00:00,-3.6229
2025-01-01 00:00:00,-3.6237
2025-01-01 01:00:00,-3.6288
2025-01-01 02:00:00,-3.6282
2025-01-01 03:00:00,-3.6302
2025-01-01 04:00:00,-3.6349
2025-01-01 05:00:00,-3.6327
2025-01-01 06:00:00,-3.6344
2025-01-01 07:00:00,-3.6392
2025-01-01 08:00:00,-3.6382
2025-01-01 09:00:00,-3.6365
2025-01-01 10:00:00,-3.6381
2025-01-01 11:00:00,-3.6407
2025-01-01 12:00:00,-3.6389
2025-01-01 13:00:00,-3.6432
2025-01-01 14:00:00,-3.6437
2025-01-01 15:00:00,-3.6426
2025-01-01 16:00:00,-3.6447
2025-01-01 17:00:00,-3.6321
2025-01-01 18:00:00,-3.6123
2025-01-01 19:00:00,-3.5906
2025-01-01 20:00:00,-3.5688
2025-01-01 21:00:00,-3.5455
2025-01-01 22:00:00,-3.5246
2025-01-01 23:00:00,-3.5100
2025-01-02 00:00:00,-3.4978
2025-01-02 01:00:00,-3.4897
2025-01-02 02:00:00,-3.4847
2025-01-02 03:00:00,-3.4809
2025-01-02 04:00:00,-3.4783
2025-01-02 05:00:00,-3.4766
2025-01-02 06:00:00,-3.4752
2025-01-02 07:00:00,-3.4745
2025-01-02 08:00:00,-3.4747
2025-01-02 09:00:00,-3.4751
2025-01-02 10:00:00,-3.4758
2025-01-02 11:00:00,-3.4764
2025-01-02 12:00:00,-3.4769
2025-01-02 13:00:00,-3.4778
2025-01-02 14:00:00,-3.4781
2025-01-02 15:00:00,-3.4794
2025-01-02 16:00:00,-3.4799
2025-01-02 17:00:00,-3.4813
2025-01-02 18:00:00,-3.4819
2025-01-02 19:00:00,-3.4829
2025-01-02 20:00:00,-3.4825
2025-01-02 21:00:00,-3.4822
2025-01-02 22:00:00,-3.4818
2025-01-02 23:00:00,-3.4814
2025-01-03 00:00:00,-3.4816
2025-01-03 01:00:00,-3.4819
2025-01-03 02:00:00,-3.4821
2025-01-03 03:00:00,-3.4830
2025-01-03 04:00:00,-3.4835
2025-01-03 05:00:00,-3.4841
2025-01-03 06:00:00,-3.4846
2025-01-03 07:00:00,-3.4857
2025-01-03 08:00:00,-3.4860
2025-01-03 09:00:00,-3.4877
2025-01-03 10:00:00,-3.4894
2025-01-03 11:00:00,-3.4909
2025-01-03 12:00:00,-3.4920
2025-01-03 13:00:00,-3.4921
2025-01-03 14:00:00,-3.4924
2025-01-03 15:00:00,-3.4918
2025-01-03 16:00:00,-3.4915
2025-01-03 17:00:00,-3.4930
2025-01-03 18:00:00,-3.4934
2025-01-03 19:00:00,-3.4941
2025-01-03 20:00:00,-3.4947
2025-01-03 21:00:00,-3.4948
2025-01-03 22:00:00,-3.4948
2025-01-03 23:00:00,-3.4954
2025-01-04 00:00:00,-3.4956
2025-01-04 01:00:00,-3.4959
2025-01-04 02:00:00,-3.4962
2025-01-04 03:00:00,-3.4964
2025-01-04 04:00:00,-3.4968
2025-01-04 05:00:00,-3.4972
2025-01-04 06:00:00,-3.4978
2025-01-04 07:00:00,-3.4989
2025-01-04 08:00:00,-3.4995
2025-01-04 09:00:00,-3.4998
2025-01-04 10:00:00,-3.5005
2025-01-04 11:00:00,-3.5008
2025-01-04 12:00:00,-3.5008
2025-01-04 13:00:00,-3.4987
2025-01-04 14:00:00,-3.4962
2025-01-04 15:00:00,-3.4943
2025-01-04 16:00:00,-3.4935
2025-01-04 17:00:00,-3.4929
2025-01-04 18:00:00,-3.4924
2025-01-04 19:00:00,-3.4921
2025-01-04 20:00:00,-3.4920
2025-01-04 21:00:00,-3.4921
2025-01-04 22:00:00,-3.4920
2025-01-04 23:00:00,-3.4926
2025-01-05 00:00:00,-3.4929
2025-01-05 01:00:00,-3.4935
2025-01-05 02:00:00,-3.4940
2025-01-05 03:00:00,-3.4945
2025-01-05 04:00:00,-3.4949
2025-01-05 05:00:00,-3.4953
2025-01-05 06:00:00,-3.4953
2025-01-05 07:00:00,-3.4951
2025-01-05 08:00:00,-3.4941
2025-01-05 09:00:00,-3.4939
2025-01-05 10:00:00,-3.4939
2025-01-05 11:00:00,-3.4928
2025-01-05 12:00:00,-3.4883
2025-01-05 13:00:00,-3.4805
2025-01-05 14:00:00,-3.4696
2025-01-05 15:00:00,-3.4572
2025-01-05 16:00:00,-3.4472
2025-01-05 17:00:00,-3.4390
2025-01-05 18:00:00,-3.4351
2025-01-05 19:00:00,-3.4319
2025-01-05 20:00:00,-3.4279
2025-01-05 21:00:00,-3.4244
2025-01-05 22:00:00,-3.4224
2025-01-05 23:00:00,-3.4191
2025-01-06 00:00:00,-3.4163
2025-01-06 01:00:00,-3.4147
2025-01-06 02:00:00,-3.4141
2025-01-06 03:00:00,-3.4129
2025-01-06 04:00:00,-3.4117
2025-01-06 05:00:00,-3.4116
2025-01-06 06:00:00,-3.4109
2025-01-06 07:00:00,-3.4100
2025-01-06 08:00:00,-3.4099
2025-01-06 09:00:00,-3.4109
2025-01-06 10:00:00,-3.4111
2025-01-06 11:00:00,-3.4116
2025-01-06 12:00:00,-3.4130
2025-01-06 13:00:00,-3.4153
2025-01-06 14:00:00,-3.4152
2025-01-06 15:00:00,-3.4177
2025-01-06 16:00:00,-3.4208
2025-01-06 17:00:00,-3.4179
2025-01-06 18:00:00,-3.4179
2025-01-06 19:00:00,-3.4174
2025-01-06 20:00:00,-3.4185
2025-01-06 21:00:00,-3.4181
2025-01-06 22:00:00,-3.4177
2025-01-06 23:00:00,-3.4183
2025-01-07 00:00:00,-3.4197
2025-01-07 01:00:00,-3.4196
2025-01-07 02:00:00,-3.4212
2025-01-07 03:00:00,-3.4225
2025-01-07 04:00:00,-3.4239
2025-01-07 05:00:00,-3.4256
2025-01-07 06:00:00,-3.4273
2025-01-07 07:00:00,-3.4286
2025-01-07 08:00:00,-3.4302
2025-01-07 09:00:00,-3.4322
2025-01-07 10:00:00,-3.4337
2025-01-07 11:00:00,-3.4359
2025-01-07 12:00:00,-3.4383
2025-01-07 13:00:00,-3.4405
2025-01-07 14:00:00,-3.4421
2025-01-07 15:00:00,-3.4415
2025-01-07 16:00:00,-3.4421
2025-01-07 17:00:00,-3.4432
2025-01-07 18:00:00,-3.4429
2025-01-07 19:00:00,-3.4426
2025-01-07 20:00:00,-3.4432
2025-01-07 21:00:00,-3.4431
2025-01-07 22:00:00,-3.4421
2025-01-07 23:00:00,-3.4403
2025-01-08 00:00:00,-3.4404
2025-01-08 01:00:00,-3.4406
2025-01-08 02:00:00,-3.4410
2025-01-08 03:00:00,-3.4402
2025-01-08 04:00:00,-3.4408
2025-01-08 05:00:00,-3.4410
2025-01-08 06:00:00,-3.4421
2025-01-08 07:00:00,-3.4438
2025-01-08 08:00:00,-3.4457
2025-01-08 09:00:00,-3.4466
2025-01-08 10:00:00,-3.4484
2025-01-08 11:00:00,-3.4501
2025-01-08 12:00:00,-3.4516
2025-01-08 13:00:00,-3.4536
2025-01-08 14:00:00,-3.4547
2025-01-08 15:00:00,-3.4561
2025-01-08 16:00:00,-3.4575
2025-01-08 17:00:00,-3.4587
2025-01-08 18:00:00,-3.4598
2025-01-08 19:00:00,-3.4611
2025-01-08 20:00:00,-3.4623
2025-01-08 21:00:00,-3.4633
2025-01-08 22:00:00,-3.4644
2025-01-08 23:00:00,-3.4653
2025-01-09 00:00:00,-3.4667
2025-01-09 01:00:00,-3.4681
2025-01-09 02:00:00,-3.4694
2025-01-09 03:00:00,-3.4708
2025-01-09 04:00:00,-3.4720
2025-01-09 05:00:00,-3.4731
2025-01-09 06:00:00,-3.4744
2025-01-09 07:00:00,-3.4762
2025-01-09 08:00:00,-3.4780
2025-01-09 09:00:00,-3.4796
2025-01-09 10:00:00,-3.4809
2025-01-09 11:00:00,-3.4822
2025-01-09 12:00:00,-3.4838
2025-01-09 13:00:00,-3.4848
2025-01-09 14:00:00,-3.4853
2025-01-09 15:00:00,-3.4863
2025-01-09 16:00:00,-3.4877
2025-01-09 17:00:00,-3.4891
2025-01-09 18:00:00,-3.4911
2025-01-09 19:00:00,-3.4927
2025-01-09 20:00:00,-3.4945
2025-01-09 21:00:00,-3.4959
2025-01-09 22:00:00,-3.4979
2025-01-09 23:00:00,-3.4993
2025-01-10 00:00:00,-3.5005
2025-01-10 01:00:00,-3.5004
2025-01-10 02:00:00,-3.4996
2025-01-10 03:00:00,-3.4977
2025-01-10 04:00:00,-3.4950
2025-01-10 05:00:00,-3.4944
2025-01-10 06:00:00,-3.4939
2025-01-10 07:00:00,-3.4943
2025-01-10 08:00:00,-3.4952
2025-01-10 09:00:00,-3.4965
2025-01-10 10:00:00,-3.4980
2025-01-10 11:00:00,-3.4999
2025-01-10 12:00:00,-3.5017
2025-01-10 13:00:00,-3.5032
2025-01-10 14:00:00,-3.5013
2025-01-10 15:00:00,-3.4952
2025-01-10 16:00:00,-3.4887
2025-01-10 17:00:00,-3.4829
2025-01-10 18:00:00,-3.4775
2025-01-10 19:00:00,-3.4733
2025-01-10 20:00:00,-3.4701
2025-01-10 21:00:00,-3.4681
2025-01-10 22:00:00,-3.4669
2025-01-10 23:00:00,-3.4666
2025-01-11 00:00:00,-3.4673
2025-01-11 01:00:00,-3.4685
2025-01-11 02:00:00,-3.4703
2025-01-11 03:00:00,-3.4725
2025-01-11 04:00:00,-3.4749
2025-01-11 05:00:00,-3.4776
2025-01-11 06:00:00,-3.4803
2025-01-11 07:00:00,-3.4829
2025-01-11 08:00:00,-3.4859
2025-01-11 09:00:00,-3.4886
2025-01-11 10:00:00,-3.4914
2025-01-11 11:00:00,-3.4944
2025-01-11 12:00:00,-3.4971
2025-01-11 13:00:00,-3.4991
2025-01-11 14:00:00,-3.5004
2025-01-11 15:00:00,-3.4998
2025-01-11 16:00:00,-3.4990
2025-01-11 17:00:00,-3.4981
2025-01-11 18:00:00,-3.4980
2025-01-11 19:00:00,-3.4976
2025-01-11 20:00:00,-3.4982
2025-01-11 21:00:00,-3.4991
2025-01-11 22:00:00,-3.5003
2025-01-11 23:00:00,-3.5020
2025-01-12 00:00:00,-3.5039
2025-01-12 01:00:00,-3.5050
2025-01-12 02:00:00,-3.5067
2025-01-12 03:00:00,-3.5080
2025-01-12 04:00:00,-3.5098
2025-01-12 05:00:00,-3.5109
2025-01-12 06:00:00,-3.5122
2025-01-12 07:00:00,-3.5134
2025-01-12 08:00:00,-3.5145
2025-01-12 09:00:00,-3.5160
2025-01-12 10:00:00,-3.5172
2025-01-12 11:00:00,-3.5185
2025-01-12 12:00:00,-3.5199
2025-01-12 13:00:00,-3.5201
2025-01-12 14:00:00,-3.5198
2025-01-12 15:00:00,-3.5182
2025-01-12 16:00:00,-3.5160
2025-01-12 17:00:00,-3.5144
2025-01-12 18:00:00,-3.5135
2025-01-12 19:00:00,-3.5135
2025-01-12 20:00:00,-3.5141
2025-01-12 21:00:00,-3.5148
2025-01-12 22:00:00,-3.5156
2025-01-12 23:00:00,-3.5163
2025-01-13 00:00:00,-3.5172
2025-01-13 01:00:00,-3.5177
2025-01-13 02:00:00,-3.5183
2025-01-13 03:00:00,-3.5193
2025-01-13 04:00:00,-3.5209
2025-01-13 05:00:00,-3.5227
2025-01-13 06:00:00,-3.5243
2025-01-13 07:00:00,-3.5265
2025-01-13 08:00:00,-3.5283
2025-01-13 09:00:00,-3.5303
2025-01-13 10:00:00,-3.5324
2025-01-13 11:00:00,-3.5346
2025-01-13 12:00:00,-3.5369
2025-01-13 13:00:00,-3.5385
2025-01-13 14:00:00,-3.5395
2025-01-13 15:00:00,-3.5404
2025-01-13 16:00:00,-3.5404
2025-01-13 17:00:00,-3.5405
2025-01-13 18:00:00,-3.5410
2025-01-13 19:00:00,-3.5418
2025-01-13 20:00:00,-3.5424
2025-01-13 21:00:00,-3.5433
2025-01-13 22:00:00,-3.5443
2025-01-13 23:00:00,-3.5451
2025-01-14 00:00:00,-3.5462
2025-01-14 01:00:00,-3.5470
2025-01-14 02:00:00,-3.5480
2025-01-14 03:00:00,-3.5493
2025-01-14 04:00:00,-3.5504
2025-01-14 05:00:00,-3.5511
2025-01-14 06:00:00,-3.5516
2025-01-14 07:00:00,-3.5526
2025-01-14 08:00:00,-3.5529
2025-01-14 09:00:00,-3.5540
2025-01-14 10:00:00,-3.5544
2025-01-14 11:00:00,-3.5547
2025-01-14 12:00:00,-3.5551
2025-01-14 13:00:00,-3.5544
2025-01-14 14:00:00,-3.5518
2025-01-14 15:00:00,-3.5500
2025-01-14 16:00:00,-3.5483
2025-01-14 17:00:00,-3.5478
2025-01-14 18:00:00,-3.5477
2025-01-14 19:00:00,-3.5476
2025-01-14 20:00:00,-3.5477
2025-01-14 21:00:00,-3.5481
2025-01-14 22:00:00,-3.5487
2025-01-14 23:00:00,-3.5493
2025-01-15 00:00:00,-3.5502
2025-01-15 01:00:00,-3.5508
2025-01-15 02:00:00,-3.5516
2025-01-15 03:00:00,-3.5524
2025-01-15 04:00:00,-3.5531
2025-01-15 05:00:00,-3.5544
2025-01-15 06:00:00,-3.5552
2025-01-15 07:00:00,-3.5563
2025-01-15 08:00:00,-3.5576
2025-01-15 09:00:00,-3.5586
2025-01-15 10:00:00,-3.5590
2025-01-15 11:00:00,-3.5597
2025-01-15 12:00:00,-3.5607
2025-01-15 13:00:00,-3.5611
2025-01-15 14:00:00,-3.5613
2025-01-15 15:00:00,-3.5615
2025-01-15 16:00:00,-3.5615
2025-01-15 17:00:00,-3.5619
2025-01-15 18:00:00,-3.5630
2025-01-15 19:00:00,-3.5636
2025-01-15 20:00:00,-3.5649
2025-01-15 21:00:00,-3.5656
2025-01-15 22:00:00,-3.5666
2025-01-15 23:00:00,-3.5673
2025-01-16 00:00:00,-3.5680
2025-01-16 01:00:00,-3.5686
2025-01-16 02:00:00,-3.5694
2025-01-16 03:00:00,-3.5698
2025-01-16 04:00:00,-3.5708
2025-01-16 05:00:00,-3.5718
2025-01-16 06:00:00,-3.5724
2025-01-16 07:00:00,-3.5734
2025-01-16 08:00:00,-3.5743
2025-01-16 09:00:00,-3.5753
2025-01-16 10:00:00,-3.5766
2025-01-16 11:00:00,-3.5775
2025-01-16 12:00:00,-3.5784
2025-01-16 13:00:00,-3.5794
2025-01-16 14:00:00,-3.5800
2025-01-16 15:00:00,-3.5802
2025-01-16 16:00:00,-3.5808
2025-01-16 17:00:00,-3.5818
2025-01-16 18:00:00,-3.5824
2025-01-16 19:00:00,-3.5834
2025-01-16 20:00:00,-3.5844
2025-01-16 21:00:00,-3.5855
2025-01-16 22:00:00,-3.5866
2025-01-16 23:00:00,-3.5872
2025-01-17 00:00:00,-3.5881
2025-01-17 01:00:00,-3.5887
2025-01-17 02:00:00,-3.5887
2025-01-17 03:00:00,-3.5896
2025-01-17 04:00:00,-3.5901
2025-01-17 05:00:00,-3.5905
2025-01-17 06:00:00,-3.5912
2025-01-17 07:00:00,-3.5921
2025-01-17 08:00:00,-3.5933
2025-01-17 09:00:00,-3.5942
2025-01-17 10:00:00,-3.5955
2025-01-17 11:00:00,-3.5964
2025-01-17 12:00:00,-3.5972
2025-01-17 13:00:00,-3.5978
2025-01-17 14:00:00,-3.5983
2025-01-17 15:00:00,-3.5987
2025-01-17 16:00:00,-3.5993
2025-01-17 17:00:00,-3.5995
2025-01-17 18:00:00,-3.6004
2025-01-17 19:00:00,-3.6014
2025-01-17 20:00:00,-3.6019
2025-01-17 21:00:00,-3.6030
2025-01-17 22:00:00,-3.6037
2025-01-17 23:00:00,-3.6042
2025-01-18 00:00:00,-3.6048
2025-01-18 01:00:00,-3.6050
2025-01-18 02:00:00,-3.6055
2025-01-18 03:00:00,-3.6056
2025-01-18 04:00:00,-3.6059
2025-01-18 05:00:00,-3.6063
2025-01-18 06:00:00,-3.6061
2025-01-18 07:00:00,-3.6063
2025-01-18 08:00:00,-3.6068
2025-01-18 09:00:00,-3.6071
2025-01-18 10:00:00,-3.6076
2025-01-18 11:00:00,-3.6080
2025-01-18 12:00:00,-3.6086
2025-01-18 13:00:00,-3.6089
2025-01-18 14:00:00,-3.6092
2025-01-18 15:00:00,-3.6091
2025-01-18 16:00:00,-3.6091
2025-01-18 17:00:00,-3.6091
2025-01-18 18:00:00,-3.6095
2025-01-18 19:00:00,-3.6100
2025-01-18 20:00:00,-3.6107
2025-01-18 21:00:00,-3.6114
2025-01-18 22:00:00,-3.6119
2025-01-18 23:00:00,-3.6124
2025-01-19 00:00:00,-3.6127
2025-01-19 01:00:00,-3.6133
2025-01-19 02:00:00,-3.6135
2025-01-19 03:00:00,-3.6137
2025-01-19 04:00:00,-3.6136
2025-01-19 05:00:00,-3.6138
2025-01-19 06:00:00,-3.6143
2025-01-19 07:00:00,-3.6146
2025-01-19 08:00:00,-3.6148
2025-01-19 09:00:00,-3.6155
2025-01-19 10:00:00,-3.6164
2025-01-19 11:00:00,-3.6168
2025-01-19 12:00:00,-3.6171
2025-01-19 13:00:00,-3.6177
2025-01-19 14:00:00,-3.6180
2025-01-19 15:00:00,-3.6183
2025-01-19 16:00:00,-3.6186
2025-01-19 17:00:00,-3.6189
2025-01-19 18:00:00,-3.6192
2025-01-19 19:00:00,-3.6196
2025-01-19 20:00:00,-3.6206
2025-01-19 21:00:00,-3.6218
2025-01-19 22:00:00,-3.6227
2025-01-19 23:00:00,-3.6237
2025-01-20 00:00:00,-3.6241
2025-01-20 01:00:00,-3.6246
2025-01-20 02:00:00,-3.6251
2025-01-20 03:00:00,-3.6256
2025-01-20 04:00:00,-3.6257
2025-01-20 05:00:00,-3.6260
2025-01-20 06:00:00,-3.6264
2025-01-20 07:00:00,-3.6269
2025-01-20 08:00:00,-3.6274
2025-01-20 09:00:00,-3.6278
2025-01-20 10:00:00,-3.6287
2025-01-20 11:00:00,-3.6289
2025-01-20 12:00:00,-3.6299
2025-01-20 13:00:00,-3.6305
2025-01-20 14:00:00,-3.6308
2025-01-20 15:00:00,-3.6315
2025-01-20 16:00:00,-3.6315
2025-01-20 17:00:00,-3.6324
2025-01-20 18:00:00,-3.6328
2025-01-20 19:00:00,-3.6329
2025-01-20 20:00:00,-3.6334
2025-01-20 21:00:00,-3.6345
2025-01-20 22:00:00,-3.6351
2025-01-20 23:00:00,-3.6358
2025-01-21 00:00:00,-3.6364
2025-01-21 01:00:00,-3.6366
2025-01-21 02:00:00,-3.6369
2025-01-21 03:00:00,-3.6372
2025-01-21 04:00:00,-3.6379
2025-01-21 05:00:00,-3.6383
2025-01-21 06:00:00,-3.6383
2025-01-21 07:00:00,-3.6390
2025-01-21 08:00:00,-3.6397
2025-01-21 09:00:00,-3.6401
2025-01-21 10:00:00,-3.6408
2025-01-21 11:00:00,-3.6410
2025-01-21 12:00:00,-3.6418
2025-01-21 13:00:00,-3.6418
2025-01-21 14:00:00,-3.6422
2025-01-21 15:00:00,-3.6422
2025-01-21 16:00:00,-3.6421
2025-01-21 17:00:00,-3.6419
2025-01-21 18:00:00,-3.6419
2025-01-21 19:00:00,-3.6416
2025-01-21 20:00:00,-3.6415
2025-01-21 21:00:00,-3.6421
2025-01-21 22:00:00,-3.6423
2025-01-21 23:00:00,-3.6429
2025-01-22 00:00:00,-3.6433
2025-01-22 01:00:00,-3.6432
2025-01-22 02:00:00,-3.6433
2025-01-22 03:00:00,-3.6433
2025-01-22 04:00:00,-3.6430
2025-01-22 05:00:00,-3.6432
2025-01-22 06:00:00,-3.6430
2025-01-22 07:00:00,-3.6434
2025-01-22 08:00:00,-3.6433
2025-01-22 09:00:00,-3.6434
2025-01-22 10:00:00,-3.6440
2025-01-22 11:00:00,-3.6443
2025-01-22 12:00:00,-3.6446
2025-01-22 13:00:00,-3.6446
2025-01-22 14:00:00,-3.6444
2025-01-22 15:00:00,-3.6434
2025-01-22 16:00:00,-3.6422
2025-01-22 17:00:00,-3.6407
2025-01-22 18:00:00,-3.6389
2025-01-22 19:00:00,-3.6372
2025-01-22 20:00:00,-3.6350
2025-01-22 21:00:00,-3.6335
2025-01-22 22:00:00,-3.6317
2025-01-22 23:00:00,-3.6297
2025-01-23 00:00:00,-3.6271
2025-01-23 01:00:00,-3.6247
2025-01-23 02:00:00,-3.6222
2025-01-23 03:00:00,-3.6198
2025-01-23 04:00:00,-3.6178
2025-01-23 05:00:00,-3.6160
2025-01-23 06:00:00,-3.6146
2025-01-23 07:00:00,-3.6141
2025-01-23 08:00:00,-3.6136
2025-01-23 09:00:00,-3.6138
2025-01-23 10:00:00,-3.6140
2025-01-23 11:00:00,-3.6152
2025-01-23 12:00:00,-3.6154
2025-01-23 13:00:00,-3.6166
2025-01-23 14:00:00,-3.6178
2025-01-23 15:00:00,-3.6175
2025-01-23 16:00:00,-3.6182
2025-01-23 17:00:00,-3.6185
2025-01-23 18:00:00,-3.6182
2025-01-23 19:00:00,-3.6187
2025-01-23 20:00:00,-3.6177
2025-01-23 21:00:00,-3.6182
2025-01-23 22:00:00,-3.6174
2025-01-23 23:00:00,-3.6163
2025-01-24 00:00:00,-3.6151
2025-01-24 01:00:00,-3.6136
2025-01-24 02:00:00,-3.6130
2025-01-24 03:00:00,-3.6123
2025-01-24 04:00:00,-3.6115
2025-01-24 05:00:00,-3.6114
2025-01-24 06:00:00,-3.6111
2025-01-24 07:00:00,-3.6112
2025-01-24 08:00:00,-3.6106
2025-01-24 09:00:00,-3.6108
2025-01-24 10:00:00,-3.6108
2025-01-24 11:00:00,-3.6121
2025-01-24 12:00:00,-3.6097
2025-01-24 13:00:00,-3.6074
2025-01-24 14:00:00,-3.6040
2025-01-24 15:00:00,-3.5976
2025-01-24 16:00:00,-3.5905
2025-01-24 17:00:00,-3.5846
2025-01-24 18:00:00,-3.5782
2025-01-24 19:00:00,-3.5723
2025-01-24 20:00:00,-3.5668
2025-01-24 21:00:00,-3.5635
2025-01-24 22:00:00,-3.5592
2025-01-24 23:00:00,-3.5554
2025-01-25 00:00:00,-3.5532
2025-01-25 01:00:00,-3.5513
2025-01-25 02:00:00,-3.5499
2025-01-25 03:00:00,-3.5486
2025-01-25 04:00:00,-3.5482
2025-01-25 05:00:00,-3.5477
2025-01-25 06:00:00,-3.5488
2025-01-25 07:00:00,-3.5480
2025-01-25 08:00:00,-3.5481
2025-01-25 09:00:00,-3.5486
2025-01-25 10:00:00,-3.5505
2025-01-25 11:00:00,-3.5511
2025-01-25 12:00:00,-3.5515
2025-01-25 13:00:00,-3.5518
2025-01-25 14:00:00,-3.5532
2025-01-25 15:00:00,-3.5538
2025-01-25 16:00:00,-3.5544
2025-01-25 17:00:00,-3.5549
2025-01-25 18:00:00,-3.5551
2025-01-25 19:00:00,-3.5561
2025-01-25 20:00:00,-3.5584
2025-01-25 21:00:00,-3.5584
2025-01-25 22:00:00,-3.5591
2025-01-25 23:00:00,-3.5603
2025-01-26 00:00:00,-3.5623
2025-01-26 01:00:00,-3.5624
2025-01-26 02:00:00,-3.5641
2025-01-26 03:00:00,-3.5645
2025-01-26 04:00:00,-3.5654
2025-01-26 05:00:00,-3.5653
2025-01-26 06:00:00,-3.5660
2025-01-26 07:00:00,-3.5667
2025-01-26 08:00:00,-3.5684
2025-01-26 09:00:00,-3.5692
2025-01-26 10:00:00,-3.5704
2025-01-26 11:00:00,-3.5716
2025-01-26 12:00:00,-3.5729
2025-01-26 13:00:00,-3.5739
2025-01-26 14:00:00,-3.5743
2025-01-26 15:00:00,-3.5748
2025-01-26 16:00:00,-3.5749
2025-01-26 17:00:00,-3.5762
2025-01-26 18:00:00,-3.5756
2025-01-26 19:00:00,-3.5744
2025-01-26 20:00:00,-3.5732
2025-01-26 21:00:00,-3.5724
2025-01-26 22:00:00,-3.5692
2025-01-26 23:00:00,-3.5652
2025-01-27 00:00:00,-3.5594
2025-01-27 01:00:00,-3.5547
2025-01-27 02:00:00,-3.5521
2025-01-27 03:00:00,-3.5491
2025-01-27 04:00:00,-3.5446
2025-01-27 05:00:00,-3.5386
2025-01-27 06:00:00,-3.5278
2025-01-27 07:00:00,-3.5162
2025-01-27 08:00:00,-3.5079
2025-01-27 09:00:00,-3.5000
2025-01-27 10:00:00,-3.4931
2025-01-27 11:00:00,-3.4912
2025-01-27 12:00:00,-3.4884
2025-01-27 13:00:00,-3.4869
2025-01-27 14:00:00,-3.4854
2025-01-27 15:00:00,-3.4857
2025-01-27 16:00:00,-3.4858
2025-01-27 17:00:00,-3.4852
2025-01-27 18:00:00,-3.4847
2025-01-27 19:00:00,-3.4854
2025-01-27 20:00:00,-3.4852
2025-01-27 21:00:00,-3.4863
2025-01-27 22:00:00,-3.4876
2025-01-27 23:00:00,-3.4890
2025-01-28 00:00:00,-3.4897
2025-01-28 01:00:00,-3.4909
2025-01-28 02:00:00,-3.4928
2025-01-28 03:00:00,-3.4939
2025-01-28 04:00:00,-3.4947
2025-01-28 05:00:00,-3.4955
2025-01-28 06:00:00,-3.4973
2025-01-28 07:00:00,-3.4991
2025-01-28 08:00:00,-3.5018
2025-01-28 09:00:00,-3.5026
2025-01-28 10:00:00,-3.5038
2025-01-28 12:00:00,-3.5087
2025-01-28 13:00:00,-3.5099
2025-01-28 14:00:00,-3.5117
2025-01-28 15:00:00,-3.5127
2025-01-28 16:00:00,-3.5136
2025-01-28 17:00:00,-3.5155
2025-01-28 18:00:00,-3.5159
2025-01-28 19:00:00,-3.5163
2025-01-28 20:00:00,-3.5167
2025-01-28 21:00:00,-3.5162
2025-01-28 22:00:00,-3.5159
2025-01-28 23:00:00,-3.5158
2025-01-29 00:00:00,-3.5149
2025-01-29 01:00:00,-3.5142
2025-01-29 02:00:00,-3.5119
2025-01-29 03:00:00,-3.5099
2025-01-29 04:00:00,-3.5076
2025-01-29 05:00:00,-3.5049
2025-01-29 06:00:00,-3.5035
2025-01-29 07:00:00,-3.5029
2025-01-29 08:00:00,-3.5029
2025-01-29 09:00:00,-3.5036
2025-01-29 10:00:00,-3.5040
2025-01-29 11:00:00,-3.5043
2025-01-29 12:00:00,-3.5047
2025-01-29 13:00:00,-3.5055
2025-01-29 14:00:00,-3.5062
2025-01-29 15:00:00,-3.5073
2025-01-29 16:00:00,-3.5086
2025-01-29 17:00:00,-3.5085
2025-01-29 18:00:00,-3.5099
2025-01-29 19:00:00,-3.5108
2025-01-29 20:00:00,-3.5113
2025-01-29 21:00:00,-3.5122
2025-01-29 22:00:00,-3.5131
2025-01-29 23:00:00,-3.5139
2025-01-30 00:00:00,-3.5150
2025-01-30 01:00:00,-3.5162
2025-01-30 02:00:00,-3.5172
2025-01-30 03:00:00,-3.5183
2025-01-30 04:00:00,-3.5194
2025-01-30 05:00:00,-3.5207
2025-01-30 06:00:00,-3.5221
2025-01-30 07:00:00,-3.5232
2025-01-30 08:00:00,-3.5243
2025-01-30 09:00:00,-3.5258
2025-01-30 10:00:00,-3.5271
2025-01-30 11:00:00,-3.5280
2025-01-30 12:00:00,-3.5290
2025-01-30 13:00:00,-3.5295
2025-01-30 14:00:00,-3.5303
2025-01-30 15:00:00,-3.5316
2025-01-30 16:00:00,-3.5326
2025-01-30 17:00:00,-3.5342
2025-01-30 18:00:00,-3.5358
2025-01-30 19:00:00,-3.5375
2025-01-30 20:00:00,-3.5390
2025-01-30 21:00:00,-3.5406
2025-01-30 22:00:00,-3.5422
2025-01-30 23:00:00,-3.5431
2025-01-31 00:00:00,-3.5437
2025-01-31 01:00:00,-3.5447
2025-01-31 02:00:00,-3.5455
2025-01-31 03:00:00,-3.5462
2025-01-31 04:00:00,-3.5465
2025-01-31 05:00:00,-3.5477
2025-01-31 06:00:00,-3.5488
2025-01-31 07:00:00,-3.5505
2025-01-31 08:00:00,-3.5516
2025-01-31 09:00:00,-3.5537
2025-01-31 10:00:00,-3.5554
2025-01-31 11:00:00,-3.5574
2025-01-31 12:00:00,-3.5594
2025-01-31 13:00:00,-3.5609
2025-01-31 14:00:00,-3.5621
2025-01-31 15:00:00,-3.5625
2025-01-31 16:00:00,-3.5617
2025-01-31 17:00:00,-3.5612
2025-01-31 18:00:00,-3.5617
2025-01-31 19:00:00,-3.5630
2025-01-31 20:00:00,-3.5642
2025-01-31 21:00:00,-3.5653
2025-01-31 22:00:00,-3.5664
2025-01-31 23:00:00,-3.5674
2025-02-01 00:00:00,-3.5686
2025-02-01 01:00:00,-3.5697
2025-02-01 02:00:00,-3.5708
2025-02-01 03:00:00,-3.5719
2025-02-01 04:00:00,-3.5730
2025-02-01 05:00:00,-3.5744
2025-02-01 06:00:00,-3.5759
2025-02-01 07:00:00,-3.5775
2025-02-01 08:00:00,-3.5798
2025-02-01 09:00:00,-3.5817
2025-02-01 10:00:00,-3.5835
2025-02-01 11:00:00,-3.5856
2025-02-01 12:00:00,-3.5878
2025-02-01 13:00:00,-3.5894
2025-02-01 14:00:00,-3.5907
2025-02-01 15:00:00,-3.5906
2025-02-01 16:00:00,-3.5883
2025-02-01 17:00:00,-3.5853
2025-02-01 18:00:00,-3.5840
2025-02-01 19:00:00,-3.5832
2025-02-01 20:00:00,-3.5830
2025-02-01 21:00:00,-3.5831
2025-02-01 22:00:00,-3.5836
2025-02-01 23:00:00,-3.5846
2025-02-02 00:00:00,-3.5856
2025-02-02 01:00:00,-3.5866
2025-02-02 02:00:00,-3.5878
2025-02-02 03:00:00,-3.5891
2025-02-02 04:00:00,-3.5903
2025-02-02 05:00:00,-3.5918
2025-02-02 06:00:00,-3.5933
2025-02-02 07:00:00,-3.5950
2025-02-02 08:00:00,-3.5971
2025-02-02 09:00:00,-3.5989
2025-02-02 10:00:00,-3.6010
2025-02-02 11:00:00,-3.6033
2025-02-02 12:00:00,-3.6053
2025-02-02 13:00:00,-3.6072
2025-02-02 14:00:00,-3.6083
2025-02-02 15:00:00,-3.6093
2025-02-02 16:00:00,-3.6094
2025-02-02 17:00:00,-3.6085
2025-02-02 18:00:00,-3.6082
2025-02-02 19:00:00,-3.6090
2025-02-02 20:00:00,-3.6096
2025-02-02 21:00:00,-3.6100
2025-02-02 22:00:00,-3.6109
2025-02-02 23:00:00,-3.6113
2025-02-03 00:00:00,-3.6123
2025-02-03 01:00:00,-3.6134
2025-02-03 02:00:00,-3.6136
2025-02-03 03:00:00,-3.6153
2025-02-03 04:00:00,-3.6168
2025-02-03 05:00:00,-3.6183
2025-02-03 06:00:00,-3.6196
2025-02-03 07:00:00,-3.6211
2025-02-03 08:00:00,-3.6225
2025-02-03 09:00:00,-3.6241
2025-02-03 10:00:00,-3.6258
2025-02-03 11:00:00,-3.6277
2025-02-03 12:00:00,-3.6291
2025-02-03 13:00:00,-3.6311
2025-02-03 14:00:00,-3.6327
2025-02-03 15:00:00,-3.6331
2025-02-03 16:00:00,-3.6321
2025-02-03 17:00:00,-3.6305
2025-02-03 18:00:00,-3.6287
2025-02-03 19:00:00,-3.6278
2025-02-03 20:00:00,-3.6272
2025-02-03 21:00:00,-3.6271
2025-02-03 22:00:00,-3.6270
2025-02-03 23:00:00,-3.6268
2025-02-04 00:00:00,-3.6268
2025-02-04 01:00:00,-3.6269
2025-02-04 02:00:00,-3.6269
2025-02-04 03:00:00,-3.6269
2025-02-04 04:00:00,-3.6270
2025-02-04 05:00:00,-3.6269
2025-02-04 06:00:00,-3.6264
2025-02-04 07:00:00,-3.6265
2025-02-04 08:00:00,-3.6262
2025-02-04 09:00:00,-3.6267
2025-02-04 10:00:00,-3.6265
2025-02-04 11:00:00,-3.6272
2025-02-04 12:00:00,-3.6269
2025-02-04 13:00:00,-3.6262
2025-02-04 14:00:00,-3.6254
2025-02-04 15:00:00,-3.6236
2025-02-04 16:00:00,-3.6218
2025-02-04 17:00:00,-3.6199
2025-02-04 18:00:00,-3.6177
2025-02-04 19:00:00,-3.6172
2025-02-04 20:00:00,-3.6164
2025-02-04 21:00:00,-3.6165
2025-02-04 22:00:00,-3.6167
2025-02-04 23:00:00,-3.6170
2025-02-05 00:00:00,-3.6170
2025-02-05 01:00:00,-3.6176
2025-02-05 02:00:00,-3.6180
2025-02-05 03:00:00,-3.6180
2025-02-05 04:00:00,-3.6184
2025-02-05 05:00:00,-3.6189
2025-02-05 06:00:00,-3.6190
2025-02-05 07:00:00,-3.6194
2025-02-05 08:00:00,-3.6200
2025-02-05 09:00:00,-3.6209
2025-02-05 10:00:00,-3.6222
2025-02-05 11:00:00,-3.6238
2025-02-05 12:00:00,-3.6257
2025-02-05 13:00:00,-3.6275
2025-02-05 14:00:00,-3.6289
2025-02-05 15:00:00,-3.6297
2025-02-05 16:00:00,-3.6298
2025-02-05 17:00:00,-3.6293
2025-02-05 18:00:00,-3.6295
2025-02-05 19:00:00,-3.6301
2025-02-05 20:00:00,-3.6308
2025-02-05 21:00:00,-3.6317
2025-02-05 22:00:00,-3.6326
2025-02-05 23:00:00,-3.6336
2025-02-06 00:00:00,-3.6345
2025-02-06 01:00:00,-3.6351
2025-02-06 02:00:00,-3.6356
2025-02-06 03:00:00,-3.6364
2025-02-06 04:00:00,-3.6373
2025-02-06 05:00:00,-3.6378
2025-02-06 06:00:00,-3.6384
2025-02-06 07:00:00,-3.6392
2025-02-06 08:00:00,-3.6398
2025-02-06 09:00:00,-3.6407
2025-02-06 10:00:00,-3.6413
2025-02-06 11:00:00,-3.6418
2025-02-06 12:00:00,-3.6428
2025-02-06 13:00:00,-3.6439
2025-02-06 14:00:00,-3.6446
2025-02-06 15:00:00,-3.6447
2025-02-06 16:00:00,-3.6438
2025-02-06 17:00:00,-3.6428
2025-02-06 18:00:00,-3.6424
2025-02-06 19:00:00,-3.6424
2025-02-06 20:00:00,-3.6424
2025-02-06 21:00:00,-3.6431
2025-02-06 22:00:00,-3.6434
2025-02-06 23:00:00,-3.6442
2025-02-07 00:00:00,-3.6444
2025-02-07 01:00:00,-3.6443
2025-02-07 02:00:00,-3.6446
2025-02-07 03:00:00,-3.6444
2025-02-07 04:00:00,-3.6439
2025-02-07 05:00:00,-3.6440
2025-02-07 06:00:00,-3.6439
2025-02-07 07:00:00,-3.6434
2025-02-07 08:00:00,-3.6441
2025-02-07 09:00:00,-3.6431
2025-02-07 10:00:00,-3.6428
2025-02-07 11:00:00,-3.6438
2025-02-07 12:00:00,-3.6444
2025-02-07 13:00:00,-3.6442
2025-02-07 14:00:00,-3.6444
2025-02-07 15:00:00,-3.6446
2025-02-07 16:00:00,-3.6442
2025-02-07 17:00:00,-3.6451
2025-02-07 18:00:00,-3.6445
2025-02-07 19:00:00,-3.6443
2025-02-07 20:00:00,-3.6444
2025-02-07 21:00:00,-3.6450
2025-02-07 22:00:00,-3.6458
2025-02-07 23:00:00,-3.6466
2025-02-08 00:00:00,-3.6466
2025-02-08 01:00:00,-3.6471
2025-02-08 02:00:00,-3.6473
2025-02-08 03:00:00,-3.6491
2025-02-08 04:00:00,-3.6483
2025-02-08 05:00:00,-3.6488
2025-02-08 06:00:00,-3.6494
2025-02-08 07:00:00,-3.6498
2025-02-08 08:00:00,-3.6502
2025-02-08 09:00:00,-3.6509
2025-02-08 10:00:00,-3.6515
2025-02-08 11:00:00,-3.6525
2025-02-08 12:00:00,-3.6534
2025-02-08 13:00:00,-3.6543
2025-02-08 14:00:00,-3.6556
2025-02-08 15:00:00,-3.6565
2025-02-08 16:00:00,-3.6568
2025-02-08 17:00:00,-3.6578
2025-02-08 18:00:00,-3.6577
2025-02-08 19:00:00,-3.6583
2025-02-08 20:00:00,-3.6590
2025-02-08 21:00:00,-3.6594
2025-02-08 22:00:00,-3.6598
2025-02-08 23:00:00,-3.6604
2025-02-09 00:00:00,-3.6611
2025-02-09 01:00:00,-3.6616
2025-02-09 02:00:00,-3.6624
2025-02-09 03:00:00,-3.6629
2025-02-09 04:00:00,-3.6633
2025-02-09 05:00:00,-3.6636
2025-02-09 06:00:00,-3.6642
2025-02-09 07:00:00,-3.6644
2025-02-09 08:00:00,-3.6649
2025-02-09 09:00:00,-3.6653
2025-02-09 10:00:00,-3.6658
2025-02-09 11:00:00,-3.6663
2025-02-09 12:00:00,-3.6664
2025-02-09 13:00:00,-3.6670
2025-02-09 14:00:00,-3.6674
2025-02-09 15:00:00,-3.6679
2025-02-09 16:00:00,-3.6685
2025-02-09 17:00:00,-3.6687
2025-02-09 18:00:00,-3.6688
2025-02-09 19:00:00,-3.6688
2025-02-09 20:00:00,-3.6690
2025-02-09 21:00:00,-3.6692
2025-02-09 22:00:00,-3.6695
2025-02-09 23:00:00,-3.6693
2025-02-10 00:00:00,-3.6692
2025-02-10 01:00:00,-3.6699
2025-02-10 02:00:00,-3.6700
2025-02-10 03:00:00,-3.6702
2025-02-10 04:00:00,-3.6707
2025-02-10 05:00:00,-3.6709
2025-02-10 06:00:00,-3.6712
2025-02-10 07:00:00,-3.6714
2025-02-10 08:00:00,-3.6716
2025-02-10 09:00:00,-3.6714
2025-02-10 10:00:00,-3.6716
2025-02-10 11:00:00,-3.6714
2025-02-10 12:00:00,-3.6708
2025-02-10 13:00:00,-3.6705
2025-02-10 14:00:00,-3.6707
2025-02-10 15:00:00,-3.6704
2025-02-10 16:00:00,-3.6701
2025-02-10 17:00:00,-3.6694
2025-02-10 18:00:00,-3.6692
2025-02-10 19:00:00,-3.6695
2025-02-10 20:00:00,-3.6689
2025-02-10 21:00:00,-3.6682
2025-02-10 22:00:00,-3.6669
2025-02-10 23:00:00,-3.6649
2025-02-11 00:00:00,-3.6635
2025-02-11 01:00:00,-3.6617
2025-02-11 02:00:00,-3.6598
2025-02-11 03:00:00,-3.6562
2025-02-11 04:00:00,-3.6535
2025-02-11 05:00:00,-3.6495
2025-02-11 06:00:00,-3.6467
2025-02-11 07:00:00,-3.6449
2025-02-11 08:00:00,-3.6400
2025-02-11 09:00:00,-3.6349
2025-02-11 10:00:00,-3.6298
2025-02-11 11:00:00,-3.6238
2025-02-11 12:00:00,-3.6173
2025-02-11 13:00:00,-3.6112
2025-02-11 14:00:00,-3.6060
2025-02-11 15:00:00,-3.6019
2025-02-11 16:00:00,-3.5985
2025-02-11 17:00:00,-3.5948
2025-02-11 18:00:00,-3.5919
2025-02-11 19:00:00,-3.5884
2025-02-11 20:00:00,-3.5838
2025-02-11 21:00:00,-3.5779
2025-02-11 22:00:00,-3.5704
2025-02-11 23:00:00,-3.5612
2025-02-12 00:00:00,-3.5511
2025-02-12 01:00:00,-3.5405
2025-02-12 02:00:00,-3.5304
2025-02-12 03:00:00,-3.5201
2025-02-12 04:00:00,-3.5124
2025-02-12 05:00:00,-3.5062
2025-02-12 06:00:00,-3.5002
2025-02-12 07:00:00,-3.4952
2025-02-12 08:00:00,-3.4912
2025-02-12 09:00:00,-3.4880
2025-02-12 10:00:00,-3.4856
2025-02-12 11:00:00,-3.4838
2025-02-12 12:00:00,-3.4822
2025-02-12 13:00:00,-3.4816
2025-02-12 14:00:00,-3.4809
2025-02-12 15:00:00,-3.4810
2025-02-12 16:00:00,-3.4816
2025-02-12 17:00:00,-3.4820
2025-02-12 18:00:00,-3.4832
2025-02-12 19:00:00,-3.4844
2025-02-12 20:00:00,-3.4861
2025-02-12 21:00:00,-3.4874
2025-02-12 22:00:00,-3.4888
2025-02-12 23:00:00,-3.4904
2025-02-13 00:00:00,-3.4914
2025-02-13 01:00:00,-3.4928
2025-02-13 02:00:00,-3.4940
2025-02-13 03:00:00,-3.4951
2025-02-13 04:00:00,-3.4960
2025-02-13 05:00:00,-3.4977
2025-02-13 06:00:00,-3.4992
2025-02-13 07:00:00,-3.5008
2025-02-13 08:00:00,-3.5025
2025-02-13 09:00:00,-3.5048
2025-02-13 10:00:00,-3.5067
2025-02-13 11:00:00,-3.5087
2025-02-13 12:00:00,-3.5088
2025-02-13 13:00:00,-3.5111
2025-02-13 14:00:00,-3.5126
2025-02-13 15:00:00,-3.5134
2025-02-13 16:00:00,-3.5150
2025-02-13 17:00:00,-3.5165
2025-02-13 18:00:00,-3.5183
2025-02-13 19:00:00,-3.5206
2025-02-13 20:00:00,-3.5223
2025-02-13 21:00:00,-3.5240
2025-02-13 22:00:00,-3.5252
2025-02-13 23:00:00,-3.5262
2025-02-14 00:00:00,-3.5270
2025-02-14 01:00:00,-3.5277
2025-02-14 02:00:00,-3.5289
2025-02-14 03:00:00,-3.5300
2025-02-14 04:00:00,-3.5313
2025-02-14 05:00:00,-3.5330
2025-02-14 06:00:00,-3.5351
2025-02-14 07:00:00,-3.5372
2025-02-14 08:00:00,-3.5396
2025-02-14 09:00:00,-3.5419
2025-02-14 10:00:00,-3.5442
2025-02-14 11:00:00,-3.5463
2025-02-14 12:00:00,-3.5481
2025-02-14 13:00:00,-3.5499
2025-02-14 14:00:00,-3.5508
2025-02-14 15:00:00,-3.5510
2025-02-14 16:00:00,-3.5511
2025-02-14 17:00:00,-3.5510
2025-02-14 18:00:00,-3.5507
2025-02-14 19:00:00,-3.5518
2025-02-14 20:00:00,-3.5525
2025-02-14 21:00:00,-3.5530
2025-02-14 22:00:00,-3.5539
2025-02-14 23:00:00,-3.5547
2025-02-15 00:00:00,-3.5554
2025-02-15 01:00:00,-3.5557
2025-02-15 02:00:00,-3.5563
2025-02-15 03:00:00,-3.5566
2025-02-15 04:00:00,-3.5571
2025-02-15 05:00:00,-3.5580
2025-02-15 06:00:00,-3.5591
2025-02-15 07:00:00,-3.5602
2025-02-15 08:00:00,-3.5616
2025-02-15 09:00:00,-3.5629
2025-02-15 10:00:00,-3.5642
2025-02-15 11:00:00,-3.5652
2025-02-15 12:00:00,-3.5660
2025-02-15 13:00:00,-3.5671
2025-02-15 14:00:00,-3.5676
2025-02-15 15:00:00,-3.5679
2025-02-15 16:00:00,-3.5684
2025-02-15 17:00:00,-3.5687
2025-02-15 18:00:00,-3.5695
2025-02-15 19:00:00,-3.5707
2025-02-15 20:00:00,-3.5719
2025-02-15 21:00:00,-3.5731
2025-02-15 22:00:00,-3.5740
2025-02-15 23:00:00,-3.5751
2025-02-16 00:00:00,-3.5761
2025-02-16 01:00:00,-3.5764
2025-02-16 02:00:00,-3.5772
2025-02-16 03:00:00,-3.5780
2025-02-16 04:00:00,-3.5788
2025-02-16 05:00:00,-3.5796
2025-02-16 06:00:00,-3.5801
2025-02-16 07:00:00,-3.5810
2025-02-16 08:00:00,-3.5823
2025-02-16 09:00:00,-3.5837
2025-02-16 10:00:00,-3.5851
2025-02-16 11:00:00,-3.5859
2025-02-16 12:00:00,-3.5873
2025-02-16 13:00:00,-3.5893
2025-02-16 14:00:00,-3.5903
2025-02-16 15:00:00,-3.5912
2025-02-16 16:00:00,-3.5916
2025-02-16 17:00:00,-3.5915
2025-02-16 18:00:00,-3.5917
2025-02-16 19:00:00,-3.5923
2025-02-16 20:00:00,-3.5934
2025-02-16 21:00:00,-3.5942
2025-02-16 22:00:00,-3.5953
2025-02-16 23:00:00,-3.5966
2025-02-17 00:00:00,-3.5978
2025-02-17 01:00:00,-3.5989
2025-02-17 02:00:00,-3.5999
2025-02-17 03:00:00,-3.6013
2025-02-17 04:00:00,-3.6026
2025-02-17 05:00:00,-3.6039
2025-02-17 06:00:00,-3.6052
2025-02-17 07:00:00,-3.6070
2025-02-17 08:00:00,-3.6092
2025-02-17 09:00:00,-3.6111
2025-02-17 10:00:00,-3.6131
2025-02-17 11:00:00,-3.6150
2025-02-17 12:00:00,-3.6170
2025-02-17 13:00:00,-3.6184
2025-02-17 14:00:00,-3.6197
2025-02-17 15:00:00,-3.6205
2025-02-17 16:00:00,-3.6212
2025-02-17 17:00:00,-3.6214
2025-02-17 18:00:00,-3.6212
2025-02-17 19:00:00,-3.6222
2025-02-17 20:00:00,-3.6232
2025-02-17 21:00:00,-3.6238
2025-02-17 22:00:00,-3.6246
2025-02-17 23:00:00,-3.6253
2025-02-18 00:00:00,-3.6258
2025-02-18 01:00:00,-3.6263
2025-02-18 02:00:00,-3.6275
2025-02-18 03:00:00,-3.6283
2025-02-18 04:00:00,-3.6291
2025-02-18 05:00:00,-3.6301
2025-02-18 06:00:00,-3.6314
2025-02-18 07:00:00,-3.6329
2025-02-18 08:00:00,-3.6347
2025-02-18 09:00:00,-3.6364
2025-02-18 10:00:00,-3.6387
2025-02-18 11:00:00,-3.6407
2025-02-18 12:00:00,-3.6418
2025-02-18 13:00:00,-3.6429
2025-02-18 14:00:00,-3.6441
2025-02-18 15:00:00,-3.6446
2025-02-18 16:00:00,-3.6450
2025-02-18 17:00:00,-3.6452
2025-02-18 18:00:00,-3.6455
2025-02-18 19:00:00,-3.6462
2025-02-18 20:00:00,-3.6469
2025-02-18 21:00:00,-3.6477
2025-02-18 22:00:00,-3.6483
2025-02-18 23:00:00,-3.6486
2025-02-19 00:00:00,-3.6490
2025-02-19 01:00:00,-3.6491
2025-02-19 02:00:00,-3.6491
2025-02-19 03:00:00,-3.6496
2025-02-19 04:00:00,-3.6502
2025-02-19 05:00:00,-3.6505
2025-02-19 06:00:00,-3.6517
2025-02-19 07:00:00,-3.6524
2025-02-19 08:00:00,-3.6536
2025-02-19 09:00:00,-3.6551
2025-02-19 10:00:00,-3.6565
2025-02-19 11:00:00,-3.6576
2025-02-19 12:00:00,-3.6588
2025-02-19 13:00:00,-3.6594
2025-02-19 14:00:00,-3.6599
2025-02-19 15:00:00,-3.6607
2025-02-19 16:00:00,-3.6614
2025-02-19 17:00:00,-3.6612
2025-02-19 18:00:00,-3.6612
2025-02-19 19:00:00,-3.6617
2025-02-19 20:00:00,-3.6621
2025-02-19 21:00:00,-3.6624
2025-02-19 22:00:00,-3.6628
2025-02-19 23:00:00,-3.6629
2025-02-20 00:00:00,-3.6629
2025-02-20 01:00:00,-3.6631
2025-02-20 02:00:00,-3.6632
2025-02-20 03:00:00,-3.6629
2025-02-20 04:00:00,-3.6629
2025-02-20 05:00:00,-3.6630
2025-02-20 06:00:00,-3.6631
2025-02-20 07:00:00,-3.6632
2025-02-20 08:00:00,-3.6641
2025-02-20 09:00:00,-3.6645
2025-02-20 10:00:00,-3.6649
2025-02-20 11:00:00,-3.6656
2025-02-20 12:00:00,-3.6662
2025-02-20 13:00:00,-3.6667
2025-02-20 14:00:00,-3.6665
2025-02-20 15:00:00,-3.6657
2025-02-20 16:00:00,-3.6640
2025-02-20 17:00:00,-3.6619
2025-02-20 18:00:00,-3.6597
2025-02-20 19:00:00,-3.6566
2025-02-20 20:00:00,-3.6540
2025-02-20 21:00:00,-3.6514
2025-02-20 22:00:00,-3.6490
2025-02-20 23:00:00,-3.6467
2025-02-21 00:00:00,-3.6443
2025-02-21 01:00:00,-3.6419
2025-02-21 02:00:00,-3.6401
2025-02-21 03:00:00,-3.6381
2025-02-21 04:00:00,-3.6365
2025-02-21 05:00:00,-3.6353
2025-02-21 06:00:00,-3.6346
2025-02-21 07:00:00,-3.6339
2025-02-21 08:00:00,-3.6332
2025-02-21 09:00:00,-3.6319
2025-02-21 10:00:00,-3.6319
2025-02-21 11:00:00,-3.6324
2025-02-21 12:00:00,-3.6346
2025-02-21 13:00:00,-3.6359
2025-02-21 14:00:00,-3.6353
2025-02-21 15:00:00,-3.6348
2025-02-21 16:00:00,-3.6337
2025-02-21 17:00:00,-3.6335
2025-02-21 18:00:00,-3.6336
2025-02-21 19:00:00,-3.6325
2025-02-21 20:00:00,-3.6328
2025-02-21 21:00:00,-3.6326
2025-02-21 22:00:00,-3.6339
2025-02-21 23:00:00,-3.6350
2025-02-22 00:00:00,-3.6356
2025-02-22 01:00:00,-3.6359
2025-02-22 02:00:00,-3.6366
2025-02-22 03:00:00,-3.6362
2025-02-22 04:00:00,-3.6368
2025-02-22 05:00:00,-3.6371
2025-02-22 06:00:00,-3.6377
2025-02-22 07:00:00,-3.6380
2025-02-22 08:00:00,-3.6386
2025-02-22 09:00:00,-3.6390
2025-02-22 10:00:00,-3.6388
2025-02-22 11:00:00,-3.6397
2025-02-22 12:00:00,-3.6396
2025-02-22 13:00:00,-3.6406
2025-02-22 14:00:00,-3.6399
2025-02-22 15:00:00,-3.6397
2025-02-22 16:00:00,-3.6389
2025-02-22 17:00:00,-3.6382
2025-02-22 18:00:00,-3.6366
2025-02-22 19:00:00,-3.6359
2025-02-22 20:00:00,-3.6349
2025-02-22 21:00:00,-3.6338
2025-02-22 22:00:00,-3.6332
2025-02-22 23:00:00,-3.6319
2025-02-23 00:00:00,-3.6310
2025-02-23 01:00:00,-3.6305
2025-02-23 02:00:00,-3.6304
2025-02-23 03:00:00,-3.6304
2025-02-23 04:00:00,-3.6307
2025-02-23 05:00:00,-3.6312
2025-02-23 06:00:00,-3.6316
2025-02-23 07:00:00,-3.6318
2025-02-23 08:00:00,-3.6327
2025-02-23 09:00:00,-3.6334
2025-02-23 10:00:00,-3.6338
2025-02-23 11:00:00,-3.6349
2025-02-23 12:00:00,-3.6359
2025-02-23 13:00:00,-3.6370
2025-02-23 14:00:00,-3.6383
2025-02-23 15:00:00,-3.6402
2025-02-23 16:00:00,-3.6401
2025-02-23 17:00:00,-3.6397
2025-02-23 18:00:00,-3.6386
2025-02-23 19:00:00,-3.6385
2025-02-23 20:00:00,-3.6388
2025-02-23 21:00:00,-3.6391
2025-02-23 22:00:00,-3.6398
2025-02-23 23:00:00,-3.6407
2025-02-24 00:00:00,-3.6416
2025-02-24 01:00:00,-3.6431
2025-02-24 02:00:00,-3.6444
2025-02-24 03:00:00,-3.6450
2025-02-24 04:00:00,-3.6458
2025-02-24 05:00:00,-3.6462
2025-02-24 06:00:00,-3.6469
2025-02-24 07:00:00,-3.6475
2025-02-24 08:00:00,-3.6475
2025-02-24 09:00:00,-3.6472
2025-02-24 10:00:00,-3.6473
2025-02-24 11:00:00,-3.6459
2025-02-24 12:00:00,-3.6456
2025-02-24 13:00:00,-3.6440
2025-02-24 14:00:00,-3.6413
2025-02-24 15:00:00,-3.6384
2025-02-24 16:00:00,-3.6331
2025-02-24 17:00:00,-3.6268
2025-02-24 18:00:00,-3.6190
2025-02-24 19:00:00,-3.6105
2025-02-24 20:00:00,-3.6027
2025-02-24 21:00:00,-3.5963
2025-02-24 22:00:00,-3.5906
2025-02-24 23:00:00,-3.5856
2025-02-25 00:00:00,-3.5826
2025-02-25 01:00:00,-3.5788
2025-02-25 02:00:00,-3.5760
2025-02-25 03:00:00,-3.5733
2025-02-25 04:00:00,-3.5719
2025-02-25 05:00:00,-3.5709
2025-02-25 06:00:00,-3.5697
2025-02-25 07:00:00,-3.5688
2025-02-25 08:00:00,-3.5683
2025-02-25 09:00:00,-3.5676
2025-02-25 10:00:00,-3.5678
2025-02-25 11:00:00,-3.5680
2025-02-25 12:00:00,-3.5688
2025-02-25 13:00:00,-3.5693
2025-02-25 14:00:00,-3.5693
2025-02-25 15:00:00,-3.5694
2025-02-25 16:00:00,-3.5686
2025-02-25 17:00:00,-3.5679
2025-02-25 18:00:00,-3.5680
2025-02-25 19:00:00,-3.5685
2025-02-25 20:00:00,-3.5689
2025-02-25 21:00:00,-3.5700
2025-02-25 22:00:00,-3.5705
2025-02-25 23:00:00,-3.5713
2025-02-26 00:00:00,-3.5721
2025-02-26 01:00:00,-3.5728
2025-02-26 02:00:00,-3.5736
2025-02-26 03:00:00,-3.5743
2025-02-26 04:00:00,-3.5753
2025-02-26 05:00:00,-3.5762
2025-02-26 06:00:00,-3.5771
2025-02-26 07:00:00,-3.5781
2025-02-26 08:00:00,-3.5791
2025-02-26 09:00:00,-3.5799
2025-02-26 10:00:00,-3.5814
2025-02-26 11:00:00,-3.5829
2025-02-26 12:00:00,-3.5843
2025-02-26 13:00:00,-3.5857
2025-02-26 14:00:00,-3.5867
2025-02-26 15:00:00,-3.5868
2025-02-26 16:00:00,-3.5872
2025-02-26 17:00:00,-3.5868
2025-02-26 18:00:00,-3.5870
2025-02-26 19:00:00,-3.5872
2025-02-26 20:00:00,-3.5889
2025-02-26 21:00:00,-3.5883
2025-02-26 22:00:00,-3.5874
2025-02-26 23:00:00,-3.5858
2025-02-27 00:00:00,-3.5838
2025-02-27 01:00:00,-3.5809
2025-02-27 02:00:00,-3.5776
2025-02-27 03:00:00,-3.5748
2025-02-27 04:00:00,-3.5731
2025-02-27 05:00:00,-3.5721
2025-02-27 06:00:00,-3.5718
2025-02-27 07:00:00,-3.5710
2025-02-27 08:00:00,-3.5706
2025-02-27 09:00:00,-3.5704
2025-02-27 10:00:00,-3.5701
2025-02-27 11:00:00,-3.5704
2025-02-27 12:00:00,-3.5693
2025-02-27 13:00:00,-3.5696
2025-02-27 14:00:00,-3.5693
2025-02-27 15:00:00,-3.5675
2025-02-27 16:00:00,-3.5657
2025-02-27 17:00:00,-3.5623
2025-02-27 18:00:00,-3.5588
2025-02-27 19:00:00,-3.5508
2025-02-27 20:00:00,-3.5410
2025-02-27 21:00:00,-3.5326
2025-02-27 22:00:00,-3.5258
2025-02-27 23:00:00,-3.5206
2025-02-28 00:00:00,-3.5165
2025-02-28 01:00:00,-3.5138
2025-02-28 02:00:00,-3.5116
2025-02-28 03:00:00,-3.5103
2025-02-28 04:00:00,-3.5092
2025-02-28 05:00:00,-3.5093
2025-02-28 06:00:00,-3.5106
2025-02-28 07:00:00,-3.5118
2025-02-28 08:00:00,-3.5134
2025-02-28 09:00:00,-3.5140
2025-02-28 10:00:00,-3.5150
2025-02-28 11:00:00,-3.5159
2025-02-28 12:00:00,-3.5162
2025-02-28 13:00:00,-3.5170
2025-02-28 14:00:00,-3.5179
2025-02-28 15:00:00,-3.5187
2025-02-28 16:00:00,-3.5200
2025-02-28 17:00:00,-3.5216
2025-02-28 18:00:00,-3.5233
2025-02-28 19:00:00,-3.5245
2025-02-28 20:00:00,-3.5263
2025-02-28 21:00:00,-3.5275
2025-02-28 22:00:00,-3.5288
2025-02-28 23:00:00,-3.5300
2025-03-01 00:00:00,-3.5311
2025-03-01 01:00:00,-3.5322
2025-03-01 02:00:00,-3.5332
2025-03-01 03:00:00,-3.5344
2025-03-01 04:00:00,-3.5356
2025-03-01 05:00:00,-3.5367
2025-03-01 06:00:00,-3.5385
2025-03-01 07:00:00,-3.5401
2025-03-01 08:00:00,-3.5419
2025-03-01 09:00:00,-3.5435
2025-03-01 10:00:00,-3.5447
2025-03-01 11:00:00,-3.5459
2025-03-01 12:00:00,-3.5470
2025-03-01 13:00:00,-3.5491
2025-03-01 14:00:00,-3.5499
2025-03-01 15:00:00,-3.5506
2025-03-01 16:00:00,-3.5524
2025-03-01 17:00:00,-3.5539
2025-03-01 18:00:00,-3.5533
2025-03-01 19:00:00,-3.5539
2025-03-01 20:00:00,-3.5554
2025-03-01 21:00:00,-3.5569
2025-03-01 22:00:00,-3.5582
2025-03-01 23:00:00,-3.5597
2025-03-02 00:00:00,-3.5607
2025-03-02 01:00:00,-3.5619
2025-03-02 02:00:00,-3.5631
2025-03-02 03:00:00,-3.5639
2025-03-02 04:00:00,-3.5648
2025-03-02 05:00:00,-3.5663
2025-03-02 06:00:00,-3.5672
2025-03-02 07:00:00,-3.5688
2025-03-02 08:00:00,-3.5707
2025-03-02 09:00:00,-3.5725
2025-03-02 10:00:00,-3.5745
2025-03-02 11:00:00,-3.5763
2025-04-28 18:00:00,-3.7433
2025-04-28 19:00:00,-3.7430
2025-04-28 20:00:00,-3.7454
2025-04-28 21:00:00,-3.7459
2025-04-28 22:00:00,-3.7468
2025-04-28 23:00:00,-3.7477
2025-04-29 00:00:00,-3.7482
2025-04-29 01:00:00,-3.7495
2025-04-29 02:00:00,-3.7494
2025-04-29 03:00:00,-3.7504
2025-04-29 04:00:00,-3.7504
2025-04-29 05:00:00,-3.7512
2025-04-29 06:00:00,-3.7523
2025-04-29 07:00:00,-3.7523
2025-04-29 08:00:00,-3.7532
2025-04-29 09:00:00,-3.7536
2025-04-29 10:00:00,-3.7546
2025-04-29 11:00:00,-3.7553
2025-04-29 12:00:00,-3.7565
2025-04-29 13:00:00,-3.7570
2025-04-29 14:00:00,-3.7579
2025-04-29 15:00:00,-3.7590
2025-04-29 16:00:00,-3.7596
2025-04-29 17:00:00,-3.7606
2025-04-29 18:00:00,-3.7612
2025-04-29 19:00:00,-3.7610
2025-04-29 20:00:00,-3.7615
2025-04-29 21:00:00,-3.7612
2025-04-29 22:00:00,-3.7616
2025-04-29 23:00:00,-3.7621
2025-04-30 00:00:00,-3.7619
2025-04-30 01:00:00,-3.7623
2025-04-30 02:00:00,-3.7625
2025-04-30 03:00:00,-3.7621
2025-04-30 04:00:00,-3.7625
2025-04-30 05:00:00,-3.7623
2025-04-30 06:00:00,-3.7639
2025-04-30 07:00:00,-3.7625
2025-04-30 08:00:00,-3.7625
2025-04-30 09:00:00,-3.7642
2025-04-30 10:00:00,-3.7653
2025-04-30 11:00:00,-3.7659
2025-04-30 12:00:00,-3.7666
2025-04-30 13:00:00,-3.7666
2025-04-30 14:00:00,-3.7667
2025-04-30 15:00:00,-3.7680
2025-04-30 16:00:00,-3.7682
2025-04-30 17:00:00,-3.7688
2025-04-30 18:00:00,-3.7690
2025-04-30 19:00:00,-3.7691
2025-04-30 20:00:00,-3.7690
2025-04-30 21:00:00,-3.7685
2025-04-30 22:00:00,-3.7686
2025-04-30 23:00:00,-3.7685
2025-05-01 00:00:00,-3.7693
2025-05-01 01:00:00,-3.7690
2025-05-01 02:00:00,-3.7693
2025-05-01 03:00:00,-3.7688
2025-05-01 04:00:00,-3.7689
2025-05-01 05:00:00,-3.7686
2025-05-01 06:00:00,-3.7694
2025-05-01 07:00:00,-3.7681
2025-05-01 08:00:00,-3.7694
2025-05-01 09:00:00,-3.7688
2025-05-01 10:00:00,-3.7699
2025-05-01 11:00:00,-3.7711
2025-05-01 12:00:00,-3.7718
2025-05-01 13:00:00,-3.7723
2025-05-01 14:00:00,-3.7721
2025-05-01 15:00:00,-3.7734
2025-05-01 16:00:00,-3.7740
2025-05-01 17:00:00,-3.7738
2025-05-01 18:00:00,-3.7740
2025-05-01 19:00:00,-3.7741
2025-05-01 20:00:00,-3.7737
2025-05-01 21:00:00,-3.7742
2025-05-01 22:00:00,-3.7741
2025-05-01 23:00:00,-3.7738
2025-05-02 00:00:00,-3.7731
2025-05-02 01:00:00,-3.7738
2025-05-02 02:00:00,-3.7740
2025-05-02 03:00:00,-3.7740
2025-05-02 04:00:00,-3.7737
2025-05-02 05:00:00,-3.7734
2025-05-02 06:00:00,-3.7737
2025-05-02 07:00:00,-3.7737
2025-05-02 08:00:00,-3.7730
2025-05-02 09:00:00,-3.7736
2025-05-02 10:00:00,-3.7745
2025-05-02 11:00:00,-3.7749
2025-05-02 12:00:00,-3.7750
2025-05-02 13:00:00,-3.7761
2025-05-02 14:00:00,-3.7762
2025-05-02 15:00:00,-3.7765
2025-05-02 16:00:00,-3.7773
2025-05-02 17:00:00,-3.7775
2025-05-02 18:00:00,-3.7779
2025-05-02 19:00:00,-3.7785
2025-05-02 20:00:00,-3.7782
2025-05-02 21:00:00,-3.7784
2025-05-02 22:00:00,-3.7788
2025-05-02 23:00:00,-3.7792
2025-05-03 00:00:00,-3.7796
2025-05-03 01:00:00,-3.7803
2025-05-03 02:00:00,-3.7804
2025-05-03 03:00:00,-3.7804
2025-05-03 04:00:00,-3.7806
2025-05-03 05:00:00,-3.7813
2025-05-03 06:00:00,-3.7803
2025-05-03 07:00:00,-3.7801
2025-05-03 08:00:00,-3.7810
2025-05-03 09:00:00,-3.7803
2025-05-03 10:00:00,-3.7805
2025-05-03 11:00:00,-3.7814
2025-05-03 12:00:00,-3.7819
2025-05-03 13:00:00,-3.7816
2025-05-03 14:00:00,-3.7815
2025-05-03 15:00:00,-3.7818
2025-05-03 16:00:00,-3.7827
2025-05-03 17:00:00,-3.7836
2025-05-03 18:00:00,-3.7836
2025-05-03 19:00:00,-3.7832
2025-05-03 20:00:00,-3.7835
2025-05-03 21:00:00,-3.7838
2025-05-03 22:00:00,-3.7844
2025-05-03 23:00:00,-3.7850
2025-05-04 00:00:00,-3.7848
2025-05-04 01:00:00,-3.7858
2025-05-04 02:00:00,-3.7861
2025-05-04 03:00:00,-3.7871
2025-05-04 04:00:00,-3.7872
2025-05-04 05:00:00,-3.7872
2025-05-04 06:00:00,-3.7869
2025-05-04 07:00:00,-3.7867
2025-05-04 08:00:00,-3.7867
2025-05-04 09:00:00,-3.7875
2025-05-04 10:00:00,-3.7872
2025-05-04 11:00:00,-3.7877
2025-05-04 12:00:00,-3.7877
2025-05-04 13:00:00,-3.7885
2025-05-04 14:00:00,-3.7887
2025-05-04 15:00:00,-3.7888
2025-05-04 16:00:00,-3.7893
2025-05-04 17:00:00,-3.7901
2025-05-04 18:00:00,-3.7900
2025-05-04 19:00:00,-3.7913
2025-05-04 20:00:00,-3.7910
2025-05-04 21:00:00,-3.7921
2025-05-04 22:00:00,-3.7931
2025-05-04 23:00:00,-3.7938
2025-05-05 00:00:00,-3.7935
2025-05-05 01:00:00,-3.7941
2025-05-05 02:00:00,-3.7942
2025-05-05 03:00:00,-3.7946
2025-05-05 04:00:00,-3.7949
2025-05-05 05:00:00,-3.7947
2025-05-05 06:00:00,-3.7957
2025-05-05 07:00:00,-3.7953
2025-05-05 08:00:00,-3.7959
2025-05-05 09:00:00,-3.7957
2025-05-05 10:00:00,-3.7957
2025-05-05 11:00:00,-3.7960
2025-05-05 12:00:00,-3.7962
2025-05-05 13:00:00,-3.7967
2025-05-05 14:00:00,-3.7967
2025-05-05 15:00:00,-3.7972
2025-05-05 16:00:00,-3.7968
2025-05-05 17:00:00,-3.7965
2025-05-05 18:00:00,-3.7963
2025-05-05 19:00:00,-3.7968
2025-05-05 20:00:00,-3.7970
2025-05-05 21:00:00,-3.7983
2025-05-05 22:00:00,-3.7996
2025-05-05 23:00:00,-3.8011
2025-05-06 00:00:00,-3.8020
2025-05-06 01:00:00,-3.8028
2025-05-06 02:00:00,-3.8034
2025-05-06 03:00:00,-3.8037
2025-05-06 04:00:00,-3.8040
2025-05-06 05:00:00,-3.8040
2025-05-06 06:00:00,-3.8043
2025-05-06 07:00:00,-3.8043
2025-05-06 08:00:00,-3.8045
2025-05-06 09:00:00,-3.8041
2025-05-06 10:00:00,-3.8043
2025-05-06 11:00:00,-3.8042
2025-05-06 12:00:00,-3.8043
2025-05-06 13:00:00,-3.8043
2025-05-06 14:00:00,-3.8044
2025-05-06 15:00:00,-3.8039
2025-05-06 16:00:00,-3.8039
2025-05-06 17:00:00,-3.8035
2025-05-06 18:00:00,-3.8039
2025-05-06 19:00:00,-3.8042
2025-05-06 20:00:00,-3.8043
2025-05-06 21:00:00,-3.8043
2025-05-06 22:00:00,-3.8047
2025-05-06 23:00:00,-3.8050
2025-05-07 00:00:00,-3.8053
2025-05-07 01:00:00,-3.8055
2025-05-07 02:00:00,-3.8054
2025-05-07 03:00:00,-3.8053
2025-05-07 04:00:00,-3.8053
2025-05-07 05:00:00,-3.8052
2025-05-07 06:00:00,-3.8051
2025-05-07 07:00:00,-3.8048
2025-05-07 08:00:00,-3.8049
2025-05-07 09:00:00,-3.8042
2025-05-07 10:00:00,-3.8039
2025-05-07 11:00:00,-3.8032
2025-05-07 12:00:00,-3.8031
2025-05-07 13:00:00,-3.8032
2025-05-07 14:00:00,-3.8036
2025-05-07 15:00:00,-3.8040
2025-05-07 16:00:00,-3.8039
2025-05-07 17:00:00,-3.8029
2025-05-07 18:00:00,-3.8020
2025-05-07 19:00:00,-3.8015
2025-05-07 20:00:00,-3.8011
2025-05-07 21:00:00,-3.8007
2025-05-07 22:00:00,-3.8007
2025-05-07 23:00:00,-3.8006
2025-05-08 00:00:00,-3.8001
2025-05-08 01:00:00,-3.7996
2025-05-08 02:00:00,-3.7988
2025-05-08 03:00:00,-3.7984
2025-05-08 04:00:00,-3.7977
2025-05-08 05:00:00,-3.7970
2025-05-08 06:00:00,-3.7962
2025-05-08 07:00:00,-3.7954
2025-05-08 08:00:00,-3.7948
2025-05-08 09:00:00,-3.7936
2025-05-08 10:00:00,-3.7930
2025-05-08 11:00:00,-3.7924
2025-05-08 12:00:00,-3.7925
2025-05-08 13:00:00,-3.7925
2025-05-08 14:00:00,-3.7926
2025-05-08 15:00:00,-3.7928
2025-05-08 16:00:00,-3.7931
2025-05-08 17:00:00,-3.7933
2025-05-08 18:00:00,-3.7935
2025-05-08 19:00:00,-3.7929
2025-05-08 20:00:00,-3.7924
2025-05-08 21:00:00,-3.7917
2025-05-08 22:00:00,-3.7913
2025-05-08 23:00:00,-3.7913
2025-05-09 00:00:00,-3.7906
2025-05-09 01:00:00,-3.7902
2025-05-09 02:00:00,-3.7894
2025-05-09 03:00:00,-3.7891
2025-05-09 04:00:00,-3.7886
2025-05-09 05:00:00,-3.7883
2025-05-09 06:00:00,-3.7879
2025-05-09 07:00:00,-3.7873
2025-05-09 08:00:00,-3.7869
2025-05-09 09:00:00,-3.7865
2025-05-09 10:00:00,-3.7865
2025-05-09 11:00:00,-3.7858
2025-05-09 12:00:00,-3.7858
2025-05-09 13:00:00,-3.7857
2025-05-09 14:00:00,-3.7864
2025-05-09 15:00:00,-3.7867
2025-05-09 16:00:00,-3.7870
2025-05-09 17:00:00,-3.7877
2025-05-09 18:00:00,-3.7875
2025-05-09 19:00:00,-3.7873
2025-05-09 20:00:00,-3.7871
2025-05-09 21:00:00,-3.7867
2025-05-09 22:00:00,-3.7864
2025-05-09 23:00:00,-3.7864
2025-05-10 00:00:00,-3.7859
2025-05-10 01:00:00,-3.7857
2025-05-10 02:00:00,-3.7854
2025-05-10 03:00:00,-3.7852
2025-05-10 04:00:00,-3.7848
2025-05-10 05:00:00,-3.7845
2025-05-10 06:00:00,-3.7841
2025-05-10 07:00:00,-3.7836
2025-05-10 08:00:00,-3.7833
2025-05-10 09:00:00,-3.7828
2025-05-10 10:00:00,-3.7829
2025-05-10 11:00:00,-3.7827
2025-05-10 12:00:00,-3.7828
2025-05-10 13:00:00,-3.7833
2025-05-10 14:00:00,-3.7836
2025-05-10 15:00:00,-3.7841
2025-05-10 16:00:00,-3.7844
2025-05-10 17:00:00,-3.7849
2025-05-10 18:00:00,-3.7852
2025-05-10 19:00:00,-3.7854
2025-05-10 20:00:00,-3.7852
2025-05-10 21:00:00,-3.7852
2025-05-10 22:00:00,-3.7848
2025-05-10 23:00:00,-3.7846
2025-05-11 00:00:00,-3.7842
2025-05-11 01:00:00,-3.7839
2025-05-11 02:00:00,-3.7833
2025-05-11 03:00:00,-3.7829
2025-05-11 04:00:00,-3.7824
2025-05-11 05:00:00,-3.7821
2025-05-11 06:00:00,-3.7820
2025-05-11 07:00:00,-3.7814
2025-05-11 08:00:00,-3.7808
2025-05-11 09:00:00,-3.7807
2025-05-11 10:00:00,-3.7808
2025-05-11 11:00:00,-3.7810
2025-05-11 12:00:00,-3.7814
2025-05-11 13:00:00,-3.7818
2025-05-11 14:00:00,-3.7825
2025-05-11 15:00:00,-3.7837
2025-05-11 16:00:00,-3.7844
2025-05-11 17:00:00,-3.7852
2025-05-11 18:00:00,-3.7859
2025-05-11 19:00:00,-3.7864
2025-05-11 20:00:00,-3.7866
2025-05-11 21:00:00,-3.7864
2025-05-11 22:00:00,-3.7858
2025-05-11 23:00:00,-3.7857
2025-05-12 00:00:00,-3.7850
2025-05-12 01:00:00,-3.7846
2025-05-12 02:00:00,-3.7838
2025-05-12 03:00:00,-3.7834
2025-05-12 04:00:00,-3.7830
2025-05-12 05:00:00,-3.7827
2025-05-12 06:00:00,-3.7824
2025-05-12 07:00:00,-3.7822
2025-05-12 08:00:00,-3.7822
2025-05-12 09:00:00,-3.7821
2025-05-12 10:00:00,-3.7826
2025-05-12 11:00:00,-3.7830
2025-05-12 12:00:00,-3.7834
2025-05-12 13:00:00,-3.7842
2025-05-12 14:00:00,-3.7855
2025-05-12 15:00:00,-3.7865
2025-05-12 16:00:00,-3.7871
2025-05-12 17:00:00,-3.7876
2025-05-12 18:00:00,-3.7882
2025-05-12 19:00:00,-3.7889
2025-05-12 20:00:00,-3.7896
2025-05-12 21:00:00,-3.7900
2025-05-12 22:00:00,-3.7902
2025-05-12 23:00:00,-3.7905
2025-05-13 00:00:00,-3.7902
2025-05-13 01:00:00,-3.7900
2025-05-13 02:00:00,-3.7895
2025-05-13 03:00:00,-3.7893
2025-05-13 04:00:00,-3.7889
2025-05-13 05:00:00,-3.7886
2025-05-13 06:00:00,-3.7885
2025-05-13 07:00:00,-3.7884
2025-05-13 08:00:00,-3.7882
2025-05-13 09:00:00,-3.7881
2025-05-13 10:00:00,-3.7886
2025-05-13 11:00:00,-3.7890
2025-05-13 12:00:00,-3.7899
2025-05-13 13:00:00,-3.7904
2025-05-13 14:00:00,-3.7910
2025-05-13 15:00:00,-3.7919
2025-05-13 16:00:00,-3.7918
2025-05-13 17:00:00,-3.7924
2025-05-13 18:00:00,-3.7924
2025-05-13 19:00:00,-3.7925
2025-05-13 20:00:00,-3.7924
2025-05-13 21:00:00,-3.7924
2025-05-13 22:00:00,-3.7922
2025-05-13 23:00:00,-3.7922
2025-05-14 00:00:00,-3.7919
2025-05-14 01:00:00,-3.7915
2025-05-14 02:00:00,-3.7907
2025-05-14 03:00:00,-3.7904
2025-05-14 04:00:00,-3.7898
2025-05-14 05:00:00,-3.7893
2025-05-14 06:00:00,-3.7889
2025-05-14 07:00:00,-3.7885
2025-05-14 08:00:00,-3.7881
2025-05-14 09:00:00,-3.7872
2025-05-14 10:00:00,-3.7874
2025-05-14 11:00:00,-3.7874
2025-05-14 12:00:00,-3.7877
2025-05-14 13:00:00,-3.7880
2025-05-14 14:00:00,-3.7886
2025-05-14 15:00:00,-3.7892
2025-05-14 16:00:00,-3.7902
2025-05-14 17:00:00,-3.7905
2025-05-14 18:00:00,-3.7907
2025-05-14 19:00:00,-3.7910
2025-05-14 20:00:00,-3.7913
2025-05-14 21:00:00,-3.7915
2025-05-14 22:00:00,-3.7917
2025-05-14 23:00:00,-3.7912
2025-05-15 00:00:00,-3.7906
2025-05-15 01:00:00,-3.7903
2025-05-15 02:00:00,-3.7897
2025-05-15 03:00:00,-3.7892
2025-05-15 04:00:00,-3.7886
2025-05-15 05:00:00,-3.7880
2025-05-15 06:00:00,-3.7873
2025-05-15 07:00:00,-3.7869
2025-05-15 08:00:00,-3.7867
2025-05-15 09:00:00,-3.7865
2025-05-15 10:00:00,-3.7868
2025-05-15 11:00:00,-3.7875
2025-05-15 12:00:00,-3.7885
2025-05-15 13:00:00,-3.7894
2025-05-15 14:00:00,-3.7907
2025-05-15 15:00:00,-3.7909
2025-05-15 16:00:00,-3.7912
2025-05-15 17:00:00,-3.7920
2025-05-15 18:00:00,-3.7924
2025-05-15 19:00:00,-3.7932
2025-05-15 20:00:00,-3.7939
2025-05-15 21:00:00,-3.7945
2025-05-15 22:00:00,-3.7951
2025-05-15 23:00:00,-3.7959
2025-05-16 00:00:00,-3.7958
2025-05-16 01:00:00,-3.7959
2025-05-16 02:00:00,-3.7953
2025-05-16 03:00:00,-3.7949
2025-05-16 04:00:00,-3.7945
2025-05-16 05:00:00,-3.7941
2025-05-16 06:00:00,-3.7936
2025-05-16 07:00:00,-3.7930
2025-05-16 08:00:00,-3.7926
2025-05-16 09:00:00,-3.7921
2025-05-16 10:00:00,-3.7918
2025-05-16 11:00:00,-3.7911
2025-05-16 12:00:00,-3.7918
2025-05-16 13:00:00,-3.7922
2025-05-16 14:00:00,-3.7929
2025-05-16 15:00:00,-3.7939
2025-05-16 16:00:00,-3.7944
2025-05-16 17:00:00,-3.7945
2025-05-16 18:00:00,-3.7949
2025-05-16 19:00:00,-3.7949
2025-05-16 20:00:00,-3.7948
2025-05-16 21:00:00,-3.7948
2025-05-16 22:00:00,-3.7949
2025-05-16 23:00:00,-3.7949
2025-05-17 00:00:00,-3.7944
2025-05-17 01:00:00,-3.7940
2025-05-17 02:00:00,-3.7932
2025-05-17 03:00:00,-3.7927
2025-05-17 04:00:00,-3.7919
2025-05-17 05:00:00,-3.7914
2025-05-17 06:00:00,-3.7908
2025-05-17 07:00:00,-3.7902
2025-05-17 08:00:00,-3.7899
2025-05-17 09:00:00,-3.7889
2025-05-17 10:00:00,-3.7888
2025-05-17 11:00:00,-3.7887
2025-05-17 12:00:00,-3.7888
2025-05-17 13:00:00,-3.7899
2025-05-17 14:00:00,-3.7908
2025-05-17 15:00:00,-3.7922
2025-05-17 16:00:00,-3.7933
2025-05-17 17:00:00,-3.7941
2025-05-17 18:00:00,-3.7949
2025-05-17 19:00:00,-3.7953
2025-05-17 20:00:00,-3.7959
2025-05-17 21:00:00,-3.7961
2025-05-17 22:00:00,-3.7959
2025-05-17 23:00:00,-3.7956
2025-05-18 00:00:00,-3.7948
2025-05-18 01:00:00,-3.7947
2025-05-18 02:00:00,-3.7942
2025-05-18 03:00:00,-3.7937
2025-05-18 04:00:00,-3.7932
2025-05-18 05:00:00,-3.7926
2025-05-18 06:00:00,-3.7924
2025-05-18 07:00:00,-3.7917
2025-05-18 08:00:00,-3.7915
2025-05-18 09:00:00,-3.7909
2025-05-18 10:00:00,-3.7912
2025-05-18 11:00:00,-3.7915
2025-05-18 12:00:00,-3.7921
2025-05-18 13:00:00,-3.7932
2025-05-18 14:00:00,-3.7943
2025-05-18 15:00:00,-3.7953
2025-05-18 16:00:00,-3.7959
2025-05-18 17:00:00,-3.7959
2025-05-18 18:00:00,-3.7954
2025-05-18 19:00:00,-3.7959
2025-05-18 20:00:00,-3.7967
2025-05-18 21:00:00,-3.7973
2025-05-18 22:00:00,-3.7977
2025-05-18 23:00:00,-3.7980
2025-05-19 00:00:00,-3.7977
2025-05-19 01:00:00,-3.7976
2025-05-19 02:00:00,-3.7972
2025-05-19 03:00:00,-3.7968
2025-05-19 04:00:00,-3.7965
2025-05-19 05:00:00,-3.7960
2025-05-19 06:00:00,-3.7956
2025-05-19 07:00:00,-3.7949
2025-05-19 08:00:00,-3.7946
2025-05-19 09:00:00,-3.7943
2025-05-19 10:00:00,-3.7946
2025-05-19 11:00:00,-3.7949
2025-05-19 12:00:00,-3.7960
2025-05-19 13:00:00,-3.7975
2025-05-19 14:00:00,-3.7988
2025-05-19 15:00:00,-3.8002
2025-05-19 16:00:00,-3.8009
2025-05-19 17:00:00,-3.8015
2025-05-19 18:00:00,-3.8023
2025-05-19 19:00:00,-3.8023
2025-05-19 20:00:00,-3.8028
2025-05-19 21:00:00,-3.8032
2025-05-19 22:00:00,-3.8033
2025-05-19 23:00:00,-3.8037
2025-05-20 00:00:00,-3.8032
2025-05-20 01:00:00,-3.8028
2025-05-20 02:00:00,-3.8017
2025-05-20 03:00:00,-3.8014
2025-05-20 04:00:00,-3.8006
2025-05-20 05:00:00,-3.7998
2025-05-20 06:00:00,-3.7993
2025-05-20 07:00:00,-3.7985
2025-05-20 08:00:00,-3.7976
2025-05-20 09:00:00,-3.7968
2025-05-20 10:00:00,-3.7968
2025-05-20 11:00:00,-3.7968
2025-05-20 12:00:00,-3.7977
2025-05-20 13:00:00,-3.7983
2025-05-20 14:00:00,-3.7995
2025-05-20 15:00:00,-3.8002
2025-05-20 16:00:00,-3.8017
2025-05-20 17:00:00,-3.8028
2025-05-20 18:00:00,-3.8030
2025-05-20 19:00:00,-3.8037
2025-05-20 20:00:00,-3.8040
2025-05-20 21:00:00,-3.8043
2025-05-20 22:00:00,-3.8040
2025-05-20 23:00:00,-3.8039
2025-05-21 00:00:00,-3.8031
2025-05-21 01:00:00,-3.8024
2025-05-21 02:00:00,-3.8015
2025-05-21 03:00:00,-3.8007
2025-05-21 04:00:00,-3.7998
2025-05-21 05:00:00,-3.7990
2025-05-21 06:00:00,-3.7982
2025-05-21 07:00:00,-3.7974
2025-05-21 08:00:00,-3.7967
2025-05-21 09:00:00,-3.7957
2025-05-21 10:00:00,-3.7954
2025-05-21 11:00:00,-3.7951
2025-05-21 12:00:00,-3.7953
2025-05-21 13:00:00,-3.7960
2025-05-21 14:00:00,-3.7964
2025-05-21 15:00:00,-3.7971
2025-05-21 16:00:00,-3.7979
2025-05-21 17:00:00,-3.7978
2025-05-21 18:00:00,-3.7980
2025-05-21 19:00:00,-3.7980
2025-05-21 20:00:00,-3.7982
2025-05-21 21:00:00,-3.7987
2025-05-21 22:00:00,-3.7985
2025-05-21 23:00:00,-3.7988
2025-05-22 00:00:00,-3.7984
2025-05-22 01:00:00,-3.7982
2025-05-22 02:00:00,-3.7979
2025-05-22 03:00:00,-3.7975
2025-05-22 04:00:00,-3.7970
2025-05-22 05:00:00,-3.7965
2025-05-22 06:00:00,-3.7960
2025-05-22 07:00:00,-3.7948
2025-05-22 08:00:00,-3.7941
2025-05-22 09:00:00,-3.7936
2025-05-22 10:00:00,-3.7942
2025-05-22 11:00:00,-3.7944
2025-05-22 12:00:00,-3.7956
2025-05-22 13:00:00,-3.7970
2025-05-22 14:00:00,-3.7975
2025-05-22 15:00:00,-3.7996
2025-05-22 16:00:00,-3.8003
2025-05-22 17:00:00,-3.8014
2025-05-22 18:00:00,-3.8026
2025-05-22 19:00:00,-3.8035
2025-05-22 20:00:00,-3.8043
2025-05-22 21:00:00,-3.8056
2025-05-22 22:00:00,-3.8055
2025-05-22 23:00:00,-3.8055
2025-05-23 00:00:00,-3.8050
2025-05-23 01:00:00,-3.8044
2025-05-23 02:00:00,-3.8036
2025-05-23 03:00:00,-3.8027
2025-05-23 04:00:00,-3.8023
2025-05-23 05:00:00,-3.8015
2025-05-23 06:00:00,-3.8010
2025-05-23 07:00:00,-3.8001
2025-05-23 08:00:00,-3.7995
2025-05-23 09:00:00,-3.7985
2025-05-23 10:00:00,-3.7981
2025-05-23 11:00:00,-3.7986
2025-05-23 12:00:00,-3.7990
2025-05-23 13:00:00,-3.7988
2025-05-23 14:00:00,-3.7985
2025-05-23 15:00:00,-3.7984
2025-05-23 16:00:00,-3.7988
2025-05-23 17:00:00,-3.8000
2025-05-23 18:00:00,-3.8006
2025-05-23 19:00:00,-3.8014
2025-05-23 20:00:00,-3.8020
2025-05-23 21:00:00,-3.8024
2025-05-23 22:00:00,-3.8025
2025-05-23 23:00:00,-3.8024
2025-05-24 00:00:00,-3.8014
2025-05-24 01:00:00,-3.8010
2025-05-24 02:00:00,-3.8002
2025-05-24 03:00:00,-3.7994
2025-05-24 04:00:00,-3.7987
2025-05-24 05:00:00,-3.7984
2025-05-24 06:00:00,-3.7973
2025-05-24 07:00:00,-3.7971
2025-05-24 08:00:00,-3.7967
2025-05-24 09:00:00,-3.7966
2025-05-24 10:00:00,-3.7967
2025-05-24 11:00:00,-3.7970
2025-05-24 12:00:00,-3.7973
2025-05-24 13:00:00,-3.7972
2025-05-24 14:00:00,-3.7972
2025-05-24 15:00:00,-3.7962
2025-05-24 16:00:00,-3.7948
2025-05-24 17:00:00,-3.7936
2025-05-24 18:00:00,-3.7927
2025-05-24 19:00:00,-3.7915
2025-05-24 20:00:00,-3.7907
2025-05-24 21:00:00,-3.7899
2025-05-24 22:00:00,-3.7893
2025-05-24 23:00:00,-3.7888
2025-05-25 00:00:00,-3.7877
2025-05-25 01:00:00,-3.7878
2025-05-25 02:00:00,-3.7873
2025-05-25 03:00:00,-3.7870
2025-05-25 04:00:00,-3.7867
2025-05-25 05:00:00,-3.7864
2025-05-25 06:00:00,-3.7861
2025-05-25 07:00:00,-3.7861
2025-05-25 08:00:00,-3.7859
2025-05-25 09:00:00,-3.7853
2025-05-25 10:00:00,-3.7850
2025-05-25 11:00:00,-3.7849
2025-05-25 12:00:00,-3.7856
2025-05-25 13:00:00,-3.7865
2025-05-25 14:00:00,-3.7870
2025-05-25 15:00:00,-3.7881
2025-05-25 16:00:00,-3.7893
2025-05-25 17:00:00,-3.7900
2025-05-25 18:00:00,-3.7900
2025-05-25 19:00:00,-3.7900
2025-05-25 20:00:00,-3.7898
2025-05-25 21:00:00,-3.7899
2025-05-25 22:00:00,-3.7895
2025-05-25 23:00:00,-3.7895
2025-05-26 00:00:00,-3.7889
2025-05-26 01:00:00,-3.7886
2025-05-26 02:00:00,-3.7880
2025-05-26 03:00:00,-3.7875
2025-05-26 04:00:00,-3.7874
2025-05-26 05:00:00,-3.7871
2025-05-26 06:00:00,-3.7869
2025-05-26 07:00:00,-3.7870
2025-05-26 08:00:00,-3.7871
2025-05-26 09:00:00,-3.7875
2025-05-26 10:00:00,-3.7881
2025-05-26 11:00:00,-3.7890
2025-05-26 12:00:00,-3.7903
2025-05-26 13:00:00,-3.7924
2025-05-26 14:00:00,-3.7945
2025-05-26 15:00:00,-3.7963
2025-05-26 16:00:00,-3.7986
2025-05-26 17:00:00,-3.8002
2025-05-26 18:00:00,-3.8017
2025-05-26 19:00:00,-3.8034
2025-05-26 20:00:00,-3.8045
2025-05-26 21:00:00,-3.8049
2025-05-26 22:00:00,-3.8049
2025-05-26 23:00:00,-3.8048
2025-05-27 00:00:00,-3.8047
2025-05-27 01:00:00,-3.8042
2025-05-27 02:00:00,-3.8040
2025-05-27 03:00:00,-3.8037
2025-05-27 04:00:00,-3.8025
2025-05-27 05:00:00,-3.8021
2025-05-27 06:00:00,-3.8028
2025-05-27 07:00:00,-3.8015
2025-05-27 08:00:00,-3.7985
2025-05-27 09:00:00,-3.7986
2025-05-27 10:00:00,-3.7977
2025-05-27 11:00:00,-3.7958
2025-05-27 12:00:00,-3.7955
2025-05-27 13:00:00,-3.7951
2025-05-27 14:00:00,-3.7955
2025-05-27 15:00:00,-3.7962
2025-05-27 16:00:00,-3.7974
2025-05-27 17:00:00,-3.7978
2025-05-27 18:00:00,-3.7956
2025-05-27 19:00:00,-3.7913
2025-05-27 20:00:00,-3.7875
2025-05-27 21:00:00,-3.7835
2025-05-27 22:00:00,-3.7805
2025-05-27 23:00:00,-3.7780
2025-05-28 00:00:00,-3.7756
2025-05-28 01:00:00,-3.7739
2025-05-28 02:00:00,-3.7733
2025-05-28 03:00:00,-3.7718
2025-05-28 04:00:00,-3.7711
2025-05-28 05:00:00,-3.7697
2025-05-28 06:00:00,-3.7682
2025-05-28 07:00:00,-3.7671
2025-05-28 08:00:00,-3.7670
2025-05-28 09:00:00,-3.7653
2025-05-28 10:00:00,-3.7640
2025-05-28 11:00:00,-3.7626
2025-05-28 12:00:00,-3.7616
2025-05-28 13:00:00,-3.7603
2025-05-28 14:00:00,-3.7580
2025-05-28 15:00:00,-3.7575
2025-05-28 16:00:00,-3.7575
2025-05-28 17:00:00,-3.7572
2025-05-28 18:00:00,-3.7579
2025-05-28 19:00:00,-3.7587
2025-05-28 20:00:00,-3.7605
2025-05-28 21:00:00,-3.7613
2025-05-28 22:00:00,-3.7621
2025-05-28 23:00:00,-3.7627
2025-05-29 00:00:00,-3.7630
2025-05-29 01:00:00,-3.7633
2025-05-29 02:00:00,-3.7634
2025-05-29 03:00:00,-3.7634
2025-05-29 04:00:00,-3.7634
2025-05-29 05:00:00,-3.7637
2025-05-29 06:00:00,-3.7635
2025-05-29 07:00:00,-3.7635
2025-05-29 08:00:00,-3.7640
2025-05-29 09:00:00,-3.7642
2025-05-29 10:00:00,-3.7640
2025-05-29 11:00:00,-3.7637
2025-05-29 12:00:00,-3.7634
2025-05-29 13:00:00,-3.7634
2025-05-29 14:00:00,-3.7635
2025-05-29 15:00:00,-3.7633
2025-05-29 16:00:00,-3.7636
2025-05-29 17:00:00,-3.7641
2025-05-29 18:00:00,-3.7650
2025-05-29 19:00:00,-3.7657
2025-05-29 20:00:00,-3.7659
2025-05-29 21:00:00,-3.7660
2025-05-29 22:00:00,-3.7663
2025-05-29 23:00:00,-3.7662
2025-05-30 00:00:00,-3.7659
2025-05-30 01:00:00,-3.7661
2025-05-30 02:00:00,-3.7657
2025-05-30 03:00:00,-3.7654
2025-05-30 04:00:00,-3.7654
2025-05-30 05:00:00,-3.7652
2025-05-30 06:00:00,-3.7652
2025-05-30 07:00:00,-3.7654
2025-05-30 08:00:00,-3.7654
2025-05-30 09:00:00,-3.7657
2025-05-30 10:00:00,-3.7664
2025-05-30 11:00:00,-3.7670
2025-05-30 12:00:00,-3.7677
2025-05-30 13:00:00,-3.7686
2025-05-30 14:00:00,-3.7693
2025-05-30 15:00:00,-3.7709
2025-05-30 16:00:00,-3.7725
2025-05-30 17:00:00,-3.7736
2025-05-30 18:00:00,-3.7747
2025-05-30 19:00:00,-3.7756
2025-05-30 20:00:00,-3.7764
2025-05-30 21:00:00,-3.7766
2025-05-30 22:00:00,-3.7767
2025-05-30 23:00:00,-3.7765
2025-05-31 00:00:00,-3.7764
2025-05-31 01:00:00,-3.7759
2025-05-31 02:00:00,-3.7754
2025-05-31 03:00:00,-3.7750
2025-05-31 04:00:00,-3.7745
2025-05-31 05:00:00,-3.7742
2025-05-31 06:00:00,-3.7736
2025-05-31 07:00:00,-3.7734
2025-05-31 08:00:00,-3.7733
2025-05-31 09:00:00,-3.7733
2025-05-31 10:00:00,-3.7737
2025-05-31 11:00:00,-3.7742
2025-05-31 12:00:00,-3.7751
2025-05-31 13:00:00,-3.7758
2025-05-31 14:00:00,-3.7771
2025-05-31 15:00:00,-3.7783
2025-05-31 16:00:00,-3.7794
2025-05-31 17:00:00,-3.7806
2025-05-31 18:00:00,-3.7814
2025-05-31 19:00:00,-3.7820
2025-05-31 20:00:00,-3.7827
2025-05-31 21:00:00,-3.7832
2025-05-31 22:00:00,-3.7833
2025-05-31 23:00:00,-3.7831
2025-06-01 00:00:00,-3.7825
2025-06-01 01:00:00,-3.7819
2025-06-01 02:00:00,-3.7814
2025-06-01 03:00:00,-3.7807
2025-06-01 04:00:00,-3.7803
2025-06-01 05:00:00,-3.7797
2025-06-01 06:00:00,-3.7793
2025-06-01 07:00:00,-3.7792
2025-06-01 08:00:00,-3.7789
2025-06-01 09:00:00,-3.7792
2025-06-01 10:00:00,-3.7798
2025-06-01 11:00:00,-3.7803
2025-06-01 12:00:00,-3.7814
2025-06-01 13:00:00,-3.7827
2025-06-01 14:00:00,-3.7846
2025-06-01 15:00:00,-3.7864
2025-06-01 16:00:00,-3.7878
2025-06-01 17:00:00,-3.7893
2025-06-01 18:00:00,-3.7906
2025-06-01 19:00:00,-3.7916
2025-06-01 20:00:00,-3.7921
2025-06-01 21:00:00,-3.7926
2025-06-01 22:00:00,-3.7924
2025-06-01 23:00:00,-3.7923
2025-06-02 00:00:00,-3.7916
2025-06-02 01:00:00,-3.7912
2025-06-02 02:00:00,-3.7907
2025-06-02 03:00:00,-3.7902
2025-06-02 04:00:00,-3.7896
2025-06-02 05:00:00,-3.7890
2025-06-02 06:00:00,-3.7885
2025-06-02 07:00:00,-3.7880
2025-06-02 08:00:00,-3.7878
2025-06-02 09:00:00,-3.7875
2025-06-02 10:00:00,-3.7878
2025-06-02 11:00:00,-3.7887
2025-06-02 12:00:00,-3.7900
2025-06-02 13:00:00,-3.7919
2025-06-02 14:00:00,-3.7935
2025-06-02 15:00:00,-3.7954
2025-06-02 16:00:00,-3.7969
2025-06-02 17:00:00,-3.7983
2025-06-02 18:00:00,-3.7992
2025-06-02 19:00:00,-3.8000
2025-06-02 20:00:00,-3.8007
2025-06-02 21:00:00,-3.8010
2025-06-02 22:00:00,-3.8009
2025-06-02 23:00:00,-3.8004
2025-06-03 00:00:00,-3.7998
2025-06-03 01:00:00,-3.7991
2025-06-03 02:00:00,-3.7982
2025-06-03 03:00:00,-3.7975
2025-06-03 04:00:00,-3.7964
2025-06-03 05:00:00,-3.7956
2025-06-03 06:00:00,-3.7947
2025-06-03 07:00:00,-3.7938
2025-06-03 08:00:00,-3.7932
2025-06-03 09:00:00,-3.7932
2025-06-03 10:00:00,-3.7934
2025-06-03 11:00:00,-3.7953
2025-06-03 12:00:00,-3.7973
2025-06-03 13:00:00,-3.7987
2025-06-03 14:00:00,-3.8018
2025-06-03 15:00:00,-3.8037
2025-06-03 16:00:00,-3.8047
2025-06-03 17:00:00,-3.8060
2025-06-03 18:00:00,-3.8065
2025-06-03 19:00:00,-3.8070
2025-06-03 20:00:00,-3.8071
2025-06-03 21:00:00,-3.8082
2025-06-03 22:00:00,-3.8075
2025-06-03 23:00:00,-3.8067
2025-06-04 00:00:00,-3.8057
2025-06-04 01:00:00,-3.8043
2025-06-04 02:00:00,-3.8049
2025-06-04 03:00:00,-3.8039
2025-06-04 04:00:00,-3.8008
2025-06-04 05:00:00,-3.7992
2025-06-04 06:00:00,-3.7951
2025-06-04 07:00:00,-3.7918
2025-06-04 08:00:00,-3.7899
2025-06-04 09:00:00,-3.7875
2025-06-04 10:00:00,-3.7871
2025-06-04 11:00:00,-3.7864
2025-06-04 12:00:00,-3.7866
2025-06-04 13:00:00,-3.7870
2025-06-04 14:00:00,-3.7879
2025-06-04 15:00:00,-3.7887
2025-06-04 16:00:00,-3.7905
2025-06-04 17:00:00,-3.7912
2025-06-04 18:00:00,-3.7931
2025-06-04 19:00:00,-3.7941
2025-06-04 20:00:00,-3.7944
2025-06-04 21:00:00,-3.7950
2025-06-04 22:00:00,-3.7946
2025-06-04 23:00:00,-3.7936
2025-06-05 00:00:00,-3.7922
2025-06-05 01:00:00,-3.7922
2025-06-05 02:00:00,-3.7916
2025-06-05 03:00:00,-3.7907
2025-06-05 04:00:00,-3.7906
2025-06-05 05:00:00,-3.7924
2025-06-05 06:00:00,-3.7912
2025-06-05 07:00:00,-3.7916
2025-06-05 08:00:00,-3.7905
2025-06-05 09:00:00,-3.7912
2025-06-05 10:00:00,-3.7916
2025-06-05 11:00:00,-3.7925
2025-06-05 12:00:00,-3.8130
2025-06-05 13:00:00,-3.8130
2025-06-05 14:00:00,-3.8110
2025-06-05 15:00:00,-3.8110
2025-06-05 16:00:00,-3.8100
2025-06-05 17:00:00,-3.8110
2025-06-05 18:00:00,-3.8130
2025-06-05 19:00:00,-3.8120
2025-06-05 20:00:00,-3.8120
2025-06-05 21:00:00,-3.8110
2025-06-05 22:00:00,-3.8110
2025-06-05 23:00:00,-3.8090
2025-06-06 00:00:00,-3.8080
2025-06-06 01:00:00,-3.8070
2025-06-06 02:00:00,-3.8050
2025-06-06 03:00:00,-3.8020
2025-06-06 04:00:00,-3.8000
2025-06-06 05:00:00,-3.7990
2025-06-06 06:00:00,-3.7990
2025-06-06 07:00:00,-3.7960
2025-06-06 08:00:00,-3.7960
2025-06-06 09:00:00,-3.7980
2025-06-06 10:00:00,-3.7980
2025-06-06 11:00:00,-3.7990
2025-06-06 12:00:00,-3.7990
2025-06-06 13:00:00,-3.8010
2025-06-06 14:00:00,-3.8020
2025-06-06 15:00:00,-3.8050
2025-06-06 16:00:00,-3.8070
2025-06-06 17:00:00,-3.8100
2025-06-06 18:00:00,-3.8100
2025-06-06 19:00:00,-3.8100
2025-06-06 20:00:00,-3.8100
2025-06-06 21:00:00,-3.8100
2025-06-06 22:00:00,-3.8090
2025-06-06 23:00:00,-3.8090
2025-06-07 00:00:00,-3.8080
2025-06-07 01:00:00,-3.8070
2025-06-07 02:00:00,-3.8080
2025-06-07 03:00:00,-3.8070
2025-06-07 04:00:00,-3.8070
2025-06-07 05:00:00,-3.8080
2025-06-07 06:00:00,-3.8080
2025-06-07 07:00:00,-3.8070
2025-06-07 08:00:00,-3.8030
2025-06-07 09:00:00,-3.8030
2025-06-07 10:00:00,-3.8010
2025-06-07 11:00:00,-3.7990
2025-06-07 12:00:00,-3.7970
2025-06-07 13:00:00,-3.7950
2025-06-07 14:00:00,-3.7930
2025-06-07 15:00:00,-3.7920
2025-06-07 16:00:00,-3.7910
2025-06-07 17:00:00,-3.7900
2025-06-07 18:00:00,-3.7890
2025-06-07 19:00:00,-3.7880
2025-06-07 20:00:00,-3.7880
2025-06-07 21:00:00,-3.7880
2025-06-07 22:00:00,-3.7860
2025-06-07 23:00:00,-3.7860
2025-06-08 00:00:00,-3.7830
2025-06-08 01:00:00,-3.7820
2025-06-08 02:00:00,-3.7760
2025-06-08 03:00:00,-3.7700
2025-06-08 04:00:00,-3.7610
2025-06-08 05:00:00,-3.7550
2025-06-08 06:00:00,-3.7510
2025-06-08 07:00:00,-3.7460
2025-06-08 08:00:00,-3.7430
2025-06-08 09:00:00,-3.7400
2025-06-08 10:00:00,-3.7380
2025-06-08 11:00:00,-3.7370
2025-06-08 12:00:00,-3.7330
2025-06-08 13:00:00,-3.7310
2025-06-08 14:00:00,-3.7300
2025-06-08 15:00:00,-3.7300
2025-06-08 16:00:00,-3.7290
2025-06-08 17:00:00,-3.7300
2025-06-08 18:00:00,-3.7290
2025-06-08 19:00:00,-3.7290
2025-06-08 20:00:00,-3.7290
2025-06-08 21:00:00,-3.7310
2025-06-08 22:00:00,-3.7310
2025-06-08 23:00:00,-3.7320
2025-06-09 00:00:00,-3.7320
2025-06-09 01:00:00,-3.7300
2025-06-09 02:00:00,-3.7280
2025-06-09 03:00:00,-3.7250
2025-06-09 04:00:00,-3.7240
2025-06-09 05:00:00,-3.7230
2025-06-09 06:00:00,-3.7230
2025-06-09 07:00:00,-3.7240
2025-06-09 08:00:00,-3.7240
2025-06-09 09:00:00,-3.7260
2025-06-09 10:00:00,-3.7280
2025-06-09 11:00:00,-3.7290
2025-06-09 12:00:00,-3.7310
2025-06-09 13:00:00,-3.7330
2025-06-09 14:00:00,-3.7350
2025-06-09 15:00:00,-3.7380
2025-06-09 16:00:00,-3.7400
2025-06-09 17:00:00,-3.7420
2025-06-09 18:00:00,-3.7430
2025-06-09 19:00:00,-3.7450
2025-06-09 20:00:00,-3.7470
2025-06-09 21:00:00,-3.7480
2025-06-09 22:00:00,-3.7480
2025-06-09 23:00:00,-3.7480
2025-06-10 00:00:00,-3.7490
2025-06-10 01:00:00,-3.7490
2025-06-10 02:00:00,-3.7500
2025-06-10 03:00:00,-3.7510
2025-06-10 04:00:00,-3.7510
2025-06-10 05:00:00,-3.7520
2025-06-10 06:00:00,-3.7530
2025-06-10 07:00:00,-3.7520
2025-06-10 08:00:00,-3.7540
2025-06-10 09:00:00,-3.7560
2025-06-10 10:00:00,-3.7550
2025-06-10 11:00:00,-3.7550
2025-06-10 12:00:00,-3.7560
2025-06-10 13:00:00,-3.7560
2025-06-10 14:00:00,-3.7560
2025-06-10 15:00:00,-3.7570
2025-06-10 16:00:00,-3.7560
2025-06-10 17:00:00,-3.7550
2025-06-10 18:00:00,-3.7550
2025-06-10 19:00:00,-3.7560
2025-06-10 20:00:00,-3.7580
2025-06-10 21:00:00,-3.7590
2025-06-10 22:00:00,-3.7600
2025-06-10 23:00:00,-3.7610
2025-06-11 00:00:00,-3.7610
2025-06-11 01:00:00,-3.7620
2025-06-11 02:00:00,-3.7630
2025-06-11 03:00:00,-3.7640
2025-06-11 04:00:00,-3.7650
2025-06-11 05:00:00,-3.7650
2025-06-11 06:00:00,-3.7660
2025-06-11 07:00:00,-3.7670
2025-06-11 08:00:00,-3.7680
2025-06-11 09:00:00,-3.7680
2025-06-11 10:00:00,-3.7690
2025-06-11 11:00:00,-3.7700
2025-06-11 12:00:00,-3.7710
2025-06-11 13:00:00,-3.7720
2025-06-11 14:00:00,-3.7730
2025-06-11 15:00:00,-3.7730
2025-06-11 16:00:00,-3.7740
2025-06-11 17:00:00,-3.7740
2025-06-11 18:00:00,-3.7750
2025-06-11 19:00:00,-3.7760
2025-06-11 20:00:00,-3.7760
2025-06-11 21:00:00,-3.7780
2025-06-11 22:00:00,-3.7780
2025-06-11 23:00:00,-3.7780
2025-06-12 00:00:00,-3.7790
2025-06-12 01:00:00,-3.7790
2025-06-12 02:00:00,-3.7790
2025-06-12 03:00:00,-3.7790
2025-06-12 04:00:00,-3.7790
2025-06-12 05:00:00,-3.7790
2025-06-12 06:00:00,-3.7790
2025-06-12 07:00:00,-3.7800
2025-06-12 08:00:00,-3.7800
2025-06-12 09:00:00,-3.7810
2025-06-12 10:00:00,-3.7820
2025-06-12 11:00:00,-3.7810
2025-06-12 12:00:00,-3.7810
2025-06-12 13:00:00,-3.7810
2025-06-12 14:00:00,-3.7820
2025-06-12 15:00:00,-3.7820
2025-06-12 16:00:00,-3.7830
2025-06-12 17:00:00,-3.7830
2025-06-12 18:00:00,-3.7840
2025-06-12 19:00:00,-3.7850
2025-06-12 20:00:00,-3.7860
2025-06-12 21:00:00,-3.7860
2025-06-12 22:00:00,-3.7870
2025-06-12 23:00:00,-3.7870
2025-06-13 00:00:00,-3.7870
2025-06-13 01:00:00,-3.7870
2025-06-13 02:00:00,-3.7860
2025-06-13 03:00:00,-3.7870
2025-06-13 04:00:00,-3.7860
2025-06-13 05:00:00,-3.7860
2025-06-13 06:00:00,-3.7850
2025-06-13 07:00:00,-3.7850
2025-06-13 08:00:00,-3.7860
2025-06-13 09:00:00,-3.7870
2025-06-13 10:00:00,-3.7880
2025-06-13 11:00:00,-3.7880
2025-06-13 12:00:00,-3.7890
2025-06-13 13:00:00,-3.7900
2025-06-13 14:00:00,-3.7900
2025-06-13 15:00:00,-3.7910
2025-06-13 16:00:00,-3.7920
2025-06-13 17:00:00,-3.7920
2025-06-13 18:00:00,-3.7930
2025-06-13 19:00:00,-3.7930
2025-06-13 20:00:00,-3.7940
2025-06-13 21:00:00,-3.7940
2025-06-13 22:00:00,-3.7950
2025-06-13 23:00:00,-3.7950
2025-06-14 00:00:00,-3.7940
2025-06-14 01:00:00,-3.7940
2025-06-14 02:00:00,-3.7940
2025-06-14 03:00:00,-3.7930
2025-06-14 04:00:00,-3.7930
2025-06-14 05:00:00,-3.7910
2025-06-14 06:00:00,-3.7890
2025-06-14 07:00:00,-3.7890
2025-06-14 08:00:00,-3.7890
2025-06-14 09:00:00,-3.7890
2025-06-14 10:00:00,-3.7890
2025-06-14 11:00:00,-3.7890
2025-06-14 12:00:00,-3.7890
2025-06-14 13:00:00,-3.7910
2025-06-14 14:00:00,-3.7920
2025-06-14 15:00:00,-3.7920
2025-06-14 16:00:00,-3.7930
2025-06-14 17:00:00,-3.7930
2025-06-14 18:00:00,-3.7940
2025-06-14 19:00:00,-3.7940
2025-06-14 20:00:00,-3.7950
2025-06-14 21:00:00,-3.7950
2025-06-14 22:00:00,-3.7960
2025-06-14 23:00:00,-3.7970
2025-06-15 00:00:00,-3.7970
2025-06-15 01:00:00,-3.7970
2025-06-15 02:00:00,-3.7970
2025-06-15 03:00:00,-3.7960
2025-06-15 04:00:00,-3.7960
2025-06-15 05:00:00,-3.7960
2025-06-15 06:00:00,-3.7960
2025-06-15 07:00:00,-3.7950
2025-06-15 08:00:00,-3.7950
2025-06-15 09:00:00,-3.7960
2025-06-15 10:00:00,-3.7970
2025-06-15 11:00:00,-3.7970
2025-06-15 12:00:00,-3.7980
2025-06-15 13:00:00,-3.7990
2025-06-15 14:00:00,-3.8000
2025-06-15 15:00:00,-3.8010
2025-06-15 16:00:00,-3.8020
2025-06-15 17:00:00,-3.8030
2025-06-15 18:00:00,-3.8030
2025-06-15 19:00:00,-3.8040
2025-06-15 20:00:00,-3.8050
2025-06-15 21:00:00,-3.8050
2025-06-15 22:00:00,-3.8060
2025-06-15 23:00:00,-3.8060
2025-06-16 00:00:00,-3.8060
2025-06-16 01:00:00,-3.8060
2025-06-16 02:00:00,-3.8060
2025-06-16 03:00:00,-3.8060
2025-06-16 04:00:00,-3.8050
2025-06-16 05:00:00,-3.8050
2025-06-16 06:00:00,-3.8050
2025-06-16 07:00:00,-3.8050
2025-06-16 08:00:00,-3.8050
2025-06-16 09:00:00,-3.8050
2025-06-16 10:00:00,-3.8050
2025-06-16 11:00:00,-3.8050
2025-06-16 12:00:00,-3.8050
2025-06-16 13:00:00,-3.8060
2025-06-16 14:00:00,-3.8080
2025-06-16 15:00:00,-3.8090
2025-06-16 16:00:00,-3.8100
2025-06-16 17:00:00,-3.8100
2025-06-16 18:00:00,-3.8110
2025-06-16 19:00:00,-3.8120
2025-06-16 20:00:00,-3.8130
2025-06-16 21:00:00,-3.8130
2025-06-16 22:00:00,-3.8130
2025-06-16 23:00:00,-3.8140
2025-06-17 00:00:00,-3.8130
2025-06-17 01:00:00,-3.8130
2025-06-17 02:00:00,-3.8130
2025-06-17 03:00:00,-3.8120
2025-06-17 04:00:00,-3.8120
2025-06-17 05:00:00,-3.8110
2025-06-17 06:00:00,-3.8110
2025-06-17 07:00:00,-3.8110
2025-06-17 08:00:00,-3.8110
2025-06-17 09:00:00,-3.8120
2025-06-17 10:00:00,-3.8130
2025-06-17 11:00:00,-3.8140
2025-06-17 12:00:00,-3.8150
2025-06-17 13:00:00,-3.8160
2025-06-17 14:00:00,-3.8180
2025-06-17 15:00:00,-3.8200
2025-06-17 16:00:00,-3.8210
2025-06-17 17:00:00,-3.8220
2025-06-17 18:00:00,-3.8230
2025-06-17 19:00:00,-3.8230
2025-06-17 20:00:00,-3.8230
2025-06-17 21:00:00,-3.8240
2025-06-17 22:00:00,-3.8240
2025-06-17 23:00:00,-3.8240
2025-06-18 00:00:00,-3.8240
2025-06-18 01:00:00,-3.8230
2025-06-18 02:00:00,-3.8230
2025-06-18 03:00:00,-3.8230
2025-06-18 04:00:00,-3.8220
2025-06-18 05:00:00,-3.8220
2025-06-18 06:00:00,-3.8210
2025-06-18 07:00:00,-3.8210
2025-06-18 08:00:00,-3.8210
2025-06-18 09:00:00,-3.8210
2025-06-18 10:00:00,-3.8210
2025-06-18 11:00:00,-3.8220
2025-06-18 12:00:00,-3.8240
2025-06-18 13:00:00,-3.8250
2025-06-18 14:00:00,-3.8260
2025-06-18 15:00:00,-3.8280
2025-06-18 16:00:00,-3.8300
2025-06-18 17:00:00,-3.8310
2025-06-18 18:00:00,-3.8320
2025-06-18 19:00:00,-3.8320
2025-06-18 20:00:00,-3.8330
2025-06-18 21:00:00,-3.8340
2025-06-18 22:00:00,-3.8350
2025-06-18 23:00:00,-3.8350
2025-06-19 00:00:00,-3.8350
2025-06-19 01:00:00,-3.8350
2025-06-19 02:00:00,-3.8340
2025-06-19 03:00:00,-3.8340
2025-06-19 04:00:00,-3.8340
2025-06-19 05:00:00,-3.8340
2025-06-19 06:00:00,-3.8330
2025-06-19 07:00:00,-3.8330
2025-06-19 08:00:00,-3.8320
2025-06-19 09:00:00,-3.8320
2025-06-19 10:00:00,-3.8320
2025-06-19 11:00:00,-3.8330
2025-06-19 12:00:00,-3.8340
2025-06-19 13:00:00,-3.8350
2025-06-19 14:00:00,-3.8360
2025-06-19 15:00:00,-3.8370
2025-06-19 16:00:00,-3.8390
2025-06-19 17:00:00,-3.8400
2025-06-19 18:00:00,-3.8410
2025-06-19 19:00:00,-3.8420
2025-06-19 20:00:00,-3.8420
2025-06-19 21:00:00,-3.8430
2025-06-19 22:00:00,-3.8430
2025-06-19 23:00:00,-3.8430
2025-06-20 00:00:00,-3.8420
2025-06-20 01:00:00,-3.8420
2025-06-20 02:00:00,-3.8420
2025-06-20 03:00:00,-3.8420
2025-06-20 04:00:00,-3.8420
2025-06-20 05:00:00,-3.8410
2025-06-20 06:00:00,-3.8410
2025-06-20 07:00:00,-3.8400
2025-06-20 08:00:00,-3.8400
2025-06-20 09:00:00,-3.8400
2025-06-20 10:00:00,-3.8410
2025-06-20 11:00:00,-3.8410
2025-06-20 12:00:00,-3.8430
2025-06-20 13:00:00,-3.8440
2025-06-20 14:00:00,-3.8460
2025-06-20 15:00:00,-3.8470
2025-06-20 16:00:00,-3.8490
2025-06-20 17:00:00,-3.8500
2025-06-20 18:00:00,-3.8510
2025-06-20 19:00:00,-3.8520
2025-06-20 20:00:00,-3.8520
2025-06-20 21:00:00,-3.8520
2025-06-20 22:00:00,-3.8520
2025-06-20 23:00:00,-3.8520
2025-06-21 00:00:00,-3.8510
2025-06-21 01:00:00,-3.8500
2025-06-21 02:00:00,-3.8500
2025-06-21 03:00:00,-3.8490
2025-06-21 04:00:00,-3.8480
2025-06-21 05:00:00,-3.8480
2025-06-21 06:00:00,-3.8470
2025-06-21 07:00:00,-3.8460
2025-06-21 08:00:00,-3.8450
2025-06-21 09:00:00,-3.8450
2025-06-21 10:00:00,-3.8450
2025-06-21 11:00:00,-3.8460
2025-06-21 12:00:00,-3.8470
2025-06-21 13:00:00,-3.8490
2025-06-21 14:00:00,-3.8510
2025-06-21 15:00:00,-3.8530
2025-06-21 16:00:00,-3.8540
2025-06-21 17:00:00,-3.8550
2025-06-21 18:00:00,-3.8560
2025-06-21 19:00:00,-3.8580
2025-06-21 20:00:00,-3.8580
2025-06-21 21:00:00,-3.8580
2025-06-21 22:00:00,-3.8580
2025-06-21 23:00:00,-3.8570
2025-06-22 00:00:00,-3.8560
2025-06-22 01:00:00,-3.8560
2025-06-22 02:00:00,-3.8550
2025-06-22 03:00:00,-3.8540
2025-06-22 04:00:00,-3.8530
2025-06-22 05:00:00,-3.8530
2025-06-22 06:00:00,-3.8520
2025-06-22 07:00:00,-3.8510
2025-06-22 08:00:00,-3.8500
2025-06-22 09:00:00,-3.8500
2025-06-22 10:00:00,-3.8510
2025-06-22 11:00:00,-3.8530
2025-06-22 12:00:00,-3.8540
2025-06-22 13:00:00,-3.8540
2025-06-22 14:00:00,-3.8550
2025-06-22 15:00:00,-3.8570
2025-06-22 16:00:00,-3.8590
2025-06-22 17:00:00,-3.8600
2025-06-22 18:00:00,-3.8610
2025-06-22 19:00:00,-3.8620
2025-06-22 20:00:00,-3.8630
2025-06-22 21:00:00,-3.8630
2025-06-22 22:00:00,-3.8640
2025-06-22 23:00:00,-3.8640
2025-06-23 00:00:00,-3.8630
2025-06-23 01:00:00,-3.8630
2025-06-23 02:00:00,-3.8620
2025-06-23 03:00:00,-3.8620
2025-06-23 04:00:00,-3.8610
2025-06-23 05:00:00,-3.8600
2025-06-23 06:00:00,-3.8590
2025-06-23 07:00:00,-3.8590
2025-06-23 08:00:00,-3.8580
2025-06-23 09:00:00,-3.8570
2025-06-23 10:00:00,-3.8580
2025-06-23 11:00:00,-3.8570
2025-06-23 12:00:00,-3.8570
2025-06-23 13:00:00,-3.8570
2025-06-23 14:00:00,-3.8590
2025-06-23 15:00:00,-3.8600
2025-06-23 16:00:00,-3.8620
2025-06-23 17:00:00,-3.8640
2025-06-23 18:00:00,-3.8650
2025-06-23 19:00:00,-3.8660
2025-06-23 20:00:00,-3.8670
2025-06-23 21:00:00,-3.8670
2025-06-23 22:00:00,-3.8670
2025-06-23 23:00:00,-3.8680
2025-06-24 00:00:00,-3.8670
2025-06-24 01:00:00,-3.8650
2025-06-24 02:00:00,-3.8640
2025-06-24 03:00:00,-3.8630
2025-06-24 04:00:00,-3.8630
2025-06-24 05:00:00,-3.8640
2025-06-24 06:00:00,-3.8620
2025-06-24 07:00:00,-3.8620
2025-06-24 08:00:00,-3.8630
2025-06-24 09:00:00,-3.8620
2025-06-24 10:00:00,-3.8630
2025-06-24 11:00:00,-3.8650
2025-06-24 12:00:00,-3.8650
2025-06-24 13:00:00,-3.8660
2025-06-24 14:00:00,-3.8670
2025-06-24 15:00:00,-3.8680
2025-06-24 16:00:00,-3.8680
2025-06-24 17:00:00,-3.8680
2025-06-24 18:00:00,-3.8690
2025-06-24 19:00:00,-3.8700
2025-06-24 20:00:00,-3.8680
2025-06-24 21:00:00,-3.8710
2025-06-24 22:00:00,-3.8700
2025-06-24 23:00:00,-3.8680
2025-06-25 00:00:00,-3.8680
2025-06-25 01:00:00,-3.8670
2025-06-25 02:00:00,-3.8660
2025-06-25 03:00:00,-3.8650
2025-06-25 04:00:00,-3.8630
2025-06-25 05:00:00,-3.8640
2025-06-25 06:00:00,-3.8630
2025-06-25 07:00:00,-3.8610
2025-06-25 08:00:00,-3.8620
2025-06-25 09:00:00,-3.8620
2025-06-25 10:00:00,-3.8620
2025-06-25 11:00:00,-3.8630
2025-06-25 12:00:00,-3.8640
2025-06-25 13:00:00,-3.8660
2025-06-25 14:00:00,-3.8670
2025-06-25 15:00:00,-3.8680
2025-06-25 16:00:00,-3.8700
2025-06-25 17:00:00,-3.8710
2025-06-25 18:00:00,-3.8720
2025-06-25 19:00:00,-3.8730
2025-06-25 20:00:00,-3.8740
2025-06-25 21:00:00,-3.8740
2025-06-25 22:00:00,-3.8740
2025-06-25 23:00:00,-3.8740
2025-06-26 00:00:00,-3.8730
2025-06-26 01:00:00,-3.8720
2025-06-26 02:00:00,-3.8710
2025-06-26 03:00:00,-3.8710
2025-06-26 04:00:00,-3.8700
2025-06-26 05:00:00,-3.8690
2025-06-26 06:00:00,-3.8690
2025-06-26 07:00:00,-3.8690
2025-06-26 08:00:00,-3.8680
2025-06-26 09:00:00,-3.8670
2025-06-26 10:00:00,-3.8670
2025-06-26 11:00:00,-3.8670
2025-06-26 12:00:00,-3.8680
2025-06-26 13:00:00,-3.8680
2025-06-26 14:00:00,-3.8680
2025-06-26 15:00:00,-3.8680
2025-06-26 16:00:00,-3.8710
2025-06-26 17:00:00,-3.8720
2025-06-26 18:00:00,-3.8740
2025-06-26 19:00:00,-3.8760
2025-06-26 20:00:00,-3.8780
2025-06-26 21:00:00,-3.8790
2025-06-26 22:00:00,-3.8800
2025-06-26 23:00:00,-3.8790
2025-06-27 00:00:00,-3.8790
2025-06-27 01:00:00,-3.8780
2025-06-27 02:00:00,-3.8770
2025-06-27 03:00:00,-3.8770
2025-06-27 04:00:00,-3.8760
2025-06-27 05:00:00,-3.8760
2025-06-27 06:00:00,-3.8740
2025-06-27 07:00:00,-3.8720
2025-06-27 08:00:00,-3.8720
2025-06-27 09:00:00,-3.8720
2025-06-27 10:00:00,-3.8720
2025-06-27 11:00:00,-3.8720
2025-06-27 12:00:00,-3.8730
2025-06-27 13:00:00,-3.8730
2025-06-27 14:00:00,-3.8750
2025-06-27 15:00:00,-3.8770
2025-06-27 16:00:00,-3.8780
2025-06-27 17:00:00,-3.8810
2025-06-27 18:00:00,-3.8820
2025-06-27 19:00:00,-3.8830
2025-06-27 20:00:00,-3.8840
2025-06-27 21:00:00,-3.8860
2025-06-27 22:00:00,-3.8860
2025-06-27 23:00:00,-3.8870
2025-06-28 00:00:00,-3.8870
2025-06-28 01:00:00,-3.8860
2025-06-28 02:00:00,-3.8860
2025-06-28 03:00:00,-3.8850
2025-06-28 04:00:00,-3.8850
2025-06-28 05:00:00,-3.8850
2025-06-28 06:00:00,-3.8850
2025-06-28 07:00:00,-3.8840
2025-06-28 08:00:00,-3.8850
2025-06-28 09:00:00,-3.8860
2025-06-28 10:00:00,-3.8860
2025-06-28 11:00:00,-3.8870
2025-06-28 12:00:00,-3.8880
2025-06-28 13:00:00,-3.8890
2025-06-28 14:00:00,-3.8910
2025-06-28 15:00:00,-3.8920
2025-06-28 16:00:00,-3.8930
2025-06-28 17:00:00,-3.8940
2025-06-28 18:00:00,-3.8950
2025-06-28 19:00:00,-3.8960
2025-06-28 20:00:00,-3.8970
2025-06-28 21:00:00,-3.8980
2025-06-28 22:00:00,-3.8980
2025-06-28 23:00:00,-3.8980
2025-06-29 00:00:00,-3.8980
2025-06-29 01:00:00,-3.8970
2025-06-29 02:00:00,-3.8960
2025-06-29 03:00:00,-3.8950
2025-06-29 04:00:00,-3.8940
2025-06-29 05:00:00,-3.8930
2025-06-29 06:00:00,-3.8920
2025-06-29 07:00:00,-3.8910
2025-06-29 08:00:00,-3.8900
2025-06-29 09:00:00,-3.8900
2025-06-29 10:00:00,-3.8900
2025-06-29 11:00:00,-3.8900
2025-06-29 12:00:00,-3.8920
2025-06-29 13:00:00,-3.8940
2025-06-29 14:00:00,-3.8950
2025-06-29 15:00:00,-3.8970
2025-06-29 16:00:00,-3.8980
2025-06-29 17:00:00,-3.9000
2025-06-29 18:00:00,-3.9010
2025-06-29 19:00:00,-3.9010
2025-06-29 20:00:00,-3.9020
2025-06-29 21:00:00,-3.9030
2025-06-29 22:00:00,-3.9030
2025-06-29 23:00:00,-3.9030
2025-06-30 00:00:00,-3.9020
2025-06-30 01:00:00,-3.9020
2025-06-30 02:00:00,-3.9010
2025-06-30 03:00:00,-3.9000
2025-06-30 04:00:00,-3.8990
2025-06-30 05:00:00,-3.8980
2025-06-30 06:00:00,-3.8970
2025-06-30 07:00:00,-3.8960
2025-06-30 08:00:00,-3.8960
2025-06-30 09:00:00,-3.8950
2025-06-30 10:00:00,-3.8950
2025-06-30 11:00:00,-3.8950
2025-06-30 12:00:00,-3.8960
2025-06-30 13:00:00,-3.8980
2025-06-30 14:00:00,-3.9000
2025-06-30 15:00:00,-3.9020
2025-06-30 16:00:00,-3.9030
2025-06-30 17:00:00,-3.9040
2025-06-30 18:00:00,-3.9050
2025-06-30 19:00:00,-3.9060
2025-06-30 20:00:00,-3.9070
2025-06-30 21:00:00,-3.9070
2025-06-30 22:00:00,-3.9080
2025-06-30 23:00:00,-3.9080
2025-07-01 00:00:00,-3.9080
2025-07-01 01:00:00,-3.9070
2025-07-01 02:00:00,-3.9060
2025-07-01 03:00:00,-3.9050
2025-07-01 04:00:00,-3.9040
2025-07-01 05:00:00,-3.9030
2025-07-01 06:00:00,-3.9020
2025-07-01 07:00:00,-3.9010
2025-07-01 08:00:00,-3.9000
2025-07-01 09:00:00,-3.9000
2025-07-01 10:00:00,-3.9010
2025-07-01 11:00:00,-3.9030
2025-07-01 12:00:00,-3.9050
2025-07-01 13:00:00,-3.9070
2025-07-01 14:00:00,-3.9090
2025-07-01 15:00:00,-3.9110
2025-07-01 16:00:00,-3.9120
2025-07-01 17:00:00,-3.9140
2025-07-01 18:00:00,-3.9150
2025-07-01 19:00:00,-3.9160
2025-07-01 20:00:00,-3.9160
2025-07-01 21:00:00,-3.9160
2025-07-01 22:00:00,-3.9160
2025-07-01 23:00:00,-3.9160
2025-07-02 00:00:00,-3.9160
2025-07-02 01:00:00,-3.9150
2025-07-02 02:00:00,-3.9140
2025-07-02 03:00:00,-3.9130
2025-07-02 04:00:00,-3.9120
2025-07-02 05:00:00,-3.9110
2025-07-02 06:00:00,-3.9100
2025-07-02 07:00:00,-3.9090
2025-07-02 08:00:00,-3.9080
2025-07-02 09:00:00,-3.9080
2025-07-02 10:00:00,-3.9080
2025-07-02 11:00:00,-3.9090
2025-07-02 12:00:00,-3.9110
2025-07-02 13:00:00,-3.9130
2025-07-02 14:00:00,-3.9150
2025-07-02 15:00:00,-3.9170
2025-07-02 16:00:00,-3.9180
2025-07-02 17:00:00,-3.9190
2025-07-02 18:00:00,-3.9160
2025-07-02 19:00:00,-3.9130
2025-07-02 20:00:00,-3.9100
2025-07-02 21:00:00,-3.9090
2025-07-02 22:00:00,-3.9060
2025-07-02 23:00:00,-3.9050
2025-07-03 00:00:00,-3.9040
2025-07-03 01:00:00,-3.9030
2025-07-03 02:00:00,-3.9020
2025-07-03 03:00:00,-3.9010
2025-07-03 04:00:00,-3.9010
2025-07-03 05:00:00,-3.9000
2025-07-03 06:00:00,-3.9000
2025-07-03 07:00:00,-3.8990
2025-07-03 08:00:00,-3.8990
2025-07-03 09:00:00,-3.8980
2025-07-03 10:00:00,-3.8990
2025-07-03 11:00:00,-3.8990
2025-07-03 12:00:00,-3.9000
2025-07-03 13:00:00,-3.9020
2025-07-03 14:00:00,-3.9040
2025-07-03 15:00:00,-3.9050
2025-07-03 16:00:00,-3.9080
2025-07-03 17:00:00,-3.9100
2025-07-03 18:00:00,-3.9110
2025-07-03 19:00:00,-3.9130
2025-07-03 20:00:00,-3.9150
2025-07-03 21:00:00,-3.9160
2025-07-03 22:00:00,-3.9160
2025-07-03 23:00:00,-3.9160
2025-07-04 00:00:00,-3.9160
2025-07-04 01:00:00,-3.9160
2025-07-04 02:00:00,-3.9150
2025-07-04 03:00:00,-3.9140
2025-07-04 04:00:00,-3.9130
2025-07-04 05:00:00,-3.9130
2025-07-04 06:00:00,-3.9120
2025-07-04 07:00:00,-3.9110
2025-07-04 08:00:00,-3.9100
2025-07-04 09:00:00,-3.9100
2025-07-04 10:00:00,-3.9110
2025-07-04 11:00:00,-3.9110
2025-07-04 12:00:00,-3.9130
2025-07-04 13:00:00,-3.9150
2025-07-04 14:00:00,-3.9170
2025-07-04 15:00:00,-3.9190
2025-07-04 16:00:00,-3.9200
2025-07-04 17:00:00,-3.9210
2025-07-04 18:00:00,-3.9220
2025-07-04 19:00:00,-3.9230
2025-07-04 20:00:00,-3.9240
2025-07-04 21:00:00,-3.9240
2025-07-04 22:00:00,-3.9230
2025-07-04 23:00:00,-3.9220
2025-07-05 00:00:00,-3.9210
2025-07-05 01:00:00,-3.9200
2025-07-05 02:00:00,-3.9180
2025-07-05 03:00:00,-3.9170
2025-07-05 04:00:00,-3.9160
2025-07-05 05:00:00,-3.9150
2025-07-05 06:00:00,-3.9140
2025-07-05 07:00:00,-3.9120
2025-07-05 08:00:00,-3.9110
2025-07-05 09:00:00,-3.9100
2025-07-05 10:00:00,-3.9100
2025-07-05 11:00:00,-3.9090
2025-07-05 12:00:00,-3.9090
2025-07-05 13:00:00,-3.9090
2025-07-05 14:00:00,-3.9100
2025-07-05 15:00:00,-3.9110
2025-07-05 16:00:00,-3.9110
2025-07-05 17:00:00,-3.9120
2025-07-05 18:00:00,-3.9130
2025-07-05 19:00:00,-3.9140
2025-07-05 20:00:00,-3.9140
2025-07-05 21:00:00,-3.9130
2025-07-05 22:00:00,-3.9110
2025-07-05 23:00:00,-3.9090
2025-07-06 00:00:00,-3.9070
2025-07-06 01:00:00,-3.9060
2025-07-06 02:00:00,-3.9040
2025-07-06 03:00:00,-3.9030
2025-07-06 04:00:00,-3.9010
2025-07-06 05:00:00,-3.9000
2025-07-06 06:00:00,-3.8990
2025-07-06 07:00:00,-3.8970
2025-07-06 08:00:00,-3.8960
2025-07-06 09:00:00,-3.8950
2025-07-06 10:00:00,-3.8940
2025-07-06 11:00:00,-3.8930
2025-07-06 12:00:00,-3.8930
2025-07-06 13:00:00,-3.8930
2025-07-06 14:00:00,-3.8920
2025-07-06 15:00:00,-3.8910
2025-07-06 16:00:00,-3.8900
2025-07-06 17:00:00,-3.8890
2025-07-06 18:00:00,-3.8870
2025-07-06 19:00:00,-3.8870
2025-07-06 20:00:00,-3.8870
2025-07-06 21:00:00,-3.8850
2025-07-06 22:00:00,-3.8850
2025-07-06 23:00:00,-3.8840
2025-07-07 00:00:00,-3.8800
2025-07-07 01:00:00,-3.8680
2025-07-07 02:00:00,-3.8530
2025-07-07 03:00:00,-3.8400
2025-07-07 04:00:00,-3.8310
2025-07-07 05:00:00,-3.8250
2025-07-07 06:00:00,-3.8200
2025-07-07 07:00:00,-3.8160
2025-07-07 08:00:00,-3.8140
2025-07-07 09:00:00,-3.8120
2025-07-07 10:00:00,-3.8110
2025-07-07 11:00:00,-3.8090
2025-07-07 12:00:00,-3.8090
2025-07-07 13:00:00,-3.8090
2025-07-07 14:00:00,-3.8100
2025-07-07 15:00:00,-3.8110
2025-07-07 16:00:00,-3.8120
2025-07-07 17:00:00,-3.8130
2025-07-07 18:00:00,-3.8140
2025-07-07 19:00:00,-3.8160
2025-07-07 20:00:00,-3.8170
2025-07-07 21:00:00,-3.8170
2025-07-07 22:00:00,-3.8180
2025-07-07 23:00:00,-3.8180
2025-07-08 00:00:00,-3.8180
2025-07-08 01:00:00,-3.8180
2025-07-08 02:00:00,-3.8190
2025-07-08 03:00:00,-3.8180
2025-07-08 04:00:00,-3.8140
2025-07-08 05:00:00,-3.8100
2025-07-08 06:00:00,-3.8040
2025-07-08 07:00:00,-3.7940
2025-07-08 08:00:00,-3.7870
2025-07-08 09:00:00,-3.7810
2025-07-08 10:00:00,-3.7780
2025-07-08 11:00:00,-3.7760
2025-07-08 12:00:00,-3.7750
2025-07-08 13:00:00,-3.7760
2025-07-08 14:00:00,-3.7760
2025-07-08 15:00:00,-3.7770
2025-07-08 16:00:00,-3.7790
2025-07-08 17:00:00,-3.7800
2025-07-08 18:00:00,-3.7810
2025-07-08 19:00:00,-3.7810
2025-07-08 20:00:00,-3.7820
2025-07-08 21:00:00,-3.7830
2025-07-08 22:00:00,-3.7840
2025-07-08 23:00:00,-3.7850
2025-07-09 00:00:00,-3.7850
2025-07-09 01:00:00,-3.7860
2025-07-09 02:00:00,-3.7870
2025-07-09 03:00:00,-3.7870
2025-07-09 04:00:00,-3.7880
2025-07-09 05:00:00,-3.7880
2025-07-09 06:00:00,-3.7890
2025-07-09 07:00:00,-3.7900
2025-07-09 08:00:00,-3.7910
2025-07-09 09:00:00,-3.7920
2025-07-09 10:00:00,-3.7930
2025-07-09 11:00:00,-3.7940
2025-07-09 12:00:00,-3.7960
2025-07-09 13:00:00,-3.7970
2025-07-09 14:00:00,-3.7990
2025-07-09 15:00:00,-3.8010
2025-07-09 16:00:00,-3.8020
2025-07-09 17:00:00,-3.8040
2025-07-09 18:00:00,-3.8060
2025-07-09 19:00:00,-3.8080
2025-07-09 20:00:00,-3.8090
2025-07-09 21:00:00,-3.8100
2025-07-09 22:00:00,-3.8100
2025-07-09 23:00:00,-3.8110
2025-07-10 00:00:00,-3.8110
2025-07-10 01:00:00,-3.8110
2025-07-10 02:00:00,-3.8110
2025-07-10 03:00:00,-3.8100
2025-07-10 04:00:00,-3.8100
2025-07-10 05:00:00,-3.8100
2025-07-10 06:00:00,-3.8100
2025-07-10 07:00:00,-3.8110
2025-07-10 08:00:00,-3.8110
2025-07-10 09:00:00,-3.8110
2025-07-10 10:00:00,-3.8120
2025-07-10 11:00:00,-3.8120
2025-07-10 12:00:00,-3.8130
2025-07-10 13:00:00,-3.8140
2025-07-10 14:00:00,-3.8140
2025-07-10 15:00:00,-3.8140
2025-07-10 16:00:00,-3.8160
2025-07-10 17:00:00,-3.8170
2025-07-10 18:00:00,-3.8180
2025-07-10 19:00:00,-3.8190
2025-07-10 20:00:00,-3.8210
2025-07-10 21:00:00,-3.8220
2025-07-10 22:00:00,-3.8220
2025-07-10 23:00:00,-3.8220
2025-07-11 00:00:00,-3.8220
2025-07-11 01:00:00,-3.8210
2025-07-11 02:00:00,-3.8200
2025-07-11 03:00:00,-3.8200
2025-07-11 04:00:00,-3.8200
2025-07-11 05:00:00,-3.8200
2025-07-11 06:00:00,-3.8190
2025-07-11 07:00:00,-3.8190
2025-07-11 08:00:00,-3.8200
2025-07-11 09:00:00,-3.8190
2025-07-11 10:00:00,-3.8190
2025-07-11 11:00:00,-3.8200
2025-07-11 12:00:00,-3.8210
2025-07-11 13:00:00,-3.8210
2025-07-11 14:00:00,-3.8220
2025-07-11 15:00:00,-3.8230
2025-07-11 16:00:00,-3.8240
2025-07-11 17:00:00,-3.8240
2025-07-11 18:00:00,-3.8270
2025-07-11 19:00:00,-3.8270
2025-07-11 20:00:00,-3.8290
2025-07-11 21:00:00,-3.8290
2025-07-11 22:00:00,-3.8300
2025-07-11 23:00:00,-3.8290
2025-07-12 00:00:00,-3.8290
2025-07-12 01:00:00,-3.8280
2025-07-12 02:00:00,-3.8270
2025-07-12 03:00:00,-3.8270
2025-07-12 04:00:00,-3.8260
2025-07-12 05:00:00,-3.8260
2025-07-12 06:00:00,-3.8270
2025-07-12 07:00:00,-3.8260
2025-07-12 08:00:00,-3.8270
2025-07-12 09:00:00,-3.8240
2025-07-12 10:00:00,-3.8280
2025-07-12 11:00:00,-3.8280
2025-07-12 12:00:00,-3.8290
2025-07-12 13:00:00,-3.8300
2025-07-12 14:00:00,-3.8300
2025-07-12 15:00:00,-3.8320
2025-07-12 16:00:00,-3.8330
2025-07-12 17:00:00,-3.8340
2025-07-12 18:00:00,-3.8350
2025-07-12 19:00:00,-3.8360
2025-07-12 20:00:00,-3.8360
2025-07-12 21:00:00,-3.8370
2025-07-12 22:00:00,-3.8370
2025-07-12 23:00:00,-3.8360
2025-07-13 00:00:00,-3.8350
2025-07-13 01:00:00,-3.8350
2025-07-13 02:00:00,-3.8350
2025-07-13 03:00:00,-3.8340
2025-07-13 04:00:00,-3.8350
2025-07-13 05:00:00,-3.8330
2025-07-13 06:00:00,-3.8330
2025-07-13 07:00:00,-3.8330
2025-07-13 08:00:00,-3.8330
2025-07-13 09:00:00,-3.8320
2025-07-13 10:00:00,-3.8320
2025-07-13 11:00:00,-3.8330
2025-07-13 12:00:00,-3.8340
2025-07-13 13:00:00,-3.8340
2025-07-13 14:00:00,-3.8350
2025-07-13 15:00:00,-3.8360
2025-07-13 16:00:00,-3.8360
2025-07-13 17:00:00,-3.8360
2025-07-13 18:00:00,-3.8360
2025-07-13 19:00:00,-3.8350
2025-07-13 20:00:00,-3.8350
2025-07-13 21:00:00,-3.8350
2025-07-13 22:00:00,-3.8340
2025-07-13 23:00:00,-3.8330
2025-07-14 00:00:00,-3.8330
2025-07-14 01:00:00,-3.8330
2025-07-14 02:00:00,-3.8330
2025-07-14 03:00:00,-3.8320
2025-07-14 04:00:00,-3.8320
2025-07-14 05:00:00,-3.8320
2025-07-14 06:00:00,-3.8330
2025-07-14 07:00:00,-3.8320
2025-07-14 08:00:00,-3.8320
2025-07-14 09:00:00,-3.8320
2025-07-14 10:00:00,-3.8320
2025-07-14 11:00:00,-3.8330
2025-07-14 12:00:00,-3.8330
2025-07-14 13:00:00,-3.8340
2025-07-14 14:00:00,-3.8360
2025-07-14 15:00:00,-3.8370
2025-07-14 16:00:00,-3.8380
2025-07-14 17:00:00,-3.8410
2025-07-14 18:00:00,-3.8420
2025-07-14 19:00:00,-3.8440
2025-07-14 20:00:00,-3.8450
2025-07-14 21:00:00,-3.8460
2025-07-14 22:00:00,-3.8470
2025-07-14 23:00:00,-3.8470
2025-07-15 00:00:00,-3.8470
2025-07-15 01:00:00,-3.8470
2025-07-15 02:00:00,-3.8470
2025-07-15 03:00:00,-3.8470
2025-07-15 04:00:00,-3.8460
2025-07-15 05:00:00,-3.8450
2025-07-15 06:00:00,-3.8450
2025-07-15 07:00:00,-3.8440
2025-07-15 08:00:00,-3.8440
2025-07-15 09:00:00,-3.8450
2025-07-15 10:00:00,-3.8460
2025-07-15 11:00:00,-3.8470
2025-07-15 12:00:00,-3.8490
2025-07-15 13:00:00,-3.8510
2025-07-15 14:00:00,-3.8530
2025-07-15 15:00:00,-3.8550
2025-07-15 16:00:00,-3.8560
2025-07-15 17:00:00,-3.8580
2025-07-15 18:00:00,-3.8590
2025-07-15 19:00:00,-3.8610
2025-07-15 20:00:00,-3.8610
2025-07-15 21:00:00,-3.8620
2025-07-15 22:00:00,-3.8620
2025-07-15 23:00:00,-3.8620
2025-07-16 00:00:00,-3.8620
2025-07-16 01:00:00,-3.8610
2025-07-16 02:00:00,-3.8600
2025-07-16 03:00:00,-3.8580
2025-07-16 04:00:00,-3.8460
2025-07-16 05:00:00,-3.8330
2025-07-16 06:00:00,-3.8220
2025-07-16 07:00:00,-3.8120
2025-07-16 08:00:00,-3.8060
2025-07-16 09:00:00,-3.8010
2025-07-16 10:00:00,-3.7970
2025-07-16 11:00:00,-3.7940
2025-07-16 12:00:00,-3.7940
2025-07-16 13:00:00,-3.7930
2025-07-16 14:00:00,-3.7920
2025-07-16 15:00:00,-3.7930
2025-07-16 16:00:00,-3.7920
2025-07-16 17:00:00,-3.7920
2025-07-16 18:00:00,-3.7930
2025-07-16 19:00:00,-3.7940
2025-07-16 20:00:00,-3.7940
2025-07-16 21:00:00,-3.7950
2025-07-16 22:00:00,-3.7960
2025-07-16 23:00:00,-3.7960
2025-07-17 00:00:00,-3.7970
2025-07-17 01:00:00,-3.7970
2025-07-17 02:00:00,-3.7970
2025-07-17 03:00:00,-3.7970
2025-07-17 04:00:00,-3.7970
2025-07-17 05:00:00,-3.7980
2025-07-17 06:00:00,-3.7980
2025-07-17 07:00:00,-3.7980
2025-07-17 08:00:00,-3.7980
2025-07-17 09:00:00,-3.7980
2025-07-17 10:00:00,-3.7990
2025-07-17 11:00:00,-3.7990
2025-07-17 12:00:00,-3.8000
2025-07-17 13:00:00,-3.8020
2025-07-17 14:00:00,-3.8040
2025-07-17 15:00:00,-3.8050
2025-07-17 16:00:00,-3.8060
2025-07-17 17:00:00,-3.8070
2025-07-17 18:00:00,-3.8080
2025-07-17 19:00:00,-3.8090
2025-07-17 20:00:00,-3.8100
2025-07-17 21:00:00,-3.8110
2025-07-17 22:00:00,-3.8110
2025-07-17 23:00:00,-3.8110
2025-07-18 00:00:00,-3.8110
2025-07-18 01:00:00,-3.8100
2025-07-18 02:00:00,-3.8100
2025-07-18 03:00:00,-3.8100
2025-07-18 04:00:00,-3.8090
2025-07-18 05:00:00,-3.8090
2025-07-18 06:00:00,-3.8090
2025-07-18 07:00:00,-3.8090
2025-07-18 08:00:00,-3.8080
2025-07-18 09:00:00,-3.8090
2025-07-18 10:00:00,-3.8090
2025-07-18 11:00:00,-3.8100
2025-07-18 12:00:00,-3.8120
2025-07-18 13:00:00,-3.8140
2025-07-18 14:00:00,-3.8160
2025-07-18 15:00:00,-3.8170
2025-07-18 16:00:00,-3.8180
2025-07-18 17:00:00,-3.8190
2025-07-18 18:00:00,-3.8200
2025-07-18 19:00:00,-3.8210
2025-07-18 20:00:00,-3.8220
2025-07-18 21:00:00,-3.8230
2025-07-18 22:00:00,-3.8230
2025-07-18 23:00:00,-3.8230
2025-07-19 00:00:00,-3.8220
2025-07-19 01:00:00,-3.8220
2025-07-19 02:00:00,-3.8210
2025-07-19 03:00:00,-3.8210
2025-07-19 04:00:00,-3.8200
2025-07-19 05:00:00,-3.8200
2025-07-19 06:00:00,-3.8200
2025-07-19 07:00:00,-3.8190
2025-07-19 08:00:00,-3.8180
2025-07-19 09:00:00,-3.8180
2025-07-19 10:00:00,-3.8180
2025-07-19 11:00:00,-3.8190
2025-07-19 12:00:00,-3.8200
2025-07-19 13:00:00,-3.8210
2025-07-19 14:00:00,-3.8220
2025-07-19 15:00:00,-3.8240
2025-07-19 16:00:00,-3.8250
2025-07-19 17:00:00,-3.8270
2025-07-19 18:00:00,-3.8280
2025-07-19 19:00:00,-3.8280
2025-07-19 20:00:00,-3.8280
2025-07-19 21:00:00,-3.8280
2025-07-19 22:00:00,-3.8270
2025-07-19 23:00:00,-3.8270
2025-07-20 00:00:00,-3.8270
2025-07-20 01:00:00,-3.8260
2025-07-20 02:00:00,-3.8260
2025-07-20 03:00:00,-3.8260
2025-07-20 04:00:00,-3.8260
2025-07-20 05:00:00,-3.8250
2025-07-20 06:00:00,-3.8250
2025-07-20 07:00:00,-3.8250
2025-07-20 08:00:00,-3.8240
2025-07-20 09:00:00,-3.8240
2025-07-20 10:00:00,-3.8240
2025-07-20 11:00:00,-3.8230
2025-07-20 12:00:00,-3.8240
2025-07-20 13:00:00,-3.8250
2025-07-20 14:00:00,-3.8270
2025-07-20 15:00:00,-3.8280
2025-07-20 16:00:00,-3.8280
2025-07-20 17:00:00,-3.8250
2025-07-20 18:00:00,-3.8240
2025-07-20 19:00:00,-3.8240
2025-07-20 20:00:00,-3.8230
2025-07-20 21:00:00,-3.8230
2025-07-20 22:00:00,-3.8230
2025-07-20 23:00:00,-3.8220
2025-07-21 00:00:00,-3.8220
2025-07-21 01:00:00,-3.8210
2025-07-21 02:00:00,-3.8210
2025-07-21 03:00:00,-3.8200
2025-07-21 04:00:00,-3.8200
2025-07-21 05:00:00,-3.8200
2025-07-21 06:00:00,-3.8190
2025-07-21 07:00:00,-3.8190
2025-07-21 08:00:00,-3.8190
2025-07-21 09:00:00,-3.8190
2025-07-21 10:00:00,-3.8190
2025-07-21 11:00:00,-3.8200
2025-07-21 12:00:00,-3.8210
2025-07-21 13:00:00,-3.8220
2025-07-21 14:00:00,-3.8240
2025-07-21 15:00:00,-3.8240
2025-07-21 16:00:00,-3.8210
2025-07-21 17:00:00,-3.8190
2025-07-21 18:00:00,-3.8190
2025-07-21 19:00:00,-3.8180
2025-07-21 20:00:00,-3.8170
2025-07-21 21:00:00,-3.8160
2025-07-21 22:00:00,-3.8160
2025-07-21 23:00:00,-3.8150
2025-07-22 00:00:00,-3.8140
2025-07-22 01:00:00,-3.8120
2025-07-22 02:00:00,-3.8120
2025-07-22 03:00:00,-3.8110
2025-07-22 04:00:00,-3.8110
2025-07-22 05:00:00,-3.8100
2025-07-22 06:00:00,-3.8100
2025-07-22 07:00:00,-3.8100
2025-07-22 08:00:00,-3.8100
2025-07-22 09:00:00,-3.8100
2025-07-22 10:00:00,-3.8100
2025-07-22 11:00:00,-3.8100
2025-07-22 12:00:00,-3.8110
2025-07-22 13:00:00,-3.8120
2025-07-22 14:00:00,-3.8130
2025-07-22 15:00:00,-3.8140
2025-07-22 16:00:00,-3.8160
2025-07-22 17:00:00,-3.8180
2025-07-22 18:00:00,-3.8190
2025-07-22 19:00:00,-3.8200
2025-07-22 20:00:00,-3.8220
2025-07-22 21:00:00,-3.8220
2025-07-22 22:00:00,-3.8220
2025-07-22 23:00:00,-3.8220
2025-07-23 00:00:00,-3.8220
2025-07-23 01:00:00,-3.8220
2025-07-23 02:00:00,-3.8210
2025-07-23 03:00:00,-3.8210
2025-07-23 04:00:00,-3.8210
2025-07-23 05:00:00,-3.8210
2025-07-23 06:00:00,-3.8210
2025-07-23 07:00:00,-3.8210
2025-07-23 08:00:00,-3.8210
2025-07-23 09:00:00,-3.8210
2025-07-23 10:00:00,-3.8210
2025-07-23 11:00:00,-3.8210
2025-07-23 12:00:00,-3.8220
2025-07-23 13:00:00,-3.8230
2025-07-23 14:00:00,-3.8250
2025-07-23 15:00:00,-3.8260
2025-07-23 16:00:00,-3.8280
2025-07-23 17:00:00,-3.8290
2025-07-23 18:00:00,-3.8310
2025-07-23 19:00:00,-3.8320
2025-07-23 20:00:00,-3.8330
2025-07-23 21:00:00,-3.8330
2025-07-23 22:00:00,-3.8330
2025-07-23 23:00:00,-3.8330
2025-07-24 00:00:00,-3.8330
2025-07-24 01:00:00,-3.8320
2025-07-24 02:00:00,-3.8320
2025-07-24 03:00:00,-3.8310
2025-07-24 04:00:00,-3.8310
2025-07-24 05:00:00,-3.8310
2025-07-24 06:00:00,-3.8300
2025-07-24 07:00:00,-3.8300
2025-07-24 08:00:00,-3.8300
2025-07-24 09:00:00,-3.8300
2025-07-24 10:00:00,-3.8300
2025-07-24 11:00:00,-3.8310
2025-08-13 17:00:00,-3.8910
2025-08-13 18:00:00,-3.8910
2025-08-13 19:00:00,-3.8930
2025-08-13 20:00:00,-3.8930
2025-08-13 21:00:00,-3.8940
2025-08-13 22:00:00,-3.8930
2025-08-13 23:00:00,-3.8920
2025-08-14 00:00:00,-3.8920
2025-08-14 01:00:00,-3.8910
2025-08-14 02:00:00,-3.8900
2025-08-14 03:00:00,-3.8890
2025-08-14 04:00:00,-3.8890
2025-08-14 05:00:00,-3.8880
2025-08-14 06:00:00,-3.8870
2025-08-14 07:00:00,-3.8860
2025-08-14 08:00:00,-3.8850
2025-08-14 09:00:00,-3.8850
2025-08-14 10:00:00,-3.8850
2025-08-14 11:00:00,-3.8860
2025-08-14 12:00:00,-3.8880
2025-08-14 13:00:00,-3.8900
2025-08-14 14:00:00,-3.8920
2025-08-14 15:00:00,-3.8940
2025-08-14 16:00:00,-3.8960
2025-08-14 17:00:00,-3.8980
2025-08-14 18:00:00,-3.8990
2025-08-14 19:00:00,-3.9000
2025-08-14 20:00:00,-3.9010
2025-08-14 21:00:00,-3.9020
2025-08-14 22:00:00,-3.9010
2025-08-14 23:00:00,-3.9010
2025-08-15 00:00:00,-3.9000
2025-08-15 01:00:00,-3.8990
2025-08-15 02:00:00,-3.8990
2025-08-15 03:00:00,-3.8980
2025-08-15 04:00:00,-3.8970
2025-08-15 05:00:00,-3.8960
2025-08-15 06:00:00,-3.8950
2025-08-15 07:00:00,-3.8940
2025-08-15 08:00:00,-3.8930
2025-08-15 09:00:00,-3.8930
2025-08-15 10:00:00,-3.8930
2025-08-15 11:00:00,-3.8940
2025-08-15 12:00:00,-3.8950
2025-08-15 13:00:00,-3.8960
2025-08-15 14:00:00,-3.8970
2025-08-15 15:00:00,-3.8990
2025-08-15 16:00:00,-3.9020
2025-08-15 17:00:00,-3.9040
2025-08-15 18:00:00,-3.9050
2025-08-15 19:00:00,-3.9060
2025-08-15 20:00:00,-3.9060
2025-08-15 21:00:00,-3.9060
2025-08-15 22:00:00,-3.9060
2025-08-15 23:00:00,-3.9060
2025-08-16 00:00:00,-3.9050
2025-08-16 01:00:00,-3.9040
2025-08-16 02:00:00,-3.9030
2025-08-16 03:00:00,-3.9030
2025-08-16 04:00:00,-3.9020
2025-08-16 05:00:00,-3.9010
2025-08-16 06:00:00,-3.9000
2025-08-16 07:00:00,-3.8990
2025-08-16 08:00:00,-3.8980
2025-08-16 09:00:00,-3.8970
2025-08-16 10:00:00,-3.8970
2025-08-16 11:00:00,-3.8970
2025-08-16 12:00:00,-3.8980
2025-08-16 13:00:00,-3.8980
2025-08-16 14:00:00,-3.8990
2025-08-16 15:00:00,-3.9000
2025-08-16 16:00:00,-3.9020
2025-08-16 17:00:00,-3.9040
2025-08-16 18:00:00,-3.9050
2025-08-16 19:00:00,-3.9060
2025-08-16 20:00:00,-3.9060
2025-08-16 21:00:00,-3.9070
2025-08-16 22:00:00,-3.9070
2025-08-16 23:00:00,-3.9060
2025-08-17 00:00:00,-3.9060
2025-08-17 01:00:00,-3.9050
2025-08-17 02:00:00,-3.9040
2025-08-17 03:00:00,-3.9030
2025-08-17 04:00:00,-3.9020
2025-08-17 05:00:00,-3.9010
2025-08-17 06:00:00,-3.9000
2025-08-17 07:00:00,-3.8990
2025-08-17 08:00:00,-3.8970
2025-08-17 09:00:00,-3.8960
2025-08-17 10:00:00,-3.8950
2025-08-17 11:00:00,-3.8950
2025-08-17 12:00:00,-3.8960
2025-08-17 13:00:00,-3.8960
2025-08-17 14:00:00,-3.8980
2025-08-17 15:00:00,-3.8980
2025-08-17 16:00:00,-3.8990
2025-08-17 17:00:00,-3.8990
2025-08-17 18:00:00,-3.9000
2025-08-17 19:00:00,-3.9000
2025-08-17 20:00:00,-3.8990
2025-08-17 21:00:00,-3.8990
2025-08-17 22:00:00,-3.8980
2025-08-17 23:00:00,-3.8970
2025-08-18 00:00:00,-3.8960
2025-08-18 01:00:00,-3.8950
2025-08-18 02:00:00,-3.8940
2025-08-18 03:00:00,-3.8930
2025-08-18 04:00:00,-3.8920
2025-08-18 05:00:00,-3.8920
2025-08-18 06:00:00,-3.8910
2025-08-18 07:00:00,-3.8900
2025-08-18 08:00:00,-3.8890
2025-08-18 09:00:00,-3.8880
2025-08-18 10:00:00,-3.8880
2025-08-18 11:00:00,-3.8880
2025-08-18 12:00:00,-3.8880
2025-08-18 13:00:00,-3.8900
2025-08-18 14:00:00,-3.8920
2025-08-18 15:00:00,-3.8940
2025-08-18 16:00:00,-3.8960
2025-08-18 17:00:00,-3.8990
2025-08-18 18:00:00,-3.9000
2025-08-18 19:00:00,-3.9020
2025-08-18 20:00:00,-3.9020
2025-08-18 21:00:00,-3.9030
2025-08-18 22:00:00,-3.9030
2025-08-18 23:00:00,-3.9020
2025-08-19 00:00:00,-3.9010
2025-08-19 01:00:00,-3.9000
2025-08-19 02:00:00,-3.8990
2025-08-19 03:00:00,-3.8980
2025-08-19 04:00:00,-3.8970
2025-08-19 05:00:00,-3.8960
2025-08-19 06:00:00,-3.8950
2025-08-19 07:00:00,-3.8940
2025-08-19 08:00:00,-3.8930
2025-08-19 09:00:00,-3.8920
2025-08-19 10:00:00,-3.8920
2025-08-19 11:00:00,-3.8920
2025-08-19 12:00:00,-3.8920
2025-08-19 13:00:00,-3.8940
2025-08-19 14:00:00,-3.8950
2025-08-19 15:00:00,-3.8980
2025-08-19 16:00:00,-3.9000
2025-08-19 17:00:00,-3.9020
2025-08-19 18:00:00,-3.9030
2025-08-19 19:00:00,-3.9040
2025-08-19 20:00:00,-3.9050
2025-08-19 21:00:00,-3.9060
2025-08-19 22:00:00,-3.9060
2025-08-19 23:00:00,-3.9060
2025-08-20 00:00:00,-3.9050
2025-08-20 01:00:00,-3.9040
2025-08-20 02:00:00,-3.9030
2025-08-20 03:00:00,-3.9020
2025-08-20 04:00:00,-3.9010
2025-08-20 05:00:00,-3.9000
2025-08-20 06:00:00,-3.8990
2025-08-20 07:00:00,-3.8990
2025-08-20 08:00:00,-3.8980
2025-08-20 09:00:00,-3.8980
2025-08-20 10:00:00,-3.8980
2025-08-20 11:00:00,-3.8980
2025-08-20 12:00:00,-3.8990
2025-08-20 13:00:00,-3.9010
2025-08-20 14:00:00,-3.9030
2025-08-20 15:00:00,-3.9050
2025-08-20 16:00:00,-3.9070
2025-08-20 17:00:00,-3.9090
2025-08-20 18:00:00,-3.9100
2025-08-20 19:00:00,-3.9100
2025-08-20 20:00:00,-3.9110
2025-08-20 21:00:00,-3.9120
2025-08-20 22:00:00,-3.9120
2025-08-20 23:00:00,-3.9120
2025-08-21 00:00:00,-3.9110
2025-08-21 01:00:00,-3.9110
2025-08-21 02:00:00,-3.9100
2025-08-21 03:00:00,-3.9090
2025-08-21 04:00:00,-3.9080
2025-08-21 05:00:00,-3.9060
2025-08-21 06:00:00,-3.9050
2025-08-21 07:00:00,-3.9040
2025-08-21 08:00:00,-3.9030
2025-08-21 09:00:00,-3.9020
2025-08-21 10:00:00,-3.9020
2025-08-21 11:00:00,-3.9020
2025-08-21 12:00:00,-3.9030
2025-08-21 13:00:00,-3.9040
2025-08-21 14:00:00,-3.9050
2025-08-21 15:00:00,-3.9070
2025-08-21 16:00:00,-3.9090
2025-08-21 17:00:00,-3.9120
2025-08-21 18:00:00,-3.9140
2025-08-21 19:00:00,-3.9150
2025-08-21 20:00:00,-3.9160
2025-08-21 21:00:00,-3.9170
2025-08-21 22:00:00,-3.9180
2025-08-21 23:00:00,-3.9180
2025-08-22 00:00:00,-3.9180
2025-08-22 01:00:00,-3.9170
2025-08-22 02:00:00,-3.9160
2025-08-22 03:00:00,-3.9160
2025-08-22 04:00:00,-3.9150
2025-08-22 05:00:00,-3.9140
2025-08-22 06:00:00,-3.9140
2025-08-22 07:00:00,-3.9130
2025-08-22 08:00:00,-3.9120
2025-08-22 09:00:00,-3.9120
2025-08-22 10:00:00,-3.9110
2025-08-22 11:00:00,-3.9110
2025-08-22 12:00:00,-3.9110
2025-08-22 13:00:00,-3.9130
2025-08-22 14:00:00,-3.9130
2025-08-22 15:00:00,-3.9140
2025-08-22 16:00:00,-3.9150
2025-08-22 17:00:00,-3.9170
2025-08-22 18:00:00,-3.9180
2025-08-22 19:00:00,-3.9200
2025-08-22 20:00:00,-3.9200
2025-08-22 21:00:00,-3.9200
2025-08-22 22:00:00,-3.9190
2025-08-22 23:00:00,-3.9180
2025-08-23 00:00:00,-3.9160
2025-08-23 01:00:00,-3.9130
2025-08-23 02:00:00,-3.9090
2025-08-23 03:00:00,-3.9070
2025-08-23 04:00:00,-3.9040
2025-08-23 05:00:00,-3.9030
2025-08-23 06:00:00,-3.9010
2025-08-23 07:00:00,-3.9000
2025-08-23 08:00:00,-3.8990
2025-08-23 09:00:00,-3.8980
2025-08-23 10:00:00,-3.8960
2025-08-23 11:00:00,-3.8960
2025-08-23 12:00:00,-3.8950
2025-08-23 13:00:00,-3.8950
2025-08-23 14:00:00,-3.8970
2025-08-23 15:00:00,-3.8970
2025-08-23 16:00:00,-3.8980
2025-08-23 17:00:00,-3.9000
2025-08-23 18:00:00,-3.9000
2025-08-23 19:00:00,-3.9020
2025-08-23 20:00:00,-3.9040
2025-08-23 21:00:00,-3.9040
2025-08-23 22:00:00,-3.9040
2025-08-23 23:00:00,-3.9030
2025-08-24 00:00:00,-3.9030
2025-08-24 01:00:00,-3.9020
2025-08-24 02:00:00,-3.9010
2025-08-24 03:00:00,-3.9000
2025-08-24 04:00:00,-3.9000
2025-08-24 05:00:00,-3.8980
2025-08-24 06:00:00,-3.8980
2025-08-24 07:00:00,-3.8970
2025-08-24 08:00:00,-3.8970
2025-08-24 09:00:00,-3.8960
2025-08-24 10:00:00,-3.8960
2025-08-24 11:00:00,-3.8960
2025-08-24 12:00:00,-3.8960
2025-08-24 13:00:00,-3.8970
2025-08-24 14:00:00,-3.8960
2025-08-24 15:00:00,-3.9000
2025-08-24 16:00:00,-3.9010
2025-08-24 17:00:00,-3.9030
2025-08-24 18:00:00,-3.9040
2025-08-24 19:00:00,-3.9050
2025-08-24 20:00:00,-3.9060
2025-08-24 21:00:00,-3.9060
2025-08-24 22:00:00,-3.9070
2025-08-24 23:00:00,-3.9060
2025-08-25 00:00:00,-3.9060
2025-08-25 01:00:00,-3.9050
2025-08-25 02:00:00,-3.9040
2025-08-25 03:00:00,-3.9030
2025-08-25 04:00:00,-3.9020
2025-08-25 05:00:00,-3.9010
2025-08-25 06:00:00,-3.9010
2025-08-25 07:00:00,-3.9000
2025-08-25 08:00:00,-3.9000
2025-08-25 09:00:00,-3.8990
2025-08-25 10:00:00,-3.9010
2025-08-25 11:00:00,-3.9010
2025-08-25 12:00:00,-3.9020
2025-08-25 13:00:00,-3.9040
2025-08-25 14:00:00,-3.9050
2025-08-25 15:00:00,-3.9070
2025-08-25 16:00:00,-3.9090
2025-08-25 17:00:00,-3.9110
2025-08-25 18:00:00,-3.9120
2025-08-25 19:00:00,-3.9130
2025-08-25 20:00:00,-3.9140
2025-08-25 21:00:00,-3.9140
2025-08-25 22:00:00,-3.9130
2025-08-25 23:00:00,-3.9130
2025-08-26 00:00:00,-3.9120
2025-08-26 01:00:00,-3.9110
2025-08-26 02:00:00,-3.9100
2025-08-26 03:00:00,-3.9080
2025-08-26 04:00:00,-3.9070
2025-08-26 05:00:00,-3.9060
2025-08-26 06:00:00,-3.9050
2025-08-26 07:00:00,-3.9050
2025-08-26 08:00:00,-3.9040
2025-08-26 09:00:00,-3.9030
2025-08-26 10:00:00,-3.9030
2025-08-26 11:00:00,-3.9030
2025-08-26 12:00:00,-3.9040
2025-08-26 13:00:00,-3.9050
2025-08-26 14:00:00,-3.9070
2025-08-26 15:00:00,-3.9080
2025-08-26 16:00:00,-3.9110
2025-08-26 17:00:00,-3.9130
2025-08-26 18:00:00,-3.9140
2025-08-26 19:00:00,-3.9150
2025-08-26 20:00:00,-3.9160
2025-08-26 21:00:00,-3.9170
2025-08-26 22:00:00,-3.9170
2025-08-26 23:00:00,-3.9170
2025-08-27 00:00:00,-3.9170
2025-08-27 01:00:00,-3.9160
2025-08-27 02:00:00,-3.9140
2025-08-27 03:00:00,-3.9140
2025-08-27 04:00:00,-3.9130
2025-08-27 05:00:00,-3.9110
2025-08-27 06:00:00,-3.9110
2025-08-27 07:00:00,-3.9100
2025-08-27 08:00:00,-3.9090
2025-08-27 09:00:00,-3.9080
2025-08-27 10:00:00,-3.9080
2025-08-27 11:00:00,-3.9080
2025-08-27 12:00:00,-3.9080
2025-08-27 13:00:00,-3.9100
2025-08-27 14:00:00,-3.9110
2025-08-27 15:00:00,-3.9130
2025-08-27 16:00:00,-3.9140
2025-08-27 17:00:00,-3.9160
2025-08-27 18:00:00,-3.9180
2025-08-27 19:00:00,-3.9180
2025-08-27 20:00:00,-3.9190
2025-08-27 21:00:00,-3.9190
2025-08-27 22:00:00,-3.9180
2025-08-27 23:00:00,-3.9170
2025-08-28 00:00:00,-3.9160
2025-08-28 01:00:00,-3.9150
2025-08-28 02:00:00,-3.9140
2025-08-28 03:00:00,-3.9130
2025-08-28 04:00:00,-3.9110
2025-08-28 05:00:00,-3.9100
2025-08-28 06:00:00,-3.9090
2025-08-28 07:00:00,-3.9080
2025-08-28 08:00:00,-3.9070
2025-08-28 09:00:00,-3.9060
2025-08-28 10:00:00,-3.9060
2025-08-28 11:00:00,-3.9060
2025-08-28 12:00:00,-3.9040
2025-08-28 13:00:00,-3.9040
2025-08-28 14:00:00,-3.9040
2025-08-28 15:00:00,-3.8960
2025-08-28 16:00:00,-3.8860
2025-08-28 17:00:00,-3.8790
2025-08-28 18:00:00,-3.8740
2025-08-28 19:00:00,-3.8700
2025-08-28 20:00:00,-3.8670
2025-08-28 21:00:00,-3.8650
2025-08-28 22:00:00,-3.8630
2025-08-28 23:00:00,-3.8610
2025-08-29 00:00:00,-3.8590
2025-08-29 01:00:00,-3.8580
2025-08-29 02:00:00,-3.8570
2025-08-29 03:00:00,-3.8560
2025-08-29 04:00:00,-3.8550
2025-08-29 05:00:00,-3.8540
2025-08-29 06:00:00,-3.8540
2025-08-29 07:00:00,-3.8530
2025-08-29 08:00:00,-3.8520
2025-08-29 09:00:00,-3.8520
2025-08-29 10:00:00,-3.8520
2025-08-29 11:00:00,-3.8520
2025-08-29 12:00:00,-3.8530
2025-08-29 13:00:00,-3.8540
2025-08-29 14:00:00,-3.8550
2025-08-29 15:00:00,-3.8560
2025-08-29 16:00:00,-3.8570
2025-08-29 17:00:00,-3.8570
2025-08-29 18:00:00,-3.8580
2025-08-29 19:00:00,-3.8590
2025-08-29 20:00:00,-3.8590
2025-08-29 21:00:00,-3.8580
2025-08-29 22:00:00,-3.8580
2025-08-29 23:00:00,-3.8570
2025-08-30 00:00:00,-3.8570
2025-08-30 01:00:00,-3.8570
2025-08-30 02:00:00,-3.8550
2025-08-30 03:00:00,-3.8560
2025-08-30 04:00:00,-3.8550
2025-08-30 05:00:00,-3.8540
2025-08-30 06:00:00,-3.8530
2025-08-30 07:00:00,-3.8530
2025-08-30 08:00:00,-3.8530
2025-08-30 09:00:00,-3.8530
2025-08-30 10:00:00,-3.8530
2025-08-30 11:00:00,-3.8540
2025-08-30 12:00:00,-3.8540
2025-08-30 13:00:00,-3.8550
2025-08-30 14:00:00,-3.8570
2025-08-30 15:00:00,-3.8580
2025-08-30 16:00:00,-3.8590
2025-08-30 17:00:00,-3.8610
2025-08-30 18:00:00,-3.8620
2025-08-30 19:00:00,-3.8630
2025-08-30 20:00:00,-3.8630
2025-08-30 21:00:00,-3.8640
2025-08-30 22:00:00,-3.8630
2025-08-30 23:00:00,-3.8630
2025-08-31 00:00:00,-3.8620
2025-08-31 01:00:00,-3.8630
2025-08-31 02:00:00,-3.8630
2025-08-31 03:00:00,-3.8630
2025-08-31 04:00:00,-3.8620
2025-08-31 05:00:00,-3.8620
2025-08-31 06:00:00,-3.8620
2025-08-31 07:00:00,-3.8610
2025-08-31 08:00:00,-3.8610
2025-08-31 09:00:00,-3.8610
2025-08-31 10:00:00,-3.8610
2025-08-31 11:00:00,-3.8610
2025-08-31 12:00:00,-3.8620
2025-08-31 13:00:00,-3.8640
2025-08-31 14:00:00,-3.8650
2025-08-31 15:00:00,-3.8660
2025-08-31 16:00:00,-3.8680
2025-08-31 17:00:00,-3.8680
2025-08-31 18:00:00,-3.8680
2025-08-31 19:00:00,-3.8680
2025-08-31 20:00:00,-3.8680
2025-08-31 21:00:00,-3.8680
2025-08-31 22:00:00,-3.8670
2025-08-31 23:00:00,-3.8670
2025-09-01 00:00:00,-3.8670
2025-09-01 01:00:00,-3.8660
2025-09-01 02:00:00,-3.8660
2025-09-01 03:00:00,-3.8650
2025-09-01 04:00:00,-3.8640
2025-09-01 05:00:00,-3.8640
2025-09-01 06:00:00,-3.8630
2025-09-01 07:00:00,-3.8620
2025-09-01 08:00:00,-3.8620
2025-09-01 09:00:00,-3.8620
2025-09-01 10:00:00,-3.8620
2025-09-01 11:00:00,-3.8620
2025-09-01 12:00:00,-3.8620
2025-09-01 13:00:00,-3.8630
2025-09-01 14:00:00,-3.8640
2025-09-01 15:00:00,-3.8660
2025-09-01 16:00:00,-3.8680
2025-09-01 17:00:00,-3.8700
2025-09-01 18:00:00,-3.8710
2025-09-01 19:00:00,-3.8720
2025-09-01 20:00:00,-3.8730
2025-09-01 21:00:00,-3.8730
2025-09-01 22:00:00,-3.8720
2025-09-01 23:00:00,-3.8720
2025-09-02 00:00:00,-3.8700
2025-09-02 01:00:00,-3.8700
2025-09-02 02:00:00,-3.8700
2025-09-02 03:00:00,-3.8690
2025-09-02 04:00:00,-3.8690
2025-09-02 05:00:00,-3.8700
2025-09-02 06:00:00,-3.8680
2025-09-02 07:00:00,-3.8690
2025-09-02 08:00:00,-3.8680
2025-09-02 09:00:00,-3.8680
2025-09-02 10:00:00,-3.8680
2025-09-02 11:00:00,-3.8690
2025-09-02 12:00:00,-3.8700
2025-09-02 13:00:00,-3.8710
2025-09-02 14:00:00,-3.8720
2025-09-02 15:00:00,-3.8740
2025-09-02 16:00:00,-3.8750
2025-09-02 17:00:00,-3.8770
2025-09-02 18:00:00,-3.8780
2025-09-02 19:00:00,-3.8780
2025-09-02 20:00:00,-3.8780
2025-09-02 21:00:00,-3.8780
2025-09-02 22:00:00,-3.8770
2025-09-02 23:00:00,-3.8770
2025-09-03 00:00:00,-3.8760
2025-09-03 01:00:00,-3.8750
2025-09-03 02:00:00,-3.8750
2025-09-03 03:00:00,-3.8740
2025-09-03 04:00:00,-3.8730
2025-09-03 05:00:00,-3.8730
2025-09-03 06:00:00,-3.8730
2025-09-03 07:00:00,-3.8730
2025-09-03 08:00:00,-3.8720
2025-09-03 09:00:00,-3.8730
2025-09-03 10:00:00,-3.8720
2025-09-03 11:00:00,-3.8680
2025-09-03 12:00:00,-3.8670
2025-09-03 13:00:00,-3.8680
2025-09-03 14:00:00,-3.8680
2025-09-03 15:00:00,-3.8700
2025-09-03 16:00:00,-3.8710
2025-09-03 17:00:00,-3.8690
2025-09-03 18:00:00,-3.8650
2025-09-03 19:00:00,-3.8630
2025-09-03 20:00:00,-3.8620
2025-09-03 21:00:00,-3.8620
2025-09-03 22:00:00,-3.8610
2025-09-03 23:00:00,-3.8600
2025-09-04 00:00:00,-3.8600
2025-09-04 01:00:00,-3.8600
2025-09-04 02:00:00,-3.8610
2025-09-04 03:00:00,-3.8600
2025-09-04 04:00:00,-3.8610
2025-09-04 05:00:00,-3.8610
2025-09-04 06:00:00,-3.8610
2025-09-04 07:00:00,-3.8600
2025-09-04 08:00:00,-3.8600
2025-09-04 09:00:00,-3.8610
2025-09-04 10:00:00,-3.8610
2025-09-04 11:00:00,-3.8620
2025-09-04 12:00:00,-3.8630
2025-09-04 13:00:00,-3.8650
2025-09-04 14:00:00,-3.8670
2025-09-04 15:00:00,-3.8680
2025-09-04 16:00:00,-3.8690
2025-09-04 17:00:00,-3.8710
2025-09-04 18:00:00,-3.8720
2025-09-04 19:00:00,-3.8710
2025-09-04 20:00:00,-3.8700
2025-09-04 21:00:00,-3.8690
2025-09-04 22:00:00,-3.8680
2025-09-04 23:00:00,-3.8680
2025-09-05 00:00:00,-3.8680
2025-09-05 01:00:00,-3.8670
2025-09-05 02:00:00,-3.8670
2025-09-05 03:00:00,-3.8660
2025-09-05 04:00:00,-3.8660
2025-09-05 05:00:00,-3.8660
2025-09-05 06:00:00,-3.8650
2025-09-05 07:00:00,-3.8660
2025-09-05 08:00:00,-3.8650
2025-09-05 09:00:00,-3.8660
2025-09-05 10:00:00,-3.8660
2025-09-05 11:00:00,-3.8670
2025-09-05 12:00:00,-3.8680
2025-09-05 13:00:00,-3.8690
2025-09-05 14:00:00,-3.8700
2025-09-05 15:00:00,-3.8720
2025-09-05 16:00:00,-3.8730
2025-09-05 17:00:00,-3.8750
2025-09-05 18:00:00,-3.8760
2025-09-05 19:00:00,-3.8770
2025-09-05 20:00:00,-3.8770
2025-09-05 21:00:00,-3.8770
2025-09-05 22:00:00,-3.8770
2025-09-05 23:00:00,-3.8760
2025-09-06 00:00:00,-3.8760
2025-09-06 01:00:00,-3.8750
2025-09-06 02:00:00,-3.8740
2025-09-06 03:00:00,-3.8740
2025-09-06 04:00:00,-3.8730
2025-09-06 05:00:00,-3.8730
2025-09-06 06:00:00,-3.8720
2025-09-06 07:00:00,-3.8720
2025-09-06 08:00:00,-3.8710
2025-09-06 09:00:00,-3.8710
2025-09-06 10:00:00,-3.8710
2025-09-06 11:00:00,-3.8710
2025-09-06 12:00:00,-3.8710
2025-09-06 13:00:00,-3.8720
2025-09-06 14:00:00,-3.8720
2025-09-06 15:00:00,-3.8730
2025-09-06 16:00:00,-3.8740
2025-09-06 17:00:00,-3.8750
2025-09-06 18:00:00,-3.8760
2025-09-06 19:00:00,-3.8770
2025-09-06 20:00:00,-3.8770
2025-09-06 21:00:00,-3.8770
2025-09-06 22:00:00,-3.8760
2025-09-06 23:00:00,-3.8760
2025-09-07 00:00:00,-3.8750
2025-09-07 01:00:00,-3.8740
2025-09-07 02:00:00,-3.8730
2025-09-07 03:00:00,-3.8720
2025-09-07 04:00:00,-3.8710
2025-09-07 05:00:00,-3.8700
2025-09-07 06:00:00,-3.8700
2025-09-07 07:00:00,-3.8690
2025-09-07 08:00:00,-3.8690
2025-09-07 09:00:00,-3.8680
2025-09-07 10:00:00,-3.8680
2025-09-07 11:00:00,-3.8680
2025-09-07 12:00:00,-3.8690
2025-09-07 13:00:00,-3.8700
2025-09-07 14:00:00,-3.8720
2025-09-07 15:00:00,-3.8730
2025-09-07 16:00:00,-3.8750
2025-09-07 17:00:00,-3.8770
2025-09-07 18:00:00,-3.8780
2025-09-07 19:00:00,-3.8800
2025-09-07 20:00:00,-3.8810
2025-09-07 21:00:00,-3.8820
2025-09-07 22:00:00,-3.8820
2025-09-07 23:00:00,-3.8820
2025-09-08 00:00:00,-3.8810
2025-09-08 01:00:00,-3.8810
2025-09-08 02:00:00,-3.8800
2025-09-08 03:00:00,-3.8800
2025-09-08 04:00:00,-3.8790
2025-09-08 05:00:00,-3.8790
2025-09-08 06:00:00,-3.8780
2025-09-08 07:00:00,-3.8740
2025-09-08 08:00:00,-3.8730
2025-09-08 09:00:00,-3.8730
2025-09-08 10:00:00,-3.8720
2025-09-08 11:00:00,-3.8720
2025-09-08 12:00:00,-3.8720
2025-09-08 13:00:00,-3.8730
2025-09-08 14:00:00,-3.8740
2025-09-08 15:00:00,-3.8750
2025-09-08 16:00:00,-3.8750
2025-09-08 17:00:00,-3.8760
2025-09-08 18:00:00,-3.8770
2025-09-08 19:00:00,-3.8780
2025-09-08 20:00:00,-3.8780
2025-09-08 21:00:00,-3.8790
2025-09-08 22:00:00,-3.8780
2025-09-08 23:00:00,-3.8770
2025-09-09 00:00:00,-3.8770
2025-09-09 01:00:00,-3.8760
2025-09-09 02:00:00,-3.8750
2025-09-09 03:00:00,-3.8740
2025-09-09 04:00:00,-3.8740
2025-09-09 05:00:00,-3.8730
2025-09-09 06:00:00,-3.8720
2025-09-09 07:00:00,-3.8720
2025-09-09 08:00:00,-3.8710
2025-09-09 09:00:00,-3.8710
2025-09-09 10:00:00,-3.8700
2025-09-09 11:00:00,-3.8700
2025-09-09 12:00:00,-3.8690
2025-09-09 13:00:00,-3.8670
2025-09-09 14:00:00,-3.8650
2025-09-09 15:00:00,-3.8620
2025-09-09 16:00:00,-3.8600
2025-09-09 17:00:00,-3.8590
2025-09-09 18:00:00,-3.8580
2025-09-09 19:00:00,-3.8570
2025-09-09 20:00:00,-3.8570
2025-09-09 21:00:00,-3.8560
2025-09-09 22:00:00,-3.8550
2025-09-09 23:00:00,-3.8550
2025-09-10 00:00:00,-3.8540
2025-09-10 01:00:00,-3.8530
2025-09-10 02:00:00,-3.8520
2025-09-10 03:00:00,-3.8510
2025-09-10 04:00:00,-3.8500
2025-09-10 05:00:00,-3.8500
2025-09-10 06:00:00,-3.8500
2025-09-10 07:00:00,-3.8490
2025-09-10 08:00:00,-3.8490
2025-09-10 09:00:00,-3.8490
2025-09-10 10:00:00,-3.8490
2025-09-10 11:00:00,-3.8490
2025-09-10 12:00:00,-3.8480
2025-09-10 13:00:00,-3.8490
2025-09-10 14:00:00,-3.8490
2025-09-10 15:00:00,-3.8500
2025-09-10 16:00:00,-3.8500
2025-09-10 17:00:00,-3.8510
2025-09-10 18:00:00,-3.8510
2025-09-10 19:00:00,-3.8510
2025-09-10 20:00:00,-3.8510
2025-09-10 21:00:00,-3.8520
2025-09-10 22:00:00,-3.8520
2025-09-10 23:00:00,-3.8510
2025-09-11 00:00:00,-3.8510
2025-09-11 01:00:00,-3.8510
2025-09-11 02:00:00,-3.8500
2025-09-11 03:00:00,-3.8500
2025-09-11 04:00:00,-3.8500
2025-09-11 05:00:00,-3.8490
2025-09-11 06:00:00,-3.8500
2025-09-11 07:00:00,-3.8490
2025-09-11 08:00:00,-3.8490
2025-09-11 09:00:00,-3.8490
2025-09-11 10:00:00,-3.8500
2025-09-11 11:00:00,-3.8510
2025-09-11 12:00:00,-3.8520
2025-09-11 13:00:00,-3.8530
2025-09-11 14:00:00,-3.8540
2025-09-11 15:00:00,-3.8540
2025-09-11 16:00:00,-3.8540
2025-09-11 17:00:00,-3.8550
2025-09-11 18:00:00,-3.8550
2025-09-11 19:00:00,-3.8560
2025-09-11 20:00:00,-3.8560
2025-09-11 21:00:00,-3.8560
2025-09-11 22:00:00,-3.8550
2025-09-11 23:00:00,-3.8550
2025-09-12 00:00:00,-3.8550
2025-09-12 01:00:00,-3.8540
2025-09-12 02:00:00,-3.8510
2025-09-12 03:00:00,-3.8500
2025-09-12 04:00:00,-3.8480
2025-09-12 05:00:00,-3.8460
2025-09-12 06:00:00,-3.8440
2025-09-12 07:00:00,-3.8430
2025-09-12 08:00:00,-3.8410
2025-09-12 09:00:00,-3.8400
2025-09-12 10:00:00,-3.8390
2025-09-12 11:00:00,-3.8370
2025-09-12 12:00:00,-3.8360
2025-09-12 13:00:00,-3.8350
2025-09-12 14:00:00,-3.8340
2025-09-12 15:00:00,-3.8350
2025-09-12 16:00:00,-3.8360
2025-09-12 17:00:00,-3.8360
2025-09-12 18:00:00,-3.8360
2025-09-12 19:00:00,-3.8360
2025-09-12 20:00:00,-3.8360
2025-09-12 21:00:00,-3.8360
2025-09-12 22:00:00,-3.8360
2025-09-12 23:00:00,-3.8360
2025-09-13 00:00:00,-3.8350
2025-09-13 01:00:00,-3.8350
2025-09-13 02:00:00,-3.8340
2025-09-13 03:00:00,-3.8340
2025-09-13 04:00:00,-3.8340
2025-09-13 05:00:00,-3.8340
2025-09-13 06:00:00,-3.8340
2025-09-13 07:00:00,-3.8340
2025-09-13 08:00:00,-3.8340
2025-09-13 09:00:00,-3.8340
2025-09-13 10:00:00,-3.8350
2025-09-13 11:00:00,-3.8360
2025-09-13 12:00:00,-3.8370
2025-09-13 13:00:00,-3.8370
2025-09-13 14:00:00,-3.8370
2025-09-13 15:00:00,-3.8340
2025-09-13 16:00:00,-3.8350
2025-09-13 17:00:00,-3.8340
2025-09-13 18:00:00,-3.8340
2025-09-13 19:00:00,-3.8330
2025-09-13 20:00:00,-3.8330
2025-09-13 21:00:00,-3.8320
2025-09-13 22:00:00,-3.8320
2025-09-13 23:00:00,-3.8310
2025-09-14 00:00:00,-3.8310
2025-09-14 01:00:00,-3.8310
2025-09-14 02:00:00,-3.8300
2025-09-14 03:00:00,-3.8250
2025-09-14 04:00:00,-3.8220
2025-09-14 05:00:00,-3.8190
2025-09-14 06:00:00,-3.8170
2025-09-14 07:00:00,-3.8150
2025-09-14 08:00:00,-3.8140
2025-09-14 09:00:00,-3.8140
2025-09-14 10:00:00,-3.8140
2025-09-14 11:00:00,-3.8140
2025-09-14 12:00:00,-3.8150
2025-09-14 13:00:00,-3.8150
2025-09-14 14:00:00,-3.8170
2025-09-14 15:00:00,-3.8170
2025-09-14 16:00:00,-3.8180
2025-09-14 17:00:00,-3.8200
2025-09-14 18:00:00,-3.8200
2025-09-14 19:00:00,-3.8200
2025-09-14 20:00:00,-3.8200
2025-09-14 21:00:00,-3.8190
2025-09-14 22:00:00,-3.8180
2025-09-14 23:00:00,-3.8160
2025-09-15 00:00:00,-3.8130
2025-09-15 01:00:00,-3.8090
2025-09-15 02:00:00,-3.8050
2025-09-15 03:00:00,-3.8020
2025-09-15 04:00:00,-3.8010
2025-09-15 05:00:00,-3.8000
2025-09-15 06:00:00,-3.7980
2025-09-15 07:00:00,-3.7980
2025-09-15 08:00:00,-3.7980
2025-09-15 09:00:00,-3.7980
2025-09-15 10:00:00,-3.8000
2025-09-15 11:00:00,-3.8010
2025-09-15 12:00:00,-3.8020
2025-09-15 13:00:00,-3.8030
2025-09-15 14:00:00,-3.8060
2025-09-15 15:00:00,-3.8050
2025-09-15 16:00:00,-3.8050
2025-09-15 17:00:00,-3.8000
2025-09-15 18:00:00,-3.7960
2025-09-15 19:00:00,-3.7940
2025-09-15 20:00:00,-3.7900
2025-09-15 21:00:00,-3.7870
2025-09-15 22:00:00,-3.7860
2025-09-15 23:00:00,-3.7850
2025-09-16 00:00:00,-3.7830
2025-09-16 01:00:00,-3.7820
2025-09-16 02:00:00,-3.7810
2025-09-16 03:00:00,-3.7810
2025-09-16 04:00:00,-3.7820
2025-09-16 05:00:00,-3.7810
2025-09-16 06:00:00,-3.7820
2025-09-16 07:00:00,-3.7820
2025-09-16 08:00:00,-3.7820
2025-09-16 09:00:00,-3.7820
2025-09-16 10:00:00,-3.7830
2025-09-16 11:00:00,-3.7840
2025-09-16 12:00:00,-3.7840
2025-09-16 13:00:00,-3.7830
2025-09-16 14:00:00,-3.7810
2025-09-16 15:00:00,-3.7800
2025-09-16 16:00:00,-3.7770
2025-09-16 17:00:00,-3.7770
2025-09-16 18:00:00,-3.7750
2025-09-16 19:00:00,-3.7750
2025-09-16 20:00:00,-3.7750
2025-09-16 21:00:00,-3.7750
2025-09-16 22:00:00,-3.7690
2025-09-16 23:00:00,-3.7630
2025-09-17 00:00:00,-3.7570
2025-09-17 01:00:00,-3.7510
2025-09-17 02:00:00,-3.7480
2025-09-17 03:00:00,-3.7460
2025-09-17 04:00:00,-3.7440
2025-09-17 05:00:00,-3.7430
2025-09-17 06:00:00,-3.7420
2025-09-17 07:00:00,-3.7420
2025-09-17 08:00:00,-3.7430
2025-09-17 09:00:00,-3.7430
2025-09-17 10:00:00,-3.7440
2025-09-17 11:00:00,-3.7440
2025-09-17 12:00:00,-3.7430
2025-09-17 13:00:00,-3.7410
2025-09-17 14:00:00,-3.7390
2025-09-17 15:00:00,-3.7370
2025-09-17 16:00:00,-3.7350
2025-09-17 17:00:00,-3.7330
2025-09-17 18:00:00,-3.7310
2025-09-17 19:00:00,-3.7290
2025-09-17 20:00:00,-3.7230
2025-09-17 21:00:00,-3.7200
2025-09-17 22:00:00,-3.7170
2025-09-17 23:00:00,-3.7140
2025-09-18 00:00:00,-3.7110
2025-09-18 01:00:00,-3.7090
2025-09-18 02:00:00,-3.7080
2025-09-18 03:00:00,-3.7070
2025-09-18 04:00:00,-3.7050
2025-09-18 05:00:00,-3.7020
2025-09-18 06:00:00,-3.6990
2025-09-18 07:00:00,-3.6970
2025-09-18 08:00:00,-3.6950
2025-09-18 09:00:00,-3.6950
2025-09-18 10:00:00,-3.6940
2025-09-18 11:00:00,-3.6950
2025-09-18 12:00:00,-3.6950
2025-09-18 13:00:00,-3.6960
2025-09-18 14:00:00,-3.6970
2025-09-18 15:00:00,-3.6970
2025-09-18 16:00:00,-3.6980
2025-09-18 17:00:00,-3.6990
2025-09-18 18:00:00,-3.7010
2025-09-18 19:00:00,-3.7010
2025-09-18 20:00:00,-3.7020
2025-09-18 21:00:00,-3.7030
2025-09-18 22:00:00,-3.7030
2025-09-18 23:00:00,-3.7050
2025-09-19 00:00:00,-3.7060
2025-09-19 01:00:00,-3.7060
2025-09-19 02:00:00,-3.7070
2025-09-19 03:00:00,-3.7080
2025-09-19 04:00:00,-3.7080
2025-09-19 05:00:00,-3.7090
2025-09-19 06:00:00,-3.7090
2025-09-19 07:00:00,-3.7060
2025-09-19 08:00:00,-3.7070
2025-09-19 09:00:00,-3.7070
2025-09-19 10:00:00,-3.7080
2025-09-19 11:00:00,-3.7090
2025-09-19 12:00:00,-3.7110
2025-09-19 13:00:00,-3.7120
2025-09-19 14:00:00,-3.7120
2025-09-19 15:00:00,-3.7140
2025-09-19 16:00:00,-3.7150
2025-09-19 17:00:00,-3.7160
2025-09-19 18:00:00,-3.7180
2025-09-19 19:00:00,-3.7180
2025-09-19 20:00:00,-3.7190
2025-09-19 21:00:00,-3.7190
2025-09-19 22:00:00,-3.7190
2025-09-19 23:00:00,-3.7190
2025-09-20 00:00:00,-3.7190
2025-09-20 01:00:00,-3.7200
2025-09-20 02:00:00,-3.7200
2025-09-20 03:00:00,-3.7200
2025-09-20 04:00:00,-3.7210
2025-09-20 05:00:00,-3.7220
2025-09-20 06:00:00,-3.7230
2025-09-20 07:00:00,-3.7240
2025-09-20 08:00:00,-3.7250
2025-09-20 09:00:00,-3.7260
2025-09-20 10:00:00,-3.7260
2025-09-20 11:00:00,-3.7270
2025-09-20 12:00:00,-3.7280
2025-09-20 13:00:00,-3.7290
2025-09-20 14:00:00,-3.7280
2025-09-20 15:00:00,-3.7280
2025-09-20 16:00:00,-3.7270
2025-09-20 17:00:00,-3.7250
2025-09-20 18:00:00,-3.7250
2025-09-20 19:00:00,-3.7240
2025-09-20 20:00:00,-3.7240
2025-09-20 21:00:00,-3.7240
2025-09-20 22:00:00,-3.7240
2025-09-20 23:00:00,-3.7240
2025-09-21 00:00:00,-3.7250
2025-09-21 01:00:00,-3.7250
2025-09-21 02:00:00,-3.7270
2025-09-21 03:00:00,-3.7280
2025-09-21 04:00:00,-3.7280
2025-09-21 05:00:00,-3.7290
2025-09-21 06:00:00,-3.7300
2025-09-21 07:00:00,-3.7310
2025-09-21 08:00:00,-3.7320
2025-09-21 09:00:00,-3.7330
2025-09-21 10:00:00,-3.7340
2025-09-21 11:00:00,-3.7340
2025-09-21 12:00:00,-3.7340
2025-09-21 13:00:00,-3.7350
2025-09-21 14:00:00,-3.7350
2025-09-21 15:00:00,-3.7370
2025-09-21 16:00:00,-3.7380
2025-09-21 17:00:00,-3.7390
2025-09-21 18:00:00,-3.7400
2025-09-21 19:00:00,-3.7410
2025-09-21 20:00:00,-3.7420
2025-09-21 21:00:00,-3.7440
2025-09-21 22:00:00,-3.7450
2025-09-21 23:00:00,-3.7460
2025-09-22 00:00:00,-3.7460
2025-09-22 01:00:00,-3.7470
2025-09-22 02:00:00,-3.7480
2025-09-22 03:00:00,-3.7480
2025-09-22 04:00:00,-3.7480
2025-09-22 05:00:00,-3.7490
2025-09-22 06:00:00,-3.7490
2025-09-22 07:00:00,-3.7490
2025-09-22 08:00:00,-3.7500
2025-09-22 09:00:00,-3.7510
2025-09-22 10:00:00,-3.7510
2025-09-22 11:00:00,-3.7510
2025-09-22 12:00:00,-3.7510
2025-09-22 13:00:00,-3.7520
2025-09-22 14:00:00,-3.7520
2025-09-22 15:00:00,-3.7520
2025-09-22 16:00:00,-3.7530
2025-09-22 17:00:00,-3.7540
2025-09-22 18:00:00,-3.7550
2025-09-22 19:00:00,-3.7560
2025-09-22 20:00:00,-3.7560
2025-09-22 21:00:00,-3.7570
2025-09-22 22:00:00,-3.7580
2025-09-22 23:00:00,-3.7590
2025-09-23 00:00:00,-3.7590
2025-09-23 01:00:00,-3.7600
2025-09-23 02:00:00,-3.7600
2025-09-23 03:00:00,-3.7610
2025-09-23 04:00:00,-3.7610
2025-09-23 05:00:00,-3.7610
2025-09-23 06:00:00,-3.7600
2025-09-23 07:00:00,-3.7600
2025-09-23 08:00:00,-3.7620
2025-09-23 09:00:00,-3.7620
2025-09-23 10:00:00,-3.7630
2025-09-23 11:00:00,-3.7640
2025-09-23 12:00:00,-3.7640
2025-09-23 13:00:00,-3.7640
2025-09-23 14:00:00,-3.7640
2025-09-23 15:00:00,-3.7650
2025-09-23 16:00:00,-3.7650
2025-09-23 17:00:00,-3.7660
2025-09-23 18:00:00,-3.7660
2025-09-23 19:00:00,-3.7660
2025-09-23 20:00:00,-3.7670
2025-09-23 21:00:00,-3.7690
2025-09-23 22:00:00,-3.7690
2025-09-23 23:00:00,-3.7700
2025-09-24 00:00:00,-3.7710
2025-09-24 01:00:00,-3.7710
2025-09-24 02:00:00,-3.7710
2025-09-24 03:00:00,-3.7710
2025-09-24 04:00:00,-3.7710
2025-09-24 05:00:00,-3.7700
2025-09-24 06:00:00,-3.7700
2025-09-24 07:00:00,-3.7710
2025-09-24 08:00:00,-3.7720
2025-09-24 09:00:00,-3.7720
2025-09-24 10:00:00,-3.7730
2025-09-24 11:00:00,-3.7730
2025-09-24 12:00:00,-3.7740
2025-09-24 13:00:00,-3.7730
2025-09-24 14:00:00,-3.7730
2025-09-24 15:00:00,-3.7740
2025-09-24 16:00:00,-3.7740
2025-09-24 17:00:00,-3.7740
2025-09-24 18:00:00,-3.7740
2025-09-24 19:00:00,-3.7750
2025-09-24 20:00:00,-3.7760
2025-09-24 21:00:00,-3.7770
2025-09-24 22:00:00,-3.7780
2025-09-24 23:00:00,-3.7780
2025-09-25 00:00:00,-3.7780
2025-09-25 01:00:00,-3.7780
2025-09-25 02:00:00,-3.7780
2025-09-25 03:00:00,-3.7780
2025-09-25 04:00:00,-3.7790
2025-09-25 05:00:00,-3.7780
2025-09-25 06:00:00,-3.7780
2025-09-25 07:00:00,-3.7790
2025-09-25 08:00:00,-3.7790
2025-09-25 09:00:00,-3.7780
2025-09-25 10:00:00,-3.7770
2025-09-25 11:00:00,-3.7790
2025-09-25 12:00:00,-3.7790
2025-09-25 13:00:00,-3.7790
2025-09-25 14:00:00,-3.7790
2025-09-25 15:00:00,-3.7800
2025-09-25 16:00:00,-3.7800
2025-09-25 17:00:00,-3.7810
2025-09-25 18:00:00,-3.7810
2025-09-25 19:00:00,-3.7820
2025-09-25 20:00:00,-3.7830
2025-09-25 21:00:00,-3.7830
2025-09-25 22:00:00,-3.7840
2025-09-25 23:00:00,-3.7850
2025-09-26 00:00:00,-3.7860
2025-09-26 01:00:00,-3.7860
2025-09-26 02:00:00,-3.7860
2025-09-26 03:00:00,-3.7860
2025-09-26 04:00:00,-3.7860
2025-09-26 05:00:00,-3.7860
2025-09-26 06:00:00,-3.7860
2025-09-26 07:00:00,-3.7870
2025-09-26 08:00:00,-3.7870
2025-09-26 09:00:00,-3.7880
2025-09-26 10:00:00,-3.7880
2025-09-26 11:00:00,-3.7890
2025-09-26 12:00:00,-3.7900
2025-09-26 13:00:00,-3.7900
2025-09-26 14:00:00,-3.7900
2025-09-26 15:00:00,-3.7910
2025-09-26 16:00:00,-3.7910
2025-09-26 17:00:00,-3.7910
2025-09-26 18:00:00,-3.7920
2025-09-26 19:00:00,-3.7910
2025-09-26 20:00:00,-3.7900
2025-09-26 21:00:00,-3.7900
2025-09-26 22:00:00,-3.7910
2025-09-26 23:00:00,-3.7910
2025-09-27 00:00:00,-3.7910
2025-09-27 01:00:00,-3.7910
2025-09-27 02:00:00,-3.7900
2025-09-27 03:00:00,-3.7900
2025-09-27 04:00:00,-3.7900
2025-09-27 05:00:00,-3.7900
2025-09-27 06:00:00,-3.7900
2025-09-27 07:00:00,-3.7900
2025-09-27 08:00:00,-3.7900
2025-09-27 09:00:00,-3.7900
2025-09-27 10:00:00,-3.7910
2025-09-27 11:00:00,-3.7910
2025-09-27 12:00:00,-3.7910
2025-09-27 13:00:00,-3.7920
2025-09-27 14:00:00,-3.7920
2025-09-27 15:00:00,-3.7930
2025-09-27 16:00:00,-3.7930
2025-09-27 17:00:00,-3.7930
2025-09-27 18:00:00,-3.7940
2025-09-27 19:00:00,-3.7940
2025-09-27 20:00:00,-3.7940
2025-09-27 21:00:00,-3.7940
2025-09-27 22:00:00,-3.7940
2025-09-27 23:00:00,-3.7940
2025-09-28 00:00:00,-3.7930
2025-09-28 01:00:00,-3.7930
2025-09-28 02:00:00,-3.7940
2025-09-28 03:00:00,-3.7940
2025-09-28 04:00:00,-3.7940
2025-09-28 05:00:00,-3.7940
2025-09-28 06:00:00,-3.7940
2025-09-28 07:00:00,-3.7940
2025-09-28 08:00:00,-3.7940
2025-09-28 09:00:00,-3.7950
2025-09-28 10:00:00,-3.7950
2025-09-28 11:00:00,-3.7950
2025-09-29 12:00:00,-3.7970
2025-09-29 13:00:00,-3.7980
2025-09-29 14:00:00,-3.7980
2025-09-29 15:00:00,-3.7980
2025-09-29 16:00:00,-3.7980
2025-09-29 17:00:00,-3.7990
2025-09-29 18:00:00,-3.7990
2025-09-29 19:00:00,-3.8000
2025-09-29 20:00:00,-3.8000
2025-09-29 21:00:00,-3.8010
2025-09-29 22:00:00,-3.8010
2025-09-29 23:00:00,-3.8010
2025-09-30 00:00:00,-3.8010
2025-09-30 01:00:00,-3.8010
2025-09-30 02:00:00,-3.8010
2025-09-30 03:00:00,-3.8010
2025-09-30 04:00:00,-3.8010
2025-09-30 05:00:00,-3.8010
2025-09-30 06:00:00,-3.8000
2025-09-30 07:00:00,-3.8000
2025-09-30 08:00:00,-3.8000
2025-09-30 09:00:00,-3.8000
2025-09-30 10:00:00,-3.8000
2025-09-30 11:00:00,-3.8010
2025-09-30 12:00:00,-3.8010
2025-09-30 13:00:00,-3.8020
2025-09-30 14:00:00,-3.8020
2025-09-30 15:00:00,-3.8020
2025-09-30 16:00:00,-3.8020
2025-09-30 17:00:00,-3.8020
2025-09-30 18:00:00,-3.8020
2025-09-30 19:00:00,-3.8020
2025-09-30 20:00:00,-3.8020
2025-09-30 21:00:00,-3.8020
2025-09-30 22:00:00,-3.8020
2025-09-30 23:00:00,-3.8030
2025-10-01 00:00:00,-3.8020
2025-10-01 01:00:00,-3.8030
2025-10-01 02:00:00,-3.8030
2025-10-01 03:00:00,-3.8020
2025-10-01 04:00:00,-3.8030
2025-10-01 05:00:00,-3.8030
2025-10-01 06:00:00,-3.8020
2025-10-01 07:00:00,-3.8030
2025-10-01 08:00:00,-3.8030
2025-10-01 09:00:00,-3.8030
2025-10-01 10:00:00,-3.8030
2025-10-01 11:00:00,-3.8040
2025-10-01 12:00:00,-3.8030
2025-10-01 13:00:00,-3.8020
2025-10-01 14:00:00,-3.8030
2025-10-01 15:00:00,-3.8030
2025-10-01 16:00:00,-3.8040
2025-10-01 17:00:00,-3.8040
2025-10-01 18:00:00,-3.8040
2025-10-01 19:00:00,-3.8040
2025-10-01 20:00:00,-3.8050
2025-10-01 21:00:00,-3.8050
2025-10-01 22:00:00,-3.8050
2025-10-01 23:00:00,-3.8050
2025-10-02 00:00:00,-3.8050
2025-10-02 01:00:00,-3.8050
2025-10-02 02:00:00,-3.8050
2025-10-02 03:00:00,-3.8060
2025-10-02 04:00:00,-3.8060
2025-10-02 05:00:00,-3.8060
2025-10-02 06:00:00,-3.8060
2025-10-02 07:00:00,-3.8060
2025-10-02 08:00:00,-3.8060
2025-10-02 09:00:00,-3.8060
2025-10-02 10:00:00,-3.8060
2025-10-02 11:00:00,-3.8060
2025-10-02 12:00:00,-3.8060
2025-10-02 13:00:00,-3.8060
2025-10-02 14:00:00,-3.8070
2025-10-02 15:00:00,-3.8070
2025-10-02 16:00:00,-3.8070
2025-10-02 17:00:00,-3.8070
2025-10-02 18:00:00,-3.8070
2025-10-02 19:00:00,-3.8070
2025-10-02 20:00:00,-3.8070
2025-10-02 21:00:00,-3.8070
2025-10-02 22:00:00,-3.8070
2025-10-02 23:00:00,-3.8060
2025-10-03 00:00:00,-3.8040
2025-10-03 01:00:00,-3.8040
2025-10-03 02:00:00,-3.8040
2025-10-03 03:00:00,-3.8040
2025-10-03 04:00:00,-3.8040
2025-10-03 05:00:00,-3.8040
2025-10-03 06:00:00,-3.8040
2025-10-03 07:00:00,-3.8030
2025-10-03 08:00:00,-3.8030
2025-10-03 09:00:00,-3.8030
2025-10-03 10:00:00,-3.8020
2025-10-03 11:00:00,-3.8020
2025-10-03 12:00:00,-3.8020
2025-10-03 13:00:00,-3.8020
2025-10-03 14:00:00,-3.8020
2025-10-03 15:00:00,-3.8020
2025-10-03 16:00:00,-3.8020
2025-10-03 17:00:00,-3.8020
2025-10-03 18:00:00,-3.8010
2025-10-03 19:00:00,-3.8010
2025-10-03 20:00:00,-3.8000
2025-10-03 21:00:00,-3.7990
2025-10-03 22:00:00,-3.7970
2025-10-03 23:00:00,-3.7940
2025-10-04 00:00:00,-3.7900
2025-10-04 01:00:00,-3.7870
2025-10-04 02:00:00,-3.7860
2025-10-04 03:00:00,-3.7830
2025-10-04 04:00:00,-3.7770
2025-10-04 05:00:00,-3.7690
2025-10-04 06:00:00,-3.7520
2025-10-04 07:00:00,-3.7280
2025-10-04 08:00:00,-3.7030
2025-10-04 09:00:00,-3.6860
2025-10-04 10:00:00,-3.6730
2025-10-04 11:00:00,-3.6660
2025-10-04 12:00:00,-3.6600
2025-10-04 13:00:00,-3.6590
2025-10-04 14:00:00,-3.6590
2025-10-04 15:00:00,-3.6580
2025-10-04 16:00:00,-3.6580
2025-10-04 17:00:00,-3.6580
2025-10-04 18:00:00,-3.6580
2025-10-04 19:00:00,-3.6600
2025-10-04 20:00:00,-3.6600
2025-10-04 21:00:00,-3.6590
2025-10-04 22:00:00,-3.6580
2025-10-04 23:00:00,-3.6590
2025-10-05 00:00:00,-3.6600
2025-10-05 01:00:00,-3.6610
2025-10-05 02:00:00,-3.6630
2025-10-05 03:00:00,-3.6630
2025-10-05 04:00:00,-3.6640
2025-10-05 05:00:00,-3.6640
2025-10-05 06:00:00,-3.6640
2025-10-05 07:00:00,-3.6660
2025-10-05 08:00:00,-3.6680
2025-10-05 09:00:00,-3.6680
2025-10-05 10:00:00,-3.6670
2025-10-05 11:00:00,-3.6620
2025-10-05 12:00:00,-3.6570
2025-10-05 13:00:00,-3.6540
2025-10-05 14:00:00,-3.6540
2025-10-05 15:00:00,-3.6530
2025-10-05 16:00:00,-3.6540
2025-10-05 17:00:00,-3.6550
2025-10-05 18:00:00,-3.6550
2025-10-05 19:00:00,-3.6560
2025-10-05 20:00:00,-3.6570
2025-10-05 21:00:00,-3.6580
2025-10-05 22:00:00,-3.6590
2025-10-05 23:00:00,-3.6600
2025-10-06 00:00:00,-3.6610
2025-10-06 01:00:00,-3.6630
2025-10-06 02:00:00,-3.6640
2025-10-06 03:00:00,-3.6650
2025-10-06 04:00:00,-3.6660
2025-10-06 05:00:00,-3.6680
2025-10-06 06:00:00,-3.6680
2025-10-06 07:00:00,-3.6690
2025-10-06 08:00:00,-3.6700
2025-10-06 09:00:00,-3.6700
2025-10-06 10:00:00,-3.6710
2025-10-06 11:00:00,-3.6720
2025-10-06 12:00:00,-3.6720
2025-10-06 13:00:00,-3.6730
2025-10-06 14:00:00,-3.6740
2025-10-06 15:00:00,-3.6750
2025-10-06 16:00:00,-3.6750
2025-10-06 17:00:00,-3.6760
2025-10-06 18:00:00,-3.6770
2025-10-06 19:00:00,-3.6780
2025-10-06 20:00:00,-3.6790
2025-10-06 21:00:00,-3.6800
2025-10-06 22:00:00,-3.6810
2025-10-06 23:00:00,-3.6810
2025-10-07 00:00:00,-3.6810
2025-10-07 01:00:00,-3.6810
2025-10-07 02:00:00,-3.6810
2025-10-07 03:00:00,-3.6820
2025-10-07 04:00:00,-3.6830
2025-10-07 05:00:00,-3.6830
2025-10-07 06:00:00,-3.6850
2025-10-07 07:00:00,-3.6850
2025-10-07 08:00:00,-3.6860
2025-10-07 09:00:00,-3.6870
2025-10-07 10:00:00,-3.6880
2025-10-07 11:00:00,-3.6890
2025-10-07 12:00:00,-3.6900
2025-10-07 13:00:00,-3.6910
2025-10-07 14:00:00,-3.6900
2025-10-07 15:00:00,-3.6910
2025-10-07 16:00:00,-3.6920
2025-10-07 17:00:00,-3.6920
2025-10-07 18:00:00,-3.6930
2025-10-07 19:00:00,-3.6930
2025-10-07 20:00:00,-3.6940
2025-10-07 21:00:00,-3.6950
2025-10-07 22:00:00,-3.6950
2025-10-07 23:00:00,-3.6960
2025-10-08 00:00:00,-3.6960
2025-10-08 01:00:00,-3.6960
2025-10-08 02:00:00,-3.6960
2025-10-08 03:00:00,-3.6960
2025-10-08 04:00:00,-3.6970
2025-10-08 05:00:00,-3.6970
2025-10-08 06:00:00,-3.6970
2025-10-08 07:00:00,-3.6980
2025-10-08 08:00:00,-3.6980
2025-10-08 09:00:00,-3.6990
2025-10-08 10:00:00,-3.6990
2025-10-08 11:00:00,-3.6990
2025-10-08 12:00:00,-3.6990
2025-10-08 13:00:00,-3.7000
2025-10-08 14:00:00,-3.7000
2025-10-08 15:00:00,-3.7010
2025-10-08 16:00:00,-3.7010
2025-10-08 17:00:00,-3.7010
2025-10-08 18:00:00,-3.7020
2025-10-08 19:00:00,-3.7000
2025-10-08 20:00:00,-3.7000
2025-10-08 21:00:00,-3.6970
2025-10-08 22:00:00,-3.6950
2025-10-08 23:00:00,-3.6930
2025-10-09 00:00:00,-3.6920
2025-10-09 01:00:00,-3.6910
2025-10-09 02:00:00,-3.6900
2025-10-09 03:00:00,-3.6900
2025-10-09 04:00:00,-3.6900
2025-10-09 05:00:00,-3.6910
2025-10-09 06:00:00,-3.6910
2025-10-09 07:00:00,-3.6920
2025-10-09 08:00:00,-3.6920
2025-10-09 09:00:00,-3.6930
2025-10-09 10:00:00,-3.6930
2025-10-09 11:00:00,-3.6950
2025-10-09 12:00:00,-3.6960
2025-10-09 13:00:00,-3.6970
2025-10-09 14:00:00,-3.6970
2025-10-09 15:00:00,-3.6980
2025-10-09 16:00:00,-3.6990
2025-10-09 17:00:00,-3.7000
2025-10-09 18:00:00,-3.7000
2025-10-09 19:00:00,-3.7010
2025-10-09 20:00:00,-3.7020
2025-10-09 21:00:00,-3.7030
2025-10-09 22:00:00,-3.7030
2025-10-09 23:00:00,-3.7040
2025-10-10 00:00:00,-3.7050
2025-10-10 01:00:00,-3.7050
2025-10-10 02:00:00,-3.7050
2025-10-10 03:00:00,-3.7050
2025-10-10 04:00:00,-3.7050
2025-10-10 05:00:00,-3.7060
2025-10-10 06:00:00,-3.7060
2025-10-10 07:00:00,-3.7070
2025-10-10 08:00:00,-3.7070
2025-10-10 09:00:00,-3.7080
2025-10-10 10:00:00,-3.7090
2025-10-10 11:00:00,-3.7100
2025-10-10 12:00:00,-3.7100
2025-10-10 13:00:00,-3.7110
2025-10-10 14:00:00,-3.7120
2025-10-10 15:00:00,-3.7120
2025-10-10 16:00:00,-3.7120
2025-10-10 17:00:00,-3.7120
2025-10-10 18:00:00,-3.7130
2025-10-10 19:00:00,-3.7130
2025-10-10 20:00:00,-3.7130
2025-10-10 21:00:00,-3.7140
2025-10-10 22:00:00,-3.7140
2025-10-10 23:00:00,-3.7150
2025-10-11 00:00:00,-3.7150
2025-10-11 01:00:00,-3.7150
2025-10-11 02:00:00,-3.7150
2025-10-11 03:00:00,-3.7140
2025-10-11 04:00:00,-3.7140
2025-10-11 05:00:00,-3.7140
2025-10-11 06:00:00,-3.7150
2025-10-11 07:00:00,-3.7150
2025-10-11 08:00:00,-3.7150
2025-10-11 09:00:00,-3.7160
2025-10-11 10:00:00,-3.7170
2025-10-11 11:00:00,-3.7170
2025-10-11 12:00:00,-3.7180
2025-10-11 13:00:00,-3.7180
2025-10-11 14:00:00,-3.7180
2025-10-11 15:00:00,-3.7180
2025-10-11 16:00:00,-3.7180
2025-10-11 17:00:00,-3.7180
2025-10-11 18:00:00,-3.7180
2025-10-11 19:00:00,-3.7180
2025-10-11 20:00:00,-3.7190
2025-10-11 21:00:00,-3.7190
2025-10-11 22:00:00,-3.7190
2025-10-11 23:00:00,-3.7190
2025-10-12 00:00:00,-3.7200
2025-10-12 01:00:00,-3.7200
2025-10-12 02:00:00,-3.7200
2025-10-12 03:00:00,-3.7200
2025-10-12 04:00:00,-3.7200
2025-10-12 05:00:00,-3.7200
2025-10-12 06:00:00,-3.7190
2025-10-12 07:00:00,-3.7200
2025-10-12 08:00:00,-3.7200
2025-10-12 09:00:00,-3.7200
2025-10-12 10:00:00,-3.7210
2025-10-12 11:00:00,-3.7210
2025-10-12 12:00:00,-3.7200
2025-10-12 13:00:00,-3.7200
2025-10-12 14:00:00,-3.7200
2025-10-12 15:00:00,-3.7200
2025-10-12 16:00:00,-3.7200
2025-10-12 17:00:00,-3.7200
2025-10-12 18:00:00,-3.7200
2025-10-12 19:00:00,-3.7210
2025-10-12 20:00:00,-3.7210
2025-10-12 21:00:00,-3.7210
2025-10-12 22:00:00,-3.7210
2025-10-12 23:00:00,-3.7210
2025-10-13 00:00:00,-3.7210
2025-10-13 01:00:00,-3.7210
2025-10-13 02:00:00,-3.7210
2025-10-13 03:00:00,-3.7210
2025-10-13 04:00:00,-3.7210
2025-10-13 05:00:00,-3.7210
2025-10-13 06:00:00,-3.7210
2025-10-13 07:00:00,-3.7210
2025-10-13 08:00:00,-3.7210
2025-10-13 09:00:00,-3.7210
2025-10-13 10:00:00,-3.7220
2025-10-13 11:00:00,-3.7220
2025-10-13 12:00:00,-3.7220
2025-10-13 13:00:00,-3.7220
2025-10-13 14:00:00,-3.7220
2025-10-13 15:00:00,-3.7220
2025-10-13 16:00:00,-3.7220
2025-10-13 17:00:00,-3.7220
2025-10-13 18:00:00,-3.7220
2025-10-13 19:00:00,-3.7220
2025-10-13 20:00:00,-3.7220
2025-10-13 21:00:00,-3.7220
2025-10-13 22:00:00,-3.7230
2025-10-13 23:00:00,-3.7230
2025-10-14 00:00:00,-3.7230
2025-10-14 01:00:00,-3.7230
2025-10-14 02:00:00,-3.7230
2025-10-14 03:00:00,-3.7230
2025-10-14 04:00:00,-3.7230
2025-10-14 05:00:00,-3.7230
2025-10-14 06:00:00,-3.7230
2025-10-14 07:00:00,-3.7230
2025-10-14 08:00:00,-3.7230
2025-10-14 09:00:00,-3.7240
2025-10-14 10:00:00,-3.7240
2025-10-14 11:00:00,-3.7240
2025-10-14 12:00:00,-3.7240
2025-10-14 13:00:00,-3.7240
2025-10-14 14:00:00,-3.7250
2025-10-14 15:00:00,-3.7240
2025-10-14 16:00:00,-3.7240
2025-10-14 17:00:00,-3.7240
2025-10-14 18:00:00,-3.7240
2025-10-14 19:00:00,-3.7240
2025-10-14 20:00:00,-3.7240
2025-10-14 21:00:00,-3.7240
2025-10-14 22:00:00,-3.7250
2025-10-14 23:00:00,-3.7250
2025-10-15 00:00:00,-3.7250
2025-10-15 01:00:00,-3.7260
2025-10-15 02:00:00,-3.7260
2025-10-15 03:00:00,-3.7260
2025-10-15 04:00:00,-3.7260
2025-10-15 05:00:00,-3.7270
2025-10-15 06:00:00,-3.7270
2025-10-15 07:00:00,-3.7270
2025-10-15 08:00:00,-3.7270
2025-10-15 09:00:00,-3.7270
2025-10-15 10:00:00,-3.7270
2025-10-15 11:00:00,-3.7270
2025-10-15 12:00:00,-3.7270
2025-10-15 13:00:00,-3.7270
2025-10-15 14:00:00,-3.7260
2025-10-15 15:00:00,-3.7260
2025-10-15 16:00:00,-3.7260
2025-10-15 17:00:00,-3.7260
2025-10-15 18:00:00,-3.7260
2025-10-15 19:00:00,-3.7260
2025-10-15 20:00:00,-3.7260
2025-10-15 21:00:00,-3.7260
2025-10-15 22:00:00,-3.7270
2025-10-15 23:00:00,-3.7270
2025-10-16 00:00:00,-3.7270
2025-10-16 01:00:00,-3.7270
2025-10-16 02:00:00,-3.7270
2025-10-16 03:00:00,-3.7270
2025-10-16 04:00:00,-3.7270
2025-10-16 05:00:00,-3.7270
2025-10-16 06:00:00,-3.7270
2025-10-16 07:00:00,-3.7270
2025-10-16 08:00:00,-3.7270
2025-10-16 09:00:00,-3.7260
2025-10-16 10:00:00,-3.7260
2025-10-16 11:00:00,-3.7260
2025-10-16 12:00:00,-3.7260
2025-10-16 13:00:00,-3.7260
2025-10-16 14:00:00,-3.7250
2025-10-16 15:00:00,-3.7260
2025-10-16 16:00:00,-3.7260
2025-10-16 17:00:00,-3.7280
2025-10-16 18:00:00,-3.7280
2025-10-16 19:00:00,-3.7300
2025-10-16 20:00:00,-3.7310
2025-10-16 21:00:00,-3.7320
2025-10-16 22:00:00,-3.7340
2025-10-16 23:00:00,-3.7350
2025-10-17 00:00:00,-3.7360
2025-10-17 01:00:00,-3.7370
2025-10-17 02:00:00,-3.7380
2025-10-17 03:00:00,-3.7390
2025-10-17 04:00:00,-3.7400
2025-10-17 05:00:00,-3.7410
2025-10-17 06:00:00,-3.7420
2025-10-17 07:00:00,-3.7430
2025-10-17 08:00:00,-3.7440
2025-10-17 09:00:00,-3.7450
2025-10-17 10:00:00,-3.7460
2025-10-17 11:00:00,-3.7470
2025-10-17 12:00:00,-3.7480
2025-10-17 13:00:00,-3.7490
2025-10-17 14:00:00,-3.7500
2025-10-17 15:00:00,-3.7500
2025-10-17 16:00:00,-3.7510
2025-10-17 17:00:00,-3.7520
2025-10-17 18:00:00,-3.7530
2025-10-17 19:00:00,-3.7540
2025-10-17 20:00:00,-3.7540
2025-10-17 21:00:00,-3.7560
2025-10-17 22:00:00,-3.7560
2025-10-17 23:00:00,-3.7570
2025-10-18 00:00:00,-3.7570
2025-10-18 01:00:00,-3.7560
2025-10-18 02:00:00,-3.7570
2025-10-18 03:00:00,-3.7580
2025-10-18 04:00:00,-3.7580
2025-10-18 05:00:00,-3.7590
2025-10-18 06:00:00,-3.7600
2025-10-18 07:00:00,-3.7610
2025-10-18 08:00:00,-3.7610
2025-10-18 09:00:00,-3.7620
2025-10-18 10:00:00,-3.7620
2025-10-18 11:00:00,-3.7630
2025-10-18 12:00:00,-3.7630
2025-10-18 13:00:00,-3.7640
2025-10-18 14:00:00,-3.7640
2025-10-18 15:00:00,-3.7650
2025-10-18 16:00:00,-3.7650
2025-10-18 17:00:00,-3.7650
2025-10-18 18:00:00,-3.7660
2025-10-18 19:00:00,-3.7660
2025-10-18 20:00:00,-3.7660
2025-10-18 21:00:00,-3.7670
2025-10-18 22:00:00,-3.7670
2025-10-18 23:00:00,-3.7670
2025-10-19 00:00:00,-3.7670
2025-10-19 01:00:00,-3.7670
2025-10-19 02:00:00,-3.7670
2025-10-19 03:00:00,-3.7670
2025-10-19 04:00:00,-3.7670
2025-10-19 05:00:00,-3.7670
2025-10-19 06:00:00,-3.7680
2025-10-19 07:00:00,-3.7670
2025-10-19 08:00:00,-3.7670
2025-10-19 09:00:00,-3.7660
2025-10-19 10:00:00,-3.7660
2025-10-19 11:00:00,-3.7660
2025-10-19 12:00:00,-3.7660
2025-10-19 13:00:00,-3.7660
2025-10-19 14:00:00,-3.7660
2025-10-19 15:00:00,-3.7660
2025-10-19 16:00:00,-3.7660
2025-10-19 17:00:00,-3.7660
2025-10-19 18:00:00,-3.7660
2025-10-19 19:00:00,-3.7670
2025-10-19 20:00:00,-3.7670
2025-10-19 21:00:00,-3.7670
2025-10-19 22:00:00,-3.7670
2025-10-19 23:00:00,-3.7670
2025-10-20 00:00:00,-3.7670
2025-10-20 01:00:00,-3.7670
2025-10-20 02:00:00,-3.7670
2025-10-20 03:00:00,-3.7660
2025-10-20 04:00:00,-3.7650
2025-10-20 05:00:00,-3.7640
2025-10-20 06:00:00,-3.7640
2025-10-20 07:00:00,-3.7620
2025-10-20 08:00:00,-3.7610
2025-10-20 09:00:00,-3.7590
2025-10-20 10:00:00,-3.7570
2025-10-20 11:00:00,-3.7560
2025-10-20 12:00:00,-3.7530
2025-10-20 13:00:00,-3.7510
2025-10-20 14:00:00,-3.7510
2025-10-20 15:00:00,-3.7500
2025-10-20 16:00:00,-3.7490
2025-10-20 17:00:00,-3.7490
2025-10-20 18:00:00,-3.7480
2025-10-20 19:00:00,-3.7480
2025-10-20 20:00:00,-3.7470
2025-10-20 21:00:00,-3.7470
2025-10-20 22:00:00,-3.7470
2025-10-20 23:00:00,-3.7470
2025-10-21 00:00:00,-3.7460
2025-10-21 01:00:00,-3.7460
2025-10-21 02:00:00,-3.7460
2025-10-21 03:00:00,-3.7460
2025-10-21 04:00:00,-3.7460
2025-10-21 05:00:00,-3.7450
2025-10-21 06:00:00,-3.7450
2025-10-21 07:00:00,-3.7450
2025-10-21 08:00:00,-3.7450
2025-10-21 09:00:00,-3.7420
2025-10-21 10:00:00,-3.7400
2025-10-21 11:00:00,-3.7370
2025-10-21 12:00:00,-3.7330
2025-10-21 13:00:00,-3.7300
2025-10-21 14:00:00,-3.7290
2025-10-21 15:00:00,-3.7270
2025-10-21 16:00:00,-3.7240
2025-10-21 17:00:00,-3.7210
2025-10-21 18:00:00,-3.7190
2025-10-21 19:00:00,-3.7160
2025-10-21 20:00:00,-3.7140
2025-10-21 21:00:00,-3.7130
2025-10-21 22:00:00,-3.7120
2025-10-21 23:00:00,-3.7110
2025-10-22 00:00:00,-3.7110
2025-10-22 01:00:00,-3.7110
2025-10-22 02:00:00,-3.7090
2025-10-22 03:00:00,-3.7070
2025-10-22 04:00:00,-3.7040
2025-10-22 05:00:00,-3.6990
2025-10-22 06:00:00,-3.6940
2025-10-22 07:00:00,-3.6900
2025-10-22 08:00:00,-3.6860
2025-10-22 09:00:00,-3.6830
2025-10-22 10:00:00,-3.6810
2025-10-22 11:00:00,-3.6800
2025-10-22 12:00:00,-3.6800
2025-10-22 13:00:00,-3.6800
2025-10-22 14:00:00,-3.6790
2025-10-22 15:00:00,-3.6790
2025-10-22 16:00:00,-3.6780
2025-10-22 17:00:00,-3.6770
2025-10-22 18:00:00,-3.6770
2025-10-22 19:00:00,-3.6770
2025-10-22 20:00:00,-3.6780
2025-10-22 21:00:00,-3.6780
2025-10-22 22:00:00,-3.6780
2025-10-22 23:00:00,-3.6780
2025-10-23 00:00:00,-3.6790
2025-10-23 01:00:00,-3.6780
2025-10-23 02:00:00,-3.6780
2025-10-23 03:00:00,-3.6770
2025-10-23 04:00:00,-3.6740
2025-10-23 05:00:00,-3.6640
2025-10-23 06:00:00,-3.6500
2025-10-23 07:00:00,-3.6320
2025-10-23 08:00:00,-3.6140
2025-10-23 09:00:00,-3.6040
2025-10-23 10:00:00,-3.5990
2025-10-23 11:00:00,-3.5990
2025-10-23 12:00:00,-3.5980
2025-10-23 13:00:00,-3.5980
2025-10-23 14:00:00,-3.5990
2025-10-23 15:00:00,-3.5980
2025-10-23 16:00:00,-3.5990
2025-10-23 17:00:00,-3.5980
2025-10-23 18:00:00,-3.5950
2025-10-23 19:00:00,-3.5920
2025-10-23 20:00:00,-3.5860
2025-10-23 21:00:00,-3.5820
2025-10-23 22:00:00,-3.5740
2025-10-23 23:00:00,-3.5650
2025-10-24 00:00:00,-3.5600
2025-10-24 01:00:00,-3.5580
2025-10-24 02:00:00,-3.5570
2025-10-24 03:00:00,-3.5580
2025-10-24 04:00:00,-3.5590
2025-10-24 05:00:00,-3.5610
2025-10-24 06:00:00,-3.5630
2025-10-24 07:00:00,-3.5640
2025-10-24 08:00:00,-3.5660
2025-10-24 09:00:00,-3.5680
2025-10-24 10:00:00,-3.5710
2025-10-24 11:00:00,-3.5720
2025-10-24 12:00:00,-3.5750
2025-10-24 13:00:00,-3.5770
2025-10-24 14:00:00,-3.5790
2025-10-24 15:00:00,-3.5810
2025-10-24 16:00:00,-3.5830
2025-10-24 17:00:00,-3.5850
2025-10-24 18:00:00,-3.5860
2025-10-24 19:00:00,-3.5880
2025-10-24 20:00:00,-3.5890
2025-10-24 21:00:00,-3.5910
2025-10-24 22:00:00,-3.5920
2025-10-24 23:00:00,-3.5930
2025-10-25 00:00:00,-3.5950
2025-10-25 01:00:00,-3.5960
2025-10-25 02:00:00,-3.5950
2025-10-25 03:00:00,-3.5940
2025-10-25 04:00:00,-3.5930
2025-10-25 05:00:00,-3.5920
2025-10-25 06:00:00,-3.5920
2025-10-25 07:00:00,-3.5920
2025-10-25 08:00:00,-3.5920
2025-10-25 09:00:00,-3.5930
2025-10-25 10:00:00,-3.5930
2025-10-25 11:00:00,-3.5860
2025-10-25 12:00:00,-3.5760
2025-10-25 13:00:00,-3.5630
2025-10-25 14:00:00,-3.5560
2025-10-25 15:00:00,-3.5520
2025-10-25 16:00:00,-3.5520
2025-10-25 17:00:00,-3.5520
2025-10-25 18:00:00,-3.5530
2025-10-25 19:00:00,-3.5540
2025-10-25 20:00:00,-3.5550
2025-10-25 21:00:00,-3.5560
2025-10-25 22:00:00,-3.5570
2025-10-25 23:00:00,-3.5580
2025-10-26 00:00:00,-3.5590
2025-10-26 01:00:00,-3.5590
2025-10-26 02:00:00,-3.5610
2025-10-26 03:00:00,-3.5630
2025-10-26 04:00:00,-3.5630
2025-10-26 05:00:00,-3.5630
2025-10-26 06:00:00,-3.5550
2025-10-26 07:00:00,-3.5510
2025-10-26 08:00:00,-3.5490
2025-10-26 09:00:00,-3.5470
2025-10-26 10:00:00,-3.5460
2025-10-26 11:00:00,-3.5470
2025-10-26 12:00:00,-3.5480
2025-10-26 13:00:00,-3.5490
2025-10-26 14:00:00,-3.5490
2025-10-26 15:00:00,-3.5490
2025-10-26 16:00:00,-3.5490
2025-10-26 17:00:00,-3.5510
2025-10-26 18:00:00,-3.5530
2025-10-26 19:00:00,-3.5540
2025-10-26 20:00:00,-3.5550
2025-10-26 21:00:00,-3.5540
2025-10-26 22:00:00,-3.5530
2025-10-26 23:00:00,-3.5500
2025-10-27 00:00:00,-3.5470
2025-10-27 01:00:00,-3.5440
2025-10-27 02:00:00,-3.5410
2025-10-27 03:00:00,-3.5360
2025-10-27 04:00:00,-3.5330
2025-10-27 05:00:00,-3.5320
2025-10-27 06:00:00,-3.5320
2025-10-27 07:00:00,-3.5310
2025-10-27 08:00:00,-3.5310
2025-10-27 09:00:00,-3.5320
2025-10-27 10:00:00,-3.5320
2025-10-27 11:00:00,-3.5320
2025-10-27 12:00:00,-3.5320
2025-10-27 13:00:00,-3.5330
2025-10-27 14:00:00,-3.5330
2025-10-27 15:00:00,-3.5360
2025-10-27 16:00:00,-3.5380
2025-10-27 17:00:00,-3.5410
2025-10-27 18:00:00,-3.5440
2025-10-27 19:00:00,-3.5460
2025-10-27 20:00:00,-3.5480
2025-10-27 21:00:00,-3.5510
2025-10-27 22:00:00,-3.5530
2025-10-27 23:00:00,-3.5560
2025-10-28 00:00:00,-3.5580
2025-10-28 01:00:00,-3.5610
2025-10-28 02:00:00,-3.5630
2025-10-28 03:00:00,-3.5650
2025-10-28 04:00:00,-3.5670
2025-10-28 05:00:00,-3.5680
2025-10-28 06:00:00,-3.5680
2025-10-28 07:00:00,-3.5650
2025-10-28 08:00:00,-3.5640
2025-10-28 09:00:00,-3.5610
2025-10-28 10:00:00,-3.5580
2025-10-28 11:00:00,-3.5560
2025-10-28 12:00:00,-3.5540
2025-10-28 13:00:00,-3.5540
2025-10-28 14:00:00,-3.5550
2025-10-28 15:00:00,-3.5580
2025-10-28 16:00:00,-3.5610
2025-10-28 17:00:00,-3.5630
2025-10-28 18:00:00,-3.5660
2025-10-28 19:00:00,-3.5700
2025-10-28 20:00:00,-3.5730
2025-10-28 21:00:00,-3.5750
2025-10-28 22:00:00,-3.5780
2025-10-28 23:00:00,-3.5800
2025-10-29 00:00:00,-3.5830
2025-10-29 01:00:00,-3.5860
2025-10-29 02:00:00,-3.5870
2025-10-29 03:00:00,-3.5900
2025-10-29 04:00:00,-3.5920
2025-10-29 05:00:00,-3.5940
2025-10-29 06:00:00,-3.5970
2025-10-29 07:00:00,-3.5990
2025-10-29 08:00:00,-3.6010
2025-10-29 09:00:00,-3.6020
2025-10-29 10:00:00,-3.6050
2025-10-29 11:00:00,-3.6070
2025-10-29 12:00:00,-3.6090
2025-10-29 13:00:00,-3.6120
2025-10-29 14:00:00,-3.6120
2025-10-29 15:00:00,-3.6140
2025-10-29 16:00:00,-3.6150
2025-10-29 17:00:00,-3.6170
2025-10-29 18:00:00,-3.6180
2025-10-29 19:00:00,-3.6190
2025-10-29 20:00:00,-3.6210
2025-10-29 21:00:00,-3.6230
2025-10-29 22:00:00,-3.6230
2025-10-29 23:00:00,-3.6190
2025-10-30 00:00:00,-3.6120
2025-10-30 01:00:00,-3.6080
2025-10-30 02:00:00,-3.6030
2025-10-30 03:00:00,-3.5990
2025-10-30 04:00:00,-3.5960
2025-10-30 05:00:00,-3.5950
2025-10-30 06:00:00,-3.5940
2025-10-30 07:00:00,-3.5940
2025-10-30 08:00:00,-3.5950
2025-10-30 09:00:00,-3.5950
2025-10-30 10:00:00,-3.5960
2025-10-30 11:00:00,-3.5980
2025-10-30 12:00:00,-3.6010
2025-10-30 13:00:00,-3.6020
2025-10-30 14:00:00,-3.6050
2025-10-30 15:00:00,-3.6080
2025-10-30 16:00:00,-3.6090
2025-10-30 17:00:00,-3.6090
2025-10-30 18:00:00,-3.6110
2025-10-30 19:00:00,-3.6120
2025-10-30 20:00:00,-3.6140
2025-10-30 21:00:00,-3.6150
2025-10-30 22:00:00,-3.6160
2025-10-30 23:00:00,-3.6180
2025-10-31 00:00:00,-3.6200
2025-10-31 01:00:00,-3.6210
2025-10-31 02:00:00,-3.6230
2025-10-31 03:00:00,-3.6240
2025-10-31 04:00:00,-3.6260
2025-10-31 05:00:00,-3.6270
2025-10-31 06:00:00,-3.6280
2025-10-31 07:00:00,-3.6300
2025-10-31 08:00:00,-3.6320
2025-10-31 09:00:00,-3.6330
2025-10-31 10:00:00,-3.6350
2025-10-31 11:00:00,-3.6360
2025-10-31 12:00:00,-3.6380
2025-10-31 13:00:00,-3.6400
2025-10-31 14:00:00,-3.6410
2025-10-31 15:00:00,-3.6420
2025-10-31 16:00:00,-3.6440
2025-10-31 17:00:00,-3.6450
2025-10-31 18:00:00,-3.6460
2025-10-31 19:00:00,-3.6470
2025-10-31 20:00:00,-3.6480
2025-10-31 21:00:00,-3.6490
2025-10-31 22:00:00,-3.6500
2025-10-31 23:00:00,-3.6520
2025-11-01 00:00:00,-3.6530
2025-11-01 01:00:00,-3.6540
2025-11-01 02:00:00,-3.6540
2025-11-01 03:00:00,-3.6560
2025-11-01 04:00:00,-3.6570
2025-11-01 05:00:00,-3.6570
2025-11-01 06:00:00,-3.6590
2025-11-01 07:00:00,-3.6600
2025-11-01 08:00:00,-3.6600
2025-11-01 09:00:00,-3.6610
2025-11-01 10:00:00,-3.6590
2025-11-01 11:00:00,-3.6520
2025-11-01 12:00:00,-3.6470
2025-11-01 13:00:00,-3.6430
2025-11-01 14:00:00,-3.6400
2025-11-01 15:00:00,-3.6380
2025-11-01 16:00:00,-3.6370
2025-11-01 17:00:00,-3.6360
2025-11-01 18:00:00,-3.6360
2025-11-01 19:00:00,-3.6370
2025-11-01 20:00:00,-3.6370
2025-11-01 21:00:00,-3.6370
2025-11-01 22:00:00,-3.6370
2025-11-01 23:00:00,-3.6380
2025-11-02 00:00:00,-3.6390
2025-11-02 01:00:00,-3.6400
2025-11-02 02:00:00,-3.6410
2025-11-02 03:00:00,-3.6420
2025-11-02 04:00:00,-3.6430
2025-11-02 05:00:00,-3.6440
2025-11-02 06:00:00,-3.6440
2025-11-02 07:00:00,-3.6440
2025-11-02 08:00:00,-3.6450
2025-11-02 09:00:00,-3.6450
2025-11-02 10:00:00,-3.6460
2025-11-02 11:00:00,-3.6460
2025-11-02 12:00:00,-3.6470
2025-11-02 13:00:00,-3.6490
2025-11-02 14:00:00,-3.6500
2025-11-02 15:00:00,-3.6520
2025-11-02 16:00:00,-3.6520
2025-11-02 17:00:00,-3.6500
2025-11-02 18:00:00,-3.6450
2025-11-02 19:00:00,-3.6390
2025-11-02 20:00:00,-3.6340
2025-11-02 21:00:00,-3.6320
2025-11-02 22:00:00,-3.6300
2025-11-02 23:00:00,-3.6290
2025-11-03 00:00:00,-3.6290
2025-11-03 01:00:00,-3.6280
2025-11-03 02:00:00,-3.6280
2025-11-03 03:00:00,-3.6280
2025-11-03 04:00:00,-3.6290
2025-11-03 05:00:00,-3.6290
2025-11-03 06:00:00,-3.6290
2025-11-03 07:00:00,-3.6300
2025-11-03 08:00:00,-3.6310
2025-11-03 09:00:00,-3.6330
2025-11-03 10:00:00,-3.6340
2025-11-03 11:00:00,-3.6360
2025-11-03 12:00:00,-3.6380
2025-11-03 13:00:00,-3.6380
2025-11-03 14:00:00,-3.6390
2025-11-03 15:00:00,-3.6390
2025-11-03 16:00:00,-3.6410
2025-11-03 17:00:00,-3.6430
2025-11-03 18:00:00,-3.6460
2025-11-03 19:00:00,-3.6470
2025-11-03 20:00:00,-3.6480
2025-11-03 21:00:00,-3.6490
2025-11-03 22:00:00,-3.6490
2025-11-03 23:00:00,-3.6510
2025-11-04 00:00:00,-3.6520
2025-11-04 01:00:00,-3.6530
2025-11-04 02:00:00,-3.6550
2025-11-04 03:00:00,-3.6550
2025-11-04 04:00:00,-3.6570
2025-11-04 05:00:00,-3.6590
2025-11-04 06:00:00,-3.6590
2025-11-04 07:00:00,-3.6590
2025-11-04 08:00:00,-3.6600
2025-11-04 09:00:00,-3.6600
2025-11-04 10:00:00,-3.6620
2025-11-04 11:00:00,-3.6650
2025-11-04 12:00:00,-3.6660
2025-11-04 13:00:00,-3.6680
2025-11-04 14:00:00,-3.6690
2025-11-04 15:00:00,-3.6700
2025-11-04 16:00:00,-3.6710
2025-11-04 17:00:00,-3.6720
2025-11-04 18:00:00,-3.6730
2025-11-04 19:00:00,-3.6750
2025-11-04 20:00:00,-3.6770
2025-11-04 21:00:00,-3.6780
2025-11-04 22:00:00,-3.6790
2025-11-04 23:00:00,-3.6800
2025-11-05 00:00:00,-3.6810
2025-11-05 01:00:00,-3.6820
2025-11-05 02:00:00,-3.6830
2025-11-05 03:00:00,-3.6840
2025-11-05 04:00:00,-3.6850
2025-11-05 05:00:00,-3.6860
2025-11-05 06:00:00,-3.6860
2025-11-05 07:00:00,-3.6860
2025-11-05 08:00:00,-3.6870
2025-11-05 09:00:00,-3.6870
2025-11-05 10:00:00,-3.6880
2025-11-05 11:00:00,-3.6910
2025-11-05 12:00:00,-3.6920
2025-11-05 13:00:00,-3.6940
2025-11-05 14:00:00,-3.6950
2025-11-05 15:00:00,-3.6960
2025-11-05 16:00:00,-3.6970
2025-11-05 17:00:00,-3.6980
2025-11-05 18:00:00,-3.6980
2025-11-05 19:00:00,-3.6990
2025-11-05 20:00:00,-3.7000
2025-11-05 21:00:00,-3.7010
2025-11-05 22:00:00,-3.7020
2025-11-05 23:00:00,-3.7030
2025-11-06 00:00:00,-3.7030
2025-11-06 01:00:00,-3.7040
2025-11-06 02:00:00,-3.7050
2025-11-06 03:00:00,-3.7050
2025-11-06 04:00:00,-3.7060
2025-11-06 05:00:00,-3.7070
2025-11-06 06:00:00,-3.7080
2025-11-06 07:00:00,-3.7090
2025-11-06 08:00:00,-3.7090
2025-11-06 09:00:00,-3.7100
2025-11-06 10:00:00,-3.7090
2025-11-06 11:00:00,-3.7090
2025-11-06 12:00:00,-3.7090
2025-11-06 13:00:00,-3.7110
2025-11-06 14:00:00,-3.7130
2025-11-06 15:00:00,-3.7140
2025-11-06 16:00:00,-3.7140
2025-11-06 17:00:00,-3.7150
2025-11-06 18:00:00,-3.7160
2025-11-06 19:00:00,-3.7170
2025-11-06 20:00:00,-3.7180
2025-11-06 21:00:00,-3.7180
2025-11-06 22:00:00,-3.7190
2025-11-06 23:00:00,-3.7200
2025-11-07 00:00:00,-3.7210
2025-11-07 01:00:00,-3.7210
2025-11-07 02:00:00,-3.7220
2025-11-07 03:00:00,-3.7220
2025-11-07 04:00:00,-3.7230
2025-11-07 05:00:00,-3.7240
2025-11-07 06:00:00,-3.7250
2025-11-07 07:00:00,-3.7260
2025-11-07 08:00:00,-3.7270
2025-11-07 09:00:00,-3.7280
2025-11-07 10:00:00,-3.7280
2025-11-07 11:00:00,-3.7290
2025-11-07 12:00:00,-3.7300
2025-11-07 13:00:00,-3.7300
2025-11-07 14:00:00,-3.7310
2025-11-07 15:00:00,-3.7310
2025-11-07 16:00:00,-3.7310
2025-11-07 17:00:00,-3.7310
2025-11-07 18:00:00,-3.7310
2025-11-07 19:00:00,-3.7320
2025-11-07 20:00:00,-3.7320
2025-11-07 21:00:00,-3.7330
2025-11-07 22:00:00,-3.7330
2025-11-07 23:00:00,-3.7320
2025-11-08 00:00:00,-3.7310
2025-11-08 01:00:00,-3.7310
2025-11-08 02:00:00,-3.7310
2025-11-08 03:00:00,-3.7320
2025-11-08 04:00:00,-3.7330
2025-11-08 05:00:00,-3.7330
2025-11-08 06:00:00,-3.7340
2025-11-08 07:00:00,-3.7350
2025-11-08 08:00:00,-3.7360
2025-11-08 09:00:00,-3.7370
2025-11-08 10:00:00,-3.7370
2025-11-08 11:00:00,-3.7380
2025-11-08 12:00:00,-3.7390
2025-11-08 13:00:00,-3.7400
2025-11-08 14:00:00,-3.7400
2025-11-08 15:00:00,-3.7400
2025-11-08 16:00:00,-3.7400
2025-11-08 17:00:00,-3.7400
2025-11-08 18:00:00,-3.7410
2025-11-08 19:00:00,-3.7420
2025-11-08 20:00:00,-3.7420
2025-11-08 21:00:00,-3.7430
2025-11-08 22:00:00,-3.7430
2025-11-08 23:00:00,-3.7440
2025-11-09 00:00:00,-3.7440
2025-11-09 01:00:00,-3.7450
2025-11-09 02:00:00,-3.7450
2025-11-09 03:00:00,-3.7450
2025-11-09 04:00:00,-3.7460
2025-11-09 05:00:00,-3.7460
2025-11-09 06:00:00,-3.7460
2025-11-09 07:00:00,-3.7470
2025-11-09 08:00:00,-3.7470
2025-11-09 09:00:00,-3.7490
2025-11-09 10:00:00,-3.7490
2025-11-09 11:00:00,-3.7500
2025-11-09 12:00:00,-3.7510
2025-11-09 13:00:00,-3.7510
2025-11-09 14:00:00,-3.7510
2025-11-09 15:00:00,-3.7510
2025-11-09 16:00:00,-3.7510
2025-11-09 17:00:00,-3.7490
2025-11-09 18:00:00,-3.7490
2025-11-09 19:00:00,-3.7480
2025-11-09 20:00:00,-3.7490
2025-11-09 21:00:00,-3.7500
2025-11-09 22:00:00,-3.7500
2025-11-09 23:00:00,-3.7500
2025-11-10 00:00:00,-3.7500
2025-11-10 01:00:00,-3.7510
2025-11-10 02:00:00,-3.7520
2025-11-10 03:00:00,-3.7520
2025-11-10 04:00:00,-3.7510
2025-11-10 05:00:00,-3.7520
2025-11-10 06:00:00,-3.7520
2025-11-10 07:00:00,-3.7520
2025-11-10 08:00:00,-3.7520
2025-11-10 09:00:00,-3.7530
2025-11-10 10:00:00,-3.7530
2025-11-10 11:00:00,-3.7530
2025-11-10 12:00:00,-3.7530
2025-11-10 13:00:00,-3.7530
2025-11-10 14:00:00,-3.7540
2025-11-10 15:00:00,-3.7540
2025-11-10 16:00:00,-3.7540
2025-11-10 17:00:00,-3.7540
2025-11-10 18:00:00,-3.7530
2025-11-10 19:00:00,-3.7530
2025-11-10 20:00:00,-3.7540
2025-11-10 21:00:00,-3.7540
2025-11-10 22:00:00,-3.7530
2025-11-10 23:00:00,-3.7520
2025-11-11 00:00:00,-3.7500
2025-11-11 01:00:00,-3.7490
2025-11-11 02:00:00,-3.7470
2025-11-11 03:00:00,-3.7460
2025-11-11 04:00:00,-3.7450
2025-11-11 05:00:00,-3.7440
2025-11-11 06:00:00,-3.7430
2025-11-11 07:00:00,-3.7420
2025-11-11 08:00:00,-3.7410
2025-11-11 09:00:00,-3.7400
2025-11-11 10:00:00,-3.7400
2025-11-11 11:00:00,-3.7400
2025-11-11 12:00:00,-3.7390
2025-11-11 13:00:00,-3.7380
2025-11-11 14:00:00,-3.7370
2025-11-11 15:00:00,-3.7380
2025-11-11 16:00:00,-3.7390
2025-11-11 17:00:00,-3.7410
2025-11-11 18:00:00,-3.7400
2025-11-11 19:00:00,-3.7410
2025-11-11 20:00:00,-3.7400
2025-11-11 21:00:00,-3.7410
2025-11-11 22:00:00,-3.7420
2025-11-11 23:00:00,-3.7430
2025-11-12 00:00:00,-3.7440
2025-11-12 01:00:00,-3.7450
2025-11-12 02:00:00,-3.7460
2025-11-12 03:00:00,-3.7460
2025-11-12 04:00:00,-3.7480
2025-11-12 05:00:00,-3.7490
2025-11-12 06:00:00,-3.7500
2025-11-12 07:00:00,-3.7510
2025-11-12 08:00:00,-3.7510
2025-11-12 09:00:00,-3.7520
2025-11-12 10:00:00,-3.7530
2025-11-12 11:00:00,-3.7550
2025-11-12 12:00:00,-3.7550
2025-11-12 13:00:00,-3.7570
2025-11-12 14:00:00,-3.7580
2025-11-12 15:00:00,-3.7580
2025-11-12 16:00:00,-3.7590
2025-11-12 17:00:00,-3.7590
2025-11-12 18:00:00,-3.7590
2025-11-12 19:00:00,-3.7600
2025-11-12 20:00:00,-3.7610
2025-11-12 21:00:00,-3.7610
2025-11-12 22:00:00,-3.7620
2025-11-12 23:00:00,-3.7620
2025-11-13 00:00:00,-3.7620
2025-11-13 01:00:00,-3.7630
2025-11-13 02:00:00,-3.7630
2025-11-13 03:00:00,-3.7630
2025-11-13 04:00:00,-3.7640
2025-11-13 05:00:00,-3.7640
2025-11-13 06:00:00,-3.7660
2025-11-13 07:00:00,-3.7670
2025-11-13 08:00:00,-3.7680
2025-11-13 09:00:00,-3.7670
2025-11-13 10:00:00,-3.7670
2025-11-13 11:00:00,-3.7670
2025-11-13 12:00:00,-3.7700
2025-11-13 13:00:00,-3.7720
2025-11-13 14:00:00,-3.7730
2025-11-13 15:00:00,-3.7740
2025-11-13 16:00:00,-3.7740
2025-11-13 17:00:00,-3.7740
2025-11-13 18:00:00,-3.7730
2025-11-13 19:00:00,-3.7730
2025-11-13 20:00:00,-3.7730
2025-11-13 21:00:00,-3.7730
2025-11-13 22:00:00,-3.7730
2025-11-13 23:00:00,-3.7720
2025-11-14 00:00:00,-3.7670
2025-11-14 01:00:00,-3.7600
2025-11-14 02:00:00,-3.7480
2025-11-14 03:00:00,-3.7340
2025-11-14 04:00:00,-3.7190
2025-11-14 05:00:00,-3.7040
2025-11-14 06:00:00,-3.6890
2025-11-14 07:00:00,-3.6780
2025-11-14 08:00:00,-3.6690
2025-11-14 09:00:00,-3.6620
2025-11-14 10:00:00,-3.6560
2025-11-14 11:00:00,-3.6510
2025-11-14 12:00:00,-3.6460
2025-11-14 13:00:00,-3.6410
2025-11-14 14:00:00,-3.6360
2025-11-14 15:00:00,-3.6310
2025-11-14 16:00:00,-3.6240
2025-11-14 17:00:00,-3.6190
2025-11-14 18:00:00,-3.6120
2025-11-14 19:00:00,-3.6060
2025-11-14 20:00:00,-3.6010
2025-11-14 21:00:00,-3.5970
2025-11-14 22:00:00,-3.5950
2025-11-14 23:00:00,-3.5950
2025-11-15 00:00:00,-3.5970
2025-11-15 01:00:00,-3.5970
2025-11-15 02:00:00,-3.5980
2025-11-15 03:00:00,-3.6000
2025-11-15 04:00:00,-3.6010
2025-11-15 05:00:00,-3.6020
2025-11-15 06:00:00,-3.6030
2025-11-15 07:00:00,-3.6030
2025-11-15 08:00:00,-3.6040
2025-11-15 09:00:00,-3.6040
2025-11-15 10:00:00,-3.6050
2025-11-15 11:00:00,-3.6040
2025-11-15 12:00:00,-3.6010
2025-11-15 13:00:00,-3.6000
2025-11-15 14:00:00,-3.6000
2025-11-15 15:00:00,-3.6010
2025-11-15 16:00:00,-3.6010
2025-11-15 17:00:00,-3.6020
2025-11-15 18:00:00,-3.6030
2025-11-15 19:00:00,-3.6040
2025-11-15 20:00:00,-3.6040
2025-11-15 21:00:00,-3.6040
2025-11-15 22:00:00,-3.6060
2025-11-15 23:00:00,-3.6070
2025-11-16 00:00:00,-3.6080
2025-11-16 01:00:00,-3.6100
2025-11-16 02:00:00,-3.6110
2025-11-16 03:00:00,-3.6120
2025-11-16 04:00:00,-3.6130
2025-11-16 05:00:00,-3.6150
2025-11-16 06:00:00,-3.6160
2025-11-16 07:00:00,-3.6170
2025-11-16 08:00:00,-3.6190
2025-11-16 09:00:00,-3.6200
2025-11-16 10:00:00,-3.6220
2025-11-16 11:00:00,-3.6230
2025-11-16 12:00:00,-3.6250
2025-11-16 13:00:00,-3.6260
2025-11-16 14:00:00,-3.6270
2025-11-16 15:00:00,-3.6270
2025-11-16 16:00:00,-3.6280
2025-11-16 17:00:00,-3.6300
2025-11-16 18:00:00,-3.6330
2025-11-16 19:00:00,-3.6340
2025-11-16 20:00:00,-3.6360
2025-11-16 21:00:00,-3.6380
2025-11-16 22:00:00,-3.6400
2025-11-16 23:00:00,-3.6410
2025-11-17 00:00:00,-3.6430
2025-11-17 01:00:00,-3.6440
2025-11-17 02:00:00,-3.6450
2025-11-17 03:00:00,-3.6460
2025-11-17 04:00:00,-3.6460
2025-11-17 05:00:00,-3.6460
2025-11-17 06:00:00,-3.6470
2025-11-17 07:00:00,-3.6460
2025-11-17 08:00:00,-3.6450
2025-11-17 09:00:00,-3.6460
2025-11-17 10:00:00,-3.6470
2025-11-17 11:00:00,-3.6480