Timestamp,Grondwaterstand (m NAP)
2023-02-01 11:00:00,-3.0380
2023-02-01 12:00:00,-3.0396
2023-02-01 13:00:00,-3.0402
2023-02-01 14:00:00,-3.0406
2023-02-01 15:00:00,-3.0390
2023-02-01 16:00:00,-3.0394
2023-02-01 17:00:00,-3.0374
2023-02-01 18:00:00,-3.0328
2023-02-01 19:00:00,-3.0277
2023-02-01 20:00:00,-3.0252
2023-02-01 21:00:00,-3.0234
2023-02-01 22:00:00,-3.0206
2023-02-01 23:00:00,-3.0213
2023-02-02 00:00:00,-3.0204
2023-02-02 01:00:00,-3.0204
2023-02-02 02:00:00,-3.0215
2023-02-02 03:00:00,-3.0230
2023-02-02 04:00:00,-3.0215
2023-02-02 05:00:00,-3.0182
2023-02-02 06:00:00,-3.0190
2023-02-02 07:00:00,-3.0195
2023-02-02 08:00:00,-3.0186
2023-02-02 09:00:00,-3.0172
2023-02-02 10:00:00,-3.0166
2023-02-02 11:00:00,-3.0165
2023-02-02 12:00:00,-3.0150
2023-02-02 13:00:00,-3.0154
2023-02-02 14:00:00,-3.0157
2023-02-02 15:00:00,-3.0156
2023-02-02 16:00:00,-3.0155
2023-02-02 17:00:00,-3.0158
2023-02-02 18:00:00,-3.0165
2023-02-02 19:00:00,-3.0164
2023-02-02 20:00:00,-3.0171
2023-02-02 21:00:00,-3.0196
2023-02-02 22:00:00,-3.0193
2023-02-02 23:00:00,-3.0206
2023-02-03 00:00:00,-3.0216
2023-02-03 01:00:00,-3.0226
2023-02-03 02:00:00,-3.0217
2023-02-03 03:00:00,-3.0246
2023-02-03 04:00:00,-3.0240
2023-02-03 05:00:00,-3.0249
2023-02-03 06:00:00,-3.0263
2023-02-03 07:00:00,-3.0270
2023-02-03 08:00:00,-3.0285
2023-02-03 09:00:00,-3.0293
2023-02-03 10:00:00,-3.0264
2023-02-03 11:00:00,-3.0274
2023-02-03 12:00:00,-3.0270
2023-02-03 13:00:00,-3.0255
2023-02-03 14:00:00,-3.0245
2023-02-03 15:00:00,-3.0247
2023-02-03 16:00:00,-3.0269
2023-02-03 17:00:00,-3.0267
2023-02-03 18:00:00,-3.0275
2023-02-03 19:00:00,-3.0276
2023-02-03 20:00:00,-3.0273
2023-02-03 21:00:00,-3.0303
2023-02-03 22:00:00,-3.0307
2023-02-03 23:00:00,-3.0310
2023-02-04 00:00:00,-3.0311
2023-02-04 01:00:00,-3.0332
2023-02-04 02:00:00,-3.0332
2023-02-04 03:00:00,-3.0333
2023-02-04 04:00:00,-3.0339
2023-02-04 05:00:00,-3.0355
2023-02-04 06:00:00,-3.0344
2023-02-04 07:00:00,-3.0362
2023-02-04 08:00:00,-3.0363
2023-02-04 09:00:00,-3.0364
2023-02-04 10:00:00,-3.0363
2023-02-04 11:00:00,-3.0382
2023-02-04 12:00:00,-3.0384
2023-02-04 13:00:00,-3.0411
2023-02-04 14:00:00,-3.0408
2023-02-04 15:00:00,-3.0422
2023-02-04 16:00:00,-3.0417
2023-02-04 17:00:00,-3.0416
2023-02-04 18:00:00,-3.0430
2023-02-04 19:00:00,-3.0433
2023-02-04 20:00:00,-3.0430
2023-02-04 21:00:00,-3.0427
2023-02-04 22:00:00,-3.0430
2023-02-04 23:00:00,-3.0458
2023-02-05 00:00:00,-3.0459
2023-02-05 01:00:00,-3.0466
2023-02-05 02:00:00,-3.0474
2023-02-05 03:00:00,-3.0477
2023-02-05 04:00:00,-3.0494
2023-02-05 05:00:00,-3.0478
2023-02-05 06:00:00,-3.0451
2023-02-05 07:00:00,-3.0409
2023-02-05 08:00:00,-3.0420
2023-02-05 09:00:00,-3.0398
2023-02-05 10:00:00,-3.0427
2023-02-05 11:00:00,-3.0432
2023-02-05 12:00:00,-3.0420
2023-02-05 13:00:00,-3.0423
2023-02-05 14:00:00,-3.0424
2023-02-05 15:00:00,-3.0420
2023-02-05 16:00:00,-3.0416
2023-02-05 17:00:00,-3.0427
2023-02-05 18:00:00,-3.0427
2023-02-05 19:00:00,-3.0430
2023-02-05 20:00:00,-3.0455
2023-02-05 21:00:00,-3.0458
2023-02-05 22:00:00,-3.0470
2023-02-05 23:00:00,-3.0472
2023-02-06 00:00:00,-3.0463
2023-02-06 01:00:00,-3.0451
2023-02-06 02:00:00,-3.0458
2023-02-06 03:00:00,-3.0460
2023-02-06 04:00:00,-3.0489
2023-02-06 05:00:00,-3.0482
2023-02-06 06:00:00,-3.0464
2023-02-06 07:00:00,-3.0482
2023-02-06 08:00:00,-3.0495
2023-02-06 09:00:00,-3.0491
2023-02-06 10:00:00,-3.0498
2023-02-06 11:00:00,-3.0491
2023-02-06 12:00:00,-3.0482
2023-02-06 13:00:00,-3.0482
2023-02-06 14:00:00,-3.0488
2023-02-06 15:00:00,-3.0501
2023-02-06 16:00:00,-3.0501
2023-02-06 17:00:00,-3.0487
2023-02-06 18:00:00,-3.0512
2023-02-06 19:00:00,-3.0515
2023-02-06 20:00:00,-3.0518
2023-02-06 21:00:00,-3.0530
2023-02-06 22:00:00,-3.0540
2023-02-06 23:00:00,-3.0527
2023-02-07 00:00:00,-3.0546
2023-02-07 01:00:00,-3.0531
2023-02-07 02:00:00,-3.0547
2023-02-07 03:00:00,-3.0546
2023-02-07 04:00:00,-3.0551
2023-02-07 05:00:00,-3.0572
2023-02-07 06:00:00,-3.0563
2023-02-07 07:00:00,-3.0581
2023-02-07 08:00:00,-3.0594
2023-02-07 09:00:00,-3.0589
2023-02-07 10:00:00,-3.0603
2023-02-07 11:00:00,-3.0615
2023-02-07 12:00:00,-3.0609
2023-02-07 13:00:00,-3.0594
2023-02-07 14:00:00,-3.0591
2023-02-07 15:00:00,-3.0601
2023-02-07 16:00:00,-3.0603
2023-02-07 17:00:00,-3.0587
2023-02-07 18:00:00,-3.0578
2023-02-07 19:00:00,-3.0594
2023-02-07 20:00:00,-3.0584
2023-02-07 21:00:00,-3.0581
2023-02-07 22:00:00,-3.0592
2023-02-07 23:00:00,-3.0597
2023-02-08 00:00:00,-3.0585
2023-02-08 01:00:00,-3.0587
2023-02-08 02:00:00,-3.0603
2023-02-08 03:00:00,-3.0584
2023-02-08 04:00:00,-3.0588
2023-02-08 05:00:00,-3.0584
2023-02-08 06:00:00,-3.0581
2023-02-08 07:00:00,-3.0570
2023-02-08 08:00:00,-3.0567
2023-02-08 09:00:00,-3.0561
2023-02-08 10:00:00,-3.0574
2023-02-08 11:00:00,-3.0557
2023-02-08 12:00:00,-3.0537
2023-02-08 13:00:00,-3.0551
2023-02-08 14:00:00,-3.0526
2023-02-08 15:00:00,-3.0500
2023-02-08 16:00:00,-3.0493
2023-02-08 17:00:00,-3.0495
2023-02-08 18:00:00,-3.0471
2023-02-08 19:00:00,-3.0442
2023-02-08 20:00:00,-3.0421
2023-02-08 21:00:00,-3.0415
2023-02-08 22:00:00,-3.0414
2023-02-08 23:00:00,-3.0420
2023-02-09 00:00:00,-3.0424
2023-02-09 01:00:00,-3.0431
2023-02-09 02:00:00,-3.0428
2023-02-09 03:00:00,-3.0452
2023-02-09 04:00:00,-3.0449
2023-02-09 05:00:00,-3.0455
2023-02-09 06:00:00,-3.0482
2023-02-09 07:00:00,-3.0478
2023-02-09 08:00:00,-3.0496
2023-02-09 09:00:00,-3.0494
2023-02-09 10:00:00,-3.0509
2023-02-09 11:00:00,-3.0510
2023-02-09 12:00:00,-3.0517
2023-02-09 13:00:00,-3.0538
2023-02-09 14:00:00,-3.0540
2023-02-09 15:00:00,-3.0529
2023-02-09 16:00:00,-3.0522
2023-02-09 17:00:00,-3.0536
2023-02-09 18:00:00,-3.0542
2023-02-09 19:00:00,-3.0556
2023-02-09 20:00:00,-3.0561
2023-02-09 21:00:00,-3.0586
2023-02-09 22:00:00,-3.0590
2023-02-09 23:00:00,-3.0603
2023-02-10 00:00:00,-3.0628
2023-02-10 01:00:00,-3.0623
2023-02-10 02:00:00,-3.0650
2023-02-10 03:00:00,-3.0643
2023-02-10 04:00:00,-3.0656
2023-02-10 05:00:00,-3.0666
2023-02-10 06:00:00,-3.0676
2023-02-10 07:00:00,-3.0686
2023-02-10 08:00:00,-3.0682
2023-02-10 09:00:00,-3.0700
2023-02-10 10:00:00,-3.0728
2023-02-10 11:00:00,-3.0741
2023-02-10 12:00:00,-3.0740
2023-02-10 13:00:00,-3.0746
2023-02-10 14:00:00,-3.0713
2023-02-10 15:00:00,-3.0741
2023-02-10 16:00:00,-3.0733
2023-02-10 17:00:00,-3.0770
2023-02-10 18:00:00,-3.0767
2023-02-10 19:00:00,-3.0783
2023-02-10 20:00:00,-3.0768
2023-02-10 21:00:00,-3.0775
2023-02-10 22:00:00,-3.0745
2023-02-10 23:00:00,-3.0763
2023-02-11 00:00:00,-3.0778
2023-02-11 01:00:00,-3.0788
2023-02-11 02:00:00,-3.0763
2023-02-11 03:00:00,-3.0774
2023-02-11 04:00:00,-3.0776
2023-02-11 05:00:00,-3.0773
2023-02-11 06:00:00,-3.0789
2023-02-11 07:00:00,-3.0771
2023-02-11 08:00:00,-3.0800
2023-02-11 09:00:00,-3.0792
2023-02-11 10:00:00,-3.0790
2023-02-11 11:00:00,-3.0791
2023-02-11 12:00:00,-3.0784
2023-02-11 13:00:00,-3.0796
2023-02-11 14:00:00,-3.0807
2023-02-11 15:00:00,-3.0810
2023-02-11 16:00:00,-3.0802
2023-02-11 17:00:00,-3.0802
2023-02-11 18:00:00,-3.0817
2023-02-11 19:00:00,-3.0807
2023-02-11 20:00:00,-3.0796
2023-02-11 21:00:00,-3.0795
2023-02-11 22:00:00,-3.0789
2023-02-11 23:00:00,-3.0803
2023-02-12 00:00:00,-3.0807
2023-02-12 01:00:00,-3.0796
2023-02-12 02:00:00,-3.0790
2023-02-12 03:00:00,-3.0790
2023-02-12 04:00:00,-3.0791
2023-02-12 05:00:00,-3.0805
2023-02-12 06:00:00,-3.0795
2023-02-12 07:00:00,-3.0797
2023-02-12 08:00:00,-3.0797
2023-02-12 09:00:00,-3.0796
2023-02-12 10:00:00,-3.0791
2023-02-12 11:00:00,-3.0788
2023-02-12 12:00:00,-3.0791
2023-02-12 13:00:00,-3.0793
2023-02-12 14:00:00,-3.0781
2023-02-12 15:00:00,-3.0785
2023-02-12 16:00:00,-3.0790
2023-02-12 17:00:00,-3.0796
2023-02-12 18:00:00,-3.0794
2023-02-12 19:00:00,-3.0787
2023-02-12 20:00:00,-3.0790
2023-02-12 21:00:00,-3.0787
2023-02-12 22:00:00,-3.0790
2023-02-12 23:00:00,-3.0791
2023-02-13 00:00:00,-3.0784
2023-02-13 01:00:00,-3.0772
2023-02-13 02:00:00,-3.0784
2023-02-13 03:00:00,-3.0793
2023-02-13 04:00:00,-3.0794
2023-02-13 05:00:00,-3.0787
2023-02-13 06:00:00,-3.0789
2023-02-13 07:00:00,-3.0794
2023-02-13 08:00:00,-3.0793
2023-02-13 09:00:00,-3.0784
2023-02-13 10:00:00,-3.0778
2023-02-13 11:00:00,-3.0795
2023-02-13 12:00:00,-3.0798
2023-02-13 13:00:00,-3.0802
2023-02-13 14:00:00,-3.0799
2023-02-13 15:00:00,-3.0801
2023-02-13 16:00:00,-3.0808
2023-02-13 17:00:00,-3.0827
2023-02-13 18:00:00,-3.0828
2023-02-13 19:00:00,-3.0829
2023-02-13 20:00:00,-3.0818
2023-02-13 21:00:00,-3.0822
2023-02-13 22:00:00,-3.0819
2023-02-13 23:00:00,-3.0835
2023-02-14 00:00:00,-3.0846
2023-02-14 01:00:00,-3.0854
2023-02-14 02:00:00,-3.0839
2023-02-14 03:00:00,-3.0849
2023-02-14 04:00:00,-3.0856
2023-02-14 05:00:00,-3.0864
2023-02-14 06:00:00,-3.0868
2023-02-14 07:00:00,-3.0877
2023-02-14 08:00:00,-3.0889
2023-02-14 09:00:00,-3.0892
2023-02-14 10:00:00,-3.0901
2023-02-14 11:00:00,-3.0893
2023-02-14 12:00:00,-3.0891
2023-02-14 13:00:00,-3.0877
2023-02-14 14:00:00,-3.0890
2023-02-14 15:00:00,-3.0899
2023-02-14 16:00:00,-3.0896
2023-02-14 17:00:00,-3.0897
2023-02-14 18:00:00,-3.0903
2023-02-14 19:00:00,-3.0892
2023-02-14 20:00:00,-3.0901
2023-02-14 21:00:00,-3.0904
2023-02-14 22:00:00,-3.0898
2023-02-14 23:00:00,-3.0901
2023-02-15 00:00:00,-3.0908
2023-02-15 01:00:00,-3.0909
2023-02-15 02:00:00,-3.0921
2023-02-15 03:00:00,-3.0922
2023-02-15 04:00:00,-3.0912
2023-02-15 05:00:00,-3.0918
2023-02-15 06:00:00,-3.0939
2023-02-15 07:00:00,-3.0943
2023-02-15 08:00:00,-3.0962
2023-02-15 09:00:00,-3.0953
2023-02-15 10:00:00,-3.0959
2023-02-15 11:00:00,-3.0964
2023-02-15 12:00:00,-3.0942
2023-02-15 13:00:00,-3.0970
2023-02-15 14:00:00,-3.0971
2023-02-15 15:00:00,-3.0948
2023-02-15 16:00:00,-3.0948
2023-02-15 17:00:00,-3.0961
2023-02-15 18:00:00,-3.0959
2023-02-15 19:00:00,-3.0943
2023-02-15 20:00:00,-3.0963
2023-02-15 21:00:00,-3.0965
2023-02-15 22:00:00,-3.0976
2023-02-15 23:00:00,-3.0967
2023-02-16 00:00:00,-3.0965
2023-02-16 01:00:00,-3.0970
2023-02-16 02:00:00,-3.0971
2023-02-16 03:00:00,-3.0965
2023-02-16 04:00:00,-3.0978
2023-02-16 05:00:00,-3.0969
2023-02-16 06:00:00,-3.0968
2023-02-16 07:00:00,-3.0976
2023-02-16 08:00:00,-3.0971
2023-02-16 09:00:00,-3.0980
2023-02-16 10:00:00,-3.0971
2023-02-16 11:00:00,-3.0990
2023-02-16 12:00:00,-3.0971
2023-02-16 13:00:00,-3.0973
2023-02-16 14:00:00,-3.0995
2023-02-16 15:00:00,-3.1001
2023-02-16 16:00:00,-3.0995
2023-02-16 17:00:00,-3.0988
2023-02-16 18:00:00,-3.0987
2023-02-16 19:00:00,-3.0955
2023-02-16 20:00:00,-3.0915
2023-02-16 21:00:00,-3.0885
2023-02-16 22:00:00,-3.0859
2023-02-16 23:00:00,-3.0842
2023-02-17 00:00:00,-3.0817
2023-02-17 01:00:00,-3.0797
2023-02-17 02:00:00,-3.0777
2023-02-17 03:00:00,-3.0758
2023-02-17 04:00:00,-3.0767
2023-02-17 05:00:00,-3.0784
2023-02-17 06:00:00,-3.0774
2023-02-17 07:00:00,-3.0762
2023-02-17 08:00:00,-3.0763
2023-02-17 09:00:00,-3.0752
2023-02-17 10:00:00,-3.0719
2023-02-17 11:00:00,-3.0760
2023-02-17 12:00:00,-3.0724
2023-02-17 13:00:00,-3.0728
2023-02-17 14:00:00,-3.0752
2023-02-17 15:00:00,-3.0719
2023-02-17 16:00:00,-3.0719
2023-02-17 17:00:00,-3.0710
2023-02-17 18:00:00,-3.0687
2023-02-17 19:00:00,-3.0678
2023-02-17 20:00:00,-3.0707
2023-02-17 21:00:00,-3.0714
2023-02-17 22:00:00,-3.0728
2023-02-17 23:00:00,-3.0711
2023-02-18 00:00:00,-3.0712
2023-02-18 01:00:00,-3.0723
2023-02-18 02:00:00,-3.0709
2023-02-18 03:00:00,-3.0715
2023-02-18 04:00:00,-3.0719
2023-02-18 05:00:00,-3.0719
2023-02-18 06:00:00,-3.0716
2023-02-18 07:00:00,-3.0712
2023-02-18 08:00:00,-3.0718
2023-02-18 09:00:00,-3.0721
2023-02-18 10:00:00,-3.0705
2023-02-18 11:00:00,-3.0701
2023-02-18 12:00:00,-3.0716
2023-02-18 13:00:00,-3.0702
2023-02-18 14:00:00,-3.0707
2023-02-18 15:00:00,-3.0711
2023-02-18 16:00:00,-3.0714
2023-02-18 17:00:00,-3.0710
2023-02-18 18:00:00,-3.0723
2023-02-18 19:00:00,-3.0724
2023-02-18 20:00:00,-3.0731
2023-02-18 21:00:00,-3.0720
2023-02-18 22:00:00,-3.0718
2023-02-18 23:00:00,-3.0712
2023-02-19 00:00:00,-3.0721
2023-02-19 01:00:00,-3.0737
2023-02-19 02:00:00,-3.0728
2023-02-19 03:00:00,-3.0726
2023-02-19 04:00:00,-3.0721
2023-02-19 05:00:00,-3.0707
2023-02-19 06:00:00,-3.0685
2023-02-19 07:00:00,-3.0677
2023-02-19 08:00:00,-3.0664
2023-02-19 09:00:00,-3.0652
2023-02-19 10:00:00,-3.0617
2023-02-19 11:00:00,-3.0598
2023-02-19 12:00:00,-3.0586
2023-02-19 13:00:00,-3.0593
2023-02-19 14:00:00,-3.0636
2023-02-19 15:00:00,-3.0652
2023-02-19 16:00:00,-3.0668
2023-02-19 17:00:00,-3.0642
2023-02-19 18:00:00,-3.0664
2023-02-19 19:00:00,-3.0664
2023-02-19 20:00:00,-3.0702
2023-02-19 21:00:00,-3.0703
2023-02-19 22:00:00,-3.0698
2023-02-19 23:00:00,-3.0702
2023-02-20 00:00:00,-3.0706
2023-02-20 01:00:00,-3.0667
2023-02-20 02:00:00,-3.0689
2023-02-20 03:00:00,-3.0709
2023-02-20 04:00:00,-3.0686
2023-02-20 05:00:00,-3.0708
2023-02-20 06:00:00,-3.0701
2023-02-20 07:00:00,-3.0705
2023-02-20 08:00:00,-3.0701
2023-02-20 09:00:00,-3.0681
2023-02-20 10:00:00,-3.0679
2023-02-20 11:00:00,-3.0710
2023-02-20 12:00:00,-3.0703
2023-02-20 13:00:00,-3.0673
2023-02-20 14:00:00,-3.0722
2023-02-20 15:00:00,-3.0698
2023-02-20 16:00:00,-3.0691
2023-02-20 17:00:00,-3.0695
2023-02-20 18:00:00,-3.0708
2023-02-20 19:00:00,-3.0714
2023-02-20 20:00:00,-3.0705
2023-02-20 21:00:00,-3.0694
2023-02-20 22:00:00,-3.0690
2023-02-20 23:00:00,-3.0693
2023-02-21 00:00:00,-3.0685
2023-02-21 01:00:00,-3.0678
2023-02-21 02:00:00,-3.0679
2023-02-21 03:00:00,-3.0691
2023-02-21 04:00:00,-3.0685
2023-02-21 05:00:00,-3.0687
2023-02-21 06:00:00,-3.0676
2023-02-21 07:00:00,-3.0683
2023-02-21 08:00:00,-3.0687
2023-02-21 09:00:00,-3.0690
2023-02-21 10:00:00,-3.0681
2023-02-21 11:00:00,-3.0697
2023-02-21 12:00:00,-3.0697
2023-02-21 13:00:00,-3.0691
2023-02-21 14:00:00,-3.0700
2023-02-21 15:00:00,-3.0693
2023-02-21 16:00:00,-3.0690
2023-02-21 17:00:00,-3.0697
2023-02-21 18:00:00,-3.0700
2023-02-21 19:00:00,-3.0698
2023-02-21 20:00:00,-3.0695
2023-02-21 21:00:00,-3.0699
2023-02-21 22:00:00,-3.0693
2023-02-21 23:00:00,-3.0696
2023-02-22 00:00:00,-3.0700
2023-02-22 01:00:00,-3.0707
2023-02-22 02:00:00,-3.0708
2023-02-22 03:00:00,-3.0723
2023-02-22 04:00:00,-3.0725
2023-02-22 05:00:00,-3.0711
2023-02-22 06:00:00,-3.0699
2023-02-22 07:00:00,-3.0712
2023-02-22 08:00:00,-3.0707
2023-02-22 09:00:00,-3.0698
2023-02-22 10:00:00,-3.0696
2023-02-22 11:00:00,-3.0702
2023-02-22 12:00:00,-3.0717
2023-02-22 13:00:00,-3.0711
2023-02-22 14:00:00,-3.0730
2023-02-22 15:00:00,-3.0725
2023-02-22 16:00:00,-3.0738
2023-02-22 17:00:00,-3.0754
2023-02-22 18:00:00,-3.0748
2023-02-22 19:00:00,-3.0759
2023-02-22 20:00:00,-3.0770
2023-02-22 21:00:00,-3.0789
2023-02-22 22:00:00,-3.0798
2023-02-22 23:00:00,-3.0774
2023-02-23 00:00:00,-3.0795
2023-02-23 01:00:00,-3.0800
2023-02-23 02:00:00,-3.0803
2023-02-23 03:00:00,-3.0817
2023-02-23 04:00:00,-3.0812
2023-02-23 05:00:00,-3.0818
2023-02-23 06:00:00,-3.0824
2023-02-23 07:00:00,-3.0817
2023-02-23 08:00:00,-3.0841
2023-02-23 09:00:00,-3.0840
2023-02-23 10:00:00,-3.0856
2023-02-23 11:00:00,-3.0868
2023-02-23 12:00:00,-3.0857
2023-02-23 13:00:00,-3.0845
2023-02-23 14:00:00,-3.0848
2023-02-23 15:00:00,-3.0840
2023-02-23 16:00:00,-3.0833
2023-02-23 17:00:00,-3.0848
2023-02-23 18:00:00,-3.0856
2023-02-23 19:00:00,-3.0873
2023-02-23 20:00:00,-3.0870
2023-02-23 21:00:00,-3.0883
2023-02-23 22:00:00,-3.0875
2023-02-23 23:00:00,-3.0873
2023-02-24 00:00:00,-3.0874
2023-02-24 01:00:00,-3.0898
2023-02-24 02:00:00,-3.0887
2023-02-24 03:00:00,-3.0905
2023-02-24 04:00:00,-3.0897
2023-02-24 05:00:00,-3.0902
2023-02-24 06:00:00,-3.0902
2023-02-24 07:00:00,-3.0905
2023-02-24 08:00:00,-3.0911
2023-02-24 09:00:00,-3.0902
2023-02-24 10:00:00,-3.0901
2023-02-24 11:00:00,-3.0891
2023-02-24 12:00:00,-3.0868
2023-02-24 13:00:00,-3.0827
2023-02-24 14:00:00,-3.0801
2023-02-24 15:00:00,-3.0790
2023-02-24 16:00:00,-3.0795
2023-02-24 17:00:00,-3.0794
2023-02-24 18:00:00,-3.0775
2023-02-24 19:00:00,-3.0760
2023-02-24 20:00:00,-3.0755
2023-02-24 21:00:00,-3.0752
2023-02-24 22:00:00,-3.0732
2023-02-24 23:00:00,-3.0726
2023-02-25 00:00:00,-3.0721
2023-02-25 01:00:00,-3.0694
2023-02-25 02:00:00,-3.0710
2023-02-25 03:00:00,-3.0680
2023-02-25 04:00:00,-3.0680
2023-02-25 05:00:00,-3.0674
2023-02-25 06:00:00,-3.0658
2023-02-25 07:00:00,-3.0661
2023-02-25 08:00:00,-3.0652
2023-02-25 09:00:00,-3.0647
2023-02-25 10:00:00,-3.0625
2023-02-25 11:00:00,-3.0624
2023-02-25 12:00:00,-3.0601
2023-02-25 13:00:00,-3.0601
2023-02-25 14:00:00,-3.0611
2023-02-25 15:00:00,-3.0604
2023-02-25 16:00:00,-3.0611
2023-02-25 17:00:00,-3.0630
2023-02-25 18:00:00,-3.0642
2023-02-25 19:00:00,-3.0643
2023-02-25 20:00:00,-3.0662
2023-02-25 21:00:00,-3.0660
2023-02-25 22:00:00,-3.0672
2023-02-25 23:00:00,-3.0674
2023-02-26 00:00:00,-3.0674
2023-02-26 01:00:00,-3.0697
2023-02-26 02:00:00,-3.0670
2023-02-26 03:00:00,-3.0685
2023-02-26 04:00:00,-3.0700
2023-02-26 05:00:00,-3.0716
2023-02-26 06:00:00,-3.0723
2023-02-26 07:00:00,-3.0735
2023-02-26 08:00:00,-3.0741
2023-02-26 09:00:00,-3.0742
2023-02-26 10:00:00,-3.0779
2023-02-26 11:00:00,-3.0786
2023-02-26 12:00:00,-3.0795
2023-02-26 13:00:00,-3.0816
2023-02-26 14:00:00,-3.0830
2023-02-26 15:00:00,-3.0827
2023-02-26 16:00:00,-3.0828
2023-02-26 17:00:00,-3.0845
2023-02-26 18:00:00,-3.0867
2023-02-26 19:00:00,-3.0862
2023-02-26 20:00:00,-3.0886
2023-02-26 21:00:00,-3.0897
2023-02-26 22:00:00,-3.0904
2023-02-26 23:00:00,-3.0916
2023-02-27 00:00:00,-3.0917
2023-02-27 01:00:00,-3.0924
2023-02-27 02:00:00,-3.0924
2023-02-27 03:00:00,-3.0938
2023-02-27 04:00:00,-3.0950
2023-02-27 05:00:00,-3.0953
2023-02-27 06:00:00,-3.0953
2023-02-27 07:00:00,-3.0955
2023-02-27 08:00:00,-3.0972
2023-02-27 09:00:00,-3.0981
2023-02-27 10:00:00,-3.0977
2023-02-27 11:00:00,-3.0972
2023-02-27 12:00:00,-3.0968
2023-02-27 13:00:00,-3.0979
2023-02-27 14:00:00,-3.0982
2023-02-27 15:00:00,-3.0959
2023-02-27 16:00:00,-3.0948
2023-02-27 17:00:00,-3.0962
2023-02-27 18:00:00,-3.0957
2023-02-27 19:00:00,-3.0959
2023-02-27 20:00:00,-3.0968
2023-02-27 21:00:00,-3.0969
2023-02-27 22:00:00,-3.0971
2023-02-27 23:00:00,-3.0976
2023-02-28 00:00:00,-3.0983
2023-02-28 01:00:00,-3.0985
2023-02-28 02:00:00,-3.0981
2023-02-28 03:00:00,-3.0988
2023-02-28 04:00:00,-3.1011
2023-02-28 05:00:00,-3.1007
2023-02-28 06:00:00,-3.1020
2023-02-28 07:00:00,-3.1020
2023-02-28 08:00:00,-3.1037
2023-02-28 09:00:00,-3.1029
2023-02-28 10:00:00,-3.0997
2023-02-28 11:00:00,-3.0967
2023-02-28 12:00:00,-3.0947
2023-02-28 13:00:00,-3.0933
2023-02-28 14:00:00,-3.0920
2023-02-28 15:00:00,-3.0901
2023-02-28 16:00:00,-3.0898
2023-02-28 17:00:00,-3.0901
2023-02-28 18:00:00,-3.0928
2023-02-28 19:00:00,-3.0929
2023-02-28 20:00:00,-3.0940
2023-02-28 21:00:00,-3.0957
2023-02-28 22:00:00,-3.0964
2023-02-28 23:00:00,-3.0958
2023-03-01 00:00:00,-3.0966
2023-03-01 01:00:00,-3.0963
2023-03-01 02:00:00,-3.0970
2023-03-01 03:00:00,-3.0965
2023-03-01 04:00:00,-3.0969
2023-03-01 05:00:00,-3.0980
2023-03-01 06:00:00,-3.0989
2023-03-01 07:00:00,-3.0986
2023-03-01 08:00:00,-3.0993
2023-03-01 09:00:00,-3.0972
2023-03-01 10:00:00,-3.0980
2023-03-01 11:00:00,-3.0983
2023-03-01 12:00:00,-3.0975
2023-03-01 13:00:00,-3.0972
2023-03-01 14:00:00,-3.0965
2023-03-01 15:00:00,-3.0956
2023-03-01 16:00:00,-3.0948
2023-03-01 17:00:00,-3.0942
2023-03-01 18:00:00,-3.0952
2023-03-01 19:00:00,-3.0963
2023-03-01 20:00:00,-3.0968
2023-03-01 21:00:00,-3.0963
2023-03-01 22:00:00,-3.0982
2023-03-01 23:00:00,-3.0964
2023-03-02 00:00:00,-3.0968
2023-03-02 01:00:00,-3.0958
2023-03-02 02:00:00,-3.0952
2023-03-02 03:00:00,-3.0955
2023-03-02 04:00:00,-3.0965
2023-03-02 05:00:00,-3.0954
2023-03-02 06:00:00,-3.0940
2023-03-02 07:00:00,-3.0954
2023-03-02 08:00:00,-3.0958
2023-03-02 09:00:00,-3.0958
2023-03-02 10:00:00,-3.0953
2023-03-02 11:00:00,-3.0942
2023-03-02 12:00:00,-3.0934
2023-03-02 13:00:00,-3.0920
2023-03-02 14:00:00,-3.0939
2023-03-02 15:00:00,-3.0936
2023-03-02 16:00:00,-3.0941
2023-03-02 17:00:00,-3.0942
2023-03-02 18:00:00,-3.0942
2023-03-02 19:00:00,-3.0932
2023-03-02 20:00:00,-3.0941
2023-03-02 21:00:00,-3.0947
2023-03-02 22:00:00,-3.0955
2023-03-02 23:00:00,-3.0952
2023-03-03 00:00:00,-3.0954
2023-03-03 01:00:00,-3.0957
2023-03-03 02:00:00,-3.0947
2023-03-03 03:00:00,-3.0944
2023-03-03 04:00:00,-3.0960
2023-03-03 05:00:00,-3.0962
2023-03-03 06:00:00,-3.0977
2023-03-03 07:00:00,-3.0987
2023-03-03 08:00:00,-3.0985
2023-03-03 09:00:00,-3.0997
2023-03-03 10:00:00,-3.1002
2023-03-03 11:00:00,-3.1010
2023-03-03 12:00:00,-3.1009
2023-03-03 13:00:00,-3.1006
2023-03-03 14:00:00,-3.1002
2023-03-03 15:00:00,-3.1005
2023-03-03 16:00:00,-3.1010
2023-03-03 17:00:00,-3.1024
2023-03-03 18:00:00,-3.1014
2023-03-03 19:00:00,-3.1027
2023-03-03 20:00:00,-3.1026
2023-03-03 21:00:00,-3.1029
2023-03-03 22:00:00,-3.1027
2023-03-03 23:00:00,-3.1029
2023-03-04 00:00:00,-3.1021
2023-03-04 01:00:00,-3.1028
2023-03-04 02:00:00,-3.1036
2023-03-04 03:00:00,-3.1024
2023-03-04 04:00:00,-3.1023
2023-03-04 05:00:00,-3.1019
2023-03-04 06:00:00,-3.1012
2023-03-04 07:00:00,-3.1009
2023-03-04 08:00:00,-3.1006
2023-03-04 09:00:00,-3.1000
2023-03-04 10:00:00,-3.1001
2023-03-04 11:00:00,-3.0996
2023-03-04 12:00:00,-3.0982
2023-03-04 13:00:00,-3.0964
2023-03-04 14:00:00,-3.0947
2023-03-04 15:00:00,-3.0947
2023-03-04 16:00:00,-3.0939
2023-03-04 17:00:00,-3.0931
2023-03-04 18:00:00,-3.0931
2023-03-04 19:00:00,-3.0926
2023-03-04 20:00:00,-3.0907
2023-03-04 21:00:00,-3.0911
2023-03-04 22:00:00,-3.0912
2023-03-04 23:00:00,-3.0914
2023-03-05 00:00:00,-3.0922
2023-03-05 01:00:00,-3.0908
2023-03-05 02:00:00,-3.0908
2023-03-05 03:00:00,-3.0896
2023-03-05 04:00:00,-3.0897
2023-03-05 05:00:00,-3.0897
2023-03-05 06:00:00,-3.0884
2023-03-05 07:00:00,-3.0864
2023-03-05 08:00:00,-3.0853
2023-03-05 09:00:00,-3.0857
2023-03-05 10:00:00,-3.0861
2023-03-05 11:00:00,-3.0865
2023-03-05 12:00:00,-3.0857
2023-03-05 13:00:00,-3.0850
2023-03-05 14:00:00,-3.0843
2023-03-05 15:00:00,-3.0846
2023-03-05 16:00:00,-3.0816
2023-03-05 17:00:00,-3.0819
2023-03-05 18:00:00,-3.0812
2023-03-05 19:00:00,-3.0809
2023-03-05 20:00:00,-3.0797
2023-03-05 21:00:00,-3.0800
2023-03-05 22:00:00,-3.0796
2023-03-05 23:00:00,-3.0793
2023-03-06 00:00:00,-3.0802
2023-03-06 01:00:00,-3.0813
2023-03-06 02:00:00,-3.0821
2023-03-06 03:00:00,-3.0810
2023-03-06 04:00:00,-3.0812
2023-03-06 05:00:00,-3.0810
2023-03-06 06:00:00,-3.0765
2023-03-06 07:00:00,-3.0764
2023-03-06 08:00:00,-3.0756
2023-03-06 09:00:00,-3.0746
2023-03-06 10:00:00,-3.0747
2023-03-06 11:00:00,-3.0748
2023-03-06 12:00:00,-3.0754
2023-03-06 13:00:00,-3.0765
2023-03-06 14:00:00,-3.0756
2023-03-06 15:00:00,-3.0766
2023-03-06 16:00:00,-3.0761
2023-03-06 17:00:00,-3.0763
2023-03-06 18:00:00,-3.0790
2023-03-06 19:00:00,-3.0802
2023-03-06 20:00:00,-3.0774
2023-03-06 21:00:00,-3.0758
2023-03-06 22:00:00,-3.0739
2023-03-06 23:00:00,-3.0695
2023-03-07 00:00:00,-3.0652
2023-03-07 01:00:00,-3.0633
2023-03-07 02:00:00,-3.0617
2023-03-07 03:00:00,-3.0616
2023-03-07 04:00:00,-3.0590
2023-03-07 05:00:00,-3.0573
2023-03-07 06:00:00,-3.0570
2023-03-07 07:00:00,-3.0542
2023-03-07 08:00:00,-3.0541
2023-03-07 09:00:00,-3.0533
2023-03-07 10:00:00,-3.0523
2023-03-07 11:00:00,-3.0508
2023-03-07 12:00:00,-3.0482
2023-03-07 13:00:00,-3.0467
2023-03-07 14:00:00,-3.0462
2023-03-07 15:00:00,-3.0442
2023-03-07 16:00:00,-3.0399
2023-03-07 17:00:00,-3.0351
2023-03-07 18:00:00,-3.0322
2023-03-07 19:00:00,-3.0340
2023-03-07 20:00:00,-3.0321
2023-03-07 21:00:00,-3.0296
2023-03-07 22:00:00,-3.0291
2023-03-07 23:00:00,-3.0272
2023-03-08 00:00:00,-3.0247
2023-03-08 01:00:00,-3.0234
2023-03-08 02:00:00,-3.0212
2023-03-08 03:00:00,-3.0184
2023-03-08 04:00:00,-3.0191
2023-03-08 05:00:00,-3.0151
2023-03-08 06:00:00,-3.0139
2023-03-08 07:00:00,-3.0119
2023-03-08 08:00:00,-3.0105
2023-03-08 09:00:00,-3.0065
2023-03-08 10:00:00,-3.0073
2023-03-08 11:00:00,-3.0066
2023-03-08 12:00:00,-3.0057
2023-03-08 13:00:00,-3.0008
2023-03-08 14:00:00,-2.9995
2023-03-08 15:00:00,-2.9937
2023-03-08 16:00:00,-2.9878
2023-03-08 17:00:00,-2.9832
2023-03-08 18:00:00,-2.9783
2023-03-08 19:00:00,-2.9766
2023-03-08 20:00:00,-2.9728
2023-03-08 21:00:00,-2.9716
2023-03-08 22:00:00,-2.9667
2023-03-08 23:00:00,-2.9651
2023-03-09 00:00:00,-2.9637
2023-03-09 01:00:00,-2.9619
2023-03-09 02:00:00,-2.9642
2023-03-09 03:00:00,-2.9633
2023-03-09 04:00:00,-2.9638
2023-03-09 05:00:00,-2.9664
2023-03-09 06:00:00,-2.9652
2023-03-09 07:00:00,-2.9662
2023-03-09 08:00:00,-2.9673
2023-03-09 09:00:00,-2.9685
2023-03-09 10:00:00,-2.9685
2023-03-09 11:00:00,-2.9708
2023-03-09 12:00:00,-2.9710
2023-03-09 13:00:00,-2.9699
2023-03-09 14:00:00,-2.9710
2023-03-09 15:00:00,-2.9704
2023-03-09 16:00:00,-2.9703
2023-03-09 17:00:00,-2.9693
2023-03-09 18:00:00,-2.9660
2023-03-09 19:00:00,-2.9605
2023-03-09 20:00:00,-2.9572
2023-03-09 21:00:00,-2.9509
2023-03-09 22:00:00,-2.9439
2023-03-09 23:00:00,-2.9295
2023-03-10 00:00:00,-2.9210
2023-03-10 01:00:00,-2.9094
2023-03-10 02:00:00,-2.8963
2023-03-10 03:00:00,-2.8850
2023-03-10 04:00:00,-2.8747
2023-03-10 05:00:00,-2.8629
2023-03-10 06:00:00,-2.8515
2023-03-10 07:00:00,-2.8340
2023-03-10 08:00:00,-2.8214
2023-03-10 09:00:00,-2.8074
2023-03-10 10:00:00,-2.7966
2023-03-10 11:00:00,-2.7884
2023-03-10 12:00:00,-2.7779
2023-03-10 13:00:00,-2.7643
2023-03-10 14:00:00,-2.7508
2023-03-10 15:00:00,-2.7356
2023-03-10 16:00:00,-2.7219
2023-03-10 17:00:00,-2.7214
2023-03-10 18:00:00,-2.7207
2023-03-10 19:00:00,-2.7219
2023-03-10 20:00:00,-2.7184
2023-03-10 21:00:00,-2.7194
2023-03-10 22:00:00,-2.7243
2023-03-10 23:00:00,-2.7303
2023-03-11 00:00:00,-2.7354
2023-03-11 01:00:00,-2.7415
2023-03-11 02:00:00,-2.7464
2023-03-11 03:00:00,-2.7507
2023-03-11 04:00:00,-2.7557
2023-03-11 05:00:00,-2.7624
2023-03-11 06:00:00,-2.7674
2023-03-11 07:00:00,-2.7730
2023-03-11 08:00:00,-2.7783
2023-03-11 09:00:00,-2.7837
2023-03-11 10:00:00,-2.7892
2023-03-11 11:00:00,-2.7936
2023-03-11 12:00:00,-2.7992
2023-03-11 13:00:00,-2.8002
2023-03-11 14:00:00,-2.8061
2023-03-11 15:00:00,-2.8079
2023-03-11 16:00:00,-2.8074
2023-03-11 17:00:00,-2.8100
2023-03-11 18:00:00,-2.8106
2023-03-11 19:00:00,-2.8140
2023-03-11 20:00:00,-2.8156
2023-03-11 21:00:00,-2.8197
2023-03-11 22:00:00,-2.8204
2023-03-11 23:00:00,-2.8234
2023-03-12 00:00:00,-2.8262
2023-03-12 01:00:00,-2.8282
2023-03-12 02:00:00,-2.8298
2023-03-12 03:00:00,-2.8326
2023-03-12 04:00:00,-2.8359
2023-03-12 05:00:00,-2.8382
2023-03-12 06:00:00,-2.8395
2023-03-12 07:00:00,-2.8433
2023-03-12 08:00:00,-2.8439
2023-03-12 09:00:00,-2.8462
2023-03-12 10:00:00,-2.8512
2023-03-12 11:00:00,-2.8524
2023-03-12 12:00:00,-2.8551
2023-03-12 13:00:00,-2.8554
2023-03-12 14:00:00,-2.8603
2023-03-12 15:00:00,-2.8617
2023-03-12 16:00:00,-2.8607
2023-03-12 17:00:00,-2.8652
2023-03-12 18:00:00,-2.8679
2023-03-12 19:00:00,-2.8692
2023-03-12 20:00:00,-2.8691
2023-03-12 21:00:00,-2.8714
2023-03-12 22:00:00,-2.8734
2023-03-12 23:00:00,-2.8739
2023-03-13 00:00:00,-2.8738
2023-03-13 01:00:00,-2.8756
2023-03-13 02:00:00,-2.8770
2023-03-13 03:00:00,-2.8797
2023-03-13 04:00:00,-2.8798
2023-03-13 05:00:00,-2.8773
2023-03-13 06:00:00,-2.8755
2023-03-13 07:00:00,-2.8764
2023-03-13 08:00:00,-2.8782
2023-03-13 09:00:00,-2.8752
2023-03-13 10:00:00,-2.8789
2023-03-13 11:00:00,-2.8785
2023-03-13 12:00:00,-2.8800
2023-03-13 13:00:00,-2.8769
2023-03-13 14:00:00,-2.8809
2023-03-13 15:00:00,-2.8812
2023-03-13 16:00:00,-2.8822
2023-03-13 17:00:00,-2.8840
2023-03-13 18:00:00,-2.8850
2023-03-13 19:00:00,-2.8842
2023-03-13 20:00:00,-2.8837
2023-03-13 21:00:00,-2.8864
2023-03-13 22:00:00,-2.8878
2023-03-13 23:00:00,-2.8895
2023-03-14 00:00:00,-2.8931
2023-03-14 01:00:00,-2.8963
2023-03-14 02:00:00,-2.8954
2023-03-14 03:00:00,-2.8963
2023-03-14 04:00:00,-2.8981
2023-03-14 05:00:00,-2.9001
2023-03-14 06:00:00,-2.8994
2023-03-14 07:00:00,-2.8980
2023-03-14 08:00:00,-2.8878
2023-03-14 09:00:00,-2.8792
2023-03-14 10:00:00,-2.8794
2023-03-14 11:00:00,-2.8767
2023-03-14 12:00:00,-2.8770
2023-03-14 13:00:00,-2.8762
2023-03-14 14:00:00,-2.8765
2023-03-14 15:00:00,-2.8779
2023-03-14 16:00:00,-2.8787
2023-03-14 17:00:00,-2.8802
2023-03-14 18:00:00,-2.8800
2023-03-14 19:00:00,-2.8812
2023-03-14 20:00:00,-2.8821
2023-03-14 21:00:00,-2.8815
2023-03-14 22:00:00,-2.8819
2023-03-14 23:00:00,-2.8806
2023-03-15 00:00:00,-2.8831
2023-03-15 01:00:00,-2.8834
2023-03-15 02:00:00,-2.8826
2023-03-15 03:00:00,-2.8814
2023-03-15 04:00:00,-2.8828
2023-03-15 05:00:00,-2.8832
2023-03-15 06:00:00,-2.8849
2023-03-15 07:00:00,-2.8879
2023-03-15 08:00:00,-2.8874
2023-03-15 09:00:00,-2.8928
2023-03-15 10:00:00,-2.8942
2023-03-15 11:00:00,-2.8975
2023-03-15 12:00:00,-2.8973
2023-03-15 13:00:00,-2.8971
2023-03-15 14:00:00,-2.8997
2023-03-15 15:00:00,-2.9030
2023-03-15 16:00:00,-2.9045
2023-03-15 17:00:00,-2.9057
2023-03-15 18:00:00,-2.9062
2023-03-15 19:00:00,-2.9084
2023-03-15 20:00:00,-2.9079
2023-03-15 21:00:00,-2.9099
2023-03-15 22:00:00,-2.9109
2023-03-15 23:00:00,-2.9135
2023-03-16 00:00:00,-2.9150
2023-03-16 01:00:00,-2.9153
2023-03-16 02:00:00,-2.9165
2023-03-16 03:00:00,-2.9168
2023-03-16 04:00:00,-2.9197
2023-03-16 05:00:00,-2.9206
2023-03-16 06:00:00,-2.9217
2023-03-16 07:00:00,-2.9221
2023-03-16 08:00:00,-2.9238
2023-03-16 09:00:00,-2.9252
2023-03-16 10:00:00,-2.9247
2023-03-16 11:00:00,-2.9262
2023-03-16 12:00:00,-2.9261
2023-03-16 13:00:00,-2.9258
2023-03-16 14:00:00,-2.9268
2023-03-16 15:00:00,-2.9275
2023-03-16 16:00:00,-2.9294
2023-03-16 17:00:00,-2.9311
2023-03-16 18:00:00,-2.9320
2023-03-16 19:00:00,-2.9321
2023-03-16 20:00:00,-2.9342
2023-03-16 21:00:00,-2.9341
2023-03-16 22:00:00,-2.9351
2023-03-16 23:00:00,-2.9372
2023-03-17 00:00:00,-2.9380
2023-03-17 01:00:00,-2.9380
2023-03-17 02:00:00,-2.9399
2023-03-17 03:00:00,-2.9388
2023-03-17 04:00:00,-2.9407
2023-03-17 05:00:00,-2.9422
2023-03-17 06:00:00,-2.9429
2023-03-17 07:00:00,-2.9427
2023-03-17 08:00:00,-2.9440
2023-03-17 09:00:00,-2.9432
2023-03-17 10:00:00,-2.9450
2023-03-17 11:00:00,-2.9485
2023-03-17 12:00:00,-2.9473
2023-03-17 13:00:00,-2.9461
2023-03-17 14:00:00,-2.9503
2023-03-17 15:00:00,-2.9510
2023-03-17 16:00:00,-2.9502
2023-03-17 17:00:00,-2.9519
2023-03-17 18:00:00,-2.9522
2023-03-17 19:00:00,-2.9517
2023-03-17 20:00:00,-2.9535
2023-03-17 21:00:00,-2.9538
2023-03-17 22:00:00,-2.9574
2023-03-17 23:00:00,-2.9588
2023-03-18 00:00:00,-2.9603
2023-03-18 01:00:00,-2.9603
2023-03-18 02:00:00,-2.9620
2023-03-18 03:00:00,-2.9623
2023-03-18 04:00:00,-2.9637
2023-03-18 05:00:00,-2.9639
2023-03-18 06:00:00,-2.9653
2023-03-18 07:00:00,-2.9654
2023-03-18 08:00:00,-2.9679
2023-03-18 09:00:00,-2.9665
2023-03-18 10:00:00,-2.9663
2023-03-18 11:00:00,-2.9679
2023-03-18 12:00:00,-2.9686
2023-03-18 13:00:00,-2.9690
2023-03-18 14:00:00,-2.9708
2023-03-18 15:00:00,-2.9715
2023-03-18 16:00:00,-2.9721
2023-03-18 17:00:00,-2.9732
2023-03-18 18:00:00,-2.9739
2023-03-18 19:00:00,-2.9735
2023-03-18 20:00:00,-2.9765
2023-03-18 21:00:00,-2.9789
2023-03-18 22:00:00,-2.9806
2023-03-18 23:00:00,-2.9801
2023-03-19 00:00:00,-2.9826
2023-03-19 01:00:00,-2.9830
2023-03-19 02:00:00,-2.9826
2023-03-19 03:00:00,-2.9842
2023-03-19 04:00:00,-2.9845
2023-03-19 05:00:00,-2.9860
2023-03-19 06:00:00,-2.9869
2023-03-19 07:00:00,-2.9875
2023-03-19 08:00:00,-2.9882
2023-03-19 09:00:00,-2.9877
2023-03-19 10:00:00,-2.9887
2023-03-19 11:00:00,-2.9905
2023-03-19 12:00:00,-2.9917
2023-03-19 13:00:00,-2.9928
2023-03-19 14:00:00,-2.9951
2023-03-19 15:00:00,-2.9941
2023-03-19 16:00:00,-2.9943
2023-03-19 17:00:00,-2.9954
2023-03-19 18:00:00,-2.9971
2023-03-19 19:00:00,-2.9982
2023-03-19 20:00:00,-2.9998
2023-03-19 21:00:00,-3.0026
2023-03-19 22:00:00,-3.0027
2023-03-19 23:00:00,-3.0036
2023-03-20 00:00:00,-3.0030
2023-03-20 01:00:00,-3.0065
2023-03-20 02:00:00,-3.0064
2023-03-20 03:00:00,-3.0048
2023-03-20 04:00:00,-3.0081
2023-03-20 05:00:00,-3.0088
2023-03-20 06:00:00,-3.0067
2023-03-20 07:00:00,-3.0094
2023-03-20 08:00:00,-3.0102
2023-03-20 09:00:00,-3.0113
2023-03-20 10:00:00,-3.0125
2023-03-20 11:00:00,-3.0140
2023-03-20 12:00:00,-3.0146
2023-03-20 13:00:00,-3.0150
2023-03-20 14:00:00,-3.0128
2023-03-20 15:00:00,-3.0110
2023-03-20 16:00:00,-3.0061
2023-03-20 17:00:00,-3.0015
2023-03-20 18:00:00,-2.9980
2023-03-20 19:00:00,-2.9959
2023-03-20 20:00:00,-2.9921
2023-03-20 21:00:00,-2.9893
2023-03-20 22:00:00,-2.9877
2023-03-20 23:00:00,-2.9860
2023-03-21 00:00:00,-2.9846
2023-03-21 01:00:00,-2.9838
2023-03-21 02:00:00,-2.9828
2023-03-21 03:00:00,-2.9814
2023-03-21 04:00:00,-2.9777
2023-03-21 05:00:00,-2.9743
2023-03-21 06:00:00,-2.9722
2023-03-21 07:00:00,-2.9670
2023-03-21 08:00:00,-2.9614
2023-03-21 09:00:00,-2.9581
2023-03-21 10:00:00,-2.9563
2023-03-21 11:00:00,-2.9514
2023-03-21 12:00:00,-2.9480
2023-03-21 13:00:00,-2.9467
2023-03-21 14:00:00,-2.9454
2023-03-21 15:00:00,-2.9430
2023-03-21 16:00:00,-2.9423
2023-03-21 17:00:00,-2.9410
2023-03-21 18:00:00,-2.9418
2023-03-21 19:00:00,-2.9424
2023-03-21 20:00:00,-2.9432
2023-03-21 21:00:00,-2.9430
2023-03-21 22:00:00,-2.9429
2023-03-21 23:00:00,-2.9429
2023-03-22 00:00:00,-2.9445
2023-03-22 01:00:00,-2.9456
2023-03-22 02:00:00,-2.9472
2023-03-22 03:00:00,-2.9463
2023-03-22 04:00:00,-2.9478
2023-03-22 05:00:00,-2.9492
2023-03-22 06:00:00,-2.9487
2023-03-22 07:00:00,-2.9506
2023-03-22 08:00:00,-2.9518
2023-03-22 09:00:00,-2.9545
2023-03-22 10:00:00,-2.9556
2023-03-22 11:00:00,-2.9576
2023-03-22 12:00:00,-2.9571
2023-03-22 13:00:00,-2.9552
2023-03-22 14:00:00,-2.9573
2023-03-22 15:00:00,-2.9567
2023-03-22 16:00:00,-2.9604
2023-03-22 17:00:00,-2.9587
2023-03-22 18:00:00,-2.9619
2023-03-22 19:00:00,-2.9598
2023-03-22 20:00:00,-2.9616
2023-03-22 21:00:00,-2.9614
2023-03-22 22:00:00,-2.9474
2023-03-22 23:00:00,-2.8787
2023-03-23 00:00:00,-2.7534
2023-03-23 01:00:00,-2.6922
2023-03-23 02:00:00,-2.6645
2023-03-23 03:00:00,-2.6553
2023-03-23 04:00:00,-2.6560
2023-03-23 05:00:00,-2.6586
2023-03-23 06:00:00,-2.6634
2023-03-23 07:00:00,-2.6701
2023-03-23 08:00:00,-2.6753
2023-03-23 09:00:00,-2.6828
2023-03-23 10:00:00,-2.6887
2023-03-23 11:00:00,-2.6954
2023-03-23 12:00:00,-2.7005
2023-03-23 13:00:00,-2.7069
2023-03-23 14:00:00,-2.7102
2023-03-23 15:00:00,-2.7156
2023-03-23 16:00:00,-2.7210
2023-03-23 17:00:00,-2.7247
2023-03-23 18:00:00,-2.7267
2023-03-23 19:00:00,-2.7316
2023-03-23 20:00:00,-2.7354
2023-03-23 21:00:00,-2.7370
2023-03-23 22:00:00,-2.7355
2023-03-23 23:00:00,-2.7287
2023-03-24 00:00:00,-2.7217
2023-03-24 01:00:00,-2.7153
2023-03-24 02:00:00,-2.7068
2023-03-24 03:00:00,-2.7003
2023-03-24 04:00:00,-2.6893
2023-03-24 05:00:00,-2.6869
2023-03-24 06:00:00,-2.6877
2023-03-24 07:00:00,-2.6895
2023-03-24 08:00:00,-2.6921
2023-03-24 09:00:00,-2.6964
2023-03-24 10:00:00,-2.6990
2023-03-24 11:00:00,-2.7023
2023-03-24 12:00:00,-2.7058
2023-03-24 13:00:00,-2.7085
2023-03-24 14:00:00,-2.7112
2023-03-24 15:00:00,-2.7143
2023-03-24 16:00:00,-2.7171
2023-03-24 17:00:00,-2.7205
2023-03-24 18:00:00,-2.7237
2023-03-24 19:00:00,-2.7269
2023-03-24 20:00:00,-2.7304
2023-03-24 21:00:00,-2.7317
2023-03-24 22:00:00,-2.7352
2023-03-24 23:00:00,-2.7384
2023-03-25 00:00:00,-2.7404
2023-03-25 01:00:00,-2.7439
2023-03-25 02:00:00,-2.7454
2023-03-25 03:00:00,-2.7456
2023-03-25 04:00:00,-2.7486
2023-03-25 05:00:00,-2.7519
2023-03-25 06:00:00,-2.7536
2023-03-25 07:00:00,-2.7567
2023-03-25 08:00:00,-2.7583
2023-03-25 09:00:00,-2.7613
2023-03-25 10:00:00,-2.7630
2023-03-25 11:00:00,-2.7653
2023-03-25 12:00:00,-2.7671
2023-03-25 13:00:00,-2.7706
2023-03-25 14:00:00,-2.7718
2023-03-25 15:00:00,-2.7737
2023-03-25 16:00:00,-2.7746
2023-03-25 17:00:00,-2.7791
2023-03-25 18:00:00,-2.7787
2023-03-25 19:00:00,-2.7815
2023-03-25 20:00:00,-2.7810
2023-03-25 21:00:00,-2.7806
2023-03-25 22:00:00,-2.7822
2023-03-25 23:00:00,-2.7863
2023-03-26 00:00:00,-2.7866
2023-03-26 01:00:00,-2.7878
2023-03-26 03:00:00,-2.7892
2023-03-26 04:00:00,-2.7913
2023-03-26 05:00:00,-2.7935
2023-03-26 06:00:00,-2.7958
2023-03-26 07:00:00,-2.7952
2023-03-26 08:00:00,-2.7965
2023-03-26 09:00:00,-2.7977
2023-03-26 10:00:00,-2.7992
2023-03-26 11:00:00,-2.7998
2023-03-26 12:00:00,-2.8024
2023-03-26 13:00:00,-2.8035
2023-03-26 14:00:00,-2.8063
2023-03-26 15:00:00,-2.8097
2023-03-26 16:00:00,-2.8120
2023-03-26 17:00:00,-2.8146
2023-03-26 18:00:00,-2.8168
2023-03-26 19:00:00,-2.8195
2023-03-26 20:00:00,-2.8223
2023-03-26 21:00:00,-2.8245
2023-03-26 22:00:00,-2.8268
2023-03-26 23:00:00,-2.8297
2023-03-27 00:00:00,-2.8323
2023-03-27 01:00:00,-2.8325
2023-03-27 02:00:00,-2.8347
2023-03-27 03:00:00,-2.8366
2023-03-27 04:00:00,-2.8404
2023-03-27 05:00:00,-2.8417
2023-03-27 06:00:00,-2.8427
2023-03-27 07:00:00,-2.8459
2023-03-27 08:00:00,-2.8488
2023-03-27 09:00:00,-2.8494
2023-03-27 10:00:00,-2.8487
2023-03-27 11:00:00,-2.8532
2023-03-27 12:00:00,-2.8551
2023-03-27 13:00:00,-2.8543
2023-03-27 14:00:00,-2.8533
2023-03-27 15:00:00,-2.8583
2023-03-27 16:00:00,-2.8595
2023-03-27 17:00:00,-2.8588
2023-03-27 18:00:00,-2.8589
2023-03-27 19:00:00,-2.8599
2023-03-27 20:00:00,-2.8596
2023-03-27 21:00:00,-2.8611
2023-03-27 22:00:00,-2.8621
2023-03-27 23:00:00,-2.8624
2023-03-28 00:00:00,-2.8627
2023-03-28 01:00:00,-2.8620
2023-03-28 02:00:00,-2.8633
2023-03-28 03:00:00,-2.8637
2023-03-28 04:00:00,-2.8645
2023-03-28 05:00:00,-2.8641
2023-03-28 06:00:00,-2.8647
2023-03-28 07:00:00,-2.8659
2023-03-28 08:00:00,-2.8662
2023-03-28 09:00:00,-2.8670
2023-03-28 10:00:00,-2.8680
2023-03-28 11:00:00,-2.8697
2023-03-28 12:00:00,-2.8700
2023-03-28 13:00:00,-2.8705
2023-03-28 14:00:00,-2.8712
2023-03-28 15:00:00,-2.8715
2023-03-28 16:00:00,-2.8721
2023-03-28 17:00:00,-2.8730
2023-03-28 18:00:00,-2.8731
2023-03-28 19:00:00,-2.8731
2023-03-28 20:00:00,-2.8749
2023-03-28 21:00:00,-2.8758
2023-03-28 22:00:00,-2.8803
2023-03-28 23:00:00,-2.8807
2023-03-29 00:00:00,-2.8819
2023-03-29 01:00:00,-2.8815
2023-03-29 02:00:00,-2.8849
2023-03-29 03:00:00,-2.8852
2023-03-29 04:00:00,-2.8839
2023-03-29 05:00:00,-2.8846
2023-03-29 06:00:00,-2.8862
2023-03-29 07:00:00,-2.8862
2023-03-29 08:00:00,-2.8874
2023-03-29 09:00:00,-2.8897
2023-03-29 10:00:00,-2.8903
2023-03-29 11:00:00,-2.8905
2023-03-29 12:00:00,-2.8903
2023-03-29 13:00:00,-2.8912
2023-03-29 14:00:00,-2.8922
2023-03-29 15:00:00,-2.8935
2023-03-29 16:00:00,-2.8936
2023-03-29 17:00:00,-2.8914
2023-03-29 18:00:00,-2.8928
2023-03-29 19:00:00,-2.8945
2023-03-29 20:00:00,-2.8948
2023-03-29 21:00:00,-2.8965
2023-03-29 22:00:00,-2.8966
2023-03-29 23:00:00,-2.8968
2023-03-30 00:00:00,-2.8987
2023-03-30 01:00:00,-2.8993
2023-03-30 02:00:00,-2.9029
2023-03-30 03:00:00,-2.9024
2023-03-30 04:00:00,-2.9032
2023-03-30 05:00:00,-2.9055
2023-03-30 06:00:00,-2.9053
2023-03-30 07:00:00,-2.9074
2023-03-30 08:00:00,-2.9065
2023-03-30 09:00:00,-2.9090
2023-03-30 10:00:00,-2.9092
2023-03-30 11:00:00,-2.9102
2023-03-30 12:00:00,-2.9107
2023-03-30 13:00:00,-2.9114
2023-03-30 14:00:00,-2.9121
2023-03-30 15:00:00,-2.9142
2023-03-30 16:00:00,-2.9156
2023-03-30 17:00:00,-2.9170
2023-03-30 18:00:00,-2.9183
2023-03-30 19:00:00,-2.9187
2023-03-30 20:00:00,-2.9209
2023-03-30 21:00:00,-2.9235
2023-03-30 22:00:00,-2.9252
2023-03-30 23:00:00,-2.9268
2023-03-31 00:00:00,-2.9266
2023-03-31 01:00:00,-2.9271
2023-03-31 02:00:00,-2.9285
2023-03-31 03:00:00,-2.9278
2023-03-31 04:00:00,-2.9278
2023-03-31 05:00:00,-2.9275
2023-03-31 06:00:00,-2.9271
2023-03-31 07:00:00,-2.9257
2023-03-31 08:00:00,-2.9253
2023-03-31 09:00:00,-2.9250
2023-03-31 10:00:00,-2.9251
2023-03-31 11:00:00,-2.9246
2023-03-31 12:00:00,-2.9245
2023-03-31 13:00:00,-2.9238
2023-03-31 14:00:00,-2.9236
2023-03-31 15:00:00,-2.9221
2023-03-31 16:00:00,-2.9209
2023-03-31 17:00:00,-2.9201
2023-03-31 18:00:00,-2.9178
2023-03-31 19:00:00,-2.9161
2023-03-31 20:00:00,-2.9151
2023-03-31 21:00:00,-2.9131
2023-03-31 22:00:00,-2.9041
2023-03-31 23:00:00,-2.8784
2023-04-01 00:00:00,-2.8611
2023-04-01 01:00:00,-2.8453
2023-04-01 02:00:00,-2.8338
2023-04-01 03:00:00,-2.8260
2023-04-01 04:00:00,-2.8207
2023-04-01 05:00:00,-2.8165
2023-04-01 06:00:00,-2.8131
2023-04-01 07:00:00,-2.8115
2023-04-01 08:00:00,-2.8090
2023-04-01 09:00:00,-2.8066
2023-04-01 10:00:00,-2.8046
2023-04-01 11:00:00,-2.8028
2023-04-01 12:00:00,-2.8017
2023-04-01 13:00:00,-2.7999
2023-04-01 14:00:00,-2.7978
2023-04-01 15:00:00,-2.7958
2023-04-01 16:00:00,-2.7932
2023-04-01 17:00:00,-2.7918
2023-04-01 18:00:00,-2.7916
2023-04-01 19:00:00,-2.7905
2023-04-01 20:00:00,-2.7898
2023-04-01 21:00:00,-2.7898
2023-04-01 22:00:00,-2.7900
2023-04-01 23:00:00,-2.7909
2023-04-02 00:00:00,-2.7925
2023-04-02 01:00:00,-2.7930
2023-04-02 02:00:00,-2.7926
2023-04-02 03:00:00,-2.7935
2023-04-02 04:00:00,-2.7950
2023-04-02 05:00:00,-2.7953
2023-04-02 06:00:00,-2.7954
2023-04-02 07:00:00,-2.7961
2023-04-02 08:00:00,-2.7965
2023-04-02 09:00:00,-2.7978
2023-04-02 10:00:00,-2.7993
2023-04-02 11:00:00,-2.8015
2023-04-02 12:00:00,-2.8024
2023-04-02 13:00:00,-2.8032
2023-04-02 14:00:00,-2.8049
2023-04-02 15:00:00,-2.8055
2023-04-02 16:00:00,-2.8074
2023-04-02 17:00:00,-2.8093
2023-04-02 18:00:00,-2.8101
2023-04-02 19:00:00,-2.8119
2023-04-02 20:00:00,-2.8116
2023-04-02 21:00:00,-2.8140
2023-04-02 22:00:00,-2.8163
2023-04-02 23:00:00,-2.8178
2023-04-03 00:00:00,-2.8188
2023-04-03 01:00:00,-2.8210
2023-04-03 02:00:00,-2.8215
2023-04-03 03:00:00,-2.8232
2023-04-03 04:00:00,-2.8238
2023-04-03 05:00:00,-2.8249
2023-04-03 06:00:00,-2.8251
2023-04-03 07:00:00,-2.8272
2023-04-03 08:00:00,-2.8288
2023-04-03 09:00:00,-2.8302
2023-04-03 10:00:00,-2.8308
2023-04-03 11:00:00,-2.8331
2023-04-03 12:00:00,-2.8349
2023-04-03 13:00:00,-2.8370
2023-04-03 14:00:00,-2.8379
2023-04-03 15:00:00,-2.8407
2023-04-03 16:00:00,-2.8420
2023-04-03 17:00:00,-2.8432
2023-04-03 18:00:00,-2.8452
2023-04-03 19:00:00,-2.8483
2023-04-03 20:00:00,-2.8517
2023-04-03 21:00:00,-2.8560
2023-04-03 22:00:00,-2.8583
2023-04-03 23:00:00,-2.8608
2023-04-04 00:00:00,-2.8617
2023-04-04 01:00:00,-2.8651
2023-04-04 02:00:00,-2.8638
2023-04-04 03:00:00,-2.8662
2023-04-04 04:00:00,-2.8675
2023-04-04 05:00:00,-2.8691
2023-04-04 06:00:00,-2.8701
2023-04-04 07:00:00,-2.8704
2023-04-04 08:00:00,-2.8704
2023-04-04 09:00:00,-2.8733
2023-04-04 10:00:00,-2.8734
2023-04-04 11:00:00,-2.8761
2023-04-04 12:00:00,-2.8770
2023-04-04 13:00:00,-2.8774
2023-04-04 14:00:00,-2.8793
2023-04-04 15:00:00,-2.8808
2023-04-04 16:00:00,-2.8824
2023-04-04 17:00:00,-2.8828
2023-04-04 18:00:00,-2.8852
2023-04-04 19:00:00,-2.8867
2023-04-04 20:00:00,-2.8888
2023-04-04 21:00:00,-2.8887
2023-04-04 22:00:00,-2.8903
2023-04-04 23:00:00,-2.8930
2023-04-05 00:00:00,-2.8940
2023-04-05 01:00:00,-2.8940
2023-04-05 02:00:00,-2.8954
2023-04-05 03:00:00,-2.8963
2023-04-05 04:00:00,-2.8968
2023-04-05 05:00:00,-2.8992
2023-04-05 06:00:00,-2.8999
2023-04-05 07:00:00,-2.9004
2023-04-05 08:00:00,-2.9006
2023-04-05 09:00:00,-2.9001
2023-04-05 10:00:00,-2.9018
2023-04-05 11:00:00,-2.9026
2023-04-05 12:00:00,-2.9033
2023-04-05 13:00:00,-2.9047
2023-04-05 14:00:00,-2.9054
2023-04-05 15:00:00,-2.9082
2023-04-05 16:00:00,-2.9090
2023-04-05 17:00:00,-2.9099
2023-04-05 18:00:00,-2.9109
2023-04-05 19:00:00,-2.9116
2023-04-05 20:00:00,-2.9131
2023-04-05 21:00:00,-2.9155
2023-04-05 22:00:00,-2.9164
2023-04-05 23:00:00,-2.9179
2023-04-06 00:00:00,-2.9193
2023-04-06 01:00:00,-2.9207
2023-04-06 02:00:00,-2.9220
2023-04-06 03:00:00,-2.9232
2023-04-06 04:00:00,-2.9240
2023-04-06 05:00:00,-2.9237
2023-04-06 06:00:00,-2.9255
2023-04-06 07:00:00,-2.9266
2023-04-06 08:00:00,-2.9286
2023-04-06 09:00:00,-2.9296
2023-04-06 10:00:00,-2.9315
2023-04-06 11:00:00,-2.9315
2023-04-06 12:00:00,-2.9333
2023-04-06 13:00:00,-2.9337
2023-04-06 14:00:00,-2.9346
2023-04-06 15:00:00,-2.9356
2023-04-06 16:00:00,-2.9368
2023-04-06 17:00:00,-2.9357
2023-04-06 18:00:00,-2.9373
2023-04-06 19:00:00,-2.9372
2023-04-06 20:00:00,-2.9369
2023-04-06 21:00:00,-2.9371
2023-04-06 22:00:00,-2.9376
2023-04-06 23:00:00,-2.9368
2023-04-07 00:00:00,-2.9377
2023-04-07 01:00:00,-2.9398
2023-04-07 02:00:00,-2.9399
2023-04-07 03:00:00,-2.9393
2023-04-07 04:00:00,-2.9407
2023-04-07 05:00:00,-2.9412
2023-04-07 06:00:00,-2.9420
2023-04-07 07:00:00,-2.9420
2023-04-07 08:00:00,-2.9422
2023-04-07 09:00:00,-2.9423
2023-04-07 10:00:00,-2.9432
2023-04-07 11:00:00,-2.9423
2023-04-07 12:00:00,-2.9408
2023-04-07 13:00:00,-2.9400
2023-04-07 14:00:00,-2.9401
2023-04-07 15:00:00,-2.9399
2023-04-07 16:00:00,-2.9392
2023-04-07 17:00:00,-2.9390
2023-04-07 18:00:00,-2.9382
2023-04-07 19:00:00,-2.9379
2023-04-07 20:00:00,-2.9367
2023-04-07 21:00:00,-2.9360
2023-04-07 22:00:00,-2.9357
2023-04-07 23:00:00,-2.9356
2023-04-08 00:00:00,-2.9347
2023-04-08 01:00:00,-2.9351
2023-04-08 02:00:00,-2.9368
2023-04-08 03:00:00,-2.9360
2023-04-08 04:00:00,-2.9359
2023-04-08 05:00:00,-2.9376
2023-04-08 06:00:00,-2.9363
2023-04-08 07:00:00,-2.9366
2023-04-08 08:00:00,-2.9371
2023-04-08 09:00:00,-2.9368
2023-04-08 10:00:00,-2.9358
2023-04-08 11:00:00,-2.9348
2023-04-08 12:00:00,-2.9352
2023-04-08 13:00:00,-2.9354
2023-04-08 14:00:00,-2.9387
2023-04-08 15:00:00,-2.9382
2023-04-08 16:00:00,-2.9402
2023-04-08 17:00:00,-2.9405
2023-04-08 18:00:00,-2.9413
2023-04-08 19:00:00,-2.9428
2023-04-08 20:00:00,-2.9440
2023-04-08 21:00:00,-2.9440
2023-04-08 22:00:00,-2.9453
2023-04-08 23:00:00,-2.9462
2023-04-09 00:00:00,-2.9461
2023-04-09 01:00:00,-2.9467
2023-04-09 02:00:00,-2.9480
2023-04-09 03:00:00,-2.9502
2023-04-09 04:00:00,-2.9519
2023-04-09 05:00:00,-2.9512
2023-04-09 06:00:00,-2.9532
2023-04-09 07:00:00,-2.9540
2023-04-09 08:00:00,-2.9546
2023-04-09 09:00:00,-2.9551
2023-04-09 10:00:00,-2.9558
2023-04-09 11:00:00,-2.9577
2023-04-09 12:00:00,-2.9579
2023-04-09 13:00:00,-2.9592
2023-04-09 14:00:00,-2.9603
2023-04-09 15:00:00,-2.9605
2023-04-09 16:00:00,-2.9617
2023-04-09 17:00:00,-2.9634
2023-04-09 18:00:00,-2.9646
2023-04-09 19:00:00,-2.9664
2023-04-09 20:00:00,-2.9672
2023-04-09 21:00:00,-2.9672
2023-04-09 22:00:00,-2.9680
2023-04-09 23:00:00,-2.9701
2023-04-10 00:00:00,-2.9711
2023-04-10 01:00:00,-2.9716
2023-04-10 02:00:00,-2.9723
2023-04-10 03:00:00,-2.9748
2023-04-10 04:00:00,-2.9748
2023-04-10 05:00:00,-2.9765
2023-04-10 06:00:00,-2.9761
2023-04-10 07:00:00,-2.9776
2023-04-10 08:00:00,-2.9784
2023-04-10 09:00:00,-2.9778
2023-04-10 10:00:00,-2.9787
2023-04-10 11:00:00,-2.9803
2023-04-10 12:00:00,-2.9790
2023-04-10 13:00:00,-2.9799
2023-04-10 14:00:00,-2.9808
2023-04-10 15:00:00,-2.9842
2023-04-10 16:00:00,-2.9849
2023-04-10 17:00:00,-2.9873
2023-04-10 18:00:00,-2.9831
2023-04-10 19:00:00,-2.9813
2023-04-10 20:00:00,-2.9785
2023-04-10 21:00:00,-2.9750
2023-04-10 22:00:00,-2.9738
2023-04-10 23:00:00,-2.9693
2023-04-11 00:00:00,-2.9704
2023-04-11 01:00:00,-2.9712
2023-04-11 02:00:00,-2.9672
2023-04-11 03:00:00,-2.9677
2023-04-11 04:00:00,-2.9675
2023-04-11 05:00:00,-2.9674
2023-04-11 06:00:00,-2.9687
2023-04-11 07:00:00,-2.9672
2023-04-11 08:00:00,-2.9673
2023-04-11 09:00:00,-2.9667
2023-04-11 10:00:00,-2.9651
2023-04-11 11:00:00,-2.9651
2023-04-11 12:00:00,-2.9653
2023-04-11 13:00:00,-2.9633
2023-04-11 14:00:00,-2.9621
2023-04-11 15:00:00,-2.9588
2023-04-11 16:00:00,-2.9566
2023-04-11 17:00:00,-2.9562
2023-04-11 18:00:00,-2.9562
2023-04-11 19:00:00,-2.9547
2023-04-11 20:00:00,-2.9531
2023-04-11 21:00:00,-2.9518
2023-04-11 22:00:00,-2.9501
2023-04-11 23:00:00,-2.9521
2023-04-12 00:00:00,-2.9532
2023-04-12 01:00:00,-2.9527
2023-04-12 02:00:00,-2.9514
2023-04-12 03:00:00,-2.9516
2023-04-12 04:00:00,-2.9519
2023-04-12 05:00:00,-2.9504
2023-04-12 06:00:00,-2.9493
2023-04-12 07:00:00,-2.9491
2023-04-12 08:00:00,-2.9436
2023-04-12 09:00:00,-2.9381
2023-04-12 10:00:00,-2.9322
2023-04-12 11:00:00,-2.9303
2023-04-12 12:00:00,-2.9281
2023-04-12 13:00:00,-2.9251
2023-04-12 14:00:00,-2.9230
2023-04-12 15:00:00,-2.9236
2023-04-12 16:00:00,-2.9252
2023-04-12 17:00:00,-2.9259
2023-04-12 18:00:00,-2.9250
2023-04-12 19:00:00,-2.9228
2023-04-12 20:00:00,-2.9227
2023-04-12 21:00:00,-2.9222
2023-04-12 22:00:00,-2.9204
2023-04-12 23:00:00,-2.9189
2023-04-13 00:00:00,-2.9201
2023-04-13 01:00:00,-2.9206
2023-04-13 02:00:00,-2.9216
2023-04-13 03:00:00,-2.9234
2023-04-13 04:00:00,-2.9220
2023-04-13 05:00:00,-2.9231
2023-04-13 06:00:00,-2.9230
2023-04-13 07:00:00,-2.9256
2023-04-13 08:00:00,-2.9266
2023-04-13 09:00:00,-2.9258
2023-04-13 10:00:00,-2.9266
2023-04-13 11:00:00,-2.9261
2023-04-13 12:00:00,-2.9226
2023-04-13 13:00:00,-2.9226
2023-04-13 14:00:00,-2.9209
2023-04-13 15:00:00,-2.9197
2023-04-13 16:00:00,-2.9178
2023-04-13 17:00:00,-2.9175
2023-04-13 18:00:00,-2.9154
2023-04-13 19:00:00,-2.9145
2023-04-13 20:00:00,-2.9152
2023-04-13 21:00:00,-2.9165
2023-04-13 22:00:00,-2.9178
2023-04-13 23:00:00,-2.9198
2023-04-14 00:00:00,-2.9211
2023-04-14 01:00:00,-2.9225
2023-04-14 02:00:00,-2.9241
2023-04-14 03:00:00,-2.9267
2023-04-14 04:00:00,-2.9270
2023-04-14 05:00:00,-2.9282
2023-04-14 06:00:00,-2.9299
2023-04-14 07:00:00,-2.9305
2023-04-14 08:00:00,-2.9320
2023-04-14 09:00:00,-2.9328
2023-04-14 10:00:00,-2.9337
2023-04-14 11:00:00,-2.9338
2023-04-14 12:00:00,-2.9338
2023-04-14 13:00:00,-2.9332
2023-04-14 14:00:00,-2.9355
2023-04-14 15:00:00,-2.9355
2023-04-14 16:00:00,-2.9362
2023-04-14 17:00:00,-2.9372
2023-04-14 18:00:00,-2.9380
2023-04-14 19:00:00,-2.9384
2023-04-14 20:00:00,-2.9397
2023-04-14 21:00:00,-2.9427
2023-04-14 22:00:00,-2.9438
2023-04-14 23:00:00,-2.9416
2023-04-15 00:00:00,-2.9434
2023-04-15 01:00:00,-2.9429
2023-04-15 02:00:00,-2.9428
2023-04-15 03:00:00,-2.9430
2023-04-15 04:00:00,-2.9432
2023-04-15 05:00:00,-2.9437
2023-04-15 06:00:00,-2.9456
2023-04-15 07:00:00,-2.9456
2023-04-15 08:00:00,-2.9447
2023-04-15 09:00:00,-2.9468
2023-04-15 10:00:00,-2.9503
2023-04-15 11:00:00,-2.9510
2023-04-15 12:00:00,-2.9531
2023-04-15 13:00:00,-2.9538
2023-04-15 14:00:00,-2.9542
2023-04-15 15:00:00,-2.9560
2023-04-15 16:00:00,-2.9558
2023-04-15 17:00:00,-2.9561
2023-04-15 18:00:00,-2.9560
2023-04-15 19:00:00,-2.9568
2023-04-15 20:00:00,-2.9566
2023-04-15 21:00:00,-2.9579
2023-04-15 22:00:00,-2.9584
2023-04-15 23:00:00,-2.9571
2023-04-16 00:00:00,-2.9570
2023-04-16 01:00:00,-2.9565
2023-04-16 02:00:00,-2.9544
2023-04-16 03:00:00,-2.9556
2023-04-16 04:00:00,-2.9540
2023-04-16 05:00:00,-2.9537
2023-04-16 06:00:00,-2.9527
2023-04-16 07:00:00,-2.9530
2023-04-16 08:00:00,-2.9531
2023-04-16 09:00:00,-2.9532
2023-04-16 10:00:00,-2.9533
2023-04-16 11:00:00,-2.9530
2023-04-16 12:00:00,-2.9539
2023-04-16 13:00:00,-2.9540
2023-04-16 14:00:00,-2.9544
2023-04-16 15:00:00,-2.9545
2023-04-16 16:00:00,-2.9538
2023-04-16 17:00:00,-2.9543
2023-04-16 18:00:00,-2.9555
2023-04-16 19:00:00,-2.9553
2023-04-16 20:00:00,-2.9558
2023-04-16 21:00:00,-2.9574
2023-04-16 22:00:00,-2.9588
2023-04-16 23:00:00,-2.9599
2023-04-17 00:00:00,-2.9621
2023-04-17 01:00:00,-2.9624
2023-04-17 02:00:00,-2.9631
2023-04-17 03:00:00,-2.9646
2023-04-17 04:00:00,-2.9662
2023-04-17 05:00:00,-2.9665
2023-04-17 06:00:00,-2.9675
2023-04-17 07:00:00,-2.9687
2023-04-17 08:00:00,-2.9696
2023-04-17 09:00:00,-2.9711
2023-04-17 10:00:00,-2.9727
2023-04-17 11:00:00,-2.9749
2023-04-17 12:00:00,-2.9754
2023-04-17 13:00:00,-2.9780
2023-04-17 14:00:00,-2.9791
2023-04-17 15:00:00,-2.9798
2023-04-17 16:00:00,-2.9810
2023-04-17 17:00:00,-2.9829
2023-04-17 18:00:00,-2.9842
2023-04-17 19:00:00,-2.9860
2023-04-17 20:00:00,-2.9875
2023-04-17 21:00:00,-2.9880
2023-04-17 22:00:00,-2.9896
2023-04-17 23:00:00,-2.9915
2023-04-18 00:00:00,-2.9939
2023-04-18 01:00:00,-2.9947
2023-04-18 02:00:00,-2.9949
2023-04-18 03:00:00,-2.9960
2023-04-18 04:00:00,-2.9973
2023-04-18 05:00:00,-2.9985
2023-04-18 06:00:00,-2.9983
2023-04-18 07:00:00,-2.9993
2023-04-18 08:00:00,-3.0013
2023-04-18 09:00:00,-3.0028
2023-04-18 10:00:00,-3.0026
2023-04-18 11:00:00,-3.0042
2023-04-18 12:00:00,-3.0044
2023-04-18 13:00:00,-3.0064
2023-04-18 14:00:00,-3.0065
2023-04-18 15:00:00,-3.0067
2023-04-18 16:00:00,-3.0093
2023-04-18 17:00:00,-3.0123
2023-04-18 18:00:00,-3.0138
2023-04-18 19:00:00,-3.0140
2023-04-18 20:00:00,-3.0154
2023-04-18 21:00:00,-3.0159
2023-04-18 22:00:00,-3.0160
2023-04-18 23:00:00,-3.0172
2023-04-19 00:00:00,-3.0181
2023-04-19 01:00:00,-3.0211
2023-04-19 02:00:00,-3.0217
2023-04-19 03:00:00,-3.0223
2023-04-19 04:00:00,-3.0232
2023-04-19 05:00:00,-3.0243
2023-04-19 06:00:00,-3.0251
2023-04-19 07:00:00,-3.0259
2023-04-19 08:00:00,-3.0255
2023-04-19 09:00:00,-3.0254
2023-04-19 10:00:00,-3.0262
2023-04-19 11:00:00,-3.0262
2023-04-19 12:00:00,-3.0273
2023-04-19 13:00:00,-3.0289
2023-04-19 14:00:00,-3.0302
2023-04-19 15:00:00,-3.0320
2023-04-19 16:00:00,-3.0342
2023-04-19 17:00:00,-3.0341
2023-04-19 18:00:00,-3.0339
2023-04-19 19:00:00,-3.0337
2023-04-19 20:00:00,-3.0357
2023-04-19 21:00:00,-3.0377
2023-04-19 22:00:00,-3.0367
2023-04-19 23:00:00,-3.0366
2023-04-20 00:00:00,-3.0378
2023-04-20 01:00:00,-3.0392
2023-04-20 02:00:00,-3.0407
2023-04-20 03:00:00,-3.0414
2023-04-20 04:00:00,-3.0426
2023-04-20 05:00:00,-3.0420
2023-04-20 06:00:00,-3.0422
2023-04-20 07:00:00,-3.0430
2023-04-20 08:00:00,-3.0423
2023-04-20 09:00:00,-3.0422
2023-04-20 10:00:00,-3.0409
2023-04-20 11:00:00,-3.0403
2023-04-20 12:00:00,-3.0418
2023-04-20 13:00:00,-3.0423
2023-04-20 14:00:00,-3.0412
2023-04-20 15:00:00,-3.0417
2023-04-20 16:00:00,-3.0419
2023-04-20 17:00:00,-3.0427
2023-04-20 18:00:00,-3.0443
2023-04-20 19:00:00,-3.0431
2023-04-20 20:00:00,-3.0454
2023-04-20 21:00:00,-3.0450
2023-04-20 22:00:00,-3.0460
2023-04-20 23:00:00,-3.0471
2023-04-21 00:00:00,-3.0489
2023-04-21 01:00:00,-3.0503
2023-04-21 02:00:00,-3.0483
2023-04-21 03:00:00,-3.0485
2023-04-21 04:00:00,-3.0507
2023-04-21 05:00:00,-3.0487
2023-04-21 06:00:00,-3.0417
2023-04-21 07:00:00,-3.0361
2023-04-21 08:00:00,-3.0311
2023-04-21 09:00:00,-3.0298
2023-04-21 10:00:00,-3.0285
2023-04-21 11:00:00,-3.0261
2023-04-21 12:00:00,-3.0231
2023-04-21 13:00:00,-3.0223
2023-04-21 14:00:00,-3.0229
2023-04-21 15:00:00,-3.0226
2023-04-21 16:00:00,-3.0229
2023-04-21 17:00:00,-3.0239
2023-04-21 18:00:00,-3.0242
2023-04-21 19:00:00,-3.0236
2023-04-21 20:00:00,-3.0215
2023-04-21 21:00:00,-3.0254
2023-04-21 22:00:00,-3.0249
2023-04-21 23:00:00,-3.0255
2023-04-22 00:00:00,-3.0238
2023-04-22 01:00:00,-3.0221
2023-04-22 02:00:00,-3.0202
2023-04-22 03:00:00,-3.0202
2023-04-22 04:00:00,-3.0179
2023-04-22 05:00:00,-3.0156
2023-04-22 06:00:00,-3.0144
2023-04-22 07:00:00,-3.0138
2023-04-22 08:00:00,-3.0126
2023-04-22 09:00:00,-3.0106
2023-04-22 10:00:00,-3.0095
2023-04-22 11:00:00,-3.0080
2023-04-22 12:00:00,-3.0052
2023-04-22 13:00:00,-3.0053
2023-04-22 14:00:00,-3.0082
2023-04-22 15:00:00,-3.0049
2023-04-22 16:00:00,-3.0031
2023-04-22 17:00:00,-3.0009
2023-04-22 18:00:00,-2.9948
2023-04-22 19:00:00,-2.9918
2023-04-22 20:00:00,-2.9887
2023-04-22 21:00:00,-2.9856
2023-04-22 22:00:00,-2.9802
2023-04-22 23:00:00,-2.9770
2023-04-23 00:00:00,-2.9758
2023-04-23 01:00:00,-2.9740
2023-04-23 02:00:00,-2.9708
2023-04-23 03:00:00,-2.9696
2023-04-23 04:00:00,-2.9686
2023-04-23 05:00:00,-2.9690
2023-04-23 06:00:00,-2.9673
2023-04-23 07:00:00,-2.9667
2023-04-23 08:00:00,-2.9655
2023-04-23 09:00:00,-2.9635
2023-04-23 10:00:00,-2.9619
2023-04-23 11:00:00,-2.9609
2023-04-23 12:00:00,-2.9593
2023-04-23 13:00:00,-2.9585
2023-04-23 14:00:00,-2.9569
2023-04-23 15:00:00,-2.9562
2023-04-23 16:00:00,-2.9596
2023-04-23 17:00:00,-2.9575
2023-04-23 18:00:00,-2.9553
2023-04-23 19:00:00,-2.9519
2023-04-23 20:00:00,-2.9483
2023-04-23 21:00:00,-2.9449
2023-04-23 22:00:00,-2.9403
2023-04-23 23:00:00,-2.9359
2023-04-24 00:00:00,-2.9309
2023-04-24 01:00:00,-2.9192
2023-04-24 02:00:00,-2.8987
2023-04-24 03:00:00,-2.8674
2023-04-24 04:00:00,-2.8338
2023-04-24 05:00:00,-2.7943
2023-04-24 06:00:00,-2.7481
2023-04-24 07:00:00,-2.6812
2023-04-24 08:00:00,-2.6317
2023-04-24 09:00:00,-2.6127
2023-04-24 10:00:00,-2.6090
2023-04-24 11:00:00,-2.6115
2023-04-24 12:00:00,-2.6191
2023-04-24 13:00:00,-2.6272
2023-04-24 14:00:00,-2.6362
2023-04-24 15:00:00,-2.6445
2023-04-24 16:00:00,-2.6530
2023-04-24 17:00:00,-2.6621
2023-04-24 18:00:00,-2.6672
2023-04-24 19:00:00,-2.6729
2023-04-24 20:00:00,-2.6789
2023-04-24 21:00:00,-2.6863
2023-04-24 22:00:00,-2.6910
2023-04-24 23:00:00,-2.6960
2023-04-25 00:00:00,-2.6997
2023-04-25 01:00:00,-2.7030
2023-04-25 02:00:00,-2.7084
2023-04-25 03:00:00,-2.7127
2023-04-25 04:00:00,-2.7167
2023-04-25 05:00:00,-2.7208
2023-04-25 06:00:00,-2.7248
2023-04-25 07:00:00,-2.7308
2023-04-25 08:00:00,-2.7328
2023-04-25 09:00:00,-2.7372
2023-04-25 10:00:00,-2.7415
2023-04-25 11:00:00,-2.7439
2023-04-25 12:00:00,-2.7491
2023-04-25 13:00:00,-2.7514
2023-04-25 14:00:00,-2.7560
2023-04-25 15:00:00,-2.7590
2023-04-25 16:00:00,-2.7623
2023-04-25 17:00:00,-2.7650
2023-04-25 18:00:00,-2.7673
2023-04-25 19:00:00,-2.7703
2023-04-25 20:00:00,-2.7731
2023-04-25 21:00:00,-2.7742
2023-04-25 22:00:00,-2.7770
2023-04-25 23:00:00,-2.7780
2023-04-26 00:00:00,-2.7807
2023-04-26 01:00:00,-2.7829
2023-04-26 02:00:00,-2.7852
2023-04-26 03:00:00,-2.7865
2023-04-26 04:00:00,-2.7886
2023-04-26 05:00:00,-2.7900
2023-04-26 06:00:00,-2.7932
2023-04-26 07:00:00,-2.7944
2023-04-26 08:00:00,-2.7958
2023-04-26 09:00:00,-2.7974
2023-04-26 10:00:00,-2.8013
2023-04-26 11:00:00,-2.8026
2023-04-26 12:00:00,-2.8025
2023-04-26 13:00:00,-2.8050
2023-04-26 14:00:00,-2.8059
2023-04-26 15:00:00,-2.8067
2023-04-26 16:00:00,-2.8080
2023-04-26 17:00:00,-2.8097
2023-04-26 18:00:00,-2.8121
2023-04-26 19:00:00,-2.8139
2023-04-26 20:00:00,-2.8160
2023-04-26 21:00:00,-2.8171
2023-04-26 22:00:00,-2.8191
2023-04-26 23:00:00,-2.8206
2023-04-27 00:00:00,-2.8224
2023-04-27 01:00:00,-2.8242
2023-04-27 02:00:00,-2.8253
2023-04-27 03:00:00,-2.8256
2023-04-27 04:00:00,-2.8256
2023-04-27 05:00:00,-2.8287
2023-04-27 06:00:00,-2.8290
2023-04-27 07:00:00,-2.8309
2023-04-27 08:00:00,-2.8320
2023-04-27 09:00:00,-2.8321
2023-04-27 10:00:00,-2.8330
2023-04-27 11:00:00,-2.8337
2023-04-27 12:00:00,-2.8345
2023-04-27 13:00:00,-2.8330
2023-04-27 14:00:00,-2.8309
2023-04-27 15:00:00,-2.8305
2023-04-27 16:00:00,-2.8300
2023-04-27 17:00:00,-2.8290
2023-04-27 18:00:00,-2.8299
2023-04-27 19:00:00,-2.8313
2023-04-27 20:00:00,-2.8337
2023-04-27 21:00:00,-2.8355
2023-04-27 22:00:00,-2.8381
2023-04-27 23:00:00,-2.8360
2023-04-28 00:00:00,-2.8325
2023-04-28 01:00:00,-2.8322
2023-04-28 02:00:00,-2.8329
2023-04-28 03:00:00,-2.8314
2023-04-28 04:00:00,-2.8301
2023-04-28 05:00:00,-2.8295
2023-04-28 06:00:00,-2.8279
2023-04-28 07:00:00,-2.8314
2023-04-28 08:00:00,-2.8382
2023-04-28 09:00:00,-2.8378
2023-04-28 10:00:00,-2.8327
2023-04-28 11:00:00,-2.8369
2023-04-28 12:00:00,-2.8368
2023-04-28 13:00:00,-2.8384
2023-04-28 14:00:00,-2.8409
2023-04-28 15:00:00,-2.8440
2023-04-28 16:00:00,-2.8473
2023-04-28 17:00:00,-2.8467
2023-04-28 18:00:00,-2.8493
2023-04-28 19:00:00,-2.8529
2023-04-28 20:00:00,-2.8531
2023-04-28 21:00:00,-2.8546
2023-04-28 22:00:00,-2.8582
2023-04-28 23:00:00,-2.8602
2023-04-29 00:00:00,-2.8597
2023-04-29 01:00:00,-2.8572
2023-04-29 02:00:00,-2.8579
2023-04-29 03:00:00,-2.8597
2023-04-29 04:00:00,-2.8583
2023-04-29 05:00:00,-2.8572
2023-04-29 06:00:00,-2.8588
2023-04-29 07:00:00,-2.8601
2023-04-29 08:00:00,-2.8625
2023-04-29 09:00:00,-2.8628
2023-04-29 10:00:00,-2.8654
2023-04-29 11:00:00,-2.8647
2023-04-29 12:00:00,-2.8645
2023-04-29 13:00:00,-2.8629
2023-04-29 14:00:00,-2.8635
2023-04-29 15:00:00,-2.8657
2023-04-29 16:00:00,-2.8660
2023-04-29 17:00:00,-2.8675
2023-04-29 18:00:00,-2.8692
2023-04-29 19:00:00,-2.8706
2023-04-29 20:00:00,-2.8698
2023-04-29 21:00:00,-2.8717
2023-04-29 22:00:00,-2.8741
2023-04-29 23:00:00,-2.8745
2023-04-30 00:00:00,-2.8743
2023-04-30 01:00:00,-2.8738
2023-04-30 02:00:00,-2.8742
2023-04-30 03:00:00,-2.8751
2023-04-30 04:00:00,-2.8762
2023-04-30 05:00:00,-2.8762
2023-04-30 06:00:00,-2.8751
2023-04-30 07:00:00,-2.8786
2023-04-30 08:00:00,-2.8820
2023-04-30 09:00:00,-2.8818
2023-04-30 10:00:00,-2.8812
2023-04-30 11:00:00,-2.8806
2023-04-30 12:00:00,-2.8785
2023-04-30 13:00:00,-2.8768
2023-04-30 14:00:00,-2.8759
2023-04-30 15:00:00,-2.8744
2023-04-30 16:00:00,-2.8767
2023-04-30 17:00:00,-2.8779
2023-04-30 18:00:00,-2.8778
2023-04-30 19:00:00,-2.8793
2023-04-30 20:00:00,-2.8817
2023-04-30 21:00:00,-2.8845
2023-04-30 22:00:00,-2.8868
2023-04-30 23:00:00,-2.8879
2023-05-01 00:00:00,-2.8873
2023-05-01 01:00:00,-2.8877
2023-05-01 02:00:00,-2.8887
2023-05-01 03:00:00,-2.8878
2023-05-01 04:00:00,-2.8845
2023-05-01 05:00:00,-2.8840
2023-05-01 06:00:00,-2.8864
2023-05-01 07:00:00,-2.8891
2023-05-01 08:00:00,-2.8911
2023-05-01 09:00:00,-2.8921
2023-05-01 10:00:00,-2.8940
2023-05-01 11:00:00,-2.8960
2023-05-01 12:00:00,-2.8990
2023-05-01 13:00:00,-2.9013
2023-05-01 14:00:00,-2.9008
2023-05-01 15:00:00,-2.9004
2023-05-01 16:00:00,-2.9013
2023-05-01 17:00:00,-2.9029
2023-05-01 18:00:00,-2.9054
2023-05-01 19:00:00,-2.9065
2023-05-01 20:00:00,-2.9089
2023-05-01 21:00:00,-2.9113
2023-05-01 22:00:00,-2.9129
2023-05-01 23:00:00,-2.9143
2023-05-02 00:00:00,-2.9133
2023-05-02 01:00:00,-2.9164
2023-05-02 02:00:00,-2.9156
2023-05-02 03:00:00,-2.9135
2023-05-02 04:00:00,-2.9156
2023-05-02 05:00:00,-2.9168
2023-05-02 06:00:00,-2.9160
2023-05-02 07:00:00,-2.9166
2023-05-02 08:00:00,-2.9181
2023-05-02 09:00:00,-2.9187
2023-05-02 10:00:00,-2.9171
2023-05-02 11:00:00,-2.9148
2023-05-02 12:00:00,-2.9151
2023-05-02 13:00:00,-2.9143
2023-05-02 14:00:00,-2.9130
2023-05-02 15:00:00,-2.9134
2023-05-02 16:00:00,-2.9122
2023-05-02 17:00:00,-2.9111
2023-05-02 18:00:00,-2.9109
2023-05-02 19:00:00,-2.9117
2023-05-02 20:00:00,-2.9115
2023-05-02 21:00:00,-2.9137
2023-05-02 22:00:00,-2.9154
2023-05-02 23:00:00,-2.9170
2023-05-03 00:00:00,-2.9136
2023-05-03 01:00:00,-2.9133
2023-05-03 02:00:00,-2.9186
2023-05-03 03:00:00,-2.9196
2023-05-03 04:00:00,-2.9160
2023-05-03 05:00:00,-2.9148
2023-05-03 06:00:00,-2.9220
2023-05-03 07:00:00,-2.9207
2023-05-03 08:00:00,-2.9213
2023-05-03 09:00:00,-2.9192
2023-05-03 10:00:00,-2.9158
2023-05-03 11:00:00,-2.9189
2023-05-03 12:00:00,-2.9198
2023-05-03 13:00:00,-2.9186
2023-05-03 14:00:00,-2.9165
2023-05-03 15:00:00,-2.9159
2023-05-03 16:00:00,-2.9156
2023-05-03 17:00:00,-2.9146
2023-05-03 18:00:00,-2.9180
2023-05-03 19:00:00,-2.9215
2023-05-03 20:00:00,-2.9235
2023-05-03 21:00:00,-2.9268
2023-05-03 22:00:00,-2.9267
2023-05-03 23:00:00,-2.9268
2023-05-04 00:00:00,-2.9242
2023-05-04 01:00:00,-2.9237
2023-05-04 02:00:00,-2.9261
2023-05-04 03:00:00,-2.9245
2023-05-04 04:00:00,-2.9243
2023-05-04 05:00:00,-2.9247
2023-05-04 06:00:00,-2.9254
2023-05-04 07:00:00,-2.9262
2023-05-04 08:00:00,-2.9277
2023-05-04 09:00:00,-2.9281
2023-05-04 10:00:00,-2.9265
2023-05-04 11:00:00,-2.9269
2023-05-04 12:00:00,-2.9274
2023-05-04 13:00:00,-2.9247
2023-05-04 14:00:00,-2.9225
2023-05-04 15:00:00,-2.9231
2023-05-04 16:00:00,-2.9224
2023-05-04 17:00:00,-2.9234
2023-05-04 18:00:00,-2.9282
2023-05-04 19:00:00,-2.9311
2023-05-04 20:00:00,-2.9357
2023-05-04 21:00:00,-2.9404
2023-05-04 22:00:00,-2.9412
2023-05-04 23:00:00,-2.9395
2023-05-05 00:00:00,-2.9378
2023-05-05 01:00:00,-2.9425
2023-05-05 02:00:00,-2.9516
2023-05-05 03:00:00,-2.9497
2023-05-05 04:00:00,-2.9471
2023-05-05 05:00:00,-2.9548
2023-05-05 06:00:00,-2.9570
2023-05-05 07:00:00,-2.9594
2023-05-05 08:00:00,-2.9592
2023-05-05 09:00:00,-2.9563
2023-05-05 10:00:00,-2.9561
2023-05-05 11:00:00,-2.9566
2023-05-05 12:00:00,-2.9577
2023-05-05 13:00:00,-2.9557
2023-05-05 14:00:00,-2.9552
2023-05-05 15:00:00,-2.9572
2023-05-05 16:00:00,-2.9582
2023-05-05 17:00:00,-2.9591
2023-05-05 18:00:00,-2.9585
2023-05-05 19:00:00,-2.9571
2023-05-05 20:00:00,-2.9587
2023-05-05 21:00:00,-2.9610
2023-05-05 22:00:00,-2.9631
2023-05-05 23:00:00,-2.9635
2023-05-06 00:00:00,-2.9630
2023-05-06 01:00:00,-2.9616
2023-05-06 02:00:00,-2.9611
2023-05-06 03:00:00,-2.9590
2023-05-06 04:00:00,-2.9610
2023-05-06 05:00:00,-2.9643
2023-05-06 06:00:00,-2.9635
2023-05-06 07:00:00,-2.9656
2023-05-06 08:00:00,-2.9680
2023-05-06 09:00:00,-2.9651
2023-05-06 10:00:00,-2.9658
2023-05-06 11:00:00,-2.9639
2023-05-06 12:00:00,-2.9626
2023-05-06 13:00:00,-2.9633
2023-05-06 14:00:00,-2.9646
2023-05-06 15:00:00,-2.9664
2023-05-06 16:00:00,-2.9658
2023-05-06 17:00:00,-2.9640
2023-05-06 18:00:00,-2.9662
2023-05-06 19:00:00,-2.9689
2023-05-06 20:00:00,-2.8846
2023-05-06 21:00:00,-2.7813
2023-05-06 22:00:00,-2.7591
2023-05-06 23:00:00,-2.7427
2023-05-07 00:00:00,-2.7330
2023-05-07 01:00:00,-2.7187
2023-05-07 02:00:00,-2.7125
2023-05-07 03:00:00,-2.7098
2023-05-07 04:00:00,-2.7075
2023-05-07 05:00:00,-2.7109
2023-05-07 06:00:00,-2.7139
2023-05-07 07:00:00,-2.7166
2023-05-07 08:00:00,-2.7228
2023-05-07 09:00:00,-2.7274
2023-05-07 10:00:00,-2.7281
2023-05-07 11:00:00,-2.7328
2023-05-07 12:00:00,-2.7366
2023-05-07 13:00:00,-2.7383
2023-05-07 14:00:00,-2.7429
2023-05-07 15:00:00,-2.7473
2023-05-07 16:00:00,-2.7543
2023-05-07 17:00:00,-2.7570
2023-05-07 18:00:00,-2.7400
2023-05-07 19:00:00,-2.7214
2023-05-07 20:00:00,-2.7107
2023-05-07 21:00:00,-2.7100
2023-05-07 22:00:00,-2.7121
2023-05-07 23:00:00,-2.7153
2023-05-08 00:00:00,-2.7157
2023-05-08 01:00:00,-2.7164
2023-05-08 02:00:00,-2.7193
2023-05-08 03:00:00,-2.7214
2023-05-08 04:00:00,-2.7245
2023-05-08 05:00:00,-2.7273
2023-05-08 06:00:00,-2.7275
2023-05-08 07:00:00,-2.7323
2023-05-08 08:00:00,-2.7361
2023-05-08 09:00:00,-2.7370
2023-05-08 10:00:00,-2.7371
2023-05-08 11:00:00,-2.7397
2023-05-08 12:00:00,-2.7421
2023-05-08 13:00:00,-2.7448
2023-05-08 14:00:00,-2.7444
2023-05-08 15:00:00,-2.7446
2023-05-08 16:00:00,-2.7474
2023-05-08 17:00:00,-2.7498
2023-05-08 18:00:00,-2.7525
2023-05-08 19:00:00,-2.7536
2023-05-08 20:00:00,-2.7537
2023-05-08 21:00:00,-2.7572
2023-05-08 22:00:00,-2.7619
2023-05-08 23:00:00,-2.7618
2023-05-09 00:00:00,-2.7564
2023-05-09 01:00:00,-2.7541
2023-05-09 02:00:00,-2.7578
2023-05-09 03:00:00,-2.7614
2023-05-09 04:00:00,-2.7605
2023-05-09 05:00:00,-2.7621
2023-05-09 06:00:00,-2.7630
2023-05-09 07:00:00,-2.7637
2023-05-09 08:00:00,-2.7644
2023-05-09 09:00:00,-2.7653
2023-05-09 10:00:00,-2.7664
2023-05-09 11:00:00,-2.7654
2023-05-09 12:00:00,-2.7667
2023-05-09 13:00:00,-2.7674
2023-05-09 14:00:00,-2.7630
2023-05-09 15:00:00,-2.7570
2023-05-09 16:00:00,-2.7477
2023-05-09 17:00:00,-2.7312
2023-05-09 18:00:00,-2.7131
2023-05-09 19:00:00,-2.7001
2023-05-09 20:00:00,-2.6862
2023-05-09 21:00:00,-2.6762
2023-05-09 22:00:00,-2.6706
2023-05-09 23:00:00,-2.6674
2023-05-10 00:00:00,-2.6620
2023-05-10 01:00:00,-2.6602
2023-05-10 02:00:00,-2.6640
2023-05-10 03:00:00,-2.6677
2023-05-10 04:00:00,-2.6725
2023-05-10 05:00:00,-2.6767
2023-05-10 06:00:00,-2.6795
2023-05-10 07:00:00,-2.6819
2023-05-10 08:00:00,-2.6865
2023-05-10 09:00:00,-2.6888
2023-05-10 10:00:00,-2.6906
2023-05-10 11:00:00,-2.6939
2023-05-10 12:00:00,-2.6974
2023-05-10 13:00:00,-2.6982
2023-05-10 14:00:00,-2.6998
2023-05-10 15:00:00,-2.7022
2023-05-10 16:00:00,-2.7049
2023-05-10 17:00:00,-2.7061
2023-05-10 18:00:00,-2.7057
2023-05-10 19:00:00,-2.7094
2023-05-10 20:00:00,-2.7114
2023-05-10 21:00:00,-2.7120
2023-05-10 22:00:00,-2.7133
2023-05-10 23:00:00,-2.7144
2023-05-11 00:00:00,-2.7110
2023-05-11 01:00:00,-2.7134
2023-05-11 02:00:00,-2.7162
2023-05-11 03:00:00,-2.7156
2023-05-11 04:00:00,-2.7162
2023-05-11 05:00:00,-2.7200
2023-05-11 06:00:00,-2.7192
2023-05-11 07:00:00,-2.7198
2023-05-11 08:00:00,-2.7246
2023-05-11 09:00:00,-2.7270
2023-05-11 10:00:00,-2.7242
2023-05-11 11:00:00,-2.7256
2023-05-11 12:00:00,-2.7264
2023-05-11 13:00:00,-2.7265
2023-05-11 14:00:00,-2.7257
2023-05-11 15:00:00,-2.7242
2023-05-11 16:00:00,-2.7216
2023-05-11 17:00:00,-2.7193
2023-05-11 18:00:00,-2.7163
2023-05-11 19:00:00,-2.7121
2023-05-11 20:00:00,-2.7102
2023-05-11 21:00:00,-2.7111
2023-05-11 22:00:00,-2.7131
2023-05-11 23:00:00,-2.7115
2023-05-12 00:00:00,-2.7088
2023-05-12 01:00:00,-2.7089
2023-05-12 02:00:00,-2.7088
2023-05-12 03:00:00,-2.7080
2023-05-12 04:00:00,-2.7087
2023-05-12 05:00:00,-2.7092
2023-05-12 06:00:00,-2.7093
2023-05-12 07:00:00,-2.7076
2023-05-12 08:00:00,-2.7074
2023-05-12 09:00:00,-2.7069
2023-05-12 10:00:00,-2.7033
2023-05-12 11:00:00,-2.7028
2023-05-12 12:00:00,-2.7041
2023-05-12 13:00:00,-2.7028
2023-05-12 14:00:00,-2.7027
2023-05-12 15:00:00,-2.7048
2023-05-12 16:00:00,-2.7056
2023-05-12 17:00:00,-2.7088
2023-05-12 18:00:00,-2.7112
2023-05-12 19:00:00,-2.7129
2023-05-12 20:00:00,-2.7174
2023-05-12 21:00:00,-2.7178
2023-05-12 22:00:00,-2.7194
2023-05-12 23:00:00,-2.7198
2023-05-13 00:00:00,-2.7178
2023-05-13 01:00:00,-2.7170
2023-05-13 02:00:00,-2.7157
2023-05-13 03:00:00,-2.7144
2023-05-13 04:00:00,-2.7155
2023-05-13 05:00:00,-2.7170
2023-05-13 06:00:00,-2.7190
2023-05-13 07:00:00,-2.7216
2023-05-13 08:00:00,-2.7230
2023-05-13 09:00:00,-2.7233
2023-05-13 10:00:00,-2.7234
2023-05-13 11:00:00,-2.7230
2023-05-13 12:00:00,-2.7238
2023-05-13 13:00:00,-2.7219
2023-05-13 14:00:00,-2.7221
2023-05-13 15:00:00,-2.7252
2023-05-13 16:00:00,-2.7269
2023-05-13 17:00:00,-2.7262
2023-05-13 18:00:00,-2.7291
2023-05-13 19:00:00,-2.7307
2023-05-13 20:00:00,-2.7327
2023-05-13 21:00:00,-2.7351
2023-05-13 22:00:00,-2.7396
2023-05-13 23:00:00,-2.7396
2023-05-14 00:00:00,-2.7395
2023-05-14 01:00:00,-2.7365
2023-05-14 02:00:00,-2.7355
2023-05-14 03:00:00,-2.7354
2023-05-14 04:00:00,-2.7378
2023-05-14 05:00:00,-2.7398
2023-05-14 06:00:00,-2.7398
2023-05-14 07:00:00,-2.7426
2023-05-14 08:00:00,-2.7454
2023-05-14 09:00:00,-2.7464
2023-05-14 10:00:00,-2.7467
2023-05-14 11:00:00,-2.7454
2023-05-14 12:00:00,-2.7442
2023-05-14 13:00:00,-2.7463
2023-05-14 14:00:00,-2.7457
2023-05-14 15:00:00,-2.7486
2023-05-14 16:00:00,-2.7502
2023-05-14 17:00:00,-2.7534
2023-05-14 18:00:00,-2.7582
2023-05-14 19:00:00,-2.7600
2023-05-14 20:00:00,-2.7611
2023-05-14 21:00:00,-2.7630
2023-05-14 22:00:00,-2.7653
2023-05-14 23:00:00,-2.7652
2023-05-15 00:00:00,-2.7643
2023-05-15 01:00:00,-2.7635
2023-05-15 02:00:00,-2.7633
2023-05-15 03:00:00,-2.7647
2023-05-15 04:00:00,-2.7673
2023-05-15 05:00:00,-2.7685
2023-05-15 06:00:00,-2.7697
2023-05-15 07:00:00,-2.7728
2023-05-15 08:00:00,-2.7727
2023-05-15 09:00:00,-2.7733
2023-05-15 10:00:00,-2.7750
2023-05-15 11:00:00,-2.7780
2023-05-15 12:00:00,-2.7793
2023-05-15 13:00:00,-2.7796
2023-05-15 14:00:00,-2.7795
2023-05-15 15:00:00,-2.7833
2023-05-15 16:00:00,-2.7859
2023-05-15 17:00:00,-2.7861
2023-05-15 18:00:00,-2.7873
2023-05-15 19:00:00,-2.7914
2023-05-15 20:00:00,-2.7934
2023-05-15 21:00:00,-2.7963
2023-05-15 22:00:00,-2.7957
2023-05-15 23:00:00,-2.7945
2023-05-16 00:00:00,-2.7943
2023-05-16 01:00:00,-2.7940
2023-05-16 02:00:00,-2.7935
2023-05-16 03:00:00,-2.7910
2023-05-16 04:00:00,-2.7927
2023-05-16 05:00:00,-2.7942
2023-05-16 06:00:00,-2.7952
2023-05-16 07:00:00,-2.7969
2023-05-16 08:00:00,-2.7985
2023-05-16 09:00:00,-2.7990
2023-05-16 10:00:00,-2.8000
2023-05-16 11:00:00,-2.8005
2023-05-16 12:00:00,-2.8008
2023-05-16 13:00:00,-2.8011
2023-05-16 14:00:00,-2.7999
2023-05-16 15:00:00,-2.8002
2023-05-16 16:00:00,-2.8012
2023-05-16 17:00:00,-2.8033
2023-05-16 18:00:00,-2.8036
2023-05-16 19:00:00,-2.8061
2023-05-16 20:00:00,-2.8083
2023-05-16 21:00:00,-2.8105
2023-05-16 22:00:00,-2.8114
2023-05-16 23:00:00,-2.8100
2023-05-17 00:00:00,-2.8113
2023-05-17 01:00:00,-2.8116
2023-05-17 02:00:00,-2.8137
2023-05-17 03:00:00,-2.8143
2023-05-17 04:00:00,-2.8147
2023-05-17 05:00:00,-2.8175
2023-05-17 06:00:00,-2.8180
2023-05-17 07:00:00,-2.8222
2023-05-17 08:00:00,-2.8240
2023-05-17 09:00:00,-2.8229
2023-05-17 10:00:00,-2.8239
2023-05-17 11:00:00,-2.8244
2023-05-17 12:00:00,-2.8223
2023-05-17 13:00:00,-2.8234
2023-05-17 14:00:00,-2.8231
2023-05-17 15:00:00,-2.8217
2023-05-17 16:00:00,-2.8221
2023-05-17 17:00:00,-2.8234
2023-05-17 18:00:00,-2.8255
2023-05-17 19:00:00,-2.8271
2023-05-17 20:00:00,-2.8293
2023-05-17 21:00:00,-2.8312
2023-05-17 22:00:00,-2.8325
2023-05-17 23:00:00,-2.8336
2023-05-18 00:00:00,-2.8338
2023-05-18 01:00:00,-2.8353
2023-05-18 02:00:00,-2.8361
2023-05-18 03:00:00,-2.8371
2023-05-18 04:00:00,-2.8400
2023-05-18 05:00:00,-2.8415
2023-05-18 06:00:00,-2.8422
2023-05-18 07:00:00,-2.8453
2023-05-18 08:00:00,-2.8480
2023-05-18 09:00:00,-2.8491
2023-05-18 10:00:00,-2.8499
2023-05-18 11:00:00,-2.8489
2023-05-18 12:00:00,-2.8481
2023-05-18 13:00:00,-2.8489
2023-05-18 14:00:00,-2.8478
2023-05-18 15:00:00,-2.8480
2023-05-18 16:00:00,-2.8500
2023-05-18 17:00:00,-2.8497
2023-05-18 18:00:00,-2.8512
2023-05-18 19:00:00,-2.8539
2023-05-18 20:00:00,-2.8567
2023-05-18 21:00:00,-2.8600
2023-05-18 22:00:00,-2.8630
2023-05-18 23:00:00,-2.8647
2023-05-19 00:00:00,-2.8646
2023-05-19 01:00:00,-2.8642
2023-05-19 02:00:00,-2.8638
2023-05-19 03:00:00,-2.8626
2023-05-19 04:00:00,-2.8634
2023-05-19 05:00:00,-2.8639
2023-05-19 06:00:00,-2.8645
2023-05-19 07:00:00,-2.8671
2023-05-19 08:00:00,-2.8681
2023-05-19 09:00:00,-2.8665
2023-05-19 10:00:00,-2.8665
2023-05-19 11:00:00,-2.8645
2023-05-19 12:00:00,-2.8640
2023-05-19 13:00:00,-2.8640
2023-05-19 14:00:00,-2.8640
2023-05-19 15:00:00,-2.8642
2023-05-19 16:00:00,-2.8631
2023-05-19 17:00:00,-2.8655
2023-05-19 18:00:00,-2.8652
2023-05-19 19:00:00,-2.8650
2023-05-19 20:00:00,-2.8687
2023-05-19 21:00:00,-2.8720
2023-05-19 22:00:00,-2.8727
2023-05-19 23:00:00,-2.8742
2023-05-20 00:00:00,-2.8733
2023-05-20 01:00:00,-2.8714
2023-05-20 02:00:00,-2.8707
2023-05-20 03:00:00,-2.8703
2023-05-20 04:00:00,-2.8692
2023-05-20 05:00:00,-2.8680
2023-05-20 06:00:00,-2.8690
2023-05-20 07:00:00,-2.8694
2023-05-20 08:00:00,-2.8690
2023-05-20 09:00:00,-2.8682
2023-05-20 10:00:00,-2.8678
2023-05-20 11:00:00,-2.8672
2023-05-20 12:00:00,-2.8664
2023-05-20 13:00:00,-2.8655
2023-05-20 14:00:00,-2.8650
2023-05-20 15:00:00,-2.8676
2023-05-20 16:00:00,-2.8693
2023-05-20 17:00:00,-2.8697
2023-05-20 18:00:00,-2.8701
2023-05-20 19:00:00,-2.8715
2023-05-20 20:00:00,-2.8760
2023-05-20 21:00:00,-2.8794
2023-05-20 22:00:00,-2.8792
2023-05-20 23:00:00,-2.8782
2023-05-21 00:00:00,-2.8774
2023-05-21 01:00:00,-2.8753
2023-05-21 02:00:00,-2.8765
2023-05-21 03:00:00,-2.8762
2023-05-21 04:00:00,-2.8753
2023-05-21 05:00:00,-2.8778
2023-05-21 06:00:00,-2.8782
2023-05-21 07:00:00,-2.8785
2023-05-21 08:00:00,-2.8780
2023-05-21 09:00:00,-2.8777
2023-05-21 10:00:00,-2.8811
2023-05-21 11:00:00,-2.8788
2023-05-21 12:00:00,-2.8779
2023-05-21 13:00:00,-2.8772
2023-05-21 14:00:00,-2.8766
2023-05-21 15:00:00,-2.8764
2023-05-21 16:00:00,-2.8794
2023-05-21 17:00:00,-2.8803
2023-05-21 18:00:00,-2.8798
2023-05-21 19:00:00,-2.8813
2023-05-21 20:00:00,-2.8830
2023-05-21 21:00:00,-2.8860
2023-05-21 22:00:00,-2.8871
2023-05-21 23:00:00,-2.8865
2023-05-22 00:00:00,-2.8866
2023-05-22 01:00:00,-2.8855
2023-05-22 02:00:00,-2.8846
2023-05-22 03:00:00,-2.8858
2023-05-22 04:00:00,-2.8842
2023-05-22 05:00:00,-2.8802
2023-05-22 06:00:00,-2.8870
2023-05-22 07:00:00,-2.8893
2023-05-22 08:00:00,-2.8917
2023-05-22 09:00:00,-2.8905
2023-05-22 10:00:00,-2.8920
2023-05-22 11:00:00,-2.8910
2023-05-22 12:00:00,-2.8882
2023-05-22 13:00:00,-2.8880
2023-05-22 14:00:00,-2.8891
2023-05-22 15:00:00,-2.8927
2023-05-22 16:00:00,-2.8960
2023-05-22 17:00:00,-2.8978
2023-05-22 18:00:00,-2.9016
2023-05-22 19:00:00,-2.9030
2023-05-22 20:00:00,-2.9046
2023-05-22 21:00:00,-2.9068
2023-05-22 22:00:00,-2.9114
2023-05-22 23:00:00,-2.9145
2023-05-23 00:00:00,-2.9096
2023-05-23 01:00:00,-2.9078
2023-05-23 02:00:00,-2.9071
2023-05-23 03:00:00,-2.9073
2023-05-23 04:00:00,-2.9081
2023-05-23 05:00:00,-2.9085
2023-05-23 06:00:00,-2.9102
2023-05-23 07:00:00,-2.9103
2023-05-23 08:00:00,-2.9111
2023-05-23 09:00:00,-2.9096
2023-05-23 10:00:00,-2.9079
2023-05-23 11:00:00,-2.9077
2023-05-23 12:00:00,-2.9085
2023-05-23 13:00:00,-2.9097
2023-05-23 14:00:00,-2.9078
2023-05-23 15:00:00,-2.9074
2023-05-23 16:00:00,-2.9085
2023-05-23 17:00:00,-2.9078
2023-05-23 18:00:00,-2.9096
2023-05-23 19:00:00,-2.9092
2023-05-23 20:00:00,-2.9095
2023-05-23 21:00:00,-2.9116
2023-05-23 22:00:00,-2.9148
2023-05-23 23:00:00,-2.9154
2023-05-24 00:00:00,-2.9131
2023-05-24 01:00:00,-2.9118
2023-05-24 02:00:00,-2.9115
2023-05-24 03:00:00,-2.9105
2023-05-24 04:00:00,-2.9112
2023-05-24 05:00:00,-2.9133
2023-05-24 06:00:00,-2.9163
2023-05-24 07:00:00,-2.9165
2023-05-24 08:00:00,-2.9169
2023-05-24 09:00:00,-2.9172
2023-05-24 10:00:00,-2.9181
2023-05-24 11:00:00,-2.9179
2023-05-24 12:00:00,-2.9164
2023-05-24 13:00:00,-2.9167
2023-05-24 14:00:00,-2.9177
2023-05-24 15:00:00,-2.9182
2023-05-24 16:00:00,-2.9194
2023-05-24 17:00:00,-2.9204
2023-05-24 18:00:00,-2.9229
2023-05-24 19:00:00,-2.9234
2023-05-24 20:00:00,-2.9233
2023-05-24 21:00:00,-2.9269
2023-05-24 22:00:00,-2.9293
2023-05-24 23:00:00,-2.9321
2023-05-25 00:00:00,-2.9316
2023-05-25 01:00:00,-2.9335
2023-05-25 02:00:00,-2.9301
2023-05-25 03:00:00,-2.9297
2023-05-25 04:00:00,-2.9337
2023-05-25 05:00:00,-2.9349
2023-05-25 06:00:00,-2.9344
2023-05-25 07:00:00,-2.9361
2023-05-25 08:00:00,-2.9385
2023-05-25 09:00:00,-2.9380
2023-05-25 10:00:00,-2.9385
2023-05-25 11:00:00,-2.9394
2023-05-25 12:00:00,-2.9383
2023-05-25 13:00:00,-2.9393
2023-05-25 14:00:00,-2.9376
2023-05-25 15:00:00,-2.9363
2023-05-25 16:00:00,-2.9366
2023-05-25 17:00:00,-2.9379
2023-05-25 18:00:00,-2.9398
2023-05-25 19:00:00,-2.9403
2023-05-25 20:00:00,-2.9420
2023-05-25 21:00:00,-2.9443
2023-05-25 22:00:00,-2.9456
2023-05-25 23:00:00,-2.9486
2023-05-26 00:00:00,-2.9476
2023-05-26 01:00:00,-2.9453
2023-05-26 02:00:00,-2.9439
2023-05-26 03:00:00,-2.9447
2023-05-26 04:00:00,-2.9473
2023-05-26 05:00:00,-2.9492
2023-05-26 06:00:00,-2.9490
2023-05-26 07:00:00,-2.9507
2023-05-26 08:00:00,-2.9537
2023-05-26 09:00:00,-2.9539
2023-05-26 10:00:00,-2.9513
2023-05-26 11:00:00,-2.9503
2023-05-26 12:00:00,-2.9533
2023-05-26 13:00:00,-2.9531
2023-05-26 14:00:00,-2.9531
2023-05-26 15:00:00,-2.9540
2023-05-26 16:00:00,-2.9541
2023-05-26 17:00:00,-2.9543
2023-05-26 18:00:00,-2.9555
2023-05-26 19:00:00,-2.9555
2023-05-26 20:00:00,-2.9574
2023-05-26 21:00:00,-2.9591
2023-05-26 22:00:00,-2.9610
2023-05-26 23:00:00,-2.9628
2023-05-27 00:00:00,-2.9617
2023-05-27 01:00:00,-2.9602
2023-05-27 02:00:00,-2.9599
2023-05-27 03:00:00,-2.9610
2023-05-27 04:00:00,-2.9623
2023-05-27 05:00:00,-2.9617
2023-05-27 06:00:00,-2.9629
2023-05-27 07:00:00,-2.9635
2023-05-27 08:00:00,-2.9636
2023-05-27 09:00:00,-2.9619
2023-05-27 10:00:00,-2.9611
2023-05-27 11:00:00,-2.9588
2023-05-27 12:00:00,-2.9591
2023-05-27 13:00:00,-2.9597
2023-05-27 14:00:00,-2.9582
2023-05-27 15:00:00,-2.9582
2023-05-27 16:00:00,-2.9602
2023-05-27 17:00:00,-2.9598
2023-05-27 18:00:00,-2.9632
2023-05-27 19:00:00,-2.9622
2023-05-27 20:00:00,-2.9640
2023-05-27 21:00:00,-2.9685
2023-05-27 22:00:00,-2.9722
2023-05-27 23:00:00,-2.9720
2023-05-28 00:00:00,-2.9693
2023-05-28 01:00:00,-2.9692
2023-05-28 02:00:00,-2.9688
2023-05-28 03:00:00,-2.9678
2023-05-28 04:00:00,-2.9688
2023-05-28 05:00:00,-2.9695
2023-05-28 06:00:00,-2.9713
2023-05-28 07:00:00,-2.9720
2023-05-28 08:00:00,-2.9723
2023-05-28 09:00:00,-2.9719
2023-05-28 10:00:00,-2.9737
2023-05-28 11:00:00,-2.9725
2023-05-28 12:00:00,-2.9697
2023-05-28 13:00:00,-2.9719
2023-05-28 14:00:00,-2.9731
2023-05-28 15:00:00,-2.9723
2023-05-28 16:00:00,-2.9720
2023-05-28 17:00:00,-2.9720
2023-05-28 18:00:00,-2.9732
2023-05-28 19:00:00,-2.9735
2023-05-28 20:00:00,-2.9767
2023-05-28 21:00:00,-2.9782
2023-05-28 22:00:00,-2.9794
2023-05-28 23:00:00,-2.9790
2023-05-29 00:00:00,-2.9780
2023-05-29 01:00:00,-2.9764
2023-05-29 02:00:00,-2.9749
2023-05-29 03:00:00,-2.9745
2023-05-29 04:00:00,-2.9774
2023-05-29 05:00:00,-2.9763
2023-05-29 06:00:00,-2.9736
2023-05-29 07:00:00,-2.9760
2023-05-29 08:00:00,-2.9765
2023-05-29 09:00:00,-2.9749
2023-05-29 10:00:00,-2.9771
2023-05-29 11:00:00,-2.9763
2023-05-29 12:00:00,-2.9761
2023-05-29 13:00:00,-2.9745
2023-05-29 14:00:00,-2.9754
2023-05-29 15:00:00,-2.9755
2023-05-29 16:00:00,-2.9761
2023-05-29 17:00:00,-2.9787
2023-05-29 18:00:00,-2.9802
2023-05-29 19:00:00,-2.9803
2023-05-29 20:00:00,-2.9826
2023-05-29 21:00:00,-2.9822
2023-05-29 22:00:00,-2.9825
2023-05-29 23:00:00,-2.9846
2023-05-30 00:00:00,-2.9839
2023-05-30 01:00:00,-2.9848
2023-05-30 02:00:00,-2.9856
2023-05-30 03:00:00,-2.9852
2023-05-30 04:00:00,-2.9851
2023-05-30 05:00:00,-2.9858
2023-05-30 06:00:00,-2.9882
2023-05-30 07:00:00,-2.9883
2023-05-30 08:00:00,-2.9880
2023-05-30 09:00:00,-2.9878
2023-05-30 10:00:00,-2.9882
2023-05-30 11:00:00,-2.9869
2023-05-30 12:00:00,-2.9848
2023-05-30 13:00:00,-2.9849
2023-05-30 14:00:00,-2.9849
2023-05-30 15:00:00,-2.9839
2023-05-30 16:00:00,-2.9837
2023-05-30 17:00:00,-2.9840
2023-05-30 18:00:00,-2.9854
2023-05-30 19:00:00,-2.9870
2023-05-30 20:00:00,-2.9868
2023-05-30 21:00:00,-2.9887
2023-05-30 22:00:00,-2.9888
2023-05-30 23:00:00,-2.9879
2023-05-31 00:00:00,-2.9875
2023-05-31 01:00:00,-2.9889
2023-05-31 02:00:00,-2.9920
2023-05-31 03:00:00,-2.9916
2023-05-31 04:00:00,-2.9917
2023-05-31 05:00:00,-2.9920
2023-05-31 06:00:00,-2.9935
2023-05-31 07:00:00,-2.9939
2023-05-31 08:00:00,-2.9953
2023-05-31 09:00:00,-2.9958
2023-05-31 10:00:00,-2.9956
2023-05-31 11:00:00,-2.9952
2023-05-31 12:00:00,-2.9959
2023-05-31 13:00:00,-2.9954
2023-05-31 14:00:00,-2.9960
2023-05-31 15:00:00,-2.9974
2023-05-31 16:00:00,-2.9993
2023-05-31 17:00:00,-3.0004
2023-05-31 18:00:00,-3.0021
2023-05-31 19:00:00,-3.0029
2023-05-31 20:00:00,-3.0027
2023-05-31 21:00:00,-3.0054
2023-05-31 22:00:00,-3.0096
2023-05-31 23:00:00,-3.0127
2023-06-01 00:00:00,-3.0137
2023-06-01 01:00:00,-3.0141
2023-06-01 02:00:00,-3.0146
2023-06-01 03:00:00,-3.0138
2023-06-01 04:00:00,-3.0142
2023-06-01 05:00:00,-3.0143
2023-06-01 06:00:00,-3.0157
2023-06-01 07:00:00,-3.0165
2023-06-01 08:00:00,-3.0179
2023-06-01 09:00:00,-3.0183
2023-06-01 10:00:00,-3.0189
2023-06-01 11:00:00,-3.0186
2023-06-01 12:00:00,-3.0172
2023-06-01 13:00:00,-3.0162
2023-06-01 14:00:00,-3.0172
2023-06-01 15:00:00,-3.0187
2023-06-01 16:00:00,-3.0188
2023-06-01 17:00:00,-3.0181
2023-06-01 18:00:00,-3.0166
2023-06-01 19:00:00,-3.0158
2023-06-01 20:00:00,-3.0168
2023-06-01 21:00:00,-3.0180
2023-06-01 22:00:00,-3.0170
2023-06-01 23:00:00,-3.0174
2023-06-02 00:00:00,-3.0152
2023-06-02 01:00:00,-3.0166
2023-06-02 02:00:00,-3.0159
2023-06-02 03:00:00,-3.0135
2023-06-02 04:00:00,-3.0120
2023-06-02 05:00:00,-3.0123
2023-06-02 06:00:00,-3.0112
2023-06-02 07:00:00,-3.0109
2023-06-02 08:00:00,-3.0105
2023-06-02 09:00:00,-3.0102
2023-06-02 10:00:00,-3.0096
2023-06-02 11:00:00,-3.0072
2023-06-02 12:00:00,-3.0061
2023-06-02 13:00:00,-3.0053
2023-06-02 14:00:00,-3.0043
2023-06-02 15:00:00,-3.0026
2023-06-02 16:00:00,-3.0026
2023-06-02 17:00:00,-3.0009
2023-06-02 18:00:00,-2.9972
2023-06-02 19:00:00,-2.9975
2023-06-02 20:00:00,-2.9995
2023-06-02 21:00:00,-3.0001
2023-06-02 22:00:00,-2.9990
2023-06-02 23:00:00,-3.0016
2023-06-03 00:00:00,-2.9985
2023-06-03 01:00:00,-2.9987
2023-06-03 02:00:00,-2.9984
2023-06-03 03:00:00,-2.9963
2023-06-03 04:00:00,-2.9946
2023-06-03 05:00:00,-2.9949
2023-06-03 06:00:00,-2.9930
2023-06-03 07:00:00,-2.9931
2023-06-03 08:00:00,-2.9937
2023-06-03 09:00:00,-2.9931
2023-06-03 10:00:00,-2.9919
2023-06-03 11:00:00,-2.9912
2023-06-03 12:00:00,-2.9884
2023-06-03 13:00:00,-2.9890
2023-06-03 14:00:00,-2.9882
2023-06-03 15:00:00,-2.9891
2023-06-03 16:00:00,-2.9890
2023-06-03 17:00:00,-2.9877
2023-06-03 18:00:00,-2.9886
2023-06-03 19:00:00,-2.9913
2023-06-03 20:00:00,-2.9920
2023-06-03 21:00:00,-2.9941
2023-06-03 22:00:00,-2.9961
2023-06-03 23:00:00,-2.9975
2023-06-04 00:00:00,-2.9968
2023-06-04 01:00:00,-2.9957
2023-06-04 02:00:00,-2.9934
2023-06-04 03:00:00,-2.9914
2023-06-04 04:00:00,-2.9910
2023-06-04 05:00:00,-2.9904
2023-06-04 06:00:00,-2.9889
2023-06-04 07:00:00,-2.9897
2023-06-04 08:00:00,-2.9900
2023-06-04 09:00:00,-2.9901
2023-06-04 10:00:00,-2.9892
2023-06-04 11:00:00,-2.9896
2023-06-04 12:00:00,-2.9905
2023-06-04 13:00:00,-2.9902
2023-06-04 14:00:00,-2.9888
2023-06-04 15:00:00,-2.9877
2023-06-04 16:00:00,-2.9896
2023-06-04 17:00:00,-2.9884
2023-06-04 18:00:00,-2.9888
2023-06-04 19:00:00,-2.9897
2023-06-04 20:00:00,-2.9906
2023-06-04 21:00:00,-2.9939
2023-06-04 22:00:00,-2.9940
2023-06-04 23:00:00,-2.9957
2023-06-05 00:00:00,-2.9950
2023-06-05 01:00:00,-2.9915
2023-06-05 02:00:00,-2.9903
2023-06-05 03:00:00,-2.9899
2023-06-05 04:00:00,-2.9867
2023-06-05 05:00:00,-2.9855
2023-06-05 06:00:00,-2.9860
2023-06-05 07:00:00,-2.9869
2023-06-05 08:00:00,-2.9865
2023-06-05 09:00:00,-2.9860
2023-06-05 10:00:00,-2.9874
2023-06-05 11:00:00,-2.9850
2023-06-05 12:00:00,-2.9829
2023-06-05 13:00:00,-2.9833
2023-06-05 14:00:00,-2.9828
2023-06-05 15:00:00,-2.9825
2023-06-05 16:00:00,-2.9826
2023-06-05 17:00:00,-2.9830
2023-06-05 18:00:00,-2.9846
2023-06-05 19:00:00,-2.9861
2023-06-05 20:00:00,-2.9860
2023-06-05 21:00:00,-2.9880
2023-06-05 22:00:00,-2.9900
2023-06-05 23:00:00,-2.9915
2023-06-06 00:00:00,-2.9894
2023-06-06 01:00:00,-2.9898
2023-06-06 02:00:00,-2.9899
2023-06-06 03:00:00,-2.9876
2023-06-06 04:00:00,-2.9874
2023-06-06 05:00:00,-2.9863
2023-06-06 06:00:00,-2.9853
2023-06-06 07:00:00,-2.9860
2023-06-06 08:00:00,-2.9857
2023-06-06 09:00:00,-2.9858
2023-06-06 10:00:00,-2.9854
2023-06-06 11:00:00,-2.9837
2023-06-06 12:00:00,-2.9847
2023-06-06 13:00:00,-2.9842
2023-06-06 14:00:00,-2.9847
2023-06-06 15:00:00,-2.9843
2023-06-06 16:00:00,-2.9855
2023-06-06 17:00:00,-2.9863
2023-06-06 18:00:00,-2.9885
2023-06-06 19:00:00,-2.9882
2023-06-06 20:00:00,-2.9908
2023-06-06 21:00:00,-2.9927
2023-06-06 22:00:00,-2.9951
2023-06-06 23:00:00,-2.9956
2023-06-07 00:00:00,-2.9945
2023-06-07 01:00:00,-2.9942
2023-06-07 02:00:00,-2.9919
2023-06-07 03:00:00,-2.9914
2023-06-07 04:00:00,-2.9914
2023-06-07 05:00:00,-2.9910
2023-06-07 06:00:00,-2.9905
2023-06-07 07:00:00,-2.9923
2023-06-07 08:00:00,-2.9943
2023-06-07 09:00:00,-2.9945
2023-06-07 10:00:00,-2.9930
2023-06-07 11:00:00,-2.9904
2023-06-07 12:00:00,-2.9900
2023-06-07 13:00:00,-2.9895
2023-06-07 14:00:00,-2.9894
2023-06-07 15:00:00,-2.9909
2023-06-07 16:00:00,-2.9906
2023-06-07 17:00:00,-2.9913
2023-06-07 18:00:00,-2.9946
2023-06-07 19:00:00,-2.9958
2023-06-07 20:00:00,-2.9969
2023-06-07 21:00:00,-2.9998
2023-06-07 22:00:00,-3.0007
2023-06-07 23:00:00,-3.0024
2023-06-08 00:00:00,-3.0018
2023-06-08 01:00:00,-3.0003
2023-06-08 02:00:00,-3.0000
2023-06-08 03:00:00,-2.9978
2023-06-08 04:00:00,-2.9975
2023-06-08 05:00:00,-2.9976
2023-06-08 06:00:00,-2.9978
2023-06-08 07:00:00,-2.9997
2023-06-08 08:00:00,-2.9992
2023-06-08 09:00:00,-2.9967
2023-06-08 10:00:00,-2.9979
2023-06-08 11:00:00,-2.9983
2023-06-08 12:00:00,-2.9993
2023-06-08 13:00:00,-2.9976
2023-06-08 14:00:00,-2.9967
2023-06-08 15:00:00,-2.9959
2023-06-08 16:00:00,-2.9962
2023-06-08 17:00:00,-2.9961
2023-06-08 18:00:00,-2.9963
2023-06-08 19:00:00,-2.9973
2023-06-08 20:00:00,-3.0007
2023-06-08 21:00:00,-3.0024
2023-06-08 22:00:00,-3.0075
2023-06-08 23:00:00,-3.0089
2023-06-09 00:00:00,-3.0047
2023-06-09 01:00:00,-3.0021
2023-06-09 02:00:00,-2.9994
2023-06-09 03:00:00,-2.9980
2023-06-09 04:00:00,-2.9980
2023-06-09 05:00:00,-2.9975
2023-06-09 06:00:00,-2.9983
2023-06-09 07:00:00,-3.0009
2023-06-09 08:00:00,-3.0012
2023-06-09 09:00:00,-3.0010
2023-06-09 10:00:00,-3.0015
2023-06-09 11:00:00,-3.0013
2023-06-09 12:00:00,-3.0010
2023-06-09 13:00:00,-2.9996
2023-06-09 14:00:00,-2.9997
2023-06-09 15:00:00,-3.0011
2023-06-09 16:00:00,-3.0021
2023-06-09 17:00:00,-3.0017
2023-06-09 18:00:00,-3.0038
2023-06-09 19:00:00,-3.0055
2023-06-09 20:00:00,-3.0093
2023-06-09 21:00:00,-3.0137
2023-06-09 22:00:00,-3.0172
2023-06-09 23:00:00,-3.0199
2023-06-10 00:00:00,-3.0174
2023-06-10 01:00:00,-3.0153
2023-06-10 02:00:00,-3.0156
2023-06-10 03:00:00,-3.0158
2023-06-10 04:00:00,-3.0148
2023-06-10 05:00:00,-3.0145
2023-06-10 06:00:00,-3.0142
2023-06-10 07:00:00,-3.0168
2023-06-10 08:00:00,-3.0165
2023-06-10 09:00:00,-3.0150
2023-06-10 10:00:00,-3.0157
2023-06-10 11:00:00,-3.0151
2023-06-10 12:00:00,-3.0149
2023-06-10 13:00:00,-3.0138
2023-06-10 14:00:00,-3.0134
2023-06-10 15:00:00,-3.0150
2023-06-10 16:00:00,-3.0159
2023-06-10 17:00:00,-3.0179
2023-06-10 18:00:00,-3.0197
2023-06-10 19:00:00,-3.0189
2023-06-10 20:00:00,-3.0228
2023-06-10 21:00:00,-3.0263
2023-06-10 22:00:00,-3.0294
2023-06-10 23:00:00,-3.0300
2023-06-11 00:00:00,-3.0297
2023-06-11 01:00:00,-3.0265
2023-06-11 02:00:00,-3.0245
2023-06-11 03:00:00,-3.0228
2023-06-11 04:00:00,-3.0212
2023-06-11 05:00:00,-3.0220
2023-06-11 06:00:00,-3.0236
2023-06-11 07:00:00,-3.0252
2023-06-11 08:00:00,-3.0239
2023-06-11 09:00:00,-3.0240
2023-06-11 10:00:00,-3.0218
2023-06-11 11:00:00,-3.0193
2023-06-11 12:00:00,-3.0182
2023-06-11 13:00:00,-3.0198
2023-06-11 14:00:00,-3.0183
2023-06-11 15:00:00,-3.0181
2023-06-11 16:00:00,-3.0210
2023-06-11 17:00:00,-3.0230
2023-06-11 18:00:00,-3.0234
2023-06-11 19:00:00,-3.0259
2023-06-11 20:00:00,-3.0277
2023-06-11 21:00:00,-3.0305
2023-06-11 22:00:00,-3.0332
2023-06-11 23:00:00,-3.0353
2023-06-12 00:00:00,-3.0338
2023-06-12 01:00:00,-3.0321
2023-06-12 02:00:00,-3.0296
2023-06-12 03:00:00,-3.0290
2023-06-12 04:00:00,-3.0294
2023-06-12 05:00:00,-3.0278
2023-06-12 06:00:00,-3.0277
2023-06-12 07:00:00,-3.0290
2023-06-12 08:00:00,-3.0270
2023-06-12 09:00:00,-3.0267
2023-06-12 10:00:00,-3.0264
2023-06-12 11:00:00,-3.0236
2023-06-12 12:00:00,-3.0241
2023-06-12 13:00:00,-3.0252
2023-06-12 14:00:00,-3.0232
2023-06-12 15:00:00,-3.0250
2023-06-12 16:00:00,-3.0256
2023-06-12 17:00:00,-3.0256
2023-06-12 18:00:00,-3.0272
2023-06-12 19:00:00,-3.0281
2023-06-12 20:00:00,-3.0290
2023-06-12 21:00:00,-3.0328
2023-06-12 22:00:00,-3.0382
2023-06-12 23:00:00,-3.0391
2023-06-13 00:00:00,-3.0387
2023-06-13 01:00:00,-3.0376
2023-06-13 02:00:00,-3.0345
2023-06-13 03:00:00,-3.0319
2023-06-13 04:00:00,-3.0308
2023-06-13 05:00:00,-3.0309
2023-06-13 06:00:00,-3.0310
2023-06-13 07:00:00,-3.0305
2023-06-13 08:00:00,-3.0322
2023-06-13 09:00:00,-3.0325
2023-06-13 10:00:00,-3.0312
2023-06-13 11:00:00,-3.0303
2023-06-13 12:00:00,-3.0296
2023-06-13 13:00:00,-3.0285
2023-06-13 14:00:00,-3.0285
2023-06-13 15:00:00,-3.0303
2023-06-13 16:00:00,-3.0302
2023-06-13 17:00:00,-3.0326
2023-06-13 18:00:00,-3.0347
2023-06-13 19:00:00,-3.0373
2023-06-13 20:00:00,-3.0401
2023-06-13 21:00:00,-3.0424
2023-06-13 22:00:00,-3.0445
2023-06-13 23:00:00,-3.0472
2023-06-14 00:00:00,-3.0462
2023-06-14 01:00:00,-3.0451
2023-06-14 02:00:00,-3.0437
2023-06-14 03:00:00,-3.0421
2023-06-14 04:00:00,-3.0404
2023-06-14 05:00:00,-3.0403
2023-06-14 06:00:00,-3.0417
2023-06-14 07:00:00,-3.0423
2023-06-14 08:00:00,-3.0406
2023-06-14 09:00:00,-3.0419
2023-06-14 10:00:00,-3.0431
2023-06-14 11:00:00,-3.0425
2023-06-14 12:00:00,-3.0420
2023-06-14 13:00:00,-3.0433
2023-06-14 14:00:00,-3.0412
2023-06-14 15:00:00,-3.0411
2023-06-14 16:00:00,-3.0444
2023-06-14 17:00:00,-3.0441
2023-06-14 18:00:00,-3.0461
2023-06-14 19:00:00,-3.0469
2023-06-14 20:00:00,-3.0517
2023-06-14 21:00:00,-3.0561
2023-06-14 22:00:00,-3.0590
2023-06-14 23:00:00,-3.0604
2023-06-15 00:00:00,-3.0597
2023-06-15 01:00:00,-3.0597
2023-06-15 02:00:00,-3.0588
2023-06-15 03:00:00,-3.0602
2023-06-15 04:00:00,-3.0596
2023-06-15 05:00:00,-3.0601
2023-06-15 06:00:00,-3.0612
2023-06-15 07:00:00,-3.0621
2023-06-15 08:00:00,-3.0632
2023-06-15 09:00:00,-3.0608
2023-06-15 10:00:00,-3.0619
2023-06-15 11:00:00,-3.0608
2023-06-15 12:00:00,-3.0608
2023-06-15 13:00:00,-3.0613
2023-06-15 14:00:00,-3.0613
2023-06-15 15:00:00,-3.0604
2023-06-15 16:00:00,-3.0617
2023-06-15 17:00:00,-3.0630
2023-06-15 18:00:00,-3.0640
2023-06-15 19:00:00,-3.0643
2023-06-15 20:00:00,-3.0674
2023-06-15 21:00:00,-3.0709
2023-06-15 22:00:00,-3.0723
2023-06-15 23:00:00,-3.0738
2023-06-16 00:00:00,-3.0722
2023-06-16 01:00:00,-3.0718
2023-06-16 02:00:00,-3.0724
2023-06-16 03:00:00,-3.0705
2023-06-16 04:00:00,-3.0707
2023-06-16 05:00:00,-3.0716
2023-06-16 06:00:00,-3.0727
2023-06-16 07:00:00,-3.0740
2023-06-16 08:00:00,-3.0744
2023-06-16 09:00:00,-3.0746
2023-06-16 10:00:00,-3.0750
2023-06-16 11:00:00,-3.0734
2023-06-16 12:00:00,-3.0738
2023-06-16 13:00:00,-3.0750
2023-06-16 14:00:00,-3.0738
2023-06-16 15:00:00,-3.0749
2023-06-16 16:00:00,-3.0752
2023-06-16 17:00:00,-3.0766
2023-06-16 18:00:00,-3.0785
2023-06-16 19:00:00,-3.0775
2023-06-16 20:00:00,-3.0799
2023-06-16 21:00:00,-3.0819
2023-06-16 22:00:00,-3.0822
2023-06-16 23:00:00,-3.0854
2023-06-17 00:00:00,-3.0839
2023-06-17 01:00:00,-3.0822
2023-06-17 02:00:00,-3.0830
2023-06-17 03:00:00,-3.0829
2023-06-17 04:00:00,-3.0836
2023-06-17 05:00:00,-3.0823
2023-06-17 06:00:00,-3.0825
2023-06-17 07:00:00,-3.0843
2023-06-17 08:00:00,-3.0836
2023-06-17 09:00:00,-3.0834
2023-06-17 10:00:00,-3.0824
2023-06-17 11:00:00,-3.0825
2023-06-17 12:00:00,-3.0827
2023-06-17 13:00:00,-3.0804
2023-06-17 14:00:00,-3.0788
2023-06-17 15:00:00,-3.0795
2023-06-17 16:00:00,-3.0807
2023-06-17 17:00:00,-3.0828
2023-06-17 18:00:00,-3.0839
2023-06-17 19:00:00,-3.0827
2023-06-17 20:00:00,-3.0836
2023-06-17 21:00:00,-3.0862
2023-06-17 22:00:00,-3.0859
2023-06-17 23:00:00,-3.0853
2023-06-18 00:00:00,-3.0843
2023-06-18 01:00:00,-3.0830
2023-06-18 02:00:00,-3.0826
2023-06-18 03:00:00,-3.0822
2023-06-18 04:00:00,-3.0817
2023-06-18 05:00:00,-3.0800
2023-06-18 06:00:00,-3.0820
2023-06-18 07:00:00,-3.0835
2023-06-18 08:00:00,-3.0825
2023-06-18 09:00:00,-3.0840
2023-06-18 10:00:00,-3.0854
2023-06-18 11:00:00,-3.0817
2023-06-18 12:00:00,-3.0803
2023-06-18 13:00:00,-3.0813
2023-06-18 14:00:00,-3.0818
2023-06-18 15:00:00,-3.0834
2023-06-18 16:00:00,-3.0834
2023-06-18 17:00:00,-3.0828
2023-06-18 18:00:00,-3.0808
2023-06-18 19:00:00,-3.0827
2023-06-18 20:00:00,-3.0822
2023-06-18 21:00:00,-3.0792
2023-06-18 22:00:00,-3.0846
2023-06-18 23:00:00,-3.0846
2023-06-19 00:00:00,-3.0784
2023-06-19 01:00:00,-3.0748
2023-06-19 02:00:00,-3.0740
2023-06-19 03:00:00,-3.0834
2023-06-19 04:00:00,-3.0890
2023-06-19 05:00:00,-3.0894
2023-06-19 06:00:00,-3.0912
2023-06-19 07:00:00,-3.0981
2023-06-19 08:00:00,-3.0996
2023-06-19 09:00:00,-3.0981
2023-06-19 10:00:00,-3.0970
2023-06-19 11:00:00,-3.0939
2023-06-19 12:00:00,-3.0914
2023-06-19 13:00:00,-3.0871
2023-06-19 14:00:00,-3.0828
2023-06-19 15:00:00,-3.0835
2023-06-19 16:00:00,-3.0835
2023-06-19 17:00:00,-3.0816
2023-06-19 18:00:00,-3.0823
2023-06-19 19:00:00,-3.0823
2023-06-19 20:00:00,-3.0833
2023-06-19 21:00:00,-3.0835
2023-06-19 22:00:00,-3.0855
2023-06-19 23:00:00,-3.0873
2023-06-20 00:00:00,-3.0855
2023-06-20 01:00:00,-3.0815
2023-06-20 02:00:00,-3.0800
2023-06-20 03:00:00,-3.0797
2023-06-20 04:00:00,-3.0790
2023-06-20 05:00:00,-3.0788
2023-06-20 06:00:00,-3.0775
2023-06-20 07:00:00,-3.0776
2023-06-20 08:00:00,-3.0769
2023-06-20 09:00:00,-3.0753
2023-06-20 10:00:00,-3.0780
2023-06-20 11:00:00,-3.0761
2023-06-20 12:00:00,-3.0766
2023-06-20 13:00:00,-3.0785
2023-06-20 14:00:00,-3.0774
2023-06-20 15:00:00,-3.0801
2023-06-20 16:00:00,-3.0784
2023-06-20 17:00:00,-3.0807
2023-06-20 18:00:00,-3.0941
2023-06-20 19:00:00,-3.1003
2023-06-20 20:00:00,-3.0534
2023-06-20 21:00:00,-3.0494
2023-06-20 22:00:00,-3.0423
2023-06-20 23:00:00,-3.0425
2023-06-21 00:00:00,-3.0380
2023-06-21 01:00:00,-3.0358
2023-06-21 02:00:00,-3.0376
2023-06-21 03:00:00,-3.0372
2023-06-21 04:00:00,-3.0382
2023-06-21 05:00:00,-3.0372
2023-06-21 06:00:00,-3.0405
2023-06-21 07:00:00,-3.0410
2023-06-21 08:00:00,-3.0399
2023-06-21 09:00:00,-3.0419
2023-06-21 10:00:00,-3.0441
2023-06-21 11:00:00,-3.0429
2023-06-21 12:00:00,-3.0437
2023-06-21 13:00:00,-3.0456
2023-06-21 14:00:00,-3.0473
2023-06-21 15:00:00,-3.0492
2023-06-21 16:00:00,-3.0484
2023-06-21 17:00:00,-3.0471
2023-06-21 18:00:00,-3.0475
2023-06-21 19:00:00,-3.0487
2023-06-21 20:00:00,-3.0505
2023-06-21 21:00:00,-3.0474
2023-06-21 22:00:00,-3.0465
2023-06-21 23:00:00,-3.0519
2023-06-22 00:00:00,-3.0529
2023-06-22 01:00:00,-3.0514
2023-06-22 02:00:00,-3.0516
2023-06-22 03:00:00,-3.0497
2023-06-22 04:00:00,-3.0476
2023-06-22 05:00:00,-3.0456
2023-06-22 06:00:00,-3.0444
2023-06-22 07:00:00,-3.0441
2023-06-22 08:00:00,-3.0452
2023-06-22 09:00:00,-3.0442
2023-06-22 10:00:00,-3.0403
2023-06-22 11:00:00,-3.0366
2023-06-22 12:00:00,-3.0370
2023-06-22 13:00:00,-3.0385
2023-06-22 14:00:00,-3.0391
2023-06-22 15:00:00,-3.0385
2023-06-22 16:00:00,-3.0389
2023-06-22 17:00:00,-3.0412
2023-06-22 18:00:00,-3.0444
2023-06-22 19:00:00,-3.0451
2023-06-22 20:00:00,-3.0488
2023-06-22 21:00:00,-3.0521
2023-06-22 22:00:00,-3.0529
2023-06-22 23:00:00,-3.0548
2023-06-23 00:00:00,-3.0555
2023-06-23 01:00:00,-3.0551
2023-06-23 02:00:00,-3.0552
2023-06-23 03:00:00,-3.0551
2023-06-23 04:00:00,-3.0551
2023-06-23 05:00:00,-3.0575
2023-06-23 06:00:00,-3.0577
2023-06-23 07:00:00,-3.0560
2023-06-23 08:00:00,-3.0557
2023-06-23 09:00:00,-3.0566
2023-06-23 10:00:00,-3.0546
2023-06-23 11:00:00,-3.0543
2023-06-23 12:00:00,-3.0561
2023-06-23 13:00:00,-3.0548
2023-06-23 14:00:00,-3.0561
2023-06-23 15:00:00,-3.0557
2023-06-23 16:00:00,-3.0548
2023-06-23 17:00:00,-3.0557
2023-06-23 18:00:00,-3.0581
2023-06-23 19:00:00,-3.0562
2023-06-23 20:00:00,-3.0573
2023-06-23 21:00:00,-3.0577
2023-06-23 22:00:00,-3.0593
2023-06-23 23:00:00,-3.0610
2023-06-24 00:00:00,-3.0618
2023-06-24 01:00:00,-3.0617
2023-06-24 02:00:00,-3.0621
2023-06-24 03:00:00,-3.0609
2023-06-24 04:00:00,-3.0603
2023-06-24 05:00:00,-3.0594
2023-06-24 06:00:00,-3.0605
2023-06-24 07:00:00,-3.0644
2023-06-24 08:00:00,-3.0640
2023-06-24 09:00:00,-3.0635
2023-06-24 10:00:00,-3.0629
2023-06-24 11:00:00,-3.0633
2023-06-24 12:00:00,-3.0630
2023-06-24 13:00:00,-3.0605
2023-06-24 14:00:00,-3.0614
2023-06-24 15:00:00,-3.0615
2023-06-24 16:00:00,-3.0633
2023-06-24 17:00:00,-3.0647
2023-06-24 18:00:00,-3.0651
2023-06-24 19:00:00,-3.0652
2023-06-24 20:00:00,-3.0670
2023-06-24 21:00:00,-3.0685
2023-06-24 22:00:00,-3.0695
2023-06-24 23:00:00,-3.0714
2023-06-25 00:00:00,-3.0684
2023-06-25 01:00:00,-3.0679
2023-06-25 02:00:00,-3.0684
2023-06-25 03:00:00,-3.0643
2023-06-25 04:00:00,-3.0630
2023-06-25 05:00:00,-3.0627
2023-06-25 06:00:00,-3.0657
2023-06-25 07:00:00,-3.0672
2023-06-25 08:00:00,-3.0681
2023-06-25 09:00:00,-3.0677
2023-06-25 10:00:00,-3.0672
2023-06-25 11:00:00,-3.0665
2023-06-25 12:00:00,-3.0676
2023-06-25 13:00:00,-3.0687
2023-06-25 14:00:00,-3.0673
2023-06-25 15:00:00,-3.0685
2023-06-25 16:00:00,-3.0707
2023-06-25 17:00:00,-3.0720
2023-06-25 18:00:00,-3.0724
2023-06-25 19:00:00,-3.0726
2023-06-25 20:00:00,-3.0742
2023-06-25 21:00:00,-3.0771
2023-06-25 22:00:00,-3.0768
2023-06-25 23:00:00,-3.0806
2023-06-26 00:00:00,-3.0822
2023-06-26 01:00:00,-3.0815
2023-06-26 02:00:00,-3.0831
2023-06-26 03:00:00,-3.0843
2023-06-26 04:00:00,-3.0895
2023-06-26 05:00:00,-3.0904
2023-06-26 06:00:00,-3.0924
2023-06-26 07:00:00,-3.0933
2023-06-26 08:00:00,-3.0938
2023-06-26 09:00:00,-3.0954
2023-06-26 10:00:00,-3.0961
2023-06-26 11:00:00,-3.0939
2023-06-26 12:00:00,-3.0939
2023-06-26 13:00:00,-3.0980
2023-06-26 14:00:00,-3.0980
2023-06-26 15:00:00,-3.0976
2023-06-26 16:00:00,-3.0952
2023-06-26 17:00:00,-3.0954
2023-06-26 18:00:00,-3.0932
2023-06-26 19:00:00,-3.0934
2023-06-26 20:00:00,-3.0957
2023-06-26 21:00:00,-3.0971
2023-06-26 22:00:00,-3.0970
2023-06-26 23:00:00,-3.0989
2023-06-27 00:00:00,-3.0965
2023-06-27 01:00:00,-3.0955
2023-06-27 02:00:00,-3.0955
2023-06-27 03:00:00,-3.0953
2023-06-27 04:00:00,-3.0957
2023-06-27 05:00:00,-3.0965
2023-06-27 06:00:00,-3.0959
2023-06-27 07:00:00,-3.0983
2023-06-27 08:00:00,-3.0978
2023-06-27 09:00:00,-3.0997
2023-06-27 10:00:00,-3.0985
2023-06-27 11:00:00,-3.0991
2023-06-27 12:00:00,-3.1006
2023-06-27 13:00:00,-3.1002
2023-06-27 14:00:00,-3.0994
2023-06-27 15:00:00,-3.0994
2023-06-27 16:00:00,-3.0994
2023-06-27 17:00:00,-3.0984
2023-06-27 18:00:00,-3.0989
2023-06-27 19:00:00,-3.0993
2023-06-27 20:00:00,-3.1022
2023-06-27 21:00:00,-3.1049
2023-06-27 22:00:00,-3.1042
2023-06-27 23:00:00,-3.1064
2023-06-28 00:00:00,-3.1055
2023-06-28 01:00:00,-3.1026
2023-06-28 02:00:00,-3.1020
2023-06-28 03:00:00,-3.1049
2023-06-28 04:00:00,-3.1052
2023-06-28 05:00:00,-3.1040
2023-06-28 06:00:00,-3.1022
2023-06-28 07:00:00,-3.1036
2023-06-28 08:00:00,-3.1047
2023-06-28 09:00:00,-3.1051
2023-06-28 10:00:00,-3.1081
2023-06-28 11:00:00,-3.1082
2023-06-28 12:00:00,-3.1068
2023-06-28 13:00:00,-3.1061
2023-06-28 14:00:00,-3.1059
2023-06-28 15:00:00,-3.1050
2023-06-28 16:00:00,-3.1058
2023-06-28 17:00:00,-3.1073
2023-06-28 18:00:00,-3.1053
2023-06-28 19:00:00,-3.1060
2023-06-28 20:00:00,-3.1078
2023-06-28 21:00:00,-3.1096
2023-06-28 22:00:00,-3.1080
2023-06-28 23:00:00,-3.1099
2023-06-29 00:00:00,-3.1098
2023-06-29 01:00:00,-3.1072
2023-06-29 02:00:00,-3.1083
2023-06-29 03:00:00,-3.1087
2023-06-29 04:00:00,-3.1055
2023-06-29 05:00:00,-3.1055
2023-06-29 06:00:00,-3.1049
2023-06-29 07:00:00,-3.1052
2023-06-29 08:00:00,-3.1065
2023-06-29 09:00:00,-3.1079
2023-06-29 10:00:00,-3.1080
2023-06-29 11:00:00,-3.1074
2023-06-29 12:00:00,-3.1079
2023-06-29 13:00:00,-3.1097
2023-06-29 14:00:00,-3.1095
2023-06-29 15:00:00,-3.1112
2023-06-29 16:00:00,-3.1128
2023-06-29 17:00:00,-3.1143
2023-06-29 18:00:00,-3.1152
2023-06-29 19:00:00,-3.1139
2023-06-29 20:00:00,-3.1135
2023-06-29 21:00:00,-3.1105
2023-06-29 22:00:00,-3.1132
2023-06-29 23:00:00,-3.1150
2023-06-30 00:00:00,-3.1109
2023-06-30 01:00:00,-3.1119
2023-06-30 02:00:00,-3.1097
2023-06-30 03:00:00,-3.1073
2023-06-30 04:00:00,-3.1055
2023-06-30 05:00:00,-3.1063
2023-06-30 06:00:00,-3.1067
2023-06-30 07:00:00,-3.1083
2023-06-30 08:00:00,-3.1075
2023-06-30 09:00:00,-3.1061
2023-06-30 10:00:00,-3.1058
2023-06-30 11:00:00,-3.1034
2023-06-30 12:00:00,-3.1026
2023-06-30 13:00:00,-3.1029
2023-06-30 14:00:00,-3.1026
2023-06-30 15:00:00,-3.1036
2023-06-30 16:00:00,-3.1056
2023-06-30 17:00:00,-3.1075
2023-06-30 18:00:00,-3.1079
2023-06-30 19:00:00,-3.1064
2023-06-30 20:00:00,-3.1086
2023-06-30 21:00:00,-3.1091
2023-06-30 22:00:00,-3.1083
2023-06-30 23:00:00,-3.1078
2023-07-01 00:00:00,-3.1067
2023-07-01 01:00:00,-3.1047
2023-07-01 02:00:00,-3.1052
2023-07-01 03:00:00,-3.1046
2023-07-01 04:00:00,-3.1042
2023-07-01 05:00:00,-3.1052
2023-07-01 06:00:00,-3.1055
2023-07-01 07:00:00,-3.1055
2023-07-01 08:00:00,-3.1067
2023-07-01 09:00:00,-3.1050
2023-07-01 10:00:00,-3.1045
2023-07-01 11:00:00,-3.1011
2023-07-01 12:00:00,-3.0968
2023-07-01 13:00:00,-3.0943
2023-07-01 14:00:00,-3.0939
2023-07-01 15:00:00,-3.0947
2023-07-01 16:00:00,-3.0941
2023-07-01 17:00:00,-3.0901
2023-07-01 18:00:00,-3.0866
2023-07-01 19:00:00,-3.0822
2023-07-01 20:00:00,-3.0791
2023-07-01 21:00:00,-3.0785
2023-07-01 22:00:00,-3.0772
2023-07-01 23:00:00,-3.0769
2023-07-02 00:00:00,-3.0748
2023-07-02 01:00:00,-3.0722
2023-07-02 02:00:00,-3.0704
2023-07-02 03:00:00,-3.0690
2023-07-02 04:00:00,-3.0678
2023-07-02 05:00:00,-3.0682
2023-07-02 06:00:00,-3.0688
2023-07-02 07:00:00,-3.0689
2023-07-02 08:00:00,-3.0683
2023-07-02 09:00:00,-3.0685
2023-07-02 10:00:00,-3.0690
2023-07-02 11:00:00,-3.0679
2023-07-02 12:00:00,-3.0673
2023-07-02 13:00:00,-3.0674
2023-07-02 14:00:00,-3.0666
2023-07-02 15:00:00,-3.0660
2023-07-02 16:00:00,-3.0668
2023-07-02 17:00:00,-3.0647
2023-07-02 18:00:00,-3.0633
2023-07-02 19:00:00,-3.0631
2023-07-02 20:00:00,-3.0624
2023-07-02 21:00:00,-3.0642
2023-07-02 22:00:00,-3.0670
2023-07-02 23:00:00,-3.0696
2023-07-03 00:00:00,-3.0694
2023-07-03 01:00:00,-3.0677
2023-07-03 02:00:00,-3.0670
2023-07-03 03:00:00,-3.0680
2023-07-03 04:00:00,-3.0716
2023-07-03 05:00:00,-3.0719
2023-07-03 06:00:00,-3.0743
2023-07-03 07:00:00,-3.0757
2023-07-03 08:00:00,-3.0774
2023-07-03 09:00:00,-3.0782
2023-07-03 10:00:00,-3.0797
2023-07-03 11:00:00,-3.0812
2023-07-03 12:00:00,-3.0819
2023-07-03 13:00:00,-3.0819
2023-07-03 14:00:00,-3.0837
2023-07-03 15:00:00,-3.0834
2023-07-03 16:00:00,-3.0832
2023-07-03 17:00:00,-3.0824
2023-07-03 18:00:00,-3.0824
2023-07-03 19:00:00,-3.0835
2023-07-03 20:00:00,-3.0858
2023-07-03 21:00:00,-3.0913
2023-07-03 22:00:00,-3.0964
2023-07-03 23:00:00,-3.0986
2023-07-04 00:00:00,-3.0973
2023-07-04 01:00:00,-3.0967
2023-07-04 02:00:00,-3.0970
2023-07-04 03:00:00,-3.0982
2023-07-04 04:00:00,-3.0990
2023-07-04 05:00:00,-3.0962
2023-07-04 06:00:00,-3.0988
2023-07-04 07:00:00,-3.1001
2023-07-04 08:00:00,-3.1018
2023-07-04 09:00:00,-3.1032
2023-07-04 10:00:00,-3.1032
2023-07-04 11:00:00,-3.1031
2023-07-04 12:00:00,-3.1055
2023-07-04 13:00:00,-3.1043
2023-07-04 14:00:00,-3.1028
2023-07-04 15:00:00,-3.1040
2023-07-04 18:00:00,-3.1064
2023-07-04 19:00:00,-3.1070
2023-07-04 20:00:00,-3.1075
2023-07-04 21:00:00,-3.1078
2023-07-04 22:00:00,-3.1079
2023-07-04 23:00:00,-3.1077
2023-07-05 00:00:00,-3.1075
2023-07-05 01:00:00,-3.1070
2023-07-05 02:00:00,-3.1065
2023-07-05 03:00:00,-3.1053
2023-07-05 04:00:00,-3.1040
2023-07-05 05:00:00,-3.1027
2023-07-05 06:00:00,-3.1013
2023-07-05 07:00:00,-3.1003
2023-07-05 08:00:00,-3.0993
2023-07-05 09:00:00,-3.0992
2023-07-05 10:00:00,-3.0893
2023-07-05 11:00:00,-3.0893
2023-07-05 12:00:00,-3.0861
2023-07-05 13:00:00,-3.0825
2023-07-05 14:00:00,-3.0785
2023-07-05 15:00:00,-3.0749
2023-07-05 16:00:00,-3.0723
2023-07-05 17:00:00,-3.0704
2023-07-05 18:00:00,-3.0694
2023-07-05 19:00:00,-3.0693
2023-07-05 20:00:00,-3.0702
2023-07-05 21:00:00,-3.0719
2023-07-05 22:00:00,-3.0737
2023-07-05 23:00:00,-3.0753
2023-07-06 00:00:00,-3.0773
2023-07-06 01:00:00,-3.0788
2023-07-06 02:00:00,-3.0805
2023-07-06 03:00:00,-3.0822
2023-07-06 04:00:00,-3.0837
2023-07-06 05:00:00,-3.0851
2023-07-06 06:00:00,-3.0864
2023-07-06 07:00:00,-3.0877
2023-07-06 08:00:00,-3.0889
2023-07-06 09:00:00,-3.0899
2023-07-06 10:00:00,-3.0909
2023-07-06 11:00:00,-3.0921
2023-07-06 12:00:00,-3.0932
2023-07-06 13:00:00,-3.0943
2023-07-06 14:00:00,-3.0953
2023-07-06 15:00:00,-3.0964
2023-07-06 16:00:00,-3.0975
2023-07-06 17:00:00,-3.0986
2023-07-06 18:00:00,-3.0995
2023-07-06 19:00:00,-3.1003
2023-07-06 20:00:00,-3.1009
2023-07-06 21:00:00,-3.1015
2023-07-06 22:00:00,-3.1020
2023-07-06 23:00:00,-3.1024
2023-07-07 00:00:00,-3.1026
2023-07-07 01:00:00,-3.1027
2023-07-07 02:00:00,-3.1028
2023-07-07 03:00:00,-3.1028
2023-07-07 04:00:00,-3.1027
2023-07-07 05:00:00,-3.1026
2023-07-07 06:00:00,-3.1024
2023-07-07 07:00:00,-3.1022
2023-07-07 08:00:00,-3.1019
2023-07-07 09:00:00,-3.1017
2023-07-07 10:00:00,-3.1015
2023-07-07 11:00:00,-3.1015
2023-07-07 12:00:00,-3.1019
2023-07-07 13:00:00,-3.1024
2023-07-07 14:00:00,-3.1028
2023-07-07 15:00:00,-3.1033
2023-07-07 16:00:00,-3.1040
2023-07-07 17:00:00,-3.1046
2023-07-07 18:00:00,-3.1051
2023-07-07 19:00:00,-3.1059
2023-07-07 20:00:00,-3.1066
2023-07-07 21:00:00,-3.1071
2023-07-07 22:00:00,-3.1075
2023-07-07 23:00:00,-3.1078
2023-07-08 00:00:00,-3.1077
2023-07-08 01:00:00,-3.1075
2023-07-08 02:00:00,-3.1073
2023-07-08 03:00:00,-3.1067
2023-07-08 04:00:00,-3.1063
2023-07-08 05:00:00,-3.1058
2023-07-08 06:00:00,-3.1051
2023-07-08 07:00:00,-3.1045
2023-07-08 08:00:00,-3.1040
2023-07-08 09:00:00,-3.1033
2023-07-08 10:00:00,-3.1029
2023-07-08 11:00:00,-3.1026
2023-07-08 12:00:00,-3.1028
2023-07-08 13:00:00,-3.1035
2023-07-08 14:00:00,-3.1042
2023-07-08 15:00:00,-3.1048
2023-07-08 16:00:00,-3.1055
2023-07-08 17:00:00,-3.1062
2023-07-08 18:00:00,-3.1068
2023-07-08 19:00:00,-3.1075
2023-07-08 20:00:00,-3.1081
2023-07-08 21:00:00,-3.1085
2023-07-08 22:00:00,-3.1085
2023-07-08 23:00:00,-3.1087
2023-07-09 00:00:00,-3.1084
2023-07-09 01:00:00,-3.1078
2023-07-09 02:00:00,-3.1073
2023-07-09 03:00:00,-3.1065
2023-07-09 04:00:00,-3.1056
2023-07-09 05:00:00,-3.1053
2023-07-09 06:00:00,-3.1046
2023-07-09 07:00:00,-3.1042
2023-07-09 08:00:00,-3.1038
2023-07-09 09:00:00,-3.1033
2023-07-09 10:00:00,-3.1026
2023-07-09 11:00:00,-3.1022
2023-07-09 12:00:00,-3.1020
2023-07-09 13:00:00,-3.1024
2023-07-09 14:00:00,-3.1034
2023-07-09 15:00:00,-3.1042
2023-07-09 16:00:00,-3.1054
2023-07-09 17:00:00,-3.1060
2023-07-09 18:00:00,-3.1053
2023-07-09 19:00:00,-3.1062
2023-07-09 20:00:00,-3.1052
2023-07-09 21:00:00,-3.1043
2023-07-09 22:00:00,-3.1031
2023-07-09 23:00:00,-3.1018
2023-07-10 00:00:00,-3.1007
2023-07-10 01:00:00,-3.0997
2023-07-10 02:00:00,-3.0987
2023-07-10 03:00:00,-3.0973
2023-07-10 04:00:00,-3.0962
2023-07-10 05:00:00,-3.0955
2023-07-10 06:00:00,-3.0946
2023-07-10 07:00:00,-3.0938
2023-07-10 08:00:00,-3.0929
2023-07-10 09:00:00,-3.0920
2023-07-10 10:00:00,-3.0912
2023-07-10 11:00:00,-3.0908
2023-07-10 12:00:00,-3.0905
2023-07-10 13:00:00,-3.0906
2023-07-10 14:00:00,-3.0909
2023-07-10 15:00:00,-3.0912
2023-07-10 16:00:00,-3.0921
2023-07-10 17:00:00,-3.0932
2023-07-10 18:00:00,-3.0940
2023-07-10 19:00:00,-3.0948
2023-07-10 20:00:00,-3.0956
2023-07-10 21:00:00,-3.0964
2023-07-10 22:00:00,-3.0970
2023-07-10 23:00:00,-3.0972
2023-07-11 00:00:00,-3.0971
2023-07-11 01:00:00,-3.0971
2023-07-11 02:00:00,-3.0966
2023-07-11 03:00:00,-3.0959
2023-07-11 04:00:00,-3.0954
2023-07-11 05:00:00,-3.0949
2023-07-11 06:00:00,-3.0945
2023-07-11 07:00:00,-3.0942
2023-07-11 08:00:00,-3.0941
2023-07-11 09:00:00,-3.0939
2023-07-11 10:00:00,-3.0938
2023-07-11 11:00:00,-3.0944
2023-07-11 12:00:00,-3.0957
2023-07-11 13:00:00,-3.0970
2023-07-11 14:00:00,-3.0984
2023-07-11 15:00:00,-3.0996
2023-07-11 16:00:00,-3.1009
2023-07-11 17:00:00,-3.1026
2023-07-11 18:00:00,-3.1037
2023-07-11 19:00:00,-3.1052
2023-07-11 20:00:00,-3.1066
2023-07-11 21:00:00,-3.1080
2023-07-11 22:00:00,-3.1095
2023-07-11 23:00:00,-3.1105
2023-07-12 00:00:00,-3.1115
2023-07-12 01:00:00,-3.1121
2023-07-12 02:00:00,-3.1128
2023-07-12 03:00:00,-3.1134
2023-07-12 04:00:00,-3.1142
2023-07-12 05:00:00,-3.1146
2023-07-12 06:00:00,-3.1151
2023-07-12 07:00:00,-3.1156
2023-07-12 08:00:00,-3.1161
2023-07-12 09:00:00,-3.1167
2023-07-12 10:00:00,-3.1171
2023-07-12 11:00:00,-3.1177
2023-07-12 12:00:00,-3.1184
2023-07-12 13:00:00,-3.1193
2023-07-12 14:00:00,-3.1201
2023-07-12 15:00:00,-3.1210
2023-07-12 16:00:00,-3.1218
2023-07-12 17:00:00,-3.1226
2023-07-12 18:00:00,-3.1233
2023-07-12 19:00:00,-3.1240
2023-07-12 20:00:00,-3.1246
2023-07-12 21:00:00,-3.1252
2023-07-12 22:00:00,-3.1259
2023-07-12 23:00:00,-3.1266
2023-07-13 00:00:00,-3.1286
2023-07-13 01:00:00,-3.1293
2023-07-13 02:00:00,-3.1300
2023-07-13 03:00:00,-3.1308
2023-07-13 04:00:00,-3.1315
2023-07-13 05:00:00,-3.1324
2023-07-13 06:00:00,-3.1331
2023-07-13 07:00:00,-3.1339
2023-07-13 08:00:00,-3.1347
2023-07-13 09:00:00,-3.1356
2023-07-13 10:00:00,-3.1365
2023-07-13 11:00:00,-3.1375
2023-07-13 12:00:00,-3.1383
2023-07-13 13:00:00,-3.1393
2023-07-13 14:00:00,-3.1404
2023-07-13 15:00:00,-3.1411
2023-07-13 16:00:00,-3.1419
2023-07-13 17:00:00,-3.1424
2023-07-13 18:00:00,-3.1427
2023-07-13 19:00:00,-3.1431
2023-07-13 20:00:00,-3.1434
2023-07-13 21:00:00,-3.1437
2023-07-13 22:00:00,-3.1446
2023-07-13 23:00:00,-3.1449
2023-07-14 00:00:00,-3.1454
2023-07-14 01:00:00,-3.1459
2023-07-14 02:00:00,-3.1462
2023-07-14 03:00:00,-3.1464
2023-07-14 04:00:00,-3.1466
2023-07-14 05:00:00,-3.1470
2023-07-14 06:00:00,-3.1475
2023-07-14 07:00:00,-3.1481
2023-07-14 08:00:00,-3.1485
2023-07-14 09:00:00,-3.1492
2023-07-14 10:00:00,-3.1498
2023-07-14 11:00:00,-3.1505
2023-07-14 12:00:00,-3.1512
2023-07-14 13:00:00,-3.1518
2023-07-14 14:00:00,-3.1524
2023-07-14 15:00:00,-3.1528
2023-07-14 16:00:00,-3.1532
2023-07-14 17:00:00,-3.1536
2023-07-14 18:00:00,-3.1538
2023-07-14 19:00:00,-3.1543
2023-07-14 20:00:00,-3.1547
2023-07-14 21:00:00,-3.1551
2023-07-14 22:00:00,-3.1556
2023-07-14 23:00:00,-3.1556
2023-07-15 00:00:00,-3.1560
2023-07-15 01:00:00,-3.1564
2023-07-15 02:00:00,-3.1567
2023-07-15 03:00:00,-3.1572
2023-07-15 04:00:00,-3.1576
2023-07-15 05:00:00,-3.1579
2023-07-15 06:00:00,-3.1580
2023-07-15 07:00:00,-3.1583
2023-07-15 08:00:00,-3.1588
2023-07-15 09:00:00,-3.1594
2023-07-15 10:00:00,-3.1601
2023-07-15 11:00:00,-3.1608
2023-07-15 12:00:00,-3.1617
2023-07-15 13:00:00,-3.1624
2023-07-15 14:00:00,-3.1629
2023-07-15 15:00:00,-3.1635
2023-07-15 16:00:00,-3.1639
2023-07-15 17:00:00,-3.1646
2023-07-15 18:00:00,-3.1654
2023-07-15 19:00:00,-3.1660
2023-07-15 20:00:00,-3.1664
2023-07-15 21:00:00,-3.1669
2023-07-15 22:00:00,-3.1675
2023-07-15 23:00:00,-3.1681
2023-07-16 00:00:00,-3.1686
2023-07-16 01:00:00,-3.1691
2023-07-16 02:00:00,-3.1695
2023-07-16 03:00:00,-3.1700
2023-07-16 04:00:00,-3.1705
2023-07-16 05:00:00,-3.1710
2023-07-16 06:00:00,-3.1715
2023-07-16 07:00:00,-3.1720
2023-07-16 08:00:00,-3.1725
2023-07-16 09:00:00,-3.1731
2023-07-16 10:00:00,-3.1739
2023-07-16 11:00:00,-3.1744
2023-07-16 12:00:00,-3.1754
2023-07-16 13:00:00,-3.1760
2023-07-16 14:00:00,-3.1768
2023-07-16 15:00:00,-3.1769
2023-07-16 16:00:00,-3.1777
2023-07-16 17:00:00,-3.1777
2023-07-16 18:00:00,-3.1777
2023-07-16 19:00:00,-3.1774
2023-07-16 20:00:00,-3.1776
2023-07-16 21:00:00,-3.1782
2023-07-16 22:00:00,-3.1788
2023-07-16 23:00:00,-3.1794
2023-07-17 00:00:00,-3.1800
2023-07-17 01:00:00,-3.1808
2023-07-17 02:00:00,-3.1813
2023-07-17 03:00:00,-3.1818
2023-07-17 04:00:00,-3.1824
2023-07-17 05:00:00,-3.1826
2023-07-17 06:00:00,-3.1826
2023-07-17 07:00:00,-3.1830
2023-07-17 08:00:00,-3.1835
2023-07-17 09:00:00,-3.1839
2023-07-17 10:00:00,-3.1844
2023-07-17 11:00:00,-3.1848
2023-07-17 12:00:00,-3.1849
2023-07-17 13:00:00,-3.1854
2023-07-17 14:00:00,-3.1855
2023-07-17 15:00:00,-3.1858
2023-07-17 16:00:00,-3.1860
2023-07-17 17:00:00,-3.1861
2023-07-17 18:00:00,-3.1864
2023-07-17 19:00:00,-3.1866
2023-07-17 20:00:00,-3.1868
2023-07-17 21:00:00,-3.1874
2023-07-17 22:00:00,-3.1880
2023-07-17 23:00:00,-3.1886
2023-07-18 00:00:00,-3.1894
2023-07-18 01:00:00,-3.1902
2023-07-18 02:00:00,-3.1906
2023-07-18 03:00:00,-3.1907
2023-07-18 04:00:00,-3.1909
2023-07-18 05:00:00,-3.1913
2023-07-18 06:00:00,-3.1915
2023-07-18 07:00:00,-3.1921
2023-07-18 08:00:00,-3.1923
2023-07-18 09:00:00,-3.1925
2023-07-18 10:00:00,-3.1927
2023-07-18 11:00:00,-3.1929
2023-07-18 12:00:00,-3.1931
2023-07-18 13:00:00,-3.1936
2023-07-18 14:00:00,-3.1938
2023-07-18 15:00:00,-3.1943
2023-07-18 16:00:00,-3.1944
2023-07-18 17:00:00,-3.1944
2023-07-18 18:00:00,-3.1949
2023-07-18 19:00:00,-3.1947
2023-07-18 20:00:00,-3.1945
2023-07-18 21:00:00,-3.1947
2023-07-18 22:00:00,-3.1952
2023-07-18 23:00:00,-3.1953
2023-07-19 00:00:00,-3.1958
2023-07-19 01:00:00,-3.1962
2023-07-19 02:00:00,-3.1968
2023-07-19 03:00:00,-3.1972
2023-07-19 04:00:00,-3.1974
2023-07-19 05:00:00,-3.1977
2023-07-19 06:00:00,-3.1976
2023-07-19 07:00:00,-3.1978
2023-07-19 08:00:00,-3.1972
2023-07-19 09:00:00,-3.1974
2023-07-19 10:00:00,-3.1976
2023-07-19 11:00:00,-3.1974
2023-07-19 12:00:00,-3.1973
2023-07-19 13:00:00,-3.1973
2023-07-19 14:00:00,-3.1972
2023-07-19 15:00:00,-3.1973
2023-07-19 16:00:00,-3.1970
2023-07-19 17:00:00,-3.1973
2023-07-19 18:00:00,-3.1975
2023-07-19 19:00:00,-3.1971
2023-07-19 20:00:00,-3.1955
2023-07-19 21:00:00,-3.1957
2023-07-19 22:00:00,-3.1973
2023-07-19 23:00:00,-3.1973
2023-07-20 00:00:00,-3.1975
2023-07-20 01:00:00,-3.1977
2023-07-20 02:00:00,-3.1974
2023-07-20 03:00:00,-3.1974
2023-07-20 04:00:00,-3.1969
2023-07-20 05:00:00,-3.1970
2023-07-20 06:00:00,-3.1967
2023-07-20 07:00:00,-3.1960
2023-07-20 08:00:00,-3.1950
2023-07-20 09:00:00,-3.1946
2023-07-20 10:00:00,-3.1938
2023-07-20 11:00:00,-3.1928
2023-07-20 12:00:00,-3.1924
2023-07-20 13:00:00,-3.1918
2023-07-20 14:00:00,-3.1918
2023-07-20 15:00:00,-3.1914
2023-07-20 16:00:00,-3.1906
2023-07-20 17:00:00,-3.1901
2023-07-20 18:00:00,-3.1891
2023-07-20 19:00:00,-3.1880
2023-07-20 20:00:00,-3.1868
2023-07-20 21:00:00,-3.1855
2023-07-20 22:00:00,-3.1841
2023-07-20 23:00:00,-3.1832
2023-07-21 00:00:00,-3.1827
2023-07-21 01:00:00,-3.1820
2023-07-21 02:00:00,-3.1813
2023-07-21 03:00:00,-3.1814
2023-07-21 04:00:00,-3.1811
2023-07-21 05:00:00,-3.1807
2023-07-21 06:00:00,-3.1807
2023-07-21 07:00:00,-3.1804
2023-07-21 08:00:00,-3.1799
2023-07-21 09:00:00,-3.1797
2023-07-21 10:00:00,-3.1795
2023-07-21 11:00:00,-3.1795
2023-07-21 12:00:00,-3.1810
2023-07-21 13:00:00,-3.1819
2023-07-21 14:00:00,-3.1833
2023-07-21 15:00:00,-3.1841
2023-07-21 16:00:00,-3.1849
2023-07-21 17:00:00,-3.1854
2023-07-21 18:00:00,-3.1857
2023-07-21 19:00:00,-3.1855
2023-07-21 20:00:00,-3.1851
2023-07-21 21:00:00,-3.1843
2023-07-21 22:00:00,-3.1840
2023-07-21 23:00:00,-3.1841
2023-07-22 00:00:00,-3.1851
2023-07-22 01:00:00,-3.1861
2023-07-22 02:00:00,-3.1870
2023-07-22 03:00:00,-3.1881
2023-07-22 04:00:00,-3.1888
2023-07-22 05:00:00,-3.1900
2023-07-22 06:00:00,-3.1907
2023-07-22 07:00:00,-3.1915
2023-07-22 08:00:00,-3.1917
2023-07-22 09:00:00,-3.1920
2023-07-22 10:00:00,-3.1920
2023-07-22 11:00:00,-3.1923
2023-07-22 12:00:00,-3.1929
2023-07-22 13:00:00,-3.1934
2023-07-22 14:00:00,-3.1938
2023-07-22 15:00:00,-3.1940
2023-07-22 16:00:00,-3.1941
2023-07-22 17:00:00,-3.1944
2023-07-22 18:00:00,-3.1941
2023-07-22 19:00:00,-3.1935
2023-07-22 20:00:00,-3.1947
2023-07-22 21:00:00,-3.1940
2023-07-22 22:00:00,-3.1943
2023-07-22 23:00:00,-3.1942
2023-07-23 00:00:00,-3.1942
2023-07-23 01:00:00,-3.1942
2023-07-23 02:00:00,-3.1942
2023-07-23 03:00:00,-3.1946
2023-07-23 04:00:00,-3.1951
2023-07-23 05:00:00,-3.1950
2023-07-23 06:00:00,-3.1959
2023-07-23 07:00:00,-3.1966
2023-07-23 08:00:00,-3.1973
2023-07-23 09:00:00,-3.1976
2023-07-23 10:00:00,-3.1978
2023-07-23 11:00:00,-3.1978
2023-07-23 12:00:00,-3.1976
2023-07-23 13:00:00,-3.1975
2023-07-23 14:00:00,-3.1977
2023-07-23 15:00:00,-3.1970
2023-07-23 16:00:00,-3.1970
2023-07-23 17:00:00,-3.1962
2023-07-23 18:00:00,-3.1953
2023-07-23 19:00:00,-3.1943
2023-07-23 20:00:00,-3.1926
2023-07-23 21:00:00,-3.1910
2023-07-23 22:00:00,-3.1894
2023-07-23 23:00:00,-3.1876
2023-07-24 00:00:00,-3.1866
2023-07-24 01:00:00,-3.1860
2023-07-24 02:00:00,-3.1855
2023-07-24 03:00:00,-3.1851
2023-07-24 04:00:00,-3.1849
2023-07-24 05:00:00,-3.1846
2023-07-24 06:00:00,-3.1842
2023-07-24 07:00:00,-3.1835
2023-07-24 08:00:00,-3.1827
2023-07-24 09:00:00,-3.1824
2023-07-24 10:00:00,-3.1818
2023-07-24 11:00:00,-3.1809
2023-07-24 12:00:00,-3.1795
2023-07-24 13:00:00,-3.1781
2023-07-24 14:00:00,-3.1772
2023-07-24 15:00:00,-3.1745
2023-07-24 16:00:00,-3.1740
2023-07-24 17:00:00,-3.1738
2023-07-24 18:00:00,-3.1735
2023-07-24 19:00:00,-3.1734
2023-07-24 20:00:00,-3.1721
2023-07-24 21:00:00,-3.1718
2023-07-24 22:00:00,-3.1709
2023-07-24 23:00:00,-3.1699
2023-07-25 00:00:00,-3.1689
2023-07-25 01:00:00,-3.1688
2023-07-25 02:00:00,-3.1685
2023-07-25 03:00:00,-3.1674
2023-07-25 04:00:00,-3.1666
2023-07-25 05:00:00,-3.1664
2023-07-25 06:00:00,-3.1661
2023-07-25 07:00:00,-3.1657
2023-07-25 08:00:00,-3.1649
2023-07-25 09:00:00,-3.1635
2023-07-25 10:00:00,-3.1623
2023-07-25 11:00:00,-3.1613
2023-07-25 12:00:00,-3.1599
2023-07-25 13:00:00,-3.1587
2023-07-25 14:00:00,-3.1576
2023-07-25 15:00:00,-3.1563
2023-07-25 16:00:00,-3.1551
2023-07-25 17:00:00,-3.1540
2023-07-25 18:00:00,-3.1530
2023-07-25 19:00:00,-3.1519
2023-07-25 20:00:00,-3.1513
2023-07-25 21:00:00,-3.1504
2023-07-25 22:00:00,-3.1496
2023-07-25 23:00:00,-3.1483
2023-07-26 00:00:00,-3.1475
2023-07-26 01:00:00,-3.1469
2023-07-26 02:00:00,-3.1470
2023-07-26 03:00:00,-3.1471
2023-07-26 04:00:00,-3.1476
2023-07-26 05:00:00,-3.1480
2023-07-26 06:00:00,-3.1485
2023-07-26 07:00:00,-3.1487
2023-07-26 08:00:00,-3.1485
2023-07-26 09:00:00,-3.1480
2023-07-26 10:00:00,-3.1474
2023-07-26 11:00:00,-3.1472
2023-07-26 12:00:00,-3.1463
2023-07-26 13:00:00,-3.1457
2023-07-26 14:00:00,-3.1449
2023-07-26 15:00:00,-3.1440
2023-07-26 16:00:00,-3.1432
2023-07-26 17:00:00,-3.1424
2023-07-26 18:00:00,-3.1414
2023-07-26 19:00:00,-3.1406
2023-07-26 20:00:00,-3.1402
2023-07-26 21:00:00,-3.1396
2023-07-26 22:00:00,-3.1392
2023-07-26 23:00:00,-3.1386
2023-07-27 00:00:00,-3.1383
2023-07-27 01:00:00,-3.1385
2023-07-27 02:00:00,-3.1384
2023-07-27 03:00:00,-3.1383
2023-07-27 04:00:00,-3.1385
2023-07-27 05:00:00,-3.1384
2023-07-27 06:00:00,-3.1385
2023-07-27 07:00:00,-3.1388
2023-07-27 08:00:00,-3.1383
2023-07-27 09:00:00,-3.1377
2023-07-27 10:00:00,-3.1369
2023-07-27 11:00:00,-3.1361
2023-07-27 12:00:00,-3.1349
2023-07-27 13:00:00,-3.1333
2023-07-27 14:00:00,-3.1320
2023-07-27 15:00:00,-3.1310
2023-07-27 16:00:00,-3.1301
2023-07-27 17:00:00,-3.1291
2023-07-27 18:00:00,-3.1279
2023-07-27 19:00:00,-3.1268
2023-07-27 20:00:00,-3.1259
2023-07-27 21:00:00,-3.1251
2023-07-27 22:00:00,-3.1242
2023-07-27 23:00:00,-3.1234
2023-07-28 00:00:00,-3.1198
2023-07-28 01:00:00,-3.1197
2023-07-28 02:00:00,-3.1179
2023-07-28 03:00:00,-3.1163
2023-07-28 04:00:00,-3.1147
2023-07-28 05:00:00,-3.1134
2023-07-28 06:00:00,-3.1123
2023-07-28 07:00:00,-3.1113
2023-07-28 08:00:00,-3.1104
2023-07-28 09:00:00,-3.1098
2023-07-28 10:00:00,-3.1093
2023-07-28 11:00:00,-3.1089
2023-07-28 12:00:00,-3.1091
2023-07-28 13:00:00,-3.1086
2023-07-28 14:00:00,-3.1080
2023-07-28 15:00:00,-3.1073
2023-07-28 16:00:00,-3.1069
2023-07-28 17:00:00,-3.1061
2023-07-28 18:00:00,-3.1056
2023-07-28 19:00:00,-3.1052
2023-07-28 20:00:00,-3.1045
2023-07-28 21:00:00,-3.1039
2023-07-28 22:00:00,-3.1035
2023-07-28 23:00:00,-3.1028
2023-07-29 00:00:00,-3.1024
2023-07-29 01:00:00,-3.1020
2023-07-29 02:00:00,-3.1014
2023-07-29 03:00:00,-3.1010
2023-07-29 04:00:00,-3.1007
2023-07-29 05:00:00,-3.1004
2023-07-29 06:00:00,-3.1004
2023-07-29 07:00:00,-3.1008
2023-07-29 08:00:00,-3.1013
2023-07-29 09:00:00,-3.1017
2023-07-29 10:00:00,-3.1025
2023-07-29 11:00:00,-3.1033
2023-07-29 12:00:00,-3.1040
2023-07-29 13:00:00,-3.1047
2023-07-29 14:00:00,-3.1055
2023-07-29 15:00:00,-3.1064
2023-07-29 16:00:00,-3.1075
2023-07-29 17:00:00,-3.1086
2023-07-29 18:00:00,-3.1095
2023-07-29 19:00:00,-3.1103
2023-07-29 20:00:00,-3.1111
2023-07-29 21:00:00,-3.1122
2023-07-29 22:00:00,-3.1136
2023-07-29 23:00:00,-3.1149
2023-07-30 00:00:00,-3.1161
2023-07-30 01:00:00,-3.1174
2023-07-30 02:00:00,-3.1188
2023-07-30 03:00:00,-3.1202
2023-07-30 04:00:00,-3.1215
2023-07-30 05:00:00,-3.1230
2023-07-30 06:00:00,-3.1243
2023-07-30 07:00:00,-3.1256
2023-07-30 08:00:00,-3.1269
2023-07-30 09:00:00,-3.1281
2023-07-30 10:00:00,-3.1297
2023-07-30 11:00:00,-3.1310
2023-07-30 12:00:00,-3.1320
2023-07-30 13:00:00,-3.1332
2023-07-30 14:00:00,-3.1344
2023-07-30 15:00:00,-3.1353
2023-07-30 16:00:00,-3.1355
2023-07-30 17:00:00,-3.1360
2023-07-30 18:00:00,-3.1359
2023-07-30 19:00:00,-3.1362
2023-07-30 20:00:00,-3.1361
2023-07-30 21:00:00,-3.1363
2023-07-30 22:00:00,-3.1364
2023-07-30 23:00:00,-3.1363
2023-07-31 00:00:00,-3.1365
2023-07-31 01:00:00,-3.1374
2023-07-31 02:00:00,-3.1381
2023-07-31 03:00:00,-3.1389
2023-07-31 04:00:00,-3.1391
2023-07-31 05:00:00,-3.1387
2023-07-31 06:00:00,-3.1379
2023-07-31 07:00:00,-3.1369
2023-07-31 08:00:00,-3.1350
2023-07-31 09:00:00,-3.1315
2023-07-31 10:00:00,-3.1270
2023-07-31 11:00:00,-3.1222
2023-07-31 12:00:00,-3.1175
2023-07-31 13:00:00,-3.1133
2023-07-31 14:00:00,-3.1100
2023-07-31 15:00:00,-3.1073
2023-07-31 16:00:00,-3.1050
2023-07-31 17:00:00,-3.1029
2023-07-31 18:00:00,-3.1010
2023-07-31 19:00:00,-3.0993
2023-07-31 20:00:00,-3.0980
2023-07-31 21:00:00,-3.0970
2023-07-31 22:00:00,-3.0962
2023-07-31 23:00:00,-3.0955
2023-08-01 00:00:00,-3.0949
2023-08-01 01:00:00,-3.0944
2023-08-01 02:00:00,-3.0939
2023-08-01 03:00:00,-3.0934
2023-08-01 04:00:00,-3.0928
2023-08-01 05:00:00,-3.0918
2023-08-01 06:00:00,-3.0911
2023-08-01 07:00:00,-3.0901
2023-08-01 08:00:00,-3.0893
2023-08-01 09:00:00,-3.0890
2023-08-01 10:00:00,-3.0889
2023-08-01 11:00:00,-3.0889
2023-08-01 12:00:00,-3.0890
2023-08-01 13:00:00,-3.0890
2023-08-01 14:00:00,-3.0893
2023-08-01 15:00:00,-3.0897
2023-08-01 16:00:00,-3.0898
2023-08-01 17:00:00,-3.0904
2023-08-01 18:00:00,-3.0906
2023-08-01 19:00:00,-3.0904
2023-08-01 20:00:00,-3.0908
2023-08-01 21:00:00,-3.0915
2023-08-01 22:00:00,-3.0921
2023-08-01 23:00:00,-3.0927
2023-08-02 00:00:00,-3.0931
2023-08-02 01:00:00,-3.0933
2023-08-02 02:00:00,-3.0935
2023-08-02 03:00:00,-3.0936
2023-08-02 04:00:00,-3.0937
2023-08-02 05:00:00,-3.0937
2023-08-02 06:00:00,-3.0937
2023-08-02 07:00:00,-3.0938
2023-08-02 08:00:00,-3.0941
2023-08-02 09:00:00,-3.0930
2023-08-02 10:00:00,-3.0907
2023-08-02 11:00:00,-3.0874
2023-08-02 12:00:00,-3.0841
2023-08-02 13:00:00,-3.0812
2023-08-02 14:00:00,-3.0795
2023-08-02 15:00:00,-3.0781
2023-08-02 16:00:00,-3.0770
2023-08-02 17:00:00,-3.0766
2023-08-02 18:00:00,-3.0766
2023-08-02 19:00:00,-3.0763
2023-08-02 20:00:00,-3.0757
2023-08-02 21:00:00,-3.0743
2023-08-02 22:00:00,-3.0717
2023-08-02 23:00:00,-3.0685
2023-08-03 00:00:00,-3.0658
2023-08-03 01:00:00,-3.0642
2023-08-03 02:00:00,-3.0633
2023-08-03 03:00:00,-3.0629
2023-08-03 04:00:00,-3.0627
2023-08-03 05:00:00,-3.0627
2023-08-03 06:00:00,-3.0631
2023-08-03 07:00:00,-3.0637
2023-08-03 08:00:00,-3.0645
2023-08-03 09:00:00,-3.0657
2023-08-03 10:00:00,-3.0671
2023-08-03 11:00:00,-3.0681
2023-08-03 12:00:00,-3.0688
2023-08-03 13:00:00,-3.0695
2023-08-03 14:00:00,-3.0708
2023-08-03 15:00:00,-3.0719
2023-08-03 16:00:00,-3.0730
2023-08-03 17:00:00,-3.0741
2023-08-03 18:00:00,-3.0745
2023-08-03 19:00:00,-3.0751
2023-08-03 20:00:00,-3.0753
2023-08-03 21:00:00,-3.0757
2023-08-03 22:00:00,-3.0761
2023-08-03 23:00:00,-3.0768
2023-08-04 00:00:00,-3.0773
2023-08-04 01:00:00,-3.0780
2023-08-04 02:00:00,-3.0784
2023-08-04 03:00:00,-3.0788
2023-08-04 04:00:00,-3.0792
2023-08-04 05:00:00,-3.0795
2023-08-04 06:00:00,-3.0797
2023-08-04 07:00:00,-3.0797
2023-08-04 08:00:00,-3.0801
2023-08-04 09:00:00,-3.0804
2023-08-04 10:00:00,-3.0805
2023-08-04 11:00:00,-3.0809
2023-08-04 12:00:00,-3.0817
2023-08-04 13:00:00,-3.0825
2023-08-04 14:00:00,-3.0831
2023-08-04 15:00:00,-3.0841
2023-08-04 16:00:00,-3.0847
2023-08-04 17:00:00,-3.0852
2023-08-04 18:00:00,-3.0856
2023-08-04 19:00:00,-3.0859
2023-08-04 20:00:00,-3.0863
2023-08-04 21:00:00,-3.0867
2023-08-04 22:00:00,-3.0873
2023-08-04 23:00:00,-3.0875
2023-08-05 00:00:00,-3.0879
2023-08-05 01:00:00,-3.0882
2023-08-05 02:00:00,-3.0885
2023-08-05 03:00:00,-3.0888
2023-08-05 04:00:00,-3.0892
2023-08-05 05:00:00,-3.0896
2023-08-05 06:00:00,-3.0899
2023-08-05 07:00:00,-3.0902
2023-08-05 08:00:00,-3.0906
2023-08-05 09:00:00,-3.0910
2023-08-05 10:00:00,-3.0915
2023-08-05 11:00:00,-3.0923
2023-08-05 12:00:00,-3.0931
2023-08-05 13:00:00,-3.0942
2023-08-05 14:00:00,-3.0954
2023-08-05 15:00:00,-3.0964
2023-08-05 16:00:00,-3.0973
2023-08-05 17:00:00,-3.0981
2023-08-05 18:00:00,-3.0989
2023-08-05 19:00:00,-3.0998
2023-08-05 20:00:00,-3.1009
2023-08-05 21:00:00,-3.1018
2023-08-05 22:00:00,-3.1026
2023-08-05 23:00:00,-3.1033
2023-08-06 00:00:00,-3.1039
2023-08-06 01:00:00,-3.1046
2023-08-06 02:00:00,-3.1052
2023-08-06 03:00:00,-3.1049
2023-08-06 04:00:00,-3.0977
2023-08-06 05:00:00,-3.0811
2023-08-06 06:00:00,-3.0368
2023-08-06 07:00:00,-2.9363
2023-08-06 08:00:00,-2.8620
2023-08-06 09:00:00,-2.8191
2023-08-06 10:00:00,-2.7901
2023-08-06 11:00:00,-2.7718
2023-08-06 12:00:00,-2.7624
2023-08-06 13:00:00,-2.7584
2023-08-06 14:00:00,-2.7589
2023-08-06 15:00:00,-2.7630
2023-08-06 16:00:00,-2.7680
2023-08-06 17:00:00,-2.7751
2023-08-06 18:00:00,-2.7817
2023-08-06 19:00:00,-2.7885
2023-08-06 20:00:00,-2.7935
2023-08-06 21:00:00,-2.7985
2023-08-06 22:00:00,-2.8033
2023-08-06 23:00:00,-2.8078
2023-08-07 00:00:00,-2.8116
2023-08-07 01:00:00,-2.8154
2023-08-07 02:00:00,-2.8179
2023-08-07 03:00:00,-2.8210
2023-08-07 04:00:00,-2.8244
2023-08-07 05:00:00,-2.8280
2023-08-07 06:00:00,-2.8316
2023-08-07 07:00:00,-2.8349
2023-08-07 08:00:00,-2.8383
2023-08-07 09:00:00,-2.8418
2023-08-07 10:00:00,-2.8456
2023-08-07 11:00:00,-2.8497
2023-08-07 12:00:00,-2.8532
2023-08-07 13:00:00,-2.8573
2023-08-07 14:00:00,-2.8607
2023-08-07 15:00:00,-2.8642
2023-08-07 16:00:00,-2.8675
2023-08-07 17:00:00,-2.8708
2023-08-07 18:00:00,-2.8735
2023-08-07 19:00:00,-2.8761
2023-08-07 20:00:00,-2.8785
2023-08-07 21:00:00,-2.8808
2023-08-07 22:00:00,-2.8830
2023-08-07 23:00:00,-2.8851
2023-08-08 00:00:00,-2.8871
2023-08-08 01:00:00,-2.8893
2023-08-08 02:00:00,-2.8915
2023-08-08 03:00:00,-2.8935
2023-08-08 04:00:00,-2.8953
2023-08-08 05:00:00,-2.8971
2023-08-08 06:00:00,-2.8988
2023-08-08 07:00:00,-2.9007
2023-08-08 08:00:00,-2.9029
2023-08-08 09:00:00,-2.9050
2023-08-08 10:00:00,-2.9071
2023-08-08 11:00:00,-2.9094
2023-08-08 12:00:00,-2.9117
2023-08-08 13:00:00,-2.9140
2023-08-08 14:00:00,-2.9165
2023-08-08 15:00:00,-2.9194
2023-08-08 16:00:00,-2.9221
2023-08-08 17:00:00,-2.9246
2023-08-08 18:00:00,-2.9201
2023-08-08 19:00:00,-2.8907
2023-08-08 20:00:00,-2.8417
2023-08-08 21:00:00,-2.8065
2023-08-08 22:00:00,-2.7884
2023-08-08 23:00:00,-2.7804
2023-08-09 00:00:00,-2.7780
2023-08-09 01:00:00,-2.7788
2023-08-09 02:00:00,-2.7820
2023-08-09 03:00:00,-2.7865
2023-08-09 04:00:00,-2.7915
2023-08-09 05:00:00,-2.7966
2023-08-09 06:00:00,-2.8014
2023-08-09 07:00:00,-2.8064
2023-08-09 08:00:00,-2.8114
2023-08-09 09:00:00,-2.8161
2023-08-09 10:00:00,-2.8211
2023-08-09 11:00:00,-2.8261
2023-08-09 12:00:00,-2.8310
2023-08-09 13:00:00,-2.8361
2023-08-09 14:00:00,-2.8412
2023-08-09 15:00:00,-2.8463
2023-08-09 16:00:00,-2.8516
2023-08-09 17:00:00,-2.8566
2023-08-09 18:00:00,-2.8613
2023-08-09 19:00:00,-2.8658
2023-08-09 20:00:00,-2.8701
2023-08-09 21:00:00,-2.8740
2023-08-09 22:00:00,-2.8780
2023-08-09 23:00:00,-2.8821
2023-08-10 00:00:00,-2.8860
2023-08-10 01:00:00,-2.8897
2023-08-10 02:00:00,-2.8935
2023-08-10 03:00:00,-2.8971
2023-08-10 04:00:00,-2.9006
2023-08-10 05:00:00,-2.9040
2023-08-10 06:00:00,-2.9073
2023-08-10 07:00:00,-2.9105
2023-08-10 08:00:00,-2.9137
2023-08-10 09:00:00,-2.9169
2023-08-10 10:00:00,-2.9200
2023-08-10 11:00:00,-2.9231
2023-08-10 12:00:00,-2.9263
2023-08-10 13:00:00,-2.9295
2023-08-10 14:00:00,-2.9325
2023-08-10 15:00:00,-2.9354
2023-08-10 16:00:00,-2.9384
2023-08-10 17:00:00,-2.9412
2023-08-10 18:00:00,-2.9439
2023-08-10 19:00:00,-2.9465
2023-08-10 20:00:00,-2.9491
2023-08-10 21:00:00,-2.9513
2023-08-10 22:00:00,-2.9534
2023-08-10 23:00:00,-2.9555
2023-08-11 00:00:00,-2.9572
2023-08-11 01:00:00,-2.9591
2023-08-11 02:00:00,-2.9608
2023-08-11 03:00:00,-2.9624
2023-08-11 04:00:00,-2.9640
2023-08-11 05:00:00,-2.9658
2023-08-11 06:00:00,-2.9674
2023-08-11 07:00:00,-2.9690
2023-08-11 08:00:00,-2.9707
2023-08-11 09:00:00,-2.9722
2023-08-11 10:00:00,-2.9740
2023-08-11 11:00:00,-2.9761
2023-08-11 12:00:00,-2.9781
2023-08-11 13:00:00,-2.9803
2023-08-11 14:00:00,-2.9826
2023-08-11 15:00:00,-2.9844
2023-08-11 16:00:00,-2.9865
2023-08-11 17:00:00,-2.9883
2023-08-11 18:00:00,-2.9901
2023-08-11 19:00:00,-2.9919
2023-08-11 20:00:00,-2.9935
2023-08-11 21:00:00,-2.9951
2023-08-11 22:00:00,-2.9968
2023-08-11 23:00:00,-2.9983
2023-08-12 00:00:00,-2.9997
2023-08-12 01:00:00,-3.0011
2023-08-12 02:00:00,-3.0028
2023-08-12 03:00:00,-3.0043
2023-08-12 04:00:00,-3.0058
2023-08-12 05:00:00,-3.0074
2023-08-12 06:00:00,-3.0090
2023-08-12 07:00:00,-3.0105
2023-08-12 08:00:00,-3.0122
2023-08-12 09:00:00,-3.0135
2023-08-12 10:00:00,-2.9959
2023-08-12 11:00:00,-2.9589
2023-08-12 12:00:00,-2.9348
2023-08-12 13:00:00,-2.9219
2023-08-12 14:00:00,-2.9142
2023-08-12 15:00:00,-2.9095
2023-08-12 16:00:00,-2.9070
2023-08-12 17:00:00,-2.9055
2023-08-12 18:00:00,-2.9050
2023-08-12 19:00:00,-2.9059
2023-08-12 20:00:00,-2.9080
2023-08-12 21:00:00,-2.9099
2023-08-12 22:00:00,-2.9121
2023-08-12 23:00:00,-2.9139
2023-08-13 00:00:00,-2.9160
2023-08-13 01:00:00,-2.9181
2023-08-13 02:00:00,-2.9202
2023-08-13 03:00:00,-2.9222
2023-08-13 04:00:00,-2.9243
2023-08-13 05:00:00,-2.9264
2023-08-13 06:00:00,-2.9287
2023-08-13 07:00:00,-2.9309
2023-08-13 08:00:00,-2.9332
2023-08-13 09:00:00,-2.9357
2023-08-13 10:00:00,-2.9383
2023-08-13 11:00:00,-2.9409
2023-08-13 12:00:00,-2.9436
2023-08-13 13:00:00,-2.9463
2023-08-13 14:00:00,-2.9495
2023-08-13 15:00:00,-2.9525
2023-08-13 16:00:00,-2.9555
2023-08-13 17:00:00,-2.9583
2023-08-13 18:00:00,-2.9612
2023-08-13 19:00:00,-2.9636
2023-08-13 20:00:00,-2.9661
2023-08-13 21:00:00,-2.9682
2023-08-13 22:00:00,-2.9706
2023-08-13 23:00:00,-2.9725
2023-08-14 00:00:00,-2.9743
2023-08-14 01:00:00,-2.9762
2023-08-14 02:00:00,-2.9778
2023-08-14 03:00:00,-2.9794
2023-08-14 04:00:00,-2.9806
2023-08-14 05:00:00,-2.9821
2023-08-14 06:00:00,-2.9837
2023-08-14 07:00:00,-2.9855
2023-08-14 08:00:00,-2.9874
2023-08-14 09:00:00,-2.9893
2023-08-14 10:00:00,-2.9911
2023-08-14 11:00:00,-2.9931
2023-08-14 12:00:00,-2.9950
2023-08-14 13:00:00,-2.9971
2023-08-14 14:00:00,-2.9993
2023-08-14 15:00:00,-3.0017
2023-08-14 16:00:00,-3.0039
2023-08-14 17:00:00,-3.0062
2023-08-14 18:00:00,-3.0084
2023-08-14 19:00:00,-3.0110
2023-08-14 20:00:00,-3.0136
2023-08-14 21:00:00,-3.0153
2023-08-14 22:00:00,-3.0174
2023-08-14 23:00:00,-3.0192
2023-08-15 00:00:00,-3.0209
2023-08-15 01:00:00,-3.0224
2023-08-15 02:00:00,-3.0238
2023-08-15 03:00:00,-3.0251
2023-08-15 04:00:00,-3.0261
2023-08-15 05:00:00,-3.0272
2023-08-15 06:00:00,-3.0282
2023-08-15 07:00:00,-3.0294
2023-08-15 08:00:00,-3.0307
2023-08-15 09:00:00,-3.0320
2023-08-15 10:00:00,-3.0334
2023-08-15 11:00:00,-3.0350
2023-08-15 12:00:00,-3.0365
2023-08-15 13:00:00,-3.0380
2023-08-15 14:00:00,-3.0395
2023-08-15 15:00:00,-3.0411
2023-08-15 16:00:00,-3.0425
2023-08-15 17:00:00,-3.0438
2023-08-15 18:00:00,-3.0451
2023-08-15 19:00:00,-3.0465
2023-08-15 20:00:00,-3.0478
2023-08-15 21:00:00,-3.0492
2023-08-15 22:00:00,-3.0509
2023-08-15 23:00:00,-3.0524
2023-08-16 00:00:00,-3.0538
2023-08-16 01:00:00,-3.0550
2023-08-16 02:00:00,-3.0561
2023-08-16 03:00:00,-3.0571
2023-08-16 04:00:00,-3.0583
2023-08-16 05:00:00,-3.0592
2023-08-16 06:00:00,-3.0603
2023-08-16 07:00:00,-3.0613
2023-08-16 08:00:00,-3.0625
2023-08-16 09:00:00,-3.0636
2023-08-16 10:00:00,-3.0648
2023-08-16 11:00:00,-3.0661
2023-08-16 12:00:00,-3.0671
2023-08-16 13:00:00,-3.0684
2023-08-16 14:00:00,-3.0695
2023-08-16 15:00:00,-3.0705
2023-08-16 16:00:00,-3.0718
2023-08-16 17:00:00,-3.0727
2023-08-16 18:00:00,-3.0735
2023-08-16 19:00:00,-3.0743
2023-08-16 20:00:00,-3.0753
2023-08-16 21:00:00,-3.0767
2023-08-16 22:00:00,-3.0775
2023-08-16 23:00:00,-3.0783
2023-08-17 00:00:00,-3.0790
2023-08-17 01:00:00,-3.0797
2023-08-17 02:00:00,-3.0804
2023-08-17 03:00:00,-3.0810
2023-08-17 04:00:00,-3.0817
2023-08-17 05:00:00,-3.0823
2023-08-17 06:00:00,-3.0829
2023-08-17 07:00:00,-3.0831
2023-08-17 08:00:00,-3.0837
2023-08-17 09:00:00,-3.0844
2023-08-17 10:00:00,-3.0849
2023-08-17 11:00:00,-3.0855
2023-08-17 12:00:00,-3.0864
2023-08-17 13:00:00,-3.0875
2023-08-17 14:00:00,-3.0885
2023-08-17 15:00:00,-3.0893
2023-08-17 16:00:00,-3.0900
2023-08-17 17:00:00,-3.0909
2023-08-17 18:00:00,-3.0914
2023-08-17 19:00:00,-3.0918
2023-08-17 20:00:00,-3.0928
2023-08-17 21:00:00,-3.0936
2023-08-17 22:00:00,-3.0943
2023-08-17 23:00:00,-3.0949
2023-08-18 00:00:00,-3.0953
2023-08-18 01:00:00,-3.0961
2023-08-18 02:00:00,-3.0968
2023-08-18 03:00:00,-3.0976
2023-08-18 04:00:00,-3.0984
2023-08-18 05:00:00,-3.0991
2023-08-18 06:00:00,-3.0999
2023-08-18 07:00:00,-3.1006
2023-08-18 08:00:00,-3.1014
2023-08-18 09:00:00,-3.1024
2023-08-18 10:00:00,-3.1034
2023-08-18 11:00:00,-3.1043
2023-08-18 12:00:00,-3.1052
2023-08-18 13:00:00,-3.1062
2023-08-18 14:00:00,-3.1070
2023-08-18 15:00:00,-3.1081
2023-08-18 16:00:00,-3.1092
2023-08-18 17:00:00,-3.1102
2023-08-18 18:00:00,-3.1111
2023-08-18 19:00:00,-3.1120
2023-08-18 20:00:00,-3.1130
2023-08-18 21:00:00,-3.1140
2023-08-18 22:00:00,-3.1150
2023-08-18 23:00:00,-3.1157
2023-08-19 00:00:00,-3.1164
2023-08-19 01:00:00,-3.1170
2023-08-19 02:00:00,-3.1176
2023-08-19 03:00:00,-3.1181
2023-08-19 04:00:00,-3.1187
2023-08-19 05:00:00,-3.1193
2023-08-19 06:00:00,-3.1198
2023-08-19 07:00:00,-3.1204
2023-08-19 08:00:00,-3.1209
2023-08-19 09:00:00,-3.1217
2023-08-19 10:00:00,-3.1224
2023-08-19 11:00:00,-3.1232
2023-08-19 12:00:00,-3.1241
2023-08-19 13:00:00,-3.1248
2023-08-19 14:00:00,-3.1258
2023-08-19 15:00:00,-3.1268
2023-08-19 16:00:00,-3.1276
2023-08-19 17:00:00,-3.1282
2023-08-19 18:00:00,-3.1288
2023-08-19 19:00:00,-3.1294
2023-08-19 20:00:00,-3.1299
2023-08-19 21:00:00,-3.1304
2023-08-19 22:00:00,-3.1309
2023-08-19 23:00:00,-3.1314
2023-08-20 00:00:00,-3.1319
2023-08-20 01:00:00,-3.1325
2023-08-20 02:00:00,-3.1330
2023-08-20 03:00:00,-3.1336
2023-08-20 04:00:00,-3.1341
2023-08-20 05:00:00,-3.1347
2023-08-20 06:00:00,-3.1353
2023-08-20 07:00:00,-3.1357
2023-08-20 08:00:00,-3.1363
2023-08-20 09:00:00,-3.1371
2023-08-20 10:00:00,-3.1377
2023-08-20 11:00:00,-3.1382
2023-08-20 12:00:00,-3.1386
2023-08-20 13:00:00,-3.1391
2023-08-20 14:00:00,-3.1396
2023-08-20 15:00:00,-3.1404
2023-08-20 16:00:00,-3.1411
2023-08-20 17:00:00,-3.1415
2023-08-20 18:00:00,-3.1419
2023-08-20 19:00:00,-3.1421
2023-08-20 20:00:00,-3.1424
2023-08-20 21:00:00,-3.1428
2023-08-20 22:00:00,-3.1433
2023-08-20 23:00:00,-3.1438
2023-08-21 00:00:00,-3.1441
2023-08-21 01:00:00,-3.1444
2023-08-21 02:00:00,-3.1448
2023-08-21 03:00:00,-3.1451
2023-08-21 04:00:00,-3.1453
2023-08-21 05:00:00,-3.1457
2023-08-21 06:00:00,-3.1461
2023-08-21 07:00:00,-3.1465
2023-08-21 08:00:00,-3.1468
2023-08-21 09:00:00,-3.1473
2023-08-21 10:00:00,-3.1477
2023-08-21 11:00:00,-3.1480
2023-08-21 12:00:00,-3.1483
2023-08-21 13:00:00,-3.1484
2023-08-21 14:00:00,-3.1489
2023-08-21 15:00:00,-3.1493
2023-08-21 16:00:00,-3.1498
2023-08-21 17:00:00,-3.1505
2023-08-21 18:00:00,-3.1507
2023-08-21 19:00:00,-3.1513
2023-08-21 20:00:00,-3.1515
2023-08-21 21:00:00,-3.1517
2023-08-21 22:00:00,-3.1522
2023-08-21 23:00:00,-3.1524
2023-08-22 00:00:00,-3.1527
2023-08-22 01:00:00,-3.1529
2023-08-22 02:00:00,-3.1532
2023-08-22 03:00:00,-3.1535
2023-08-22 04:00:00,-3.1539
2023-08-22 05:00:00,-3.1543
2023-08-22 06:00:00,-3.1548
2023-08-22 07:00:00,-3.1552
2023-08-22 08:00:00,-3.1556
2023-08-22 09:00:00,-3.1560
2023-08-22 10:00:00,-3.1565
2023-08-22 11:00:00,-3.1568
2023-08-22 12:00:00,-3.1572
2023-08-22 13:00:00,-3.1577
2023-08-22 14:00:00,-3.1578
2023-08-22 15:00:00,-3.1582
2023-08-22 16:00:00,-3.1587
2023-08-22 17:00:00,-3.1591
2023-08-22 18:00:00,-3.1597
2023-08-22 19:00:00,-3.1602
2023-08-22 20:00:00,-3.1607
2023-08-22 21:00:00,-3.1459
2023-08-22 22:00:00,-3.1622
2023-08-22 23:00:00,-3.1623
2023-08-23 00:00:00,-3.1627
2023-08-23 01:00:00,-3.1630
2023-08-23 02:00:00,-3.1632
2023-08-23 03:00:00,-3.1634
2023-08-23 04:00:00,-3.1637
2023-08-23 05:00:00,-3.1639
2023-08-23 06:00:00,-3.1642
2023-08-23 07:00:00,-3.1644
2023-08-23 08:00:00,-3.1647
2023-08-23 09:00:00,-3.1651
2023-08-23 10:00:00,-3.1656
2023-08-23 11:00:00,-3.1660
2023-08-23 12:00:00,-3.1662
2023-08-23 13:00:00,-3.1663
2023-08-23 14:00:00,-3.1665
2023-08-23 15:00:00,-3.1667
2023-08-23 16:00:00,-3.1669
2023-08-23 17:00:00,-3.1674
2023-08-23 18:00:00,-3.1676
2023-08-23 19:00:00,-3.1677
2023-08-23 20:00:00,-3.1679
2023-08-23 21:00:00,-3.1679
2023-08-23 22:00:00,-3.1679
2023-08-23 23:00:00,-3.1682
2023-08-24 00:00:00,-3.1684
2023-08-24 01:00:00,-3.1685
2023-08-24 02:00:00,-3.1688
2023-08-24 03:00:00,-3.1692
2023-08-24 04:00:00,-3.1694
2023-08-24 05:00:00,-3.1695
2023-08-24 06:00:00,-3.1698
2023-08-24 07:00:00,-3.1700
2023-08-24 08:00:00,-3.1701
2023-08-24 09:00:00,-3.1704
2023-08-24 10:00:00,-3.1706
2023-08-24 11:00:00,-3.1709
2023-08-24 12:00:00,-3.1712
2023-08-24 13:00:00,-3.1702
2023-08-24 14:00:00,-3.1682
2023-08-24 15:00:00,-3.1669
2023-08-24 16:00:00,-3.1666
2023-08-24 17:00:00,-3.1658
2023-08-24 18:00:00,-3.1647
2023-08-24 19:00:00,-3.1643
2023-08-24 20:00:00,-3.1637
2023-08-24 21:00:00,-3.1521
2023-08-24 22:00:00,-3.1627
2023-08-24 23:00:00,-3.1616
2023-08-25 00:00:00,-3.1607
2023-08-25 01:00:00,-3.1601
2023-08-25 02:00:00,-3.1595
2023-08-25 03:00:00,-3.1589
2023-08-25 04:00:00,-3.1580
2023-08-25 05:00:00,-3.1576
2023-08-25 06:00:00,-3.1573
2023-08-25 07:00:00,-3.1567
2023-08-25 08:00:00,-3.1560
2023-08-25 09:00:00,-3.1553
2023-08-25 10:00:00,-3.1546
2023-08-25 11:00:00,-3.1539
2023-08-25 12:00:00,-3.1530
2023-08-25 13:00:00,-3.1522
2023-08-25 14:00:00,-3.1513
2023-08-25 15:00:00,-3.1500
2023-08-25 16:00:00,-3.1490
2023-08-25 17:00:00,-3.1478
2023-08-25 18:00:00,-3.1468
2023-08-25 19:00:00,-3.1455
2023-08-25 20:00:00,-3.1443
2023-08-25 21:00:00,-3.1388
2023-08-25 22:00:00,-3.1407
2023-08-25 23:00:00,-3.1392
2023-08-26 00:00:00,-3.1379
2023-08-26 01:00:00,-3.1368
2023-08-26 02:00:00,-3.1358
2023-08-26 03:00:00,-3.1346
2023-08-26 04:00:00,-3.1337
2023-08-26 05:00:00,-3.1327
2023-08-26 06:00:00,-3.1318
2023-08-26 07:00:00,-3.1313
2023-08-26 08:00:00,-3.1305
2023-08-26 09:00:00,-3.1299
2023-08-26 10:00:00,-3.1292
2023-08-26 11:00:00,-3.1281
2023-08-26 12:00:00,-3.1271
2023-08-26 13:00:00,-3.1263
2023-08-26 14:00:00,-3.1252
2023-08-26 15:00:00,-3.1242
2023-08-26 16:00:00,-3.1230
2023-08-26 17:00:00,-3.1218
2023-08-26 18:00:00,-3.1208
2023-08-26 19:00:00,-3.1200
2023-08-26 20:00:00,-3.1194
2023-08-26 21:00:00,-3.1025
2023-08-26 22:00:00,-3.1185
2023-08-26 23:00:00,-3.1185
2023-08-27 00:00:00,-3.1187
2023-08-27 01:00:00,-3.1191
2023-08-27 02:00:00,-3.1196
2023-08-27 03:00:00,-3.1200
2023-08-27 04:00:00,-3.1205
2023-08-27 05:00:00,-3.1215
2023-08-27 06:00:00,-3.1221
2023-08-27 07:00:00,-3.1225
2023-08-27 08:00:00,-3.1234
2023-08-27 09:00:00,-3.1242
2023-08-27 10:00:00,-3.1249
2023-08-27 11:00:00,-3.1258
2023-08-27 12:00:00,-3.1271
2023-08-27 13:00:00,-3.1288
2023-08-27 14:00:00,-3.1302
2023-08-27 15:00:00,-3.1311
2023-08-27 16:00:00,-3.1317
2023-08-27 17:00:00,-3.1323
2023-08-27 18:00:00,-3.1331
2023-08-27 19:00:00,-3.1337
2023-08-27 20:00:00,-3.1345
2023-08-27 21:00:00,-3.1330
2023-08-27 22:00:00,-3.1361
2023-08-27 23:00:00,-3.1369
2023-08-28 00:00:00,-3.1378
2023-08-28 01:00:00,-3.1385
2023-08-28 02:00:00,-3.1389
2023-08-28 03:00:00,-3.1398
2023-08-28 04:00:00,-3.1404
2023-08-28 05:00:00,-3.1410
2023-08-28 06:00:00,-3.1416
2023-08-28 07:00:00,-3.1422
2023-08-28 08:00:00,-3.1426
2023-08-28 09:00:00,-3.1436
2023-08-28 10:00:00,-3.1442
2023-08-28 11:00:00,-3.1448
2023-08-28 12:00:00,-3.1455
2023-08-28 13:00:00,-3.1461
2023-08-28 14:00:00,-3.1464
2023-08-28 15:00:00,-3.1469
2023-08-28 16:00:00,-3.1478
2023-08-28 17:00:00,-3.1486
2023-08-28 18:00:00,-3.1492
2023-08-28 19:00:00,-3.1498
2023-08-28 20:00:00,-3.1503
2023-08-28 21:00:00,-3.1501
2023-08-28 22:00:00,-3.1502
2023-08-28 23:00:00,-3.1504
2023-08-29 00:00:00,-3.1504
2023-08-29 01:00:00,-3.1504
2023-08-29 02:00:00,-3.1504
2023-08-29 03:00:00,-3.1503
2023-08-29 04:00:00,-3.1502
2023-08-29 05:00:00,-3.1505
2023-08-29 06:00:00,-3.1509
2023-08-29 07:00:00,-3.1513
2023-08-29 08:00:00,-3.1518
2023-08-29 09:00:00,-3.1525
2023-08-29 10:00:00,-3.1529
2023-08-29 11:00:00,-3.1532
2023-08-29 12:00:00,-3.1535
2023-08-29 13:00:00,-3.1540
2023-08-29 14:00:00,-3.1541
2023-08-29 15:00:00,-3.1543
2023-08-29 16:00:00,-3.1544
2023-08-29 17:00:00,-3.1547
2023-08-29 18:00:00,-3.1546
2023-08-29 19:00:00,-3.1547
2023-08-29 20:00:00,-3.1547
2023-08-29 21:00:00,-3.1535
2023-08-29 22:00:00,-3.1554
2023-08-29 23:00:00,-3.1552
2023-08-30 00:00:00,-3.1553
2023-08-30 01:00:00,-3.1554
2023-08-30 02:00:00,-3.1555
2023-08-30 03:00:00,-3.1557
2023-08-30 04:00:00,-3.1558
2023-08-30 05:00:00,-3.1558
2023-08-30 06:00:00,-3.1559
2023-08-30 07:00:00,-3.1557
2023-08-30 08:00:00,-3.1564
2023-08-30 09:00:00,-3.1566
2023-08-30 10:00:00,-3.1569
2023-08-30 11:00:00,-3.1570
2023-08-30 12:00:00,-3.1573
2023-08-30 13:00:00,-3.1577
2023-08-30 14:00:00,-3.1579
2023-08-30 15:00:00,-3.1579
2023-08-30 16:00:00,-3.1570
2023-08-30 17:00:00,-3.1554
2023-08-30 18:00:00,-3.1535
2023-08-30 19:00:00,-3.1514
2023-08-30 20:00:00,-3.1495
2023-08-30 21:00:00,-3.1481
2023-08-30 22:00:00,-3.1462
2023-08-30 23:00:00,-3.1446
2023-08-31 00:00:00,-3.1436
2023-08-31 01:00:00,-3.1427
2023-08-31 02:00:00,-3.1420
2023-08-31 03:00:00,-3.1406
2023-08-31 04:00:00,-3.1380
2023-08-31 05:00:00,-3.1351
2023-08-31 06:00:00,-3.1324
2023-08-31 07:00:00,-3.1292
2023-08-31 08:00:00,-3.1260
2023-08-31 09:00:00,-3.1231
2023-08-31 10:00:00,-3.1214
2023-08-31 11:00:00,-3.1196
2023-08-31 12:00:00,-3.1177
2023-08-31 13:00:00,-3.1160
2023-08-31 14:00:00,-3.1148
2023-08-31 15:00:00,-3.1138
2023-08-31 16:00:00,-3.1128
2023-08-31 17:00:00,-3.1122
2023-08-31 18:00:00,-3.1114
2023-08-31 19:00:00,-3.1114
2023-08-31 20:00:00,-3.1114
2023-08-31 21:00:00,-3.1097
2023-08-31 22:00:00,-3.1126
2023-08-31 23:00:00,-3.1135
2023-09-01 00:00:00,-3.1144
2023-09-01 01:00:00,-3.1152
2023-09-01 02:00:00,-3.1158
2023-09-01 03:00:00,-3.1165
2023-09-01 04:00:00,-3.1176
2023-09-01 05:00:00,-3.1184
2023-09-01 06:00:00,-3.1195
2023-09-01 07:00:00,-3.1206
2023-09-01 08:00:00,-3.1216
2023-09-01 09:00:00,-3.1227
2023-09-01 10:00:00,-3.1236
2023-09-01 11:00:00,-3.1247
2023-09-01 12:00:00,-3.1257
2023-09-01 13:00:00,-3.1267
2023-09-01 14:00:00,-3.1278
2023-09-01 15:00:00,-3.1289
2023-09-01 16:00:00,-3.1299
2023-09-01 17:00:00,-3.1309
2023-09-01 18:00:00,-3.1318
2023-09-01 19:00:00,-3.1326
2023-09-01 20:00:00,-3.1335
2023-09-01 21:00:00,-3.1336
2023-09-01 22:00:00,-3.1352
2023-09-01 23:00:00,-3.1354
2023-09-02 00:00:00,-3.1349
2023-09-02 01:00:00,-3.1337
2023-09-02 02:00:00,-3.1297
2023-09-02 03:00:00,-3.1204
2023-09-02 04:00:00,-3.1107
2023-09-02 05:00:00,-3.1023
2023-09-02 06:00:00,-3.0951
2023-09-02 07:00:00,-3.0893
2023-09-02 08:00:00,-3.0841
2023-09-02 09:00:00,-3.0799
2023-09-02 10:00:00,-3.0764
2023-09-02 11:00:00,-3.0733
2023-09-02 12:00:00,-3.0707
2023-09-02 13:00:00,-3.0684
2023-09-02 14:00:00,-3.0666
2023-09-02 15:00:00,-3.0650
2023-09-02 16:00:00,-3.0638
2023-09-02 17:00:00,-3.0632
2023-09-02 18:00:00,-3.0627
2023-09-02 19:00:00,-3.0623
2023-09-02 20:00:00,-3.0624
2023-09-02 21:00:00,-3.0564
2023-09-02 22:00:00,-3.0636
2023-09-02 23:00:00,-3.0645
2023-09-03 00:00:00,-3.0659
2023-09-03 01:00:00,-3.0671
2023-09-03 02:00:00,-3.0683
2023-09-03 03:00:00,-3.0697
2023-09-03 04:00:00,-3.0711
2023-09-03 05:00:00,-3.0725
2023-09-03 06:00:00,-3.0740
2023-09-03 07:00:00,-3.0757
2023-09-03 08:00:00,-3.0774
2023-09-03 09:00:00,-3.0795
2023-09-03 10:00:00,-3.0813
2023-09-03 11:00:00,-3.0831
2023-09-03 12:00:00,-3.0847
2023-09-03 13:00:00,-3.0861
2023-09-03 14:00:00,-3.0877
2023-09-03 15:00:00,-3.0891
2023-09-03 16:00:00,-3.0905
2023-09-03 17:00:00,-3.0919
2023-09-03 18:00:00,-3.0932
2023-09-03 19:00:00,-3.0945
2023-09-03 20:00:00,-3.0958
2023-09-03 21:00:00,-3.0970
2023-09-03 22:00:00,-3.0982
2023-09-03 23:00:00,-3.0992
2023-09-04 00:00:00,-3.1003
2023-09-04 01:00:00,-3.1014
2023-09-04 02:00:00,-3.1023
2023-09-04 03:00:00,-3.1034
2023-09-04 04:00:00,-3.1043
2023-09-04 05:00:00,-3.1051
2023-09-04 06:00:00,-3.1059
2023-09-04 07:00:00,-3.1066
2023-09-04 08:00:00,-3.1075
2023-09-04 09:00:00,-3.1081
2023-09-04 10:00:00,-3.1084
2023-09-04 11:00:00,-3.1091
2023-09-04 12:00:00,-3.1098
2023-09-04 13:00:00,-3.1105
2023-09-04 14:00:00,-3.1112
2023-09-04 15:00:00,-3.1119
2023-09-04 16:00:00,-3.1126
2023-09-04 17:00:00,-3.1133
2023-09-04 18:00:00,-3.1139
2023-09-04 19:00:00,-3.1143
2023-09-04 20:00:00,-3.1153
2023-09-04 21:00:00,-3.1155
2023-09-04 22:00:00,-3.1163
2023-09-04 23:00:00,-3.1168
2023-09-05 00:00:00,-3.1169
2023-09-05 01:00:00,-3.1177
2023-09-05 02:00:00,-3.1182
2023-09-05 03:00:00,-3.1187
2023-09-05 04:00:00,-3.1193
2023-09-05 05:00:00,-3.1196
2023-09-05 06:00:00,-3.1201
2023-09-05 07:00:00,-3.1209
2023-09-05 08:00:00,-3.1211
2023-09-05 09:00:00,-3.1221
2023-09-05 10:00:00,-3.1226
2023-09-05 11:00:00,-3.1231
2023-09-05 12:00:00,-3.1238
2023-09-05 13:00:00,-3.1242
2023-09-05 14:00:00,-3.1249
2023-09-05 15:00:00,-3.1259
2023-09-05 16:00:00,-3.1265
2023-09-05 17:00:00,-3.1272
2023-09-05 18:00:00,-3.1281
2023-09-05 19:00:00,-3.1286
2023-09-05 20:00:00,-3.1298
2023-09-05 21:00:00,-3.1307
2023-09-05 22:00:00,-3.1315
2023-09-05 23:00:00,-3.1322
2023-09-06 00:00:00,-3.1323
2023-09-06 01:00:00,-3.1331
2023-09-06 02:00:00,-3.1339
2023-09-06 03:00:00,-3.1346
2023-09-06 04:00:00,-3.1352
2023-09-06 05:00:00,-3.1360
2023-09-06 06:00:00,-3.1367
2023-09-06 07:00:00,-3.1373
2023-09-06 08:00:00,-3.1381
2023-09-06 09:00:00,-3.1387
2023-09-06 10:00:00,-3.1391
2023-09-06 11:00:00,-3.1395
2023-09-06 12:00:00,-3.1401
2023-09-06 13:00:00,-3.1407
2023-09-06 14:00:00,-3.1415
2023-09-06 15:00:00,-3.1417
2023-09-06 16:00:00,-3.1425
2023-09-06 17:00:00,-3.1434
2023-09-06 18:00:00,-3.1440
2023-09-06 19:00:00,-3.1446
2023-09-06 20:00:00,-3.1451
2023-09-06 21:00:00,-3.1460
2023-09-06 22:00:00,-3.1469
2023-09-06 23:00:00,-3.1474
2023-09-07 00:00:00,-3.1477
2023-09-07 01:00:00,-3.1481
2023-09-07 02:00:00,-3.1485
2023-09-07 03:00:00,-3.1489
2023-09-07 04:00:00,-3.1493
2023-09-07 05:00:00,-3.1498
2023-09-07 06:00:00,-3.1502
2023-09-07 07:00:00,-3.1507
2023-09-07 08:00:00,-3.1513
2023-09-07 09:00:00,-3.1516
2023-09-07 10:00:00,-3.1518
2023-09-07 11:00:00,-3.1520
2023-09-07 12:00:00,-3.1525
2023-09-07 13:00:00,-3.1528
2023-09-07 14:00:00,-3.1531
2023-09-07 15:00:00,-3.1537
2023-09-07 16:00:00,-3.1541
2023-09-07 17:00:00,-3.1544
2023-09-07 18:00:00,-3.1553
2023-09-07 19:00:00,-3.1560
2023-09-07 20:00:00,-3.1567
2023-09-07 21:00:00,-3.1574
2023-09-07 22:00:00,-3.1579
2023-09-07 23:00:00,-3.1586
2023-09-08 00:00:00,-3.1591
2023-09-08 01:00:00,-3.1593
2023-09-08 02:00:00,-3.1596
2023-09-08 03:00:00,-3.1600
2023-09-08 04:00:00,-3.1604
2023-09-08 05:00:00,-3.1608
2023-09-08 06:00:00,-3.1611
2023-09-08 07:00:00,-3.1616
2023-09-08 08:00:00,-3.1620
2023-09-08 09:00:00,-3.1624
2023-09-08 10:00:00,-3.1627
2023-09-08 11:00:00,-3.1631
2023-09-08 12:00:00,-3.1633
2023-09-08 13:00:00,-3.1637
2023-09-08 14:00:00,-3.1639
2023-09-08 15:00:00,-3.1639
2023-09-08 16:00:00,-3.1642
2023-09-08 17:00:00,-3.1645
2023-09-08 18:00:00,-3.1649
2023-09-08 19:00:00,-3.1651
2023-09-08 20:00:00,-3.1650
2023-09-08 21:00:00,-3.1648
2023-09-08 22:00:00,-3.1646
2023-09-08 23:00:00,-3.1644
2023-09-09 00:00:00,-3.1641
2023-09-09 01:00:00,-3.1638
2023-09-09 02:00:00,-3.1642
2023-09-09 03:00:00,-3.1645
2023-09-09 04:00:00,-3.1653
2023-09-09 05:00:00,-3.1660
2023-09-09 06:00:00,-3.1666
2023-09-09 07:00:00,-3.1674
2023-09-09 08:00:00,-3.1679
2023-09-09 09:00:00,-3.1683
2023-09-09 10:00:00,-3.1691
2023-09-09 11:00:00,-3.1697
2023-09-09 12:00:00,-3.1701
2023-09-09 13:00:00,-3.1704
2023-09-09 14:00:00,-3.1707
2023-09-09 15:00:00,-3.1711
2023-09-09 16:00:00,-3.1713
2023-09-09 17:00:00,-3.1715
2023-09-09 18:00:00,-3.1717
2023-09-09 19:00:00,-3.1717
2023-09-09 20:00:00,-3.1717
2023-09-09 21:00:00,-3.1720
2023-09-09 22:00:00,-3.1718
2023-09-09 23:00:00,-3.1721
2023-09-10 00:00:00,-3.1725
2023-09-10 01:00:00,-3.1727
2023-09-10 02:00:00,-3.1729
2023-09-10 03:00:00,-3.1733
2023-09-10 04:00:00,-3.1739
2023-09-10 05:00:00,-3.1743
2023-09-10 06:00:00,-3.1750
2023-09-10 07:00:00,-3.1756
2023-09-10 08:00:00,-3.1762
2023-09-10 09:00:00,-3.1768
2023-09-10 10:00:00,-3.1774
2023-09-10 11:00:00,-3.1780
2023-09-10 12:00:00,-3.1780
2023-09-10 13:00:00,-3.1781
2023-09-10 14:00:00,-3.1781
2023-09-10 15:00:00,-3.1781
2023-09-10 16:00:00,-3.1781
2023-09-10 17:00:00,-3.1779
2023-09-10 18:00:00,-3.1777
2023-09-10 19:00:00,-3.1775
2023-09-10 20:00:00,-3.1771
2023-09-10 21:00:00,-3.1769
2023-09-11 10:00:00,-3.1782
2023-09-11 11:00:00,-3.1788
2023-09-11 12:00:00,-3.1792
2023-09-11 13:00:00,-3.1795
2023-09-11 14:00:00,-3.1799
2023-09-11 15:00:00,-3.1800
2023-09-11 16:00:00,-3.1801
2023-09-11 17:00:00,-3.1802
2023-09-11 18:00:00,-3.1804
2023-09-11 19:00:00,-3.1805
2023-09-11 20:00:00,-3.1815
2023-09-11 21:00:00,-3.1820
2023-09-11 22:00:00,-3.1826
2023-09-11 23:00:00,-3.1830
2023-09-12 00:00:00,-3.1833
2023-09-12 01:00:00,-3.1835
2023-09-12 02:00:00,-3.1837
2023-09-12 03:00:00,-3.1840
2023-09-12 04:00:00,-3.1844
2023-09-12 05:00:00,-3.1847
2023-09-12 06:00:00,-3.1850
2023-09-12 07:00:00,-3.1855
2023-09-12 08:00:00,-3.1862
2023-09-12 09:00:00,-3.1870
2023-09-12 10:00:00,-3.1879
2023-09-12 11:00:00,-3.1881
2023-09-12 12:00:00,-3.1887
2023-09-12 13:00:00,-3.1890
2023-09-12 14:00:00,-3.1893
2023-09-12 15:00:00,-3.1898
2023-09-12 16:00:00,-3.1902
2023-09-12 17:00:00,-3.1905
2023-09-12 18:00:00,-3.1908
2023-09-12 19:00:00,-3.1914
2023-09-12 20:00:00,-3.1920
2023-09-12 21:00:00,-3.1927
2023-09-12 22:00:00,-3.1931
2023-09-12 23:00:00,-3.1935
2023-09-13 00:00:00,-3.1940
2023-09-13 01:00:00,-3.1946
2023-09-13 02:00:00,-3.1947
2023-09-13 03:00:00,-3.1952
2023-09-13 04:00:00,-3.1956
2023-09-13 05:00:00,-3.1958
2023-09-13 06:00:00,-3.1942
2023-09-13 07:00:00,-3.1942
2023-09-13 08:00:00,-3.1965
2023-09-13 09:00:00,-3.1972
2023-09-13 10:00:00,-3.1976
2023-09-13 11:00:00,-3.1982
2023-09-13 12:00:00,-3.1986
2023-09-13 13:00:00,-3.1996
2023-09-13 14:00:00,-3.2003
2023-09-13 15:00:00,-3.2008
2023-09-13 16:00:00,-3.2016
2023-09-13 17:00:00,-3.2016
2023-09-13 18:00:00,-3.2016
2023-09-13 19:00:00,-3.2020
2023-09-13 20:00:00,-3.2021
2023-09-13 21:00:00,-3.2027
2023-09-13 22:00:00,-3.2027
2023-09-13 23:00:00,-3.2026
2023-09-14 00:00:00,-3.2026
2023-09-14 01:00:00,-3.2027
2023-09-14 02:00:00,-3.2029
2023-09-14 03:00:00,-3.2026
2023-09-14 04:00:00,-3.2020
2023-09-14 05:00:00,-3.2021
2023-09-14 06:00:00,-3.2018
2023-09-14 07:00:00,-3.2015
2023-09-14 08:00:00,-3.2013
2023-09-14 09:00:00,-3.2011
2023-09-14 10:00:00,-3.2013
2023-09-14 11:00:00,-3.2016
2023-09-14 12:00:00,-3.2016
2023-09-14 13:00:00,-3.2015
2023-09-14 14:00:00,-3.2015
2023-09-14 15:00:00,-3.2014
2023-09-14 16:00:00,-3.2014
2023-09-14 17:00:00,-3.2025
2023-09-14 18:00:00,-3.2012
2023-09-14 19:00:00,-3.2000
2023-09-14 20:00:00,-3.1998
2023-09-14 21:00:00,-3.1956
2023-09-14 22:00:00,-3.2008
2023-09-14 23:00:00,-3.2010
2023-09-15 00:00:00,-3.2010
2023-09-15 01:00:00,-3.2011
2023-09-15 02:00:00,-3.2021
2023-09-15 03:00:00,-3.2009
2023-09-15 04:00:00,-3.2010
2023-09-15 05:00:00,-3.2010
2023-09-15 06:00:00,-3.2008
2023-09-15 07:00:00,-3.2000
2023-09-15 08:00:00,-3.1995
2023-09-15 09:00:00,-3.1995
2023-09-15 10:00:00,-3.1993
2023-09-15 11:00:00,-3.1994
2023-09-15 12:00:00,-3.1995
2023-09-15 13:00:00,-3.1990
2023-09-15 14:00:00,-3.1988
2023-09-15 15:00:00,-3.1982
2023-09-15 16:00:00,-3.1976
2023-09-15 17:00:00,-3.1975
2023-09-15 18:00:00,-3.1972
2023-09-15 19:00:00,-3.1966
2023-09-15 20:00:00,-3.1971
2023-09-15 21:00:00,-3.1978
2023-09-15 22:00:00,-3.1985
2023-09-15 23:00:00,-3.1999
2023-09-16 00:00:00,-3.2008
2023-09-16 01:00:00,-3.2015
2023-09-16 02:00:00,-3.2021
2023-09-16 03:00:00,-3.2027
2023-09-16 04:00:00,-3.2021
2023-09-16 05:00:00,-3.2009
2023-09-16 06:00:00,-3.2005
2023-09-16 07:00:00,-3.2004
2023-09-16 08:00:00,-3.2005
2023-09-16 09:00:00,-3.2011
2023-09-16 10:00:00,-3.2014
2023-09-16 11:00:00,-3.2017
2023-09-16 12:00:00,-3.2021
2023-09-16 13:00:00,-3.2024
2023-09-16 14:00:00,-3.2026
2023-09-16 15:00:00,-3.2028
2023-09-16 16:00:00,-3.2029
2023-09-16 17:00:00,-3.2032
2023-09-16 18:00:00,-3.2027
2023-09-16 19:00:00,-3.2024
2023-09-16 20:00:00,-3.2020
2023-09-16 21:00:00,-3.2017
2023-09-16 22:00:00,-3.2010
2023-09-16 23:00:00,-3.2012
2023-09-17 00:00:00,-3.2012
2023-09-17 01:00:00,-3.2019
2023-09-17 02:00:00,-3.2023
2023-09-17 03:00:00,-3.2029
2023-09-17 04:00:00,-3.2026
2023-09-17 05:00:00,-3.2031
2023-09-17 06:00:00,-3.2030
2023-09-17 07:00:00,-3.2027
2023-09-17 08:00:00,-3.2027
2023-09-17 09:00:00,-3.2031
2023-09-17 10:00:00,-3.2031
2023-09-17 11:00:00,-3.2031
2023-09-17 12:00:00,-3.2035
2023-09-17 13:00:00,-3.2040
2023-09-17 14:00:00,-3.2047
2023-09-17 15:00:00,-3.2049
2023-09-17 16:00:00,-3.2052
2023-09-17 17:00:00,-3.2052
2023-09-17 18:00:00,-3.2050
2023-09-17 19:00:00,-3.2042
2023-09-17 20:00:00,-3.2035
2023-09-17 21:00:00,-3.2026
2023-09-17 22:00:00,-3.2021
2023-09-17 23:00:00,-3.2016
2023-09-18 00:00:00,-3.2018
2023-09-18 01:00:00,-3.2018
2023-09-18 02:00:00,-3.2023
2023-09-18 03:00:00,-3.2023
2023-09-18 04:00:00,-3.2023
2023-09-18 05:00:00,-3.2019
2023-09-18 06:00:00,-3.2012
2023-09-18 07:00:00,-3.2001
2023-09-18 08:00:00,-3.1998
2023-09-18 09:00:00,-3.1987
2023-09-18 10:00:00,-3.1984
2023-09-18 11:00:00,-3.1977
2023-09-18 12:00:00,-3.1972
2023-09-18 13:00:00,-3.1964
2023-09-18 14:00:00,-3.1958
2023-09-18 15:00:00,-3.1952
2023-09-18 16:00:00,-3.1946
2023-09-18 17:00:00,-3.1941
2023-09-18 18:00:00,-3.1932
2023-09-18 19:00:00,-3.1924
2023-09-18 20:00:00,-3.1911
2023-09-18 21:00:00,-3.1903
2023-09-18 22:00:00,-3.1899
2023-09-18 23:00:00,-3.1887
2023-09-19 00:00:00,-3.1881
2023-09-19 01:00:00,-3.1869
2023-09-19 02:00:00,-3.1860
2023-09-19 03:00:00,-3.1854
2023-09-19 04:00:00,-3.1847
2023-09-19 05:00:00,-3.1839
2023-09-19 06:00:00,-3.1831
2023-09-19 07:00:00,-3.1822
2023-09-19 08:00:00,-3.1814
2023-09-19 09:00:00,-3.1809
2023-09-19 10:00:00,-3.1802
2023-09-19 11:00:00,-3.1793
2023-09-19 12:00:00,-3.1787
2023-09-19 13:00:00,-3.1780
2023-09-19 14:00:00,-3.1778
2023-09-19 15:00:00,-3.1776
2023-09-19 16:00:00,-3.1774
2023-09-19 17:00:00,-3.1783
2023-09-19 18:00:00,-3.1789
2023-09-19 19:00:00,-3.1795
2023-09-19 20:00:00,-3.1798
2023-09-19 21:00:00,-3.1506
2023-09-19 22:00:00,-3.1785
2023-09-19 23:00:00,-3.1775
2023-09-20 00:00:00,-3.1769
2023-09-20 01:00:00,-3.1765
2023-09-20 02:00:00,-3.1756
2023-09-20 03:00:00,-3.1750
2023-09-20 04:00:00,-3.1741
2023-09-20 05:00:00,-3.1733
2023-09-20 06:00:00,-3.1716
2023-09-20 07:00:00,-3.1701
2023-09-20 08:00:00,-3.1684
2023-09-20 09:00:00,-3.1664
2023-09-20 10:00:00,-3.1650
2023-09-20 11:00:00,-3.1640
2023-09-20 12:00:00,-3.1632
2023-09-20 13:00:00,-3.1626
2023-09-20 14:00:00,-3.1621
2023-09-20 15:00:00,-3.1617
2023-09-20 16:00:00,-3.1618
2023-09-20 17:00:00,-3.1622
2023-09-20 18:00:00,-3.1622
2023-09-20 19:00:00,-3.1623
2023-09-20 20:00:00,-3.1624
2023-09-20 21:00:00,-3.1405
2023-09-20 22:00:00,-3.1628
2023-09-20 23:00:00,-3.1628
2023-09-21 00:00:00,-3.1632
2023-09-21 01:00:00,-3.1638
2023-09-21 02:00:00,-3.1641
2023-09-21 03:00:00,-3.1643
2023-09-21 04:00:00,-3.1653
2023-09-21 05:00:00,-3.1661
2023-09-21 06:00:00,-3.1669
2023-09-21 07:00:00,-3.1680
2023-09-21 08:00:00,-3.1691
2023-09-21 09:00:00,-3.1697
2023-09-21 10:00:00,-3.1698
2023-09-21 11:00:00,-3.1694
2023-09-21 12:00:00,-3.1690
2023-09-21 13:00:00,-3.1680
2023-09-21 14:00:00,-3.1669
2023-09-21 15:00:00,-3.1660
2023-09-21 16:00:00,-3.1654
2023-09-21 17:00:00,-3.1649
2023-09-21 18:00:00,-3.1650
2023-09-21 19:00:00,-3.1651
2023-09-21 20:00:00,-3.1654
2023-09-21 21:00:00,-3.1656
2023-09-21 22:00:00,-3.1659
2023-09-21 23:00:00,-3.1648
2023-09-22 00:00:00,-3.1608
2023-09-22 01:00:00,-3.1560
2023-09-22 02:00:00,-3.1525
2023-09-22 03:00:00,-3.1498
2023-09-22 04:00:00,-3.1478
2023-09-22 05:00:00,-3.1460
2023-09-22 06:00:00,-3.1446
2023-09-22 07:00:00,-3.1436
2023-09-22 08:00:00,-3.1429
2023-09-22 09:00:00,-3.1423
2023-09-22 10:00:00,-3.1421
2023-09-22 11:00:00,-3.1419
2023-09-22 12:00:00,-3.1421
2023-09-22 13:00:00,-3.1428
2023-09-22 14:00:00,-3.1438
2023-09-22 15:00:00,-3.1447
2023-09-22 16:00:00,-3.1455
2023-09-22 17:00:00,-3.1463
2023-09-22 18:00:00,-3.1468
2023-09-22 19:00:00,-3.1476
2023-09-22 20:00:00,-3.1481
2023-09-22 21:00:00,-3.1258
2023-09-22 22:00:00,-3.1442
2023-09-22 23:00:00,-3.1397
2023-09-23 00:00:00,-3.1355
2023-09-23 01:00:00,-3.1308
2023-09-23 02:00:00,-3.1246
2023-09-23 03:00:00,-3.1138
2023-09-23 04:00:00,-3.1047
2023-09-23 05:00:00,-3.0974
2023-09-23 06:00:00,-3.0909
2023-09-23 07:00:00,-3.0835
2023-09-23 08:00:00,-3.0763
2023-09-23 09:00:00,-3.0698
2023-09-23 10:00:00,-3.0644
2023-09-23 11:00:00,-3.0593
2023-09-23 12:00:00,-3.0543
2023-09-23 13:00:00,-3.0501
2023-09-23 14:00:00,-3.0465
2023-09-23 15:00:00,-3.0431
2023-09-23 16:00:00,-3.0402
2023-09-23 17:00:00,-3.0378
2023-09-23 18:00:00,-3.0360
2023-09-23 19:00:00,-3.0347
2023-09-23 20:00:00,-3.0335
2023-09-23 21:00:00,-3.0326
2023-09-23 22:00:00,-3.0320
2023-09-23 23:00:00,-3.0318
2023-09-24 00:00:00,-3.0316
2023-09-24 01:00:00,-3.0316
2023-09-24 02:00:00,-3.0319
2023-09-24 03:00:00,-3.0326
2023-09-24 04:00:00,-3.0336
2023-09-24 05:00:00,-3.0349
2023-09-24 06:00:00,-3.0363
2023-09-24 07:00:00,-3.0377
2023-09-24 08:00:00,-3.0394
2023-09-24 09:00:00,-3.0412
2023-09-24 10:00:00,-3.0425
2023-09-24 11:00:00,-3.0440
2023-09-24 12:00:00,-3.0455
2023-09-24 13:00:00,-3.0471
2023-09-24 14:00:00,-3.0487
2023-09-24 15:00:00,-3.0507
2023-09-24 16:00:00,-3.0523
2023-09-24 17:00:00,-3.0541
2023-09-24 18:00:00,-3.0560
2023-09-24 19:00:00,-3.0577
2023-09-24 20:00:00,-3.0594
2023-09-24 21:00:00,-3.0610
2023-09-24 22:00:00,-3.0624
2023-09-24 23:00:00,-3.0638
2023-09-25 00:00:00,-3.0651
2023-09-25 01:00:00,-3.0664
2023-09-25 02:00:00,-3.0676
2023-09-25 03:00:00,-3.0687
2023-09-25 04:00:00,-3.0694
2023-09-25 05:00:00,-3.0704
2023-09-25 06:00:00,-3.0716
2023-09-25 07:00:00,-3.0727
2023-09-25 08:00:00,-3.0738
2023-09-25 09:00:00,-3.0750
2023-09-25 10:00:00,-3.0760
2023-09-25 11:00:00,-3.0772
2023-09-25 12:00:00,-3.0785
2023-09-25 13:00:00,-3.0797
2023-09-25 14:00:00,-3.0808
2023-09-25 15:00:00,-3.0820
2023-09-25 16:00:00,-3.0831
2023-09-25 17:00:00,-3.0841
2023-09-25 18:00:00,-3.0851
2023-09-25 19:00:00,-3.0862
2023-09-25 20:00:00,-3.0874
2023-09-25 21:00:00,-3.0880
2023-09-25 22:00:00,-3.0890
2023-09-25 23:00:00,-3.0898
2023-09-26 00:00:00,-3.0905
2023-09-26 01:00:00,-3.0912
2023-09-26 02:00:00,-3.0920
2023-09-26 03:00:00,-3.0929
2023-09-26 04:00:00,-3.0933
2023-09-26 05:00:00,-3.0937
2023-09-26 06:00:00,-3.0939
2023-09-26 07:00:00,-3.0944
2023-09-26 08:00:00,-3.0948
2023-09-26 09:00:00,-3.0952
2023-09-26 10:00:00,-3.0957
2023-09-26 11:00:00,-3.0961
2023-09-26 12:00:00,-3.0965
2023-09-26 13:00:00,-3.0970
2023-09-26 14:00:00,-3.0975
2023-09-26 15:00:00,-3.0981
2023-09-26 16:00:00,-3.0987
2023-09-26 17:00:00,-3.0993
2023-09-26 18:00:00,-3.1001
2023-09-26 19:00:00,-3.1011
2023-09-26 20:00:00,-3.1019
2023-09-26 21:00:00,-3.1026
2023-09-26 22:00:00,-3.1036
2023-09-26 23:00:00,-3.1043
2023-09-27 00:00:00,-3.1050
2023-09-27 01:00:00,-3.1056
2023-09-27 02:00:00,-3.1061
2023-09-27 03:00:00,-3.1066
2023-09-27 04:00:00,-3.1071
2023-09-27 05:00:00,-3.1076
2023-09-27 06:00:00,-3.1079
2023-09-27 07:00:00,-3.1084
2023-09-27 08:00:00,-3.1088
2023-09-27 09:00:00,-3.1096
2023-09-27 10:00:00,-3.1103
2023-09-27 11:00:00,-3.1110
2023-09-27 12:00:00,-3.1117
2023-09-27 13:00:00,-3.1122
2023-09-27 14:00:00,-3.1124
2023-09-27 15:00:00,-3.1129
2023-09-27 16:00:00,-3.1132
2023-09-27 17:00:00,-3.1137
2023-09-27 18:00:00,-3.1142
2023-09-27 19:00:00,-3.1147
2023-09-27 20:00:00,-3.1150
2023-09-27 21:00:00,-3.1155
2023-09-27 22:00:00,-3.1158
2023-09-27 23:00:00,-3.1163
2023-09-28 00:00:00,-3.1168
2023-09-28 01:00:00,-3.1173
2023-09-28 02:00:00,-3.1179
2023-09-28 03:00:00,-3.1186
2023-09-28 04:00:00,-3.1190
2023-09-28 05:00:00,-3.1196
2023-09-28 06:00:00,-3.1203
2023-09-28 07:00:00,-3.1208
2023-09-28 08:00:00,-3.1213
2023-09-28 09:00:00,-3.1220
2023-09-28 10:00:00,-3.1225
2023-09-28 11:00:00,-3.1229
2023-09-28 12:00:00,-3.1234
2023-09-28 13:00:00,-3.1238
2023-09-28 14:00:00,-3.1243
2023-09-28 15:00:00,-3.1247
2023-09-28 16:00:00,-3.1248
2023-09-28 17:00:00,-3.1250
2023-09-28 18:00:00,-3.1251
2023-09-28 19:00:00,-3.1252
2023-09-28 20:00:00,-3.1254
2023-09-28 21:00:00,-3.1260
2023-09-28 22:00:00,-3.1265
2023-09-28 23:00:00,-3.1270
2023-09-29 00:00:00,-3.1278
2023-09-29 01:00:00,-3.1284
2023-09-29 02:00:00,-3.1288
2023-09-29 03:00:00,-3.1293
2023-09-29 04:00:00,-3.1297
2023-09-29 05:00:00,-3.1300
2023-09-29 06:00:00,-3.1303
2023-09-29 07:00:00,-3.1308
2023-09-29 08:00:00,-3.1315
2023-09-29 09:00:00,-3.1322
2023-09-29 10:00:00,-3.1330
2023-09-29 11:00:00,-3.1337
2023-09-29 12:00:00,-3.1346
2023-09-29 13:00:00,-3.1355
2023-09-29 14:00:00,-3.1365
2023-09-29 15:00:00,-3.1379
2023-09-29 16:00:00,-3.1389
2023-09-29 17:00:00,-3.1396
2023-09-29 18:00:00,-3.1403
2023-09-29 19:00:00,-3.1411
2023-09-29 20:00:00,-3.1414
2023-09-29 21:00:00,-3.1418
2023-09-29 22:00:00,-3.1422
2023-09-29 23:00:00,-3.1427
2023-09-30 00:00:00,-3.1434
2023-09-30 01:00:00,-3.1442
2023-09-30 02:00:00,-3.1449
2023-09-30 03:00:00,-3.1458
2023-09-30 04:00:00,-3.1466
2023-09-30 05:00:00,-3.1473
2023-09-30 06:00:00,-3.1480
2023-09-30 07:00:00,-3.1488
2023-09-30 08:00:00,-3.1496
2023-09-30 09:00:00,-3.1505
2023-09-30 10:00:00,-3.1513
2023-09-30 11:00:00,-3.1522
2023-09-30 12:00:00,-3.1531
2023-09-30 13:00:00,-3.1538
2023-09-30 14:00:00,-3.1546
2023-09-30 15:00:00,-3.1552
2023-09-30 16:00:00,-3.1559
2023-09-30 17:00:00,-3.1566
2023-09-30 18:00:00,-3.1573
2023-09-30 19:00:00,-3.1580
2023-09-30 20:00:00,-3.1585
2023-09-30 21:00:00,-3.1592
2023-09-30 22:00:00,-3.1597
2023-09-30 23:00:00,-3.1601
2023-10-01 00:00:00,-3.1605
2023-10-01 01:00:00,-3.1610
2023-10-01 02:00:00,-3.1614
2023-10-01 03:00:00,-3.1619
2023-10-01 04:00:00,-3.1623
2023-10-01 05:00:00,-3.1628
2023-10-01 06:00:00,-3.1633
2023-10-01 07:00:00,-3.1637
2023-10-01 08:00:00,-3.1642
2023-10-01 09:00:00,-3.1649
2023-10-01 10:00:00,-3.1654
2023-10-01 11:00:00,-3.1661
2023-10-01 12:00:00,-3.1666
2023-10-01 13:00:00,-3.1673
2023-10-01 14:00:00,-3.1680
2023-10-01 15:00:00,-3.1687
2023-10-01 16:00:00,-3.1691
2023-10-01 17:00:00,-3.1698
2023-10-01 18:00:00,-3.1704
2023-10-01 19:00:00,-3.1710
2023-10-01 20:00:00,-3.1716
2023-10-01 21:00:00,-3.1722
2023-10-01 22:00:00,-3.1727
2023-10-01 23:00:00,-3.1734
2023-10-02 00:00:00,-3.1740
2023-10-02 01:00:00,-3.1744
2023-10-02 02:00:00,-3.1752
2023-10-02 03:00:00,-3.1758
2023-10-02 04:00:00,-3.1764
2023-10-02 05:00:00,-3.1771
2023-10-02 06:00:00,-3.1777
2023-10-02 07:00:00,-3.1784
2023-10-02 08:00:00,-3.1792
2023-10-02 09:00:00,-3.1799
2023-10-02 10:00:00,-3.1806
2023-10-02 11:00:00,-3.1814
2023-10-02 12:00:00,-3.1819
2023-10-02 13:00:00,-3.1826
2023-10-02 14:00:00,-3.1833
2023-10-02 15:00:00,-3.1836
2023-10-02 16:00:00,-3.1839
2023-10-02 17:00:00,-3.1842
2023-10-02 18:00:00,-3.1848
2023-10-02 19:00:00,-3.1851
2023-10-02 20:00:00,-3.1855
2023-10-02 21:00:00,-3.1858
2023-10-02 22:00:00,-3.1858
2023-10-02 23:00:00,-3.1857
2023-10-03 00:00:00,-3.1856
2023-10-03 01:00:00,-3.1858
2023-10-03 02:00:00,-3.1858
2023-10-03 03:00:00,-3.1859
2023-10-03 04:00:00,-3.1860
2023-10-03 05:00:00,-3.1862
2023-10-03 06:00:00,-3.1867
2023-10-03 07:00:00,-3.1871
2023-10-03 08:00:00,-3.1874
2023-10-03 09:00:00,-3.1880
2023-10-03 10:00:00,-3.1885
2023-10-03 11:00:00,-3.1889
2023-10-03 12:00:00,-3.1893
2023-10-03 13:00:00,-3.1900
2023-10-03 14:00:00,-3.1905
2023-10-03 15:00:00,-3.1910
2023-10-03 16:00:00,-3.1914
2023-10-03 17:00:00,-3.1828
2023-10-03 18:00:00,-3.1834
2023-10-03 19:00:00,-3.1863
2023-10-03 20:00:00,-3.1889
2023-10-03 21:00:00,-3.1903
2023-10-03 22:00:00,-3.1918
2023-10-03 23:00:00,-3.1925
2023-10-04 00:00:00,-3.1937
2023-10-04 01:00:00,-3.1948
2023-10-04 02:00:00,-3.1955
2023-10-04 03:00:00,-3.1958
2023-10-04 04:00:00,-3.1962
2023-10-04 05:00:00,-3.1963
2023-10-04 06:00:00,-3.1964
2023-10-04 07:00:00,-3.1968
2023-10-04 08:00:00,-3.1977
2023-10-04 09:00:00,-3.1978
2023-10-04 10:00:00,-3.1980
2023-10-04 11:00:00,-3.1982
2023-10-04 12:00:00,-3.1990
2023-10-04 13:00:00,-3.1992
2023-10-04 14:00:00,-3.1997
2023-10-04 15:00:00,-3.2000
2023-10-04 16:00:00,-3.2005
2023-10-04 17:00:00,-3.2008
2023-10-04 18:00:00,-3.2013
2023-10-04 19:00:00,-3.2016
2023-10-04 20:00:00,-3.2017
2023-10-04 21:00:00,-3.1930
2023-10-04 22:00:00,-3.2018
2023-10-04 23:00:00,-3.2017
2023-10-05 00:00:00,-3.2017
2023-10-05 01:00:00,-3.2020
2023-10-05 02:00:00,-3.2021
2023-10-05 03:00:00,-3.2020
2023-10-05 04:00:00,-3.2023
2023-10-05 05:00:00,-3.2024
2023-10-05 06:00:00,-3.2025
2023-10-05 07:00:00,-3.2028
2023-10-05 08:00:00,-3.2030
2023-10-05 09:00:00,-3.2032
2023-10-05 10:00:00,-3.2035
2023-10-05 11:00:00,-3.2038
2023-10-05 12:00:00,-3.2043
2023-10-05 13:00:00,-3.2047
2023-10-05 14:00:00,-3.2050
2023-10-05 15:00:00,-3.2054
2023-10-05 16:00:00,-3.2059
2023-10-05 17:00:00,-3.2061
2023-10-05 18:00:00,-3.2065
2023-10-05 19:00:00,-3.2066
2023-10-05 20:00:00,-3.2067
2023-10-05 21:00:00,-3.2044
2023-10-05 22:00:00,-3.2068
2023-10-05 23:00:00,-3.2069
2023-10-06 00:00:00,-3.2073
2023-10-06 01:00:00,-3.2073
2023-10-06 02:00:00,-3.2073
2023-10-06 03:00:00,-3.2074
2023-10-06 04:00:00,-3.2081
2023-10-06 05:00:00,-3.2086
2023-10-06 06:00:00,-3.2088
2023-10-06 07:00:00,-3.2091
2023-10-06 08:00:00,-3.2090
2023-10-06 09:00:00,-3.2093
2023-10-06 10:00:00,-3.2094
2023-10-06 11:00:00,-3.2091
2023-10-06 12:00:00,-3.2087
2023-10-06 13:00:00,-3.2085
2023-10-06 14:00:00,-3.2077
2023-10-06 15:00:00,-3.2068
2023-10-06 16:00:00,-3.2048
2023-10-06 17:00:00,-3.2042
2023-10-06 18:00:00,-3.2033
2023-10-06 19:00:00,-3.2017
2023-10-06 20:00:00,-3.2006
2023-10-06 21:00:00,-3.2003
2023-10-06 22:00:00,-3.2002
2023-10-06 23:00:00,-3.2006
2023-10-07 00:00:00,-3.2006
2023-10-07 01:00:00,-3.2010
2023-10-07 02:00:00,-3.2015
2023-10-07 03:00:00,-3.2021
2023-10-07 04:00:00,-3.2024
2023-10-07 05:00:00,-3.2029
2023-10-07 06:00:00,-3.2033
2023-10-07 07:00:00,-3.2045
2023-10-07 08:00:00,-3.2060
2023-10-07 09:00:00,-3.2068
2023-10-07 10:00:00,-3.2076
2023-10-07 11:00:00,-3.2085
2023-10-07 12:00:00,-3.2089
2023-10-07 13:00:00,-3.2094
2023-10-07 14:00:00,-3.2102
2023-10-07 15:00:00,-3.2100
2023-10-07 16:00:00,-3.2099
2023-10-07 17:00:00,-3.2091
2023-10-07 18:00:00,-3.2090
2023-10-07 19:00:00,-3.2100
2023-10-07 20:00:00,-3.2096
2023-10-07 21:00:00,-3.2087
2023-10-07 22:00:00,-3.2084
2023-10-07 23:00:00,-3.2082
2023-10-08 00:00:00,-3.2097
2023-10-08 01:00:00,-3.2103
2023-10-08 02:00:00,-3.2107
2023-10-08 03:00:00,-3.2107
2023-10-08 04:00:00,-3.2108
2023-10-08 05:00:00,-3.2111
2023-10-08 06:00:00,-3.2114
2023-10-08 07:00:00,-3.2116
2023-10-08 08:00:00,-3.2120
2023-10-08 09:00:00,-3.2126
2023-10-08 10:00:00,-3.2132
2023-10-08 11:00:00,-3.2136
2023-10-08 12:00:00,-3.2141
2023-10-08 13:00:00,-3.2143
2023-10-08 14:00:00,-3.2146
2023-10-08 15:00:00,-3.2151
2023-10-08 16:00:00,-3.2154
2023-10-08 17:00:00,-3.2153
2023-10-08 18:00:00,-3.2150
2023-10-08 19:00:00,-3.2154
2023-10-08 20:00:00,-3.2155
2023-10-08 21:00:00,-3.2154
2023-10-08 22:00:00,-3.2131
2023-10-08 23:00:00,-3.2117
2023-10-09 00:00:00,-3.2109
2023-10-09 01:00:00,-3.2107
2023-10-09 02:00:00,-3.2113
2023-10-09 03:00:00,-3.2111
2023-10-09 04:00:00,-3.2102
2023-10-09 05:00:00,-3.2083
2023-10-09 06:00:00,-3.2062
2023-10-09 07:00:00,-3.2057
2023-10-09 08:00:00,-3.2056
2023-10-09 09:00:00,-3.2070
2023-10-09 10:00:00,-3.2087
2023-10-09 11:00:00,-3.2070
2023-10-09 12:00:00,-3.2061
2023-10-09 13:00:00,-3.2053
2023-10-09 14:00:00,-3.2050
2023-10-09 15:00:00,-3.2048
2023-10-09 16:00:00,-3.2041
2023-10-09 17:00:00,-3.2047
2023-10-09 18:00:00,-3.2051
2023-10-09 19:00:00,-3.2054
2023-10-09 20:00:00,-3.2060
2023-10-09 21:00:00,-3.2057
2023-10-09 22:00:00,-3.2057
2023-10-09 23:00:00,-3.2060
2023-10-10 00:00:00,-3.2062
2023-10-10 01:00:00,-3.2058
2023-10-10 02:00:00,-3.2073
2023-10-10 03:00:00,-3.2076
2023-10-10 04:00:00,-3.2083
2023-10-10 05:00:00,-3.2091
2023-10-10 06:00:00,-3.2106
2023-10-10 07:00:00,-3.2119
2023-10-10 08:00:00,-3.2126
2023-10-10 09:00:00,-3.2138
2023-10-10 10:00:00,-3.2150
2023-10-10 11:00:00,-3.2159
2023-10-10 12:00:00,-3.2150
2023-10-10 13:00:00,-3.2135
2023-10-10 14:00:00,-3.2129
2023-10-10 15:00:00,-3.2125
2023-10-10 16:00:00,-3.2122
2023-10-10 17:00:00,-3.2116
2023-10-10 18:00:00,-3.2116
2023-10-10 19:00:00,-3.2123
2023-10-10 20:00:00,-3.2122
2023-10-10 21:00:00,-3.2133
2023-10-10 22:00:00,-3.2149
2023-10-10 23:00:00,-3.2152
2023-10-11 00:00:00,-3.2153
2023-10-11 01:00:00,-3.2158
2023-10-11 02:00:00,-3.2148
2023-10-11 03:00:00,-3.2128
2023-10-11 04:00:00,-3.2127
2023-10-11 05:00:00,-3.2132
2023-10-11 06:00:00,-3.2136
2023-10-11 07:00:00,-3.2145
2023-10-11 08:00:00,-3.2153
2023-10-11 09:00:00,-3.2167
2023-10-11 10:00:00,-3.2169
2023-10-11 11:00:00,-3.2175
2023-10-11 12:00:00,-3.2182
2023-10-11 13:00:00,-3.2188
2023-10-11 14:00:00,-3.2189
2023-10-11 15:00:00,-3.2189
2023-10-11 16:00:00,-3.2188
2023-10-11 17:00:00,-3.2180
2023-10-11 18:00:00,-3.2181
2023-10-11 19:00:00,-3.2187
2023-10-11 20:00:00,-3.2194
2023-10-11 21:00:00,-3.2203
2023-10-11 22:00:00,-3.2211
2023-10-11 23:00:00,-3.2218
2023-10-12 00:00:00,-3.2231
2023-10-12 01:00:00,-3.2228
2023-10-12 02:00:00,-3.2232
2023-10-12 03:00:00,-3.2231
2023-10-12 04:00:00,-3.2229
2023-10-12 05:00:00,-3.2229
2023-10-12 06:00:00,-3.2228
2023-10-12 07:00:00,-3.2223
2023-10-12 08:00:00,-3.2216
2023-10-12 09:00:00,-3.2222
2023-10-12 10:00:00,-3.2225
2023-10-12 11:00:00,-3.2227
2023-10-12 12:00:00,-3.2229
2023-10-12 13:00:00,-3.2227
2023-10-12 14:00:00,-3.2232
2023-10-12 15:00:00,-3.2232
2023-10-12 16:00:00,-3.2230
2023-10-12 17:00:00,-3.2218
2023-10-12 18:00:00,-3.2210
2023-10-12 19:00:00,-3.2210
2023-10-12 20:00:00,-3.2211
2023-10-12 21:00:00,-3.2211
2023-10-12 22:00:00,-3.2208
2023-10-12 23:00:00,-3.2208
2023-10-13 00:00:00,-3.2208
2023-10-13 01:00:00,-3.2201
2023-10-13 02:00:00,-3.2203
2023-10-13 03:00:00,-3.2194
2023-10-13 04:00:00,-3.2194
2023-10-13 05:00:00,-3.2183
2023-10-13 06:00:00,-3.2180
2023-10-13 07:00:00,-3.2161
2023-10-13 08:00:00,-3.2119
2023-10-13 09:00:00,-3.2077
2023-10-13 10:00:00,-3.2040
2023-10-13 11:00:00,-3.2014
2023-10-13 12:00:00,-3.2003
2023-10-13 13:00:00,-3.1983
2023-10-13 14:00:00,-3.1972
2023-10-13 15:00:00,-3.1954
2023-10-13 16:00:00,-3.1938
2023-10-13 17:00:00,-3.1921
2023-10-13 18:00:00,-3.1910
2023-10-13 19:00:00,-3.1895
2023-10-13 20:00:00,-3.1882
2023-10-13 21:00:00,-3.1872
2023-10-13 22:00:00,-3.1862
2023-10-13 23:00:00,-3.1851
2023-10-14 00:00:00,-3.1849
2023-10-14 01:00:00,-3.1842
2023-10-14 02:00:00,-3.1837
2023-10-14 03:00:00,-3.1833
2023-10-14 04:00:00,-3.1826
2023-10-14 05:00:00,-3.1819
2023-10-14 06:00:00,-3.1812
2023-10-14 07:00:00,-3.1806
2023-10-14 08:00:00,-3.1800
2023-10-14 09:00:00,-3.1797
2023-10-14 10:00:00,-3.1791
2023-10-14 11:00:00,-3.1788
2023-10-14 12:00:00,-3.1784
2023-10-14 13:00:00,-3.1781
2023-10-14 14:00:00,-3.1774
2023-10-14 15:00:00,-3.1769
2023-10-14 16:00:00,-3.1763
2023-10-14 17:00:00,-3.1759
2023-10-14 18:00:00,-3.1754
2023-10-14 19:00:00,-3.1749
2023-10-14 20:00:00,-3.1747
2023-10-14 21:00:00,-3.1708
2023-10-14 22:00:00,-3.1758
2023-10-14 23:00:00,-3.1763
2023-10-15 00:00:00,-3.1768
2023-10-15 01:00:00,-3.1770
2023-10-15 02:00:00,-3.1767
2023-10-15 03:00:00,-3.1761
2023-10-15 04:00:00,-3.1751
2023-10-15 05:00:00,-3.1708
2023-10-15 06:00:00,-3.1640
2023-10-15 07:00:00,-3.1588
2023-10-15 08:00:00,-3.1540
2023-10-15 09:00:00,-3.1473
2023-10-15 10:00:00,-3.1339
2023-10-15 11:00:00,-3.1236
2023-10-15 12:00:00,-3.1159
2023-10-15 13:00:00,-3.1092
2023-10-15 14:00:00,-3.1038
2023-10-15 15:00:00,-3.0986
2023-10-15 16:00:00,-3.0945
2023-10-15 17:00:00,-3.0913
2023-10-15 18:00:00,-3.0886
2023-10-15 19:00:00,-3.0860
2023-10-15 20:00:00,-3.0838
2023-10-15 21:00:00,-3.0822
2023-10-15 22:00:00,-3.0806
2023-10-15 23:00:00,-3.0793
2023-10-16 00:00:00,-3.0781
2023-10-16 01:00:00,-3.0774
2023-10-16 02:00:00,-3.0767
2023-10-16 03:00:00,-3.0760
2023-10-16 04:00:00,-3.0756
2023-10-16 05:00:00,-3.0750
2023-10-16 06:00:00,-3.0745
2023-10-16 07:00:00,-3.0738
2023-10-16 08:00:00,-3.0732
2023-10-16 09:00:00,-3.0726
2023-10-16 10:00:00,-3.0723
2023-10-16 11:00:00,-3.0720
2023-10-16 12:00:00,-3.0718
2023-10-16 13:00:00,-3.0712
2023-10-16 14:00:00,-3.0709
2023-10-16 15:00:00,-3.0710
2023-10-16 16:00:00,-3.0711
2023-10-16 17:00:00,-3.0716
2023-10-16 18:00:00,-3.0717
2023-10-16 19:00:00,-3.0721
2023-10-16 20:00:00,-3.0720
2023-10-16 21:00:00,-3.0718
2023-10-16 22:00:00,-3.0717
2023-10-16 23:00:00,-3.0721
2023-10-17 00:00:00,-3.0721
2023-10-17 01:00:00,-3.0718
2023-10-17 02:00:00,-3.0717
2023-10-17 03:00:00,-3.0714
2023-10-17 04:00:00,-3.0713
2023-10-17 05:00:00,-3.0713
2023-10-17 06:00:00,-3.0714
2023-10-17 07:00:00,-3.0712
2023-10-17 08:00:00,-3.0712
2023-10-17 09:00:00,-3.0713
2023-10-17 10:00:00,-3.0719
2023-10-17 11:00:00,-3.0724
2023-10-17 12:00:00,-3.0729
2023-10-17 13:00:00,-3.0737
2023-10-17 14:00:00,-3.0744
2023-10-17 15:00:00,-3.0752
2023-10-17 16:00:00,-3.0762
2023-10-17 17:00:00,-3.0772
2023-10-17 18:00:00,-3.0781
2023-10-17 19:00:00,-3.0789
2023-10-17 20:00:00,-3.0794
2023-10-17 21:00:00,-3.0774
2023-10-17 22:00:00,-3.0803
2023-10-17 23:00:00,-3.0807
2023-10-18 00:00:00,-3.0811
2023-10-18 01:00:00,-3.0814
2023-10-18 02:00:00,-3.0819
2023-10-18 03:00:00,-3.0822
2023-10-18 04:00:00,-3.0824
2023-10-18 05:00:00,-3.0824
2023-10-18 06:00:00,-3.0825
2023-10-18 07:00:00,-3.0825
2023-10-18 08:00:00,-3.0827
2023-10-18 09:00:00,-3.0827
2023-10-18 10:00:00,-3.0827
2023-10-18 11:00:00,-3.0827
2023-10-18 12:00:00,-3.0828
2023-10-18 13:00:00,-3.0830
2023-10-18 14:00:00,-3.0832
2023-10-18 15:00:00,-3.0836
2023-10-18 16:00:00,-3.0838
2023-10-18 17:00:00,-3.0841
2023-10-18 18:00:00,-3.0844
2023-10-18 19:00:00,-3.0850
2023-10-18 20:00:00,-3.0854
2023-10-18 21:00:00,-3.0854
2023-10-18 22:00:00,-3.0861
2023-10-18 23:00:00,-3.0867
2023-10-19 00:00:00,-3.0870
2023-10-19 01:00:00,-3.0746
2023-10-19 02:00:00,-3.0572
2023-10-19 03:00:00,-3.0447
2023-10-19 04:00:00,-3.0341
2023-10-19 05:00:00,-3.0248
2023-10-19 06:00:00,-3.0165
2023-10-19 07:00:00,-3.0093
2023-10-19 08:00:00,-3.0033
2023-10-19 09:00:00,-2.9981
2023-10-19 10:00:00,-2.9939
2023-10-19 11:00:00,-2.9899
2023-10-19 12:00:00,-2.9869
2023-10-19 13:00:00,-2.9842
2023-10-19 14:00:00,-2.9815
2023-10-19 15:00:00,-2.9794
2023-10-19 16:00:00,-2.9777
2023-10-19 17:00:00,-2.9758
2023-10-19 18:00:00,-2.9741
2023-10-19 19:00:00,-2.9726
2023-10-19 20:00:00,-2.9711
2023-10-19 21:00:00,-2.9624
2023-10-19 22:00:00,-2.9686
2023-10-19 23:00:00,-2.9674
2023-10-20 00:00:00,-2.9669
2023-10-20 01:00:00,-2.9661
2023-10-20 02:00:00,-2.9652
2023-10-20 03:00:00,-2.9651
2023-10-20 04:00:00,-2.9646
2023-10-20 05:00:00,-2.9640
2023-10-20 06:00:00,-2.9639
2023-10-20 07:00:00,-2.9637
2023-10-20 08:00:00,-2.9638
2023-10-20 09:00:00,-2.9635
2023-10-20 10:00:00,-2.9623
2023-10-20 11:00:00,-2.9609
2023-10-20 12:00:00,-2.9583
2023-10-20 13:00:00,-2.9531
2023-10-20 14:00:00,-2.9431
2023-10-20 15:00:00,-2.9237
2023-10-20 16:00:00,-2.8930
2023-10-20 17:00:00,-2.8600
2023-10-20 18:00:00,-2.8301
2023-10-20 19:00:00,-2.7923
2023-10-20 20:00:00,-2.7553
2023-10-20 21:00:00,-2.7328
2023-10-20 22:00:00,-2.7203
2023-10-20 23:00:00,-2.7142
2023-10-21 00:00:00,-2.7115
2023-10-21 01:00:00,-2.7117
2023-10-21 02:00:00,-2.7148
2023-10-21 03:00:00,-2.7185
2023-10-21 04:00:00,-2.7229
2023-10-21 05:00:00,-2.7278
2023-10-21 06:00:00,-2.7329
2023-10-21 07:00:00,-2.7382
2023-10-21 08:00:00,-2.7438
2023-10-21 09:00:00,-2.7490
2023-10-21 10:00:00,-2.7543
2023-10-21 11:00:00,-2.7595
2023-10-21 12:00:00,-2.7645
2023-10-21 13:00:00,-2.7698
2023-10-21 14:00:00,-2.7749
2023-10-21 15:00:00,-2.7796
2023-10-21 16:00:00,-2.7851
2023-10-21 17:00:00,-2.7892
2023-10-21 18:00:00,-2.7913
2023-10-21 19:00:00,-2.7911
2023-10-21 20:00:00,-2.7843
2023-10-21 21:00:00,-2.7781
2023-10-21 22:00:00,-2.7740
2023-10-21 23:00:00,-2.7719
2023-10-22 00:00:00,-2.7709
2023-10-22 01:00:00,-2.7711
2023-10-22 02:00:00,-2.7723
2023-10-22 03:00:00,-2.7742
2023-10-22 04:00:00,-2.7767
2023-10-22 05:00:00,-2.7780
2023-10-22 06:00:00,-2.7669
2023-10-22 07:00:00,-2.7545
2023-10-22 08:00:00,-2.7463
2023-10-22 09:00:00,-2.7412
2023-10-22 10:00:00,-2.7388
2023-10-22 11:00:00,-2.7388
2023-10-22 12:00:00,-2.7414
2023-10-22 13:00:00,-2.7446
2023-10-22 14:00:00,-2.7486
2023-10-22 15:00:00,-2.7534
2023-10-22 16:00:00,-2.7584
2023-10-22 17:00:00,-2.7631
2023-10-22 18:00:00,-2.7676
2023-10-22 19:00:00,-2.7722
2023-10-22 20:00:00,-2.7765
2023-10-22 21:00:00,-2.7809
2023-10-22 22:00:00,-2.7854
2023-10-22 23:00:00,-2.7897
2023-10-23 00:00:00,-2.7938
2023-10-23 01:00:00,-2.7980
2023-10-23 02:00:00,-2.8022
2023-10-23 03:00:00,-2.8064
2023-10-23 04:00:00,-2.8105
2023-10-23 05:00:00,-2.8146
2023-10-23 06:00:00,-2.8184
2023-10-23 07:00:00,-2.8221
2023-10-23 08:00:00,-2.8261
2023-10-23 09:00:00,-2.8298
2023-10-23 10:00:00,-2.8340
2023-10-23 11:00:00,-2.8377
2023-10-23 12:00:00,-2.8416
2023-10-23 13:00:00,-2.8453
2023-10-23 14:00:00,-2.8486
2023-10-23 15:00:00,-2.8519
2023-10-23 16:00:00,-2.8551
2023-10-23 17:00:00,-2.8583
2023-10-23 18:00:00,-2.8612
2023-10-23 19:00:00,-2.8641
2023-10-23 20:00:00,-2.8669
2023-10-23 21:00:00,-2.8697
2023-10-23 22:00:00,-2.8729
2023-10-23 23:00:00,-2.8751
2023-10-24 00:00:00,-2.8770
2023-10-24 01:00:00,-2.8786
2023-10-24 02:00:00,-2.8776
2023-10-24 03:00:00,-2.8754
2023-10-24 04:00:00,-2.8737
2023-10-24 05:00:00,-2.8734
2023-10-24 06:00:00,-2.8736
2023-10-24 07:00:00,-2.8738
2023-10-24 08:00:00,-2.8746
2023-10-24 09:00:00,-2.8760
2023-10-24 10:00:00,-2.8766
2023-10-24 11:00:00,-2.8777
2023-10-24 12:00:00,-2.8786
2023-10-24 13:00:00,-2.8796
2023-10-24 14:00:00,-2.8804
2023-10-24 15:00:00,-2.8815
2023-10-24 16:00:00,-2.8823
2023-10-24 17:00:00,-2.8828
2023-10-24 18:00:00,-2.8840
2023-10-24 19:00:00,-2.8849
2023-10-24 20:00:00,-2.8852
2023-10-24 21:00:00,-2.8855
2023-10-24 22:00:00,-2.8865
2023-10-24 23:00:00,-2.8874
2023-10-25 00:00:00,-2.8882
2023-10-25 01:00:00,-2.8887
2023-10-25 02:00:00,-2.8895
2023-10-25 03:00:00,-2.8905
2023-10-25 04:00:00,-2.8908
2023-10-25 05:00:00,-2.8913
2023-10-25 06:00:00,-2.8920
2023-10-25 07:00:00,-2.8924
2023-10-25 08:00:00,-2.8927
2023-10-25 09:00:00,-2.8930
2023-10-25 10:00:00,-2.8932
2023-10-25 11:00:00,-2.8935
2023-10-25 12:00:00,-2.8937
2023-10-25 13:00:00,-2.8936
2023-10-25 14:00:00,-2.8932
2023-10-25 15:00:00,-2.8919
2023-10-25 16:00:00,-2.8900
2023-10-25 17:00:00,-2.8880
2023-10-25 18:00:00,-2.8859
2023-10-25 19:00:00,-2.8841
2023-10-25 20:00:00,-2.8826
2023-10-25 21:00:00,-2.8798
2023-10-25 22:00:00,-2.8808
2023-10-25 23:00:00,-2.8800
2023-10-26 00:00:00,-2.8798
2023-10-26 01:00:00,-2.8797
2023-10-26 02:00:00,-2.8799
2023-10-26 03:00:00,-2.8805
2023-10-26 04:00:00,-2.8807
2023-10-26 05:00:00,-2.8811
2023-10-26 06:00:00,-2.8816
2023-10-26 07:00:00,-2.8822
2023-10-26 08:00:00,-2.8830
2023-10-26 09:00:00,-2.8842
2023-10-26 10:00:00,-2.8860
2023-10-26 11:00:00,-2.8875
2023-10-26 12:00:00,-2.8891
2023-10-26 13:00:00,-2.8905
2023-10-26 14:00:00,-2.8917
2023-10-26 15:00:00,-2.8927
2023-10-26 16:00:00,-2.8939
2023-10-26 17:00:00,-2.8948
2023-10-26 18:00:00,-2.8959
2023-10-26 19:00:00,-2.8973
2023-10-26 20:00:00,-2.8983
2023-10-26 21:00:00,-2.8995
2023-10-26 22:00:00,-2.9004
2023-10-26 23:00:00,-2.9015
2023-10-27 00:00:00,-2.9029
2023-10-27 01:00:00,-2.9044
2023-10-27 02:00:00,-2.9056
2023-10-27 03:00:00,-2.9068
2023-10-27 04:00:00,-2.9080
2023-10-27 05:00:00,-2.9091
2023-10-27 06:00:00,-2.9102
2023-10-27 07:00:00,-2.9116
2023-10-27 08:00:00,-2.9125
2023-10-27 09:00:00,-2.9136
2023-10-27 10:00:00,-2.9147
2023-10-27 11:00:00,-2.9158
2023-10-27 12:00:00,-2.9174
2023-10-27 13:00:00,-2.9186
2023-10-27 14:00:00,-2.9197
2023-10-27 15:00:00,-2.9204
2023-10-27 16:00:00,-2.9212
2023-10-27 17:00:00,-2.9222
2023-10-27 18:00:00,-2.9203
2023-10-27 19:00:00,-2.9019
2023-10-27 20:00:00,-2.8600
2023-10-27 21:00:00,-2.8019
2023-10-27 22:00:00,-2.7608
2023-10-27 23:00:00,-2.7355
2023-10-28 00:00:00,-2.7192
2023-10-28 01:00:00,-2.7099
2023-10-28 02:00:00,-2.7051
2023-10-28 03:00:00,-2.7023
2023-10-28 04:00:00,-2.7013
2023-10-28 05:00:00,-2.7023
2023-10-28 06:00:00,-2.7043
2023-10-28 07:00:00,-2.7071
2023-10-28 08:00:00,-2.7106
2023-10-28 09:00:00,-2.7145
2023-10-28 10:00:00,-2.7186
2023-10-28 11:00:00,-2.7231
2023-10-28 12:00:00,-2.7278
2023-10-28 13:00:00,-2.7322
2023-10-28 14:00:00,-2.7369
2023-10-28 15:00:00,-2.7417
2023-10-28 16:00:00,-2.7465
2023-10-28 17:00:00,-2.7512
2023-10-28 18:00:00,-2.7560
2023-10-28 19:00:00,-2.7606
2023-10-28 20:00:00,-2.7653
2023-10-28 21:00:00,-2.7694
2023-10-28 22:00:00,-2.7734
2023-10-28 23:00:00,-2.7767
2023-10-29 00:00:00,-2.7790
2023-10-29 01:00:00,-2.7807
2023-10-29 02:00:00,-2.7800
2023-10-29 03:00:00,-2.7783
2023-10-29 04:00:00,-2.7791
2023-10-29 05:00:00,-2.7795
2023-10-29 06:00:00,-2.7805
2023-10-29 07:00:00,-2.7808
2023-10-29 08:00:00,-2.7813
2023-10-29 09:00:00,-2.7817
2023-10-29 10:00:00,-2.7821
2023-10-29 11:00:00,-2.7825
2023-10-29 12:00:00,-2.7829
2023-10-29 13:00:00,-2.7831
2023-10-29 14:00:00,-2.7836
2023-10-29 15:00:00,-2.7848
2023-10-29 16:00:00,-2.7860
2023-10-29 17:00:00,-2.7873
2023-10-29 18:00:00,-2.7889
2023-10-29 19:00:00,-2.7903
2023-10-29 20:00:00,-2.7899
2023-10-29 21:00:00,-2.7914
2023-10-29 22:00:00,-2.7943
2023-10-29 23:00:00,-2.7927
2023-10-30 00:00:00,-2.7901
2023-10-30 01:00:00,-2.7876
2023-10-30 02:00:00,-2.7853
2023-10-30 03:00:00,-2.7835
2023-10-30 04:00:00,-2.7821
2023-10-30 05:00:00,-2.7808
2023-10-30 06:00:00,-2.7801
2023-10-30 07:00:00,-2.7797
2023-10-30 08:00:00,-2.7800
2023-10-30 09:00:00,-2.7808
2023-10-30 10:00:00,-2.7820
2023-10-30 11:00:00,-2.7830
2023-10-30 12:00:00,-2.7848
2023-10-30 13:00:00,-2.7862
2023-10-30 14:00:00,-2.7877
2023-10-30 15:00:00,-2.7895
2023-10-30 16:00:00,-2.7913
2023-10-30 17:00:00,-2.7932
2023-10-30 18:00:00,-2.7950
2023-10-30 19:00:00,-2.7956
2023-10-30 20:00:00,-2.7960
2023-10-30 21:00:00,-2.7878
2023-10-30 22:00:00,-2.7924
2023-10-30 23:00:00,-2.7860
2023-10-31 00:00:00,-2.7743
2023-10-31 01:00:00,-2.7558
2023-10-31 02:00:00,-2.7392
2023-10-31 03:00:00,-2.7274
2023-10-31 04:00:00,-2.7162
2023-10-31 05:00:00,-2.7021
2023-10-31 06:00:00,-2.6891
2023-10-31 07:00:00,-2.6780
2023-10-31 08:00:00,-2.6708
2023-10-31 09:00:00,-2.6661
2023-10-31 10:00:00,-2.6632
2023-10-31 11:00:00,-2.6619
2023-10-31 12:00:00,-2.6624
2023-10-31 13:00:00,-2.6643
2023-10-31 14:00:00,-2.6671
2023-10-31 15:00:00,-2.6709
2023-10-31 16:00:00,-2.6603
2023-10-31 17:00:00,-2.6388
2023-10-31 18:00:00,-2.6210
2023-10-31 19:00:00,-2.6129
2023-10-31 20:00:00,-2.6094
2023-10-31 21:00:00,-2.6087
2023-10-31 22:00:00,-2.6110
2023-10-31 23:00:00,-2.6153
2023-11-01 00:00:00,-2.6194
2023-11-01 01:00:00,-2.6234
2023-11-01 02:00:00,-2.6273
2023-11-01 03:00:00,-2.6308
2023-11-01 04:00:00,-2.6342
2023-11-01 05:00:00,-2.6378
2023-11-01 06:00:00,-2.6414
2023-11-01 07:00:00,-2.6451
2023-11-01 08:00:00,-2.6488
2023-11-01 09:00:00,-2.6519
2023-11-01 10:00:00,-2.6548
2023-11-01 11:00:00,-2.6576
2023-11-01 12:00:00,-2.6603
2023-11-01 13:00:00,-2.6630
2023-11-01 14:00:00,-2.6659
2023-11-01 15:00:00,-2.6689
2023-11-01 16:00:00,-2.6719
2023-11-01 17:00:00,-2.6749
2023-11-01 18:00:00,-2.6782
2023-11-01 19:00:00,-2.6813
2023-11-01 20:00:00,-2.6848
2023-11-01 21:00:00,-2.6883
2023-11-01 22:00:00,-2.6913
2023-11-01 23:00:00,-2.6949
2023-11-02 00:00:00,-2.6984
2023-11-02 01:00:00,-2.7011
2023-11-02 02:00:00,-2.7042
2023-11-02 03:00:00,-2.7069
2023-11-02 04:00:00,-2.7094
2023-11-02 05:00:00,-2.7117
2023-11-02 06:00:00,-2.7137
2023-11-02 07:00:00,-2.7162
2023-11-02 08:00:00,-2.7184
2023-11-02 09:00:00,-2.7209
2023-11-02 10:00:00,-2.7228
2023-11-02 11:00:00,-2.7255
2023-11-02 12:00:00,-2.7200
2023-11-02 13:00:00,-2.7071
2023-11-02 14:00:00,-2.6992
2023-11-02 15:00:00,-2.6921
2023-11-02 16:00:00,-2.6827
2023-11-02 17:00:00,-2.6727
2023-11-02 18:00:00,-2.6642
2023-11-02 19:00:00,-2.6584
2023-11-02 20:00:00,-2.6555
2023-11-02 21:00:00,-2.6550
2023-11-02 22:00:00,-2.6550
2023-11-02 23:00:00,-2.6524
2023-11-03 00:00:00,-2.6465
2023-11-03 01:00:00,-2.6147
2023-11-03 02:00:00,-2.5691
2023-11-03 03:00:00,-2.5391
2023-11-03 04:00:00,-2.5068
2023-11-03 05:00:00,-2.4943
2023-11-03 06:00:00,-2.5025
2023-11-03 07:00:00,-2.5089
2023-11-03 08:00:00,-2.5154
2023-11-03 09:00:00,-2.5239
2023-11-03 10:00:00,-2.5331
2023-11-03 11:00:00,-2.5418
2023-11-03 12:00:00,-2.5378
2023-11-03 13:00:00,-2.5343
2023-11-03 14:00:00,-2.5375
2023-11-03 15:00:00,-2.5420
2023-11-03 16:00:00,-2.5462
2023-11-03 17:00:00,-2.5507
2023-11-03 18:00:00,-2.5559
2023-11-03 19:00:00,-2.5617
2023-11-03 20:00:00,-2.5676
2023-11-03 21:00:00,-2.5729
2023-11-03 22:00:00,-2.5786
2023-11-03 23:00:00,-2.5843
2023-11-04 00:00:00,-2.5896
2023-11-04 01:00:00,-2.5947
2023-11-04 02:00:00,-2.5996
2023-11-04 03:00:00,-2.6045
2023-11-04 04:00:00,-2.6092
2023-11-04 05:00:00,-2.6136
2023-11-04 06:00:00,-2.6181
2023-11-04 07:00:00,-2.6223
2023-11-04 08:00:00,-2.6263
2023-11-04 09:00:00,-2.6298
2023-11-04 10:00:00,-2.6332
2023-11-04 11:00:00,-2.6369
2023-11-04 12:00:00,-2.6402
2023-11-04 13:00:00,-2.6437
2023-11-04 14:00:00,-2.6470
2023-11-04 15:00:00,-2.6500
2023-11-04 16:00:00,-2.6527
2023-11-04 17:00:00,-2.6553
2023-11-04 18:00:00,-2.6587
2023-11-04 19:00:00,-2.6617
2023-11-04 20:00:00,-2.6645
2023-11-04 21:00:00,-2.6676
2023-11-04 22:00:00,-2.6706
2023-11-04 23:00:00,-2.6732
2023-11-05 00:00:00,-2.6759
2023-11-05 01:00:00,-2.6786
2023-11-05 02:00:00,-2.6814
2023-11-05 03:00:00,-2.6842
2023-11-05 04:00:00,-2.6870
2023-11-05 05:00:00,-2.6895
2023-11-05 06:00:00,-2.6920
2023-11-05 07:00:00,-2.6952
2023-11-05 08:00:00,-2.6982
2023-11-05 09:00:00,-2.7005
2023-11-05 10:00:00,-2.7032
2023-11-05 11:00:00,-2.7062
2023-11-05 12:00:00,-2.7082
2023-11-05 13:00:00,-2.7095
2023-11-05 14:00:00,-2.7106
2023-11-05 15:00:00,-2.7115
2023-11-05 16:00:00,-2.7123
2023-11-05 17:00:00,-2.7083
2023-11-05 18:00:00,-2.6957
2023-11-05 19:00:00,-2.6831
2023-11-05 20:00:00,-2.6727
2023-11-05 21:00:00,-2.6647
2023-11-05 22:00:00,-2.6603
2023-11-05 23:00:00,-2.6572
2023-11-06 00:00:00,-2.6558
2023-11-06 01:00:00,-2.6551
2023-11-06 02:00:00,-2.6539
2023-11-06 03:00:00,-2.6526
2023-11-06 04:00:00,-2.6516
2023-11-06 05:00:00,-2.6507
2023-11-06 06:00:00,-2.6454
2023-11-06 07:00:00,-2.6219
2023-11-06 08:00:00,-2.6031
2023-11-06 09:00:00,-2.5935
2023-11-06 10:00:00,-2.5895
2023-11-06 11:00:00,-2.5890
2023-11-06 12:00:00,-2.5880
2023-11-06 13:00:00,-2.5853
2023-11-06 14:00:00,-2.5836
2023-11-06 15:00:00,-2.5833
2023-11-06 16:00:00,-2.5848
2023-11-06 17:00:00,-2.5879
2023-11-06 18:00:00,-2.5917
2023-11-06 19:00:00,-2.5959
2023-11-06 20:00:00,-2.6002
2023-11-06 21:00:00,-2.6043
2023-11-06 22:00:00,-2.6086
2023-11-06 23:00:00,-2.6126
2023-11-07 00:00:00,-2.6090
2023-11-07 01:00:00,-2.6020
2023-11-07 02:00:00,-2.5992
2023-11-07 03:00:00,-2.5988
2023-11-07 04:00:00,-2.5995
2023-11-07 05:00:00,-2.6009
2023-11-07 06:00:00,-2.5990
2023-11-07 07:00:00,-2.5855
2023-11-07 08:00:00,-2.5747
2023-11-07 09:00:00,-2.5691
2023-11-07 10:00:00,-2.5672
2023-11-07 11:00:00,-2.5666
2023-11-07 12:00:00,-2.5677
2023-11-07 13:00:00,-2.5698
2023-11-07 14:00:00,-2.5725
2023-11-07 15:00:00,-2.5760
2023-11-07 16:00:00,-2.5799
2023-11-07 17:00:00,-2.5836
2023-11-07 18:00:00,-2.5872
2023-11-07 19:00:00,-2.5908
2023-11-07 20:00:00,-2.5947
2023-11-07 21:00:00,-2.5975
2023-11-07 22:00:00,-2.6019
2023-11-07 23:00:00,-2.6052
2023-11-08 00:00:00,-2.6087
2023-11-08 01:00:00,-2.6121
2023-11-08 02:00:00,-2.6156
2023-11-08 03:00:00,-2.6189
2023-11-08 04:00:00,-2.6218
2023-11-08 05:00:00,-2.6249
2023-11-08 06:00:00,-2.6278
2023-11-08 07:00:00,-2.6307
2023-11-08 08:00:00,-2.6336
2023-11-08 09:00:00,-2.6367
2023-11-08 10:00:00,-2.6395
2023-11-08 11:00:00,-2.6425
2023-11-08 12:00:00,-2.6458
2023-11-08 13:00:00,-2.6485
2023-11-08 14:00:00,-2.6507
2023-11-08 15:00:00,-2.6531
2023-11-08 16:00:00,-2.6553
2023-11-08 17:00:00,-2.6562
2023-11-08 18:00:00,-2.6551
2023-11-08 19:00:00,-2.6538
2023-11-08 20:00:00,-2.6550
2023-11-08 21:00:00,-2.6535
2023-11-08 22:00:00,-2.6579
2023-11-08 23:00:00,-2.6597
2023-11-09 00:00:00,-2.6610
2023-11-09 01:00:00,-2.6612
2023-11-09 02:00:00,-2.6536
2023-11-09 03:00:00,-2.6408
2023-11-09 04:00:00,-2.6314
2023-11-09 05:00:00,-2.6263
2023-11-09 06:00:00,-2.6229
2023-11-09 07:00:00,-2.6216
2023-11-09 08:00:00,-2.6218
2023-11-09 09:00:00,-2.6227
2023-11-09 10:00:00,-2.6241
2023-11-09 11:00:00,-2.6263
2023-11-09 12:00:00,-2.6284
2023-11-09 13:00:00,-2.6307
2023-11-09 14:00:00,-2.6331
2023-11-09 15:00:00,-2.6354
2023-11-09 16:00:00,-2.6380
2023-11-09 17:00:00,-2.6387
2023-11-09 18:00:00,-2.6384
2023-11-09 19:00:00,-2.6389
2023-11-09 20:00:00,-2.6400
2023-11-09 21:00:00,-2.6390
2023-11-09 22:00:00,-2.6426
2023-11-09 23:00:00,-2.6439
2023-11-10 00:00:00,-2.6454
2023-11-10 01:00:00,-2.6470
2023-11-10 02:00:00,-2.6486
2023-11-10 03:00:00,-2.6503
2023-11-10 04:00:00,-2.6521
2023-11-10 05:00:00,-2.6542
2023-11-10 06:00:00,-2.6555
2023-11-10 07:00:00,-2.6564
2023-11-10 08:00:00,-2.6575
2023-11-10 09:00:00,-2.6583
2023-11-10 10:00:00,-2.6591
2023-11-10 11:00:00,-2.6567
2023-11-10 12:00:00,-2.6342
2023-11-10 13:00:00,-2.5805
2023-11-10 14:00:00,-2.5382
2023-11-10 15:00:00,-2.5300
2023-11-10 16:00:00,-2.5320
2023-11-10 17:00:00,-2.5384
2023-11-10 18:00:00,-2.5457
2023-11-10 19:00:00,-2.5525
2023-11-10 20:00:00,-2.5592
2023-11-10 21:00:00,-2.5650
2023-11-10 22:00:00,-2.5712
2023-11-10 23:00:00,-2.5771
2023-11-11 00:00:00,-2.5823
2023-11-11 01:00:00,-2.5874
2023-11-11 02:00:00,-2.5918
2023-11-11 03:00:00,-2.5965
2023-11-11 04:00:00,-2.6008
2023-11-11 05:00:00,-2.6047
2023-11-11 06:00:00,-2.6088
2023-11-11 07:00:00,-2.6126
2023-11-11 08:00:00,-2.6156
2023-11-11 09:00:00,-2.6186
2023-11-11 10:00:00,-2.6216
2023-11-11 11:00:00,-2.6247
2023-11-11 12:00:00,-2.6277
2023-11-11 13:00:00,-2.6311
2023-11-11 14:00:00,-2.6339
2023-11-11 15:00:00,-2.6369
2023-11-11 16:00:00,-2.6401
2023-11-11 17:00:00,-2.6430
2023-11-11 18:00:00,-2.6460
2023-11-11 19:00:00,-2.6491
2023-11-11 20:00:00,-2.6519
2023-11-11 21:00:00,-2.6553
2023-11-11 22:00:00,-2.6577
2023-11-11 23:00:00,-2.6603
2023-11-12 00:00:00,-2.6627
2023-11-12 01:00:00,-2.6651
2023-11-12 02:00:00,-2.6676
2023-11-12 03:00:00,-2.6698
2023-11-12 04:00:00,-2.6726
2023-11-12 05:00:00,-2.6747
2023-11-12 06:00:00,-2.6768
2023-11-12 07:00:00,-2.6792
2023-11-12 08:00:00,-2.6814
2023-11-12 09:00:00,-2.6838
2023-11-12 10:00:00,-2.6862
2023-11-12 11:00:00,-2.6886
2023-11-12 12:00:00,-2.6908
2023-11-12 13:00:00,-2.6933
2023-11-12 14:00:00,-2.6955
2023-11-12 15:00:00,-2.6978
2023-11-12 16:00:00,-2.7003
2023-11-12 17:00:00,-2.7025
2023-11-12 18:00:00,-2.7048
2023-11-12 19:00:00,-2.7072
2023-11-12 20:00:00,-2.7093
2023-11-12 21:00:00,-2.7113
2023-11-12 22:00:00,-2.7135
2023-11-12 23:00:00,-2.7157
2023-11-13 00:00:00,-2.7175
2023-11-13 01:00:00,-2.7193
2023-11-13 02:00:00,-2.7210
2023-11-13 03:00:00,-2.7227
2023-11-13 04:00:00,-2.7246
2023-11-13 05:00:00,-2.7262
2023-11-13 06:00:00,-2.7275
2023-11-13 07:00:00,-2.7290
2023-11-13 08:00:00,-2.7305
2023-11-13 09:00:00,-2.7314
2023-11-13 10:00:00,-2.7319
2023-11-13 11:00:00,-2.7308
2023-11-13 12:00:00,-2.7299
2023-11-13 13:00:00,-2.7293
2023-11-13 14:00:00,-2.7293
2023-11-13 15:00:00,-2.7303
2023-11-13 16:00:00,-2.7320
2023-11-13 17:00:00,-2.7336
2023-11-13 18:00:00,-2.7351
2023-11-13 19:00:00,-2.7365
2023-11-13 20:00:00,-2.7380
2023-11-13 21:00:00,-2.7400
2023-11-13 22:00:00,-2.7420
2023-11-13 23:00:00,-2.7436
2023-11-14 00:00:00,-2.7459
2023-11-14 01:00:00,-2.7471
2023-11-14 02:00:00,-2.7498
2023-11-14 03:00:00,-2.7517
2023-11-14 04:00:00,-2.7537
2023-11-14 05:00:00,-2.7556
2023-11-14 06:00:00,-2.7578
2023-11-14 07:00:00,-2.7598
2023-11-14 08:00:00,-2.7619
2023-11-14 09:00:00,-2.7641
2023-11-14 10:00:00,-2.7659
2023-11-14 11:00:00,-2.7681
2023-11-14 12:00:00,-2.7697
2023-11-14 13:00:00,-2.7714
2023-11-14 14:00:00,-2.7730
2023-11-14 15:00:00,-2.7746
2023-11-14 16:00:00,-2.7762
2023-11-14 17:00:00,-2.7778
2023-11-14 18:00:00,-2.7790
2023-11-14 19:00:00,-2.7769
2023-11-14 20:00:00,-2.7675
2023-11-14 21:00:00,-2.7605
2023-11-14 22:00:00,-2.7569
2023-11-14 23:00:00,-2.7553
2023-11-15 00:00:00,-2.7549
2023-11-15 01:00:00,-2.7532
2023-11-15 02:00:00,-2.7506
2023-11-15 03:00:00,-2.7467
2023-11-15 04:00:00,-2.7390
2023-11-15 05:00:00,-2.7331
2023-11-15 06:00:00,-2.7289
2023-11-15 07:00:00,-2.7258
2023-11-15 08:00:00,-2.7235
2023-11-15 09:00:00,-2.7216
2023-11-15 10:00:00,-2.7204
2023-11-15 11:00:00,-2.7193
2023-11-15 12:00:00,-2.7185
2023-11-15 13:00:00,-2.7185
2023-11-15 14:00:00,-2.7187
2023-11-15 15:00:00,-2.7194
2023-11-15 16:00:00,-2.7203
2023-11-15 17:00:00,-2.7213
2023-11-15 18:00:00,-2.7223
2023-11-15 19:00:00,-2.7230
2023-11-15 20:00:00,-2.7243
2023-11-15 21:00:00,-2.7254
2023-11-15 22:00:00,-2.7267
2023-11-15 23:00:00,-2.7265
2023-11-16 00:00:00,-2.7254
2023-11-16 01:00:00,-2.7250
2023-11-16 02:00:00,-2.7252
2023-11-16 03:00:00,-2.7259
2023-11-16 04:00:00,-2.7264
2023-11-16 05:00:00,-2.7271
2023-11-16 06:00:00,-2.7281
2023-11-16 07:00:00,-2.7290
2023-11-16 08:00:00,-2.7298
2023-11-16 09:00:00,-2.7308
2023-11-16 10:00:00,-2.7318
2023-11-16 11:00:00,-2.7330
2023-11-16 12:00:00,-2.7338
2023-11-16 13:00:00,-2.7346
2023-11-16 14:00:00,-2.7358
2023-11-16 15:00:00,-2.7371
2023-11-16 16:00:00,-2.7387
2023-11-16 17:00:00,-2.7405
2023-11-16 18:00:00,-2.7424
2023-11-16 19:00:00,-2.7441
2023-11-16 20:00:00,-2.7459
2023-11-16 21:00:00,-2.7476
2023-11-16 22:00:00,-2.7496
2023-11-16 23:00:00,-2.7515
2023-11-17 00:00:00,-2.7535
2023-11-17 01:00:00,-2.7554
2023-11-17 02:00:00,-2.7572
2023-11-17 03:00:00,-2.7588
2023-11-17 04:00:00,-2.7604
2023-11-17 05:00:00,-2.7621
2023-11-17 06:00:00,-2.7639
2023-11-17 07:00:00,-2.7656
2023-11-17 08:00:00,-2.7674
2023-11-17 09:00:00,-2.7693
2023-11-17 10:00:00,-2.7711
2023-11-17 11:00:00,-2.7731
2023-11-17 12:00:00,-2.7750
2023-11-17 13:00:00,-2.7768
2023-11-17 14:00:00,-2.7788
2023-11-17 15:00:00,-2.7807
2023-11-17 16:00:00,-2.7826
2023-11-17 17:00:00,-2.7845
2023-11-17 18:00:00,-2.7862
2023-11-17 19:00:00,-2.7879
2023-11-17 20:00:00,-2.7897
2023-11-17 21:00:00,-2.7912
2023-11-17 22:00:00,-2.7928
2023-11-17 23:00:00,-2.7943
2023-11-18 00:00:00,-2.7958
2023-11-18 01:00:00,-2.7972
2023-11-18 02:00:00,-2.7987
2023-11-18 03:00:00,-2.8002
2023-11-18 04:00:00,-2.8013
2023-11-18 05:00:00,-2.8023
2023-11-18 06:00:00,-2.8036
2023-11-18 07:00:00,-2.8048
2023-11-18 08:00:00,-2.8061
2023-11-18 09:00:00,-2.8071
2023-11-18 10:00:00,-2.8079
2023-11-18 11:00:00,-2.8083
2023-11-18 12:00:00,-2.8072
2023-11-18 13:00:00,-2.8045
2023-11-18 14:00:00,-2.7976
2023-11-18 15:00:00,-2.7878
2023-11-18 16:00:00,-2.7757
2023-11-18 17:00:00,-2.7641
2023-11-18 18:00:00,-2.7557
2023-11-18 19:00:00,-2.7483
2023-11-18 20:00:00,-2.7419
2023-11-18 21:00:00,-2.7374
2023-11-18 22:00:00,-2.7340
2023-11-18 23:00:00,-2.7317
2023-11-19 00:00:00,-2.7302
2023-11-19 01:00:00,-2.7290
2023-11-19 02:00:00,-2.7284
2023-11-19 03:00:00,-2.7287
2023-11-19 04:00:00,-2.7293
2023-11-19 05:00:00,-2.7303
2023-11-19 06:00:00,-2.7316
2023-11-19 07:00:00,-2.7331
2023-11-19 08:00:00,-2.7345
2023-11-19 09:00:00,-2.7359
2023-11-19 10:00:00,-2.7376
2023-11-19 11:00:00,-2.7394
2023-11-19 12:00:00,-2.7410
2023-11-19 13:00:00,-2.7434
2023-11-19 14:00:00,-2.7458
2023-11-19 15:00:00,-2.7478
2023-11-19 16:00:00,-2.7496
2023-11-19 17:00:00,-2.7514
2023-11-19 18:00:00,-2.7532
2023-11-19 19:00:00,-2.7547
2023-11-19 20:00:00,-2.7554
2023-11-19 21:00:00,-2.7559
2023-11-19 22:00:00,-2.7565
2023-11-19 23:00:00,-2.7577
2023-11-20 00:00:00,-2.7581
2023-11-20 01:00:00,-2.7587
2023-11-20 02:00:00,-2.7595
2023-11-20 03:00:00,-2.7601
2023-11-20 04:00:00,-2.7612
2023-11-20 05:00:00,-2.7620
2023-11-20 06:00:00,-2.7630
2023-11-20 07:00:00,-2.7640
2023-11-20 08:00:00,-2.7651
2023-11-20 09:00:00,-2.7658
2023-11-20 10:00:00,-2.7669
2023-11-20 11:00:00,-2.7680
2023-11-20 12:00:00,-2.7690
2023-11-20 13:00:00,-2.7700
2023-11-20 14:00:00,-2.7710
2023-11-20 15:00:00,-2.7720
2023-11-20 16:00:00,-2.7728
2023-11-20 17:00:00,-2.7730
2023-11-20 18:00:00,-2.7735
2023-11-20 19:00:00,-2.7743
2023-11-20 20:00:00,-2.7753
2023-11-20 21:00:00,-2.7766
2023-11-20 22:00:00,-2.7773
2023-11-20 23:00:00,-2.7785
2023-11-21 00:00:00,-2.7796
2023-11-21 01:00:00,-2.7807
2023-11-21 02:00:00,-2.7820
2023-11-21 03:00:00,-2.7833
2023-11-21 04:00:00,-2.7844
2023-11-21 05:00:00,-2.7854
2023-11-21 06:00:00,-2.7861
2023-11-21 07:00:00,-2.7872
2023-11-21 08:00:00,-2.7890
2023-11-21 09:00:00,-2.7901
2023-11-21 10:00:00,-2.7919
2023-11-21 11:00:00,-2.7938
2023-11-21 12:00:00,-2.7953
2023-11-21 13:00:00,-2.7968
2023-11-21 14:00:00,-2.7984
2023-11-21 15:00:00,-2.7999
2023-11-21 16:00:00,-2.8016
2023-11-21 17:00:00,-2.8037
2023-11-21 18:00:00,-2.8059
2023-11-21 19:00:00,-2.8077
2023-11-21 20:00:00,-2.8095
2023-11-21 21:00:00,-2.8110
2023-11-21 22:00:00,-2.8128
2023-11-21 23:00:00,-2.8142
2023-11-22 00:00:00,-2.8155
2023-11-22 01:00:00,-2.8167
2023-11-22 02:00:00,-2.8180
2023-11-22 03:00:00,-2.8192
2023-11-22 04:00:00,-2.8204
2023-11-22 05:00:00,-2.8218
2023-11-22 06:00:00,-2.8228
2023-11-22 07:00:00,-2.8239
2023-11-22 08:00:00,-2.8252
2023-11-22 09:00:00,-2.8266
2023-11-22 10:00:00,-2.8277
2023-11-22 11:00:00,-2.8281
2023-11-22 12:00:00,-2.8287
2023-11-22 13:00:00,-2.8296
2023-11-22 14:00:00,-2.8304
2023-11-22 15:00:00,-2.8313
2023-11-22 16:00:00,-2.8323
2023-11-22 17:00:00,-2.8331
2023-11-22 18:00:00,-2.8340
2023-11-22 19:00:00,-2.8349
2023-11-22 20:00:00,-2.8357
2023-11-22 21:00:00,-2.8339
2023-11-22 22:00:00,-2.8375
2023-11-22 23:00:00,-2.8382
2023-11-23 00:00:00,-2.8390
2023-11-23 01:00:00,-2.8399
2023-11-23 02:00:00,-2.8408
2023-11-23 03:00:00,-2.8419
2023-11-23 04:00:00,-2.8424
2023-11-23 05:00:00,-2.8431
2023-11-23 06:00:00,-2.8440
2023-11-23 07:00:00,-2.8451
2023-11-23 08:00:00,-2.8465
2023-11-23 09:00:00,-2.8474
2023-11-23 10:00:00,-2.8484
2023-11-23 11:00:00,-2.8491
2023-11-23 12:00:00,-2.8498
2023-11-23 13:00:00,-2.8504
2023-11-23 14:00:00,-2.8516
2023-11-23 15:00:00,-2.8523
2023-11-23 16:00:00,-2.8533
2023-11-23 17:00:00,-2.8544
2023-11-23 18:00:00,-2.8551
2023-11-23 19:00:00,-2.8560
2023-11-23 20:00:00,-2.8559
2023-11-23 21:00:00,-2.8562
2023-11-23 22:00:00,-2.8569
2023-11-23 23:00:00,-2.8576
2023-11-24 00:00:00,-2.8589
2023-11-24 01:00:00,-2.8593
2023-11-24 02:00:00,-2.8602
2023-11-24 03:00:00,-2.8606
2023-11-24 04:00:00,-2.8615
2023-11-24 05:00:00,-2.8616
2023-11-24 06:00:00,-2.8618
2023-11-24 07:00:00,-2.8623
2023-11-24 08:00:00,-2.8629
2023-11-24 09:00:00,-2.8624
2023-11-24 10:00:00,-2.8616
2023-11-24 11:00:00,-2.8610
2023-11-24 12:00:00,-2.8597
2023-11-24 13:00:00,-2.8603
2023-11-24 14:00:00,-2.8593
2023-11-24 15:00:00,-2.8577
2023-11-24 16:00:00,-2.8585
2023-11-24 17:00:00,-2.8590
2023-11-24 18:00:00,-2.8569
2023-11-24 19:00:00,-2.8555
2023-11-24 20:00:00,-2.8547
2023-11-24 21:00:00,-2.8557
2023-11-24 22:00:00,-2.8555
2023-11-24 23:00:00,-2.8570
2023-11-25 00:00:00,-2.8590
2023-11-25 01:00:00,-2.8593
2023-11-25 02:00:00,-2.8599
2023-11-25 03:00:00,-2.8607
2023-11-25 04:00:00,-2.8612
2023-11-25 05:00:00,-2.8617
2023-11-25 06:00:00,-2.8622
2023-11-25 07:00:00,-2.8620
2023-11-25 08:00:00,-2.8633
2023-11-25 09:00:00,-2.8631
2023-11-25 10:00:00,-2.8616
2023-11-25 11:00:00,-2.8605
2023-11-25 12:00:00,-2.8584
2023-11-25 13:00:00,-2.8565
2023-11-25 14:00:00,-2.8537
2023-11-25 15:00:00,-2.8523
2023-11-25 16:00:00,-2.8512
2023-11-25 17:00:00,-2.8511
2023-11-25 18:00:00,-2.8509
2023-11-25 19:00:00,-2.8514
2023-11-25 20:00:00,-2.8522
2023-11-25 21:00:00,-2.8536
2023-11-25 22:00:00,-2.8541
2023-11-25 23:00:00,-2.8554
2023-11-26 00:00:00,-2.8572
2023-11-26 01:00:00,-2.8585
2023-11-26 02:00:00,-2.8599
2023-11-26 03:00:00,-2.8613
2023-11-26 04:00:00,-2.8627
2023-11-26 05:00:00,-2.8641
2023-11-26 06:00:00,-2.8652
2023-11-26 07:00:00,-2.8661
2023-11-26 08:00:00,-2.8676
2023-11-26 09:00:00,-2.8690
2023-11-26 10:00:00,-2.8703
2023-11-26 11:00:00,-2.8715
2023-11-26 12:00:00,-2.8724
2023-11-26 13:00:00,-2.8735
2023-11-26 14:00:00,-2.8747
2023-11-26 15:00:00,-2.8758
2023-11-26 16:00:00,-2.8763
2023-11-26 17:00:00,-2.8767
2023-11-26 18:00:00,-2.8773
2023-11-26 19:00:00,-2.8778
2023-11-26 20:00:00,-2.8783
2023-11-26 21:00:00,-2.8783
2023-11-26 22:00:00,-2.8794
2023-11-26 23:00:00,-2.8796
2023-11-27 00:00:00,-2.8793
2023-11-27 01:00:00,-2.8787
2023-11-27 02:00:00,-2.8782
2023-11-27 03:00:00,-2.8778
2023-11-27 04:00:00,-2.8760
2023-11-27 05:00:00,-2.8694
2023-11-27 06:00:00,-2.8568
2023-11-27 07:00:00,-2.8447
2023-11-27 08:00:00,-2.8333
2023-11-27 09:00:00,-2.8190
2023-11-27 10:00:00,-2.8043
2023-11-27 11:00:00,-2.7890
2023-11-27 12:00:00,-2.7748
2023-11-27 13:00:00,-2.7611
2023-11-27 14:00:00,-2.7486
2023-11-27 15:00:00,-2.7385
2023-11-27 16:00:00,-2.7298
2023-11-27 17:00:00,-2.7228
2023-11-27 18:00:00,-2.7173
2023-11-27 19:00:00,-2.7127
2023-11-27 20:00:00,-2.7094
2023-11-27 21:00:00,-2.7068
2023-11-27 22:00:00,-2.7049
2023-11-27 23:00:00,-2.7044
2023-11-28 00:00:00,-2.7048
2023-11-28 01:00:00,-2.7058
2023-11-28 02:00:00,-2.7081
2023-11-28 03:00:00,-2.7109
2023-11-28 04:00:00,-2.7134
2023-11-28 05:00:00,-2.7161
2023-11-28 06:00:00,-2.7189
2023-11-28 07:00:00,-2.7219
2023-11-28 08:00:00,-2.7253
2023-11-28 09:00:00,-2.7285
2023-11-28 10:00:00,-2.7318
2023-11-28 11:00:00,-2.7351
2023-11-28 12:00:00,-2.7385
2023-11-28 13:00:00,-2.7417
2023-11-28 14:00:00,-2.7451
2023-11-28 15:00:00,-2.7486
2023-11-28 16:00:00,-2.7520
2023-11-28 17:00:00,-2.7554
2023-11-28 18:00:00,-2.7582
2023-11-28 19:00:00,-2.7610
2023-11-28 20:00:00,-2.7635
2023-11-28 21:00:00,-2.7554
2023-11-28 22:00:00,-2.7637
2023-11-28 23:00:00,-2.7639
2023-11-29 00:00:00,-2.7649
2023-11-29 01:00:00,-2.7652
2023-11-29 02:00:00,-2.7623
2023-11-29 03:00:00,-2.7595
2023-11-29 04:00:00,-2.7582
2023-11-29 05:00:00,-2.7582
2023-11-29 06:00:00,-2.7592
2023-11-29 07:00:00,-2.7612
2023-11-29 08:00:00,-2.7636
2023-11-29 09:00:00,-2.7653
2023-11-29 10:00:00,-2.7671
2023-11-29 11:00:00,-2.7689
2023-11-29 12:00:00,-2.7698
2023-11-29 13:00:00,-2.7705
2023-11-29 14:00:00,-2.7707
2023-11-29 15:00:00,-2.7707
2023-11-29 16:00:00,-2.7708
2023-11-29 17:00:00,-2.7714
2023-11-29 18:00:00,-2.7722
2023-11-29 19:00:00,-2.7732
2023-11-29 20:00:00,-2.7739
2023-11-29 21:00:00,-2.7657
2023-11-29 22:00:00,-2.7755
2023-11-29 23:00:00,-2.7761
2023-11-30 00:00:00,-2.7764
2023-11-30 01:00:00,-2.7765
2023-11-30 02:00:00,-2.7768
2023-11-30 03:00:00,-2.7772
2023-11-30 04:00:00,-2.7776
2023-11-30 05:00:00,-2.7784
2023-11-30 06:00:00,-2.7791
2023-11-30 07:00:00,-2.7797
2023-11-30 08:00:00,-2.7804
2023-11-30 09:00:00,-2.7808
2023-11-30 10:00:00,-2.7813
2023-11-30 11:00:00,-2.7820
2023-11-30 12:00:00,-2.7829
2023-11-30 13:00:00,-2.7838
2023-11-30 14:00:00,-2.7848
2023-11-30 15:00:00,-2.7860
2023-11-30 16:00:00,-2.7876
2023-11-30 17:00:00,-2.7887
2023-11-30 18:00:00,-2.7903
2023-11-30 19:00:00,-2.7918
2023-11-30 20:00:00,-2.7935
2023-11-30 21:00:00,-2.7921
2023-11-30 22:00:00,-2.7967
2023-11-30 23:00:00,-2.7987
2023-12-01 00:00:00,-2.8007
2023-12-01 01:00:00,-2.8026
2023-12-01 02:00:00,-2.8044
2023-12-01 03:00:00,-2.8064
2023-12-01 04:00:00,-2.8082
2023-12-01 05:00:00,-2.8098
2023-12-01 06:00:00,-2.8118
2023-12-01 07:00:00,-2.8139
2023-12-01 08:00:00,-2.8162
2023-12-01 09:00:00,-2.8180
2023-12-01 10:00:00,-2.8200
2023-12-01 11:00:00,-2.8224
2023-12-01 12:00:00,-2.8244
2023-12-01 13:00:00,-2.8261
2023-12-01 14:00:00,-2.8282
2023-12-01 15:00:00,-2.8301
2023-12-01 16:00:00,-2.8322
2023-12-01 17:00:00,-2.8343
2023-12-01 18:00:00,-2.8364
2023-12-01 19:00:00,-2.8385
2023-12-01 20:00:00,-2.8408
2023-12-01 21:00:00,-2.8423
2023-12-01 22:00:00,-2.8443
2023-12-01 23:00:00,-2.8463
2023-12-02 00:00:00,-2.8488
2023-12-02 01:00:00,-2.8504
2023-12-02 02:00:00,-2.8524
2023-12-02 03:00:00,-2.8544
2023-12-02 04:00:00,-2.8562
2023-12-02 05:00:00,-2.8584
2023-12-02 06:00:00,-2.8605
2023-12-02 07:00:00,-2.8626
2023-12-02 08:00:00,-2.8649
2023-12-02 09:00:00,-2.8670
2023-12-02 10:00:00,-2.8692
2023-12-02 11:00:00,-2.8710
2023-12-02 12:00:00,-2.8725
2023-12-02 13:00:00,-2.8742
2023-12-02 14:00:00,-2.8757
2023-12-02 15:00:00,-2.8772
2023-12-02 16:00:00,-2.8789
2023-12-02 17:00:00,-2.8807
2023-12-02 18:00:00,-2.8824
2023-12-02 19:00:00,-2.8840
2023-12-02 20:00:00,-2.8845
2023-12-02 21:00:00,-2.8852
2023-12-02 22:00:00,-2.8835
2023-12-02 23:00:00,-2.8807
2023-12-03 00:00:00,-2.8798
2023-12-03 01:00:00,-2.8760
2023-12-03 02:00:00,-2.8697
2023-12-03 03:00:00,-2.8662
2023-12-03 04:00:00,-2.8645
2023-12-03 05:00:00,-2.8645
2023-12-03 06:00:00,-2.8650
2023-12-03 07:00:00,-2.8663
2023-12-03 08:00:00,-2.8676
2023-12-03 09:00:00,-2.8698
2023-12-03 10:00:00,-2.8711
2023-12-03 11:00:00,-2.8726
2023-12-03 12:00:00,-2.8739
2023-12-03 13:00:00,-2.8752
2023-12-03 14:00:00,-2.8766
2023-12-03 15:00:00,-2.8776
2023-12-03 16:00:00,-2.8786
2023-12-03 17:00:00,-2.8800
2023-12-03 18:00:00,-2.8812
2023-12-03 19:00:00,-2.8826
2023-12-03 20:00:00,-2.8835
2023-12-03 21:00:00,-2.8840
2023-12-03 22:00:00,-2.8851
2023-12-03 23:00:00,-2.8855
2023-12-04 00:00:00,-2.8859
2023-12-04 01:00:00,-2.8861
2023-12-04 02:00:00,-2.8858
2023-12-04 03:00:00,-2.8847
2023-12-04 04:00:00,-2.8832
2023-12-04 05:00:00,-2.8822
2023-12-04 06:00:00,-2.8815
2023-12-04 07:00:00,-2.8811
2023-12-04 08:00:00,-2.8813
2023-12-04 09:00:00,-2.8819
2023-12-04 10:00:00,-2.8827
2023-12-04 11:00:00,-2.8833
2023-12-04 12:00:00,-2.8832
2023-12-04 13:00:00,-2.8837
2023-12-04 14:00:00,-2.8837
2023-12-04 15:00:00,-2.8838
2023-12-04 16:00:00,-2.8848
2023-12-04 17:00:00,-2.8854
2023-12-04 18:00:00,-2.8861
2023-12-04 19:00:00,-2.8865
2023-12-04 20:00:00,-2.8869
2023-12-04 21:00:00,-2.8872
2023-12-04 22:00:00,-2.8877
2023-12-04 23:00:00,-2.8876
2023-12-05 00:00:00,-2.8878
2023-12-05 01:00:00,-2.8878
2023-12-05 02:00:00,-2.8881
2023-12-05 03:00:00,-2.8879
2023-12-05 04:00:00,-2.8875
2023-12-05 05:00:00,-2.8879
2023-12-05 06:00:00,-2.8884
2023-12-05 07:00:00,-2.8887
2023-12-05 08:00:00,-2.8893
2023-12-05 09:00:00,-2.8897
2023-12-05 10:00:00,-2.8904
2023-12-05 11:00:00,-2.8909
2023-12-05 12:00:00,-2.8916
2023-12-05 13:00:00,-2.8922
2023-12-05 14:00:00,-2.8929
2023-12-05 15:00:00,-2.8937
2023-12-05 16:00:00,-2.8948
2023-12-05 17:00:00,-2.8960
2023-12-05 18:00:00,-2.8970
2023-12-05 19:00:00,-2.8980
2023-12-05 20:00:00,-2.8994
2023-12-05 21:00:00,-2.9004
2023-12-05 22:00:00,-2.9015
2023-12-05 23:00:00,-2.9025
2023-12-06 00:00:00,-2.9036
2023-12-06 01:00:00,-2.9047
2023-12-06 02:00:00,-2.9060
2023-12-06 03:00:00,-2.9073
2023-12-06 04:00:00,-2.9084
2023-12-06 05:00:00,-2.9091
2023-12-06 06:00:00,-2.9099
2023-12-06 07:00:00,-2.9109
2023-12-06 08:00:00,-2.9122
2023-12-06 09:00:00,-2.9134
2023-12-06 10:00:00,-2.9144
2023-12-06 11:00:00,-2.9154
2023-12-06 12:00:00,-2.9162
2023-12-06 13:00:00,-2.9174
2023-12-06 14:00:00,-2.9180
2023-12-06 15:00:00,-2.9190
2023-12-06 16:00:00,-2.9199
2023-12-06 17:00:00,-2.9210
2023-12-06 18:00:00,-2.9221
2023-12-06 19:00:00,-2.9232
2023-12-06 20:00:00,-2.9240
2023-12-06 21:00:00,-2.9221
2023-12-06 22:00:00,-2.9261
2023-12-06 23:00:00,-2.9272
2023-12-07 00:00:00,-2.9284
2023-12-07 01:00:00,-2.9292
2023-12-07 02:00:00,-2.9303
2023-12-07 03:00:00,-2.9312
2023-12-07 04:00:00,-2.9322
2023-12-07 05:00:00,-2.9332
2023-12-07 06:00:00,-2.9341
2023-12-07 07:00:00,-2.9351
2023-12-07 08:00:00,-2.9362
2023-12-07 09:00:00,-2.9371
2023-12-07 10:00:00,-2.9382
2023-12-07 11:00:00,-2.9391
2023-12-07 12:00:00,-2.9396
2023-12-07 13:00:00,-2.9397
2023-12-07 14:00:00,-2.9399
2023-12-07 15:00:00,-2.9404
2023-12-07 16:00:00,-2.9407
2023-12-07 17:00:00,-2.9409
2023-12-07 18:00:00,-2.9414
2023-12-07 19:00:00,-2.9420
2023-12-07 20:00:00,-2.9425
2023-12-07 21:00:00,-2.9429
2023-12-07 22:00:00,-2.9434
2023-12-07 23:00:00,-2.9440
2023-12-08 00:00:00,-2.9449
2023-12-08 01:00:00,-2.9456
2023-12-08 02:00:00,-2.9463
2023-12-08 03:00:00,-2.9461
2023-12-08 04:00:00,-2.9457
2023-12-08 05:00:00,-2.9457
2023-12-08 06:00:00,-2.9460
2023-12-08 07:00:00,-2.9466
2023-12-08 08:00:00,-2.9471
2023-12-08 09:00:00,-2.9478
2023-12-08 10:00:00,-2.9484
2023-12-08 11:00:00,-2.9491
2023-12-08 12:00:00,-2.9494
2023-12-08 13:00:00,-2.9500
2023-12-08 14:00:00,-2.9507
2023-12-08 15:00:00,-2.9515
2023-12-08 16:00:00,-2.9521
2023-12-08 17:00:00,-2.9529
2023-12-08 18:00:00,-2.9534
2023-12-08 19:00:00,-2.9543
2023-12-08 20:00:00,-2.9552
2023-12-08 21:00:00,-2.9471
2023-12-08 22:00:00,-2.9573
2023-12-08 23:00:00,-2.9584
2023-12-09 00:00:00,-2.9597
2023-12-09 01:00:00,-2.9605
2023-12-09 02:00:00,-2.9612
2023-12-09 03:00:00,-2.9620
2023-12-09 04:00:00,-2.9631
2023-12-09 05:00:00,-2.9637
2023-12-09 06:00:00,-2.9642
2023-12-09 07:00:00,-2.9648
2023-12-09 08:00:00,-2.9655
2023-12-09 09:00:00,-2.9665
2023-12-09 10:00:00,-2.9670
2023-12-09 11:00:00,-2.9670
2023-12-09 12:00:00,-2.9668
2023-12-09 13:00:00,-2.9670
2023-12-09 14:00:00,-2.9655
2023-12-09 15:00:00,-2.9609
2023-12-09 16:00:00,-2.9534
2023-12-09 17:00:00,-2.9421
2023-12-09 18:00:00,-2.9155
2023-12-09 19:00:00,-2.8821
2023-12-09 20:00:00,-2.8635
2023-12-09 21:00:00,-2.8412
2023-12-09 22:00:00,-2.8411
2023-12-09 23:00:00,-2.8339
2023-12-10 00:00:00,-2.8283
2023-12-10 01:00:00,-2.8230
2023-12-10 02:00:00,-2.8185
2023-12-10 03:00:00,-2.8135
2023-12-10 04:00:00,-2.8067
2023-12-10 05:00:00,-2.7943
2023-12-10 06:00:00,-2.7796
2023-12-10 07:00:00,-2.7682
2023-12-10 08:00:00,-2.7599
2023-12-10 09:00:00,-2.7541
2023-12-10 10:00:00,-2.7507
2023-12-10 11:00:00,-2.7480
2023-12-10 12:00:00,-2.7459
2023-12-10 13:00:00,-2.7454
2023-12-10 14:00:00,-2.7452
2023-12-10 15:00:00,-2.7454
2023-12-10 16:00:00,-2.7462
2023-12-10 17:00:00,-2.7469
2023-12-10 18:00:00,-2.7481
2023-12-10 19:00:00,-2.7476
2023-12-10 20:00:00,-2.7448
2023-12-10 21:00:00,-2.7337
2023-12-10 22:00:00,-2.7413
2023-12-10 23:00:00,-2.7419
2023-12-11 00:00:00,-2.7428
2023-12-11 01:00:00,-2.7440
2023-12-11 02:00:00,-2.7454
2023-12-11 03:00:00,-2.7475
2023-12-11 04:00:00,-2.7498
2023-12-11 05:00:00,-2.7514
2023-12-11 06:00:00,-2.7536
2023-12-11 07:00:00,-2.7548
2023-12-11 08:00:00,-2.7564
2023-12-11 09:00:00,-2.7582
2023-12-11 10:00:00,-2.7599
2023-12-11 11:00:00,-2.7620
2023-12-11 12:00:00,-2.7638
2023-12-11 13:00:00,-2.7661
2023-12-11 14:00:00,-2.7686
2023-12-11 15:00:00,-2.7708
2023-12-11 16:00:00,-2.7735
2023-12-11 17:00:00,-2.7759
2023-12-11 18:00:00,-2.7786
2023-12-11 19:00:00,-2.7812
2023-12-11 20:00:00,-2.7837
2023-12-11 21:00:00,-2.7860
2023-12-11 22:00:00,-2.7888
2023-12-11 23:00:00,-2.7909
2023-12-12 00:00:00,-2.7934
2023-12-12 01:00:00,-2.7953
2023-12-12 02:00:00,-2.7972
2023-12-12 03:00:00,-2.7991
2023-12-12 04:00:00,-2.8010
2023-12-12 05:00:00,-2.8029
2023-12-12 06:00:00,-2.8049
2023-12-12 07:00:00,-2.8066
2023-12-12 08:00:00,-2.8084
2023-12-12 09:00:00,-2.8101
2023-12-12 10:00:00,-2.8117
2023-12-12 11:00:00,-2.8132
2023-12-12 12:00:00,-2.8145
2023-12-12 13:00:00,-2.8157
2023-12-12 14:00:00,-2.8169
2023-12-12 15:00:00,-2.8176
2023-12-12 16:00:00,-2.8174
2023-12-12 17:00:00,-2.8167
2023-12-12 18:00:00,-2.8165
2023-12-12 19:00:00,-2.8169
2023-12-12 20:00:00,-2.8171
2023-12-12 21:00:00,-2.8171
2023-12-12 22:00:00,-2.8173
2023-12-12 23:00:00,-2.8178
2023-12-13 00:00:00,-2.8179
2023-12-13 01:00:00,-2.8180
2023-12-13 02:00:00,-2.8182
2023-12-13 03:00:00,-2.8190
2023-12-13 04:00:00,-2.8196
2023-12-13 05:00:00,-2.8202
2023-12-13 06:00:00,-2.8208
2023-12-13 07:00:00,-2.8219
2023-12-13 08:00:00,-2.8230
2023-12-13 09:00:00,-2.8239
2023-12-13 10:00:00,-2.8247
2023-12-13 11:00:00,-2.8260
2023-12-13 12:00:00,-2.8273
2023-12-13 13:00:00,-2.8287
2023-12-13 14:00:00,-2.8298
2023-12-13 15:00:00,-2.8314
2023-12-13 16:00:00,-2.8330
2023-12-13 17:00:00,-2.8346
2023-12-13 18:00:00,-2.8363
2023-12-13 19:00:00,-2.8379
2023-12-13 20:00:00,-2.8397
2023-12-13 21:00:00,-2.8396
2023-12-13 22:00:00,-2.8439
2023-12-13 23:00:00,-2.8455
2023-12-14 00:00:00,-2.8472
2023-12-14 01:00:00,-2.8489
2023-12-14 02:00:00,-2.8504
2023-12-14 03:00:00,-2.8521
2023-12-14 04:00:00,-2.8539
2023-12-14 05:00:00,-2.8554
2023-12-14 06:00:00,-2.8571
2023-12-14 07:00:00,-2.8592
2023-12-14 08:00:00,-2.8613
2023-12-14 09:00:00,-2.8633
2023-12-14 10:00:00,-2.8653
2023-12-14 11:00:00,-2.8670
2023-12-14 12:00:00,-2.8688
2023-12-14 13:00:00,-2.8702
2023-12-14 14:00:00,-2.8720
2023-12-14 15:00:00,-2.8738
2023-12-14 16:00:00,-2.8756
2023-12-14 17:00:00,-2.8774
2023-12-14 18:00:00,-2.8788
2023-12-14 19:00:00,-2.8805
2023-12-14 20:00:00,-2.8819
2023-12-14 21:00:00,-2.8788
2023-12-14 22:00:00,-2.8850
2023-12-14 23:00:00,-2.8866
2023-12-15 00:00:00,-2.8882
2023-12-15 01:00:00,-2.8899
2023-12-15 02:00:00,-2.8916
2023-12-15 03:00:00,-2.8934
2023-12-15 04:00:00,-2.8952
2023-12-15 05:00:00,-2.8968
2023-12-15 06:00:00,-2.8984
2023-12-15 07:00:00,-2.8997
2023-12-15 08:00:00,-2.9016
2023-12-15 09:00:00,-2.9030
2023-12-15 10:00:00,-2.9046
2023-12-15 11:00:00,-2.9064
2023-12-15 12:00:00,-2.9076
2023-12-15 13:00:00,-2.9092
2023-12-15 14:00:00,-2.9104
2023-12-15 15:00:00,-2.9118
2023-12-15 16:00:00,-2.9131
2023-12-15 17:00:00,-2.9143
2023-12-15 18:00:00,-2.9159
2023-12-15 19:00:00,-2.9172
2023-12-15 20:00:00,-2.9187
2023-12-15 21:00:00,-2.9202
2023-12-15 22:00:00,-2.9217
2023-12-15 23:00:00,-2.9233
2023-12-16 00:00:00,-2.9247
2023-12-16 01:00:00,-2.9262
2023-12-16 02:00:00,-2.9279
2023-12-16 03:00:00,-2.9292
2023-12-16 04:00:00,-2.9303
2023-12-16 05:00:00,-2.9317
2023-12-16 06:00:00,-2.9329
2023-12-16 07:00:00,-2.9345
2023-12-16 08:00:00,-2.9358
2023-12-16 09:00:00,-2.9373
2023-12-16 10:00:00,-2.9390
2023-12-16 11:00:00,-2.9404
2023-12-16 12:00:00,-2.9415
2023-12-16 13:00:00,-2.9427
2023-12-16 14:00:00,-2.9440
2023-12-16 15:00:00,-2.9452
2023-12-16 16:00:00,-2.9466
2023-12-16 17:00:00,-2.9480
2023-12-16 18:00:00,-2.9492
2023-12-16 19:00:00,-2.9503
2023-12-16 20:00:00,-2.9517
2023-12-16 21:00:00,-2.9440
2023-12-16 22:00:00,-2.9541
2023-12-16 23:00:00,-2.9558
2023-12-17 00:00:00,-2.9572
2023-12-17 01:00:00,-2.9583
2023-12-17 02:00:00,-2.9595
2023-12-17 03:00:00,-2.9609
2023-12-17 04:00:00,-2.9621
2023-12-17 05:00:00,-2.9631
2023-12-17 06:00:00,-2.9645
2023-12-17 07:00:00,-2.9658
2023-12-17 08:00:00,-2.9671
2023-12-17 09:00:00,-2.9686
2023-12-17 10:00:00,-2.9698
2023-12-17 11:00:00,-2.9709
2023-12-17 12:00:00,-2.9721
2023-12-17 13:00:00,-2.9734
2023-12-17 14:00:00,-2.9744
2023-12-17 15:00:00,-2.9753
2023-12-17 16:00:00,-2.9767
2023-12-17 17:00:00,-2.9782
2023-12-17 18:00:00,-2.9797
2023-12-17 19:00:00,-2.9808
2023-12-17 20:00:00,-2.9823
2023-12-17 21:00:00,-2.9839
2023-12-17 22:00:00,-2.9848
2023-12-17 23:00:00,-2.9862
2023-12-18 00:00:00,-2.9878
2023-12-18 01:00:00,-2.9892
2023-12-18 02:00:00,-2.9902
2023-12-18 03:00:00,-2.9915
2023-12-18 04:00:00,-2.9929
2023-12-18 05:00:00,-2.9942
2023-12-18 06:00:00,-2.9956
2023-12-18 07:00:00,-2.9968
2023-12-18 08:00:00,-2.9978
2023-12-18 09:00:00,-2.9992
2023-12-18 10:00:00,-3.0006
2023-12-18 11:00:00,-3.0013
2023-12-18 12:00:00,-3.0027
2023-12-18 13:00:00,-3.0037
2023-12-18 14:00:00,-3.0046
2023-12-18 15:00:00,-3.0060
2023-12-18 16:00:00,-3.0071
2023-12-18 17:00:00,-3.0084
2023-12-18 18:00:00,-3.0093
2023-12-18 19:00:00,-3.0105
2023-12-18 20:00:00,-3.0113
2023-12-18 21:00:00,-3.0126
2023-12-18 22:00:00,-3.0140
2023-12-18 23:00:00,-3.0151
2023-12-19 00:00:00,-3.0159
2023-12-19 01:00:00,-3.0166
2023-12-19 02:00:00,-3.0163
2023-12-19 03:00:00,-3.0148
2023-12-19 04:00:00,-3.0111
2023-12-19 05:00:00,-3.0024
2023-12-19 06:00:00,-2.9789
2023-12-19 07:00:00,-2.9551
2023-12-19 08:00:00,-2.9365
2023-12-19 09:00:00,-2.9134
2023-12-19 10:00:00,-2.8881
2023-12-19 11:00:00,-2.8568
2023-12-19 12:00:00,-2.8266
2023-12-19 13:00:00,-2.8028
2023-12-19 14:00:00,-2.7779
2023-12-19 15:00:00,-2.7512
2023-12-19 16:00:00,-2.7297
2023-12-19 17:00:00,-2.7104
2023-12-19 18:00:00,-2.6916
2023-12-19 19:00:00,-2.6761
2023-12-19 20:00:00,-2.6674
2023-12-19 21:00:00,-2.6637
2023-12-19 22:00:00,-2.6638
2023-12-19 23:00:00,-2.6668
2023-12-20 00:00:00,-2.6709
2023-12-20 01:00:00,-2.6751
2023-12-20 02:00:00,-2.6799
2023-12-20 03:00:00,-2.6848
2023-12-20 04:00:00,-2.6898
2023-12-20 05:00:00,-2.6945
2023-12-20 06:00:00,-2.6993
2023-12-20 07:00:00,-2.7041
2023-12-20 08:00:00,-2.7089
2023-12-20 09:00:00,-2.7138
2023-12-20 10:00:00,-2.7186
2023-12-20 11:00:00,-2.7235
2023-12-20 12:00:00,-2.7279
2023-12-20 13:00:00,-2.7322
2023-12-20 14:00:00,-2.7364
2023-12-20 15:00:00,-2.7408
2023-12-20 16:00:00,-2.7450
2023-12-20 17:00:00,-2.7490
2023-12-20 18:00:00,-2.7524
2023-12-20 19:00:00,-2.7560
2023-12-20 20:00:00,-2.7563
2023-12-20 21:00:00,-2.7549
2023-12-20 22:00:00,-2.7551
2023-12-20 23:00:00,-2.7563
2023-12-21 00:00:00,-2.7579
2023-12-21 01:00:00,-2.7595
2023-12-21 02:00:00,-2.7614
2023-12-21 03:00:00,-2.7636
2023-12-21 04:00:00,-2.7659
2023-12-21 05:00:00,-2.7682
2023-12-21 06:00:00,-2.7710
2023-12-21 07:00:00,-2.7731
2023-12-21 08:00:00,-2.7752
2023-12-21 09:00:00,-2.7780
2023-12-21 10:00:00,-2.7802
2023-12-21 11:00:00,-2.7832
2023-12-21 12:00:00,-2.7857
2023-12-21 13:00:00,-2.7880
2023-12-21 14:00:00,-2.7902
2023-12-21 15:00:00,-2.7922
2023-12-21 16:00:00,-2.7945
2023-12-21 17:00:00,-2.7949
2023-12-21 18:00:00,-2.7971
2023-12-21 19:00:00,-2.8003
2023-12-21 20:00:00,-2.8024
2023-12-21 21:00:00,-2.8012
2023-12-21 22:00:00,-2.8057
2023-12-21 23:00:00,-2.8077
2023-12-22 00:00:00,-2.8084
2023-12-22 01:00:00,-2.8111
2023-12-22 02:00:00,-2.8132
2023-12-22 03:00:00,-2.8146
2023-12-22 04:00:00,-2.8160
2023-12-22 05:00:00,-2.8166
2023-12-22 06:00:00,-2.8169
2023-12-22 07:00:00,-2.8173
2023-12-22 08:00:00,-2.8177
2023-12-22 09:00:00,-2.8177
2023-12-22 10:00:00,-2.8163
2023-12-22 11:00:00,-2.8121
2023-12-22 12:00:00,-2.8089
2023-12-22 13:00:00,-2.8060
2023-12-22 14:00:00,-2.8044
2023-12-22 15:00:00,-2.8038
2023-12-22 16:00:00,-2.8036
2023-12-22 17:00:00,-2.8020
2023-12-22 18:00:00,-2.7581
2023-12-22 19:00:00,-2.6743
2023-12-22 20:00:00,-2.6386
2023-12-22 21:00:00,-2.6259
2023-12-22 22:00:00,-2.6203
2023-12-22 23:00:00,-2.6189
2023-12-23 00:00:00,-2.6202
2023-12-23 01:00:00,-2.6225
2023-12-23 02:00:00,-2.6259
2023-12-23 03:00:00,-2.6294
2023-12-23 04:00:00,-2.6332
2023-12-23 05:00:00,-2.6367
2023-12-23 06:00:00,-2.6414
2023-12-23 07:00:00,-2.6455
2023-12-23 08:00:00,-2.6496
2023-12-23 09:00:00,-2.6539
2023-12-23 10:00:00,-2.6584
2023-12-23 11:00:00,-2.6628
2023-12-23 12:00:00,-2.6674
2023-12-23 13:00:00,-2.6720
2023-12-23 14:00:00,-2.6773
2023-12-23 15:00:00,-2.6817
2023-12-23 16:00:00,-2.6863
2023-12-23 17:00:00,-2.6907
2023-12-23 18:00:00,-2.6952
2023-12-23 19:00:00,-2.6996
2023-12-23 20:00:00,-2.7037
2023-12-23 21:00:00,-2.7003
2023-12-23 22:00:00,-2.7114
2023-12-23 23:00:00,-2.7151
2023-12-24 00:00:00,-2.7185
2023-12-24 01:00:00,-2.7221
2023-12-24 02:00:00,-2.7252
2023-12-24 03:00:00,-2.7282
2023-12-24 04:00:00,-2.7280
2023-12-24 05:00:00,-2.7242
2023-12-24 06:00:00,-2.7239
2023-12-24 07:00:00,-2.7250
2023-12-24 08:00:00,-2.7273
2023-12-24 09:00:00,-2.7296
2023-12-24 10:00:00,-2.7318
2023-12-24 11:00:00,-2.7339
2023-12-24 12:00:00,-2.7359
2023-12-24 13:00:00,-2.7377
2023-12-24 14:00:00,-2.7368
2023-12-24 15:00:00,-2.7098
2023-12-24 16:00:00,-2.6739
2023-12-24 17:00:00,-2.6592
2023-12-24 18:00:00,-2.6517
2023-12-24 19:00:00,-2.6492
2023-12-24 20:00:00,-2.6492
2023-12-24 21:00:00,-2.6510
2023-12-24 22:00:00,-2.6542
2023-12-24 23:00:00,-2.6574
2023-12-25 00:00:00,-2.6610
2023-12-25 01:00:00,-2.6645
2023-12-25 02:00:00,-2.6684
2023-12-25 03:00:00,-2.6724
2023-12-25 04:00:00,-2.6763
2023-12-25 05:00:00,-2.6801
2023-12-25 06:00:00,-2.6839
2023-12-25 07:00:00,-2.6877
2023-12-25 08:00:00,-2.6917
2023-12-25 09:00:00,-2.6953
2023-12-25 10:00:00,-2.6991
2023-12-25 11:00:00,-2.7030
2023-12-25 12:00:00,-2.7063
2023-12-25 13:00:00,-2.7099
2023-12-25 14:00:00,-2.7131
2023-12-25 15:00:00,-2.7165
2023-12-25 16:00:00,-2.7195
2023-12-25 17:00:00,-2.7227
2023-12-25 18:00:00,-2.7258
2023-12-25 19:00:00,-2.7285
2023-12-25 20:00:00,-2.7309
2023-12-25 21:00:00,-2.7325
2023-12-25 22:00:00,-2.7205
2023-12-25 23:00:00,-2.6751
2023-12-26 00:00:00,-2.6125
2023-12-26 01:00:00,-2.5810
2023-12-26 02:00:00,-2.5658
2023-12-26 03:00:00,-2.5592
2023-12-26 04:00:00,-2.5605
2023-12-26 05:00:00,-2.5670
2023-12-26 06:00:00,-2.5736
2023-12-26 07:00:00,-2.5800
2023-12-26 08:00:00,-2.5860
2023-12-26 09:00:00,-2.5921
2023-12-26 10:00:00,-2.5977
2023-12-26 11:00:00,-2.6029
2023-12-26 12:00:00,-2.6076
2023-12-26 13:00:00,-2.6124
2023-12-26 14:00:00,-2.6169
2023-12-26 15:00:00,-2.6214
2023-12-26 16:00:00,-2.6258
2023-12-26 17:00:00,-2.6303
2023-12-26 18:00:00,-2.6346
2023-12-26 19:00:00,-2.6389
2023-12-26 20:00:00,-2.6430
2023-12-26 21:00:00,-2.6201
2023-12-26 22:00:00,-2.6515
2023-12-26 23:00:00,-2.6558
2023-12-27 00:00:00,-2.6596
2023-12-27 01:00:00,-2.6635
2023-12-27 02:00:00,-2.6675
2023-12-27 03:00:00,-2.6714
2023-12-27 04:00:00,-2.6751
2023-12-27 05:00:00,-2.6786
2023-12-27 06:00:00,-2.6820
2023-12-27 07:00:00,-2.6853
2023-12-27 08:00:00,-2.6884
2023-12-27 09:00:00,-2.6915
2023-12-27 10:00:00,-2.6941
2023-12-27 11:00:00,-2.6963
2023-12-27 12:00:00,-2.6983
2023-12-27 13:00:00,-2.7002
2023-12-27 14:00:00,-2.7020
2023-12-27 15:00:00,-2.7039
2023-12-27 16:00:00,-2.7060
2023-12-27 17:00:00,-2.7082
2023-12-27 18:00:00,-2.7100
2023-12-27 19:00:00,-2.7122
2023-12-27 20:00:00,-2.7143
2023-12-27 21:00:00,-2.6677
2023-12-27 22:00:00,-2.7196
2023-12-27 23:00:00,-2.7224
2023-12-28 00:00:00,-2.7255
2023-12-28 01:00:00,-2.7278
2023-12-28 02:00:00,-2.7305
2023-12-28 03:00:00,-2.7325
2023-12-28 04:00:00,-2.7343
2023-12-28 05:00:00,-2.7368
2023-12-28 06:00:00,-2.7387
2023-12-28 07:00:00,-2.7412
2023-12-28 08:00:00,-2.7432
2023-12-28 09:00:00,-2.7458
2023-12-28 10:00:00,-2.7483
2023-12-28 11:00:00,-2.7504
2023-12-28 12:00:00,-2.7526
2023-12-28 13:00:00,-2.7548
2023-12-28 14:00:00,-2.7562
2023-12-28 15:00:00,-2.7583
2023-12-28 16:00:00,-2.7603
2023-12-28 17:00:00,-2.7620
2023-12-28 18:00:00,-2.7639
2023-12-28 19:00:00,-2.7656
2023-12-28 20:00:00,-2.7671
2023-12-28 21:00:00,-2.7667
2023-12-28 22:00:00,-2.7707
2023-12-28 23:00:00,-2.7722
2023-12-29 00:00:00,-2.7742
2023-12-29 01:00:00,-2.7755
2023-12-29 02:00:00,-2.7769
2023-12-29 03:00:00,-2.7786
2023-12-29 04:00:00,-2.7807
2023-12-29 05:00:00,-2.7822
2023-12-29 06:00:00,-2.7842
2023-12-29 07:00:00,-2.7858
2023-12-29 08:00:00,-2.7874
2023-12-29 09:00:00,-2.7893
2023-12-29 10:00:00,-2.7909
2023-12-29 11:00:00,-2.7897
2023-12-29 12:00:00,-2.7884
2023-12-29 13:00:00,-2.7879
2023-12-29 14:00:00,-2.7879
2023-12-29 15:00:00,-2.7885
2023-12-29 16:00:00,-2.7889
2023-12-29 17:00:00,-2.7896
2023-12-29 18:00:00,-2.7899
2023-12-29 19:00:00,-2.7903
2023-12-29 20:00:00,-2.7909
2023-12-29 21:00:00,-2.7914
2023-12-29 22:00:00,-2.7926
2023-12-29 23:00:00,-2.7931
2023-12-30 00:00:00,-2.7941
2023-12-30 01:00:00,-2.7949
2023-12-30 02:00:00,-2.7956
2024-01-15 10:00:00,-2.8516
2024-01-15 11:00:00,-2.8487
2024-01-15 12:00:00,-2.8467
2024-01-15 13:00:00,-2.8454
2024-01-15 14:00:00,-2.8441
2024-01-15 15:00:00,-2.8411
2024-01-15 16:00:00,-2.8405
2024-01-15 17:00:00,-2.8398
2024-01-15 18:00:00,-2.8389
2024-01-15 19:00:00,-2.8392
2024-01-15 20:00:00,-2.8386
2024-01-15 21:00:00,-2.8397
2024-01-15 22:00:00,-2.8410
2024-01-15 23:00:00,-2.8428
2024-01-16 00:00:00,-2.8446
2024-01-16 01:00:00,-2.8467
2024-01-16 02:00:00,-2.8488
2024-01-16 03:00:00,-2.8511
2024-01-16 04:00:00,-2.8531
2024-01-16 05:00:00,-2.8553
2024-01-16 06:00:00,-2.8572
2024-01-16 07:00:00,-2.8593
2024-01-16 08:00:00,-2.8614
2024-01-16 09:00:00,-2.8634
2024-01-16 10:00:00,-2.8654
2024-01-16 11:00:00,-2.8671
2024-01-16 12:00:00,-2.8686
2024-01-16 13:00:00,-2.8700
2024-01-16 14:00:00,-2.8709
2024-01-16 15:00:00,-2.8715
2024-01-16 16:00:00,-2.8724
2024-01-16 17:00:00,-2.8733
2024-01-16 18:00:00,-2.8745
2024-01-16 19:00:00,-2.8755
2024-01-16 20:00:00,-2.8765
2024-01-16 21:00:00,-2.8775
2024-01-16 22:00:00,-2.8786
2024-01-16 23:00:00,-2.8797
2024-01-17 00:00:00,-2.8809
2024-01-17 01:00:00,-2.8818
2024-01-17 02:00:00,-2.8830
2024-01-17 03:00:00,-2.8839
2024-01-17 04:00:00,-2.8850
2024-01-17 05:00:00,-2.8860
2024-01-17 06:00:00,-2.8870
2024-01-17 07:00:00,-2.8878
2024-01-17 08:00:00,-2.8889
2024-01-17 09:00:00,-2.8901
2024-01-17 10:00:00,-2.8912
2024-01-17 11:00:00,-2.8926
2024-01-17 12:00:00,-2.8935
2024-01-17 13:00:00,-2.8945
2024-01-17 14:00:00,-2.8953
2024-01-17 15:00:00,-2.8964
2024-01-17 16:00:00,-2.8973
2024-01-17 17:00:00,-2.8987
2024-01-17 18:00:00,-2.8999
2024-01-17 19:00:00,-2.9014
2024-01-17 20:00:00,-2.9028
2024-01-17 21:00:00,-2.9041
2024-01-17 22:00:00,-2.9055
2024-01-17 23:00:00,-2.9070
2024-01-18 00:00:00,-2.9084
2024-01-18 01:00:00,-2.9098
2024-01-18 02:00:00,-2.9112
2024-01-18 03:00:00,-2.9128
2024-01-18 04:00:00,-2.9143
2024-01-18 05:00:00,-2.9157
2024-01-18 06:00:00,-2.9171
2024-01-18 07:00:00,-2.9188
2024-01-18 08:00:00,-2.9204
2024-01-18 09:00:00,-2.9219
2024-01-18 10:00:00,-2.9236
2024-01-18 11:00:00,-2.9254
2024-01-18 12:00:00,-2.9271
2024-01-18 13:00:00,-2.9283
2024-01-18 14:00:00,-2.9297
2024-01-18 15:00:00,-2.9311
2024-01-18 16:00:00,-2.9326
2024-01-18 17:00:00,-2.9343
2024-01-18 18:00:00,-2.9360
2024-01-18 19:00:00,-2.9374
2024-01-18 20:00:00,-2.9391
2024-01-18 21:00:00,-2.9406
2024-01-18 22:00:00,-2.9421
2024-01-18 23:00:00,-2.9437
2024-01-19 00:00:00,-2.9452
2024-01-19 01:00:00,-2.9466
2024-01-19 02:00:00,-2.9480
2024-01-19 03:00:00,-2.9495
2024-01-19 04:00:00,-2.9508
2024-01-19 05:00:00,-2.9523
2024-01-19 06:00:00,-2.9537
2024-01-19 07:00:00,-2.9554
2024-01-19 08:00:00,-2.9570
2024-01-19 09:00:00,-2.9584
2024-01-19 10:00:00,-2.9601
2024-01-19 11:00:00,-2.9615
2024-01-19 12:00:00,-2.9631
2024-01-19 13:00:00,-2.9645
2024-01-19 14:00:00,-2.9655
2024-01-19 15:00:00,-2.9663
2024-01-19 16:00:00,-2.9673
2024-01-19 17:00:00,-2.9682
2024-01-19 18:00:00,-2.9693
2024-01-19 19:00:00,-2.9704
2024-01-19 20:00:00,-2.9717
2024-01-19 21:00:00,-2.9730
2024-01-19 22:00:00,-2.9739
2024-01-19 23:00:00,-2.9753
2024-01-20 00:00:00,-2.9765
2024-01-20 01:00:00,-2.9777
2024-01-20 02:00:00,-2.9787
2024-01-20 03:00:00,-2.9798
2024-01-20 04:00:00,-2.9809
2024-01-20 05:00:00,-2.9820
2024-01-20 06:00:00,-2.9832
2024-01-20 07:00:00,-2.9841
2024-01-20 08:00:00,-2.9854
2024-01-20 09:00:00,-2.9865
2024-01-20 10:00:00,-2.9879
2024-01-20 11:00:00,-2.9892
2024-01-20 12:00:00,-2.9900
2024-01-20 13:00:00,-2.9906
2024-01-20 14:00:00,-2.9911
2024-01-20 15:00:00,-2.9915
2024-01-20 16:00:00,-2.9920
2024-01-20 17:00:00,-2.9925
2024-01-20 18:00:00,-2.9931
2024-01-20 19:00:00,-2.9938
2024-01-20 20:00:00,-2.9947
2024-01-20 21:00:00,-2.9952
2024-01-20 22:00:00,-2.9960
2024-01-20 23:00:00,-2.9967
2024-01-21 00:00:00,-2.9974
2024-01-21 01:00:00,-2.9978
2024-01-21 02:00:00,-2.9981
2024-01-21 03:00:00,-2.9985
2024-01-21 04:00:00,-2.9989
2024-01-21 05:00:00,-2.9997
2024-01-21 06:00:00,-2.9998
2024-01-21 07:00:00,-3.0006
2024-01-21 08:00:00,-3.0008
2024-01-21 09:00:00,-3.0021
2024-01-21 10:00:00,-3.0029
2024-01-21 11:00:00,-3.0042
2024-01-21 12:00:00,-3.0047
2024-01-21 13:00:00,-3.0052
2024-01-21 14:00:00,-3.0056
2024-01-21 15:00:00,-3.0060
2024-01-21 16:00:00,-3.0057
2024-01-21 17:00:00,-3.0063
2024-01-21 18:00:00,-3.0061
2024-01-21 19:00:00,-3.0067
2024-01-21 20:00:00,-3.0060
2024-01-21 21:00:00,-3.0060
2024-01-21 22:00:00,-3.0067
2024-01-21 23:00:00,-3.0044
2024-01-22 00:00:00,-3.0027
2024-01-22 01:00:00,-3.0034
2024-01-22 02:00:00,-3.0033
2024-01-22 03:00:00,-3.0021
2024-01-22 04:00:00,-3.0003
2024-01-22 05:00:00,-2.9983
2024-01-22 06:00:00,-2.9980
2024-01-22 07:00:00,-2.9973
2024-01-22 08:00:00,-2.9960
2024-01-22 09:00:00,-2.9980
2024-01-22 10:00:00,-2.9980
2024-01-22 11:00:00,-3.0002
2024-01-22 12:00:00,-3.0001
2024-01-22 13:00:00,-3.0018
2024-01-22 14:00:00,-3.0034
2024-01-22 15:00:00,-3.0023
2024-01-22 16:00:00,-3.0040
2024-01-22 17:00:00,-3.0045
2024-01-22 18:00:00,-3.0068
2024-01-22 19:00:00,-3.0080
2024-01-22 20:00:00,-3.0078
2024-01-22 21:00:00,-3.0091
2024-01-22 22:00:00,-3.0100
2024-01-22 23:00:00,-3.0109
2024-01-23 00:00:00,-3.0126
2024-01-23 01:00:00,-3.0140
2024-01-23 02:00:00,-3.0138
2024-01-23 03:00:00,-3.0161
2024-01-23 04:00:00,-3.0174
2024-01-23 05:00:00,-3.0187
2024-01-23 06:00:00,-3.0198
2024-01-23 07:00:00,-3.0216
2024-01-23 08:00:00,-3.0223
2024-01-23 09:00:00,-3.0233
2024-01-23 10:00:00,-3.0246
2024-01-23 11:00:00,-3.0256
2024-01-23 12:00:00,-3.0264
2024-01-23 13:00:00,-3.0270
2024-01-23 14:00:00,-3.0275
2024-01-23 15:00:00,-3.0278
2024-01-23 16:00:00,-3.0279
2024-01-23 17:00:00,-3.0268
2024-01-23 18:00:00,-3.0242
2024-01-23 19:00:00,-3.0189
2024-01-23 20:00:00,-3.0105
2024-01-23 21:00:00,-2.9976
2024-01-23 22:00:00,-2.9880
2024-01-23 23:00:00,-2.9803
2024-01-24 00:00:00,-2.9742
2024-01-24 01:00:00,-2.9683
2024-01-24 02:00:00,-2.9633
2024-01-24 03:00:00,-2.9589
2024-01-24 04:00:00,-2.9565
2024-01-24 05:00:00,-2.9519
2024-01-24 06:00:00,-2.9498
2024-01-24 07:00:00,-2.9474
2024-01-24 08:00:00,-2.9456
2024-01-24 09:00:00,-2.9446
2024-01-24 10:00:00,-2.9444
2024-01-24 11:00:00,-2.9438
2024-01-24 12:00:00,-2.9434
2024-01-24 13:00:00,-2.9442
2024-01-24 14:00:00,-2.9448
2024-01-24 15:00:00,-2.9446
2024-01-24 16:00:00,-2.9452
2024-01-24 17:00:00,-2.9458
2024-01-24 18:00:00,-2.9461
2024-01-24 19:00:00,-2.9461
2024-01-24 20:00:00,-2.9466
2024-01-24 21:00:00,-2.9473
2024-01-24 22:00:00,-2.9481
2024-01-24 23:00:00,-2.9483
2024-01-25 00:00:00,-2.9489
2024-01-25 01:00:00,-2.9497
2024-01-25 02:00:00,-2.9503
2024-01-25 03:00:00,-2.9510
2024-01-25 04:00:00,-2.9516
2024-01-25 05:00:00,-2.9523
2024-01-25 06:00:00,-2.9529
2024-01-25 07:00:00,-2.9538
2024-01-25 08:00:00,-2.9546
2024-01-25 09:00:00,-2.9555
2024-01-25 10:00:00,-2.9562
2024-01-25 11:00:00,-2.9570
2024-01-25 12:00:00,-2.9576
2024-01-25 13:00:00,-2.9579
2024-01-25 14:00:00,-2.9582
2024-01-25 15:00:00,-2.9584
2024-01-25 16:00:00,-2.9589
2024-01-25 17:00:00,-2.9593
2024-01-25 18:00:00,-2.9597
2024-01-25 19:00:00,-2.9603
2024-01-25 20:00:00,-2.9602
2024-01-25 21:00:00,-2.9581
2024-01-25 22:00:00,-2.9554
2024-01-25 23:00:00,-2.9531
2024-01-26 00:00:00,-2.9514
2024-01-26 01:00:00,-2.9504
2024-01-26 02:00:00,-2.9493
2024-01-26 03:00:00,-2.9481
2024-01-26 04:00:00,-2.9468
2024-01-26 05:00:00,-2.9462
2024-01-26 06:00:00,-2.9447
2024-01-26 07:00:00,-2.9426
2024-01-26 08:00:00,-2.9350
2024-01-26 09:00:00,-2.9285
2024-01-26 10:00:00,-2.9203
2024-01-26 11:00:00,-2.9121
2024-01-26 12:00:00,-2.9046
2024-01-26 13:00:00,-2.8987
2024-01-26 14:00:00,-2.8939
2024-01-26 15:00:00,-2.8900
2024-01-26 16:00:00,-2.8878
2024-01-26 17:00:00,-2.8850
2024-01-26 18:00:00,-2.8829
2024-01-26 19:00:00,-2.8809
2024-01-26 20:00:00,-2.8792
2024-01-26 21:00:00,-2.8776
2024-01-26 22:00:00,-2.8764
2024-01-26 23:00:00,-2.8753
2024-01-27 00:00:00,-2.8747
2024-01-27 01:00:00,-2.8744
2024-01-27 02:00:00,-2.8740
2024-01-27 03:00:00,-2.8741
2024-01-27 04:00:00,-2.8741
2024-01-27 05:00:00,-2.8744
2024-01-27 06:00:00,-2.8748
2024-01-27 07:00:00,-2.8751
2024-01-27 08:00:00,-2.8757
2024-01-27 09:00:00,-2.8763
2024-01-27 10:00:00,-2.8768
2024-01-27 11:00:00,-2.8778
2024-01-27 12:00:00,-2.8782
2024-01-27 13:00:00,-2.8782
2024-01-27 14:00:00,-2.8780
2024-01-27 15:00:00,-2.8779
2024-01-27 16:00:00,-2.8777
2024-01-27 17:00:00,-2.8778
2024-01-27 18:00:00,-2.8779
2024-01-27 19:00:00,-2.8774
2024-01-27 20:00:00,-2.8779
2024-01-27 21:00:00,-2.8784
2024-01-27 22:00:00,-2.8789
2024-01-27 23:00:00,-2.8795
2024-01-28 00:00:00,-2.8804
2024-01-28 01:00:00,-2.8813
2024-01-28 02:00:00,-2.8820
2024-01-28 03:00:00,-2.8827
2024-01-28 04:00:00,-2.8836
2024-01-28 05:00:00,-2.8841
2024-01-28 06:00:00,-2.8846
2024-01-28 07:00:00,-2.8852
2024-01-28 08:00:00,-2.8860
2024-01-28 09:00:00,-2.8865
2024-01-28 10:00:00,-2.8867
2024-01-28 11:00:00,-2.8872
2024-01-28 12:00:00,-2.8873
2024-01-28 13:00:00,-2.8867
2024-01-28 14:00:00,-2.8863
2024-01-28 15:00:00,-2.8861
2024-01-28 16:00:00,-2.8861
2024-01-28 17:00:00,-2.8866
2024-01-28 18:00:00,-2.8871
2024-01-28 19:00:00,-2.8869
2024-01-28 20:00:00,-2.8872
2024-01-28 21:00:00,-2.8880
2024-01-28 22:00:00,-2.8885
2024-01-28 23:00:00,-2.8895
2024-01-29 00:00:00,-2.8905
2024-01-29 01:00:00,-2.8919
2024-01-29 02:00:00,-2.8934
2024-01-29 03:00:00,-2.8947
2024-01-29 04:00:00,-2.8963
2024-01-29 05:00:00,-2.8974
2024-01-29 06:00:00,-2.8984
2024-01-29 07:00:00,-2.8997
2024-01-29 08:00:00,-2.9007
2024-01-29 09:00:00,-2.9019
2024-01-29 10:00:00,-2.9030
2024-01-29 11:00:00,-2.9042
2024-01-29 12:00:00,-2.9058
2024-01-29 13:00:00,-2.9073
2024-01-29 14:00:00,-2.9086
2024-01-29 15:00:00,-2.9099
2024-01-29 16:00:00,-2.9112
2024-01-29 17:00:00,-2.9129
2024-01-29 18:00:00,-2.9143
2024-01-29 19:00:00,-2.9157
2024-01-29 20:00:00,-2.9170
2024-01-29 21:00:00,-2.9183
2024-01-29 22:00:00,-2.9195
2024-01-29 23:00:00,-2.9206
2024-01-30 00:00:00,-2.9217
2024-01-30 01:00:00,-2.9231
2024-01-30 02:00:00,-2.9241
2024-01-30 03:00:00,-2.9253
2024-01-30 04:00:00,-2.9263
2024-01-30 05:00:00,-2.9274
2024-01-30 06:00:00,-2.9285
2024-01-30 07:00:00,-2.9296
2024-01-30 08:00:00,-2.9308
2024-01-30 09:00:00,-2.9322
2024-01-30 10:00:00,-2.9338
2024-01-30 11:00:00,-2.9351
2024-01-30 12:00:00,-2.9364
2024-01-30 13:00:00,-2.9374
2024-01-30 14:00:00,-2.9384
2024-01-30 15:00:00,-2.9398
2024-01-30 16:00:00,-2.9409
2024-01-30 17:00:00,-2.9422
2024-01-30 18:00:00,-2.9435
2024-01-30 19:00:00,-2.9449
2024-01-30 20:00:00,-2.9461
2024-01-30 21:00:00,-2.9474
2024-01-30 22:00:00,-2.9484
2024-01-30 23:00:00,-2.9495
2024-01-31 00:00:00,-2.9501
2024-01-31 01:00:00,-2.9511
2024-01-31 02:00:00,-2.9520
2024-01-31 03:00:00,-2.9525
2024-01-31 04:00:00,-2.9529
2024-01-31 05:00:00,-2.9533
2024-01-31 06:00:00,-2.9538
2024-01-31 07:00:00,-2.9541
2024-01-31 08:00:00,-2.9552
2024-01-31 09:00:00,-2.9556
2024-01-31 10:00:00,-2.9560
2024-01-31 11:00:00,-2.9565
2024-01-31 12:00:00,-2.9520
2024-01-31 13:00:00,-2.9523
2024-01-31 14:00:00,-2.9521
2024-01-31 15:00:00,-2.9529
2024-01-31 16:00:00,-2.9530
2024-01-31 17:00:00,-2.9529
2024-01-31 18:00:00,-2.9532
2024-01-31 19:00:00,-2.9538
2024-01-31 20:00:00,-2.9540
2024-01-31 21:00:00,-2.9552
2024-01-31 22:00:00,-2.9551
2024-01-31 23:00:00,-2.9557
2024-02-01 00:00:00,-2.9553
2024-02-01 01:00:00,-2.9523
2024-02-01 02:00:00,-2.9479
2024-02-01 03:00:00,-2.9455
2024-02-01 04:00:00,-2.9444
2024-02-01 05:00:00,-2.9438
2024-02-01 06:00:00,-2.9437
2024-02-01 07:00:00,-2.9443
2024-02-01 08:00:00,-2.9447
2024-02-01 09:00:00,-2.9455
2024-02-01 10:00:00,-2.9461
2024-02-01 11:00:00,-2.9467
2024-02-01 12:00:00,-2.9474
2024-02-01 13:00:00,-2.9479
2024-02-01 14:00:00,-2.9481
2024-02-01 15:00:00,-2.9486
2024-02-01 16:00:00,-2.9495
2024-02-01 17:00:00,-2.9500
2024-02-01 18:00:00,-2.9505
2024-02-01 19:00:00,-2.9511
2024-02-01 20:00:00,-2.9516
2024-02-01 21:00:00,-2.9522
2024-02-01 22:00:00,-2.9526
2024-02-01 23:00:00,-2.9531
2024-02-02 00:00:00,-2.9535
2024-02-02 01:00:00,-2.9536
2024-02-02 02:00:00,-2.9540
2024-02-02 03:00:00,-2.9539
2024-02-02 04:00:00,-2.9537
2024-02-02 05:00:00,-2.9542
2024-02-02 06:00:00,-2.9538
2024-02-02 07:00:00,-2.9540
2024-02-02 08:00:00,-2.9538
2024-02-02 09:00:00,-2.9536
2024-02-02 10:00:00,-2.9536
2024-02-02 11:00:00,-2.9538
2024-02-02 12:00:00,-2.9542
2024-02-02 13:00:00,-2.9544
2024-02-02 14:00:00,-2.9548
2024-02-02 15:00:00,-2.9553
2024-02-02 16:00:00,-2.9557
2024-02-02 17:00:00,-2.9565
2024-02-02 18:00:00,-2.9568
2024-02-02 19:00:00,-2.9580
2024-02-02 20:00:00,-2.9588
2024-02-02 21:00:00,-2.9594
2024-02-02 22:00:00,-2.9605
2024-02-02 23:00:00,-2.9613
2024-02-03 00:00:00,-2.9625
2024-02-03 01:00:00,-2.9630
2024-02-03 02:00:00,-2.9636
2024-02-03 03:00:00,-2.9649
2024-02-03 04:00:00,-2.9656
2024-02-03 05:00:00,-2.9666
2024-02-03 06:00:00,-2.9675
2024-02-03 07:00:00,-2.9685
2024-02-03 08:00:00,-2.9693
2024-02-03 09:00:00,-2.9706
2024-02-03 10:00:00,-2.9717
2024-02-03 11:00:00,-2.9727
2024-02-03 12:00:00,-2.9740
2024-02-03 13:00:00,-2.9755
2024-02-03 14:00:00,-2.9759
2024-02-03 15:00:00,-2.9765
2024-02-03 16:00:00,-2.9777
2024-02-03 17:00:00,-2.9788
2024-02-03 18:00:00,-2.9798
2024-02-03 19:00:00,-2.9805
2024-02-03 20:00:00,-2.9815
2024-02-03 21:00:00,-2.9822
2024-02-03 22:00:00,-2.9825
2024-02-03 23:00:00,-2.9833
2024-02-04 00:00:00,-2.9835
2024-02-04 01:00:00,-2.9843
2024-02-04 02:00:00,-2.9848
2024-02-04 03:00:00,-2.9856
2024-02-04 04:00:00,-2.9867
2024-02-04 05:00:00,-2.9874
2024-02-04 06:00:00,-2.9880
2024-02-04 07:00:00,-2.9890
2024-02-04 08:00:00,-2.9896
2024-02-04 09:00:00,-2.9903
2024-02-04 10:00:00,-2.9910
2024-02-04 11:00:00,-2.9920
2024-02-04 12:00:00,-2.9934
2024-02-04 13:00:00,-2.9938
2024-02-04 14:00:00,-2.9944
2024-02-04 15:00:00,-2.9950
2024-02-04 16:00:00,-2.9956
2024-02-04 17:00:00,-2.9966
2024-02-04 18:00:00,-2.9965
2024-02-04 19:00:00,-2.9976
2024-02-04 20:00:00,-2.9984
2024-02-04 21:00:00,-2.9990
2024-02-04 22:00:00,-3.0004
2024-02-04 23:00:00,-3.0006
2024-02-05 00:00:00,-3.0017
2024-02-05 01:00:00,-3.0030
2024-02-05 02:00:00,-3.0038
2024-02-05 03:00:00,-3.0045
2024-02-05 04:00:00,-3.0057
2024-02-05 05:00:00,-3.0064
2024-02-05 06:00:00,-3.0072
2024-02-05 07:00:00,-3.0080
2024-02-05 08:00:00,-3.0093
2024-02-05 09:00:00,-3.0099
2024-02-05 10:00:00,-3.0105
2024-02-05 11:00:00,-3.0116
2024-02-05 12:00:00,-3.0121
2024-02-05 13:00:00,-3.0134
2024-02-05 14:00:00,-3.0145
2024-02-05 15:00:00,-3.0138
2024-02-05 16:00:00,-3.0155
2024-02-05 17:00:00,-3.0164
2024-02-05 18:00:00,-3.0171
2024-02-05 19:00:00,-3.0175
2024-02-05 20:00:00,-3.0181
2024-02-05 21:00:00,-3.0192
2024-02-05 22:00:00,-3.0196
2024-02-05 23:00:00,-3.0206
2024-02-06 00:00:00,-3.0216
2024-02-06 01:00:00,-3.0215
2024-02-06 02:00:00,-3.0224
2024-02-06 03:00:00,-3.0215
2024-02-06 04:00:00,-3.0231
2024-02-06 05:00:00,-3.0233
2024-02-06 06:00:00,-3.0243
2024-02-06 07:00:00,-3.0246
2024-02-06 08:00:00,-3.0259
2024-02-06 09:00:00,-3.0258
2024-02-06 10:00:00,-3.0266
2024-02-06 11:00:00,-3.0267
2024-02-06 12:00:00,-3.0286
2024-02-06 13:00:00,-3.0289
2024-02-06 14:00:00,-3.0294
2024-02-06 15:00:00,-3.0298
2024-02-06 16:00:00,-3.0309
2024-02-06 17:00:00,-3.0325
2024-02-06 18:00:00,-3.0318
2024-02-06 19:00:00,-3.0321
2024-02-06 20:00:00,-3.0297
2024-02-06 21:00:00,-3.0263
2024-02-06 22:00:00,-3.0145
2024-02-06 23:00:00,-3.0008
2024-02-07 00:00:00,-2.9847
2024-02-07 01:00:00,-2.9709
2024-02-07 02:00:00,-2.9589
2024-02-07 03:00:00,-2.9487
2024-02-07 04:00:00,-2.9399
2024-02-07 05:00:00,-2.9319
2024-02-07 06:00:00,-2.9262
2024-02-07 07:00:00,-2.9209
2024-02-07 08:00:00,-2.9166
2024-02-07 09:00:00,-2.9133
2024-02-07 10:00:00,-2.9106
2024-02-07 11:00:00,-2.9083
2024-02-07 12:00:00,-2.9060
2024-02-07 13:00:00,-2.9045
2024-02-07 14:00:00,-2.9031
2024-02-07 15:00:00,-2.9021
2024-02-07 16:00:00,-2.9009
2024-02-07 17:00:00,-2.9002
2024-02-07 18:00:00,-2.8997
2024-02-07 19:00:00,-2.8994
2024-02-07 20:00:00,-2.8995
2024-02-07 21:00:00,-2.8997
2024-02-07 22:00:00,-2.9000
2024-02-07 23:00:00,-2.9001
2024-02-08 00:00:00,-2.9007
2024-02-08 01:00:00,-2.9014
2024-02-08 02:00:00,-2.9019
2024-02-08 03:00:00,-2.9024
2024-02-08 04:00:00,-2.9026
2024-02-08 05:00:00,-2.9032
2024-02-08 06:00:00,-2.9039
2024-02-08 07:00:00,-2.9042
2024-02-08 08:00:00,-2.9047
2024-02-08 09:00:00,-2.9055
2024-02-08 10:00:00,-2.9060
2024-02-08 11:00:00,-2.9068
2024-02-08 12:00:00,-2.9066
2024-02-08 13:00:00,-2.9075
2024-02-08 14:00:00,-2.9076
2024-02-08 15:00:00,-2.9060
2024-02-08 16:00:00,-2.9044
2024-02-08 17:00:00,-2.9014
2024-02-08 18:00:00,-2.8954
2024-02-08 19:00:00,-2.8849
2024-02-08 20:00:00,-2.8673
2024-02-08 21:00:00,-2.8519
2024-02-08 22:00:00,-2.8379
2024-02-08 23:00:00,-2.8232
2024-02-09 00:00:00,-2.8070
2024-02-09 01:00:00,-2.7892
2024-02-09 02:00:00,-2.7695
2024-02-09 03:00:00,-2.7506
2024-02-09 04:00:00,-2.7299
2024-02-09 05:00:00,-2.7138
2024-02-09 06:00:00,-2.6986
2024-02-09 07:00:00,-2.6794
2024-02-09 08:00:00,-2.6651
2024-02-09 09:00:00,-2.6552
2024-02-09 10:00:00,-2.6472
2024-02-09 11:00:00,-2.6395
2024-02-09 12:00:00,-2.6337
2024-02-09 13:00:00,-2.6300
2024-02-09 14:00:00,-2.6274
2024-02-09 15:00:00,-2.6264
2024-02-09 16:00:00,-2.6265
2024-02-09 17:00:00,-2.6279
2024-02-09 18:00:00,-2.6304
2024-02-09 19:00:00,-2.6335
2024-02-09 20:00:00,-2.6370
2024-02-09 21:00:00,-2.6404
2024-02-09 22:00:00,-2.6444
2024-02-09 23:00:00,-2.6483
2024-02-10 00:00:00,-2.6524
2024-02-10 01:00:00,-2.6566
2024-02-10 02:00:00,-2.6604
2024-02-10 03:00:00,-2.6643
2024-02-10 04:00:00,-2.6680
2024-02-10 05:00:00,-2.6716
2024-02-10 06:00:00,-2.6756
2024-02-10 07:00:00,-2.6794
2024-02-10 08:00:00,-2.6835
2024-02-10 09:00:00,-2.6874
2024-02-10 10:00:00,-2.6917
2024-02-10 11:00:00,-2.6960
2024-02-10 12:00:00,-2.7002
2024-02-10 13:00:00,-2.7041
2024-02-10 14:00:00,-2.7079
2024-02-10 15:00:00,-2.7118
2024-02-10 16:00:00,-2.7156
2024-02-10 17:00:00,-2.7191
2024-02-10 18:00:00,-2.7226
2024-02-10 19:00:00,-2.7262
2024-02-10 20:00:00,-2.7296
2024-02-10 21:00:00,-2.7331
2024-02-10 22:00:00,-2.7366
2024-02-10 23:00:00,-2.7398
2024-02-11 00:00:00,-2.7431
2024-02-11 01:00:00,-2.7463
2024-02-11 02:00:00,-2.7495
2024-02-11 03:00:00,-2.7525
2024-02-11 04:00:00,-2.7554
2024-02-11 05:00:00,-2.7583
2024-02-11 06:00:00,-2.7610
2024-02-11 07:00:00,-2.7638
2024-02-11 08:00:00,-2.7666
2024-02-11 09:00:00,-2.7684
2024-02-11 10:00:00,-2.7694
2024-02-11 11:00:00,-2.7707
2024-02-11 12:00:00,-2.7723
2024-02-11 13:00:00,-2.7739
2024-02-11 14:00:00,-2.7755
2024-02-11 15:00:00,-2.7772
2024-02-11 16:00:00,-2.7792
2024-02-11 17:00:00,-2.7811
2024-02-11 18:00:00,-2.7828
2024-02-11 19:00:00,-2.7847
2024-02-11 20:00:00,-2.7864
2024-02-11 21:00:00,-2.7883
2024-02-11 22:00:00,-2.7905
2024-02-11 23:00:00,-2.7927
2024-02-12 00:00:00,-2.7948
2024-02-12 01:00:00,-2.7969
2024-02-12 02:00:00,-2.7991
2024-02-12 03:00:00,-2.8011
2024-02-12 04:00:00,-2.8030
2024-02-12 05:00:00,-2.8048
2024-02-12 06:00:00,-2.8066
2024-02-12 07:00:00,-2.8080
2024-02-12 08:00:00,-2.8093
2024-02-12 09:00:00,-2.8107
2024-02-12 10:00:00,-2.8122
2024-02-12 11:00:00,-2.8136
2024-02-12 12:00:00,-2.8149
2024-02-12 13:00:00,-2.8166
2024-02-12 14:00:00,-2.8182
2024-02-12 15:00:00,-2.8194
2024-02-12 16:00:00,-2.8210
2024-02-12 17:00:00,-2.8225
2024-02-12 18:00:00,-2.8242
2024-02-12 19:00:00,-2.8255
2024-02-12 20:00:00,-2.8271
2024-02-12 21:00:00,-2.8284
2024-02-12 22:00:00,-2.8297
2024-02-12 23:00:00,-2.8310
2024-02-13 00:00:00,-2.8326
2024-02-13 01:00:00,-2.8342
2024-02-13 02:00:00,-2.8359
2024-02-13 03:00:00,-2.8373
2024-02-13 04:00:00,-2.8389
2024-02-13 05:00:00,-2.8401
2024-02-13 06:00:00,-2.8412
2024-02-13 07:00:00,-2.8425
2024-02-13 08:00:00,-2.8438
2024-02-13 09:00:00,-2.8451
2024-02-13 10:00:00,-2.8464
2024-02-13 11:00:00,-2.8476
2024-02-13 12:00:00,-2.8492
2024-02-13 13:00:00,-2.8505
2024-02-13 14:00:00,-2.8520
2024-02-13 15:00:00,-2.8539
2024-02-13 16:00:00,-2.8549
2024-02-13 17:00:00,-2.8562
2024-02-13 18:00:00,-2.8575
2024-02-13 19:00:00,-2.8587
2024-02-13 20:00:00,-2.8597
2024-02-13 21:00:00,-2.8607
2024-02-13 22:00:00,-2.8612
2024-02-13 23:00:00,-2.8610
2024-02-14 00:00:00,-2.8596
2024-02-14 01:00:00,-2.8575
2024-02-14 02:00:00,-2.8425
2024-02-14 03:00:00,-2.8100
2024-02-14 04:00:00,-2.7929
2024-02-14 05:00:00,-2.7813
2024-02-14 06:00:00,-2.7729
2024-02-14 07:00:00,-2.7675
2024-02-14 08:00:00,-2.7644
2024-02-14 09:00:00,-2.7620
2024-02-14 10:00:00,-2.7603
2024-02-14 11:00:00,-2.7591
2024-02-14 12:00:00,-2.7595
2024-02-14 13:00:00,-2.7588
2024-02-14 14:00:00,-2.7560
2024-02-14 15:00:00,-2.7502
2024-02-14 16:00:00,-2.7455
2024-02-14 17:00:00,-2.7416
2024-02-14 18:00:00,-2.7407
2024-02-14 19:00:00,-2.7399
2024-02-14 20:00:00,-2.7398
2024-02-14 21:00:00,-2.7398
2024-02-14 22:00:00,-2.7403
2024-02-14 23:00:00,-2.7410
2024-02-15 00:00:00,-2.7418
2024-02-15 01:00:00,-2.7429
2024-02-15 02:00:00,-2.7438
2024-02-15 03:00:00,-2.7446
2024-02-15 04:00:00,-2.7456
2024-02-15 05:00:00,-2.7469
2024-02-15 06:00:00,-2.7481
2024-02-15 07:00:00,-2.7483
2024-02-15 08:00:00,-2.7488
2024-02-15 09:00:00,-2.7405
2024-02-15 10:00:00,-2.7324
2024-02-15 11:00:00,-2.7270
2024-02-15 12:00:00,-2.7237
2024-02-15 13:00:00,-2.7210
2024-02-15 14:00:00,-2.7187
2024-02-15 15:00:00,-2.7171
2024-02-15 16:00:00,-2.7158
2024-02-15 17:00:00,-2.7149
2024-02-15 18:00:00,-2.7144
2024-02-15 19:00:00,-2.7143
2024-02-15 20:00:00,-2.7139
2024-02-15 21:00:00,-2.7141
2024-02-15 22:00:00,-2.7147
2024-02-15 23:00:00,-2.7157
2024-02-16 00:00:00,-2.7170
2024-02-16 01:00:00,-2.7186
2024-02-16 02:00:00,-2.7202
2024-02-16 03:00:00,-2.7218
2024-02-16 04:00:00,-2.7235
2024-02-16 05:00:00,-2.7254
2024-02-16 06:00:00,-2.7274
2024-02-16 07:00:00,-2.7296
2024-02-16 08:00:00,-2.7319
2024-02-16 09:00:00,-2.7344
2024-02-16 10:00:00,-2.7371
2024-02-16 11:00:00,-2.7396
2024-02-16 12:00:00,-2.7423
2024-02-16 13:00:00,-2.7442
2024-02-16 14:00:00,-2.7459
2024-02-16 15:00:00,-2.7478
2024-02-16 16:00:00,-2.7495
2024-02-16 17:00:00,-2.7514
2024-02-16 18:00:00,-2.7537
2024-02-16 19:00:00,-2.7558
2024-02-16 20:00:00,-2.7578
2024-02-16 21:00:00,-2.7597
2024-02-16 22:00:00,-2.7618
2024-02-16 23:00:00,-2.7640
2024-02-17 00:00:00,-2.7660
2024-02-17 01:00:00,-2.7679
2024-02-17 02:00:00,-2.7700
2024-02-17 03:00:00,-2.7721
2024-02-17 04:00:00,-2.7744
2024-02-17 05:00:00,-2.7766
2024-02-17 06:00:00,-2.7790
2024-02-17 07:00:00,-2.7813
2024-02-17 08:00:00,-2.7836
2024-02-17 09:00:00,-2.7860
2024-02-17 10:00:00,-2.7884
2024-02-17 11:00:00,-2.7910
2024-02-17 12:00:00,-2.7938
2024-02-17 13:00:00,-2.7967
2024-02-17 14:00:00,-2.7992
2024-02-17 15:00:00,-2.8017
2024-02-17 16:00:00,-2.8037
2024-02-17 17:00:00,-2.8059
2024-02-17 18:00:00,-2.8075
2024-02-17 19:00:00,-2.8091
2024-02-17 20:00:00,-2.8104
2024-02-17 21:00:00,-2.8116
2024-02-17 22:00:00,-2.8124
2024-02-17 23:00:00,-2.8135
2024-02-18 00:00:00,-2.8144
2024-02-18 01:00:00,-2.8156
2024-02-18 02:00:00,-2.8170
2024-02-18 03:00:00,-2.8189
2024-02-18 04:00:00,-2.8204
2024-02-18 05:00:00,-2.8217
2024-02-18 06:00:00,-2.8225
2024-02-18 07:00:00,-2.8220
2024-02-18 08:00:00,-2.8197
2024-02-18 09:00:00,-2.8118
2024-02-18 10:00:00,-2.7973
2024-02-18 11:00:00,-2.7778
2024-02-18 12:00:00,-2.7597
2024-02-18 13:00:00,-2.7376
2024-02-18 14:00:00,-2.7034
2024-02-18 15:00:00,-2.6702
2024-02-18 16:00:00,-2.6487
2024-02-18 17:00:00,-2.6327
2024-02-18 18:00:00,-2.6077
2024-02-18 19:00:00,-2.5836
2024-02-18 20:00:00,-2.5516
2024-02-18 21:00:00,-2.5290
2024-02-18 22:00:00,-2.5169
2024-02-18 23:00:00,-2.5147
2024-02-19 00:00:00,-2.5200
2024-02-19 01:00:00,-2.5263
2024-02-19 02:00:00,-2.5324
2024-02-19 03:00:00,-2.5383
2024-02-19 04:00:00,-2.5437
2024-02-19 05:00:00,-2.5479
2024-02-19 06:00:00,-2.5530
2024-02-19 07:00:00,-2.5577
2024-02-19 08:00:00,-2.5622
2024-02-19 09:00:00,-2.5667
2024-02-19 10:00:00,-2.5710
2024-02-19 11:00:00,-2.5751
2024-02-19 12:00:00,-2.5790
2024-02-19 13:00:00,-2.5834
2024-02-19 14:00:00,-2.5871
2024-02-19 15:00:00,-2.5910
2024-02-19 16:00:00,-2.5949
2024-02-19 17:00:00,-2.5985
2024-02-19 18:00:00,-2.6020
2024-02-19 19:00:00,-2.6058
2024-02-19 20:00:00,-2.6093
2024-02-19 21:00:00,-2.6142
2024-02-19 22:00:00,-2.6175
2024-02-19 23:00:00,-2.6201
2024-02-20 00:00:00,-2.6246
2024-02-20 01:00:00,-2.6279
2024-02-20 02:00:00,-2.6313
2024-02-20 03:00:00,-2.6345
2024-02-20 04:00:00,-2.6379
2024-02-20 05:00:00,-2.6412
2024-02-20 06:00:00,-2.6443
2024-02-20 07:00:00,-2.6476
2024-02-20 08:00:00,-2.6507
2024-02-20 09:00:00,-2.6539
2024-02-20 10:00:00,-2.6569
2024-02-20 11:00:00,-2.6597
2024-02-20 12:00:00,-2.6632
2024-02-20 13:00:00,-2.6657
2024-02-20 14:00:00,-2.6686
2024-02-20 15:00:00,-2.6712
2024-02-20 16:00:00,-2.6749
2024-02-20 17:00:00,-2.6769
2024-02-20 18:00:00,-2.6796
2024-02-20 19:00:00,-2.6822
2024-02-20 20:00:00,-2.6849
2024-02-20 21:00:00,-2.6875
2024-02-20 22:00:00,-2.6903
2024-02-20 23:00:00,-2.6926
2024-02-21 00:00:00,-2.6951
2024-02-21 01:00:00,-2.6972
2024-02-21 02:00:00,-2.6994
2024-02-21 03:00:00,-2.7021
2024-02-21 04:00:00,-2.7040
2024-02-21 05:00:00,-2.7061
2024-02-21 06:00:00,-2.7084
2024-02-21 07:00:00,-2.7107
2024-02-21 08:00:00,-2.7129
2024-02-21 09:00:00,-2.7149
2024-02-21 10:00:00,-2.7169
2024-02-21 11:00:00,-2.7186
2024-02-21 12:00:00,-2.7205
2024-02-21 13:00:00,-2.7222
2024-02-21 14:00:00,-2.7239
2024-02-21 15:00:00,-2.7249
2024-02-21 16:00:00,-2.7262
2024-02-21 17:00:00,-2.7274
2024-02-21 18:00:00,-2.7283
2024-02-21 19:00:00,-2.7288
2024-02-21 20:00:00,-2.7252
2024-02-21 21:00:00,-2.7093
2024-02-21 22:00:00,-2.6882
2024-02-21 23:00:00,-2.6730
2024-02-22 00:00:00,-2.6655
2024-02-22 01:00:00,-2.6574
2024-02-22 02:00:00,-2.6505
2024-02-22 03:00:00,-2.6432
2024-02-22 04:00:00,-2.6388
2024-02-22 05:00:00,-2.6368
2024-02-22 06:00:00,-2.6359
2024-02-22 07:00:00,-2.6361
2024-02-22 08:00:00,-2.6367
2024-02-22 09:00:00,-2.6379
2024-02-22 10:00:00,-2.6392
2024-02-22 11:00:00,-2.6396
2024-02-22 12:00:00,-2.6403
2024-02-22 13:00:00,-2.6408
2024-02-22 14:00:00,-2.6411
2024-02-22 15:00:00,-2.6416
2024-02-22 16:00:00,-2.6419
2024-02-22 17:00:00,-2.6420
2024-02-22 18:00:00,-2.6423
2024-02-22 19:00:00,-2.6306
2024-02-22 20:00:00,-2.6143
2024-02-22 21:00:00,-2.6040
2024-02-22 22:00:00,-2.5946
2024-02-22 23:00:00,-2.5735
2024-02-23 00:00:00,-2.5528
2024-02-23 01:00:00,-2.5331
2024-02-23 02:00:00,-2.5255
2024-02-23 03:00:00,-2.5247
2024-02-23 04:00:00,-2.5281
2024-02-23 05:00:00,-2.5325
2024-02-23 06:00:00,-2.5370
2024-02-23 07:00:00,-2.5417
2024-02-23 08:00:00,-2.5454
2024-02-23 09:00:00,-2.5495
2024-02-23 10:00:00,-2.5532
2024-02-23 11:00:00,-2.5564
2024-02-23 12:00:00,-2.5604
2024-02-23 13:00:00,-2.5641
2024-02-23 14:00:00,-2.5680
2024-02-23 15:00:00,-2.5711
2024-02-23 16:00:00,-2.5747
2024-02-23 17:00:00,-2.5782
2024-02-23 18:00:00,-2.5814
2024-02-23 19:00:00,-2.5845
2024-02-23 20:00:00,-2.5878
2024-02-23 21:00:00,-2.5912
2024-02-23 22:00:00,-2.5942
2024-02-23 23:00:00,-2.5976
2024-02-24 00:00:00,-2.6008
2024-02-24 01:00:00,-2.6039
2024-02-24 02:00:00,-2.6070
2024-02-24 03:00:00,-2.6102
2024-02-24 04:00:00,-2.6130
2024-02-24 05:00:00,-2.6159
2024-02-24 06:00:00,-2.6188
2024-02-24 07:00:00,-2.6219
2024-02-24 08:00:00,-2.6249
2024-02-24 09:00:00,-2.6277
2024-02-24 10:00:00,-2.6306
2024-02-24 11:00:00,-2.6337
2024-02-24 12:00:00,-2.6367
2024-02-24 13:00:00,-2.6397
2024-02-24 14:00:00,-2.6428
2024-02-24 15:00:00,-2.6458
2024-02-24 16:00:00,-2.6485
2024-02-24 17:00:00,-2.6511
2024-02-24 18:00:00,-2.6535
2024-02-24 19:00:00,-2.6558
2024-02-24 20:00:00,-2.6584
2024-02-24 21:00:00,-2.6605
2024-02-24 22:00:00,-2.6627
2024-02-24 23:00:00,-2.6628
2024-02-25 00:00:00,-2.6506
2024-02-25 01:00:00,-2.6378
2024-02-25 02:00:00,-2.6301
2024-02-25 03:00:00,-2.6247
2024-02-25 04:00:00,-2.6208
2024-02-25 05:00:00,-2.6178
2024-02-25 06:00:00,-2.6156
2024-02-25 07:00:00,-2.6141
2024-02-25 08:00:00,-2.6129
2024-02-25 09:00:00,-2.6122
2024-02-25 10:00:00,-2.6117
2024-02-25 11:00:00,-2.6118
2024-02-25 12:00:00,-2.6121
2024-02-25 13:00:00,-2.6128
2024-02-25 14:00:00,-2.6133
2024-02-25 15:00:00,-2.6141
2024-02-25 16:00:00,-2.6149
2024-02-25 17:00:00,-2.6155
2024-02-25 18:00:00,-2.6168
2024-02-25 19:00:00,-2.6183
2024-02-25 20:00:00,-2.6196
2024-02-25 21:00:00,-2.6210
2024-02-25 22:00:00,-2.6223
2024-02-25 23:00:00,-2.6238
2024-02-26 00:00:00,-2.6250
2024-02-26 01:00:00,-2.6268
2024-02-26 02:00:00,-2.6281
2024-02-26 03:00:00,-2.6310
2024-02-26 04:00:00,-2.6331
2024-02-26 05:00:00,-2.6349
2024-02-26 06:00:00,-2.6375
2024-02-26 07:00:00,-2.6393
2024-02-26 08:00:00,-2.6418
2024-02-26 09:00:00,-2.6433
2024-02-26 10:00:00,-2.6456
2024-02-26 11:00:00,-2.6480
2024-02-26 12:00:00,-2.6494
2024-02-26 13:00:00,-2.6505
2024-02-26 14:00:00,-2.6534
2024-02-26 15:00:00,-2.6544
2024-02-26 16:00:00,-2.6571
2024-02-26 17:00:00,-2.6592
2024-02-26 18:00:00,-2.6608
2024-02-26 19:00:00,-2.6621
2024-02-26 20:00:00,-2.6633
2024-02-26 21:00:00,-2.6655
2024-02-26 22:00:00,-2.6670
2024-02-26 23:00:00,-2.6686
2024-02-27 00:00:00,-2.6699
2024-02-27 01:00:00,-2.6716
2024-02-27 02:00:00,-2.6734
2024-02-27 03:00:00,-2.6751
2024-02-27 04:00:00,-2.6767
2024-02-27 05:00:00,-2.6785
2024-02-27 06:00:00,-2.6803
2024-02-27 07:00:00,-2.6821
2024-02-27 08:00:00,-2.6839
2024-02-27 09:00:00,-2.6859
2024-02-27 10:00:00,-2.6878
2024-02-27 11:00:00,-2.6899
2024-02-27 12:00:00,-2.6917
2024-02-27 13:00:00,-2.6936
2024-02-27 14:00:00,-2.6957
2024-02-27 15:00:00,-2.6977
2024-02-27 16:00:00,-2.6997
2024-02-27 17:00:00,-2.7018
2024-02-27 18:00:00,-2.7038
2024-02-27 19:00:00,-2.7059
2024-02-27 20:00:00,-2.7079
2024-02-27 21:00:00,-2.7101
2024-02-27 22:00:00,-2.7121
2024-02-27 23:00:00,-2.7141
2024-02-28 00:00:00,-2.7160
2024-02-28 01:00:00,-2.7180
2024-02-28 02:00:00,-2.7198
2024-02-28 03:00:00,-2.7220
2024-02-28 04:00:00,-2.7238
2024-02-28 05:00:00,-2.7255
2024-02-28 06:00:00,-2.7276
2024-02-29 12:00:00,-2.7617
2024-02-29 13:00:00,-2.7615
2024-02-29 14:00:00,-2.7616
2024-02-29 15:00:00,-2.7619
2024-02-29 16:00:00,-2.7621
2024-02-29 17:00:00,-2.7624
2024-02-29 18:00:00,-2.7626
2024-02-29 19:00:00,-2.7624
2024-02-29 20:00:00,-2.7612
2024-02-29 21:00:00,-2.7606
2024-02-29 22:00:00,-2.7602
2024-02-29 23:00:00,-2.7601
2024-03-01 00:00:00,-2.7603
2024-03-01 01:00:00,-2.7603
2024-03-01 02:00:00,-2.7609
2024-03-01 03:00:00,-2.7611
2024-03-01 04:00:00,-2.7618
2024-03-01 05:00:00,-2.7639
2024-03-01 06:00:00,-2.7653
2024-03-01 07:00:00,-2.7663
2024-03-01 08:00:00,-2.7675
2024-03-01 09:00:00,-2.7686
2024-03-01 10:00:00,-2.7696
2024-03-01 11:00:00,-2.7703
2024-03-01 12:00:00,-2.7710
2024-03-01 13:00:00,-2.7714
2024-03-01 14:00:00,-2.7725
2024-03-01 15:00:00,-2.7732
2024-03-01 16:00:00,-2.7746
2024-03-01 17:00:00,-2.7757
2024-03-01 18:00:00,-2.7775
2024-03-01 19:00:00,-2.7787
2024-03-01 20:00:00,-2.7795
2024-03-01 21:00:00,-2.7794
2024-03-01 22:00:00,-2.7791
2024-03-01 23:00:00,-2.7786
2024-03-02 00:00:00,-2.7786
2024-03-02 01:00:00,-2.7794
2024-03-02 02:00:00,-2.7801
2024-03-02 03:00:00,-2.7808
2024-03-02 04:00:00,-2.7813
2024-03-02 05:00:00,-2.7821
2024-03-02 06:00:00,-2.7826
2024-03-02 07:00:00,-2.7832
2024-03-02 08:00:00,-2.7836
2024-03-02 09:00:00,-2.7840
2024-03-02 10:00:00,-2.7844
2024-03-02 11:00:00,-2.7851
2024-03-02 12:00:00,-2.7855
2024-03-02 13:00:00,-2.7863
2024-03-02 14:00:00,-2.7873
2024-03-02 15:00:00,-2.7884
2024-03-02 16:00:00,-2.7889
2024-03-02 17:00:00,-2.7901
2024-03-02 18:00:00,-2.7908
2024-03-02 19:00:00,-2.7920
2024-03-02 20:00:00,-2.7928
2024-03-02 21:00:00,-2.7933
2024-03-02 22:00:00,-2.7934
2024-03-02 23:00:00,-2.7941
2024-03-03 00:00:00,-2.7951
2024-03-03 01:00:00,-2.7957
2024-03-03 02:00:00,-2.7968
2024-03-03 03:00:00,-2.7977
2024-03-03 04:00:00,-2.7987
2024-03-03 05:00:00,-2.7996
2024-03-03 06:00:00,-2.8006
2024-03-03 07:00:00,-2.8015
2024-03-03 08:00:00,-2.8021
2024-03-03 09:00:00,-2.8026
2024-03-03 10:00:00,-2.8032
2024-03-03 11:00:00,-2.8041
2024-03-03 12:00:00,-2.8054
2024-03-03 13:00:00,-2.8065
2024-03-03 14:00:00,-2.8077
2024-03-03 15:00:00,-2.8089
2024-03-03 16:00:00,-2.8103
2024-03-03 17:00:00,-2.8117
2024-03-03 18:00:00,-2.8131
2024-03-03 19:00:00,-2.8146
2024-03-03 20:00:00,-2.8164
2024-03-03 21:00:00,-2.8178
2024-03-03 22:00:00,-2.8191
2024-03-03 23:00:00,-2.8204
2024-03-04 00:00:00,-2.8212
2024-03-04 01:00:00,-2.8227
2024-03-04 02:00:00,-2.8237
2024-03-04 03:00:00,-2.8244
2024-03-04 04:00:00,-2.8263
2024-03-04 05:00:00,-2.8277
2024-03-04 06:00:00,-2.8291
2024-03-04 07:00:00,-2.8303
2024-03-04 08:00:00,-2.8318
2024-03-04 09:00:00,-2.8332
2024-03-04 10:00:00,-2.8343
2024-03-04 11:00:00,-2.8355
2024-03-04 12:00:00,-2.8366
2024-03-04 13:00:00,-2.8379
2024-03-04 14:00:00,-2.8390
2024-03-04 15:00:00,-2.8402
2024-03-04 16:00:00,-2.8413
2024-03-04 17:00:00,-2.8425
2024-03-04 18:00:00,-2.8436
2024-03-04 19:00:00,-2.8450
2024-03-04 20:00:00,-2.8460
2024-03-04 21:00:00,-2.8470
2024-03-04 22:00:00,-2.8482
2024-03-04 23:00:00,-2.8493
2024-03-05 00:00:00,-2.8503
2024-03-05 01:00:00,-2.8513
2024-03-05 02:00:00,-2.8524
2024-03-05 03:00:00,-2.8534
2024-03-05 04:00:00,-2.8545
2024-03-05 05:00:00,-2.8554
2024-03-05 06:00:00,-2.8563
2024-03-05 07:00:00,-2.8574
2024-03-05 08:00:00,-2.8584
2024-03-05 09:00:00,-2.8596
2024-03-05 10:00:00,-2.8605
2024-03-05 11:00:00,-2.8615
2024-03-05 12:00:00,-2.8622
2024-03-05 13:00:00,-2.8627
2024-03-05 14:00:00,-2.8633
2024-03-05 15:00:00,-2.8639
2024-03-05 16:00:00,-2.8646
2024-03-05 17:00:00,-2.8654
2024-03-05 18:00:00,-2.8658
2024-03-05 19:00:00,-2.8657
2024-03-05 20:00:00,-2.8643
2024-03-05 21:00:00,-2.8622
2024-03-05 22:00:00,-2.8605
2024-03-05 23:00:00,-2.8583
2024-03-06 00:00:00,-2.8565
2024-03-06 01:00:00,-2.8551
2024-03-06 02:00:00,-2.8541
2024-03-06 03:00:00,-2.8532
2024-03-06 04:00:00,-2.8530
2024-03-06 05:00:00,-2.8531
2024-03-06 06:00:00,-2.8536
2024-03-06 07:00:00,-2.8543
2024-03-06 08:00:00,-2.8552
2024-03-06 09:00:00,-2.8557
2024-03-06 10:00:00,-2.8563
2024-03-06 11:00:00,-2.8567
2024-03-06 12:00:00,-2.8572
2024-03-06 13:00:00,-2.8580
2024-03-06 14:00:00,-2.8586
2024-03-06 15:00:00,-2.8597
2024-03-06 16:00:00,-2.8609
2024-03-06 17:00:00,-2.8618
2024-03-06 18:00:00,-2.8628
2024-03-06 19:00:00,-2.8638
2024-03-06 20:00:00,-2.8646
2024-03-06 21:00:00,-2.8649
2024-03-06 22:00:00,-2.8651
2024-03-06 23:00:00,-2.8651
2024-03-07 00:00:00,-2.8654
2024-03-07 01:00:00,-2.8655
2024-03-07 02:00:00,-2.8654
2024-03-07 03:00:00,-2.8647
2024-03-07 04:00:00,-2.8640
2024-03-07 05:00:00,-2.8633
2024-03-07 06:00:00,-2.8632
2024-03-07 07:00:00,-2.8632
2024-03-07 08:00:00,-2.8633
2024-03-07 09:00:00,-2.8635
2024-03-07 10:00:00,-2.8637
2024-03-07 11:00:00,-2.8642
2024-03-07 12:00:00,-2.8642
2024-03-07 13:00:00,-2.8636
2024-03-07 14:00:00,-2.8637
2024-03-07 15:00:00,-2.8638
2024-03-07 16:00:00,-2.8644
2024-03-07 17:00:00,-2.8653
2024-03-07 18:00:00,-2.8662
2024-03-07 19:00:00,-2.8670
2024-03-07 20:00:00,-2.8688
2024-03-07 21:00:00,-2.8704
2024-03-07 22:00:00,-2.8706
2024-03-07 23:00:00,-2.8711
2024-03-08 00:00:00,-2.8719
2024-03-08 01:00:00,-2.8722
2024-03-08 02:00:00,-2.8724
2024-03-08 03:00:00,-2.8733
2024-03-08 04:00:00,-2.8727
2024-03-08 05:00:00,-2.8737
2024-03-08 06:00:00,-2.8732
2024-03-08 07:00:00,-2.8748
2024-03-08 08:00:00,-2.8743
2024-03-08 09:00:00,-2.8749
2024-03-08 10:00:00,-2.8763
2024-03-08 11:00:00,-2.8764
2024-03-08 12:00:00,-2.8766
2024-03-08 13:00:00,-2.8755
2024-03-08 14:00:00,-2.8762
2024-03-08 15:00:00,-2.8765
2024-03-08 16:00:00,-2.8767
2024-03-08 17:00:00,-2.8772
2024-03-08 18:00:00,-2.8767
2024-03-08 19:00:00,-2.8792
2024-03-08 20:00:00,-2.8804
2024-03-08 21:00:00,-2.8814
2024-03-08 22:00:00,-2.8824
2024-03-08 23:00:00,-2.8832
2024-03-09 00:00:00,-2.8843
2024-03-09 01:00:00,-2.8852
2024-03-09 02:00:00,-2.8862
2024-03-09 03:00:00,-2.8869
2024-03-09 04:00:00,-2.8875
2024-03-09 05:00:00,-2.8883
2024-03-09 06:00:00,-2.8890
2024-03-09 07:00:00,-2.8897
2024-03-09 08:00:00,-2.8908
2024-03-09 09:00:00,-2.8914
2024-03-09 10:00:00,-2.8927
2024-03-09 11:00:00,-2.8934
2024-03-09 12:00:00,-2.8943
2024-03-09 13:00:00,-2.8954
2024-03-09 14:00:00,-2.8962
2024-03-09 15:00:00,-2.8973
2024-03-09 16:00:00,-2.8985
2024-03-09 17:00:00,-2.8998
2024-03-09 18:00:00,-2.9008
2024-03-09 19:00:00,-2.9021
2024-03-09 20:00:00,-2.9032
2024-03-09 21:00:00,-2.9043
2024-03-09 22:00:00,-2.9055
2024-03-09 23:00:00,-2.9065
2024-03-10 00:00:00,-2.9077
2024-03-10 01:00:00,-2.9088
2024-03-10 02:00:00,-2.9096
2024-03-10 03:00:00,-2.9106
2024-03-10 04:00:00,-2.9110
2024-03-10 05:00:00,-2.9117
2024-03-10 06:00:00,-2.9126
2024-03-10 07:00:00,-2.9128
2024-03-10 08:00:00,-2.9139
2024-03-10 09:00:00,-2.9152
2024-03-10 10:00:00,-2.9158
2024-03-10 11:00:00,-2.9170
2024-03-10 12:00:00,-2.9176
2024-03-10 13:00:00,-2.9183
2024-03-10 14:00:00,-2.9193
2024-03-10 15:00:00,-2.9202
2024-03-10 16:00:00,-2.9211
2024-03-10 17:00:00,-2.9214
2024-03-10 18:00:00,-2.9230
2024-03-10 19:00:00,-2.9239
2024-03-10 20:00:00,-2.9248
2024-03-10 21:00:00,-2.9256
2024-03-10 22:00:00,-2.9263
2024-03-10 23:00:00,-2.9268
2024-03-11 00:00:00,-2.9277
2024-03-11 01:00:00,-2.9286
2024-03-11 02:00:00,-2.9292
2024-03-11 03:00:00,-2.9299
2024-03-11 04:00:00,-2.9302
2024-03-11 05:00:00,-2.9307
2024-03-11 06:00:00,-2.9315
2024-03-11 07:00:00,-2.9320
2024-03-11 08:00:00,-2.9325
2024-03-11 09:00:00,-2.9333
2024-03-11 10:00:00,-2.9337
2024-03-11 11:00:00,-2.9342
2024-03-11 12:00:00,-2.9341
2024-03-11 13:00:00,-2.9331
2024-03-11 14:00:00,-2.9327
2024-03-11 15:00:00,-2.9322
2024-03-11 16:00:00,-2.9322
2024-03-11 17:00:00,-2.9323
2024-03-11 18:00:00,-2.9321
2024-03-11 19:00:00,-2.9319
2024-03-11 20:00:00,-2.9319
2024-03-11 21:00:00,-2.9322
2024-03-11 22:00:00,-2.9328
2024-03-11 23:00:00,-2.9335
2024-03-12 00:00:00,-2.9339
2024-03-12 01:00:00,-2.9346
2024-03-12 02:00:00,-2.9351
2024-03-12 03:00:00,-2.9354
2024-03-12 04:00:00,-2.9354
2024-03-12 05:00:00,-2.9336
2024-03-12 06:00:00,-2.9316
2024-03-12 07:00:00,-2.9304
2024-03-12 08:00:00,-2.9295
2024-03-12 09:00:00,-2.9289
2024-03-12 10:00:00,-2.9284
2024-03-12 11:00:00,-2.9281
2024-03-12 12:00:00,-2.9281
2024-03-12 13:00:00,-2.9278
2024-03-12 14:00:00,-2.9281
2024-03-12 15:00:00,-2.9281
2024-03-12 16:00:00,-2.9283
2024-03-12 17:00:00,-2.9284
2024-03-12 18:00:00,-2.9285
2024-03-12 19:00:00,-2.9296
2024-03-12 20:00:00,-2.9303
2024-03-12 21:00:00,-2.9311
2024-03-12 22:00:00,-2.9323
2024-03-12 23:00:00,-2.9332
2024-03-13 00:00:00,-2.9343
2024-03-13 01:00:00,-2.9354
2024-03-13 02:00:00,-2.9359
2024-03-13 03:00:00,-2.9366
2024-03-13 04:00:00,-2.9372
2024-03-13 05:00:00,-2.9377
2024-03-13 06:00:00,-2.9380
2024-03-13 07:00:00,-2.9383
2024-03-13 08:00:00,-2.9385
2024-03-13 09:00:00,-2.9385
2024-03-13 10:00:00,-2.9386
2024-03-13 11:00:00,-2.9388
2024-03-13 12:00:00,-2.9391
2024-03-13 13:00:00,-2.9392
2024-03-13 14:00:00,-2.9396
2024-03-13 15:00:00,-2.9396
2024-03-13 16:00:00,-2.9394
2024-03-13 17:00:00,-2.9403
2024-03-13 18:00:00,-2.9402
2024-03-13 19:00:00,-2.9406
2024-03-13 20:00:00,-2.9406
2024-03-13 21:00:00,-2.9412
2024-03-13 22:00:00,-2.9414
2024-03-13 23:00:00,-2.9420
2024-03-14 00:00:00,-2.9428
2024-03-14 01:00:00,-2.9438
2024-03-14 02:00:00,-2.9443
2024-03-14 03:00:00,-2.9449
2024-03-14 04:00:00,-2.9454
2024-03-14 05:00:00,-2.9459
2024-03-14 06:00:00,-2.9464
2024-03-14 07:00:00,-2.9469
2024-03-14 08:00:00,-2.9472
2024-03-14 09:00:00,-2.9477
2024-03-14 10:00:00,-2.9480
2024-03-14 11:00:00,-2.9486
2024-03-14 12:00:00,-2.9491
2024-03-14 13:00:00,-2.9498
2024-03-14 14:00:00,-2.9501
2024-03-14 15:00:00,-2.9507
2024-03-14 16:00:00,-2.9512
2024-03-14 17:00:00,-2.9518
2024-03-14 18:00:00,-2.9526
2024-03-14 19:00:00,-2.9532
2024-03-14 20:00:00,-2.9537
2024-03-14 21:00:00,-2.9540
2024-03-14 22:00:00,-2.9543
2024-03-14 23:00:00,-2.9548
2024-03-15 00:00:00,-2.9551
2024-03-15 01:00:00,-2.9554
2024-03-15 02:00:00,-2.9559
2024-03-15 03:00:00,-2.9564
2024-03-15 04:00:00,-2.9569
2024-03-15 05:00:00,-2.9574
2024-03-15 06:00:00,-2.9579
2024-03-15 07:00:00,-2.9583
2024-03-15 08:00:00,-2.9587
2024-03-15 09:00:00,-2.9589
2024-03-15 10:00:00,-2.9595
2024-03-15 11:00:00,-2.9606
2024-03-15 12:00:00,-2.9606
2024-03-15 13:00:00,-2.9603
2024-03-15 14:00:00,-2.9612
2024-03-15 15:00:00,-2.9613
2024-03-15 16:00:00,-2.9619
2024-03-15 17:00:00,-2.9620
2024-03-15 18:00:00,-2.9630
2024-03-15 19:00:00,-2.9636
2024-03-15 20:00:00,-2.9644
2024-03-15 21:00:00,-2.9650
2024-03-15 22:00:00,-2.9662
2024-03-15 23:00:00,-2.9669
2024-03-16 00:00:00,-2.9682
2024-03-16 01:00:00,-2.9691
2024-03-16 02:00:00,-2.9702
2024-03-16 03:00:00,-2.9710
2024-03-16 04:00:00,-2.9716
2024-03-16 05:00:00,-2.9718
2024-03-16 06:00:00,-2.9734
2024-03-16 07:00:00,-2.9745
2024-03-16 08:00:00,-2.9756
2024-03-16 09:00:00,-2.9769
2024-03-16 10:00:00,-2.9776
2024-03-16 11:00:00,-2.9779
2024-03-16 12:00:00,-2.9783
2024-03-16 13:00:00,-2.9789
2024-03-16 14:00:00,-2.9791
2024-03-16 15:00:00,-2.9797
2024-03-16 16:00:00,-2.9801
2024-03-16 17:00:00,-2.9805
2024-03-16 18:00:00,-2.9810
2024-03-16 19:00:00,-2.9818
2024-03-16 20:00:00,-2.9820
2024-03-16 21:00:00,-2.9824
2024-03-16 22:00:00,-2.9826
2024-03-16 23:00:00,-2.9829
2024-03-17 00:00:00,-2.9836
2024-03-17 01:00:00,-2.9840
2024-03-17 02:00:00,-2.9845
2024-03-17 03:00:00,-2.9849
2024-03-17 04:00:00,-2.9854
2024-03-17 05:00:00,-2.9858
2024-03-17 06:00:00,-2.9863
2024-03-17 07:00:00,-2.9870
2024-03-17 08:00:00,-2.9875
2024-03-17 09:00:00,-2.9881
2024-03-17 10:00:00,-2.9888
2024-03-17 11:00:00,-2.9893
2024-03-17 12:00:00,-2.9899
2024-03-17 13:00:00,-2.9906
2024-03-17 14:00:00,-2.9909
2024-03-17 15:00:00,-2.9916
2024-03-17 16:00:00,-2.9923
2024-03-17 17:00:00,-2.9928
2024-03-17 18:00:00,-2.9933
2024-03-17 19:00:00,-2.9929
2024-03-17 20:00:00,-2.9917
2024-03-17 21:00:00,-2.9913
2024-03-17 22:00:00,-2.9901
2024-03-17 23:00:00,-2.9893
2024-03-18 00:00:00,-2.9886
2024-03-18 01:00:00,-2.9881
2024-03-18 02:00:00,-2.9877
2024-03-18 03:00:00,-2.9878
2024-03-18 04:00:00,-2.9876
2024-03-18 05:00:00,-2.9879
2024-03-18 06:00:00,-2.9884
2024-03-18 07:00:00,-2.9887
2024-03-18 08:00:00,-2.9889
2024-03-18 09:00:00,-2.9889
2024-03-18 10:00:00,-2.9888
2024-03-18 11:00:00,-2.9882
2024-03-18 12:00:00,-2.9877
2024-03-18 13:00:00,-2.9871
2024-03-18 14:00:00,-2.9866
2024-03-18 15:00:00,-2.9860
2024-03-18 16:00:00,-2.9855
2024-03-18 17:00:00,-2.9850
2024-03-18 18:00:00,-2.9846
2024-03-18 19:00:00,-2.9841
2024-03-18 20:00:00,-2.9837
2024-03-18 21:00:00,-2.9834
2024-03-18 22:00:00,-2.9829
2024-03-18 23:00:00,-2.9824
2024-03-19 00:00:00,-2.9818
2024-03-19 01:00:00,-2.9813
2024-03-19 02:00:00,-2.9809
2024-03-19 03:00:00,-2.9809
2024-03-19 04:00:00,-2.9810
2024-03-19 05:00:00,-2.9814
2024-03-19 06:00:00,-2.9819
2024-03-19 07:00:00,-2.9826
2024-03-19 08:00:00,-2.9832
2024-03-19 09:00:00,-2.9838
2024-03-19 10:00:00,-2.9844
2024-03-19 11:00:00,-2.9846
2024-03-19 12:00:00,-2.9851
2024-03-19 13:00:00,-2.9856
2024-03-19 14:00:00,-2.9862
2024-03-19 15:00:00,-2.9869
2024-03-19 16:00:00,-2.9873
2024-03-19 17:00:00,-2.9878
2024-03-19 18:00:00,-2.9884
2024-03-19 19:00:00,-2.9892
2024-03-19 20:00:00,-2.9901
2024-03-19 21:00:00,-2.9909
2024-03-19 22:00:00,-2.9918
2024-03-19 23:00:00,-2.9927
2024-03-20 00:00:00,-2.9935
2024-03-20 01:00:00,-2.9942
2024-03-20 02:00:00,-2.9948
2024-03-20 03:00:00,-2.9954
2024-03-20 04:00:00,-2.9961
2024-03-20 05:00:00,-2.9968
2024-03-20 06:00:00,-2.9977
2024-03-20 07:00:00,-2.9986
2024-03-20 08:00:00,-2.9994
2024-03-20 09:00:00,-3.0002
2024-03-20 10:00:00,-3.0010
2024-03-20 11:00:00,-3.0017
2024-03-20 12:00:00,-3.0026
2024-03-20 13:00:00,-3.0033
2024-03-20 14:00:00,-3.0041
2024-03-20 15:00:00,-3.0048
2024-03-20 16:00:00,-3.0056
2024-03-20 17:00:00,-3.0063
2024-03-20 18:00:00,-3.0070
2024-03-20 19:00:00,-3.0079
2024-03-20 20:00:00,-3.0088
2024-03-20 21:00:00,-3.0096
2024-03-20 22:00:00,-3.0105
2024-03-20 23:00:00,-3.0111
2024-03-21 00:00:00,-3.0117
2024-03-21 01:00:00,-3.0122
2024-03-21 02:00:00,-3.0129
2024-03-21 03:00:00,-3.0133
2024-03-21 04:00:00,-3.0135
2024-03-21 05:00:00,-3.0142
2024-03-21 06:00:00,-3.0148
2024-03-21 07:00:00,-3.0156
2024-03-21 08:00:00,-3.0161
2024-03-21 09:00:00,-3.0169
2024-03-21 10:00:00,-3.0174
2024-03-21 11:00:00,-3.0181
2024-03-21 12:00:00,-3.0186
2024-03-21 13:00:00,-3.0187
2024-03-21 14:00:00,-3.0187
2024-03-21 15:00:00,-3.0189
2024-03-21 16:00:00,-3.0190
2024-03-21 17:00:00,-3.0191
2024-03-21 18:00:00,-3.0195
2024-03-21 19:00:00,-3.0198
2024-03-21 20:00:00,-3.0203
2024-03-21 21:00:00,-3.0205
2024-03-21 22:00:00,-3.0207
2024-03-21 23:00:00,-3.0210
2024-03-22 00:00:00,-3.0213
2024-03-22 01:00:00,-3.0214
2024-03-22 02:00:00,-3.0216
2024-03-22 03:00:00,-3.0218
2024-03-22 04:00:00,-3.0215
2024-03-22 05:00:00,-3.0218
2024-03-22 06:00:00,-3.0219
2024-03-22 07:00:00,-3.0223
2024-03-22 08:00:00,-3.0228
2024-03-22 09:00:00,-3.0232
2024-03-22 10:00:00,-3.0236
2024-03-22 11:00:00,-3.0240
2024-03-22 12:00:00,-3.0243
2024-03-22 13:00:00,-3.0243
2024-03-22 14:00:00,-3.0247
2024-03-22 15:00:00,-3.0248
2024-03-22 16:00:00,-3.0250
2024-03-22 17:00:00,-3.0253
2024-03-22 18:00:00,-3.0257
2024-03-22 19:00:00,-3.0258
2024-03-22 20:00:00,-3.0261
2024-03-22 21:00:00,-3.0264
2024-03-22 22:00:00,-3.0266
2024-03-22 23:00:00,-3.0268
2024-03-23 00:00:00,-3.0270
2024-03-23 01:00:00,-3.0273
2024-03-23 02:00:00,-3.0276
2024-03-23 03:00:00,-3.0278
2024-03-23 04:00:00,-3.0281
2024-03-23 05:00:00,-3.0283
2024-03-23 06:00:00,-3.0286
2024-03-23 07:00:00,-3.0292
2024-03-23 08:00:00,-3.0297
2024-03-23 09:00:00,-3.0302
2024-03-23 10:00:00,-3.0307
2024-03-23 11:00:00,-3.0311
2024-03-23 12:00:00,-3.0318
2024-03-23 13:00:00,-3.0323
2024-03-23 14:00:00,-3.0324
2024-03-23 15:00:00,-3.0327
2024-03-23 16:00:00,-3.0320
2024-03-23 17:00:00,-3.0318
2024-03-23 18:00:00,-3.0318
2024-03-23 19:00:00,-3.0312
2024-03-23 20:00:00,-3.0299
2024-03-23 21:00:00,-3.0292
2024-03-23 22:00:00,-3.0284
2024-03-23 23:00:00,-3.0281
2024-03-24 00:00:00,-3.0283
2024-03-24 01:00:00,-3.0270
2024-03-24 02:00:00,-3.0263
2024-03-24 03:00:00,-3.0254
2024-03-24 04:00:00,-3.0223
2024-03-24 05:00:00,-3.0191
2024-03-24 06:00:00,-3.0164
2024-03-24 07:00:00,-3.0145
2024-03-24 08:00:00,-3.0128
2024-03-24 09:00:00,-3.0116
2024-03-24 10:00:00,-3.0101
2024-03-24 11:00:00,-3.0071
2024-03-24 12:00:00,-3.0041
2024-03-24 13:00:00,-3.0014
2024-03-24 14:00:00,-2.9990
2024-03-24 15:00:00,-2.9951
2024-03-24 16:00:00,-2.9928
2024-03-24 17:00:00,-2.9901
2024-03-24 18:00:00,-2.9873
2024-03-24 19:00:00,-2.9829
2024-03-24 20:00:00,-2.9789
2024-03-24 21:00:00,-2.9760
2024-03-24 22:00:00,-2.9737
2024-03-24 23:00:00,-2.9719
2024-03-25 00:00:00,-2.9703
2024-03-25 01:00:00,-2.9691
2024-03-25 02:00:00,-2.9682
2024-03-25 03:00:00,-2.9674
2024-03-25 04:00:00,-2.9668
2024-03-25 05:00:00,-2.9663
2024-03-25 06:00:00,-2.9660
2024-03-25 07:00:00,-2.9658
2024-03-25 08:00:00,-2.9656
2024-03-25 09:00:00,-2.9659
2024-03-25 10:00:00,-2.9659
2024-03-25 11:00:00,-2.9659
2024-03-25 12:00:00,-2.9658
2024-03-25 13:00:00,-2.9661
2024-03-25 14:00:00,-2.9660
2024-03-25 15:00:00,-2.9661
2024-03-25 16:00:00,-2.9667
2024-03-25 17:00:00,-2.9671
2024-03-25 18:00:00,-2.9678
2024-03-25 19:00:00,-2.9686
2024-03-25 20:00:00,-2.9694
2024-03-25 21:00:00,-2.9699
2024-03-25 22:00:00,-2.9707
2024-03-25 23:00:00,-2.9711
2024-03-26 00:00:00,-2.9714
2024-03-26 01:00:00,-2.9718
2024-03-26 02:00:00,-2.9724
2024-03-26 03:00:00,-2.9724
2024-03-26 04:00:00,-2.9727
2024-03-26 05:00:00,-2.9730
2024-03-26 06:00:00,-2.9733
2024-03-26 07:00:00,-2.9740
2024-03-26 08:00:00,-2.9744
2024-03-26 09:00:00,-2.9745
2024-03-26 10:00:00,-2.9752
2024-03-26 11:00:00,-2.9756
2024-03-26 12:00:00,-2.9760
2024-03-26 13:00:00,-2.9766
2024-03-26 14:00:00,-2.9774
2024-03-26 15:00:00,-2.9781
2024-03-26 16:00:00,-2.9787
2024-03-26 17:00:00,-2.9792
2024-03-26 18:00:00,-2.9799
2024-03-26 19:00:00,-2.9807
2024-03-26 20:00:00,-2.9816
2024-03-26 21:00:00,-2.9820
2024-03-26 22:00:00,-2.9825
2024-03-26 23:00:00,-2.9828
2024-03-27 00:00:00,-2.9831
2024-03-27 01:00:00,-2.9836
2024-03-27 02:00:00,-2.9841
2024-03-27 03:00:00,-2.9844
2024-03-27 04:00:00,-2.9848
2024-03-27 05:00:00,-2.9852
2024-03-27 06:00:00,-2.9859
2024-03-27 07:00:00,-2.9866
2024-03-27 08:00:00,-2.9875
2024-03-27 09:00:00,-2.9882
2024-03-27 10:00:00,-2.9888
2024-03-27 11:00:00,-2.9896
2024-03-27 12:00:00,-2.9904
2024-03-27 13:00:00,-2.9911
2024-03-27 14:00:00,-2.9917
2024-03-27 15:00:00,-2.9925
2024-03-27 16:00:00,-2.9933
2024-03-27 17:00:00,-2.9939
2024-03-27 18:00:00,-2.9946
2024-03-27 19:00:00,-2.9953
2024-03-27 20:00:00,-2.9961
2024-03-27 21:00:00,-2.9964
2024-03-27 22:00:00,-2.9969
2024-03-27 23:00:00,-2.9974
2024-03-28 00:00:00,-2.9978
2024-03-28 01:00:00,-2.9981
2024-03-28 02:00:00,-2.9981
2024-03-28 03:00:00,-2.9983
2024-03-28 04:00:00,-2.9985
2024-03-28 05:00:00,-2.9985
2024-03-28 06:00:00,-2.9983
2024-03-28 07:00:00,-2.9981
2024-03-28 08:00:00,-2.9981
2024-03-28 09:00:00,-2.9984
2024-03-28 10:00:00,-2.9990
2024-03-28 11:00:00,-2.9995
2024-03-28 12:00:00,-3.0001
2024-03-28 13:00:00,-3.0008
2024-03-28 14:00:00,-3.0018
2024-03-28 15:00:00,-3.0026
2024-03-28 16:00:00,-3.0034
2024-03-28 17:00:00,-3.0045
2024-03-28 18:00:00,-3.0053
2024-03-28 19:00:00,-3.0059
2024-03-28 20:00:00,-3.0068
2024-03-28 21:00:00,-3.0077
2024-03-28 22:00:00,-3.0086
2024-03-28 23:00:00,-3.0093
2024-03-29 00:00:00,-3.0101
2024-03-29 01:00:00,-3.0109
2024-03-29 02:00:00,-3.0119
2024-03-29 03:00:00,-3.0127
2024-03-29 04:00:00,-3.0135
2024-03-29 05:00:00,-3.0145
2024-03-29 06:00:00,-3.0151
2024-03-29 07:00:00,-3.0161
2024-03-29 08:00:00,-3.0169
2024-03-29 09:00:00,-3.0178
2024-03-29 10:00:00,-3.0189
2024-03-29 11:00:00,-3.0199
2024-03-29 12:00:00,-3.0208
2024-03-29 13:00:00,-3.0220
2024-03-29 14:00:00,-3.0228
2024-03-29 15:00:00,-3.0240
2024-03-29 16:00:00,-3.0250
2024-03-29 17:00:00,-3.0258
2024-03-29 18:00:00,-3.0270
2024-03-29 19:00:00,-3.0279
2024-03-29 20:00:00,-3.0287
2024-03-29 21:00:00,-3.0298
2024-03-29 22:00:00,-3.0307
2024-03-29 23:00:00,-3.0314
2024-03-30 00:00:00,-3.0322
2024-03-30 01:00:00,-3.0328
2024-03-30 02:00:00,-3.0329
2024-03-30 03:00:00,-3.0331
2024-03-30 04:00:00,-3.0333
2024-03-30 05:00:00,-3.0335
2024-03-30 06:00:00,-3.0337
2024-03-30 07:00:00,-3.0340
2024-03-30 08:00:00,-3.0339
2024-03-30 09:00:00,-3.0331
2024-03-30 10:00:00,-3.0313
2024-03-30 11:00:00,-3.0292
2024-03-30 12:00:00,-3.0278
2024-03-30 13:00:00,-3.0269
2024-03-30 14:00:00,-3.0266
2024-03-30 15:00:00,-3.0263
2024-03-30 16:00:00,-3.0261
2024-03-30 17:00:00,-3.0253
2024-03-30 18:00:00,-3.0242
2024-03-30 19:00:00,-3.0235
2024-03-30 20:00:00,-3.0225
2024-03-30 21:00:00,-3.0219
2024-03-30 22:00:00,-3.0218
2024-03-30 23:00:00,-3.0221
2024-03-31 00:00:00,-3.0226
2024-03-31 01:00:00,-3.0229
2024-03-31 03:00:00,-3.0230
2024-03-31 04:00:00,-3.0237
2024-03-31 05:00:00,-3.0241
2024-03-31 06:00:00,-3.0240
2024-03-31 07:00:00,-3.0237
2024-03-31 08:00:00,-3.0243
2024-03-31 09:00:00,-3.0237
2024-03-31 10:00:00,-3.0235
2024-03-31 11:00:00,-3.0223
2024-03-31 12:00:00,-3.0221
2024-03-31 13:00:00,-3.0219
2024-03-31 14:00:00,-3.0214
2024-03-31 15:00:00,-3.0211
2024-03-31 16:00:00,-3.0213
2024-03-31 17:00:00,-3.0216
2024-03-31 18:00:00,-3.0210
2024-03-31 19:00:00,-3.0197
2024-03-31 20:00:00,-3.0014
2024-03-31 21:00:00,-2.9583
2024-03-31 22:00:00,-2.9344
2024-03-31 23:00:00,-2.9167
2024-04-01 00:00:00,-2.9020
2024-04-01 01:00:00,-2.8905
2024-04-01 02:00:00,-2.8806
2024-04-01 03:00:00,-2.8729
2024-04-01 04:00:00,-2.8666
2024-04-01 05:00:00,-2.8612
2024-04-01 06:00:00,-2.8565
2024-04-01 07:00:00,-2.8523
2024-04-01 08:00:00,-2.8491
2024-04-01 09:00:00,-2.8460
2024-04-01 10:00:00,-2.8435
2024-04-01 11:00:00,-2.8413
2024-04-01 12:00:00,-2.8393
2024-04-01 13:00:00,-2.8376
2024-04-01 14:00:00,-2.8364
2024-04-01 15:00:00,-2.8355
2024-04-01 16:00:00,-2.8348
2024-04-01 17:00:00,-2.8343
2024-04-01 18:00:00,-2.8336
2024-04-01 19:00:00,-2.8334
2024-04-01 20:00:00,-2.8333
2024-04-01 21:00:00,-2.8342
2024-04-01 22:00:00,-2.8339
2024-04-01 23:00:00,-2.8340
2024-04-02 00:00:00,-2.8346
2024-04-02 01:00:00,-2.8352
2024-04-02 02:00:00,-2.8360
2024-04-02 03:00:00,-2.8368
2024-04-02 04:00:00,-2.8376
2024-04-02 05:00:00,-2.8385
2024-04-02 06:00:00,-2.8395
2024-04-02 07:00:00,-2.8408
2024-04-02 08:00:00,-2.8421
2024-04-02 09:00:00,-2.8435
2024-04-02 10:00:00,-2.8452
2024-04-02 11:00:00,-2.8469
2024-04-02 12:00:00,-2.8487
2024-04-02 13:00:00,-2.8505
2024-04-02 14:00:00,-2.8522
2024-04-02 15:00:00,-2.8541
2024-04-02 16:00:00,-2.8560
2024-04-02 17:00:00,-2.8581
2024-04-02 18:00:00,-2.8601
2024-04-02 19:00:00,-2.8620
2024-04-02 20:00:00,-2.8642
2024-04-02 21:00:00,-2.8665
2024-04-02 22:00:00,-2.8684
2024-04-02 23:00:00,-2.8704
2024-04-03 00:00:00,-2.8725
2024-04-03 01:00:00,-2.8744
2024-04-03 02:00:00,-2.8762
2024-04-03 03:00:00,-2.8775
2024-04-03 04:00:00,-2.8783
2024-04-03 05:00:00,-2.8781
2024-04-03 06:00:00,-2.8763
2024-04-03 07:00:00,-2.8748
2024-04-03 08:00:00,-2.8737
2024-04-03 09:00:00,-2.8733
2024-04-03 10:00:00,-2.8734
2024-04-03 11:00:00,-2.8741
2024-04-03 12:00:00,-2.8751
2024-04-03 13:00:00,-2.8764
2024-04-03 14:00:00,-2.8777
2024-04-03 15:00:00,-2.8790
2024-04-03 16:00:00,-2.8800
2024-04-03 17:00:00,-2.8812
2024-04-03 18:00:00,-2.8815
2024-04-03 19:00:00,-2.8815
2024-04-03 20:00:00,-2.8822
2024-04-03 21:00:00,-2.8828
2024-04-03 22:00:00,-2.8837
2024-04-03 23:00:00,-2.8843
2024-04-04 00:00:00,-2.8857
2024-04-04 01:00:00,-2.8864
2024-04-04 02:00:00,-2.8880
2024-04-04 03:00:00,-2.8886
2024-04-04 04:00:00,-2.8895
2024-04-04 05:00:00,-2.8900
2024-04-04 06:00:00,-2.8908
2024-04-04 07:00:00,-2.8911
2024-04-04 08:00:00,-2.8912
2024-04-04 09:00:00,-2.8865
2024-04-04 10:00:00,-2.8802
2024-04-04 11:00:00,-2.8409
2024-04-04 12:00:00,-2.8408
2024-04-04 13:00:00,-2.7983
2024-04-04 14:00:00,-2.7875
2024-04-04 15:00:00,-2.7803
2024-04-04 16:00:00,-2.7748
2024-04-04 17:00:00,-2.7708
2024-04-04 18:00:00,-2.7688
2024-04-04 19:00:00,-2.7674
2024-04-04 20:00:00,-2.7663
2024-04-04 21:00:00,-2.7666
2024-04-04 22:00:00,-2.7676
2024-04-04 23:00:00,-2.7692
2024-04-05 00:00:00,-2.7703
2024-04-05 01:00:00,-2.7721
2024-04-05 02:00:00,-2.7735
2024-04-05 03:00:00,-2.7756
2024-04-05 04:00:00,-2.7772
2024-04-05 05:00:00,-2.7787
2024-04-05 06:00:00,-2.7803
2024-04-05 07:00:00,-2.7814
2024-04-05 08:00:00,-2.7828
2024-04-05 09:00:00,-2.7839
2024-04-05 10:00:00,-2.7850
2024-04-05 11:00:00,-2.7862
2024-04-05 12:00:00,-2.7873
2024-04-05 13:00:00,-2.7879
2024-04-05 14:00:00,-2.7824
2024-04-05 15:00:00,-2.7766
2024-04-05 16:00:00,-2.7742
2024-04-05 17:00:00,-2.7733
2024-04-05 18:00:00,-2.7731
2024-04-05 19:00:00,-2.7743
2024-04-05 20:00:00,-2.7743
2024-04-05 21:00:00,-2.7753
2024-04-05 22:00:00,-2.7764
2024-04-05 23:00:00,-2.7768
2024-04-06 00:00:00,-2.7776
2024-04-06 01:00:00,-2.7787
2024-04-06 02:00:00,-2.7794
2024-04-06 03:00:00,-2.7799
2024-04-06 04:00:00,-2.7805
2024-04-06 05:00:00,-2.7807
2024-04-06 06:00:00,-2.7809
2024-04-06 07:00:00,-2.7813
2024-04-06 08:00:00,-2.7826
2024-04-06 09:00:00,-2.7839
2024-04-06 10:00:00,-2.7851
2024-04-06 11:00:00,-2.7862
2024-04-06 12:00:00,-2.7869
2024-04-06 13:00:00,-2.7877
2024-04-06 14:00:00,-2.7894
2024-04-06 15:00:00,-2.7915
2024-04-06 16:00:00,-2.7932
2024-04-06 17:00:00,-2.7947
2024-04-06 18:00:00,-2.7977
2024-04-06 19:00:00,-2.7996
2024-04-06 20:00:00,-2.8017
2024-04-06 21:00:00,-2.8036
2024-04-06 22:00:00,-2.8057
2024-04-06 23:00:00,-2.8074
2024-04-07 00:00:00,-2.8087
2024-04-07 01:00:00,-2.8101
2024-04-07 02:00:00,-2.8115
2024-04-07 03:00:00,-2.8133
2024-04-07 04:00:00,-2.8140
2024-04-07 05:00:00,-2.8148
2024-04-07 06:00:00,-2.8165
2024-04-07 07:00:00,-2.8180
2024-04-07 08:00:00,-2.8203
2024-04-07 09:00:00,-2.8230
2024-04-07 10:00:00,-2.8253
2024-04-07 11:00:00,-2.8280
2024-04-07 12:00:00,-2.8305
2024-04-07 13:00:00,-2.8332
2024-04-07 14:00:00,-2.8357
2024-04-07 15:00:00,-2.8382
2024-04-07 16:00:00,-2.8405
2024-04-07 17:00:00,-2.8429
2024-04-07 18:00:00,-2.8452
2024-04-07 19:00:00,-2.8473
2024-04-07 20:00:00,-2.8495
2024-04-07 21:00:00,-2.8514
2024-04-07 22:00:00,-2.8536
2024-04-07 23:00:00,-2.8555
2024-04-08 00:00:00,-2.8571
2024-04-08 01:00:00,-2.8586
2024-04-08 02:00:00,-2.8603
2024-04-08 03:00:00,-2.8618
2024-04-08 04:00:00,-2.8633
2024-04-08 05:00:00,-2.8648
2024-04-08 06:00:00,-2.8663
2024-04-08 07:00:00,-2.8677
2024-04-08 08:00:00,-2.8696
2024-04-08 09:00:00,-2.8712
2024-04-08 10:00:00,-2.8727
2024-04-08 11:00:00,-2.8740
2024-04-08 12:00:00,-2.8754
2024-04-08 13:00:00,-2.8770
2024-04-08 14:00:00,-2.8793
2024-04-08 15:00:00,-2.8808
2024-04-08 16:00:00,-2.8811
2024-04-08 17:00:00,-2.8835
2024-04-08 18:00:00,-2.8848
2024-04-08 19:00:00,-2.8863
2024-04-08 20:00:00,-2.8877
2024-04-08 21:00:00,-2.8888
2024-04-08 22:00:00,-2.8902
2024-04-08 23:00:00,-2.8903
2024-04-09 00:00:00,-2.8926
2024-04-09 01:00:00,-2.8931
2024-04-09 02:00:00,-2.8932
2024-04-09 03:00:00,-2.8949
2024-04-09 04:00:00,-2.8960
2024-04-09 05:00:00,-2.8970
2024-04-09 06:00:00,-2.8980
2024-04-09 07:00:00,-2.8992
2024-04-09 08:00:00,-2.9003
2024-04-09 09:00:00,-2.9013
2024-04-09 10:00:00,-2.9025
2024-04-09 11:00:00,-2.9038
2024-04-09 12:00:00,-2.9053
2024-04-09 13:00:00,-2.9069
2024-04-09 14:00:00,-2.9085
2024-04-09 15:00:00,-2.9102
2024-04-09 16:00:00,-2.9116
2024-04-09 17:00:00,-2.9135
2024-04-09 18:00:00,-2.9157
2024-04-09 19:00:00,-2.9173
2024-04-09 20:00:00,-2.9199
2024-04-09 21:00:00,-2.9216
2024-04-09 22:00:00,-2.9236
2024-04-09 23:00:00,-2.9257
2024-04-10 00:00:00,-2.9278
2024-04-10 01:00:00,-2.9295
2024-04-10 02:00:00,-2.9314
2024-04-10 03:00:00,-2.9330
2024-04-10 04:00:00,-2.9347
2024-04-10 05:00:00,-2.9362
2024-04-10 06:00:00,-2.9377
2024-04-10 07:00:00,-2.9394
2024-04-10 08:00:00,-2.9412
2024-04-10 09:00:00,-2.9428
2024-04-10 10:00:00,-2.9446
2024-04-10 11:00:00,-2.9464
2024-04-10 12:00:00,-2.9482
2024-04-10 13:00:00,-2.9503
2024-04-10 14:00:00,-2.9519
2024-04-10 15:00:00,-2.9534
2024-04-10 16:00:00,-2.9549
2024-04-10 17:00:00,-2.9569
2024-04-10 18:00:00,-2.9585
2024-04-10 19:00:00,-2.9598
2024-04-10 20:00:00,-2.9614
2024-04-10 21:00:00,-2.9629
2024-04-10 22:00:00,-2.9645
2024-04-10 23:00:00,-2.9658
2024-04-11 00:00:00,-2.9671
2024-04-11 01:00:00,-2.9681
2024-04-11 02:00:00,-2.9697
2024-04-11 03:00:00,-2.9712
2024-04-11 04:00:00,-2.9723
2024-04-11 05:00:00,-2.9739
2024-04-11 06:00:00,-2.9750
2024-04-11 07:00:00,-2.9766
2024-04-11 08:00:00,-2.9779
2024-04-11 09:00:00,-2.9796
2024-04-11 10:00:00,-2.9811
2024-04-11 11:00:00,-2.9824
2024-04-11 12:00:00,-2.9841
2024-04-11 13:00:00,-2.9856
2024-04-11 14:00:00,-2.9869
2024-04-11 15:00:00,-2.9883
2024-04-11 16:00:00,-2.9896
2024-04-11 17:00:00,-2.9910
2024-04-11 18:00:00,-2.9924
2024-04-11 19:00:00,-2.9938
2024-04-11 20:00:00,-2.9951
2024-04-11 21:00:00,-2.9963
2024-04-11 22:00:00,-2.9975
2024-04-11 23:00:00,-2.9988
2024-04-12 00:00:00,-2.9998
2024-04-12 01:00:00,-3.0009
2024-04-12 02:00:00,-3.0019
2024-04-12 03:00:00,-3.0028
2024-04-12 04:00:00,-3.0038
2024-04-12 05:00:00,-3.0046
2024-04-12 06:00:00,-3.0055
2024-04-12 07:00:00,-3.0062
2024-04-12 08:00:00,-3.0069
2024-04-12 09:00:00,-3.0082
2024-04-12 10:00:00,-3.0094
2024-04-12 11:00:00,-3.0101
2024-04-12 12:00:00,-3.0113
2024-04-12 13:00:00,-3.0126
2024-04-12 14:00:00,-3.0136
2024-04-12 15:00:00,-3.0149
2024-04-12 16:00:00,-3.0156
2024-04-12 17:00:00,-3.0166
2024-04-12 18:00:00,-3.0176
2024-04-12 19:00:00,-3.0184
2024-04-12 20:00:00,-3.0193
2024-04-12 21:00:00,-3.0199
2024-04-12 22:00:00,-3.0207
2024-04-12 23:00:00,-3.0213
2024-04-13 00:00:00,-3.0222
2024-04-13 01:00:00,-3.0228
2024-04-13 02:00:00,-3.0234
2024-04-13 03:00:00,-3.0237
2024-04-13 04:00:00,-3.0245
2024-04-13 05:00:00,-3.0251
2024-04-13 06:00:00,-3.0258
2024-04-13 07:00:00,-3.0265
2024-04-13 08:00:00,-3.0270
2024-04-13 09:00:00,-3.0275
2024-04-13 10:00:00,-3.0281
2024-04-13 11:00:00,-3.0287
2024-04-13 12:00:00,-3.0294
2024-04-13 13:00:00,-3.0300
2024-04-13 14:00:00,-3.0307
2024-04-13 15:00:00,-3.0312
2024-04-13 16:00:00,-3.0319
2024-04-13 17:00:00,-3.0323
2024-04-13 18:00:00,-3.0324
2024-04-13 19:00:00,-3.0325
2024-04-13 20:00:00,-3.0330
2024-04-13 21:00:00,-3.0333
2024-04-13 22:00:00,-3.0345
2024-04-13 23:00:00,-3.0349
2024-04-14 00:00:00,-3.0356
2024-04-14 01:00:00,-3.0363
2024-04-14 02:00:00,-3.0368
2024-04-14 03:00:00,-3.0376
2024-04-14 04:00:00,-3.0386
2024-04-14 05:00:00,-3.0391
2024-04-14 06:00:00,-3.0400
2024-04-14 07:00:00,-3.0408
2024-04-14 08:00:00,-3.0415
2024-04-14 09:00:00,-3.0422
2024-04-14 10:00:00,-3.0430
2024-04-14 11:00:00,-3.0437
2024-04-14 12:00:00,-3.0441
2024-04-14 13:00:00,-3.0454
2024-04-14 14:00:00,-3.0460
2024-04-14 15:00:00,-3.0468
2024-04-14 16:00:00,-3.0475
2024-04-14 17:00:00,-3.0480
2024-04-14 18:00:00,-3.0486
2024-04-14 19:00:00,-3.0490
2024-04-14 20:00:00,-3.0491
2024-04-14 21:00:00,-3.0493
2024-04-14 22:00:00,-3.0496
2024-04-14 23:00:00,-3.0499
2024-04-15 00:00:00,-3.0501
2024-04-15 01:00:00,-3.0501
2024-04-15 02:00:00,-3.0502
2024-04-15 03:00:00,-3.0503
2024-04-15 04:00:00,-3.0503
2024-04-15 05:00:00,-3.0507
2024-04-15 06:00:00,-3.0507
2024-04-15 07:00:00,-3.0511
2024-04-15 08:00:00,-3.0513
2024-04-15 09:00:00,-3.0512
2024-04-15 10:00:00,-3.0507
2024-04-15 11:00:00,-3.0505
2024-04-15 12:00:00,-3.0505
2024-04-15 13:00:00,-3.0488
2024-04-15 14:00:00,-3.0476
2024-04-15 15:00:00,-3.0465
2024-04-15 16:00:00,-3.0448
2024-04-15 17:00:00,-3.0431
2024-04-15 18:00:00,-3.0422
2024-04-15 19:00:00,-3.0403
2024-04-15 20:00:00,-3.0386
2024-04-15 21:00:00,-3.0373
2024-04-15 22:00:00,-3.0352
2024-04-15 23:00:00,-3.0331
2024-04-16 00:00:00,-3.0306
2024-04-16 01:00:00,-3.0283
2024-04-16 02:00:00,-3.0266
2024-04-16 03:00:00,-3.0242
2024-04-16 04:00:00,-3.0208
2024-04-16 05:00:00,-3.0177
2024-04-16 06:00:00,-3.0145
2024-04-16 07:00:00,-3.0089
2024-04-16 08:00:00,-3.0014
2024-04-16 09:00:00,-2.9933
2024-04-16 10:00:00,-2.9841
2024-04-16 11:00:00,-2.9760
2024-04-16 12:00:00,-2.9707
2024-04-16 13:00:00,-2.9659
2024-04-16 14:00:00,-2.9619
2024-04-16 15:00:00,-2.9599
2024-04-16 16:00:00,-2.9574
2024-04-16 17:00:00,-2.9569
2024-04-16 18:00:00,-2.9562
2024-04-16 19:00:00,-2.9571
2024-04-16 20:00:00,-2.9567
2024-04-16 21:00:00,-2.9592
2024-04-16 22:00:00,-2.9602
2024-04-16 23:00:00,-2.9611
2024-04-17 00:00:00,-2.9619
2024-04-17 01:00:00,-2.9627
2024-04-17 02:00:00,-2.9633
2024-04-17 03:00:00,-2.9642
2024-04-17 04:00:00,-2.9645
2024-04-17 05:00:00,-2.9645
2024-04-17 06:00:00,-2.9642
2024-04-17 07:00:00,-2.9640
2024-04-17 08:00:00,-2.9642
2024-04-17 09:00:00,-2.9642
2024-04-17 10:00:00,-2.9644
2024-04-17 11:00:00,-2.9633
2024-04-17 12:00:00,-2.9623
2024-04-17 13:00:00,-2.9336
2024-04-17 14:00:00,-2.8870
2024-04-17 15:00:00,-2.8489
2024-04-17 16:00:00,-2.8211
2024-04-17 17:00:00,-2.7973
2024-04-17 18:00:00,-2.7829
2024-04-17 19:00:00,-2.7731
2024-04-17 20:00:00,-2.7667
2024-04-17 21:00:00,-2.7623
2024-04-17 22:00:00,-2.7593
2024-04-17 23:00:00,-2.7572
2024-04-18 00:00:00,-2.7562
2024-04-18 01:00:00,-2.7559
2024-04-18 02:00:00,-2.7564
2024-04-18 03:00:00,-2.7575
2024-04-18 04:00:00,-2.7592
2024-04-18 05:00:00,-2.7611
2024-04-18 06:00:00,-2.7634
2024-04-18 07:00:00,-2.7661
2024-04-18 08:00:00,-2.7689
2024-04-18 09:00:00,-2.7717
2024-04-18 10:00:00,-2.7745
2024-04-18 11:00:00,-2.7770
2024-04-18 12:00:00,-2.7804
2024-04-18 13:00:00,-2.7837
2024-04-18 14:00:00,-2.7869
2024-04-18 15:00:00,-2.7903
2024-04-18 16:00:00,-2.7936
2024-04-18 17:00:00,-2.7967
2024-04-18 18:00:00,-2.7997
2024-04-18 19:00:00,-2.8028
2024-04-18 20:00:00,-2.8055
2024-04-18 21:00:00,-2.8083
2024-04-18 22:00:00,-2.8106
2024-04-18 23:00:00,-2.8127
2024-04-19 00:00:00,-2.8146
2024-04-19 01:00:00,-2.8152
2024-04-19 02:00:00,-2.8153
2024-04-19 03:00:00,-2.8142
2024-04-19 04:00:00,-2.8110
2024-04-19 05:00:00,-2.7999
2024-04-19 06:00:00,-2.7900
2024-04-19 07:00:00,-2.7818
2024-04-19 08:00:00,-2.7766
2024-04-19 09:00:00,-2.7709
2024-04-19 10:00:00,-2.7610
2024-04-19 11:00:00,-2.7408
2024-04-19 12:00:00,-2.7313
2024-04-19 13:00:00,-2.7232
2024-04-19 14:00:00,-2.7157
2024-04-19 15:00:00,-2.7109
2024-04-19 16:00:00,-2.7057
2024-04-19 17:00:00,-2.7032
2024-04-19 18:00:00,-2.7018
2024-04-19 19:00:00,-2.7000
2024-04-19 20:00:00,-2.6986
2024-04-19 21:00:00,-2.6991
2024-04-19 22:00:00,-2.6991
2024-04-19 23:00:00,-2.7005
2024-04-20 00:00:00,-2.7010
2024-04-20 01:00:00,-2.7010
2024-04-20 02:00:00,-2.7020
2024-04-20 03:00:00,-2.7024
2024-04-20 04:00:00,-2.7040
2024-04-20 05:00:00,-2.7059
2024-04-20 06:00:00,-2.7078
2024-04-20 07:00:00,-2.7102
2024-04-20 08:00:00,-2.7114
2024-04-20 09:00:00,-2.7151
2024-04-20 10:00:00,-2.7163
2024-04-20 11:00:00,-2.7190
2024-04-20 12:00:00,-2.7209
2024-04-20 13:00:00,-2.7237
2024-04-20 14:00:00,-2.7253
2024-04-20 15:00:00,-2.7256
2024-04-20 16:00:00,-2.7268
2024-04-20 17:00:00,-2.7284
2024-04-20 18:00:00,-2.7302
2024-04-20 19:00:00,-2.7321
2024-04-20 20:00:00,-2.7342
2024-04-20 21:00:00,-2.7360
2024-04-20 22:00:00,-2.7377
2024-04-20 23:00:00,-2.7395
2024-04-21 00:00:00,-2.7407
2024-04-21 01:00:00,-2.7426
2024-04-21 02:00:00,-2.7440
2024-04-21 03:00:00,-2.7452
2024-04-21 04:00:00,-2.7464
2024-04-21 05:00:00,-2.7483
2024-04-21 06:00:00,-2.7500
2024-04-21 07:00:00,-2.7521
2024-04-21 08:00:00,-2.7545
2024-04-21 09:00:00,-2.7572
2024-04-21 10:00:00,-2.7599
2024-04-21 11:00:00,-2.7625
2024-04-21 12:00:00,-2.7652
2024-04-21 13:00:00,-2.7679
2024-04-21 14:00:00,-2.7704
2024-04-21 15:00:00,-2.7726
2024-04-21 16:00:00,-2.7751
2024-04-21 17:00:00,-2.7774
2024-04-21 18:00:00,-2.7793
2024-04-21 19:00:00,-2.7822
2024-04-21 20:00:00,-2.7840
2024-04-21 21:00:00,-2.7867
2024-04-21 22:00:00,-2.7892
2024-04-21 23:00:00,-2.7916
2024-04-22 00:00:00,-2.7934
2024-04-22 01:00:00,-2.7953
2024-04-22 02:00:00,-2.7967
2024-04-22 03:00:00,-2.7982
2024-04-22 04:00:00,-2.7995
2024-04-22 05:00:00,-2.8008
2024-04-22 06:00:00,-2.8018
2024-04-22 07:00:00,-2.8031
2024-04-22 08:00:00,-2.8044
2024-04-22 09:00:00,-2.8061
2024-04-22 10:00:00,-2.8081
2024-04-22 11:00:00,-2.8099
2024-04-22 12:00:00,-2.8119
2024-04-22 13:00:00,-2.8141
2024-04-22 14:00:00,-2.8158
2024-04-22 15:00:00,-2.8179
2024-04-22 16:00:00,-2.8193
2024-04-22 17:00:00,-2.8211
2024-04-22 18:00:00,-2.8227
2024-04-22 19:00:00,-2.8245
2024-04-22 20:00:00,-2.8264
2024-04-22 21:00:00,-2.8287
2024-04-22 22:00:00,-2.8309
2024-04-22 23:00:00,-2.8332
2024-04-23 00:00:00,-2.8356
2024-04-23 01:00:00,-2.8379
2024-04-23 02:00:00,-2.8399
2024-04-23 03:00:00,-2.8417
2024-04-23 04:00:00,-2.8435
2024-04-23 05:00:00,-2.8448
2024-04-23 06:00:00,-2.8462
2024-04-23 07:00:00,-2.8473
2024-04-23 08:00:00,-2.8490
2024-04-23 09:00:00,-2.8506
2024-04-23 10:00:00,-2.8523
2024-04-23 11:00:00,-2.8544
2024-04-23 12:00:00,-2.8564
2024-04-23 13:00:00,-2.8585
2024-04-23 14:00:00,-2.8604
2024-04-23 15:00:00,-2.8623
2024-04-23 16:00:00,-2.8638
2024-04-23 17:00:00,-2.8654
2024-04-23 18:00:00,-2.8666
2024-04-23 19:00:00,-2.8674
2024-04-23 20:00:00,-2.8672
2024-04-23 21:00:00,-2.8683
2024-04-23 22:00:00,-2.8692
2024-04-23 23:00:00,-2.8711
2024-04-24 00:00:00,-2.8726
2024-04-24 01:00:00,-2.8730
2024-04-24 02:00:00,-2.8752
2024-04-24 03:00:00,-2.8764
2024-04-24 04:00:00,-2.8776
2024-04-24 05:00:00,-2.8787
2024-04-24 06:00:00,-2.8794
2024-04-24 07:00:00,-2.8802
2024-04-24 08:00:00,-2.8808
2024-04-24 09:00:00,-2.8825
2024-04-24 10:00:00,-2.8828
2024-04-24 11:00:00,-2.8845
2024-04-24 12:00:00,-2.8840
2024-04-24 13:00:00,-2.8843
2024-04-24 14:00:00,-2.8862
2024-04-24 15:00:00,-2.8859
2024-04-24 16:00:00,-2.8850
2024-04-24 17:00:00,-2.8829
2024-04-24 18:00:00,-2.8833
2024-04-24 19:00:00,-2.8820
2024-04-24 20:00:00,-2.8809
2024-04-24 21:00:00,-2.8789
2024-04-24 22:00:00,-2.8777
2024-04-24 23:00:00,-2.8769
2024-04-25 00:00:00,-2.8764
2024-04-25 01:00:00,-2.8765
2024-04-25 02:00:00,-2.8772
2024-04-25 03:00:00,-2.8777
2024-04-25 04:00:00,-2.8783
2024-04-25 05:00:00,-2.8787
2024-04-25 06:00:00,-2.8791
2024-04-25 07:00:00,-2.8797
2024-04-25 08:00:00,-2.8802
2024-04-25 09:00:00,-2.8810
2024-04-25 10:00:00,-2.8817
2024-04-25 11:00:00,-2.8822
2024-04-25 12:00:00,-2.8826
2024-04-25 13:00:00,-2.8833
2024-04-25 14:00:00,-2.8838
2024-04-25 15:00:00,-2.8845
2024-04-25 16:00:00,-2.8854
2024-04-25 17:00:00,-2.8858
2024-04-25 18:00:00,-2.8860
2024-04-25 19:00:00,-2.8860
2024-04-25 20:00:00,-2.8850
2024-04-25 21:00:00,-2.8823
2024-04-25 22:00:00,-2.8798
2024-04-25 23:00:00,-2.8783
2024-04-26 00:00:00,-2.8768
2024-04-26 01:00:00,-2.8758
2024-04-26 02:00:00,-2.8748
2024-04-26 03:00:00,-2.8736
2024-04-26 04:00:00,-2.8727
2024-04-26 05:00:00,-2.8719
2024-04-26 06:00:00,-2.8714
2024-04-26 07:00:00,-2.8707
2024-04-26 08:00:00,-2.8709
2024-04-26 09:00:00,-2.8709
2024-04-26 10:00:00,-2.8710
2024-04-26 11:00:00,-2.8716
2024-04-26 12:00:00,-2.8720
2024-04-26 13:00:00,-2.8728
2024-04-26 14:00:00,-2.8735
2024-04-26 15:00:00,-2.8743
2024-04-26 16:00:00,-2.8751
2024-04-26 17:00:00,-2.8758
2024-04-26 18:00:00,-2.8766
2024-04-26 19:00:00,-2.8777
2024-04-26 20:00:00,-2.8784
2024-04-26 21:00:00,-2.8794
2024-04-26 22:00:00,-2.8804
2024-04-26 23:00:00,-2.8814
2024-04-27 00:00:00,-2.8827
2024-04-27 01:00:00,-2.8836
2024-04-27 02:00:00,-2.8844
2024-04-27 03:00:00,-2.8851
2024-04-27 04:00:00,-2.8858
2024-04-27 05:00:00,-2.8864
2024-04-27 06:00:00,-2.8868
2024-04-27 07:00:00,-2.8872
2024-04-27 08:00:00,-2.8873
2024-04-27 09:00:00,-2.8880
2024-04-27 10:00:00,-2.8887
2024-04-27 11:00:00,-2.8895
2024-04-27 12:00:00,-2.8900
2024-04-27 13:00:00,-2.8911
2024-04-27 14:00:00,-2.8922
2024-04-27 15:00:00,-2.8932
2024-04-27 16:00:00,-2.8945
2024-04-27 17:00:00,-2.8956
2024-04-27 18:00:00,-2.8969
2024-04-27 19:00:00,-2.8979
2024-04-27 20:00:00,-2.8986
2024-04-27 21:00:00,-2.8993
2024-04-27 22:00:00,-2.9001
2024-04-27 23:00:00,-2.9010
2024-04-28 00:00:00,-2.9022
2024-04-28 01:00:00,-2.9038
2024-04-28 02:00:00,-2.9055
2024-04-28 03:00:00,-2.9071
2024-04-28 04:00:00,-2.9083
2024-04-28 05:00:00,-2.9096
2024-04-28 06:00:00,-2.9108
2024-04-28 07:00:00,-2.9123
2024-04-28 08:00:00,-2.9135
2024-04-28 09:00:00,-2.9148
2024-04-28 10:00:00,-2.9168
2024-04-28 11:00:00,-2.9187
2024-04-28 12:00:00,-2.9206
2024-04-28 13:00:00,-2.9232
2024-04-28 14:00:00,-2.9255
2024-04-28 15:00:00,-2.9277
2024-04-28 16:00:00,-2.9305
2024-04-28 17:00:00,-2.9335
2024-04-28 18:00:00,-2.9362
2024-04-28 19:00:00,-2.9388
2024-04-28 20:00:00,-2.9411
2024-04-28 21:00:00,-2.9434
2024-04-28 22:00:00,-2.9457
2024-04-28 23:00:00,-2.9478
2024-04-29 00:00:00,-2.9499
2024-04-29 01:00:00,-2.9518
2024-04-29 02:00:00,-2.9536
2024-04-29 03:00:00,-2.9551
2024-04-29 04:00:00,-2.9563
2024-04-29 05:00:00,-2.9572
2024-04-29 06:00:00,-2.9579
2024-04-29 07:00:00,-2.9587
2024-04-29 08:00:00,-2.9595
2024-04-29 09:00:00,-2.9605
2024-04-29 10:00:00,-2.9610
2024-04-29 11:00:00,-2.9619
2024-04-29 12:00:00,-2.9629
2024-04-29 13:00:00,-2.9638
2024-04-29 14:00:00,-2.9650
2024-04-29 15:00:00,-2.9663
2024-04-29 16:00:00,-2.9679
2024-04-29 17:00:00,-2.9690
2024-04-29 18:00:00,-2.9703
2024-04-29 19:00:00,-2.9717
2024-04-29 20:00:00,-2.9728
2024-04-29 21:00:00,-2.9736
2024-04-29 22:00:00,-2.9745
2024-04-29 23:00:00,-2.9752
2024-04-30 00:00:00,-2.9763
2024-04-30 01:00:00,-2.9773
2024-04-30 02:00:00,-2.9785
2024-04-30 03:00:00,-2.9796
2024-04-30 04:00:00,-2.9805
2024-04-30 05:00:00,-2.9816
2024-04-30 06:00:00,-2.9826
2024-04-30 07:00:00,-2.9834
2024-04-30 08:00:00,-2.9841
2024-04-30 09:00:00,-2.9847
2024-04-30 10:00:00,-2.9853
2024-04-30 11:00:00,-2.9859
2024-04-30 12:00:00,-2.9870
2024-04-30 13:00:00,-2.9881
2024-04-30 14:00:00,-2.9893
2024-04-30 15:00:00,-2.9908
2024-04-30 16:00:00,-2.9925
2024-04-30 17:00:00,-2.9941
2024-04-30 18:00:00,-2.9956
2024-04-30 19:00:00,-2.9967
2024-04-30 20:00:00,-2.9978
2024-04-30 21:00:00,-2.9989
2024-04-30 22:00:00,-2.9999
2024-04-30 23:00:00,-3.0008
2024-05-01 00:00:00,-3.0016
2024-05-01 01:00:00,-3.0024
2024-05-01 02:00:00,-3.0036
2024-05-01 03:00:00,-3.0045
2024-05-01 04:00:00,-3.0055
2024-05-01 05:00:00,-2.9986
2024-05-01 06:00:00,-2.9936
2024-05-01 07:00:00,-2.9905
2024-05-01 08:00:00,-2.9881
2024-05-01 09:00:00,-2.9868
2024-05-01 10:00:00,-2.9856
2024-05-01 11:00:00,-2.9850
2024-05-01 12:00:00,-2.9842
2024-05-01 13:00:00,-2.9839
2024-05-01 14:00:00,-2.9839
2024-05-01 15:00:00,-2.9839
2024-05-01 16:00:00,-2.9834
2024-05-01 17:00:00,-2.9841
2024-05-01 18:00:00,-2.9844
2024-05-01 19:00:00,-2.9841
2024-05-01 20:00:00,-2.9843
2024-05-01 21:00:00,-2.9839
2024-05-01 22:00:00,-2.9838
2024-05-01 23:00:00,-2.9833
2024-05-02 00:00:00,-2.9826
2024-05-02 01:00:00,-2.9820
2024-05-02 02:00:00,-2.9811
2024-05-02 03:00:00,-2.9809
2024-05-02 04:00:00,-2.9813
2024-05-02 05:00:00,-2.9818
2024-05-02 06:00:00,-2.9818
2024-05-02 07:00:00,-2.9824
2024-05-02 08:00:00,-2.9835
2024-05-02 09:00:00,-2.9838
2024-05-02 10:00:00,-2.9839
2024-05-02 11:00:00,-2.9844
2024-05-02 12:00:00,-2.9849
2024-05-02 13:00:00,-2.9857
2024-05-02 14:00:00,-2.9861
2024-05-02 15:00:00,-2.9870
2024-05-02 16:00:00,-2.9880
2024-05-02 17:00:00,-2.9893
2024-05-02 18:00:00,-2.9906
2024-05-02 19:00:00,-2.9921
2024-05-02 20:00:00,-2.9933
2024-05-02 21:00:00,-2.9944
2024-05-02 22:00:00,-2.9956
2024-05-02 23:00:00,-2.9966
2024-05-03 00:00:00,-2.9979
2024-05-03 01:00:00,-2.9989
2024-05-03 02:00:00,-3.0004
2024-05-03 03:00:00,-3.0019
2024-05-03 04:00:00,-3.0038
2024-05-03 05:00:00,-3.0053
2024-05-03 06:00:00,-3.0069
2024-05-03 07:00:00,-3.0087
2024-05-03 08:00:00,-3.0105
2024-05-03 09:00:00,-3.0118
2024-05-03 10:00:00,-3.0130
2024-05-03 11:00:00,-3.0138
2024-05-03 12:00:00,-3.0151
2024-05-03 13:00:00,-3.0162
2024-05-03 14:00:00,-3.0171
2024-05-03 15:00:00,-3.0186
2024-05-03 16:00:00,-3.0202
2024-05-03 17:00:00,-3.0213
2024-05-03 18:00:00,-3.0228
2024-05-03 19:00:00,-3.0245
2024-05-03 20:00:00,-3.0256
2024-05-03 21:00:00,-3.0272
2024-05-03 22:00:00,-3.0286
2024-05-03 23:00:00,-3.0301
2024-05-04 00:00:00,-3.0316
2024-05-04 01:00:00,-3.0330
2024-05-04 02:00:00,-3.0342
2024-05-04 03:00:00,-3.0355
2024-05-04 04:00:00,-3.0368
2024-05-04 05:00:00,-3.0378
2024-05-04 06:00:00,-3.0388
2024-05-04 07:00:00,-3.0399
2024-05-04 08:00:00,-3.0407
2024-05-04 09:00:00,-3.0415
2024-05-04 10:00:00,-3.0422
2024-05-04 11:00:00,-3.0429
2024-05-04 12:00:00,-3.0434
2024-05-04 13:00:00,-3.0438
2024-05-04 14:00:00,-3.0440
2024-05-04 15:00:00,-3.0438
2024-05-04 16:00:00,-3.0436
2024-05-04 17:00:00,-3.0438
2024-05-04 18:00:00,-3.0442
2024-05-04 19:00:00,-3.0448
2024-05-04 20:00:00,-3.0448
2024-05-04 21:00:00,-3.0444
2024-05-04 22:00:00,-3.0435
2024-05-04 23:00:00,-3.0423
2024-05-05 00:00:00,-3.0381
2024-05-05 01:00:00,-3.0300
2024-05-05 02:00:00,-3.0204
2024-05-05 03:00:00,-3.0004
2024-05-05 04:00:00,-2.9732
2024-05-05 05:00:00,-2.9539
2024-05-05 06:00:00,-2.9399
2024-05-05 07:00:00,-2.9296
2024-05-05 08:00:00,-2.9219
2024-05-05 09:00:00,-2.9162
2024-05-05 10:00:00,-2.9116
2024-05-05 11:00:00,-2.9079
2024-05-05 12:00:00,-2.9048
2024-05-05 13:00:00,-2.9026
2024-05-05 14:00:00,-2.9007
2024-05-05 15:00:00,-2.8989
2024-05-05 16:00:00,-2.8976
2024-05-05 17:00:00,-2.8964
2024-05-05 18:00:00,-2.8958
2024-05-05 19:00:00,-2.8952
2024-05-05 20:00:00,-2.8950
2024-05-05 21:00:00,-2.8946
2024-05-05 22:00:00,-2.8946
2024-05-05 23:00:00,-2.8948
2024-05-06 00:00:00,-2.8948
2024-05-06 01:00:00,-2.8950
2024-05-06 02:00:00,-2.8946
2024-05-06 03:00:00,-2.8946
2024-05-06 04:00:00,-2.8944
2024-05-06 05:00:00,-2.8946
2024-05-06 06:00:00,-2.8950
2024-05-06 07:00:00,-2.8962
2024-05-06 08:00:00,-2.8969
2024-05-06 09:00:00,-2.8979
2024-05-06 10:00:00,-2.8993
2024-05-06 11:00:00,-2.9003
2024-05-06 12:00:00,-2.9018
2024-05-06 13:00:00,-2.9035
2024-05-06 14:00:00,-2.9050
2024-05-06 15:00:00,-2.9063
2024-05-06 16:00:00,-2.9077
2024-05-06 17:00:00,-2.9090
2024-05-06 18:00:00,-2.9102
2024-05-06 19:00:00,-2.9116
2024-05-06 20:00:00,-2.9130
2024-05-06 21:00:00,-2.9145
2024-05-06 22:00:00,-2.9160
2024-05-06 23:00:00,-2.9179
2024-05-07 00:00:00,-2.9195
2024-05-07 01:00:00,-2.9210
2024-05-07 02:00:00,-2.9221
2024-05-07 03:00:00,-2.9231
2024-05-07 04:00:00,-2.9237
2024-05-07 05:00:00,-2.9246
2024-05-07 06:00:00,-2.9252
2024-05-07 07:00:00,-2.9260
2024-05-07 08:00:00,-2.9268
2024-05-07 09:00:00,-2.9279
2024-05-07 10:00:00,-2.9291
2024-05-07 11:00:00,-2.9304
2024-05-07 12:00:00,-2.9319
2024-05-07 13:00:00,-2.9336
2024-05-07 14:00:00,-2.9351
2024-05-07 15:00:00,-2.9367
2024-05-07 16:00:00,-2.9380
2024-05-07 17:00:00,-2.9393
2024-05-07 18:00:00,-2.9404
2024-05-07 19:00:00,-2.9417
2024-05-07 20:00:00,-2.9429
2024-05-07 21:00:00,-2.9443
2024-05-07 22:00:00,-2.9456
2024-05-07 23:00:00,-2.9469
2024-05-08 00:00:00,-2.9483
2024-05-08 01:00:00,-2.9502
2024-05-08 02:00:00,-2.9518
2024-05-08 03:00:00,-2.9534
2024-05-08 04:00:00,-2.9548
2024-05-08 05:00:00,-2.9560
2024-05-08 06:00:00,-2.9570
2024-05-08 07:00:00,-2.9580
2024-05-08 08:00:00,-2.9592
2024-05-08 09:00:00,-2.9606
2024-05-08 10:00:00,-2.9624
2024-05-08 11:00:00,-2.9637
2024-05-08 12:00:00,-2.9659
2024-05-08 13:00:00,-2.9678
2024-05-08 14:00:00,-2.9697
2024-05-08 15:00:00,-2.9718
2024-05-08 16:00:00,-2.9737
2024-05-08 17:00:00,-2.9754
2024-05-08 18:00:00,-2.9773
2024-05-08 19:00:00,-2.9791
2024-05-08 20:00:00,-2.9808
2024-05-08 21:00:00,-2.9827
2024-05-08 22:00:00,-2.9848
2024-05-08 23:00:00,-2.9869
2024-05-09 00:00:00,-2.9890
2024-05-09 01:00:00,-2.9909
2024-05-09 02:00:00,-2.9928
2024-05-09 03:00:00,-2.9946
2024-05-09 04:00:00,-2.9963
2024-05-09 05:00:00,-2.9980
2024-05-09 06:00:00,-2.9995
2024-05-09 07:00:00,-3.0011
2024-05-09 08:00:00,-3.0026
2024-05-09 09:00:00,-3.0040
2024-05-09 10:00:00,-3.0054
2024-05-09 11:00:00,-3.0070
2024-05-09 12:00:00,-3.0086
2024-05-09 13:00:00,-3.0101
2024-05-09 14:00:00,-3.0115
2024-05-09 15:00:00,-3.0126
2024-05-09 16:00:00,-3.0142
2024-05-09 17:00:00,-3.0151
2024-05-09 18:00:00,-3.0161
2024-05-09 19:00:00,-3.0173
2024-05-09 20:00:00,-3.0186
2024-05-09 21:00:00,-3.0198
2024-05-09 22:00:00,-3.0213
2024-05-09 23:00:00,-3.0225
2024-05-10 00:00:00,-3.0239
2024-05-10 01:00:00,-3.0252
2024-05-10 02:00:00,-3.0264
2024-05-10 03:00:00,-3.0275
2024-05-10 04:00:00,-3.0286
2024-05-10 05:00:00,-3.0297
2024-05-10 06:00:00,-3.0307
2024-05-10 07:00:00,-3.0316
2024-05-10 08:00:00,-3.0325
2024-05-10 09:00:00,-3.0333
2024-05-10 10:00:00,-3.0341
2024-05-10 11:00:00,-3.0352
2024-05-10 12:00:00,-3.0364
2024-05-10 13:00:00,-3.0374
2024-05-10 14:00:00,-3.0383
2024-05-10 15:00:00,-3.0394
2024-05-10 16:00:00,-3.0404
2024-05-10 17:00:00,-3.0414
2024-05-10 18:00:00,-3.0425
2024-05-10 19:00:00,-3.0433
2024-05-10 20:00:00,-3.0443
2024-05-10 21:00:00,-3.0453
2024-05-10 22:00:00,-3.0462
2024-05-10 23:00:00,-3.0470
2024-05-11 00:00:00,-3.0481
2024-05-11 01:00:00,-3.0490
2024-05-11 02:00:00,-3.0498
2024-05-11 03:00:00,-3.0510
2024-05-11 04:00:00,-3.0517
2024-05-11 05:00:00,-3.0527
2024-05-11 06:00:00,-3.0535
2024-05-11 07:00:00,-3.0543
2024-05-11 08:00:00,-3.0550
2024-05-11 09:00:00,-3.0560
2024-05-11 10:00:00,-3.0567
2024-05-11 11:00:00,-3.0577
2024-05-11 12:00:00,-3.0583
2024-05-11 13:00:00,-3.0594
2024-05-11 14:00:00,-3.0603
2024-05-11 15:00:00,-3.0612
2024-05-11 16:00:00,-3.0619
2024-05-11 17:00:00,-3.0625
2024-05-11 18:00:00,-3.0632
2024-05-11 19:00:00,-3.0638
2024-05-11 20:00:00,-3.0642
2024-05-11 21:00:00,-3.0648
2024-05-11 22:00:00,-3.0655
2024-05-11 23:00:00,-3.0660
2024-05-12 00:00:00,-3.0669
2024-05-12 01:00:00,-3.0676
2024-05-12 02:00:00,-3.0680
2024-05-12 03:00:00,-3.0684
2024-05-12 04:00:00,-3.0690
2024-05-12 05:00:00,-3.0694
2024-05-12 06:00:00,-3.0698
2024-05-12 07:00:00,-3.0703
2024-05-12 08:00:00,-3.0708
2024-05-12 09:00:00,-3.0715
2024-05-12 10:00:00,-3.0720
2024-05-12 11:00:00,-3.0726
2024-05-12 12:00:00,-3.0733
2024-05-12 13:00:00,-3.0739
2024-05-12 14:00:00,-3.0747
2024-05-12 15:00:00,-3.0751
2024-05-12 16:00:00,-3.0758
2024-05-12 17:00:00,-3.0764
2024-05-12 18:00:00,-3.0771
2024-05-12 19:00:00,-3.0777
2024-05-12 20:00:00,-3.0782
2024-05-12 21:00:00,-3.0785
2024-05-12 22:00:00,-3.0788
2024-05-12 23:00:00,-3.0790
2024-05-13 00:00:00,-3.0794
2024-05-13 01:00:00,-3.0800
2024-05-13 02:00:00,-3.0805
2024-05-13 03:00:00,-3.0810
2024-05-13 04:00:00,-3.0816
2024-05-13 05:00:00,-3.0821
2024-05-13 06:00:00,-3.0827
2024-05-13 07:00:00,-3.0832
2024-05-13 08:00:00,-3.0835
2024-05-13 09:00:00,-3.0838
2024-05-13 10:00:00,-3.0841
2024-05-13 11:00:00,-3.0845
2024-05-13 12:00:00,-3.0848
2024-05-13 13:00:00,-3.0852
2024-05-13 14:00:00,-3.0858
2024-05-13 15:00:00,-3.0865
2024-05-13 16:00:00,-3.0870
2024-05-13 17:00:00,-3.0875
2024-05-13 18:00:00,-3.0881
2024-05-13 19:00:00,-3.0886
2024-05-13 20:00:00,-3.0889
2024-05-13 21:00:00,-3.0891
2024-05-13 22:00:00,-3.0891
2024-05-13 23:00:00,-3.0892
2024-05-14 00:00:00,-3.0892
2024-05-14 01:00:00,-3.0892
2024-05-14 02:00:00,-3.0891
2024-05-14 03:00:00,-3.0890
2024-05-14 04:00:00,-3.0892
2024-05-14 05:00:00,-3.0894
2024-05-14 06:00:00,-3.0896
2024-05-14 07:00:00,-3.0894
2024-05-14 08:00:00,-3.0892
2024-05-14 09:00:00,-3.0887
2024-05-14 10:00:00,-3.0881
2024-05-14 11:00:00,-3.0877
2024-05-14 12:00:00,-3.0877
2024-05-14 13:00:00,-3.0884
2024-05-14 14:00:00,-3.0891
2024-05-14 15:00:00,-3.0899
2024-05-14 16:00:00,-3.0904
2024-05-14 17:00:00,-3.0910
2024-05-14 18:00:00,-3.0917
2024-05-14 19:00:00,-3.0921
2024-05-14 20:00:00,-3.0928
2024-05-14 21:00:00,-3.0931
2024-05-14 22:00:00,-3.0931
2024-05-14 23:00:00,-3.0922
2024-05-15 00:00:00,-3.0918
2024-05-15 01:00:00,-3.0906
2024-05-15 02:00:00,-3.0896
2024-05-15 03:00:00,-3.0886
2024-05-15 04:00:00,-3.0878
2024-05-15 05:00:00,-3.0867
2024-05-15 06:00:00,-3.0855
2024-05-15 07:00:00,-3.0844
2024-05-15 08:00:00,-3.0837
2024-05-15 09:00:00,-3.0829
2024-05-15 10:00:00,-3.0818
2024-05-15 11:00:00,-3.0812
2024-05-15 12:00:00,-3.0806
2024-05-15 13:00:00,-3.0798
2024-05-15 14:00:00,-3.0791
2024-05-15 15:00:00,-3.0783
2024-05-15 16:00:00,-3.0779
2024-05-15 17:00:00,-3.0778
2024-05-15 18:00:00,-3.0772
2024-05-15 19:00:00,-3.0758
2024-05-15 20:00:00,-3.0748
2024-05-15 21:00:00,-3.0733
2024-05-15 22:00:00,-3.0715
2024-05-15 23:00:00,-3.0695
2024-05-16 00:00:00,-3.0676
2024-05-16 01:00:00,-3.0655
2024-05-16 02:00:00,-3.0637
2024-05-16 03:00:00,-3.0624
2024-05-16 04:00:00,-3.0614
2024-05-16 05:00:00,-3.0603
2024-05-16 06:00:00,-3.0596
2024-05-16 07:00:00,-3.0589
2024-05-16 08:00:00,-3.0583
2024-05-16 09:00:00,-3.0577
2024-05-16 10:00:00,-3.0574
2024-05-16 11:00:00,-3.0572
2024-05-16 12:00:00,-3.0570
2024-05-16 13:00:00,-3.0575
2024-05-16 14:00:00,-3.0571
2024-05-16 15:00:00,-3.0576
2024-05-16 16:00:00,-3.0578
2024-05-16 17:00:00,-3.0587
2024-05-16 18:00:00,-3.0596
2024-05-16 19:00:00,-3.0609
2024-05-16 20:00:00,-3.0619
2024-05-16 21:00:00,-3.0624
2024-05-16 22:00:00,-3.0632
2024-05-16 23:00:00,-3.0638
2024-05-17 00:00:00,-3.0639
2024-05-17 01:00:00,-3.0643
2024-05-17 02:00:00,-3.0645
2024-05-17 03:00:00,-3.0646
2024-05-17 04:00:00,-3.0649
2024-05-17 05:00:00,-3.0654
2024-05-17 06:00:00,-3.0659
2024-05-17 07:00:00,-3.0665
2024-05-17 08:00:00,-3.0668
2024-05-17 09:00:00,-3.0673
2024-05-17 10:00:00,-3.0676
2024-05-17 11:00:00,-3.0679
2024-05-17 12:00:00,-3.0682
2024-05-17 13:00:00,-3.0684
2024-05-17 14:00:00,-3.0686
2024-05-17 15:00:00,-3.0691
2024-05-17 16:00:00,-3.0695
2024-05-17 17:00:00,-3.0700
2024-05-17 18:00:00,-3.0703
2024-05-17 19:00:00,-3.0708
2024-05-17 20:00:00,-3.0715
2024-05-17 21:00:00,-3.0725
2024-05-17 22:00:00,-3.0734
2024-05-17 23:00:00,-3.0742
2024-05-18 00:00:00,-3.0752
2024-05-18 01:00:00,-3.0760
2024-05-18 02:00:00,-3.0772
2024-05-18 03:00:00,-3.0784
2024-05-18 04:00:00,-3.0796
2024-05-18 05:00:00,-3.0808
2024-05-18 06:00:00,-3.0820
2024-05-18 07:00:00,-3.0832
2024-05-18 08:00:00,-3.0845
2024-05-18 09:00:00,-3.0857
2024-05-18 10:00:00,-3.0868
2024-05-18 11:00:00,-3.0879
2024-05-18 12:00:00,-3.0889
2024-05-18 13:00:00,-3.0899
2024-05-18 14:00:00,-3.0906
2024-05-18 15:00:00,-3.0913
2024-05-18 16:00:00,-3.0917
2024-05-18 17:00:00,-3.0918
2024-05-18 18:00:00,-3.0920
2024-05-18 19:00:00,-3.0920
2024-05-18 20:00:00,-3.0922
2024-05-18 21:00:00,-3.0924
2024-05-18 22:00:00,-3.0925
2024-05-18 23:00:00,-3.0924
2024-05-19 00:00:00,-3.0920
2024-05-19 01:00:00,-3.0913
2024-05-19 02:00:00,-3.0904
2024-05-19 03:00:00,-3.0896
2024-05-19 04:00:00,-3.0886
2024-05-19 05:00:00,-3.0877
2024-05-19 06:00:00,-3.0870
2024-05-19 07:00:00,-3.0863
2024-05-19 08:00:00,-3.0858
2024-05-19 09:00:00,-3.0854
2024-05-19 10:00:00,-3.0850
2024-05-19 11:00:00,-3.0849
2024-05-19 12:00:00,-3.0853
2024-05-19 13:00:00,-3.0850
2024-05-19 14:00:00,-3.0849
2024-05-19 15:00:00,-3.0841
2024-05-19 16:00:00,-3.0836
2024-05-19 17:00:00,-3.0829
2024-05-19 18:00:00,-3.0827
2024-05-19 19:00:00,-3.0826
2024-05-19 20:00:00,-3.0820
2024-05-19 21:00:00,-3.0821
2024-05-19 22:00:00,-3.0820
2024-05-19 23:00:00,-3.0814
2024-05-20 00:00:00,-3.0810
2024-05-20 01:00:00,-3.0808
2024-05-20 02:00:00,-3.0805
2024-05-20 03:00:00,-3.0801
2024-05-20 04:00:00,-3.0800
2024-05-20 05:00:00,-3.0804
2024-05-20 06:00:00,-3.0807
2024-05-20 07:00:00,-3.0820
2024-05-20 08:00:00,-3.0828
2024-05-20 09:00:00,-3.0839
2024-05-20 10:00:00,-3.0847
2024-05-20 11:00:00,-3.0856
2024-05-20 12:00:00,-3.0868
2024-05-20 13:00:00,-3.0874
2024-05-20 14:00:00,-3.0879
2024-05-20 15:00:00,-3.0882
2024-05-20 16:00:00,-3.0885
2024-05-20 17:00:00,-3.0887
2024-05-20 18:00:00,-3.0894
2024-05-20 19:00:00,-3.0904
2024-05-20 20:00:00,-3.0912
2024-05-20 21:00:00,-3.0918
2024-05-20 22:00:00,-3.0923
2024-05-20 23:00:00,-3.0930
2024-05-21 00:00:00,-3.0933
2024-05-21 01:00:00,-3.0938
2024-05-21 02:00:00,-3.0941
2024-05-21 03:00:00,-3.0942
2024-05-21 04:00:00,-3.0943
2024-05-21 05:00:00,-3.0941
2024-05-21 06:00:00,-3.0942
2024-05-21 07:00:00,-3.0942
2024-05-21 08:00:00,-3.0944
2024-05-21 09:00:00,-3.0949
2024-05-21 10:00:00,-3.0952
2024-05-21 11:00:00,-3.0957
2024-05-21 12:00:00,-3.0961
2024-05-21 13:00:00,-3.0965
2024-05-21 14:00:00,-3.0971
2024-05-21 15:00:00,-3.0975
2024-05-21 16:00:00,-3.0981
2024-05-21 17:00:00,-3.0984
2024-05-21 18:00:00,-3.0991
2024-05-21 19:00:00,-3.1001
2024-05-21 20:00:00,-3.1004
2024-05-21 21:00:00,-3.1005
2024-05-21 22:00:00,-3.1013
2024-05-21 23:00:00,-3.0990
2024-05-22 00:00:00,-3.0906
2024-05-22 01:00:00,-3.0822
2024-05-22 02:00:00,-3.0727
2024-05-22 03:00:00,-3.0337
2024-05-22 04:00:00,-2.9988
2024-05-22 05:00:00,-2.9677
2024-05-22 06:00:00,-2.9451
2024-05-22 07:00:00,-2.9308
2024-05-22 08:00:00,-2.9221
2024-05-22 09:00:00,-2.9164
2024-05-22 10:00:00,-2.9123
2024-05-22 11:00:00,-2.9095
2024-05-22 12:00:00,-2.9076
2024-05-22 13:00:00,-2.9069
2024-05-22 14:00:00,-2.9063
2024-05-22 15:00:00,-2.9058
2024-05-22 16:00:00,-2.9082
2024-05-22 17:00:00,-2.9090
2024-05-22 18:00:00,-2.9095
2024-05-22 19:00:00,-2.9103
2024-05-22 20:00:00,-2.9118
2024-05-22 21:00:00,-2.9120
2024-05-22 22:00:00,-2.9131
2024-05-22 23:00:00,-2.9139
2024-05-23 00:00:00,-2.9147
2024-05-23 01:00:00,-2.9155
2024-05-23 02:00:00,-2.9163
2024-05-23 03:00:00,-2.9170
2024-05-23 04:00:00,-2.9180
2024-05-23 05:00:00,-2.9190
2024-05-23 06:00:00,-2.9200
2024-05-23 07:00:00,-2.9217
2024-05-23 08:00:00,-2.9233
2024-05-23 09:00:00,-2.9251
2024-05-23 10:00:00,-2.9268
2024-05-23 11:00:00,-2.9287
2024-05-23 12:00:00,-2.9313
2024-05-23 13:00:00,-2.9332
2024-05-23 14:00:00,-2.9355
2024-05-23 15:00:00,-2.9377
2024-05-23 16:00:00,-2.9398
2024-05-23 17:00:00,-2.9424
2024-05-23 18:00:00,-2.9449
2024-05-23 19:00:00,-2.9479
2024-05-23 20:00:00,-2.9509
2024-05-23 21:00:00,-2.9539
2024-05-23 22:00:00,-2.9571
2024-05-23 23:00:00,-2.9605
2024-05-24 00:00:00,-2.9637
2024-05-24 01:00:00,-2.9671
2024-05-24 02:00:00,-2.9701
2024-05-24 03:00:00,-2.9731
2024-05-24 04:00:00,-2.9761
2024-05-24 05:00:00,-2.9789
2024-05-24 06:00:00,-2.9818
2024-05-24 07:00:00,-2.9847
2024-05-24 08:00:00,-2.9875
2024-05-24 09:00:00,-2.9901
2024-05-24 10:00:00,-2.9929
2024-05-24 11:00:00,-2.9954
2024-05-24 12:00:00,-2.9981
2024-05-24 13:00:00,-3.0007
2024-05-24 14:00:00,-3.0033
2024-05-24 15:00:00,-3.0058
2024-05-24 16:00:00,-3.0083
2024-05-24 17:00:00,-3.0105
2024-05-24 18:00:00,-3.0126
2024-05-24 19:00:00,-3.0145
2024-05-24 20:00:00,-3.0166
2024-05-24 21:00:00,-3.0183
2024-05-24 22:00:00,-3.0195
2024-05-24 23:00:00,-2.9682
2024-05-25 00:00:00,-2.9211
2024-05-25 01:00:00,-2.8944
2024-05-25 02:00:00,-2.8678
2024-05-25 03:00:00,-2.8373
2024-05-25 04:00:00,-2.8154
2024-05-25 05:00:00,-2.7878
2024-05-25 06:00:00,-2.7449
2024-05-25 07:00:00,-2.7199
2024-05-25 08:00:00,-2.7032
2024-05-25 09:00:00,-2.6935
2024-05-25 10:00:00,-2.6878
2024-05-25 11:00:00,-2.6850
2024-05-25 12:00:00,-2.6847
2024-05-25 13:00:00,-2.6867
2024-05-25 14:00:00,-2.6900
2024-05-25 15:00:00,-2.6946
2024-05-25 16:00:00,-2.6996
2024-05-25 17:00:00,-2.7043
2024-05-25 18:00:00,-2.7093
2024-05-25 19:00:00,-2.7146
2024-05-25 20:00:00,-2.7193
2024-05-25 21:00:00,-2.7245
2024-05-25 22:00:00,-2.7297
2024-05-25 23:00:00,-2.7345
2024-05-26 00:00:00,-2.7398
2024-05-26 01:00:00,-2.7449
2024-05-26 02:00:00,-2.7493
2024-05-26 03:00:00,-2.7538
2024-05-26 04:00:00,-2.7580
2024-05-26 05:00:00,-2.7618
2024-05-26 06:00:00,-2.7654
2024-05-26 07:00:00,-2.7691
2024-05-26 08:00:00,-2.7724
2024-05-26 09:00:00,-2.7755
2024-05-26 10:00:00,-2.7789
2024-05-26 11:00:00,-2.7824
2024-05-26 12:00:00,-2.7865
2024-05-26 13:00:00,-2.7910
2024-05-26 14:00:00,-2.7955
2024-05-26 15:00:00,-2.7994
2024-05-26 16:00:00,-2.8039
2024-05-26 17:00:00,-2.8076
2024-05-26 18:00:00,-2.8115
2024-05-26 19:00:00,-2.8160
2024-05-26 20:00:00,-2.8193
2024-05-26 21:00:00,-2.8230
2024-05-26 22:00:00,-2.8262
2024-05-26 23:00:00,-2.8297
2024-05-27 00:00:00,-2.8330
2024-05-27 01:00:00,-2.8361
2024-05-27 02:00:00,-2.8393
2024-05-27 03:00:00,-2.8423
2024-05-27 04:00:00,-2.8455
2024-05-27 05:00:00,-2.8488
2024-05-27 06:00:00,-2.8518
2024-05-27 07:00:00,-2.8551
2024-05-27 08:00:00,-2.8581
2024-05-27 09:00:00,-2.8612
2024-05-27 10:00:00,-2.8645
2024-05-27 11:00:00,-2.8676
2024-05-27 12:00:00,-2.8707
2024-05-27 13:00:00,-2.8742
2024-05-27 14:00:00,-2.8777
2024-05-27 15:00:00,-2.8807
2024-05-27 16:00:00,-2.8843
2024-05-27 17:00:00,-2.8875
2024-05-27 18:00:00,-2.8906
2024-05-27 19:00:00,-2.8936
2024-05-27 20:00:00,-2.8966
2024-05-27 21:00:00,-2.8995
2024-05-27 22:00:00,-2.9023
2024-05-27 23:00:00,-2.9051
2024-05-28 00:00:00,-2.9079
2024-05-28 01:00:00,-2.9104
2024-05-28 02:00:00,-2.9129
2024-05-28 03:00:00,-2.9153
2024-05-28 04:00:00,-2.9178
2024-05-28 05:00:00,-2.9201
2024-05-28 06:00:00,-2.9225
2024-05-28 07:00:00,-2.9252
2024-05-28 08:00:00,-2.9273
2024-05-28 09:00:00,-2.9301
2024-05-28 10:00:00,-2.9326
2024-05-28 11:00:00,-2.9351
2024-05-28 12:00:00,-2.9374
2024-05-28 13:00:00,-2.9400
2024-05-28 14:00:00,-2.9423
2024-05-28 15:00:00,-2.9447
2024-05-28 16:00:00,-2.9470
2024-05-28 17:00:00,-2.9490
2024-05-28 18:00:00,-2.9515
2024-05-28 19:00:00,-2.9532
2024-05-28 20:00:00,-2.9547
2024-05-28 21:00:00,-2.9558
2024-05-28 22:00:00,-2.9561
2024-05-28 23:00:00,-2.9558
2024-05-29 00:00:00,-2.9536
2024-05-29 01:00:00,-2.9525
2024-05-29 02:00:00,-2.9516
2024-05-29 03:00:00,-2.9434
2024-05-29 04:00:00,-2.9318
2024-05-29 05:00:00,-2.9109
2024-05-29 06:00:00,-2.8691
2024-05-29 07:00:00,-2.8261
2024-05-29 08:00:00,-2.7941
2024-05-29 09:00:00,-2.7758
2024-05-29 10:00:00,-2.7639
2024-05-29 11:00:00,-2.7556
2024-05-29 12:00:00,-2.7493
2024-05-29 13:00:00,-2.7455
2024-05-29 14:00:00,-2.7433
2024-05-29 15:00:00,-2.7423
2024-05-29 16:00:00,-2.7424
2024-05-29 17:00:00,-2.7435
2024-05-29 18:00:00,-2.7452
2024-05-29 19:00:00,-2.7477
2024-05-29 20:00:00,-2.7502
2024-05-29 21:00:00,-2.7527
2024-05-29 22:00:00,-2.7552
2024-05-29 23:00:00,-2.7582
2024-05-30 00:00:00,-2.7613
2024-05-30 01:00:00,-2.7648
2024-05-30 02:00:00,-2.7686
2024-05-30 03:00:00,-2.7724
2024-05-30 04:00:00,-2.7758
2024-05-30 05:00:00,-2.7791
2024-05-30 06:00:00,-2.7823
2024-05-30 07:00:00,-2.7853
2024-05-30 08:00:00,-2.7885
2024-05-30 09:00:00,-2.7918
2024-05-30 10:00:00,-2.7948
2024-05-30 11:00:00,-2.7983
2024-05-30 12:00:00,-2.8017
2024-05-30 13:00:00,-2.8054
2024-05-30 14:00:00,-2.8089
2024-05-30 15:00:00,-2.8128
2024-05-30 16:00:00,-2.8166
2024-05-30 17:00:00,-2.8201
2024-05-30 18:00:00,-2.8241
2024-05-30 19:00:00,-2.8278
2024-05-30 20:00:00,-2.8315
2024-05-30 21:00:00,-2.8351
2024-05-30 22:00:00,-2.8388
2024-05-30 23:00:00,-2.8426
2024-05-31 00:00:00,-2.8462
2024-05-31 01:00:00,-2.8497
2024-05-31 02:00:00,-2.8530
2024-05-31 03:00:00,-2.8563
2024-05-31 04:00:00,-2.8596
2024-05-31 05:00:00,-2.8628
2024-05-31 06:00:00,-2.8660
2024-05-31 07:00:00,-2.8691
2024-05-31 08:00:00,-2.8723
2024-05-31 09:00:00,-2.8756
2024-05-31 10:00:00,-2.8789
2024-05-31 11:00:00,-2.8819
2024-05-31 12:00:00,-2.8854
2024-05-31 13:00:00,-2.8884
2024-05-31 14:00:00,-2.8912
2024-05-31 15:00:00,-2.8941
2024-05-31 16:00:00,-2.8967
2024-05-31 17:00:00,-2.9001
2024-05-31 18:00:00,-2.9029
2024-05-31 19:00:00,-2.9056
2024-05-31 20:00:00,-2.9080
2024-05-31 21:00:00,-2.9100
2024-05-31 22:00:00,-2.9117
2024-05-31 23:00:00,-2.9135
2024-06-01 00:00:00,-2.9147
2024-06-01 01:00:00,-2.9160
2024-06-01 02:00:00,-2.9169
2024-06-01 03:00:00,-2.9180
2024-06-01 04:00:00,-2.9194
2024-06-01 05:00:00,-2.9208
2024-06-01 06:00:00,-2.9224
2024-06-01 07:00:00,-2.9240
2024-06-01 08:00:00,-2.9252
2024-06-01 09:00:00,-2.9266
2024-06-01 10:00:00,-2.9275
2024-06-01 11:00:00,-2.9282
2024-06-01 12:00:00,-2.9296
2024-06-01 13:00:00,-2.9301
2024-06-01 14:00:00,-2.9316
2024-06-01 15:00:00,-2.9323
2024-06-01 16:00:00,-2.9329
2024-06-01 17:00:00,-2.9349
2024-06-01 18:00:00,-2.9355
2024-06-01 19:00:00,-2.9370
2024-06-01 20:00:00,-2.9375
2024-06-01 21:00:00,-2.9394
2024-06-01 22:00:00,-2.9402
2024-06-01 23:00:00,-2.9414
2024-06-02 00:00:00,-2.9424
2024-06-02 01:00:00,-2.9428
2024-06-02 02:00:00,-2.9444
2024-06-02 03:00:00,-2.9453
2024-06-02 04:00:00,-2.9467
2024-06-02 05:00:00,-2.9475
2024-06-02 06:00:00,-2.9490
2024-06-02 07:00:00,-2.9503
2024-06-02 08:00:00,-2.9520
2024-06-02 09:00:00,-2.9532
2024-06-02 10:00:00,-2.9544
2024-06-02 11:00:00,-2.9558
2024-06-02 12:00:00,-2.9568
2024-06-02 13:00:00,-2.9580
2024-06-02 14:00:00,-2.9589
2024-06-02 15:00:00,-2.9606
2024-06-02 16:00:00,-2.9618
2024-06-02 17:00:00,-2.9637
2024-06-02 18:00:00,-2.9650
2024-06-02 19:00:00,-2.9673
2024-06-02 20:00:00,-2.9693
2024-06-02 21:00:00,-2.9711
2024-06-02 22:00:00,-2.9732
2024-06-02 23:00:00,-2.9749
2024-06-03 00:00:00,-2.9767
2024-06-03 01:00:00,-2.9782
2024-06-03 02:00:00,-2.9795
2024-06-03 03:00:00,-2.9808
2024-06-03 04:00:00,-2.9823
2024-06-03 05:00:00,-2.9834
2024-06-03 06:00:00,-2.9847
2024-06-03 07:00:00,-2.9863
2024-06-03 08:00:00,-2.9881
2024-06-03 09:00:00,-2.9898
2024-06-03 10:00:00,-2.9916
2024-06-03 11:00:00,-2.9931
2024-06-03 12:00:00,-2.9950
2024-06-03 13:00:00,-2.9965
2024-06-03 14:00:00,-2.9981
2024-06-03 15:00:00,-2.9995
2024-06-03 16:00:00,-3.0008
2024-06-03 17:00:00,-3.0019
2024-06-03 18:00:00,-3.0033
2024-06-03 19:00:00,-3.0048
2024-06-03 20:00:00,-3.0063
2024-06-03 21:00:00,-3.0077
2024-06-03 22:00:00,-3.0093
2024-06-03 23:00:00,-3.0107
2024-06-04 00:00:00,-3.0120
2024-06-04 01:00:00,-3.0133
2024-06-04 02:00:00,-3.0145
2024-06-04 03:00:00,-3.0157
2024-06-04 04:00:00,-3.0165
2024-06-04 05:00:00,-3.0174
2024-06-04 06:00:00,-3.0181
2024-06-04 07:00:00,-3.0190
2024-06-04 08:00:00,-3.0199
2024-06-04 09:00:00,-3.0209
2024-06-04 10:00:00,-3.0218
2024-06-04 11:00:00,-3.0225
2024-06-04 12:00:00,-3.0236
2024-06-04 13:00:00,-3.0244
2024-06-04 14:00:00,-3.0252
2024-06-04 15:00:00,-3.0261
2024-06-04 16:00:00,-3.0268
2024-06-04 17:00:00,-3.0275
2024-06-04 18:00:00,-3.0283
2024-06-04 19:00:00,-3.0294
2024-06-04 20:00:00,-3.0304
2024-06-04 21:00:00,-3.0313
2024-06-04 22:00:00,-3.0321
2024-06-04 23:00:00,-3.0332
2024-06-05 00:00:00,-3.0343
2024-06-05 01:00:00,-3.0353
2024-06-05 02:00:00,-3.0348
2024-06-05 03:00:00,-3.0365
2024-06-05 04:00:00,-3.0367
2024-06-05 05:00:00,-3.0371
2024-06-05 06:00:00,-3.0377
2024-06-05 07:00:00,-3.0380
2024-06-05 08:00:00,-3.0388
2024-06-05 09:00:00,-3.0394
2024-06-05 10:00:00,-3.0405
2024-06-05 11:00:00,-3.0408
2024-06-05 12:00:00,-3.0412
2024-06-05 13:00:00,-3.0417
2024-06-05 14:00:00,-3.0423
2024-06-05 15:00:00,-3.0428
2024-06-05 16:00:00,-3.0432
2024-06-05 17:00:00,-3.0436
2024-06-05 18:00:00,-3.0440
2024-06-05 19:00:00,-3.0441
2024-06-05 20:00:00,-3.0446
2024-06-05 21:00:00,-3.0446
2024-06-05 22:00:00,-3.0450
2024-06-05 23:00:00,-3.0454
2024-06-06 00:00:00,-3.0455
2024-06-06 01:00:00,-3.0460
2024-06-06 02:00:00,-3.0464
2024-06-06 03:00:00,-3.0467
2024-06-06 04:00:00,-3.0471
2024-06-06 05:00:00,-3.0473
2024-06-06 06:00:00,-3.0477
2024-06-06 07:00:00,-3.0481
2024-06-06 08:00:00,-3.0486
2024-06-06 09:00:00,-3.0492
2024-06-06 10:00:00,-3.0493
2024-06-06 11:00:00,-3.0501
2024-06-06 12:00:00,-3.0509
2024-06-06 13:00:00,-3.0514
2024-06-06 14:00:00,-3.0520
2024-06-06 15:00:00,-3.0526
2024-06-06 16:00:00,-3.0532
2024-06-06 17:00:00,-3.0532
2024-06-06 18:00:00,-3.0535
2024-06-06 19:00:00,-3.0538
2024-06-06 20:00:00,-3.0542
2024-06-06 21:00:00,-3.0546
2024-06-06 22:00:00,-3.0550
2024-06-06 23:00:00,-3.0556
2024-06-07 00:00:00,-3.0562
2024-06-07 01:00:00,-3.0570
2024-06-07 02:00:00,-3.0576
2024-06-07 03:00:00,-3.0583
2024-06-07 04:00:00,-3.0590
2024-06-07 05:00:00,-3.0595
2024-06-07 06:00:00,-3.0600
2024-06-07 07:00:00,-3.0606
2024-06-07 08:00:00,-3.0612
2024-06-07 09:00:00,-3.0617
2024-06-07 10:00:00,-3.0622
2024-06-07 11:00:00,-3.0630
2024-06-07 12:00:00,-3.0637
2024-06-07 13:00:00,-3.0645
2024-06-07 14:00:00,-3.0654
2024-06-07 15:00:00,-3.0658
2024-06-07 16:00:00,-3.0666
2024-06-07 17:00:00,-3.0671
2024-06-07 18:00:00,-3.0674
2024-06-07 19:00:00,-3.0674
2024-06-07 20:00:00,-3.0677
2024-06-07 21:00:00,-3.0678
2024-06-07 22:00:00,-3.0680
2024-06-07 23:00:00,-3.0684
2024-06-08 00:00:00,-3.0688
2024-06-08 01:00:00,-3.0693
2024-06-08 02:00:00,-3.0697
2024-06-08 03:00:00,-3.0702
2024-06-08 04:00:00,-3.0705
2024-06-08 05:00:00,-3.0710
2024-06-08 06:00:00,-3.0714
2024-06-08 07:00:00,-3.0718
2024-06-08 08:00:00,-3.0722
2024-06-08 09:00:00,-3.0727
2024-06-08 10:00:00,-3.0730
2024-06-08 11:00:00,-3.0735
2024-06-08 12:00:00,-3.0742
2024-06-08 13:00:00,-3.0752
2024-06-08 14:00:00,-3.0758
2024-06-08 15:00:00,-3.0766
2024-06-08 16:00:00,-3.0774
2024-06-08 17:00:00,-3.0777
2024-06-08 18:00:00,-3.0779
2024-06-08 19:00:00,-3.0779
2024-06-08 20:00:00,-3.0781
2024-06-08 21:00:00,-3.0785
2024-06-08 22:00:00,-3.0786
2024-06-08 23:00:00,-3.0789
2024-06-09 00:00:00,-3.0789
2024-06-09 01:00:00,-3.0790
2024-06-09 02:00:00,-3.0793
2024-06-09 03:00:00,-3.0795
2024-06-09 04:00:00,-3.0797
2024-06-09 05:00:00,-3.0802
2024-06-09 06:00:00,-3.0804
2024-06-09 07:00:00,-3.0808
2024-06-09 08:00:00,-3.0813
2024-06-09 09:00:00,-3.0819
2024-06-09 10:00:00,-3.0812
2024-06-09 11:00:00,-3.0829
2024-06-09 12:00:00,-3.0824
2024-06-09 13:00:00,-3.0836
2024-06-09 14:00:00,-3.0842
2024-06-09 15:00:00,-3.0834
2024-06-09 16:00:00,-3.0847
2024-06-09 17:00:00,-3.0837
2024-06-09 18:00:00,-3.0840
2024-06-09 19:00:00,-3.0853
2024-06-09 20:00:00,-3.0857
2024-06-09 21:00:00,-3.0858
2024-06-09 22:00:00,-3.0853
2024-06-09 23:00:00,-3.0867
2024-06-10 00:00:00,-3.0873
2024-06-10 01:00:00,-3.0870
2024-06-10 02:00:00,-3.0877
2024-06-10 03:00:00,-3.0883
2024-06-10 04:00:00,-3.0899
2024-06-10 05:00:00,-3.0896
2024-06-10 06:00:00,-3.0911
2024-06-10 07:00:00,-3.0907
2024-06-10 08:00:00,-3.0910
2024-06-10 09:00:00,-3.0909
2024-06-10 10:00:00,-3.0904
2024-06-10 11:00:00,-3.0870
2024-06-10 12:00:00,-3.0826
2024-06-10 13:00:00,-3.0778
2024-06-10 14:00:00,-3.0715
2024-06-10 15:00:00,-3.0655
2024-06-10 16:00:00,-3.0578
2024-06-10 17:00:00,-3.0494
2024-06-10 18:00:00,-3.0261
2024-06-10 19:00:00,-2.9971
2024-06-10 20:00:00,-2.9666
2024-06-10 21:00:00,-2.9419
2024-06-10 22:00:00,-2.9224
2024-06-10 23:00:00,-2.9055
2024-06-11 00:00:00,-2.8894
2024-06-11 01:00:00,-2.8775
2024-06-11 02:00:00,-2.8683
2024-06-11 03:00:00,-2.8613
2024-06-11 04:00:00,-2.8559
2024-06-11 05:00:00,-2.8517
2024-06-11 06:00:00,-2.8487
2024-06-11 07:00:00,-2.8463
2024-06-11 08:00:00,-2.8447
2024-06-11 09:00:00,-2.8434
2024-06-11 10:00:00,-2.8430
2024-06-11 11:00:00,-2.8430
2024-06-11 12:00:00,-2.8440
2024-06-11 13:00:00,-2.8458
2024-06-11 14:00:00,-2.8471
2024-06-11 15:00:00,-2.8490
2024-06-11 16:00:00,-2.8510
2024-06-11 17:00:00,-2.8537
2024-06-11 18:00:00,-2.8556
2024-06-11 19:00:00,-2.8573
2024-06-11 20:00:00,-2.8587
2024-06-11 21:00:00,-2.8608
2024-06-11 22:00:00,-2.8627
2024-06-11 23:00:00,-2.8646
2024-06-12 00:00:00,-2.8661
2024-06-12 01:00:00,-2.8683
2024-06-12 02:00:00,-2.8697
2024-06-12 03:00:00,-2.8713
2024-06-12 04:00:00,-2.8727
2024-06-12 05:00:00,-2.8741
2024-06-12 06:00:00,-2.8757
2024-06-12 07:00:00,-2.8767
2024-06-12 08:00:00,-2.8776
2024-06-12 09:00:00,-2.8783
2024-06-12 10:00:00,-2.8790
2024-06-12 11:00:00,-2.8800
2024-06-12 12:00:00,-2.8812
2024-06-12 13:00:00,-2.8827
2024-06-12 14:00:00,-2.8848
2024-06-12 15:00:00,-2.8866
2024-06-12 16:00:00,-2.8886
2024-06-12 17:00:00,-2.8909
2024-06-12 18:00:00,-2.8927
2024-06-12 19:00:00,-2.8945
2024-06-12 20:00:00,-2.8962
2024-06-12 21:00:00,-2.8982
2024-06-12 22:00:00,-2.9002
2024-06-12 23:00:00,-2.9026
2024-06-13 00:00:00,-2.9051
2024-06-13 01:00:00,-2.9080
2024-06-13 02:00:00,-2.9108
2024-06-13 03:00:00,-2.9136
2024-06-13 04:00:00,-2.9163
2024-06-13 05:00:00,-2.9189
2024-06-13 06:00:00,-2.9216
2024-06-13 07:00:00,-2.9240
2024-06-13 08:00:00,-2.9267
2024-06-13 09:00:00,-2.9293
2024-06-13 10:00:00,-2.9315
2024-06-13 11:00:00,-2.9341
2024-06-13 12:00:00,-2.9364
2024-06-13 13:00:00,-2.9390
2024-06-13 14:00:00,-2.9412
2024-06-13 15:00:00,-2.9437
2024-06-13 16:00:00,-2.9467
2024-06-13 17:00:00,-2.9490
2024-06-13 18:00:00,-2.9515
2024-06-13 19:00:00,-2.9539
2024-06-13 20:00:00,-2.9564
2024-06-13 21:00:00,-2.9587
2024-06-13 22:00:00,-2.9608
2024-06-13 23:00:00,-2.9626
2024-06-14 00:00:00,-2.9642
2024-06-14 01:00:00,-2.9656
2024-06-14 02:00:00,-2.9667
2024-06-14 03:00:00,-2.9678
2024-06-14 04:00:00,-2.9689
2024-06-14 05:00:00,-2.9699
2024-06-14 06:00:00,-2.9710
2024-06-14 07:00:00,-2.9720
2024-06-14 08:00:00,-2.9729
2024-06-14 09:00:00,-2.9739
2024-06-14 10:00:00,-2.9747
2024-06-14 11:00:00,-2.9760
2024-06-14 12:00:00,-2.9768
2024-06-14 13:00:00,-2.9780
2024-06-14 14:00:00,-2.9790
2024-06-14 15:00:00,-2.9802
2024-06-14 16:00:00,-2.9815
2024-06-14 17:00:00,-2.9831
2024-06-14 18:00:00,-2.9844
2024-06-14 19:00:00,-2.9856
2024-06-14 20:00:00,-2.9870
2024-06-14 21:00:00,-2.9884
2024-06-14 22:00:00,-2.9900
2024-06-14 23:00:00,-2.9916
2024-06-15 00:00:00,-2.9928
2024-06-15 01:00:00,-2.9935
2024-06-15 02:00:00,-2.9947
2024-06-15 03:00:00,-2.9956
2024-06-15 04:00:00,-2.9968
2024-06-15 05:00:00,-2.9978
2024-06-15 06:00:00,-2.9986
2024-06-15 07:00:00,-2.9996
2024-06-15 08:00:00,-3.0004
2024-06-15 09:00:00,-3.0009
2024-06-15 10:00:00,-3.0016
2024-06-15 11:00:00,-3.0023
2024-06-15 12:00:00,-3.0024
2024-06-15 13:00:00,-3.0034
2024-06-15 14:00:00,-3.0051
2024-06-15 15:00:00,-3.0060
2024-06-15 16:00:00,-3.0076
2024-06-15 17:00:00,-3.0087
2024-06-15 18:00:00,-3.0101
2024-06-15 19:00:00,-3.0113
2024-06-15 20:00:00,-3.0123
2024-06-15 21:00:00,-3.0137
2024-06-15 22:00:00,-3.0146
2024-06-15 23:00:00,-3.0158
2024-06-16 00:00:00,-3.0169
2024-06-16 01:00:00,-3.0181
2024-06-16 02:00:00,-3.0193
2024-06-16 03:00:00,-3.0201
2024-06-16 04:00:00,-3.0211
2024-06-16 05:00:00,-3.0224
2024-06-16 06:00:00,-3.0234
2024-06-16 07:00:00,-3.0245
2024-06-16 08:00:00,-3.0253
2024-06-16 09:00:00,-3.0263
2024-06-16 10:00:00,-3.0276
2024-06-16 11:00:00,-3.0285
2024-06-16 12:00:00,-3.0298
2024-06-16 13:00:00,-3.0310
2024-06-16 14:00:00,-3.0315
2024-06-16 15:00:00,-3.0323
2024-06-16 16:00:00,-3.0334
2024-06-16 17:00:00,-3.0346
2024-06-16 18:00:00,-3.0354
2024-06-16 19:00:00,-3.0367
2024-06-16 20:00:00,-3.0378
2024-06-16 21:00:00,-3.0388
2024-06-16 22:00:00,-3.0398
2024-06-16 23:00:00,-3.0408
2024-06-17 00:00:00,-3.0415
2024-06-17 01:00:00,-3.0423
2024-06-17 02:00:00,-3.0431
2024-06-17 03:00:00,-3.0438
2024-06-17 04:00:00,-3.0443
2024-06-17 05:00:00,-3.0450
2024-06-17 06:00:00,-3.0457
2024-06-17 07:00:00,-3.0463
2024-06-17 08:00:00,-3.0468
2024-06-17 09:00:00,-3.0476
2024-06-17 10:00:00,-3.0483
2024-06-17 11:00:00,-3.0491
2024-06-17 12:00:00,-3.0498
2024-06-17 13:00:00,-3.0509
2024-06-17 14:00:00,-3.0516
2024-06-17 15:00:00,-3.0522
2024-06-17 16:00:00,-3.0530
2024-06-17 17:00:00,-3.0537
2024-06-17 18:00:00,-3.0543
2024-06-17 19:00:00,-3.0546
2024-06-17 20:00:00,-3.0553
2024-06-17 21:00:00,-3.0559
2024-06-17 22:00:00,-3.0564
2024-06-17 23:00:00,-3.0571
2024-06-18 00:00:00,-3.0574
2024-06-18 01:00:00,-3.0579
2024-06-18 02:00:00,-3.0582
2024-06-18 03:00:00,-3.0584
2024-06-18 04:00:00,-3.0585
2024-06-18 05:00:00,-3.0587
2024-06-18 06:00:00,-3.0589
2024-06-18 07:00:00,-3.0592
2024-06-18 08:00:00,-3.0596
2024-06-18 09:00:00,-3.0598
2024-06-18 10:00:00,-3.0600
2024-06-18 11:00:00,-3.0601
2024-06-18 12:00:00,-3.0605
2024-06-18 13:00:00,-3.0606
2024-06-18 14:00:00,-3.0608
2024-06-18 15:00:00,-3.0611
2024-06-18 16:00:00,-3.0614
2024-06-18 17:00:00,-3.0615
2024-06-18 18:00:00,-3.0618
2024-06-18 19:00:00,-3.0618
2024-06-18 20:00:00,-3.0619
2024-06-18 21:00:00,-3.0620
2024-06-18 22:00:00,-3.0619
2024-06-18 23:00:00,-3.0619
2024-06-19 00:00:00,-3.0620
2024-06-19 01:00:00,-3.0616
2024-06-19 02:00:00,-3.0614
2024-06-19 03:00:00,-3.0608
2024-06-19 04:00:00,-3.0603
2024-06-19 05:00:00,-3.0596
2024-06-19 06:00:00,-3.0587
2024-06-19 07:00:00,-3.0578
2024-06-19 08:00:00,-3.0573
2024-06-19 09:00:00,-3.0566
2024-06-19 10:00:00,-3.0565
2024-06-19 11:00:00,-3.0564
2024-06-19 12:00:00,-3.0569
2024-06-19 13:00:00,-3.0574
2024-06-19 14:00:00,-3.0577
2024-06-19 15:00:00,-3.0577
2024-06-19 16:00:00,-3.0582
2024-06-19 17:00:00,-3.0587
2024-06-19 18:00:00,-3.0591
2024-06-19 19:00:00,-3.0596
2024-06-19 20:00:00,-3.0605
2024-06-19 21:00:00,-3.0609
2024-06-19 22:00:00,-3.0619
2024-06-19 23:00:00,-3.0625
2024-06-20 00:00:00,-3.0630
2024-06-20 01:00:00,-3.0633
2024-06-20 02:00:00,-3.0637
2024-06-20 03:00:00,-3.0640
2024-06-20 04:00:00,-3.0640
2024-06-20 05:00:00,-3.0642
2024-06-20 06:00:00,-3.0644
2024-06-20 07:00:00,-3.0646
2024-06-20 08:00:00,-3.0651
2024-06-20 09:00:00,-3.0661
2024-06-20 10:00:00,-3.0671
2024-06-20 11:00:00,-3.0677
2024-06-20 12:00:00,-3.0687
2024-06-20 13:00:00,-3.0695
2024-06-20 14:00:00,-3.0702
2024-06-20 15:00:00,-3.0710
2024-06-20 16:00:00,-3.0713
2024-06-20 17:00:00,-3.0725
2024-06-20 18:00:00,-3.0730
2024-06-20 19:00:00,-3.0735
2024-06-20 20:00:00,-3.0745
2024-06-20 21:00:00,-3.0751
2024-06-20 22:00:00,-3.0757
2024-06-20 23:00:00,-3.0765
2024-06-21 00:00:00,-3.0771
2024-06-21 01:00:00,-3.0776
2024-06-21 02:00:00,-3.0780
2024-06-21 03:00:00,-3.0784
2024-06-21 04:00:00,-3.0783
2024-06-21 05:00:00,-3.0783
2024-06-21 06:00:00,-3.0783
2024-06-21 07:00:00,-3.0783
2024-06-21 08:00:00,-3.0786
2024-06-21 09:00:00,-3.0790
2024-06-21 10:00:00,-3.0794
2024-06-21 11:00:00,-3.0799
2024-06-21 12:00:00,-3.0799
2024-06-21 13:00:00,-3.0804
2024-06-21 14:00:00,-3.0808
2024-06-21 15:00:00,-3.0812
2024-06-21 16:00:00,-3.0816
2024-06-21 17:00:00,-3.0817
2024-06-21 18:00:00,-3.0820
2024-06-21 19:00:00,-3.0821
2024-06-21 20:00:00,-3.0824
2024-06-21 21:00:00,-3.0827
2024-06-21 22:00:00,-3.0832
2024-06-21 23:00:00,-3.0837
2024-06-22 00:00:00,-3.0839
2024-06-22 01:00:00,-3.0843
2024-06-22 02:00:00,-3.0845
2024-06-22 03:00:00,-3.0846
2024-06-22 04:00:00,-3.0847
2024-06-22 05:00:00,-3.0849
2024-06-22 06:00:00,-3.0848
2024-06-22 07:00:00,-3.0847
2024-06-22 08:00:00,-3.0850
2024-06-22 09:00:00,-3.0852
2024-06-22 10:00:00,-3.0857
2024-06-22 11:00:00,-3.0861
2024-06-22 12:00:00,-3.0867
2024-06-22 13:00:00,-3.0872
2024-06-22 14:00:00,-3.0880
2024-06-22 15:00:00,-3.0884
2024-06-22 16:00:00,-3.0889
2024-06-22 17:00:00,-3.0892
2024-06-22 18:00:00,-3.0894
2024-06-22 19:00:00,-3.0898
2024-06-22 20:00:00,-3.0902
2024-06-22 21:00:00,-3.0904
2024-06-22 22:00:00,-3.0907
2024-06-22 23:00:00,-3.0908
2024-06-23 00:00:00,-3.0909
2024-06-23 01:00:00,-3.0908
2024-06-23 02:00:00,-3.0909
2024-06-23 03:00:00,-3.0909
2024-06-23 04:00:00,-3.0910
2024-06-23 05:00:00,-3.0907
2024-06-23 06:00:00,-3.0905
2024-06-23 07:00:00,-3.0905
2024-06-23 08:00:00,-3.0904
2024-06-23 09:00:00,-3.0902
2024-06-23 10:00:00,-3.0903
2024-06-23 11:00:00,-3.0905
2024-06-23 12:00:00,-3.0911
2024-06-23 13:00:00,-3.0914
2024-06-23 14:00:00,-3.0915
2024-06-23 15:00:00,-3.0915
2024-06-23 16:00:00,-3.0916
2024-06-23 17:00:00,-3.0918
2024-06-23 18:00:00,-3.0917
2024-06-23 19:00:00,-3.0917
2024-06-23 20:00:00,-3.0918
2024-06-23 21:00:00,-3.0917
2024-06-23 22:00:00,-3.0917
2024-06-23 23:00:00,-3.0915
2024-06-24 00:00:00,-3.0912
2024-06-24 01:00:00,-3.0912
2024-06-24 02:00:00,-3.0911
2024-06-24 03:00:00,-3.0910
2024-06-24 04:00:00,-3.0907
2024-06-24 05:00:00,-3.0906
2024-06-24 06:00:00,-3.0904
2024-06-24 07:00:00,-3.0902
2024-06-24 08:00:00,-3.0901
2024-06-24 09:00:00,-3.0902
2024-06-24 10:00:00,-3.0902
2024-06-24 11:00:00,-3.0902
2024-06-24 12:00:00,-3.0908
2024-06-24 13:00:00,-3.0914
2024-06-24 14:00:00,-3.0919
2024-06-24 15:00:00,-3.0924
2024-06-24 16:00:00,-3.0930
2024-06-24 17:00:00,-3.0934
2024-06-24 18:00:00,-3.0939
2024-06-24 19:00:00,-3.0943
2024-06-24 20:00:00,-3.0947
2024-06-24 21:00:00,-3.0948
2024-06-24 22:00:00,-3.0952
2024-06-24 23:00:00,-3.0957
2024-06-25 00:00:00,-3.0962
2024-06-25 01:00:00,-3.0969
2024-06-25 02:00:00,-3.0973
2024-06-25 03:00:00,-3.0978
2024-06-25 04:00:00,-3.0984
2024-06-25 05:00:00,-3.0991
2024-06-25 06:00:00,-3.0995
2024-06-25 07:00:00,-3.1000
2024-06-25 08:00:00,-3.1004
2024-06-25 09:00:00,-3.1009
2024-06-25 10:00:00,-3.1010
2024-06-25 11:00:00,-3.1016
2024-06-25 12:00:00,-3.1021
2024-06-25 13:00:00,-3.1028
2024-06-25 14:00:00,-3.1032
2024-06-25 15:00:00,-3.1041
2024-06-25 16:00:00,-3.1047
2024-06-25 17:00:00,-3.1051
2024-06-25 18:00:00,-3.1056
2024-06-25 19:00:00,-3.1057
2024-06-25 20:00:00,-3.1065
2024-06-25 21:00:00,-3.1071
2024-06-25 22:00:00,-3.1077
2024-06-25 23:00:00,-3.1082
2024-06-26 00:00:00,-3.1085
2024-06-26 01:00:00,-3.1091
2024-06-26 02:00:00,-3.1094
2024-06-26 03:00:00,-3.1098
2024-06-26 04:00:00,-3.1101
2024-06-26 05:00:00,-3.1106
2024-06-26 06:00:00,-3.1109
2024-06-26 07:00:00,-3.1114
2024-06-26 08:00:00,-3.1118
2024-06-26 09:00:00,-3.1125
2024-06-26 10:00:00,-3.1129
2024-06-26 11:00:00,-3.1134
2024-06-26 12:00:00,-3.1139
2024-06-26 13:00:00,-3.1144
2024-06-26 14:00:00,-3.1151
2024-06-26 15:00:00,-3.1159
2024-06-26 16:00:00,-3.1164
2024-06-26 17:00:00,-3.1172
2024-06-26 18:00:00,-3.1177
2024-06-26 19:00:00,-3.1183
2024-06-26 20:00:00,-3.1190
2024-06-26 21:00:00,-3.1197
2024-06-26 22:00:00,-3.1204
2024-06-26 23:00:00,-3.1212
2024-06-27 00:00:00,-3.1215
2024-06-27 01:00:00,-3.1220
2024-06-27 02:00:00,-3.1225
2024-06-27 03:00:00,-3.1229
2024-06-27 04:00:00,-3.1234
2024-06-27 05:00:00,-3.1240
2024-06-27 06:00:00,-3.1246
2024-06-27 07:00:00,-3.1252
2024-06-27 08:00:00,-3.1259
2024-06-27 09:00:00,-3.1265
2024-06-27 10:00:00,-3.1271
2024-06-27 11:00:00,-3.1277
2024-06-27 12:00:00,-3.1283
2024-06-27 13:00:00,-3.1291
2024-06-27 14:00:00,-3.1298
2024-06-27 15:00:00,-3.1307
2024-06-27 16:00:00,-3.1317
2024-06-27 17:00:00,-3.1322
2024-06-27 18:00:00,-3.1330
2024-06-27 19:00:00,-3.1336
2024-06-27 20:00:00,-3.1342
2024-06-27 21:00:00,-3.1348
2024-06-27 22:00:00,-3.1357
2024-06-27 23:00:00,-3.1364
2024-06-28 00:00:00,-3.1370
2024-06-28 01:00:00,-3.1374
2024-06-28 02:00:00,-3.1380
2024-06-28 03:00:00,-3.1386
2024-06-28 04:00:00,-3.1393
2024-06-28 05:00:00,-3.1397
2024-06-28 06:00:00,-3.1404
2024-06-28 07:00:00,-3.1413
2024-06-28 08:00:00,-3.1420
2024-06-28 09:00:00,-3.1429
2024-06-28 10:00:00,-3.1434
2024-06-28 11:00:00,-3.1443
2024-06-28 12:00:00,-3.1448
2024-06-28 13:00:00,-3.1455
2024-06-28 14:00:00,-3.1466
2024-06-28 15:00:00,-3.1469
2024-06-28 16:00:00,-3.1474
2024-06-28 17:00:00,-3.1480
2024-06-28 18:00:00,-3.1482
2024-06-28 19:00:00,-3.1487
2024-06-28 20:00:00,-3.1492
2024-06-28 21:00:00,-3.1497
2024-06-28 22:00:00,-3.1503
2024-06-28 23:00:00,-3.1509
2024-06-29 00:00:00,-3.1514
2024-06-29 01:00:00,-3.1520
2024-06-29 02:00:00,-3.1525
2024-06-29 03:00:00,-3.1529
2024-06-29 04:00:00,-3.1532
2024-06-29 05:00:00,-3.1537
2024-06-29 06:00:00,-3.1541
2024-06-29 07:00:00,-3.1546
2024-06-29 08:00:00,-3.1549
2024-06-29 09:00:00,-3.1553
2024-06-29 10:00:00,-3.1558
2024-06-29 11:00:00,-3.1560
2024-06-29 12:00:00,-3.1563
2024-06-29 13:00:00,-3.1567
2024-06-29 14:00:00,-3.1571
2024-06-29 15:00:00,-3.1573
2024-06-29 16:00:00,-3.1573
2024-06-29 17:00:00,-3.1579
2024-06-29 18:00:00,-3.1579
2024-06-29 19:00:00,-3.1576
2024-06-29 20:00:00,-3.1580
2024-06-29 21:00:00,-3.1576
2024-06-29 22:00:00,-3.1573
2024-06-29 23:00:00,-3.1574
2024-06-30 00:00:00,-3.1574
2024-06-30 01:00:00,-3.1572
2024-06-30 02:00:00,-3.1563
2024-06-30 03:00:00,-3.1560
2024-06-30 04:00:00,-3.1557
2024-06-30 05:00:00,-3.1558
2024-06-30 06:00:00,-3.1562
2024-06-30 07:00:00,-3.1565
2024-06-30 08:00:00,-3.1567
2024-06-30 09:00:00,-3.1571
2024-06-30 10:00:00,-3.1573
2024-06-30 11:00:00,-3.1574
2024-06-30 12:00:00,-3.1577
2024-06-30 13:00:00,-3.1579
2024-06-30 14:00:00,-3.1580
2024-06-30 15:00:00,-3.1577
2024-06-30 16:00:00,-3.1579
2024-06-30 17:00:00,-3.1581
2024-06-30 18:00:00,-3.1584
2024-06-30 19:00:00,-3.1586
2024-06-30 20:00:00,-3.1587
2024-06-30 21:00:00,-3.1591
2024-06-30 22:00:00,-3.1598
2024-06-30 23:00:00,-3.1603
2024-07-01 00:00:00,-3.1609
2024-07-01 01:00:00,-3.1613
2024-07-01 02:00:00,-3.1617
2024-07-01 03:00:00,-3.1621
2024-07-01 04:00:00,-3.1623
2024-07-01 05:00:00,-3.1624
2024-07-01 06:00:00,-3.1626
2024-07-01 07:00:00,-3.1629
2024-07-01 08:00:00,-3.1629
2024-07-01 09:00:00,-3.1630
2024-07-01 10:00:00,-3.1634
2024-07-01 11:00:00,-3.1634
2024-07-01 12:00:00,-3.1633
2024-07-01 13:00:00,-3.1634
2024-07-01 14:00:00,-3.1632
2024-07-01 15:00:00,-3.1629
2024-07-01 16:00:00,-3.1624
2024-07-01 17:00:00,-3.1620
2024-07-01 18:00:00,-3.1623
2024-07-01 19:00:00,-3.1624
2024-07-01 20:00:00,-3.1624
2024-07-01 21:00:00,-3.1624
2024-07-01 22:00:00,-3.1626
2024-07-01 23:00:00,-3.1630
2024-07-02 00:00:00,-3.1630
2024-07-02 01:00:00,-3.1636
2024-07-02 02:00:00,-3.1642
2024-07-02 03:00:00,-3.1646
2024-07-02 04:00:00,-3.1650
2024-07-02 05:00:00,-3.1655
2024-07-02 06:00:00,-3.1661
2024-07-02 07:00:00,-3.1664
2024-07-02 08:00:00,-3.1665
2024-07-02 09:00:00,-3.1668
2024-07-02 10:00:00,-3.1674
2024-07-02 11:00:00,-3.1679
2024-07-02 12:00:00,-3.1678
2024-07-02 13:00:00,-3.1683
2024-07-02 14:00:00,-3.1685
2024-07-02 15:00:00,-3.1679
2024-07-02 16:00:00,-3.1673
2024-07-02 17:00:00,-3.1676
2024-07-02 18:00:00,-3.1681
2024-07-02 19:00:00,-3.1683
2024-07-02 20:00:00,-3.1691
2024-07-02 21:00:00,-3.1698
2024-07-02 22:00:00,-3.1704
2024-07-02 23:00:00,-3.1707
2024-07-03 00:00:00,-3.1707
2024-07-03 01:00:00,-3.1707
2024-07-03 02:00:00,-3.1709
2024-07-03 03:00:00,-3.1712
2024-07-03 04:00:00,-3.1714
2024-07-03 05:00:00,-3.1715
2024-07-03 06:00:00,-3.1720
2024-07-03 07:00:00,-3.1723
2024-07-03 08:00:00,-3.1726
2024-07-03 09:00:00,-3.1725
2024-07-03 10:00:00,-3.1729
2024-07-03 11:00:00,-3.1729
2024-07-03 12:00:00,-3.1720
2024-07-03 13:00:00,-3.1704
2024-07-03 14:00:00,-3.1701
2024-07-03 15:00:00,-3.1687
2024-07-03 16:00:00,-3.1673
2024-07-03 17:00:00,-3.1660
2024-07-03 18:00:00,-3.1650
2024-07-03 19:00:00,-3.1646
2024-07-03 20:00:00,-3.1632
2024-07-03 21:00:00,-3.1650
2024-07-03 22:00:00,-3.1654
2024-07-03 23:00:00,-3.1661
2024-07-04 00:00:00,-3.1659
2024-07-04 01:00:00,-3.1654
2024-07-04 02:00:00,-3.1641
2024-07-04 03:00:00,-3.1612
2024-07-04 04:00:00,-3.1593
2024-07-04 05:00:00,-3.1573
2024-07-04 06:00:00,-3.1552
2024-07-04 07:00:00,-3.1527
2024-07-04 08:00:00,-3.1521
2024-07-04 09:00:00,-3.1503
2024-07-04 10:00:00,-3.1496
2024-07-04 11:00:00,-3.1489
2024-07-04 12:00:00,-3.1484
2024-07-04 13:00:00,-3.1469
2024-07-04 14:00:00,-3.1458
2024-07-04 15:00:00,-3.1448
2024-07-04 16:00:00,-3.1437
2024-07-04 17:00:00,-3.1422
2024-07-04 18:00:00,-3.1406
2024-07-04 19:00:00,-3.1390
2024-07-04 20:00:00,-3.1382
2024-07-04 21:00:00,-3.1364
2024-07-04 22:00:00,-3.1359
2024-07-04 23:00:00,-3.1352
2024-07-05 00:00:00,-3.1345
2024-07-05 01:00:00,-3.1342
2024-07-05 02:00:00,-3.1340
2024-07-05 03:00:00,-3.1337
2024-07-05 04:00:00,-3.1337
2024-07-05 05:00:00,-3.1335
2024-07-05 06:00:00,-3.1334
2024-07-05 07:00:00,-3.1338
2024-07-05 08:00:00,-3.1338
2024-07-05 09:00:00,-3.1343
2024-07-05 10:00:00,-3.1349
2024-07-05 11:00:00,-3.1361
2024-07-05 12:00:00,-3.1364
2024-07-05 13:00:00,-3.1372
2024-07-05 14:00:00,-3.1379
2024-07-05 15:00:00,-3.1382
2024-07-05 16:00:00,-3.1385
2024-07-05 17:00:00,-3.1387
2024-07-05 18:00:00,-3.1388
2024-07-05 19:00:00,-3.1388
2024-07-05 20:00:00,-3.1394
2024-07-05 21:00:00,-3.1397
2024-07-05 22:00:00,-3.1402
2024-07-05 23:00:00,-3.1407
2024-07-06 00:00:00,-3.1412
2024-07-06 01:00:00,-3.1414
2024-07-06 02:00:00,-3.1413
2024-07-06 03:00:00,-3.1412
2024-07-06 04:00:00,-3.1363
2024-07-06 05:00:00,-3.1360
2024-07-06 06:00:00,-3.1338
2024-07-06 07:00:00,-3.1317
2024-07-06 08:00:00,-3.1308
2024-07-06 09:00:00,-3.1307
2024-07-06 10:00:00,-3.1298
2024-07-06 11:00:00,-3.1264
2024-07-06 12:00:00,-3.1267
2024-07-06 13:00:00,-3.1241
2024-07-06 14:00:00,-3.1222
2024-07-06 15:00:00,-3.1214
2024-07-06 16:00:00,-3.1187
2024-07-06 17:00:00,-3.1167
2024-07-06 18:00:00,-3.1161
2024-07-06 19:00:00,-3.1150
2024-07-06 20:00:00,-3.1145
2024-07-06 21:00:00,-3.1128
2024-07-06 22:00:00,-3.1118
2024-07-06 23:00:00,-3.1108
2024-07-07 00:00:00,-3.1100
2024-07-07 01:00:00,-3.1091
2024-07-07 02:00:00,-3.1082
2024-07-07 03:00:00,-3.1072
2024-07-07 04:00:00,-3.1062
2024-07-07 05:00:00,-3.1052
2024-07-07 06:00:00,-3.1041
2024-07-07 07:00:00,-3.1030
2024-07-07 08:00:00,-3.1019
2024-07-07 09:00:00,-3.1008
2024-07-07 10:00:00,-3.0996
2024-07-07 11:00:00,-3.0987
2024-07-07 12:00:00,-3.0978
2024-07-07 13:00:00,-3.0973
2024-07-07 14:00:00,-3.0965
2024-07-07 15:00:00,-3.0955
2024-07-07 16:00:00,-3.0951
2024-07-07 17:00:00,-3.0946
2024-07-07 18:00:00,-3.0939
2024-07-07 19:00:00,-3.0933
2024-07-07 20:00:00,-3.0927
2024-07-07 21:00:00,-3.0920
2024-07-07 22:00:00,-3.0918
2024-07-07 23:00:00,-3.0911
2024-07-08 00:00:00,-3.0905
2024-07-08 01:00:00,-3.0900
2024-07-08 02:00:00,-3.0895
2024-07-08 03:00:00,-3.0889
2024-07-08 04:00:00,-3.0884
2024-07-08 05:00:00,-3.0881
2024-07-08 06:00:00,-3.0875
2024-07-08 07:00:00,-3.0870
2024-07-08 08:00:00,-3.0865
2024-07-08 09:00:00,-3.0863
2024-07-08 10:00:00,-3.0862
2024-07-08 11:00:00,-3.0858
2024-07-08 12:00:00,-3.0856
2024-07-08 13:00:00,-3.0855
2024-07-08 14:00:00,-3.0855
2024-07-08 15:00:00,-3.0853
2024-07-08 16:00:00,-3.0847
2024-07-08 17:00:00,-3.0840
2024-07-08 18:00:00,-3.0838
2024-07-08 19:00:00,-3.0833
2024-07-08 20:00:00,-3.0792
2024-07-08 21:00:00,-3.0785
2024-07-08 22:00:00,-3.0782
2024-07-08 23:00:00,-3.0779
2024-07-09 00:00:00,-3.0778
2024-07-09 01:00:00,-3.0777
2024-07-09 02:00:00,-3.0775
2024-07-09 03:00:00,-3.0773
2024-07-09 04:00:00,-3.0769
2024-07-09 05:00:00,-3.0766
2024-07-09 06:00:00,-3.0762
2024-07-09 07:00:00,-3.0759
2024-07-09 08:00:00,-3.0753
2024-07-09 09:00:00,-3.0753
2024-07-09 10:00:00,-3.0749
2024-07-09 11:00:00,-3.0746
2024-07-09 12:00:00,-3.0748
2024-07-09 13:00:00,-3.0751
2024-07-09 14:00:00,-3.0753
2024-07-09 15:00:00,-3.0758
2024-07-09 16:00:00,-3.0765
2024-07-09 17:00:00,-3.0771
2024-07-09 18:00:00,-3.0775
2024-07-09 19:00:00,-3.0772
2024-07-09 20:00:00,-3.0788
2024-07-09 21:00:00,-3.0660
2024-07-09 22:00:00,-3.0525
2024-07-09 23:00:00,-3.0385
2024-07-10 00:00:00,-3.0286
2024-07-10 01:00:00,-3.0218
2024-07-10 02:00:00,-3.0168
2024-07-10 03:00:00,-3.0132
2024-07-10 04:00:00,-3.0103
2024-07-10 05:00:00,-3.0086
2024-07-10 06:00:00,-3.0074
2024-07-10 07:00:00,-3.0064
2024-07-10 08:00:00,-3.0059
2024-07-10 09:00:00,-3.0064
2024-07-10 10:00:00,-3.0065
2024-07-10 11:00:00,-3.0071
2024-07-10 12:00:00,-3.0003
2024-07-10 13:00:00,-2.9959
2024-07-10 14:00:00,-2.9906
2024-07-10 15:00:00,-2.9872
2024-07-10 16:00:00,-2.9841
2024-07-10 17:00:00,-2.9823
2024-07-10 18:00:00,-2.9802
2024-07-10 19:00:00,-2.9784
2024-07-10 20:00:00,-2.9775
2024-07-10 21:00:00,-2.9767
2024-07-10 22:00:00,-2.9760
2024-07-10 23:00:00,-2.9760
2024-07-11 00:00:00,-2.9761
2024-07-11 01:00:00,-2.9763
2024-07-11 02:00:00,-2.9767
2024-07-11 03:00:00,-2.9774
2024-07-11 04:00:00,-2.9783
2024-07-11 05:00:00,-2.9794
2024-07-11 06:00:00,-2.9808
2024-07-11 07:00:00,-2.9823
2024-07-11 08:00:00,-2.9841
2024-07-11 09:00:00,-2.9860
2024-07-11 10:00:00,-2.9878
2024-07-11 11:00:00,-2.9898
2024-07-11 12:00:00,-2.9914
2024-07-11 13:00:00,-2.9932
2024-07-11 14:00:00,-2.9951
2024-07-11 15:00:00,-2.9967
2024-07-11 16:00:00,-2.9985
2024-07-11 17:00:00,-2.9998
2024-07-11 18:00:00,-3.0011
2024-07-11 19:00:00,-3.0022
2024-07-11 20:00:00,-3.0034
2024-07-11 21:00:00,-3.0042
2024-07-11 22:00:00,-3.0052
2024-07-11 23:00:00,-3.0059
2024-07-12 00:00:00,-3.0064
2024-07-12 01:00:00,-3.0070
2024-07-12 02:00:00,-3.0075
2024-07-12 03:00:00,-3.0077
2024-07-12 04:00:00,-3.0083
2024-07-12 05:00:00,-3.0085
2024-07-12 06:00:00,-3.0083
2024-07-12 07:00:00,-3.0087
2024-07-12 08:00:00,-3.0088
2024-07-12 09:00:00,-3.0093
2024-07-12 10:00:00,-3.0090
2024-07-12 11:00:00,-3.0093
2024-07-12 12:00:00,-3.0100
2024-07-12 13:00:00,-3.0101
2024-07-12 14:00:00,-3.0101
2024-07-12 15:00:00,-3.0059
2024-07-12 16:00:00,-2.9945
2024-07-12 17:00:00,-2.9833
2024-07-12 18:00:00,-2.9755
2024-07-12 19:00:00,-2.9695
2024-07-12 20:00:00,-2.9624
2024-07-12 21:00:00,-2.9542
2024-07-12 22:00:00,-2.9465
2024-07-12 23:00:00,-2.9406
2024-07-13 00:00:00,-2.9365
2024-07-13 01:00:00,-2.9331
2024-07-13 02:00:00,-2.9311
2024-07-13 03:00:00,-2.9297
2024-07-13 04:00:00,-2.9290
2024-07-13 05:00:00,-2.9286
2024-07-13 06:00:00,-2.9284
2024-07-13 07:00:00,-2.9286
2024-07-13 08:00:00,-2.9286
2024-07-13 09:00:00,-2.9276
2024-07-13 10:00:00,-2.9262
2024-07-13 11:00:00,-2.9251
2024-07-13 12:00:00,-2.9238
2024-07-13 13:00:00,-2.9221
2024-07-13 14:00:00,-2.9211
2024-07-13 15:00:00,-2.9212
2024-07-13 16:00:00,-2.9204
2024-07-13 17:00:00,-2.9209
2024-07-13 18:00:00,-2.9215
2024-07-13 19:00:00,-2.9221
2024-07-13 20:00:00,-2.9228
2024-07-13 21:00:00,-2.9236
2024-07-13 22:00:00,-2.9248
2024-07-13 23:00:00,-2.9259
2024-07-14 00:00:00,-2.9271
2024-07-14 01:00:00,-2.9284
2024-07-14 02:00:00,-2.9296
2024-07-14 03:00:00,-2.9310
2024-07-14 04:00:00,-2.9322
2024-07-14 05:00:00,-2.9339
2024-07-14 06:00:00,-2.9356
2024-07-14 07:00:00,-2.9375
2024-07-14 08:00:00,-2.9395
2024-07-14 09:00:00,-2.9410
2024-07-14 10:00:00,-2.9427
2024-07-14 11:00:00,-2.9448
2024-07-14 12:00:00,-2.9464
2024-07-14 13:00:00,-2.9493
2024-07-14 14:00:00,-2.9510
2024-07-14 15:00:00,-2.9524
2024-07-14 16:00:00,-2.9539
2024-07-14 17:00:00,-2.9556
2024-07-14 18:00:00,-2.9577
2024-07-14 19:00:00,-2.9586
2024-07-14 20:00:00,-2.9609
2024-07-14 21:00:00,-2.9626
2024-07-14 22:00:00,-2.9645
2024-07-14 23:00:00,-2.9666
2024-07-15 00:00:00,-2.9686
2024-07-15 01:00:00,-2.9705
2024-07-15 02:00:00,-2.9723
2024-07-15 03:00:00,-2.9740
2024-07-15 04:00:00,-2.9756
2024-07-15 05:00:00,-2.9774
2024-07-15 06:00:00,-2.9791
2024-07-15 07:00:00,-2.9806
2024-07-15 08:00:00,-2.9824
2024-07-15 09:00:00,-2.9839
2024-07-15 10:00:00,-2.9853
2024-07-15 11:00:00,-2.9870
2024-07-15 12:00:00,-2.9886
2024-07-15 13:00:00,-2.9901
2024-07-15 14:00:00,-2.9912
2024-07-15 15:00:00,-2.9928
2024-07-15 16:00:00,-2.9939
2024-07-15 17:00:00,-2.9952
2024-07-15 18:00:00,-2.9967
2024-07-15 19:00:00,-2.9979
2024-07-15 20:00:00,-2.9992
2024-07-15 21:00:00,-3.0001
2024-07-15 22:00:00,-3.0012
2024-07-15 23:00:00,-3.0022
2024-07-16 00:00:00,-3.0029
2024-07-16 01:00:00,-3.0035
2024-07-16 02:00:00,-3.0038
2024-07-16 03:00:00,-3.0043
2024-07-16 04:00:00,-3.0049
2024-07-16 05:00:00,-3.0059
2024-07-16 06:00:00,-3.0071
2024-07-16 07:00:00,-3.0080
2024-07-16 08:00:00,-3.0087
2024-07-16 09:00:00,-3.0096
2024-07-16 10:00:00,-3.0108
2024-07-16 11:00:00,-3.0111
2024-07-16 12:00:00,-3.0118
2024-07-16 13:00:00,-3.0097
2024-07-16 14:00:00,-3.0100
2024-07-16 15:00:00,-3.0076
2024-07-16 16:00:00,-3.0036
2024-07-16 17:00:00,-3.0006
2024-07-16 18:00:00,-2.9986
2024-07-16 19:00:00,-2.9970
2024-07-16 20:00:00,-2.9962
2024-07-16 21:00:00,-2.9961
2024-07-16 22:00:00,-2.9957
2024-07-16 23:00:00,-2.9955
2024-07-17 00:00:00,-2.9949
2024-07-17 01:00:00,-2.9947
2024-07-17 02:00:00,-2.9946
2024-07-17 03:00:00,-2.9949
2024-07-17 04:00:00,-2.9951
2024-07-17 05:00:00,-2.9957
2024-07-17 06:00:00,-2.9965
2024-07-17 07:00:00,-2.9975
2024-07-17 08:00:00,-2.9986
2024-07-17 09:00:00,-2.9997
2024-07-17 10:00:00,-3.0010
2024-07-17 11:00:00,-3.0023
2024-07-17 12:00:00,-3.0038
2024-07-17 13:00:00,-3.0049
2024-07-17 14:00:00,-3.0063
2024-07-17 15:00:00,-3.0074
2024-07-17 16:00:00,-3.0086
2024-07-17 17:00:00,-3.0099
2024-07-17 18:00:00,-3.0111
2024-07-17 19:00:00,-3.0118
2024-07-17 20:00:00,-3.0135
2024-07-17 21:00:00,-3.0146
2024-07-17 22:00:00,-3.0158
2024-07-17 23:00:00,-3.0167
2024-07-18 00:00:00,-3.0175
2024-07-18 01:00:00,-3.0184
2024-07-18 02:00:00,-3.0194
2024-07-18 03:00:00,-3.0203
2024-07-18 04:00:00,-3.0212
2024-07-18 05:00:00,-3.0221
2024-07-18 06:00:00,-3.0231
2024-07-18 07:00:00,-3.0241
2024-07-18 08:00:00,-3.0252
2024-07-18 09:00:00,-3.0262
2024-07-18 10:00:00,-3.0273
2024-07-18 11:00:00,-3.0281
2024-07-18 12:00:00,-3.0292
2024-07-18 13:00:00,-3.0299
2024-07-18 14:00:00,-3.0307
2024-07-18 15:00:00,-3.0317
2024-07-18 16:00:00,-3.0328
2024-07-18 17:00:00,-3.0338
2024-07-18 18:00:00,-3.0347
2024-07-18 19:00:00,-3.0360
2024-07-18 20:00:00,-3.0373
2024-07-18 21:00:00,-3.0385
2024-07-18 22:00:00,-3.0396
2024-07-18 23:00:00,-3.0408
2024-07-19 00:00:00,-3.0417
2024-07-19 01:00:00,-3.0426
2024-07-19 02:00:00,-3.0435
2024-07-19 03:00:00,-3.0442
2024-07-19 04:00:00,-3.0449
2024-07-19 05:00:00,-3.0458
2024-07-19 06:00:00,-3.0467
2024-07-19 07:00:00,-3.0475
2024-07-19 08:00:00,-3.0483
2024-07-19 09:00:00,-3.0493
2024-07-19 10:00:00,-3.0501
2024-07-19 11:00:00,-3.0511
2024-07-19 12:00:00,-3.0521
2024-07-19 13:00:00,-3.0532
2024-07-19 14:00:00,-3.0536
2024-07-19 15:00:00,-3.0541
2024-07-19 16:00:00,-3.0550
2024-07-19 17:00:00,-3.0560
2024-07-19 18:00:00,-3.0569
2024-07-19 19:00:00,-3.0577
2024-07-19 20:00:00,-3.0586
2024-07-19 21:00:00,-3.0595
2024-07-19 22:00:00,-3.0605
2024-07-19 23:00:00,-3.0615
2024-07-20 00:00:00,-3.0623
2024-07-20 01:00:00,-3.0630
2024-07-20 02:00:00,-3.0636
2024-07-20 03:00:00,-3.0641
2024-07-20 04:00:00,-3.0645
2024-07-20 05:00:00,-3.0651
2024-07-20 06:00:00,-3.0655
2024-07-20 07:00:00,-3.0660
2024-07-20 08:00:00,-3.0664
2024-07-20 09:00:00,-3.0669
2024-07-20 10:00:00,-3.0675
2024-07-20 11:00:00,-3.0681
2024-07-20 12:00:00,-3.0687
2024-07-20 13:00:00,-3.0693
2024-07-20 14:00:00,-3.0698
2024-07-20 15:00:00,-3.0704
2024-07-20 16:00:00,-3.0710
2024-07-20 17:00:00,-3.0714
2024-07-20 18:00:00,-3.0720
2024-07-20 19:00:00,-3.0724
2024-07-20 20:00:00,-3.0730
2024-07-20 21:00:00,-3.0738
2024-07-20 22:00:00,-3.0745
2024-07-20 23:00:00,-3.0752
2024-07-21 00:00:00,-3.0758
2024-07-21 01:00:00,-3.0762
2024-07-21 02:00:00,-3.0768
2024-07-21 03:00:00,-3.0774
2024-07-21 04:00:00,-3.0778
2024-07-21 05:00:00,-3.0784
2024-07-21 06:00:00,-3.0790
2024-07-21 07:00:00,-3.0795
2024-07-21 08:00:00,-3.0799
2024-07-21 09:00:00,-3.0803
2024-07-21 10:00:00,-3.0814
2024-07-21 11:00:00,-3.0817
2024-07-21 12:00:00,-3.0824
2024-07-21 13:00:00,-3.0830
2024-07-21 14:00:00,-3.0834
2024-07-21 15:00:00,-3.0839
2024-07-21 16:00:00,-3.0842
2024-07-21 17:00:00,-3.0846
2024-07-21 18:00:00,-3.0849
2024-07-21 19:00:00,-3.0851
2024-07-21 20:00:00,-3.0851
2024-07-21 21:00:00,-3.0852
2024-07-21 22:00:00,-3.0854
2024-07-21 23:00:00,-3.0855
2024-07-22 00:00:00,-3.0855
2024-07-22 01:00:00,-3.0857
2024-07-22 02:00:00,-3.0858
2024-07-22 03:00:00,-3.0858
2024-07-22 04:00:00,-3.0857
2024-07-22 05:00:00,-3.0858
2024-07-22 06:00:00,-3.0858
2024-07-22 07:00:00,-3.0861
2024-07-22 08:00:00,-3.0863
2024-07-22 09:00:00,-3.0868
2024-07-22 10:00:00,-3.0873
2024-07-22 11:00:00,-3.0877
2024-07-22 12:00:00,-3.0884
2024-07-22 13:00:00,-3.0887
2024-07-22 14:00:00,-3.0892
2024-07-22 15:00:00,-3.0897
2024-07-22 16:00:00,-3.0898
2024-07-22 17:00:00,-3.0899
2024-07-22 18:00:00,-3.0901
2024-07-22 19:00:00,-3.0902
2024-07-22 20:00:00,-3.0906
2024-07-22 21:00:00,-3.0909
2024-07-22 22:00:00,-3.0912
2024-07-22 23:00:00,-3.0917
2024-07-23 00:00:00,-3.0918
2024-07-23 01:00:00,-3.0925
2024-07-23 02:00:00,-3.0931
2024-07-23 03:00:00,-3.0928
2024-07-23 04:00:00,-3.0928
2024-07-23 05:00:00,-3.0931
2024-07-23 06:00:00,-3.0930
2024-07-23 07:00:00,-3.0928
2024-07-23 08:00:00,-3.0927
2024-07-23 09:00:00,-3.0928
2024-07-23 10:00:00,-3.0930
2024-07-23 11:00:00,-3.0932
2024-07-23 12:00:00,-3.0933
2024-07-23 13:00:00,-3.0936
2024-07-23 14:00:00,-3.0936
2024-07-23 15:00:00,-3.0936
2024-07-23 16:00:00,-3.0937
2024-07-23 17:00:00,-3.0946
2024-07-23 18:00:00,-3.0947
2024-07-23 19:00:00,-3.0948
2024-07-23 20:00:00,-3.0954
2024-07-23 21:00:00,-3.0957
2024-07-23 22:00:00,-3.0959
2024-07-23 23:00:00,-3.0961
2024-07-24 00:00:00,-3.0963
2024-07-24 01:00:00,-3.0963
2024-07-24 02:00:00,-3.0965
2024-07-24 03:00:00,-3.0965
2024-07-24 04:00:00,-3.0963
2024-07-24 05:00:00,-3.0964
2024-07-24 06:00:00,-3.0965
2024-07-24 07:00:00,-3.0964
2024-07-24 08:00:00,-3.0964
2024-07-24 09:00:00,-3.0961
2024-07-24 10:00:00,-3.0964
2024-07-24 11:00:00,-3.0962
2024-07-24 12:00:00,-3.0966
2024-07-24 13:00:00,-3.0967
2024-07-24 14:00:00,-3.0966
2024-07-24 15:00:00,-3.0967
2024-07-24 16:00:00,-3.0968
2024-07-24 17:00:00,-3.0967
2024-07-24 18:00:00,-3.0966
2024-07-24 19:00:00,-3.0965
2024-07-24 20:00:00,-3.0965
2024-07-24 21:00:00,-3.0966
2024-07-24 22:00:00,-3.0963
2024-07-24 23:00:00,-3.0960
2024-07-25 00:00:00,-3.0957
2024-07-25 01:00:00,-3.0954
2024-07-25 02:00:00,-3.0951
2024-07-25 03:00:00,-3.0949
2024-07-25 04:00:00,-3.0946
2024-07-25 05:00:00,-3.0943
2024-07-25 06:00:00,-3.0939
2024-07-25 07:00:00,-3.0927
2024-07-25 08:00:00,-3.0934
2024-07-25 09:00:00,-3.0922
2024-07-25 10:00:00,-3.0932
2024-07-25 11:00:00,-3.0933
2024-07-25 12:00:00,-3.0934
2024-07-25 13:00:00,-3.0937
2024-07-25 14:00:00,-3.0935
2024-07-25 15:00:00,-3.0945
2024-07-25 16:00:00,-3.0960
2024-07-25 17:00:00,-3.0950
2024-07-25 18:00:00,-3.0955
2024-07-25 19:00:00,-3.0955
2024-07-25 20:00:00,-3.0967
2024-07-25 21:00:00,-3.0957
2024-07-25 22:00:00,-3.0959
2024-07-25 23:00:00,-3.0962
2024-07-26 00:00:00,-3.0964
2024-07-26 01:00:00,-3.0965
2024-07-26 02:00:00,-3.0961
2024-07-26 03:00:00,-3.0957
2024-07-26 04:00:00,-3.0957
2024-07-26 05:00:00,-3.0954
2024-07-26 06:00:00,-3.0954
2024-07-26 07:00:00,-3.0951
2024-07-26 08:00:00,-3.0952
2024-07-26 09:00:00,-3.0953
2024-07-26 10:00:00,-3.0955
2024-07-26 11:00:00,-3.0957
2024-07-26 12:00:00,-3.0957
2024-07-26 13:00:00,-3.0959
2024-07-26 14:00:00,-3.0962
2024-07-26 15:00:00,-3.0965
2024-07-26 16:00:00,-3.0970
2024-07-26 17:00:00,-3.0965
2024-07-26 18:00:00,-3.0966
2024-07-26 19:00:00,-3.0964
2024-07-26 20:00:00,-3.0960
2024-07-26 21:00:00,-3.0955
2024-07-26 22:00:00,-3.0954
2024-07-26 23:00:00,-3.0951
2024-07-27 00:00:00,-3.0945
2024-07-27 01:00:00,-3.0942
2024-07-27 02:00:00,-3.0937
2024-07-27 03:00:00,-3.0935
2024-07-27 04:00:00,-3.0931
2024-07-27 05:00:00,-3.0930
2024-07-27 06:00:00,-3.0927
2024-07-27 07:00:00,-3.0927
2024-07-27 08:00:00,-3.0928
2024-07-27 09:00:00,-3.0926
2024-07-27 10:00:00,-3.0926
2024-07-27 11:00:00,-3.0925
2024-07-27 12:00:00,-3.0927
2024-07-27 13:00:00,-3.0930
2024-07-27 14:00:00,-3.0933
2024-07-27 15:00:00,-3.0936
2024-07-27 16:00:00,-3.0943
2024-07-27 17:00:00,-3.0948
2024-07-27 18:00:00,-3.0954
2024-07-27 19:00:00,-3.0958
2024-07-27 20:00:00,-3.0962
2024-07-27 21:00:00,-3.0965
2024-07-27 22:00:00,-3.0970
2024-07-27 23:00:00,-3.0972
2024-07-28 00:00:00,-3.0975
2024-07-28 01:00:00,-3.0975
2024-07-28 02:00:00,-3.0977
2024-07-28 03:00:00,-3.0983
2024-07-28 04:00:00,-3.0986
2024-07-28 05:00:00,-3.0990
2024-07-28 06:00:00,-3.0992
2024-07-28 07:00:00,-3.0998
2024-07-28 08:00:00,-3.1001
2024-07-28 09:00:00,-3.1004
2024-07-28 10:00:00,-3.1004
2024-07-28 11:00:00,-3.1008
2024-07-28 12:00:00,-3.1012
2024-07-28 13:00:00,-3.1012
2024-07-28 14:00:00,-3.1014
2024-07-28 15:00:00,-3.1015
2024-07-28 16:00:00,-3.1017
2024-07-28 17:00:00,-3.1020
2024-07-28 18:00:00,-3.1019
2024-07-28 19:00:00,-3.1018
2024-07-28 20:00:00,-3.1019
2024-07-28 21:00:00,-3.1019
2024-07-28 22:00:00,-3.1019
2024-07-28 23:00:00,-3.1018
2024-07-29 00:00:00,-3.1014
2024-07-29 01:00:00,-3.1012
2024-07-29 02:00:00,-3.1007
2024-07-29 03:00:00,-3.1001
2024-07-29 04:00:00,-3.0997
2024-07-29 05:00:00,-3.0995
2024-07-29 06:00:00,-3.0992
2024-07-29 07:00:00,-3.0991
2024-07-29 08:00:00,-3.0989
2024-07-29 09:00:00,-3.0986
2024-07-29 10:00:00,-3.0981
2024-07-29 11:00:00,-3.0978
2024-07-29 12:00:00,-3.0976
2024-07-29 13:00:00,-3.0972
2024-07-29 14:00:00,-3.0971
2024-07-29 15:00:00,-3.0969
2024-07-29 16:00:00,-3.0969
2024-07-29 17:00:00,-3.0968
2024-07-29 18:00:00,-3.0970
2024-07-29 19:00:00,-3.0970
2024-07-29 20:00:00,-3.0973
2024-07-29 21:00:00,-3.0973
2024-07-29 22:00:00,-3.0977
2024-07-29 23:00:00,-3.0977
2024-07-30 00:00:00,-3.0976
2024-07-30 01:00:00,-3.0972
2024-07-30 02:00:00,-3.0969
2024-07-30 03:00:00,-3.0965
2024-07-30 04:00:00,-3.0962
2024-07-30 05:00:00,-3.0958
2024-07-30 06:00:00,-3.0954
2024-07-30 07:00:00,-3.0952
2024-07-30 08:00:00,-3.0949
2024-07-30 09:00:00,-3.0947
2024-07-30 10:00:00,-3.0943
2024-07-30 11:00:00,-3.0942
2024-07-30 12:00:00,-3.0941
2024-07-30 13:00:00,-3.0945
2024-07-30 14:00:00,-3.0947
2024-07-30 15:00:00,-3.0949
2024-07-30 16:00:00,-3.0951
2024-07-30 17:00:00,-3.0955
2024-07-30 18:00:00,-3.0957
2024-07-30 19:00:00,-3.0959
2024-07-30 20:00:00,-3.0959
2024-07-30 21:00:00,-3.0964
2024-07-30 22:00:00,-3.0967
2024-07-30 23:00:00,-3.0967
2024-07-31 00:00:00,-3.0967
2024-07-31 01:00:00,-3.0967
2024-07-31 02:00:00,-3.0963
2024-07-31 03:00:00,-3.0965
2024-07-31 04:00:00,-3.0960
2024-07-31 05:00:00,-3.0960
2024-07-31 06:00:00,-3.0957
2024-07-31 07:00:00,-3.0955
2024-07-31 08:00:00,-3.0955
2024-07-31 09:00:00,-3.0952
2024-07-31 10:00:00,-3.0953
2024-07-31 11:00:00,-3.0957
2024-07-31 12:00:00,-3.0962
2024-07-31 13:00:00,-3.0965
2024-07-31 14:00:00,-3.0968
2024-07-31 15:00:00,-3.0965
2024-07-31 16:00:00,-3.0964
2024-07-31 17:00:00,-3.0965
2024-07-31 18:00:00,-3.0966
2024-07-31 19:00:00,-3.0963
2024-07-31 20:00:00,-3.0961
2024-07-31 21:00:00,-3.0965
2024-07-31 22:00:00,-3.0970
2024-07-31 23:00:00,-3.0970
2024-08-01 00:00:00,-3.0969
2024-08-01 01:00:00,-3.0965
2024-08-01 02:00:00,-3.0961
2024-08-01 03:00:00,-3.0959
2024-08-01 04:00:00,-3.0958
2024-08-01 05:00:00,-3.0959
2024-08-01 06:00:00,-3.0957
2024-08-01 07:00:00,-3.0957
2024-08-01 08:00:00,-3.0960
2024-08-01 09:00:00,-3.0961
2024-08-01 10:00:00,-3.0963
2024-08-01 11:00:00,-3.0966
2024-08-01 12:00:00,-3.0973
2024-08-01 13:00:00,-3.0977
2024-08-01 14:00:00,-3.0985
2024-08-01 15:00:00,-3.0990
2024-08-01 16:00:00,-3.0997
2024-08-01 17:00:00,-3.1000
2024-08-01 18:00:00,-3.1006
2024-08-01 19:00:00,-3.1011
2024-08-01 20:00:00,-3.1017
2024-08-01 21:00:00,-3.1025
2024-08-01 22:00:00,-3.1030
2024-08-01 23:00:00,-3.1039
2024-08-02 00:00:00,-3.1042
2024-08-02 01:00:00,-3.1047
2024-08-02 02:00:00,-3.1052
2024-08-02 03:00:00,-3.1054
2024-08-02 04:00:00,-3.1056
2024-08-02 05:00:00,-3.1057
2024-08-02 06:00:00,-3.1059
2024-08-02 07:00:00,-3.1062
2024-08-02 08:00:00,-3.1067
2024-08-02 09:00:00,-3.1071
2024-08-02 10:00:00,-3.1075
2024-08-02 11:00:00,-3.1080
2024-08-02 12:00:00,-3.1087
2024-08-02 13:00:00,-3.1093
2024-08-02 14:00:00,-3.1097
2024-08-02 15:00:00,-3.1101
2024-08-02 16:00:00,-3.1103
2024-08-02 17:00:00,-3.1107
2024-08-02 18:00:00,-3.1110
2024-08-02 19:00:00,-3.1114
2024-08-02 20:00:00,-3.1116
2024-08-02 21:00:00,-3.1121
2024-08-02 22:00:00,-3.1124
2024-08-02 23:00:00,-3.1128
2024-08-03 00:00:00,-3.1131
2024-08-03 01:00:00,-3.1132
2024-08-03 02:00:00,-3.1134
2024-08-03 03:00:00,-3.1135
2024-08-03 04:00:00,-3.1135
2024-08-03 05:00:00,-3.1135
2024-08-03 06:00:00,-3.1135
2024-08-03 07:00:00,-3.1137
2024-08-03 08:00:00,-3.1139
2024-08-03 09:00:00,-3.1141
2024-08-03 10:00:00,-3.1146
2024-08-03 11:00:00,-3.1151
2024-08-03 12:00:00,-3.1155
2024-08-03 13:00:00,-3.1158
2024-08-03 14:00:00,-3.1161
2024-08-03 15:00:00,-3.1162
2024-08-03 16:00:00,-3.1166
2024-08-03 17:00:00,-3.1169
2024-08-03 18:00:00,-3.1170
2024-08-03 19:00:00,-3.1171
2024-08-03 20:00:00,-3.1169
2024-08-03 21:00:00,-3.1172
2024-08-03 22:00:00,-3.1174
2024-08-03 23:00:00,-3.1175
2024-08-04 00:00:00,-3.1176
2024-08-04 01:00:00,-3.1176
2024-08-04 02:00:00,-3.1176
2024-08-04 03:00:00,-3.1177
2024-08-04 04:00:00,-3.1180
2024-08-04 05:00:00,-3.1180
2024-08-04 06:00:00,-3.1180
2024-08-04 07:00:00,-3.1181
2024-08-04 08:00:00,-3.1182
2024-08-04 09:00:00,-3.1182
2024-08-04 10:00:00,-3.1182
2024-08-04 11:00:00,-3.1187
2024-08-04 12:00:00,-3.1189
2024-08-04 13:00:00,-3.1191
2024-08-04 14:00:00,-3.1192
2024-08-04 15:00:00,-3.1196
2024-08-04 16:00:00,-3.1198
2024-08-04 17:00:00,-3.1198
2024-08-04 18:00:00,-3.1199
2024-08-04 19:00:00,-3.1199
2024-08-04 20:00:00,-3.1198
2024-08-04 21:00:00,-3.1198
2024-08-04 22:00:00,-3.1199
2024-08-04 23:00:00,-3.1201
2024-08-05 00:00:00,-3.1201
2024-08-05 01:00:00,-3.1203
2024-08-05 02:00:00,-3.1203
2024-08-05 03:00:00,-3.1205
2024-08-05 04:00:00,-3.1206
2024-08-05 05:00:00,-3.1204
2024-08-05 06:00:00,-3.1208
2024-08-05 07:00:00,-3.1209
2024-08-05 08:00:00,-3.1211
2024-08-05 09:00:00,-3.1214
2024-08-05 10:00:00,-3.1216
2024-08-05 11:00:00,-3.1221
2024-08-05 12:00:00,-3.1225
2024-08-05 13:00:00,-3.1230
2024-08-05 14:00:00,-3.1234
2024-08-05 15:00:00,-3.1239
2024-08-05 16:00:00,-3.1245
2024-08-05 17:00:00,-3.1252
2024-08-05 18:00:00,-3.1257
2024-08-05 19:00:00,-3.1264
2024-08-05 20:00:00,-3.1267
2024-08-05 21:00:00,-3.1271
2024-08-05 22:00:00,-3.1275
2024-08-05 23:00:00,-3.1279
2024-08-06 00:00:00,-3.1284
2024-08-06 01:00:00,-3.1289
2024-08-06 02:00:00,-3.1292
2024-08-06 03:00:00,-3.1296
2024-08-06 04:00:00,-3.1299
2024-08-06 05:00:00,-3.1303
2024-08-06 06:00:00,-3.1306
2024-08-06 07:00:00,-3.1310
2024-08-06 08:00:00,-3.1313
2024-08-06 09:00:00,-3.1316
2024-08-06 10:00:00,-3.1318
2024-08-06 11:00:00,-3.1323
2024-08-06 12:00:00,-3.1327
2024-08-06 13:00:00,-3.1334
2024-08-06 14:00:00,-3.1338
2024-08-06 15:00:00,-3.1345
2024-08-06 16:00:00,-3.1348
2024-08-06 17:00:00,-3.1354
2024-08-06 18:00:00,-3.1361
2024-08-06 19:00:00,-3.1366
2024-08-06 20:00:00,-3.1370
2024-08-06 21:00:00,-3.1374
2024-08-06 22:00:00,-3.1379
2024-08-06 23:00:00,-3.1384
2024-08-07 00:00:00,-3.1385
2024-08-07 01:00:00,-3.1388
2024-08-07 02:00:00,-3.1392
2024-08-07 03:00:00,-3.1396
2024-08-07 04:00:00,-3.1401
2024-08-07 05:00:00,-3.1405
2024-08-07 06:00:00,-3.1410
2024-08-07 07:00:00,-3.1416
2024-08-07 08:00:00,-3.1419
2024-08-07 09:00:00,-3.1423
2024-08-07 10:00:00,-3.1426
2024-08-07 11:00:00,-3.1430
2024-08-07 12:00:00,-3.1434
2024-08-07 13:00:00,-3.1439
2024-08-07 14:00:00,-3.1442
2024-08-07 15:00:00,-3.1447
2024-08-07 16:00:00,-3.1450
2024-08-07 17:00:00,-3.1453
2024-08-07 18:00:00,-3.1455
2024-08-07 19:00:00,-3.1460
2024-08-07 20:00:00,-3.1461
2024-08-07 21:00:00,-3.1465
2024-08-07 22:00:00,-3.1470
2024-08-07 23:00:00,-3.1472
2024-08-08 00:00:00,-3.1476
2024-08-08 01:00:00,-3.1480
2024-08-08 02:00:00,-3.1485
2024-08-08 03:00:00,-3.1487
2024-08-08 04:00:00,-3.1490
2024-08-08 05:00:00,-3.1494
2024-08-08 06:00:00,-3.1499
2024-08-08 07:00:00,-3.1503
2024-08-08 08:00:00,-3.1508
2024-08-08 09:00:00,-3.1513
2024-08-08 10:00:00,-3.1518
2024-08-08 11:00:00,-3.1523
2024-08-08 12:00:00,-3.1527
2024-08-08 13:00:00,-3.1531
2024-08-08 14:00:00,-3.1536
2024-08-08 15:00:00,-3.1539
2024-08-08 16:00:00,-3.1545
2024-08-08 17:00:00,-3.1546
2024-08-08 18:00:00,-3.1549
2024-08-08 19:00:00,-3.1550
2024-08-08 20:00:00,-3.1558
2024-08-08 21:00:00,-3.1558
2024-08-08 22:00:00,-3.1565
2024-08-08 23:00:00,-3.1568
2024-08-09 00:00:00,-3.1574
2024-08-09 01:00:00,-3.1579
2024-08-09 02:00:00,-3.1582
2024-08-09 03:00:00,-3.1587
2024-08-09 04:00:00,-3.1592
2024-08-09 05:00:00,-3.1597
2024-08-09 06:00:00,-3.1600
2024-08-09 07:00:00,-3.1605
2024-08-09 08:00:00,-3.1610
2024-08-09 09:00:00,-3.1613
2024-08-09 10:00:00,-3.1618
2024-08-09 11:00:00,-3.1623
2024-08-09 12:00:00,-3.1626
2024-08-09 13:00:00,-3.1629
2024-08-09 14:00:00,-3.1632
2024-08-09 15:00:00,-3.1637
2024-08-09 16:00:00,-3.1641
2024-08-09 17:00:00,-3.1641
2024-08-09 18:00:00,-3.1642
2024-08-09 19:00:00,-3.1650
2024-08-09 20:00:00,-3.1654
2024-08-09 21:00:00,-3.1656
2024-08-09 22:00:00,-3.1658
2024-08-09 23:00:00,-3.1659
2024-08-10 00:00:00,-3.1659
2024-08-10 01:00:00,-3.1657
2024-08-10 02:00:00,-3.1658
2024-08-10 03:00:00,-3.1655
2024-08-10 04:00:00,-3.1657
2024-08-10 05:00:00,-3.1656
2024-08-10 06:00:00,-3.1659
2024-08-10 07:00:00,-3.1659
2024-08-10 08:00:00,-3.1660
2024-08-10 09:00:00,-3.1660
2024-08-10 10:00:00,-3.1660
2024-08-10 11:00:00,-3.1660
2024-08-10 12:00:00,-3.1659
2024-08-10 13:00:00,-3.1655
2024-08-10 14:00:00,-3.1654
2024-08-10 15:00:00,-3.1654
2024-08-10 16:00:00,-3.1655
2024-08-10 17:00:00,-3.1653
2024-08-10 18:00:00,-3.1654
2024-08-10 19:00:00,-3.1654
2024-08-10 20:00:00,-3.1650
2024-08-10 21:00:00,-3.1648
2024-08-10 22:00:00,-3.1652
2024-08-10 23:00:00,-3.1658
2024-08-11 00:00:00,-3.1667
2024-08-11 01:00:00,-3.1673
2024-08-11 02:00:00,-3.1676
2024-08-11 03:00:00,-3.1679
2024-08-11 04:00:00,-3.1684
2024-08-11 05:00:00,-3.1689
2024-08-11 06:00:00,-3.1691
2024-08-11 07:00:00,-3.1693
2024-08-11 08:00:00,-3.1691
2024-08-11 09:00:00,-3.1697
2024-08-11 10:00:00,-3.1697
2024-08-11 11:00:00,-3.1699
2024-08-11 12:00:00,-3.1697
2024-08-11 13:00:00,-3.1692
2024-08-11 14:00:00,-3.1693
2024-08-11 15:00:00,-3.1685
2024-08-11 16:00:00,-3.1683
2024-08-11 17:00:00,-3.1685
2024-08-11 18:00:00,-3.1673
2024-08-11 19:00:00,-3.1664
2024-08-11 20:00:00,-3.1650
2024-08-11 21:00:00,-3.1646
2024-08-11 22:00:00,-3.1636
2024-08-11 23:00:00,-3.1623
2024-08-12 00:00:00,-3.1609
2024-08-12 01:00:00,-3.1601
2024-08-12 02:00:00,-3.1587
2024-08-12 03:00:00,-3.1576
2024-08-12 04:00:00,-3.1564
2024-08-12 05:00:00,-3.1554
2024-08-12 06:00:00,-3.1549
2024-08-12 07:00:00,-3.1544
2024-08-12 08:00:00,-3.1542
2024-08-12 09:00:00,-3.1539
2024-08-12 10:00:00,-3.1544
2024-08-12 11:00:00,-3.1542
2024-08-12 12:00:00,-3.1540
2024-08-12 13:00:00,-3.1537
2024-08-12 14:00:00,-3.1539
2024-08-12 15:00:00,-3.1543
2024-08-12 16:00:00,-3.1550
2024-08-12 17:00:00,-3.1560
2024-08-12 18:00:00,-3.1565
2024-08-12 19:00:00,-3.1567
2024-08-12 20:00:00,-3.1577
2024-08-12 21:00:00,-3.1589
2024-08-12 22:00:00,-3.1591
2024-08-12 23:00:00,-3.1590
2024-08-13 00:00:00,-3.1589
2024-08-13 01:00:00,-3.1588
2024-08-13 02:00:00,-3.1587
2024-08-13 03:00:00,-3.1584
2024-08-13 04:00:00,-3.1584
2024-08-13 05:00:00,-3.1584
2024-08-13 06:00:00,-3.1584
2024-08-13 07:00:00,-3.1584
2024-08-13 08:00:00,-3.1584
2024-08-13 09:00:00,-3.1590
2024-08-13 10:00:00,-3.1593
2024-08-13 11:00:00,-3.1594
2024-08-13 12:00:00,-3.1592
2024-08-13 13:00:00,-3.1594
2024-08-13 14:00:00,-3.1592
2024-08-13 15:00:00,-3.1597
2024-08-13 16:00:00,-3.1602
2024-08-13 17:00:00,-3.1600
2024-08-13 18:00:00,-3.1605
2024-08-13 19:00:00,-3.1607
2024-08-13 20:00:00,-3.1610
2024-08-13 21:00:00,-3.1616
2024-08-13 22:00:00,-3.1620
2024-08-13 23:00:00,-3.1620
2024-08-14 00:00:00,-3.1618
2024-08-14 01:00:00,-3.1618
2024-08-14 02:00:00,-3.1626
2024-08-14 03:00:00,-3.1628
2024-08-14 04:00:00,-3.1628
2024-08-14 05:00:00,-3.1631
2024-08-14 06:00:00,-3.1633
2024-08-14 07:00:00,-3.1634
2024-08-14 08:00:00,-3.1634
2024-08-14 09:00:00,-3.1636
2024-08-14 10:00:00,-3.1424
2024-08-14 11:00:00,-3.1416
2024-08-14 12:00:00,-3.1376
2024-08-14 13:00:00,-3.1356
2024-08-14 14:00:00,-3.1351
2024-08-14 15:00:00,-3.1342
2024-08-14 16:00:00,-3.1336
2024-08-14 17:00:00,-3.1329
2024-08-14 18:00:00,-3.1324
2024-08-14 19:00:00,-3.1319
2024-08-14 20:00:00,-3.1313
2024-08-14 21:00:00,-3.1310
2024-08-14 22:00:00,-3.1307
2024-08-14 23:00:00,-3.1300
2024-08-15 00:00:00,-3.1295
2024-08-15 01:00:00,-3.1291
2024-08-15 02:00:00,-3.1287
2024-08-15 03:00:00,-3.1285
2024-08-15 04:00:00,-3.1282
2024-08-15 05:00:00,-3.1279
2024-08-15 06:00:00,-3.1275
2024-08-15 07:00:00,-3.1272
2024-08-15 08:00:00,-3.1271
2024-08-15 09:00:00,-3.1271
2024-08-15 10:00:00,-3.1270
2024-08-15 11:00:00,-3.1266
2024-08-15 12:00:00,-3.1263
2024-08-15 13:00:00,-3.1263
2024-08-15 14:00:00,-3.1261
2024-08-15 15:00:00,-3.1261
2024-08-15 16:00:00,-3.1259
2024-08-15 17:00:00,-3.1259
2024-08-15 18:00:00,-3.1258
2024-08-15 19:00:00,-3.1259
2024-08-15 20:00:00,-3.1264
2024-08-15 21:00:00,-3.1268
2024-08-15 22:00:00,-3.1275
2024-08-15 23:00:00,-3.1278
2024-08-16 00:00:00,-3.1283
2024-08-16 01:00:00,-3.1286
2024-08-16 02:00:00,-3.1294
2024-08-16 03:00:00,-3.1299
2024-08-16 04:00:00,-3.1306
2024-08-16 05:00:00,-3.1310
2024-08-16 06:00:00,-3.1319
2024-08-16 07:00:00,-3.1328
2024-08-16 08:00:00,-3.1334
2024-08-16 09:00:00,-3.1337
2024-08-16 10:00:00,-3.1339
2024-08-16 11:00:00,-3.1344
2024-08-16 12:00:00,-3.1350
2024-08-16 13:00:00,-3.1352
2024-08-16 14:00:00,-3.1357
2024-08-16 15:00:00,-3.1365
2024-08-16 16:00:00,-3.1372
2024-08-16 17:00:00,-3.1371
2024-08-16 18:00:00,-3.1373
2024-08-16 19:00:00,-3.1375
2024-08-16 20:00:00,-3.1377
2024-08-16 21:00:00,-3.1379
2024-08-16 22:00:00,-3.1381
2024-08-16 23:00:00,-3.1379
2024-08-17 00:00:00,-3.1377
2024-08-17 01:00:00,-3.1377
2024-08-17 02:00:00,-3.1372
2024-08-17 03:00:00,-3.1369
2024-08-17 04:00:00,-3.1365
2024-08-17 05:00:00,-3.1362
2024-08-17 06:00:00,-3.1361
2024-08-17 07:00:00,-3.1365
2024-08-17 08:00:00,-3.1366
2024-08-17 09:00:00,-3.1368
2024-08-17 10:00:00,-3.1369
2024-08-17 11:00:00,-3.1371
2024-08-17 12:00:00,-3.1374
2024-08-17 13:00:00,-3.1377
2024-08-17 14:00:00,-3.1378
2024-08-17 15:00:00,-3.1379
2024-08-17 16:00:00,-3.1382
2024-08-17 17:00:00,-3.1384
2024-08-17 18:00:00,-3.1387
2024-08-17 19:00:00,-3.1390
2024-08-17 20:00:00,-3.1394
2024-08-17 21:00:00,-3.1398
2024-08-17 22:00:00,-3.1402
2024-08-17 23:00:00,-3.1405
2024-08-18 00:00:00,-3.1406
2024-08-18 01:00:00,-3.1408
2024-08-18 07:00:00,-3.1414
2024-08-18 08:00:00,-3.1415
2024-08-18 09:00:00,-3.1417
2024-08-18 10:00:00,-3.1421
2024-08-18 11:00:00,-3.1423
2024-08-18 12:00:00,-3.1425
2024-08-18 13:00:00,-3.1429
2024-08-18 14:00:00,-3.1431
2024-08-18 15:00:00,-3.1435
2024-08-18 16:00:00,-3.1436
2024-08-18 17:00:00,-3.1436
2024-08-18 18:00:00,-3.1440
2024-08-18 19:00:00,-3.1442
2024-08-18 20:00:00,-3.1442
2024-08-18 21:00:00,-3.1442
2024-08-18 22:00:00,-3.1442
2024-08-18 23:00:00,-3.1439
2024-08-19 00:00:00,-3.1435
2024-08-19 01:00:00,-3.1431
2024-08-19 02:00:00,-3.1426
2024-08-19 03:00:00,-3.1424
2024-08-19 04:00:00,-3.1421
2024-08-19 05:00:00,-3.1417
2024-08-19 06:00:00,-3.1412
2024-08-19 07:00:00,-3.1410
2024-08-19 08:00:00,-3.1405
2024-08-19 09:00:00,-3.1400
2024-08-19 10:00:00,-3.1396
2024-08-19 11:00:00,-3.1395
2024-08-19 12:00:00,-3.1391
2024-08-19 13:00:00,-3.1386
2024-08-19 14:00:00,-3.1383
2024-08-19 15:00:00,-3.1383
2024-08-19 16:00:00,-3.1380
2024-08-19 17:00:00,-3.1379
2024-08-19 18:00:00,-3.1379
2024-08-19 19:00:00,-3.1377
2024-08-19 20:00:00,-3.1378
2024-08-19 21:00:00,-3.1379
2024-08-19 22:00:00,-3.1384
2024-08-19 23:00:00,-3.1382
2024-08-20 00:00:00,-3.1385
2024-08-20 01:00:00,-3.1387
2024-08-20 02:00:00,-3.1383
2024-08-20 03:00:00,-3.1383
2024-08-20 04:00:00,-3.1381
2024-08-20 05:00:00,-3.1378
2024-08-20 06:00:00,-3.1378
2024-08-20 07:00:00,-3.1376
2024-08-20 08:00:00,-3.1374
2024-08-20 09:00:00,-3.1378
2024-08-20 10:00:00,-3.1383
2024-08-20 11:00:00,-3.1385
2024-08-20 12:00:00,-3.1390
2024-08-20 13:00:00,-3.1395
2024-08-20 14:00:00,-3.1399
2024-08-20 15:00:00,-3.1410
2024-08-20 16:00:00,-3.1416
2024-08-20 17:00:00,-3.1420
2024-08-20 18:00:00,-3.1418
2024-08-20 19:00:00,-3.1405
2024-08-20 20:00:00,-3.1397
2024-08-20 21:00:00,-3.1386
2024-08-20 22:00:00,-3.1382
2024-08-20 23:00:00,-3.1380
2024-08-21 00:00:00,-3.1376
2024-08-21 01:00:00,-3.1373
2024-08-21 02:00:00,-3.1368
2024-08-21 03:00:00,-3.1363
2024-08-21 04:00:00,-3.1357
2024-08-21 05:00:00,-3.1350
2024-08-21 06:00:00,-3.1342
2024-08-21 07:00:00,-3.1337
2024-08-21 08:00:00,-3.1332
2024-08-21 09:00:00,-3.1324
2024-08-21 10:00:00,-3.1321
2024-08-21 11:00:00,-3.1312
2024-08-21 12:00:00,-3.1308
2024-08-21 13:00:00,-3.1305
2024-08-21 14:00:00,-3.1299
2024-08-21 15:00:00,-3.1295
2024-08-21 16:00:00,-3.1290
2024-08-21 17:00:00,-3.1286
2024-08-21 18:00:00,-3.1281
2024-08-21 19:00:00,-3.1275
2024-08-21 20:00:00,-3.1269
2024-08-21 21:00:00,-3.1263
2024-08-21 22:00:00,-3.1263
2024-08-21 23:00:00,-3.1262
2024-08-22 00:00:00,-3.1266
2024-08-22 01:00:00,-3.1266
2024-08-22 02:00:00,-3.1266
2024-08-22 03:00:00,-3.1273
2024-08-22 04:00:00,-3.1282
2024-08-22 05:00:00,-3.1289
2024-08-22 06:00:00,-3.1290
2024-08-22 07:00:00,-3.1296
2024-08-22 08:00:00,-3.1301
2024-08-22 09:00:00,-3.1309
2024-08-22 10:00:00,-3.1315
2024-08-22 11:00:00,-3.1326
2024-08-22 12:00:00,-3.1334
2024-08-22 13:00:00,-3.1344
2024-08-22 14:00:00,-3.1350
2024-08-22 15:00:00,-3.1354
2024-08-22 16:00:00,-3.1366
2024-08-22 17:00:00,-3.1376
2024-08-22 18:00:00,-3.1385
2024-08-22 19:00:00,-3.1400
2024-08-22 20:00:00,-3.1412
2024-08-22 21:00:00,-3.1421
2024-08-22 22:00:00,-3.1429
2024-08-22 23:00:00,-3.1438
2024-08-23 00:00:00,-3.1445
2024-08-23 01:00:00,-3.1452
2024-08-23 02:00:00,-3.1460
2024-08-23 03:00:00,-3.1467
2024-08-23 04:00:00,-3.1472
2024-08-23 05:00:00,-3.1479
2024-08-23 06:00:00,-3.1484
2024-08-23 07:00:00,-3.1488
2024-08-23 08:00:00,-3.1493
2024-08-23 09:00:00,-3.1505
2024-08-23 10:00:00,-3.1510
2024-08-23 11:00:00,-3.1519
2024-08-23 12:00:00,-3.1529
2024-08-23 13:00:00,-3.1537
2024-08-23 14:00:00,-3.1547
2024-08-23 15:00:00,-3.1560
2024-08-23 16:00:00,-3.1568
2024-08-23 17:00:00,-3.1580
2024-08-23 18:00:00,-3.1589
2024-08-23 19:00:00,-3.1598
2024-08-23 20:00:00,-3.1605
2024-08-23 21:00:00,-3.1609
2024-08-23 22:00:00,-3.1611
2024-08-23 23:00:00,-3.1615
2024-08-24 00:00:00,-3.1619
2024-08-24 01:00:00,-3.1626
2024-08-24 02:00:00,-3.1631
2024-08-24 03:00:00,-3.1634
2024-08-24 04:00:00,-3.1638
2024-08-24 05:00:00,-3.1643
2024-08-24 06:00:00,-3.1643
2024-08-24 07:00:00,-3.1642
2024-08-24 08:00:00,-3.1646
2024-08-24 09:00:00,-3.1646
2024-08-24 10:00:00,-3.1647
2024-08-24 11:00:00,-3.1647
2024-08-24 12:00:00,-3.1650
2024-08-24 13:00:00,-3.1651
2024-08-24 14:00:00,-3.1654
2024-08-24 15:00:00,-3.1652
2024-08-24 16:00:00,-3.1655
2024-08-24 17:00:00,-3.1659
2024-08-24 18:00:00,-3.1636
2024-08-24 19:00:00,-3.1579
2024-08-24 20:00:00,-3.1544
2024-08-24 21:00:00,-3.1520
2024-08-24 22:00:00,-3.1505
2024-08-24 23:00:00,-3.1492
2024-08-25 00:00:00,-3.1479
2024-08-25 01:00:00,-3.1470
2024-08-25 02:00:00,-3.1459
2024-08-25 03:00:00,-3.1451
2024-08-25 04:00:00,-3.1445
2024-08-25 05:00:00,-3.1439
2024-08-25 06:00:00,-3.1435
2024-08-25 07:00:00,-3.1431
2024-08-25 08:00:00,-3.1424
2024-08-25 09:00:00,-3.1419
2024-08-25 10:00:00,-3.1410
2024-08-25 11:00:00,-3.1399
2024-08-25 12:00:00,-3.1401
2024-08-25 13:00:00,-3.1388
2024-08-25 14:00:00,-3.1386
2024-08-25 15:00:00,-3.1377
2024-08-25 16:00:00,-3.1371
2024-08-25 17:00:00,-3.1363
2024-08-25 18:00:00,-3.1356
2024-08-25 19:00:00,-3.1352
2024-08-25 20:00:00,-3.1342
2024-08-25 21:00:00,-3.1337
2024-08-25 22:00:00,-3.1336
2024-08-25 23:00:00,-3.1333
2024-08-26 00:00:00,-3.1329
2024-08-26 01:00:00,-3.1326
2024-08-26 02:00:00,-3.1324
2024-08-26 03:00:00,-3.1324
2024-08-26 04:00:00,-3.1323
2024-08-26 05:00:00,-3.1328
2024-08-26 06:00:00,-3.1327
2024-08-26 07:00:00,-3.1331
2024-08-26 08:00:00,-3.1338
2024-08-26 09:00:00,-3.1341
2024-08-26 10:00:00,-3.1344
2024-08-26 11:00:00,-3.1347
2024-08-26 12:00:00,-3.1350
2024-08-26 13:00:00,-3.1356
2024-08-26 14:00:00,-3.1362
2024-08-26 15:00:00,-3.1370
2024-08-26 16:00:00,-3.1378
2024-08-26 17:00:00,-3.1389
2024-08-26 18:00:00,-3.1389
2024-08-26 19:00:00,-3.1392
2024-08-26 20:00:00,-3.1398
2024-08-26 21:00:00,-3.1402
2024-08-26 22:00:00,-3.1407
2024-08-26 23:00:00,-3.1413
2024-08-27 00:00:00,-3.1424
2024-08-27 01:00:00,-3.1432
2024-08-27 02:00:00,-3.1437
2024-08-27 03:00:00,-3.1442
2024-08-27 04:00:00,-3.1445
2024-08-27 05:00:00,-3.1447
2024-08-27 06:00:00,-3.1448
2024-08-27 07:00:00,-3.1451
2024-08-27 08:00:00,-3.1452
2024-08-27 09:00:00,-3.1453
2024-08-27 10:00:00,-3.1454
2024-08-27 11:00:00,-3.1456
2024-08-27 12:00:00,-3.1457
2024-08-27 13:00:00,-3.1458
2024-08-27 14:00:00,-3.1461
2024-08-27 15:00:00,-3.1464
2024-08-27 16:00:00,-3.1468
2024-08-27 17:00:00,-3.1470
2024-08-27 18:00:00,-3.1477
2024-08-27 19:00:00,-3.1481
2024-08-27 20:00:00,-3.1484
2024-08-27 21:00:00,-3.1486
2024-08-27 22:00:00,-3.1487
2024-08-27 23:00:00,-3.1486
2024-08-28 00:00:00,-3.1487
2024-08-28 01:00:00,-3.1489
2024-08-28 02:00:00,-3.1486
2024-08-28 03:00:00,-3.1483
2024-08-28 04:00:00,-3.1480
2024-08-28 05:00:00,-3.1478
2024-08-28 06:00:00,-3.1474
2024-08-28 07:00:00,-3.1472
2024-08-28 08:00:00,-3.1467
2024-08-28 09:00:00,-3.1464
2024-08-28 10:00:00,-3.1460
2024-08-28 11:00:00,-3.1454
2024-08-28 12:00:00,-3.1447
2024-08-28 13:00:00,-3.1442
2024-08-28 14:00:00,-3.1439
2024-08-28 15:00:00,-3.1433
2024-08-28 16:00:00,-3.1430
2024-08-28 17:00:00,-3.1428
2024-08-28 18:00:00,-3.1426
2024-08-28 19:00:00,-3.1427
2024-08-28 20:00:00,-3.1430
2024-08-28 21:00:00,-3.1431
2024-08-28 22:00:00,-3.1430
2024-08-28 23:00:00,-3.1430
2024-08-29 00:00:00,-3.1432
2024-08-29 01:00:00,-3.1431
2024-08-29 02:00:00,-3.1430
2024-08-29 03:00:00,-3.1430
2024-08-29 04:00:00,-3.1430
2024-08-29 05:00:00,-3.1434
2024-08-29 06:00:00,-3.1437
2024-08-29 07:00:00,-3.1440
2024-08-29 08:00:00,-3.1440
2024-08-29 09:00:00,-3.1442
2024-08-29 10:00:00,-3.1447
2024-08-29 11:00:00,-3.1448
2024-08-29 12:00:00,-3.1449
2024-08-29 13:00:00,-3.1450
2024-08-29 14:00:00,-3.1453
2024-08-29 15:00:00,-3.1457
2024-08-29 16:00:00,-3.1460
2024-08-29 17:00:00,-3.1461
2024-08-29 18:00:00,-3.1463
2024-08-29 19:00:00,-3.1464
2024-08-29 20:00:00,-3.1466
2024-08-29 21:00:00,-3.1467
2024-08-29 22:00:00,-3.1467
2024-08-29 23:00:00,-3.1465
2024-08-30 00:00:00,-3.1464
2024-08-30 01:00:00,-3.1461
2024-08-30 02:00:00,-3.1463
2024-08-30 03:00:00,-3.1466
2024-08-30 04:00:00,-3.1464
2024-08-30 05:00:00,-3.1466
2024-08-30 06:00:00,-3.1467
2024-08-30 07:00:00,-3.1470
2024-08-30 08:00:00,-3.1479
2024-08-30 09:00:00,-3.1485
2024-08-30 10:00:00,-3.1490
2024-08-30 11:00:00,-3.1492
2024-08-30 12:00:00,-3.1495
2024-08-30 13:00:00,-3.1497
2024-08-30 14:00:00,-3.1500
2024-08-30 15:00:00,-3.1501
2024-08-30 16:00:00,-3.1501
2024-08-30 17:00:00,-3.1507
2024-08-30 18:00:00,-3.1509
2024-08-30 19:00:00,-3.1512
2024-08-30 20:00:00,-3.1518
2024-08-30 21:00:00,-3.1521
2024-08-30 22:00:00,-3.1522
2024-08-30 23:00:00,-3.1522
2024-08-31 00:00:00,-3.1521
2024-08-31 01:00:00,-3.1521
2024-08-31 02:00:00,-3.1519
2024-08-31 03:00:00,-3.1521
2024-08-31 04:00:00,-3.1519
2024-08-31 05:00:00,-3.1517
2024-08-31 06:00:00,-3.1512
2024-08-31 07:00:00,-3.1513
2024-08-31 08:00:00,-3.1513
2024-08-31 09:00:00,-3.1513
2024-08-31 10:00:00,-3.1513
2024-08-31 11:00:00,-3.1516
2024-08-31 12:00:00,-3.1513
2024-08-31 13:00:00,-3.1516
2024-08-31 14:00:00,-3.1511
2024-08-31 15:00:00,-3.1509
2024-08-31 16:00:00,-3.1506
2024-08-31 17:00:00,-3.1504
2024-08-31 18:00:00,-3.1507
2024-08-31 19:00:00,-3.1511
2024-08-31 20:00:00,-3.1518
2024-08-31 21:00:00,-3.1519
2024-08-31 22:00:00,-3.1523
2024-08-31 23:00:00,-3.1524
2024-09-01 00:00:00,-3.1527
2024-09-01 01:00:00,-3.1523
2024-09-01 02:00:00,-3.1519
2024-09-01 03:00:00,-3.1510
2024-09-01 04:00:00,-3.1516
2024-09-01 05:00:00,-3.1517
2024-09-01 06:00:00,-3.1511
2024-09-01 07:00:00,-3.1519
2024-09-01 08:00:00,-3.1518
2024-09-01 09:00:00,-3.1517
2024-09-01 10:00:00,-3.1505
2024-09-01 11:00:00,-3.1516
2024-09-01 12:00:00,-3.1513
2024-09-01 13:00:00,-3.1508
2024-09-01 14:00:00,-3.1511
2024-09-01 15:00:00,-3.1516
2024-09-01 16:00:00,-3.1520
2024-09-01 17:00:00,-3.1522
2024-09-01 18:00:00,-3.1524
2024-09-01 19:00:00,-3.1525
2024-09-01 20:00:00,-3.1527
2024-09-01 21:00:00,-3.1531
2024-09-01 22:00:00,-3.1531
2024-09-01 23:00:00,-3.1534
2024-09-02 00:00:00,-3.1535
2024-09-02 01:00:00,-3.1536
2024-09-02 02:00:00,-3.1534
2024-09-02 03:00:00,-3.1535
2024-09-02 04:00:00,-3.1537
2024-09-02 05:00:00,-3.1539
2024-09-02 06:00:00,-3.1538
2024-09-02 07:00:00,-3.1542
2024-09-02 08:00:00,-3.1543
2024-09-02 09:00:00,-3.1552
2024-09-02 10:00:00,-3.1556
2024-09-02 11:00:00,-3.1555
2024-09-02 12:00:00,-3.1556
2024-09-02 13:00:00,-3.1561
2024-09-02 14:00:00,-3.1564
2024-09-02 15:00:00,-3.1570
2024-09-02 16:00:00,-3.1571
2024-09-02 17:00:00,-3.1571
2024-09-02 18:00:00,-3.1574
2024-09-02 19:00:00,-3.1579
2024-09-02 20:00:00,-3.1585
2024-09-02 21:00:00,-3.1587
2024-09-02 22:00:00,-3.1586
2024-09-02 23:00:00,-3.1585
2024-09-03 00:00:00,-3.1589
2024-09-03 01:00:00,-3.1594
2024-09-03 02:00:00,-3.1597
2024-09-03 03:00:00,-3.1587
2024-09-03 04:00:00,-3.1589
2024-09-03 05:00:00,-3.1587
2024-09-03 06:00:00,-3.1596
2024-09-03 07:00:00,-3.1596
2024-09-03 08:00:00,-3.1589
2024-09-03 09:00:00,-3.1592
2024-09-03 10:00:00,-3.1603
2024-09-03 11:00:00,-3.1595
2024-09-03 12:00:00,-3.1596
2024-09-03 13:00:00,-3.1609
2024-09-03 14:00:00,-3.1601
2024-09-03 15:00:00,-3.1606
2024-09-03 16:00:00,-3.1609
2024-09-03 17:00:00,-3.1612
2024-09-03 18:00:00,-3.1617
2024-09-03 19:00:00,-3.1614
2024-09-03 20:00:00,-3.1609
2024-09-03 21:00:00,-3.1612
2024-09-03 22:00:00,-3.1613
2024-09-03 23:00:00,-3.1574
2024-09-04 00:00:00,-3.1560
2024-09-04 01:00:00,-3.1550
2024-09-04 02:00:00,-3.1544
2024-09-04 03:00:00,-3.1537
2024-09-04 04:00:00,-3.1526
2024-09-04 05:00:00,-3.1518
2024-09-04 06:00:00,-3.1507
2024-09-04 07:00:00,-3.1493
2024-09-04 08:00:00,-3.1485
2024-09-04 09:00:00,-3.1480
2024-09-04 10:00:00,-3.1476
2024-09-04 11:00:00,-3.1472
2024-09-04 12:00:00,-3.1467
2024-09-04 13:00:00,-3.1464
2024-09-04 14:00:00,-3.1458
2024-09-04 15:00:00,-3.1451
2024-09-04 16:00:00,-3.1446
2024-09-04 17:00:00,-3.1439
2024-09-04 18:00:00,-3.1431
2024-09-04 19:00:00,-3.1426
2024-09-04 20:00:00,-3.1420
2024-09-04 21:00:00,-3.1413
2024-09-04 22:00:00,-3.1410
2024-09-04 23:00:00,-3.1407
2024-09-05 00:00:00,-3.1404
2024-09-05 01:00:00,-3.1401
2024-09-05 02:00:00,-3.1400
2024-09-05 03:00:00,-3.1400
2024-09-05 04:00:00,-3.1396
2024-09-05 05:00:00,-3.1393
2024-09-05 06:00:00,-3.1389
2024-09-05 07:00:00,-3.1383
2024-09-05 08:00:00,-3.1383
2024-09-05 09:00:00,-3.1378
2024-09-05 10:00:00,-3.1371
2024-09-05 11:00:00,-3.1369
2024-09-05 12:00:00,-3.1363
2024-09-05 13:00:00,-3.1360
2024-09-05 14:00:00,-3.1354
2024-09-05 15:00:00,-3.1351
2024-09-05 16:00:00,-3.1356
2024-09-05 17:00:00,-3.1354
2024-09-05 18:00:00,-3.1360
2024-09-05 19:00:00,-3.1360
2024-09-05 20:00:00,-3.1359
2024-09-05 21:00:00,-3.1359
2024-09-05 22:00:00,-3.1357
2024-09-05 23:00:00,-3.1363
2024-09-06 00:00:00,-3.1366
2024-09-06 01:00:00,-3.1367
2024-09-06 02:00:00,-3.1368
2024-09-06 03:00:00,-3.1377
2024-09-06 04:00:00,-3.1378
2024-09-06 05:00:00,-3.1380
2024-09-06 06:00:00,-3.1383
2024-09-06 07:00:00,-3.1383
2024-09-06 08:00:00,-3.1389
2024-09-06 09:00:00,-3.1393
2024-09-06 10:00:00,-3.1396
2024-09-06 11:00:00,-3.1401
2024-09-06 12:00:00,-3.1396
2024-09-06 13:00:00,-3.1402
2024-09-06 14:00:00,-3.1412
2024-09-06 15:00:00,-3.1421
2024-09-06 16:00:00,-3.1434
2024-09-06 17:00:00,-3.1446
2024-09-06 18:00:00,-3.1456
2024-09-06 19:00:00,-3.1468
2024-09-06 20:00:00,-3.1479
2024-09-06 21:00:00,-3.1488
2024-09-06 22:00:00,-3.1497
2024-09-06 23:00:00,-3.1503
2024-09-07 00:00:00,-3.1510
2024-09-07 01:00:00,-3.1519
2024-09-07 02:00:00,-3.1523
2024-09-07 03:00:00,-3.1527
2024-09-07 04:00:00,-3.1532
2024-09-07 05:00:00,-3.1539
2024-09-07 06:00:00,-3.1545
2024-09-07 07:00:00,-3.1555
2024-09-07 08:00:00,-3.1563
2024-09-07 09:00:00,-3.1571
2024-09-07 10:00:00,-3.1579
2024-09-07 11:00:00,-3.1587
2024-09-07 12:00:00,-3.1586
2024-09-07 13:00:00,-3.1591
2024-09-07 14:00:00,-3.1595
2024-09-07 15:00:00,-3.1599
2024-09-07 16:00:00,-3.1603
2024-09-07 17:00:00,-3.1610
2024-09-07 18:00:00,-3.1615
2024-09-07 19:00:00,-3.1623
2024-09-07 20:00:00,-3.1629
2024-09-07 21:00:00,-3.1634
2024-09-07 22:00:00,-3.1637
2024-09-07 23:00:00,-3.1638
2024-09-08 00:00:00,-3.1639
2024-09-08 01:00:00,-3.1639
2024-09-08 02:00:00,-3.1639
2024-09-08 03:00:00,-3.1640
2024-09-08 04:00:00,-3.1646
2024-09-08 05:00:00,-3.1645
2024-09-08 06:00:00,-3.1648
2024-09-08 07:00:00,-3.1650
2024-09-08 08:00:00,-3.1651
2024-09-08 09:00:00,-3.1652
2024-09-08 10:00:00,-3.1655
2024-09-08 11:00:00,-3.1662
2024-09-08 12:00:00,-3.1664
2024-09-08 13:00:00,-3.1668
2024-09-08 14:00:00,-3.1673
2024-09-08 15:00:00,-3.1685
2024-09-08 16:00:00,-3.1687
2024-09-08 17:00:00,-3.1691
2024-09-08 18:00:00,-3.1696
2024-09-08 19:00:00,-3.1701
2024-09-08 20:00:00,-3.1707
2024-09-08 21:00:00,-3.1711
2024-09-08 22:00:00,-3.1712
2024-09-08 23:00:00,-3.1719
2024-09-09 00:00:00,-3.1718
2024-09-09 01:00:00,-3.1718
2024-09-09 02:00:00,-3.1717
2024-09-09 03:00:00,-3.1724
2024-09-09 04:00:00,-3.1725
2024-09-09 05:00:00,-3.1725
2024-09-09 06:00:00,-3.1727
2024-09-09 07:00:00,-3.1735
2024-09-09 08:00:00,-3.1736
2024-09-09 09:00:00,-3.1736
2024-09-09 10:00:00,-3.1735
2024-09-09 11:00:00,-3.1738
2024-09-09 12:00:00,-3.1739
2024-09-09 13:00:00,-3.1741
2024-09-09 14:00:00,-3.1744
2024-09-09 15:00:00,-3.1743
2024-09-09 16:00:00,-3.1743
2024-09-09 17:00:00,-3.1735
2024-09-09 18:00:00,-3.1731
2024-09-09 19:00:00,-3.1734
2024-09-09 20:00:00,-3.1733
2024-09-09 21:00:00,-3.1730
2024-09-09 22:00:00,-3.1718
2024-09-09 23:00:00,-3.1707
2024-09-10 00:00:00,-3.1702
2024-09-10 01:00:00,-3.1699
2024-09-10 02:00:00,-3.1697
2024-09-10 03:00:00,-3.1699
2024-09-10 04:00:00,-3.1709
2024-09-10 05:00:00,-3.1717
2024-09-10 06:00:00,-3.1724
2024-09-10 07:00:00,-3.1731
2024-09-10 08:00:00,-3.1735
2024-09-10 09:00:00,-3.1739
2024-09-10 10:00:00,-3.1744
2024-09-10 11:00:00,-3.1749
2024-09-10 12:00:00,-3.1748
2024-09-10 13:00:00,-3.1754
2024-09-10 14:00:00,-3.1762
2024-09-10 15:00:00,-3.1762
2024-09-10 16:00:00,-3.1762
2024-09-10 17:00:00,-3.1769
2024-09-10 18:00:00,-3.1777
2024-09-10 19:00:00,-3.1788
2024-09-10 20:00:00,-3.1797
2024-09-10 21:00:00,-3.1229
2024-09-10 22:00:00,-3.1577
2024-09-10 23:00:00,-3.1585
2024-09-11 00:00:00,-3.1411
2024-09-11 01:00:00,-3.1447
2024-09-11 02:00:00,-3.1341
2024-09-11 03:00:00,-3.1213
2024-09-11 04:00:00,-3.1131
2024-09-11 05:00:00,-3.1081
2024-09-11 06:00:00,-3.1054
2024-09-11 07:00:00,-3.1027
2024-09-11 08:00:00,-3.1008
2024-09-11 09:00:00,-3.0904
2024-09-11 10:00:00,-3.0809
2024-09-11 11:00:00,-3.0731
2024-09-11 12:00:00,-3.0680
2024-09-11 13:00:00,-3.0635
2024-09-11 14:00:00,-3.0580
2024-09-11 15:00:00,-3.0518
2024-09-11 16:00:00,-3.0466
2024-09-11 17:00:00,-3.0420
2024-09-11 18:00:00,-3.0340
2024-09-11 19:00:00,-3.0282
2024-09-11 20:00:00,-3.0247
2024-09-11 21:00:00,-3.0228
2024-09-11 22:00:00,-3.0205
2024-09-11 23:00:00,-3.0180
2024-09-12 00:00:00,-3.0172
2024-09-12 01:00:00,-3.0157
2024-09-12 02:00:00,-3.0152
2024-09-12 03:00:00,-3.0146
2024-09-12 04:00:00,-3.0139
2024-09-12 05:00:00,-3.0136
2024-09-12 06:00:00,-3.0137
2024-09-12 07:00:00,-3.0142
2024-09-12 08:00:00,-3.0150
2024-09-12 09:00:00,-3.0159
2024-09-12 10:00:00,-3.0165
2024-09-12 11:00:00,-3.0136
2024-09-12 12:00:00,-3.0104
2024-09-12 13:00:00,-3.0080
2024-09-12 14:00:00,-3.0063
2024-09-12 15:00:00,-3.0050
2024-09-12 16:00:00,-3.0046
2024-09-12 17:00:00,-3.0042
2024-09-12 18:00:00,-3.0048
2024-09-12 19:00:00,-3.0057
2024-09-12 20:00:00,-3.0067
2024-09-12 21:00:00,-3.0080
2024-09-12 22:00:00,-3.0091
2024-09-12 23:00:00,-3.0101
2024-09-13 00:00:00,-3.0112
2024-09-13 01:00:00,-3.0125
2024-09-13 02:00:00,-3.0136
2024-09-13 03:00:00,-3.0148
2024-09-13 04:00:00,-3.0160
2024-09-13 05:00:00,-3.0174
2024-09-13 06:00:00,-3.0190
2024-09-13 07:00:00,-3.0203
2024-09-13 08:00:00,-3.0219
2024-09-13 09:00:00,-3.0233
2024-09-13 10:00:00,-3.0246
2024-09-13 11:00:00,-3.0252
2024-09-13 12:00:00,-3.0262
2024-09-13 13:00:00,-3.0277
2024-09-13 14:00:00,-3.0292
2024-09-13 15:00:00,-3.0305
2024-09-13 16:00:00,-3.0318
2024-09-13 17:00:00,-3.0328
2024-09-13 18:00:00,-3.0347
2024-09-13 19:00:00,-3.0361
2024-09-13 20:00:00,-3.0377
2024-09-13 21:00:00,-3.0391
2024-09-13 22:00:00,-3.0405
2024-09-13 23:00:00,-3.0418
2024-09-14 00:00:00,-3.0431
2024-09-14 01:00:00,-3.0443
2024-09-14 02:00:00,-3.0455
2024-09-14 03:00:00,-3.0467
2024-09-14 04:00:00,-3.0478
2024-09-14 05:00:00,-3.0488
2024-09-14 06:00:00,-3.0498
2024-09-14 07:00:00,-3.0509
2024-09-14 08:00:00,-3.0519
2024-09-14 09:00:00,-3.0528
2024-09-14 10:00:00,-3.0537
2024-09-14 11:00:00,-3.0545
2024-09-14 12:00:00,-3.0553
2024-09-14 13:00:00,-3.0560
2024-09-14 14:00:00,-3.0567
2024-09-14 15:00:00,-3.0574
2024-09-14 16:00:00,-3.0579
2024-09-14 17:00:00,-3.0584
2024-09-14 18:00:00,-3.0590
2024-09-14 19:00:00,-3.0596
2024-09-14 20:00:00,-3.0601
2024-09-14 21:00:00,-3.0606
2024-09-14 22:00:00,-3.0611
2024-09-14 23:00:00,-3.0614
2024-09-15 00:00:00,-3.0617
2024-09-15 01:00:00,-3.0621
2024-09-15 02:00:00,-3.0624
2024-09-15 03:00:00,-3.0627
2024-09-15 04:00:00,-3.0630
2024-09-15 05:00:00,-3.0631
2024-09-15 06:00:00,-3.0633
2024-09-15 07:00:00,-3.0635
2024-09-15 08:00:00,-3.0638
2024-09-15 09:00:00,-3.0643
2024-09-15 10:00:00,-3.0648
2024-09-15 11:00:00,-3.0653
2024-09-15 12:00:00,-3.0659
2024-09-15 13:00:00,-3.0665
2024-09-15 14:00:00,-3.0669
2024-09-15 15:00:00,-3.0674
2024-09-15 16:00:00,-3.0679
2024-09-15 17:00:00,-3.0683
2024-09-15 18:00:00,-3.0689
2024-09-15 19:00:00,-3.0690
2024-09-15 20:00:00,-3.0695
2024-09-15 21:00:00,-3.0700
2024-09-15 22:00:00,-3.0705
2024-09-15 23:00:00,-3.0711
2024-09-16 00:00:00,-3.0718
2024-09-16 01:00:00,-3.0725
2024-09-16 02:00:00,-3.0730
2024-09-16 03:00:00,-3.0735
2024-09-16 04:00:00,-3.0742
2024-09-16 05:00:00,-3.0746
2024-09-16 06:00:00,-3.0752
2024-09-16 07:00:00,-3.0758
2024-09-16 08:00:00,-3.0765
2024-09-16 09:00:00,-3.0773
2024-09-16 10:00:00,-3.0774
2024-09-16 11:00:00,-3.0784
2024-09-16 12:00:00,-3.0787
2024-09-16 13:00:00,-3.0797
2024-09-16 14:00:00,-3.0805
2024-09-16 15:00:00,-3.0812
2024-09-16 16:00:00,-3.0815
2024-09-16 17:00:00,-3.0820
2024-09-16 18:00:00,-3.0824
2024-09-16 19:00:00,-3.0832
2024-09-16 20:00:00,-3.0836
2024-09-16 21:00:00,-3.0842
2024-09-16 22:00:00,-3.0845
2024-09-16 23:00:00,-3.0847
2024-09-17 00:00:00,-3.0850
2024-09-17 01:00:00,-3.0849
2024-09-17 02:00:00,-3.0854
2024-09-17 03:00:00,-3.0853
2024-09-17 04:00:00,-3.0854
2024-09-17 05:00:00,-3.0854
2024-09-17 06:00:00,-3.0855
2024-09-17 07:00:00,-3.0854
2024-09-17 08:00:00,-3.0856
2024-09-17 09:00:00,-3.0854
2024-09-17 10:00:00,-3.0855
2024-09-17 11:00:00,-3.0857
2024-09-17 12:00:00,-3.0860
2024-09-17 13:00:00,-3.0860
2024-09-17 14:00:00,-3.0858
2024-09-17 15:00:00,-3.0855
2024-09-17 16:00:00,-3.0854
2024-09-17 17:00:00,-3.0850
2024-09-17 18:00:00,-3.0849
2024-09-17 19:00:00,-3.0849
2024-09-17 20:00:00,-3.0854
2024-09-17 21:00:00,-3.0853
2024-09-17 22:00:00,-3.0851
2024-09-17 23:00:00,-3.0853
2024-09-18 00:00:00,-3.0852
2024-09-18 01:00:00,-3.0852
2024-09-18 02:00:00,-3.0850
2024-09-18 03:00:00,-3.0849
2024-09-18 04:00:00,-3.0846
2024-09-18 05:00:00,-3.0842
2024-09-18 06:00:00,-3.0840
2024-09-18 07:00:00,-3.0838
2024-09-18 08:00:00,-3.0837
2024-09-18 09:00:00,-3.0835
2024-09-18 10:00:00,-3.0832
2024-09-18 11:00:00,-3.0831
2024-09-18 12:00:00,-3.0836
2024-09-18 13:00:00,-3.0834
2024-09-18 14:00:00,-3.0834
2024-09-18 15:00:00,-3.0832
2024-09-18 16:00:00,-3.0831
2024-09-18 17:00:00,-3.0829
2024-09-18 18:00:00,-3.0827
2024-09-18 19:00:00,-3.0832
2024-09-18 20:00:00,-3.0832
2024-09-18 21:00:00,-3.0834
2024-09-18 22:00:00,-3.0835
2024-09-18 23:00:00,-3.0838
2024-09-19 00:00:00,-3.0841
2024-09-19 01:00:00,-3.0841
2024-09-19 02:00:00,-3.0841
2024-09-19 03:00:00,-3.0840
2024-09-19 04:00:00,-3.0837
2024-09-19 05:00:00,-3.0836
2024-09-19 06:00:00,-3.0836
2024-09-19 07:00:00,-3.0837
2024-09-19 08:00:00,-3.0836
2024-09-19 09:00:00,-3.0840
2024-09-19 10:00:00,-3.0845
2024-09-19 11:00:00,-3.0852
2024-09-19 12:00:00,-3.0856
2024-09-19 13:00:00,-3.0857
2024-09-19 14:00:00,-3.0860
2024-09-19 15:00:00,-3.0854
2024-09-19 16:00:00,-3.0864
2024-09-19 17:00:00,-3.0866
2024-09-19 18:00:00,-3.0867
2024-09-19 19:00:00,-3.0859
2024-09-19 20:00:00,-3.0862
2024-09-19 21:00:00,-3.0863
2024-09-19 22:00:00,-3.0868
2024-09-19 23:00:00,-3.0870
2024-09-20 00:00:00,-3.0873
2024-09-20 01:00:00,-3.0875
2024-09-20 02:00:00,-3.0877
2024-09-20 03:00:00,-3.0879
2024-09-20 04:00:00,-3.0882
2024-09-20 05:00:00,-3.0884
2024-09-20 06:00:00,-3.0884
2024-09-20 07:00:00,-3.0884
2024-09-20 08:00:00,-3.0889
2024-09-20 09:00:00,-3.0891
2024-09-20 10:00:00,-3.0896
2024-09-20 11:00:00,-3.0899
2024-09-20 12:00:00,-3.0902
2024-09-20 13:00:00,-3.0904
2024-09-20 14:00:00,-3.0909
2024-09-20 15:00:00,-3.0915
2024-09-20 16:00:00,-3.0918
2024-09-20 17:00:00,-3.0923
2024-09-20 18:00:00,-3.0928
2024-09-20 19:00:00,-3.0935
2024-09-20 20:00:00,-3.0939
2024-09-20 21:00:00,-3.0944
2024-09-20 22:00:00,-3.0948
2024-09-20 23:00:00,-3.0952
2024-09-21 00:00:00,-3.0956
2024-09-21 01:00:00,-3.0959
2024-09-21 02:00:00,-3.0964
2024-09-21 03:00:00,-3.0967
2024-09-21 04:00:00,-3.0970
2024-09-21 05:00:00,-3.0975
2024-09-21 06:00:00,-3.0976
2024-09-21 07:00:00,-3.0977
2024-09-21 08:00:00,-3.0981
2024-09-21 09:00:00,-3.0984
2024-09-21 10:00:00,-3.0987
2024-09-21 11:00:00,-3.0989
2024-09-21 12:00:00,-3.0992
2024-09-21 13:00:00,-3.0996
2024-09-21 14:00:00,-3.0999
2024-09-21 15:00:00,-3.1002
2024-09-21 16:00:00,-3.1005
2024-09-21 17:00:00,-3.1008
2024-09-21 18:00:00,-3.1012
2024-09-21 19:00:00,-3.1016
2024-09-21 20:00:00,-3.1020
2024-09-21 21:00:00,-3.1024
2024-09-21 22:00:00,-3.1026
2024-09-21 23:00:00,-3.1028
2024-09-22 00:00:00,-3.1030
2024-09-22 01:00:00,-3.1032
2024-09-22 02:00:00,-3.1033
2024-09-22 03:00:00,-3.1035
2024-09-22 04:00:00,-3.1037
2024-09-22 05:00:00,-3.1035
2024-09-22 06:00:00,-3.1035
2024-09-22 07:00:00,-3.1038
2024-09-22 08:00:00,-3.1039
2024-09-22 09:00:00,-3.1039
2024-09-22 10:00:00,-3.1042
2024-09-22 11:00:00,-3.1042
2024-09-22 12:00:00,-3.1044
2024-09-22 13:00:00,-3.1045
2024-09-22 14:00:00,-3.1046
2024-09-22 15:00:00,-3.1047
2024-09-22 16:00:00,-3.1049
2024-09-22 17:00:00,-3.1051
2024-09-22 18:00:00,-3.1054
2024-09-22 19:00:00,-3.1056
2024-09-22 20:00:00,-3.1058
2024-09-22 21:00:00,-3.1057
2024-09-22 22:00:00,-3.1059
2024-09-22 23:00:00,-3.1059
2024-09-23 00:00:00,-3.1059
2024-09-23 01:00:00,-3.1059
2024-09-23 02:00:00,-3.1059
2024-09-23 03:00:00,-3.1057
2024-09-23 04:00:00,-3.1056
2024-09-23 05:00:00,-3.1057
2024-09-23 06:00:00,-3.1059
2024-09-23 07:00:00,-3.1059
2024-09-23 08:00:00,-3.1061
2024-09-23 09:00:00,-3.1062
2024-09-23 10:00:00,-3.1064
2024-09-23 11:00:00,-3.1065
2024-09-23 12:00:00,-3.1070
2024-09-23 13:00:00,-3.1072
2024-09-23 14:00:00,-3.1074
2024-09-23 15:00:00,-3.1079
2024-09-23 16:00:00,-3.1084
2024-09-23 17:00:00,-3.1088
2024-09-23 18:00:00,-3.1095
2024-09-23 19:00:00,-3.1102
2024-09-23 20:00:00,-3.1107
2024-09-23 21:00:00,-3.1114
2024-09-23 22:00:00,-3.1119
2024-09-23 23:00:00,-3.1124
2024-09-24 00:00:00,-3.1128
2024-09-24 01:00:00,-3.1131
2024-09-24 02:00:00,-3.1133
2024-09-24 03:00:00,-3.1134
2024-09-24 04:00:00,-3.1136
2024-09-24 05:00:00,-3.1136
2024-09-24 06:00:00,-3.1137
2024-09-24 07:00:00,-3.1137
2024-09-24 08:00:00,-3.1138
2024-09-24 09:00:00,-3.1139
2024-09-24 10:00:00,-3.1140
2024-09-24 11:00:00,-3.1140
2024-09-24 12:00:00,-3.1140
2024-09-24 13:00:00,-3.1143
2024-09-24 14:00:00,-3.1144
2024-09-24 15:00:00,-3.1146
2024-09-24 16:00:00,-3.1148
2024-09-24 17:00:00,-3.1149
2024-09-24 18:00:00,-3.1154
2024-09-24 19:00:00,-3.1157
2024-09-24 20:00:00,-3.1164
2024-09-24 21:00:00,-3.1172
2024-09-24 22:00:00,-3.1178
2024-09-24 23:00:00,-3.1183
2024-09-25 00:00:00,-3.1188
2024-09-25 01:00:00,-3.1193
2024-09-25 02:00:00,-3.1199
2024-09-25 03:00:00,-3.1204
2024-09-25 04:00:00,-3.1209
2024-09-25 05:00:00,-3.1215
2024-09-25 06:00:00,-3.1221
2024-09-25 07:00:00,-3.1226
2024-09-25 08:00:00,-3.1231
2024-09-25 09:00:00,-3.1237
2024-09-25 10:00:00,-3.1243
2024-09-25 11:00:00,-3.1250
2024-09-25 12:00:00,-3.1256
2024-09-25 13:00:00,-3.1262
2024-09-25 14:00:00,-3.1268
2024-09-25 15:00:00,-3.1271
2024-09-25 16:00:00,-3.1276
2024-09-25 17:00:00,-3.1279
2024-09-25 18:00:00,-3.1284
2024-09-25 19:00:00,-3.1287
2024-09-25 20:00:00,-3.1272
2024-09-25 21:00:00,-3.1289
2024-09-25 22:00:00,-3.1289
2024-09-25 23:00:00,-3.1287
2024-09-26 00:00:00,-3.1287
2024-09-26 01:00:00,-3.1286
2024-09-26 02:00:00,-3.1286
2024-09-26 03:00:00,-3.1279
2024-09-26 04:00:00,-3.1271
2024-09-26 05:00:00,-3.1253
2024-09-26 06:00:00,-3.1227
2024-09-26 07:00:00,-3.1205
2024-09-26 08:00:00,-3.1184
2024-09-26 09:00:00,-3.1171
2024-09-26 10:00:00,-3.1166
2024-09-26 11:00:00,-3.1159
2024-09-26 12:00:00,-3.1158
2024-09-26 13:00:00,-3.1158
2024-09-26 14:00:00,-3.1161
2024-09-26 15:00:00,-3.1166
2024-09-26 16:00:00,-3.1168
2024-09-26 17:00:00,-3.1174
2024-09-26 18:00:00,-3.1178
2024-09-26 19:00:00,-3.1184
2024-09-26 20:00:00,-3.1194
2024-09-26 21:00:00,-3.1201
2024-09-26 22:00:00,-3.1209
2024-09-26 23:00:00,-3.1216
2024-09-27 00:00:00,-3.1221
2024-09-27 01:00:00,-3.1226
2024-09-27 02:00:00,-3.1228
2024-09-27 03:00:00,-3.1225
2024-09-27 04:00:00,-3.1215
2024-09-27 05:00:00,-3.1203
2024-09-27 06:00:00,-3.1193
2024-09-27 07:00:00,-3.1184
2024-09-27 08:00:00,-3.1174
2024-09-27 09:00:00,-3.1164
2024-09-27 10:00:00,-3.1163
2024-09-27 11:00:00,-3.1154
2024-09-27 12:00:00,-3.1010
2024-09-27 13:00:00,-3.0729
2024-09-27 14:00:00,-2.9047
2024-09-27 15:00:00,-2.7918
2024-09-27 16:00:00,-2.7438
2024-09-27 17:00:00,-2.7245
2024-09-27 18:00:00,-2.7158
2024-09-27 19:00:00,-2.7118
2024-09-27 20:00:00,-2.7125
2024-09-27 21:00:00,-2.7153
2024-09-27 22:00:00,-2.7195
2024-09-27 23:00:00,-2.7228
2024-09-28 00:00:00,-2.7261
2024-09-28 01:00:00,-2.7288
2024-09-28 02:00:00,-2.7314
2024-09-28 03:00:00,-2.7344
2024-09-28 04:00:00,-2.7366
2024-09-28 05:00:00,-2.7364
2024-09-28 06:00:00,-2.7356
2024-09-28 07:00:00,-2.7355
2024-09-28 08:00:00,-2.7365
2024-09-28 09:00:00,-2.7385
2024-09-28 10:00:00,-2.7408
2024-09-28 11:00:00,-2.7427
2024-09-28 12:00:00,-2.7442
2024-09-28 13:00:00,-2.7472
2024-09-28 14:00:00,-2.7495
2024-09-28 15:00:00,-2.7526
2024-09-28 16:00:00,-2.7552
2024-09-28 17:00:00,-2.7589
2024-09-28 18:00:00,-2.7631
2024-09-28 19:00:00,-2.7672
2024-09-28 20:00:00,-2.7717
2024-09-28 21:00:00,-2.7758
2024-09-28 22:00:00,-2.7799
2024-09-28 23:00:00,-2.7839
2024-09-29 00:00:00,-2.7881
2024-09-29 01:00:00,-2.7920
2024-09-29 02:00:00,-2.7958
2024-09-29 03:00:00,-2.7995
2024-09-29 04:00:00,-2.8029
2024-09-29 05:00:00,-2.8065
2024-09-29 06:00:00,-2.8099
2024-09-29 07:00:00,-2.8132
2024-09-29 08:00:00,-2.8165
2024-09-29 09:00:00,-2.8200
2024-09-29 10:00:00,-2.8236
2024-09-29 11:00:00,-2.8266
2024-09-29 12:00:00,-2.8296
2024-09-29 13:00:00,-2.8326
2024-09-29 14:00:00,-2.8355
2024-09-29 15:00:00,-2.8384
2024-09-29 16:00:00,-2.8412
2024-09-29 17:00:00,-2.8439
2024-09-29 18:00:00,-2.8464
2024-09-29 19:00:00,-2.8488
2024-09-29 20:00:00,-2.8512
2024-09-29 21:00:00,-2.8536
2024-09-29 22:00:00,-2.8561
2024-09-29 23:00:00,-2.8582
2024-09-30 00:00:00,-2.8603
2024-09-30 01:00:00,-2.8626
2024-09-30 02:00:00,-2.8644
2024-09-30 03:00:00,-2.8666
2024-09-30 04:00:00,-2.8685
2024-09-30 05:00:00,-2.8706
2024-09-30 06:00:00,-2.8730
2024-09-30 07:00:00,-2.8758
2024-09-30 08:00:00,-2.8781
2024-09-30 09:00:00,-2.8813
2024-09-30 10:00:00,-2.8834
2024-09-30 11:00:00,-2.8863
2024-09-30 12:00:00,-2.8889
2024-09-30 13:00:00,-2.8918
2024-09-30 14:00:00,-2.8941
2024-09-30 15:00:00,-2.8958
2024-09-30 16:00:00,-2.8973
2024-09-30 17:00:00,-2.8983
2024-09-30 18:00:00,-2.8985
2024-09-30 19:00:00,-2.8961
2024-09-30 20:00:00,-2.8850
2024-09-30 21:00:00,-2.8598
2024-09-30 22:00:00,-2.8376
2024-09-30 23:00:00,-2.8234
2024-10-01 00:00:00,-2.8150
2024-10-01 01:00:00,-2.8098
2024-10-01 02:00:00,-2.8044
2024-10-01 03:00:00,-2.7981
2024-10-01 04:00:00,-2.7929
2024-10-01 05:00:00,-2.7881
2024-10-01 06:00:00,-2.7809
2024-10-01 07:00:00,-2.7726
2024-10-01 08:00:00,-2.7629
2024-10-01 09:00:00,-2.7554
2024-10-01 10:00:00,-2.7455
2024-10-01 11:00:00,-2.7350
2024-10-01 12:00:00,-2.7255
2024-10-01 13:00:00,-2.7180
2024-10-01 14:00:00,-2.7124
2024-10-01 15:00:00,-2.7069
2024-10-01 16:00:00,-2.7025
2024-10-01 17:00:00,-2.6991
2024-10-01 18:00:00,-2.6954
2024-10-01 19:00:00,-2.6927
2024-10-01 20:00:00,-2.6904
2024-10-01 21:00:00,-2.6890
2024-10-01 22:00:00,-2.6872
2024-10-01 23:00:00,-2.6854
2024-10-02 00:00:00,-2.6828
2024-10-02 01:00:00,-2.6809
2024-10-02 02:00:00,-2.6798
2024-10-02 03:00:00,-2.6797
2024-10-02 04:00:00,-2.6807
2024-10-02 05:00:00,-2.6828
2024-10-02 06:00:00,-2.6854
2024-10-02 07:00:00,-2.6871
2024-10-02 08:00:00,-2.6899
2024-10-02 09:00:00,-2.6939
2024-10-02 10:00:00,-2.6975
2024-10-02 11:00:00,-2.7017
2024-10-02 12:00:00,-2.7064
2024-10-02 13:00:00,-2.7109
2024-10-02 14:00:00,-2.7154
2024-10-02 15:00:00,-2.7196
2024-10-02 16:00:00,-2.7247
2024-10-02 17:00:00,-2.7295
2024-10-02 18:00:00,-2.7348
2024-10-02 19:00:00,-2.7397
2024-10-02 20:00:00,-2.7449
2024-10-02 21:00:00,-2.7500
2024-10-02 22:00:00,-2.7551
2024-10-02 23:00:00,-2.7589
2024-10-03 00:00:00,-2.7648
2024-10-03 01:00:00,-2.7696
2024-10-03 02:00:00,-2.7744
2024-10-03 03:00:00,-2.7792
2024-10-03 04:00:00,-2.7840
2024-10-03 05:00:00,-2.7877
2024-10-03 06:00:00,-2.7936
2024-10-03 07:00:00,-2.7985
2024-10-03 08:00:00,-2.8022
2024-10-03 09:00:00,-2.8070
2024-10-03 10:00:00,-2.8116
2024-10-03 11:00:00,-2.8162
2024-10-03 12:00:00,-2.8205
2024-10-03 13:00:00,-2.8251
2024-10-03 14:00:00,-2.8291
2024-10-03 15:00:00,-2.8335
2024-10-03 16:00:00,-2.8376
2024-10-03 17:00:00,-2.8412
2024-10-03 18:00:00,-2.8452
2024-10-03 19:00:00,-2.8494
2024-10-03 20:00:00,-2.8535
2024-10-03 21:00:00,-2.8572
2024-10-03 22:00:00,-2.8608
2024-10-03 23:00:00,-2.8643
2024-10-04 00:00:00,-2.8676
2024-10-04 01:00:00,-2.8709
2024-10-04 02:00:00,-2.8738
2024-10-04 03:00:00,-2.8767
2024-10-04 04:00:00,-2.8797
2024-10-04 05:00:00,-2.8826
2024-10-04 06:00:00,-2.8857
2024-10-04 07:00:00,-2.8884
2024-10-04 08:00:00,-2.8914
2024-10-04 09:00:00,-2.8943
2024-10-04 10:00:00,-2.8972
2024-10-04 11:00:00,-2.8999
2024-10-04 12:00:00,-2.9024
2024-10-04 13:00:00,-2.9048
2024-10-04 14:00:00,-2.9070
2024-10-04 15:00:00,-2.9095
2024-10-04 16:00:00,-2.9122
2024-10-04 17:00:00,-2.9145
2024-10-04 18:00:00,-2.9169
2024-10-04 19:00:00,-2.9195
2024-10-04 20:00:00,-2.9218
2024-10-04 21:00:00,-2.9242
2024-10-04 22:00:00,-2.9263
2024-10-04 23:00:00,-2.9285
2024-10-05 00:00:00,-2.9306
2024-10-05 01:00:00,-2.9325
2024-10-05 02:00:00,-2.9347
2024-10-05 03:00:00,-2.9367
2024-10-05 04:00:00,-2.9386
2024-10-05 05:00:00,-2.9407
2024-10-05 06:00:00,-2.9427
2024-10-05 07:00:00,-2.9448
2024-10-05 08:00:00,-2.9469
2024-10-05 09:00:00,-2.9489
2024-10-05 10:00:00,-2.9510
2024-10-05 11:00:00,-2.9529
2024-10-05 12:00:00,-2.9551
2024-10-05 13:00:00,-2.9571
2024-10-05 14:00:00,-2.9589
2024-10-05 15:00:00,-2.9610
2024-10-05 16:00:00,-2.9628
2024-10-05 17:00:00,-2.9646
2024-10-05 18:00:00,-2.9669
2024-10-05 19:00:00,-2.9688
2024-10-05 20:00:00,-2.9709
2024-10-05 21:00:00,-2.9727
2024-10-05 22:00:00,-2.9744
2024-10-05 23:00:00,-2.9764
2024-10-06 00:00:00,-2.9782
2024-10-06 01:00:00,-2.9796
2024-10-06 02:00:00,-2.9813
2024-10-06 03:00:00,-2.9829
2024-10-06 04:00:00,-2.9845
2024-10-06 05:00:00,-2.9859
2024-10-06 06:00:00,-2.9876
2024-10-06 07:00:00,-2.9889
2024-10-06 08:00:00,-2.9906
2024-10-06 09:00:00,-2.9924
2024-10-06 10:00:00,-2.9938
2024-10-06 11:00:00,-2.9952
2024-10-06 12:00:00,-2.9963
2024-10-06 13:00:00,-2.9978
2024-10-06 14:00:00,-2.9990
2024-10-06 15:00:00,-3.0000
2024-10-06 16:00:00,-3.0015
2024-10-06 17:00:00,-3.0028
2024-10-06 18:00:00,-3.0045
2024-10-06 19:00:00,-3.0060
2024-10-06 20:00:00,-3.0074
2024-10-06 21:00:00,-3.0087
2024-10-06 22:00:00,-3.0099
2024-10-06 23:00:00,-3.0114
2024-10-07 00:00:00,-3.0124
2024-10-07 01:00:00,-3.0138
2024-10-07 02:00:00,-3.0148
2024-10-07 03:00:00,-3.0158
2024-10-07 04:00:00,-3.0170
2024-10-07 05:00:00,-3.0183
2024-10-07 06:00:00,-3.0196
2024-10-07 07:00:00,-3.0209
2024-10-07 08:00:00,-3.0222
2024-10-07 09:00:00,-3.0236
2024-10-07 10:00:00,-3.0251
2024-10-07 11:00:00,-3.0264
2024-10-07 12:00:00,-3.0279
2024-10-07 13:00:00,-3.0297
2024-10-07 14:00:00,-3.0310
2024-10-07 15:00:00,-3.0322
2024-10-07 16:00:00,-3.0336
2024-10-07 17:00:00,-3.0349
2024-10-07 18:00:00,-3.0359
2024-10-07 19:00:00,-3.0373
2024-10-07 20:00:00,-3.0385
2024-10-07 21:00:00,-3.0395
2024-10-07 22:00:00,-3.0406
2024-10-07 23:00:00,-3.0412
2024-10-08 00:00:00,-3.0422
2024-10-08 01:00:00,-3.0428
2024-10-08 02:00:00,-3.0433
2024-10-08 03:00:00,-3.0437
2024-10-08 04:00:00,-3.0439
2024-10-08 05:00:00,-3.0444
2024-10-08 06:00:00,-3.0452
2024-10-08 07:00:00,-3.0458
2024-10-08 08:00:00,-3.0467
2024-10-08 09:00:00,-3.0475
2024-10-08 10:00:00,-3.0485
2024-10-08 11:00:00,-3.0492
2024-10-08 12:00:00,-3.0500
2024-10-08 13:00:00,-3.0509
2024-10-08 14:00:00,-3.0515
2024-10-08 15:00:00,-3.0527
2024-10-08 16:00:00,-3.0537
2024-10-08 17:00:00,-3.0544
2024-10-08 18:00:00,-3.0552
2024-10-08 19:00:00,-3.0559
2024-10-08 20:00:00,-3.0570
2024-10-08 21:00:00,-3.0577
2024-10-08 22:00:00,-3.0583
2024-10-08 23:00:00,-3.0577
2024-10-09 00:00:00,-3.0574
2024-10-09 01:00:00,-3.0572
2024-10-09 02:00:00,-3.0570
2024-10-09 03:00:00,-3.0570
2024-10-09 04:00:00,-3.0571
2024-10-09 05:00:00,-3.0576
2024-10-09 06:00:00,-3.0575
2024-10-09 07:00:00,-3.0576
2024-10-09 08:00:00,-3.0580
2024-10-09 09:00:00,-3.0584
2024-10-09 10:00:00,-3.0587
2024-10-09 11:00:00,-3.0588
2024-10-09 12:00:00,-3.0595
2024-10-09 13:00:00,-3.0598
2024-10-09 14:00:00,-3.0605
2024-10-09 15:00:00,-3.0609
2024-10-09 16:00:00,-3.0615
2024-10-09 17:00:00,-3.0619
2024-10-09 18:00:00,-3.0624
2024-10-09 19:00:00,-3.0629
2024-10-09 20:00:00,-3.0633
2024-10-09 21:00:00,-3.0640
2024-10-09 22:00:00,-3.0643
2024-10-09 23:00:00,-3.0647
2024-10-10 00:00:00,-3.0651
2024-10-10 01:00:00,-3.0656
2024-10-10 02:00:00,-3.0662
2024-10-10 03:00:00,-3.0672
2024-10-10 04:00:00,-3.0680
2024-10-10 05:00:00,-3.0674
2024-10-10 06:00:00,-3.0683
2024-10-10 07:00:00,-3.0687
2024-10-10 08:00:00,-3.0690
2024-10-10 09:00:00,-3.0697
2024-10-10 10:00:00,-3.0713
2024-10-10 11:00:00,-3.0719
2024-10-10 12:00:00,-3.0718
2024-10-10 13:00:00,-3.0725
2024-10-10 14:00:00,-3.0734
2024-10-10 15:00:00,-3.0740
2024-10-10 16:00:00,-3.0744
2024-10-10 17:00:00,-3.0754
2024-10-10 18:00:00,-3.0761
2024-10-10 19:00:00,-3.0765
2024-10-10 20:00:00,-3.0771
2024-10-10 21:00:00,-3.0779
2024-10-10 22:00:00,-3.0785
2024-10-10 23:00:00,-3.0792
2024-10-11 00:00:00,-3.0796
2024-10-11 01:00:00,-3.0802
2024-10-11 02:00:00,-3.0802
2024-10-11 03:00:00,-3.0811
2024-10-11 04:00:00,-3.0816
2024-10-11 05:00:00,-3.0819
2024-10-11 06:00:00,-3.0826
2024-10-11 07:00:00,-3.0829
2024-10-11 08:00:00,-3.0833
2024-10-11 09:00:00,-3.0839
2024-10-11 10:00:00,-3.0846
2024-10-11 11:00:00,-3.0848
2024-10-11 12:00:00,-3.0849
2024-10-11 13:00:00,-3.0850
2024-10-11 14:00:00,-3.0854
2024-10-11 15:00:00,-3.0857
2024-10-11 16:00:00,-3.0861
2024-10-11 17:00:00,-3.0865
2024-10-11 18:00:00,-3.0869
2024-10-11 19:00:00,-3.0874
2024-10-11 20:00:00,-3.0879
2024-10-11 21:00:00,-3.0884
2024-10-11 22:00:00,-3.0890
2024-10-11 23:00:00,-3.0895
2024-10-12 00:00:00,-3.0900
2024-10-12 01:00:00,-3.0905
2024-10-12 02:00:00,-3.0910
2024-10-12 03:00:00,-3.0915
2024-10-12 04:00:00,-3.0918
2024-10-12 05:00:00,-3.0922
2024-10-12 06:00:00,-3.0925
2024-10-12 07:00:00,-3.0927
2024-10-12 08:00:00,-3.0934
2024-10-12 09:00:00,-3.0937
2024-10-12 10:00:00,-3.0940
2024-10-12 11:00:00,-3.0944
2024-10-12 12:00:00,-3.0948
2024-10-12 13:00:00,-3.0951
2024-10-12 14:00:00,-3.0952
2024-10-12 15:00:00,-3.0954
2024-10-12 16:00:00,-3.0955
2024-10-12 17:00:00,-3.0958
2024-10-12 18:00:00,-3.0962
2024-10-12 19:00:00,-3.0963
2024-10-12 20:00:00,-3.0966
2024-10-12 21:00:00,-3.0969
2024-10-12 22:00:00,-3.0973
2024-10-12 23:00:00,-3.0922
2024-10-13 00:00:00,-3.0811
2024-10-13 01:00:00,-3.0618
2024-10-13 02:00:00,-3.0456
2024-10-13 03:00:00,-3.0351
2024-10-13 04:00:00,-3.0264
2024-10-13 05:00:00,-3.0193
2024-10-13 06:00:00,-3.0136
2024-10-13 07:00:00,-3.0089
2024-10-13 08:00:00,-3.0047
2024-10-13 09:00:00,-3.0004
2024-10-13 10:00:00,-2.9972
2024-10-13 11:00:00,-2.9950
2024-10-13 12:00:00,-2.9925
2024-10-13 13:00:00,-2.9908
2024-10-13 14:00:00,-2.9886
2024-10-13 15:00:00,-2.9870
2024-10-13 16:00:00,-2.9856
2024-10-13 17:00:00,-2.9844
2024-10-13 18:00:00,-2.9835
2024-10-13 19:00:00,-2.9830
2024-10-13 20:00:00,-2.9827
2024-10-13 21:00:00,-2.9826
2024-10-13 22:00:00,-2.9828
2024-10-13 23:00:00,-2.9839
2024-10-14 00:00:00,-2.9850
2024-10-14 01:00:00,-2.9856
2024-10-14 02:00:00,-2.9869
2024-10-14 03:00:00,-2.9880
2024-10-14 04:00:00,-2.9888
2024-10-14 05:00:00,-2.9900
2024-10-14 06:00:00,-2.9908
2024-10-14 07:00:00,-2.9919
2024-10-14 08:00:00,-2.9930
2024-10-14 09:00:00,-2.9944
2024-10-14 10:00:00,-2.9954
2024-10-14 11:00:00,-2.9964
2024-10-14 12:00:00,-2.9976
2024-10-14 13:00:00,-2.9987
2024-10-14 14:00:00,-2.9995
2024-10-14 15:00:00,-3.0004
2024-10-14 16:00:00,-3.0016
2024-10-14 17:00:00,-3.0030
2024-10-14 18:00:00,-3.0042
2024-10-14 19:00:00,-3.0055
2024-10-14 20:00:00,-3.0068
2024-10-14 21:00:00,-3.0082
2024-10-14 22:00:00,-3.0093
2024-10-14 23:00:00,-3.0108
2024-10-15 00:00:00,-3.0119
2024-10-15 01:00:00,-3.0128
2024-10-15 02:00:00,-3.0140
2024-10-15 03:00:00,-3.0147
2024-10-15 04:00:00,-3.0155
2024-10-15 05:00:00,-3.0163
2024-10-15 06:00:00,-3.0172
2024-10-15 07:00:00,-3.0181
2024-10-15 08:00:00,-3.0194
2024-10-15 09:00:00,-3.0205
2024-10-15 10:00:00,-3.0215
2024-10-15 11:00:00,-3.0225
2024-10-15 12:00:00,-3.0234
2024-10-15 13:00:00,-3.0246
2024-10-15 14:00:00,-3.0254
2024-10-15 15:00:00,-3.0262
2024-10-15 16:00:00,-3.0270
2024-10-15 17:00:00,-3.0279
2024-10-15 18:00:00,-3.0288
2024-10-15 19:00:00,-3.0298
2024-10-15 20:00:00,-3.0309
2024-10-15 21:00:00,-3.0318
2024-10-15 22:00:00,-3.0327
2024-10-15 23:00:00,-3.0336
2024-10-16 00:00:00,-3.0346
2024-10-16 01:00:00,-3.0354
2024-10-16 02:00:00,-3.0362
2024-10-16 03:00:00,-3.0370
2024-10-16 04:00:00,-3.0376
2024-10-16 05:00:00,-3.0383
2024-10-16 06:00:00,-3.0390
2024-10-16 07:00:00,-3.0398
2024-10-16 08:00:00,-3.0406
2024-10-16 09:00:00,-3.0417
2024-10-16 10:00:00,-3.0429
2024-10-16 11:00:00,-3.0439
2024-10-16 12:00:00,-3.0449
2024-10-16 13:00:00,-3.0461
2024-10-16 14:00:00,-3.0470
2024-10-16 15:00:00,-3.0479
2024-10-16 16:00:00,-3.0488
2024-10-16 17:00:00,-3.0497
2024-10-16 18:00:00,-3.0509
2024-10-16 19:00:00,-3.0520
2024-10-16 20:00:00,-3.0528
2024-10-16 21:00:00,-3.0539
2024-10-16 22:00:00,-3.0549
2024-10-16 23:00:00,-3.0563
2024-10-17 00:00:00,-3.0574
2024-10-17 01:00:00,-3.0583
2024-10-17 02:00:00,-3.0593
2024-10-17 03:00:00,-3.0603
2024-10-17 04:00:00,-3.0613
2024-10-17 05:00:00,-3.0622
2024-10-17 06:00:00,-3.0631
2024-10-17 07:00:00,-3.0639
2024-10-17 08:00:00,-3.0650
2024-10-17 09:00:00,-3.0660
2024-10-17 10:00:00,-3.0672
2024-10-17 11:00:00,-3.0685
2024-10-17 12:00:00,-3.0697
2024-10-17 13:00:00,-3.0712
2024-10-17 14:00:00,-3.0721
2024-10-17 15:00:00,-3.0731
2024-10-17 16:00:00,-3.0737
2024-10-17 17:00:00,-3.0745
2024-10-17 18:00:00,-3.0752
2024-10-17 19:00:00,-3.0758
2024-10-17 20:00:00,-3.0763
2024-10-17 21:00:00,-3.0771
2024-10-17 22:00:00,-3.0777
2024-10-17 23:00:00,-3.0784
2024-10-18 00:00:00,-3.0789
2024-10-18 01:00:00,-3.0793
2024-10-18 02:00:00,-3.0797
2024-10-18 03:00:00,-3.0797
2024-10-18 04:00:00,-3.0799
2024-10-18 05:00:00,-3.0799
2024-10-18 06:00:00,-3.0800
2024-10-18 07:00:00,-3.0797
2024-10-18 08:00:00,-3.0802
2024-10-18 09:00:00,-3.0805
2024-10-18 10:00:00,-3.0809
2024-10-18 11:00:00,-3.0814
2024-10-18 12:00:00,-3.0820
2024-10-18 13:00:00,-3.0826
2024-10-18 14:00:00,-3.0830
2024-10-18 15:00:00,-3.0834
2024-10-18 16:00:00,-3.0839
2024-10-18 17:00:00,-3.0842
2024-10-18 18:00:00,-3.0845
2024-10-18 19:00:00,-3.0848
2024-10-18 20:00:00,-3.0851
2024-10-18 21:00:00,-3.0851
2024-10-18 22:00:00,-3.0852
2024-10-18 23:00:00,-3.0855
2024-10-19 00:00:00,-3.0858
2024-10-19 01:00:00,-3.0861
2024-10-19 02:00:00,-3.0864
2024-10-19 03:00:00,-3.0867
2024-10-19 04:00:00,-3.0867
2024-10-19 05:00:00,-3.0868
2024-10-19 06:00:00,-3.0867
2024-10-19 07:00:00,-3.0870
2024-10-19 08:00:00,-3.0870
2024-10-19 09:00:00,-3.0873
2024-10-19 10:00:00,-3.0879
2024-10-19 11:00:00,-3.0886
2024-10-19 12:00:00,-3.0895
2024-10-19 13:00:00,-3.0902
2024-10-19 14:00:00,-3.0909
2024-10-19 15:00:00,-3.0916
2024-10-19 16:00:00,-3.0925
2024-10-19 17:00:00,-3.0933
2024-10-19 18:00:00,-3.0940
2024-10-19 19:00:00,-3.0948
2024-10-19 20:00:00,-3.0957
2024-10-19 21:00:00,-3.0965
2024-10-19 22:00:00,-3.0973
2024-10-19 23:00:00,-3.0981
2024-10-20 00:00:00,-3.0989
2024-10-20 01:00:00,-3.0998
2024-10-20 02:00:00,-3.1006
2024-10-20 03:00:00,-3.1013
2024-10-20 04:00:00,-3.1019
2024-10-20 05:00:00,-3.1025
2024-10-20 06:00:00,-3.1030
2024-10-20 07:00:00,-3.1038
2024-10-20 08:00:00,-3.1045
2024-10-20 09:00:00,-3.1049
2024-10-20 10:00:00,-3.1051
2024-10-20 11:00:00,-3.1057
2024-10-20 12:00:00,-3.1062
2024-10-20 13:00:00,-3.1069
2024-10-20 14:00:00,-3.1070
2024-10-20 15:00:00,-3.1073
2024-10-20 16:00:00,-3.1075
2024-10-20 17:00:00,-3.1082
2024-10-20 18:00:00,-3.1087
2024-10-20 19:00:00,-3.1095
2024-10-20 20:00:00,-3.1107
2024-10-20 21:00:00,-3.1110
2024-10-20 22:00:00,-3.1119
2024-10-20 23:00:00,-3.1124
2024-10-21 00:00:00,-3.1134
2024-10-21 01:00:00,-3.1143
2024-10-21 02:00:00,-3.1150
2024-10-21 03:00:00,-3.1159
2024-10-21 04:00:00,-3.1167
2024-10-21 05:00:00,-3.1175
2024-10-21 06:00:00,-3.1181
2024-10-21 07:00:00,-3.1190
2024-10-21 08:00:00,-3.1196
2024-10-21 09:00:00,-3.1204
2024-10-21 10:00:00,-3.1211
2024-10-21 11:00:00,-3.1220
2024-10-21 12:00:00,-3.1227
2024-10-21 13:00:00,-3.1235
2024-10-21 14:00:00,-3.1240
2024-10-21 15:00:00,-3.1246
2024-10-21 16:00:00,-3.1253
2024-10-21 17:00:00,-3.1258
2024-10-21 18:00:00,-3.1263
2024-10-21 19:00:00,-3.1267
2024-10-21 20:00:00,-3.1272
2024-10-21 21:00:00,-3.1277
2024-10-21 22:00:00,-3.1282
2024-10-21 23:00:00,-3.1286
2024-10-22 00:00:00,-3.1291
2024-10-22 01:00:00,-3.1291
2024-10-22 02:00:00,-3.1277
2024-10-22 03:00:00,-3.1261
2024-10-22 04:00:00,-3.1244
2024-10-22 05:00:00,-3.1235
2024-10-22 06:00:00,-3.1229
2024-10-22 07:00:00,-3.1227
2024-10-22 08:00:00,-3.1225
2024-10-22 09:00:00,-3.1227
2024-10-22 10:00:00,-3.1231
2024-10-22 11:00:00,-3.1235
2024-10-22 12:00:00,-3.1242
2024-10-22 13:00:00,-3.1247
2024-10-22 14:00:00,-3.1253
2024-10-22 15:00:00,-3.1259
2024-10-22 16:00:00,-3.1265
2024-10-22 17:00:00,-3.1272
2024-10-22 18:00:00,-3.1279
2024-10-22 19:00:00,-3.1286
2024-10-22 20:00:00,-3.1293
2024-10-22 21:00:00,-3.1299
2024-10-22 22:00:00,-3.1305
2024-10-22 23:00:00,-3.1311
2024-10-23 00:00:00,-3.1317
2024-10-23 01:00:00,-3.1322
2024-10-23 02:00:00,-3.1326
2024-10-23 03:00:00,-3.1331
2024-10-23 04:00:00,-3.1336
2024-10-23 05:00:00,-3.1341
2024-10-23 06:00:00,-3.1343
2024-10-23 07:00:00,-3.1344
2024-10-23 08:00:00,-3.1345
2024-10-23 09:00:00,-3.1346
2024-10-23 10:00:00,-3.1347
2024-10-23 11:00:00,-3.1349
2024-10-23 12:00:00,-3.1347
2024-10-23 13:00:00,-3.1346
2024-10-23 14:00:00,-3.1343
2024-10-23 15:00:00,-3.1342
2024-10-23 16:00:00,-3.1339
2024-10-23 17:00:00,-3.1334
2024-10-23 18:00:00,-3.1332
2024-10-23 19:00:00,-3.1331
2024-10-23 20:00:00,-3.1328
2024-10-23 21:00:00,-3.1327
2024-10-23 22:00:00,-3.1323
2024-10-23 23:00:00,-3.1316
2024-10-24 00:00:00,-3.1310
2024-10-24 01:00:00,-3.1305
2024-10-24 02:00:00,-3.1296
2024-10-24 03:00:00,-3.1290
2024-10-24 04:00:00,-3.1286
2024-10-24 05:00:00,-3.1283
2024-10-24 06:00:00,-3.1284
2024-10-24 07:00:00,-3.1281
2024-10-24 08:00:00,-3.1279
2024-10-24 09:00:00,-3.1281
2024-10-24 10:00:00,-3.1281
2024-10-24 11:00:00,-3.1279
2024-10-24 12:00:00,-3.1275
2024-10-24 13:00:00,-3.1272
2024-10-24 14:00:00,-3.1272
2024-10-24 15:00:00,-3.1268
2024-10-24 16:00:00,-3.1268
2024-10-24 17:00:00,-3.1266
2024-10-24 18:00:00,-3.1268
2024-10-24 19:00:00,-3.1271
2024-10-24 20:00:00,-3.1272
2024-10-24 21:00:00,-3.1272
2024-10-24 22:00:00,-3.1269
2024-10-24 23:00:00,-3.1262
2024-10-25 00:00:00,-3.1258
2024-10-25 01:00:00,-3.1253
2024-10-25 02:00:00,-3.1253
2024-10-25 03:00:00,-3.1249
2024-10-25 04:00:00,-3.1247
2024-10-25 05:00:00,-3.1247
2024-10-25 06:00:00,-3.1253
2024-10-25 07:00:00,-3.1255
2024-10-25 08:00:00,-3.1260
2024-10-25 09:00:00,-3.1268
2024-10-25 10:00:00,-3.1272
2024-10-25 11:00:00,-3.1276
2024-10-25 12:00:00,-3.1274
2024-10-25 13:00:00,-3.1277
2024-10-25 14:00:00,-3.1276
2024-10-25 15:00:00,-3.1275
2024-10-25 16:00:00,-3.1277
2024-10-25 17:00:00,-3.1276
2024-10-25 18:00:00,-3.1276
2024-10-25 19:00:00,-3.1274
2024-10-25 20:00:00,-3.1272
2024-10-25 21:00:00,-3.1268
2024-10-25 22:00:00,-3.1266
2024-10-25 23:00:00,-3.1268
2024-10-26 00:00:00,-3.1263
2024-10-26 01:00:00,-3.1257
2024-10-26 02:00:00,-3.1245
2024-10-26 03:00:00,-3.1237
2024-10-26 04:00:00,-3.1231
2024-10-26 05:00:00,-3.1224
2024-10-26 06:00:00,-3.1217
2024-10-26 07:00:00,-3.1211
2024-10-26 08:00:00,-3.1205
2024-10-26 09:00:00,-3.1199
2024-10-26 10:00:00,-3.1196
2024-10-26 11:00:00,-3.1189
2024-10-26 12:00:00,-3.1184
2024-10-26 13:00:00,-3.1179
2024-10-26 14:00:00,-3.1172
2024-10-26 15:00:00,-3.1168
2024-10-26 16:00:00,-3.1165
2024-10-26 17:00:00,-3.1165
2024-10-26 18:00:00,-3.1166
2024-10-26 19:00:00,-3.1169
2024-10-26 20:00:00,-3.1174
2024-10-26 21:00:00,-3.1176
2024-10-26 22:00:00,-3.1177
2024-10-26 23:00:00,-3.1177
2024-10-27 00:00:00,-3.1175
2024-10-27 01:00:00,-3.1176
2024-10-27 02:00:00,-3.1177
2024-10-27 03:00:00,-3.1178
2024-10-27 04:00:00,-3.1182
2024-10-27 05:00:00,-3.1189
2024-10-27 06:00:00,-3.1198
2024-10-27 07:00:00,-3.1207
2024-10-27 08:00:00,-3.1217
2024-10-27 09:00:00,-3.1225
2024-10-27 10:00:00,-3.1232
2024-10-27 11:00:00,-3.1240
2024-10-27 12:00:00,-3.1249
2024-10-27 13:00:00,-3.1257
2024-10-27 14:00:00,-3.1260
2024-10-27 15:00:00,-3.1263
2024-10-27 16:00:00,-3.1269
2024-10-27 17:00:00,-3.1276
2024-10-27 18:00:00,-3.1285
2024-10-27 19:00:00,-3.1294
2024-10-27 20:00:00,-3.1305
2024-10-27 21:00:00,-3.1313
2024-10-27 22:00:00,-3.1322
2024-10-27 23:00:00,-3.1331
2024-10-28 00:00:00,-3.1338
2024-10-28 01:00:00,-3.1345
2024-10-28 02:00:00,-3.1352
2024-10-28 03:00:00,-3.1359
2024-10-28 04:00:00,-3.1366
2024-10-28 05:00:00,-3.1370
2024-10-28 06:00:00,-3.1373
2024-10-28 07:00:00,-3.1379
2024-10-28 08:00:00,-3.1384
2024-10-28 09:00:00,-3.1387
2024-10-28 10:00:00,-3.1394
2024-10-28 11:00:00,-3.1399
2024-10-28 12:00:00,-3.1403
2024-10-28 13:00:00,-3.1406
2024-10-28 14:00:00,-3.1410
2024-10-28 15:00:00,-3.1411
2024-10-28 16:00:00,-3.1411
2024-10-28 17:00:00,-3.1411
2024-10-28 18:00:00,-3.1409
2024-10-28 19:00:00,-3.1405
2024-10-28 20:00:00,-3.1395
2024-10-28 21:00:00,-3.1387
2024-10-28 22:00:00,-3.1373
2024-10-28 23:00:00,-3.1358
2024-10-29 00:00:00,-3.1340
2024-10-29 01:00:00,-3.1318
2024-10-29 02:00:00,-3.1297
2024-10-29 03:00:00,-3.1280
2024-10-29 04:00:00,-3.1264
2024-10-29 05:00:00,-3.1245
2024-10-29 06:00:00,-3.1227
2024-10-29 07:00:00,-3.1209
2024-10-29 08:00:00,-3.1193
2024-10-29 09:00:00,-3.1179
2024-10-29 10:00:00,-3.1167
2024-10-29 11:00:00,-3.1157
2024-10-29 12:00:00,-3.1150
2024-10-29 13:00:00,-3.1140
2024-10-29 14:00:00,-3.1132
2024-10-29 15:00:00,-3.1127
2024-10-29 16:00:00,-3.1119
2024-10-29 17:00:00,-3.1112
2024-10-29 18:00:00,-3.1106
2024-10-29 19:00:00,-3.1096
2024-10-29 20:00:00,-3.1084
2024-10-29 21:00:00,-3.1071
2024-10-29 22:00:00,-3.1056
2024-10-29 23:00:00,-3.1041
2024-10-30 00:00:00,-3.1026
2024-10-30 01:00:00,-3.1010
2024-10-30 02:00:00,-3.0995
2024-10-30 03:00:00,-3.0979
2024-10-30 04:00:00,-3.0964
2024-10-30 05:00:00,-3.0949
2024-10-30 06:00:00,-3.0936
2024-10-30 07:00:00,-3.0921
2024-10-30 08:00:00,-3.0909
2024-10-30 09:00:00,-3.0899
2024-10-30 10:00:00,-3.0889
2024-10-30 11:00:00,-3.0881
2024-10-30 12:00:00,-3.0870
2024-10-30 13:00:00,-3.0858
2024-10-30 14:00:00,-3.0849
2024-10-30 15:00:00,-3.0840
2024-10-30 16:00:00,-3.0831
2024-10-30 17:00:00,-3.0820
2024-10-30 18:00:00,-3.0813
2024-10-30 19:00:00,-3.0805
2024-10-30 20:00:00,-3.0797
2024-10-30 21:00:00,-3.0789
2024-10-30 22:00:00,-3.0782
2024-10-30 23:00:00,-3.0774
2024-10-31 00:00:00,-3.0766
2024-10-31 01:00:00,-3.0758
2024-10-31 02:00:00,-3.0750
2024-10-31 03:00:00,-3.0743
2024-10-31 04:00:00,-3.0735
2024-10-31 05:00:00,-3.0727
2024-10-31 06:00:00,-3.0719
2024-10-31 07:00:00,-3.0713
2024-10-31 08:00:00,-3.0706
2024-10-31 09:00:00,-3.0702
2024-10-31 10:00:00,-3.0697
2024-10-31 11:00:00,-3.0692
2024-10-31 12:00:00,-3.0690
2024-10-31 13:00:00,-3.0686
2024-10-31 14:00:00,-3.0682
2024-10-31 15:00:00,-3.0677
2024-10-31 16:00:00,-3.0673
2024-10-31 17:00:00,-3.0670
2024-10-31 18:00:00,-3.0666
2024-10-31 19:00:00,-3.0662
2024-10-31 20:00:00,-3.0661
2024-10-31 21:00:00,-3.0662
2024-10-31 22:00:00,-3.0666
2024-10-31 23:00:00,-3.0667
2024-11-01 00:00:00,-3.0668
2024-11-01 01:00:00,-3.0669
2024-11-01 02:00:00,-3.0669
2024-11-01 03:00:00,-3.0670
2024-11-01 04:00:00,-3.0669
2024-11-01 05:00:00,-3.0670
2024-11-01 06:00:00,-3.0669
2024-11-01 07:00:00,-3.0670
2024-11-01 08:00:00,-3.0674
2024-11-01 09:00:00,-3.0675
2024-11-01 10:00:00,-3.0676
2024-11-01 11:00:00,-3.0680
2024-11-01 12:00:00,-3.0684
2024-11-01 13:00:00,-3.0684
2024-11-01 14:00:00,-3.0694
2024-11-01 15:00:00,-3.0700
2024-11-01 16:00:00,-3.0702
2024-11-01 17:00:00,-3.0706
2024-11-01 18:00:00,-3.0715
2024-11-01 19:00:00,-3.0721
2024-11-01 20:00:00,-3.0728
2024-11-01 21:00:00,-3.0734
2024-11-01 22:00:00,-3.0741
2024-11-01 23:00:00,-3.0748
2024-11-02 00:00:00,-3.0756
2024-11-02 01:00:00,-3.0762
2024-11-02 02:00:00,-3.0766
2024-11-02 03:00:00,-3.0774
2024-11-02 04:00:00,-3.0782
2024-11-02 05:00:00,-3.0792
2024-11-02 06:00:00,-3.0798
2024-11-02 07:00:00,-3.0803
2024-11-02 08:00:00,-3.0810
2024-11-02 09:00:00,-3.0817
2024-11-02 10:00:00,-3.0824
2024-11-02 11:00:00,-3.0830
2024-11-02 12:00:00,-3.0834
2024-11-02 13:00:00,-3.0835
2024-11-02 14:00:00,-3.0838
2024-11-02 15:00:00,-3.0840
2024-11-02 16:00:00,-3.0845
2024-11-02 17:00:00,-3.0848
2024-11-02 18:00:00,-3.0850
2024-11-02 19:00:00,-3.0854
2024-11-02 20:00:00,-3.0857
2024-11-02 21:00:00,-3.0858
2024-11-02 22:00:00,-3.0860
2024-11-02 23:00:00,-3.0863
2024-11-03 00:00:00,-3.0865
2024-11-03 01:00:00,-3.0867
2024-11-03 02:00:00,-3.0868
2024-11-03 03:00:00,-3.0870
2024-11-03 04:00:00,-3.0870
2024-11-03 05:00:00,-3.0872
2024-11-03 06:00:00,-3.0872
2024-11-03 07:00:00,-3.0873
2024-11-03 08:00:00,-3.0878
2024-11-03 09:00:00,-3.0881
2024-11-03 10:00:00,-3.0884
2024-11-03 11:00:00,-3.0889
2024-11-03 12:00:00,-3.0893
2024-11-03 13:00:00,-3.0898
2024-11-03 14:00:00,-3.0902
2024-11-03 15:00:00,-3.0907
2024-11-03 16:00:00,-3.0912
2024-11-03 17:00:00,-3.0916
2024-11-03 18:00:00,-3.0921
2024-11-03 19:00:00,-3.0926
2024-11-03 20:00:00,-3.0931
2024-11-03 21:00:00,-3.0936
2024-11-03 22:00:00,-3.0941
2024-11-03 23:00:00,-3.0944
2024-11-04 00:00:00,-3.0947
2024-11-04 01:00:00,-3.0949
2024-11-04 02:00:00,-3.0951
2024-11-04 03:00:00,-3.0952
2024-11-04 04:00:00,-3.0953
2024-11-04 05:00:00,-3.0956
2024-11-04 06:00:00,-3.0957
2024-11-04 07:00:00,-3.0959
2024-11-04 08:00:00,-3.0961
2024-11-04 09:00:00,-3.0962
2024-11-04 10:00:00,-3.0962
2024-11-04 11:00:00,-3.0965
2024-11-04 12:00:00,-3.0966
2024-11-04 13:00:00,-3.0964
2024-11-04 14:00:00,-3.0966
2024-11-04 15:00:00,-3.0965
2024-11-04 16:00:00,-3.0968
2024-11-04 17:00:00,-3.0969
2024-11-04 18:00:00,-3.0972
2024-11-04 19:00:00,-3.0974
2024-11-04 20:00:00,-3.0975
2024-11-04 21:00:00,-3.0978
2024-11-04 22:00:00,-3.0983
2024-11-04 23:00:00,-3.0985
2024-11-05 00:00:00,-3.0988
2024-11-05 01:00:00,-3.0990
2024-11-05 02:00:00,-3.0992
2024-11-05 03:00:00,-3.0996
2024-11-05 04:00:00,-3.0997
2024-11-05 05:00:00,-3.1001
2024-11-05 06:00:00,-3.1004
2024-11-05 07:00:00,-3.1006
2024-11-05 08:00:00,-3.1011
2024-11-05 09:00:00,-3.1014
2024-11-05 10:00:00,-3.1019
2024-11-05 11:00:00,-3.1021
2024-11-05 12:00:00,-3.1022
2024-11-05 13:00:00,-3.1026
2024-11-05 14:00:00,-3.1028
2024-11-05 15:00:00,-3.1033
2024-11-05 16:00:00,-3.1040
2024-11-05 17:00:00,-3.1045
2024-11-05 18:00:00,-3.1049
2024-11-05 19:00:00,-3.1054
2024-11-05 20:00:00,-3.1057
2024-11-05 21:00:00,-3.1062
2024-11-05 22:00:00,-3.1065
2024-11-05 23:00:00,-3.1067
2024-11-06 00:00:00,-3.1072
2024-11-06 01:00:00,-3.1078
2024-11-06 02:00:00,-3.1082
2024-11-06 03:00:00,-3.1090
2024-11-06 04:00:00,-3.1096
2024-11-06 05:00:00,-3.1101
2024-11-06 06:00:00,-3.1106
2024-11-06 07:00:00,-3.1111
2024-11-06 08:00:00,-3.1117
2024-11-06 09:00:00,-3.1124
2024-11-06 10:00:00,-3.1120
2024-11-06 11:00:00,-3.1137
2024-11-06 12:00:00,-3.1143
2024-11-06 13:00:00,-3.1148
2024-11-06 14:00:00,-3.1151
2024-11-06 15:00:00,-3.1155
2024-11-06 16:00:00,-3.1159
2024-11-06 17:00:00,-3.1162
2024-11-06 18:00:00,-3.1158
2024-11-06 19:00:00,-3.1174
2024-11-06 20:00:00,-3.1169
2024-11-06 21:00:00,-3.1181
2024-11-06 22:00:00,-3.1185
2024-11-06 23:00:00,-3.1189
2024-11-07 00:00:00,-3.1180
2024-11-07 01:00:00,-3.1182
2024-11-07 02:00:00,-3.1194
2024-11-07 03:00:00,-3.1197
2024-11-07 04:00:00,-3.1201
2024-11-07 05:00:00,-3.1192
2024-11-07 07:00:00,-3.1210
2024-11-07 08:00:00,-3.1211
2024-11-07 09:00:00,-3.1214
2024-11-07 10:00:00,-3.1216
2024-11-07 11:00:00,-3.1220
2024-11-07 12:00:00,-3.1224
2024-11-07 13:00:00,-3.1226
2024-11-07 14:00:00,-3.1218
2024-11-07 15:00:00,-3.1218
2024-11-07 16:00:00,-3.1222
2024-11-07 17:00:00,-3.1235
2024-11-07 18:00:00,-3.1239
2024-11-07 19:00:00,-3.1244
2024-11-07 20:00:00,-3.1245
2024-11-07 21:00:00,-3.1236
2024-11-07 22:00:00,-3.1251
2024-11-07 23:00:00,-3.1244
2024-11-08 00:00:00,-3.1258
2024-11-08 01:00:00,-3.1260
2024-11-08 02:00:00,-3.1256
2024-11-08 03:00:00,-3.1268
2024-11-08 04:00:00,-3.1271
2024-11-08 05:00:00,-3.1272
2024-11-08 06:00:00,-3.1276
2024-11-08 07:00:00,-3.1281
2024-11-08 08:00:00,-3.1283
2024-11-08 09:00:00,-3.1286
2024-11-08 10:00:00,-3.1291
2024-11-08 11:00:00,-3.1279
2024-11-08 12:00:00,-3.1292
2024-11-08 13:00:00,-3.1292
2024-11-08 14:00:00,-3.1282
2024-11-08 15:00:00,-3.1297
2024-11-08 16:00:00,-3.1300
2024-11-08 17:00:00,-3.1306
2024-11-08 18:00:00,-3.1309
2024-11-08 19:00:00,-3.1316
2024-11-08 20:00:00,-3.1319
2024-11-08 21:00:00,-3.1326
2024-11-08 22:00:00,-3.1330
2024-11-08 23:00:00,-3.1334
2024-11-09 00:00:00,-3.1337
2024-11-09 01:00:00,-3.1342
2024-11-09 02:00:00,-3.1344
2024-11-09 03:00:00,-3.1349
2024-11-09 04:00:00,-3.1351
2024-11-09 05:00:00,-3.1356
2024-11-09 06:00:00,-3.1360
2024-11-09 07:00:00,-3.1365
2024-11-09 08:00:00,-3.1371
2024-11-09 09:00:00,-3.1378
2024-11-09 10:00:00,-3.1382
2024-11-09 11:00:00,-3.1384
2024-11-09 12:00:00,-3.1387
2024-11-09 13:00:00,-3.1391
2024-11-09 14:00:00,-3.1394
2024-11-09 15:00:00,-3.1396
2024-11-09 16:00:00,-3.1402
2024-11-09 17:00:00,-3.1410
2024-11-09 18:00:00,-3.1414
2024-11-09 19:00:00,-3.1419
2024-11-09 20:00:00,-3.1423
2024-11-09 21:00:00,-3.1428
2024-11-09 22:00:00,-3.1433
2024-11-09 23:00:00,-3.1440
2024-11-10 00:00:00,-3.1447
2024-11-10 01:00:00,-3.1454
2024-11-10 02:00:00,-3.1457
2024-11-10 03:00:00,-3.1463
2024-11-10 04:00:00,-3.1469
2024-11-10 05:00:00,-3.1472
2024-11-10 06:00:00,-3.1479
2024-11-10 07:00:00,-3.1483
2024-11-10 08:00:00,-3.1489
2024-11-10 09:00:00,-3.1493
2024-11-10 10:00:00,-3.1496
2024-11-10 11:00:00,-3.1499
2024-11-10 12:00:00,-3.1503
2024-11-10 13:00:00,-3.1506
2024-11-10 14:00:00,-3.1506
2024-11-10 15:00:00,-3.1507
2024-11-10 16:00:00,-3.1509
2024-11-10 17:00:00,-3.1509
2024-11-10 18:00:00,-3.1515
2024-11-10 19:00:00,-3.1515
2024-11-10 20:00:00,-3.1518
2024-11-10 21:00:00,-3.1518
2024-11-10 22:00:00,-3.1517
2024-11-10 23:00:00,-3.1513
2024-11-11 00:00:00,-3.1510
2024-11-11 01:00:00,-3.1512
2024-11-11 02:00:00,-3.1508
2024-11-11 03:00:00,-3.1509
2024-11-11 04:00:00,-3.1508
2024-11-11 05:00:00,-3.1510
2024-11-11 06:00:00,-3.1507
2024-11-11 07:00:00,-3.1506
2024-11-11 08:00:00,-3.1504
2024-11-11 09:00:00,-3.1504
2024-11-11 10:00:00,-3.1499
2024-11-11 11:00:00,-3.1501
2024-11-11 12:00:00,-3.1502
2024-11-11 13:00:00,-3.1498
2024-11-11 14:00:00,-3.1494
2024-11-11 15:00:00,-3.1485
2024-11-11 16:00:00,-3.1479
2024-11-11 17:00:00,-3.1486
2024-11-11 18:00:00,-3.1473
2024-11-11 19:00:00,-3.1472
2024-11-11 20:00:00,-3.1464
2024-11-11 21:00:00,-3.1463
2024-11-11 22:00:00,-3.1451
2024-11-11 23:00:00,-3.1441
2024-11-12 00:00:00,-3.1430
2024-11-12 01:00:00,-3.1424
2024-11-12 02:00:00,-3.1409
2024-11-12 03:00:00,-3.1401
2024-11-12 04:00:00,-3.1394
2024-11-12 05:00:00,-3.1382
2024-11-12 06:00:00,-3.1373
2024-11-12 07:00:00,-3.1362
2024-11-12 08:00:00,-3.1363
2024-11-12 09:00:00,-3.1360
2024-11-12 10:00:00,-3.1358
2024-11-12 11:00:00,-3.1354
2024-11-12 12:00:00,-3.1354
2024-11-12 13:00:00,-3.1347
2024-11-12 14:00:00,-3.1346
2024-11-12 15:00:00,-3.1346
2024-11-12 16:00:00,-3.1347
2024-11-12 17:00:00,-3.1347
2024-11-12 18:00:00,-3.1347
2024-11-12 19:00:00,-3.1346
2024-11-12 20:00:00,-3.1352
2024-11-12 21:00:00,-3.1354
2024-11-12 22:00:00,-3.1359
2024-11-12 23:00:00,-3.1362
2024-11-13 00:00:00,-3.1368
2024-11-13 01:00:00,-3.1367
2024-11-13 02:00:00,-3.1369
2024-11-13 03:00:00,-3.1369
2024-11-13 04:00:00,-3.1369
2024-11-13 05:00:00,-3.1378
2024-11-13 06:00:00,-3.1386
2024-11-13 07:00:00,-3.1388
2024-11-13 08:00:00,-3.1394
2024-11-13 09:00:00,-3.1401
2024-11-13 10:00:00,-3.1410
2024-11-13 11:00:00,-3.1415
2024-11-13 12:00:00,-3.1416
2024-11-13 13:00:00,-3.1415
2024-11-13 14:00:00,-3.1415
2024-11-13 15:00:00,-3.1413
2024-11-13 16:00:00,-3.1418
2024-11-13 17:00:00,-3.1418
2024-11-13 18:00:00,-3.1422
2024-11-13 19:00:00,-3.1422
2024-11-13 20:00:00,-3.1424
2024-11-13 21:00:00,-3.1429
2024-11-13 22:00:00,-3.1433
2024-11-13 23:00:00,-3.1436
2024-11-14 00:00:00,-3.1436
2024-11-14 01:00:00,-3.1438
2024-11-14 02:00:00,-3.1439
2024-11-14 03:00:00,-3.1441
2024-11-14 04:00:00,-3.1444
2024-11-14 05:00:00,-3.1446
2024-11-14 06:00:00,-3.1447
2024-11-14 07:00:00,-3.1451
2024-11-14 08:00:00,-3.1456
2024-11-14 09:00:00,-3.1463
2024-11-14 10:00:00,-3.1469
2024-11-14 11:00:00,-3.1475
2024-11-14 12:00:00,-3.1483
2024-11-14 13:00:00,-3.1489
2024-11-14 14:00:00,-3.1491
2024-11-14 15:00:00,-3.1491
2024-11-14 16:00:00,-3.1493
2024-11-14 17:00:00,-3.1496
2024-11-14 18:00:00,-3.1498
2024-11-14 19:00:00,-3.1501
2024-11-14 20:00:00,-3.1502
2024-11-14 21:00:00,-3.1504
2024-11-14 22:00:00,-3.1509
2024-11-14 23:00:00,-3.1512
2024-11-15 00:00:00,-3.1512
2024-11-15 01:00:00,-3.1518
2024-11-15 02:00:00,-3.1521
2024-11-15 03:00:00,-3.1518
2024-11-15 04:00:00,-3.1518
2024-11-15 05:00:00,-3.1518
2024-11-15 06:00:00,-3.1521
2024-11-15 07:00:00,-3.1520
2024-11-15 08:00:00,-3.1520
2024-11-15 09:00:00,-3.1523
2024-11-15 10:00:00,-3.1528
2024-11-15 11:00:00,-3.1527
2024-11-15 12:00:00,-3.1528
2024-11-15 13:00:00,-3.1533
2024-11-15 14:00:00,-3.1534
2024-11-15 15:00:00,-3.1530
2024-11-15 16:00:00,-3.1535
2024-11-15 17:00:00,-3.1535
2024-11-15 18:00:00,-3.1534
2024-11-15 19:00:00,-3.1525
2024-11-15 20:00:00,-3.1538
2024-11-15 21:00:00,-3.1538
2024-11-15 22:00:00,-3.1531
2024-11-15 23:00:00,-3.1537
2024-11-16 00:00:00,-3.1543
2024-11-16 01:00:00,-3.1541
2024-11-16 02:00:00,-3.1529
2024-11-16 03:00:00,-3.1533
2024-11-16 04:00:00,-3.1523
2024-11-16 05:00:00,-3.1521
2024-11-16 06:00:00,-3.1533
2024-11-16 07:00:00,-3.1526
2024-11-16 08:00:00,-3.1539
2024-11-16 09:00:00,-3.1543
2024-11-16 10:00:00,-3.1536
2024-11-16 11:00:00,-3.1540
2024-11-16 12:00:00,-3.1533
2024-11-16 13:00:00,-3.1548
2024-11-16 14:00:00,-3.1553
2024-11-16 15:00:00,-3.1558
2024-11-16 16:00:00,-3.1553
2024-11-16 17:00:00,-3.1542
2024-11-16 18:00:00,-3.1543
2024-11-16 19:00:00,-3.1554
2024-11-16 20:00:00,-3.1553
2024-11-16 21:00:00,-3.1544
2024-11-16 22:00:00,-3.1543
2024-11-16 23:00:00,-3.1545
2024-11-17 00:00:00,-3.1539
2024-11-17 01:00:00,-3.1543
2024-11-17 02:00:00,-3.1554
2024-11-17 03:00:00,-3.1548
2024-11-17 04:00:00,-3.1548
2024-11-17 05:00:00,-3.1561
2024-11-17 06:00:00,-3.1551
2024-11-17 07:00:00,-3.1549
2024-11-17 08:00:00,-3.1553
2024-11-17 09:00:00,-3.1554
2024-11-17 10:00:00,-3.1549
2024-11-17 11:00:00,-3.1543
2024-11-17 12:00:00,-3.1551
2024-11-17 13:00:00,-3.1547
2024-11-17 14:00:00,-3.1538
2024-11-17 15:00:00,-3.1538
2024-11-17 16:00:00,-3.1501
2024-11-17 17:00:00,-3.1463
2024-11-17 18:00:00,-3.1462
2024-11-17 19:00:00,-3.1416
2024-11-17 20:00:00,-3.1357
2024-11-17 21:00:00,-3.1311
2024-11-17 22:00:00,-3.1264
2024-11-17 23:00:00,-3.1221
2024-11-18 00:00:00,-3.1161
2024-11-18 01:00:00,-3.1044
2024-11-18 02:00:00,-3.0875
2024-11-18 03:00:00,-3.0709
2024-11-18 04:00:00,-3.0582
2024-11-18 05:00:00,-3.0472
2024-11-18 06:00:00,-3.0376
2024-11-18 07:00:00,-3.0303
2024-11-18 08:00:00,-3.0236
2024-11-18 09:00:00,-3.0181
2024-11-18 10:00:00,-3.0132
2024-11-18 11:00:00,-3.0095
2024-11-18 12:00:00,-3.0058
2024-11-18 13:00:00,-3.0033
2024-11-18 14:00:00,-3.0007
2024-11-18 15:00:00,-2.9987
2024-11-18 16:00:00,-2.9965
2024-11-18 17:00:00,-2.9949
2024-11-18 18:00:00,-2.9934
2024-11-18 19:00:00,-2.9921
2024-11-18 20:00:00,-2.9910
2024-11-18 21:00:00,-2.9903
2024-11-18 22:00:00,-2.9897
2024-11-18 23:00:00,-2.9890
2024-11-19 00:00:00,-2.9883
2024-11-19 01:00:00,-2.9883
2024-11-19 02:00:00,-2.9877
2024-11-19 03:00:00,-2.9870
2024-11-19 04:00:00,-2.9858
2024-11-19 05:00:00,-2.9828
2024-11-19 06:00:00,-2.9731
2024-11-19 07:00:00,-2.9516
2024-11-19 08:00:00,-2.9331
2024-11-19 09:00:00,-2.9134
2024-11-19 10:00:00,-2.8975
2024-11-19 11:00:00,-2.8854
2024-11-19 12:00:00,-2.8759
2024-11-19 13:00:00,-2.8681
2024-11-19 14:00:00,-2.8618
2024-11-19 15:00:00,-2.8573
2024-11-19 16:00:00,-2.8537
2024-11-19 17:00:00,-2.8510
2024-11-19 18:00:00,-2.8493
2024-11-19 19:00:00,-2.8481
2024-11-19 20:00:00,-2.8473
2024-11-19 21:00:00,-2.8472
2024-11-19 22:00:00,-2.8477
2024-11-19 23:00:00,-2.8486
2024-11-20 00:00:00,-2.8498
2024-11-20 01:00:00,-2.8510
2024-11-20 02:00:00,-2.8527
2024-11-20 03:00:00,-2.8540
2024-11-20 04:00:00,-2.8555
2024-11-20 05:00:00,-2.8568
2024-11-20 06:00:00,-2.8573
2024-11-20 07:00:00,-2.8532
2024-11-20 08:00:00,-2.8489
2024-11-20 09:00:00,-2.8458
2024-11-20 10:00:00,-2.8421
2024-11-20 11:00:00,-2.8374
2024-11-20 12:00:00,-2.8332
2024-11-20 13:00:00,-2.8298
2024-11-20 14:00:00,-2.8270
2024-11-20 15:00:00,-2.8212
2024-11-20 16:00:00,-2.8151
2024-11-20 17:00:00,-2.8096
2024-11-20 18:00:00,-2.8051
2024-11-20 19:00:00,-2.8018
2024-11-20 20:00:00,-2.7991
2024-11-20 21:00:00,-2.7967
2024-11-20 22:00:00,-2.7955
2024-11-20 23:00:00,-2.7945
2024-11-21 00:00:00,-2.7915
2024-11-21 01:00:00,-2.7855
2024-11-21 02:00:00,-2.7770
2024-11-21 03:00:00,-2.7686
2024-11-21 04:00:00,-2.7607
2024-11-21 05:00:00,-2.7538
2024-11-21 06:00:00,-2.7477
2024-11-21 07:00:00,-2.7424
2024-11-21 08:00:00,-2.7377
2024-11-21 09:00:00,-2.7339
2024-11-21 10:00:00,-2.7309
2024-11-21 11:00:00,-2.7281
2024-11-21 12:00:00,-2.7263
2024-11-21 13:00:00,-2.7242
2024-11-21 14:00:00,-2.7222
2024-11-21 15:00:00,-2.7196
2024-11-21 16:00:00,-2.7162
2024-11-21 17:00:00,-2.7129
2024-11-21 18:00:00,-2.7098
2024-11-21 19:00:00,-2.7072
2024-11-21 20:00:00,-2.7055
2024-11-21 21:00:00,-2.7043
2024-11-21 22:00:00,-2.7036
2024-11-21 23:00:00,-2.7037
2024-11-22 00:00:00,-2.7040
2024-11-22 01:00:00,-2.7064
2024-11-22 02:00:00,-2.7073
2024-11-22 03:00:00,-2.7074
2024-11-22 04:00:00,-2.7069
2024-11-22 05:00:00,-2.7058
2024-11-22 06:00:00,-2.7044
2024-11-22 07:00:00,-2.7023
2024-11-22 08:00:00,-2.6991
2024-11-22 09:00:00,-2.6963
2024-11-22 10:00:00,-2.6931
2024-11-22 11:00:00,-2.6904
2024-11-22 12:00:00,-2.6876
2024-11-22 13:00:00,-2.6846
2024-11-22 14:00:00,-2.6743
2024-11-22 15:00:00,-2.6648
2024-11-22 16:00:00,-2.6574
2024-11-22 17:00:00,-2.6532
2024-11-22 18:00:00,-2.6500
2024-11-22 19:00:00,-2.6480
2024-11-22 20:00:00,-2.6469
2024-11-22 21:00:00,-2.6466
2024-11-22 22:00:00,-2.6476
2024-11-22 23:00:00,-2.6499
2024-11-23 00:00:00,-2.6526
2024-11-23 01:00:00,-2.6552
2024-11-23 02:00:00,-2.6587
2024-11-23 03:00:00,-2.6623
2024-11-23 04:00:00,-2.6659
2024-11-23 05:00:00,-2.6702
2024-11-23 06:00:00,-2.6737
2024-11-23 07:00:00,-2.6775
2024-11-23 08:00:00,-2.6813
2024-11-23 09:00:00,-2.6853
2024-11-23 10:00:00,-2.6892
2024-11-23 11:00:00,-2.6933
2024-11-23 12:00:00,-2.6972
2024-11-23 13:00:00,-2.7010
2024-11-23 14:00:00,-2.7041
2024-11-23 15:00:00,-2.7071
2024-11-23 16:00:00,-2.7110
2024-11-23 17:00:00,-2.7143
2024-11-23 18:00:00,-2.7177
2024-11-23 19:00:00,-2.7209
2024-11-23 20:00:00,-2.7167
2024-11-23 21:00:00,-2.6821
2024-11-23 22:00:00,-2.6524
2024-11-23 23:00:00,-2.6394
2024-11-24 00:00:00,-2.6321
2024-11-24 01:00:00,-2.6266
2024-11-24 02:00:00,-2.6228
2024-11-24 03:00:00,-2.6208
2024-11-24 04:00:00,-2.6187
2024-11-24 05:00:00,-2.6180
2024-11-24 06:00:00,-2.6173
2024-11-24 07:00:00,-2.6185
2024-11-24 08:00:00,-2.6212
2024-11-24 09:00:00,-2.6236
2024-11-24 10:00:00,-2.6267
2024-11-24 11:00:00,-2.6301
2024-11-24 12:00:00,-2.6334
2024-11-24 13:00:00,-2.6369
2024-11-24 14:00:00,-2.6402
2024-11-24 15:00:00,-2.6445
2024-11-24 16:00:00,-2.6481
2024-11-24 17:00:00,-2.6524
2024-11-24 18:00:00,-2.6560
2024-11-24 19:00:00,-2.6612
2024-11-24 20:00:00,-2.6654
2024-11-24 21:00:00,-2.6699
2024-11-24 22:00:00,-2.6742
2024-11-24 23:00:00,-2.6794
2024-11-25 00:00:00,-2.6845
2024-11-25 01:00:00,-2.6891
2024-11-25 02:00:00,-2.6940
2024-11-25 03:00:00,-2.6992
2024-11-25 04:00:00,-2.7039
2024-11-25 05:00:00,-2.7089
2024-11-25 06:00:00,-2.7137
2024-11-25 07:00:00,-2.7186
2024-11-25 08:00:00,-2.7235
2024-11-25 09:00:00,-2.7284
2024-11-25 10:00:00,-2.7333
2024-11-25 11:00:00,-2.7378
2024-11-25 12:00:00,-2.7420
2024-11-25 13:00:00,-2.7461
2024-11-25 14:00:00,-2.7499
2024-11-25 15:00:00,-2.7541
2024-11-25 16:00:00,-2.7583
2024-11-25 17:00:00,-2.7626
2024-11-25 18:00:00,-2.7664
2024-11-25 19:00:00,-2.7707
2024-11-25 20:00:00,-2.7749
2024-11-25 21:00:00,-2.7786
2024-11-25 22:00:00,-2.7824
2024-11-25 23:00:00,-2.7864
2024-11-26 00:00:00,-2.7899
2024-11-26 01:00:00,-2.7936
2024-11-26 02:00:00,-2.7971
2024-11-26 03:00:00,-2.8008
2024-11-26 04:00:00,-2.8041
2024-11-26 05:00:00,-2.8076
2024-11-26 06:00:00,-2.8109
2024-11-26 07:00:00,-2.8141
2024-11-26 08:00:00,-2.8175
2024-11-26 09:00:00,-2.8208
2024-11-26 10:00:00,-2.8239
2024-11-26 11:00:00,-2.8265
2024-11-26 12:00:00,-2.8291
2024-11-26 13:00:00,-2.8319
2024-11-26 14:00:00,-2.8343
2024-11-26 15:00:00,-2.8358
2024-11-26 16:00:00,-2.8365
2024-11-26 17:00:00,-2.8372
2024-11-26 18:00:00,-2.8382
2024-11-26 19:00:00,-2.8405
2024-11-26 20:00:00,-2.8413
2024-11-26 21:00:00,-2.8417
2024-11-26 22:00:00,-2.8429
2024-11-26 23:00:00,-2.8442
2024-11-27 00:00:00,-2.8453
2024-11-27 01:00:00,-2.8464
2024-11-27 02:00:00,-2.8477
2024-11-27 03:00:00,-2.8490
2024-11-27 04:00:00,-2.8511
2024-11-27 05:00:00,-2.8523
2024-11-27 06:00:00,-2.8535
2024-11-27 07:00:00,-2.8545
2024-11-27 08:00:00,-2.8538
2024-11-27 09:00:00,-2.8534
2024-11-27 10:00:00,-2.8458
2024-11-27 11:00:00,-2.8328
2024-11-27 12:00:00,-2.8068
2024-11-27 13:00:00,-2.7714
2024-11-27 14:00:00,-2.7351
2024-11-27 15:00:00,-2.7014
2024-11-27 16:00:00,-2.6698
2024-11-27 17:00:00,-2.6445
2024-11-27 18:00:00,-2.6287
2024-11-27 19:00:00,-2.6157
2024-11-27 20:00:00,-2.6081
2024-11-27 21:00:00,-2.6054
2024-11-27 22:00:00,-2.6042
2024-11-27 23:00:00,-2.6030
2024-11-28 00:00:00,-2.6034
2024-11-28 01:00:00,-2.6052
2024-11-28 02:00:00,-2.6070
2024-11-28 03:00:00,-2.6093
2024-11-28 04:00:00,-2.6109
2024-11-28 05:00:00,-2.6118
2024-11-28 06:00:00,-2.6150
2024-11-28 07:00:00,-2.6173
2024-11-28 08:00:00,-2.6204
2024-11-28 09:00:00,-2.6235
2024-11-28 10:00:00,-2.6261
2024-11-28 11:00:00,-2.6292
2024-11-28 12:00:00,-2.6322
2024-11-28 13:00:00,-2.6352
2024-11-28 14:00:00,-2.6382
2024-11-28 15:00:00,-2.6419
2024-11-28 16:00:00,-2.6453
2024-11-28 17:00:00,-2.6486
2024-11-28 18:00:00,-2.6519
2024-11-28 19:00:00,-2.6552
2024-11-28 20:00:00,-2.6587
2024-11-28 21:00:00,-2.6621
2024-11-28 22:00:00,-2.6652
2024-11-28 23:00:00,-2.6685
2024-11-29 00:00:00,-2.6718
2024-11-29 01:00:00,-2.6747
2024-11-29 02:00:00,-2.6778
2024-11-29 03:00:00,-2.6809
2024-11-29 04:00:00,-2.6842
2024-11-29 05:00:00,-2.6872
2024-11-29 06:00:00,-2.6904
2024-11-29 07:00:00,-2.6935
2024-11-29 08:00:00,-2.6970
2024-11-29 09:00:00,-2.7006
2024-11-29 10:00:00,-2.7041
2024-11-29 11:00:00,-2.7076
2024-11-29 12:00:00,-2.7109
2024-11-29 13:00:00,-2.7139
2024-11-29 14:00:00,-2.7169
2024-11-29 15:00:00,-2.7203
2024-11-29 16:00:00,-2.7236
2024-11-29 17:00:00,-2.7270
2024-11-29 18:00:00,-2.7313
2024-11-29 19:00:00,-2.7336
2024-11-29 20:00:00,-2.7372
2024-11-29 21:00:00,-2.7405
2024-11-29 22:00:00,-2.7451
2024-11-29 23:00:00,-2.7484
2024-11-30 00:00:00,-2.7516
2024-11-30 01:00:00,-2.7549
2024-11-30 02:00:00,-2.7581
2024-11-30 03:00:00,-2.7614
2024-11-30 04:00:00,-2.7648
2024-11-30 05:00:00,-2.7680
2024-11-30 06:00:00,-2.7711
2024-11-30 07:00:00,-2.7739
2024-11-30 08:00:00,-2.7769
2024-11-30 09:00:00,-2.7799
2024-11-30 10:00:00,-2.7827
2024-11-30 11:00:00,-2.7854
2024-11-30 12:00:00,-2.7880
2024-11-30 13:00:00,-2.7907
2024-11-30 14:00:00,-2.7931
2024-11-30 15:00:00,-2.7955
2024-11-30 16:00:00,-2.7981
2024-11-30 17:00:00,-2.8006
2024-11-30 18:00:00,-2.8031
2024-11-30 19:00:00,-2.8055
2024-11-30 20:00:00,-2.8078
2024-11-30 21:00:00,-2.8100
2024-11-30 22:00:00,-2.8123
2024-11-30 23:00:00,-2.8148
2024-12-01 00:00:00,-2.8172
2024-12-01 01:00:00,-2.8191
2024-12-01 02:00:00,-2.8218
2024-12-01 03:00:00,-2.8240
2024-12-01 04:00:00,-2.8262
2024-12-01 05:00:00,-2.8284
2024-12-01 06:00:00,-2.8305
2024-12-01 07:00:00,-2.8327
2024-12-01 08:00:00,-2.8344
2024-12-01 09:00:00,-2.8368
2024-12-01 10:00:00,-2.8385
2024-12-01 11:00:00,-2.8411
2024-12-01 12:00:00,-2.8429
2024-12-01 13:00:00,-2.8445
2024-12-01 14:00:00,-2.8463
2024-12-01 15:00:00,-2.8485
2024-12-01 16:00:00,-2.8505
2024-12-01 17:00:00,-2.8518
2024-12-01 18:00:00,-2.8543
2024-12-01 19:00:00,-2.8567
2024-12-01 20:00:00,-2.8588
2024-12-01 21:00:00,-2.8610
2024-12-01 22:00:00,-2.8632
2024-12-01 23:00:00,-2.8653
2024-12-02 00:00:00,-2.8676
2024-12-02 01:00:00,-2.8701
2024-12-02 02:00:00,-2.8721
2024-12-02 03:00:00,-2.8743
2024-12-02 04:00:00,-2.8763
2024-12-02 05:00:00,-2.8781
2024-12-02 06:00:00,-2.8798
2024-12-02 07:00:00,-2.8817
2024-12-02 08:00:00,-2.8833
2024-12-02 09:00:00,-2.8851
2024-12-02 10:00:00,-2.8871
2024-12-02 11:00:00,-2.8889
2024-12-02 12:00:00,-2.8902
2024-12-02 13:00:00,-2.8918
2024-12-02 14:00:00,-2.8932
2024-12-02 15:00:00,-2.8947
2024-12-02 16:00:00,-2.8962
2024-12-02 17:00:00,-2.8979
2024-12-02 18:00:00,-2.8992
2024-12-02 19:00:00,-2.9009
2024-12-02 20:00:00,-2.9030
2024-12-02 21:00:00,-2.9048
2024-12-02 22:00:00,-2.9063
2024-12-02 23:00:00,-2.9078
2024-12-03 00:00:00,-2.9090
2024-12-03 01:00:00,-2.9094
2024-12-03 02:00:00,-2.9099
2024-12-03 03:00:00,-2.9127
2024-12-03 04:00:00,-2.9145
2024-12-03 05:00:00,-2.9155
2024-12-03 06:00:00,-2.9168
2024-12-03 07:00:00,-2.9189
2024-12-03 08:00:00,-2.9203
2024-12-03 09:00:00,-2.9210
2024-12-03 10:00:00,-2.9230
2024-12-03 11:00:00,-2.9246
2024-12-03 12:00:00,-2.9261
2024-12-03 13:00:00,-2.9273
2024-12-03 14:00:00,-2.9265
2024-12-03 15:00:00,-2.9301
2024-12-03 16:00:00,-2.9316
2024-12-03 17:00:00,-2.9328
2024-12-03 18:00:00,-2.9342
2024-12-03 19:00:00,-2.9357
2024-12-03 20:00:00,-2.9368
2024-12-03 21:00:00,-2.9382
2024-12-03 22:00:00,-2.9395
2024-12-03 23:00:00,-2.9407
2024-12-04 00:00:00,-2.9415
2024-12-04 01:00:00,-2.9428
2024-12-04 02:00:00,-2.9441
2024-12-04 03:00:00,-2.9455
2024-12-04 04:00:00,-2.9467
2024-12-04 05:00:00,-2.9478
2024-12-04 06:00:00,-2.9490
2024-12-04 07:00:00,-2.9503
2024-12-04 08:00:00,-2.9516
2024-12-04 09:00:00,-2.9528
2024-12-04 10:00:00,-2.9540
2024-12-04 11:00:00,-2.9554
2024-12-04 12:00:00,-2.9567
2024-12-04 13:00:00,-2.9580
2024-12-04 14:00:00,-2.9592
2024-12-04 15:00:00,-2.9603
2024-12-04 16:00:00,-2.9616
2024-12-04 17:00:00,-2.9626
2024-12-04 18:00:00,-2.9637
2024-12-04 19:00:00,-2.9646
2024-12-04 20:00:00,-2.9657
2024-12-04 21:00:00,-2.9667
2024-12-04 22:00:00,-2.9677
2024-12-04 23:00:00,-2.9686
2024-12-05 00:00:00,-2.9694
2024-12-05 01:00:00,-2.9702
2024-12-05 02:00:00,-2.9712
2024-12-05 03:00:00,-2.9717
2024-12-05 04:00:00,-2.9724
2024-12-05 05:00:00,-2.9730
2024-12-05 06:00:00,-2.9733
2024-12-05 07:00:00,-2.9735
2024-12-05 08:00:00,-2.9738
2024-12-05 09:00:00,-2.9740
2024-12-05 10:00:00,-2.9748
2024-12-05 11:00:00,-2.9723
2024-12-05 12:00:00,-2.9648
2024-12-05 13:00:00,-2.9530
2024-12-05 14:00:00,-2.9397
2024-12-05 15:00:00,-2.9275
2024-12-05 16:00:00,-2.9153
2024-12-05 17:00:00,-2.9029
2024-12-05 18:00:00,-2.8920
2024-12-05 19:00:00,-2.8826
2024-12-05 20:00:00,-2.8745
2024-12-05 21:00:00,-2.8670
2024-12-05 22:00:00,-2.8545
2024-12-05 23:00:00,-2.7910
2024-12-06 00:00:00,-2.7154
2024-12-06 01:00:00,-2.6561
2024-12-06 02:00:00,-2.6227
2024-12-06 03:00:00,-2.6021
2024-12-06 04:00:00,-2.5902
2024-12-06 05:00:00,-2.5835
2024-12-06 06:00:00,-2.5797
2024-12-06 07:00:00,-2.5772
2024-12-06 08:00:00,-2.5760
2024-12-06 09:00:00,-2.5754
2024-12-06 10:00:00,-2.5788
2024-12-06 11:00:00,-2.5822
2024-12-06 12:00:00,-2.5853
2024-12-06 13:00:00,-2.5890
2024-12-06 14:00:00,-2.5939
2024-12-06 15:00:00,-2.5989
2024-12-06 16:00:00,-2.6037
2024-12-06 17:00:00,-2.6080
2024-12-06 18:00:00,-2.6125
2024-12-06 19:00:00,-2.6168
2024-12-06 20:00:00,-2.6210
2024-12-06 21:00:00,-2.6248
2024-12-06 22:00:00,-2.6285
2024-12-06 23:00:00,-2.6320
2024-12-07 00:00:00,-2.6353
2024-12-07 01:00:00,-2.6384
2024-12-07 02:00:00,-2.6413
2024-12-07 03:00:00,-2.6435
2024-12-07 04:00:00,-2.6459
2024-12-07 05:00:00,-2.6480
2024-12-07 06:00:00,-2.6502
2024-12-07 07:00:00,-2.6523
2024-12-07 08:00:00,-2.6544
2024-12-07 09:00:00,-2.6566
2024-12-07 10:00:00,-2.6588
2024-12-07 11:00:00,-2.6608
2024-12-07 12:00:00,-2.6639
2024-12-07 13:00:00,-2.6664
2024-12-07 14:00:00,-2.6690
2024-12-07 15:00:00,-2.6716
2024-12-07 16:00:00,-2.6745
2024-12-07 17:00:00,-2.6772
2024-12-07 18:00:00,-2.6795
2024-12-07 19:00:00,-2.6821
2024-12-07 20:00:00,-2.6843
2024-12-07 21:00:00,-2.6858
2024-12-07 22:00:00,-2.6872
2024-12-07 23:00:00,-2.6887
2024-12-08 00:00:00,-2.6907
2024-12-08 01:00:00,-2.6930
2024-12-08 02:00:00,-2.6954
2024-12-08 03:00:00,-2.6979
2024-12-08 04:00:00,-2.7000
2024-12-08 05:00:00,-2.7015
2024-12-08 06:00:00,-2.7030
2024-12-08 07:00:00,-2.6972
2024-12-08 08:00:00,-2.6855
2024-12-08 09:00:00,-2.6768
2024-12-08 10:00:00,-2.6696
2024-12-08 11:00:00,-2.6632
2024-12-08 12:00:00,-2.6582
2024-12-08 13:00:00,-2.6542
2024-12-08 14:00:00,-2.6518
2024-12-08 15:00:00,-2.6502
2024-12-08 16:00:00,-2.6491
2024-12-08 17:00:00,-2.6490
2024-12-08 18:00:00,-2.6496
2024-12-08 19:00:00,-2.6504
2024-12-08 20:00:00,-2.6508
2024-12-08 21:00:00,-2.6524
2024-12-08 22:00:00,-2.6541
2024-12-08 23:00:00,-2.6554
2024-12-09 00:00:00,-2.6575
2024-12-09 01:00:00,-2.6593
2024-12-09 02:00:00,-2.6611
2024-12-09 03:00:00,-2.6630
2024-12-09 04:00:00,-2.6652
2024-12-09 05:00:00,-2.6672
2024-12-09 06:00:00,-2.6688
2024-12-09 07:00:00,-2.6711
2024-12-09 08:00:00,-2.6736
2024-12-09 09:00:00,-2.6752
2024-12-09 10:00:00,-2.6784
2024-12-09 11:00:00,-2.6805
2024-12-09 12:00:00,-2.6816
2024-12-09 13:00:00,-2.6840
2024-12-09 14:00:00,-2.6858
2024-12-09 15:00:00,-2.6882
2024-12-09 16:00:00,-2.6905
2024-12-09 17:00:00,-2.6935
2024-12-09 18:00:00,-2.6962
2024-12-09 19:00:00,-2.6983
2024-12-09 20:00:00,-2.6999
2024-12-09 21:00:00,-2.7028
2024-12-09 22:00:00,-2.7051
2024-12-09 23:00:00,-2.7071
2024-12-10 00:00:00,-2.7088
2024-12-10 01:00:00,-2.7108
2024-12-10 02:00:00,-2.7132
2024-12-10 03:00:00,-2.7152
2024-12-10 04:00:00,-2.7173
2024-12-10 05:00:00,-2.7197
2024-12-10 06:00:00,-2.7216
2024-12-10 07:00:00,-2.7244
2024-12-10 08:00:00,-2.7266
2024-12-10 09:00:00,-2.7297
2024-12-10 10:00:00,-2.7323
2024-12-10 11:00:00,-2.7344
2024-12-10 12:00:00,-2.7369
2024-12-10 13:00:00,-2.7390
2024-12-10 14:00:00,-2.7418
2024-12-10 15:00:00,-2.7443
2024-12-10 16:00:00,-2.7470
2024-12-10 17:00:00,-2.7495
2024-12-10 18:00:00,-2.7524
2024-12-10 19:00:00,-2.7547
2024-12-10 20:00:00,-2.7576
2024-12-10 21:00:00,-2.7603
2024-12-10 22:00:00,-2.7625
2024-12-10 23:00:00,-2.7648
2024-12-11 00:00:00,-2.7669
2024-12-11 01:00:00,-2.7689
2024-12-11 02:00:00,-2.7712
2024-12-11 03:00:00,-2.7733
2024-12-11 04:00:00,-2.7759
2024-12-11 05:00:00,-2.7781
2024-12-11 06:00:00,-2.7806
2024-12-11 07:00:00,-2.7832
2024-12-11 08:00:00,-2.7858
2024-12-11 09:00:00,-2.7882
2024-12-11 10:00:00,-2.7913
2024-12-11 11:00:00,-2.7939
2024-12-11 12:00:00,-2.7963
2024-12-11 13:00:00,-2.7981
2024-12-11 14:00:00,-2.8006
2024-12-11 15:00:00,-2.8029
2024-12-11 16:00:00,-2.8053
2024-12-11 17:00:00,-2.8078
2024-12-11 18:00:00,-2.8102
2024-12-11 19:00:00,-2.8128
2024-12-11 20:00:00,-2.8154
2024-12-11 21:00:00,-2.8179
2024-12-11 22:00:00,-2.8203
2024-12-11 23:00:00,-2.8226
2024-12-12 00:00:00,-2.8247
2024-12-12 01:00:00,-2.8268
2024-12-12 02:00:00,-2.8286
2024-12-12 03:00:00,-2.8306
2024-12-12 04:00:00,-2.8327
2024-12-12 05:00:00,-2.8346
2024-12-12 06:00:00,-2.8367
2024-12-12 07:00:00,-2.8390
2024-12-12 08:00:00,-2.8412
2024-12-12 09:00:00,-2.8436
2024-12-12 10:00:00,-2.8457
2024-12-12 11:00:00,-2.8475
2024-12-12 12:00:00,-2.8496
2024-12-12 13:00:00,-2.8517
2024-12-12 14:00:00,-2.8538
2024-12-12 15:00:00,-2.8555
2024-12-12 16:00:00,-2.8574
2024-12-12 17:00:00,-2.8593
2024-12-12 18:00:00,-2.8611
2024-12-12 19:00:00,-2.8631
2024-12-12 20:00:00,-2.8652
2024-12-12 21:00:00,-2.8671
2024-12-12 22:00:00,-2.8689
2024-12-12 23:00:00,-2.8708
2024-12-13 00:00:00,-2.8723
2024-12-13 01:00:00,-2.8739
2024-12-13 02:00:00,-2.8757
2024-12-13 03:00:00,-2.8774
2024-12-13 04:00:00,-2.8789
2024-12-13 05:00:00,-2.8805
2024-12-13 06:00:00,-2.8822
2024-12-13 07:00:00,-2.8839
2024-12-13 08:00:00,-2.8858
2024-12-13 09:00:00,-2.8875
2024-12-13 10:00:00,-2.8894
2024-12-13 11:00:00,-2.8912
2024-12-13 12:00:00,-2.8929
2024-12-13 13:00:00,-2.8945
2024-12-13 14:00:00,-2.8961
2024-12-13 15:00:00,-2.8976
2024-12-13 16:00:00,-2.8993
2024-12-13 17:00:00,-2.9011
2024-12-13 18:00:00,-2.9028
2024-12-13 19:00:00,-2.9045
2024-12-13 20:00:00,-2.9061
2024-12-13 21:00:00,-2.9080
2024-12-13 22:00:00,-2.9094
2024-12-13 23:00:00,-2.9109
2024-12-14 00:00:00,-2.9126
2024-12-14 01:00:00,-2.9141
2024-12-14 02:00:00,-2.9153
2024-12-14 03:00:00,-2.9168
2024-12-14 04:00:00,-2.9183
2024-12-14 05:00:00,-2.9198
2024-12-14 06:00:00,-2.9214
2024-12-14 07:00:00,-2.9231
2024-12-14 08:00:00,-2.9247
2024-12-14 09:00:00,-2.9263
2024-12-14 10:00:00,-2.9279
2024-12-14 11:00:00,-2.9296
2024-12-14 12:00:00,-2.9310
2024-12-14 13:00:00,-2.9325
2024-12-14 14:00:00,-2.9339
2024-12-14 15:00:00,-2.9352
2024-12-14 16:00:00,-2.9358
2024-12-14 17:00:00,-2.9366
2024-12-14 18:00:00,-2.9383
2024-12-14 19:00:00,-2.9397
2024-12-14 20:00:00,-2.9406
2024-12-14 21:00:00,-2.9418
2024-12-14 22:00:00,-2.9426
2024-12-14 23:00:00,-2.9436
2024-12-15 00:00:00,-2.9449
2024-12-15 01:00:00,-2.9460
2024-12-15 02:00:00,-2.9472
2024-12-15 03:00:00,-2.9485
2024-12-15 04:00:00,-2.9497
2024-12-15 05:00:00,-2.9510
2024-12-15 06:00:00,-2.9523
2024-12-15 07:00:00,-2.9536
2024-12-15 08:00:00,-2.9551
2024-12-15 09:00:00,-2.9565
2024-12-15 10:00:00,-2.9578
2024-12-15 11:00:00,-2.9590
2024-12-15 12:00:00,-2.9602
2024-12-15 13:00:00,-2.9613
2024-12-15 14:00:00,-2.9623
2024-12-15 15:00:00,-2.9633
2024-12-15 16:00:00,-2.9644
2024-12-15 17:00:00,-2.9653
2024-12-15 18:00:00,-2.9664
2024-12-15 19:00:00,-2.9671
2024-12-15 20:00:00,-2.9679
2024-12-15 21:00:00,-2.9688
2024-12-15 22:00:00,-2.9695
2024-12-15 23:00:00,-2.9703
2024-12-16 00:00:00,-2.9714
2024-12-16 01:00:00,-2.9722
2024-12-16 02:00:00,-2.9733
2024-12-16 03:00:00,-2.9740
2024-12-16 04:00:00,-2.9749
2024-12-16 05:00:00,-2.9756
2024-12-16 06:00:00,-2.9767
2024-12-16 07:00:00,-2.9778
2024-12-16 08:00:00,-2.9786
2024-12-16 09:00:00,-2.9799
2024-12-16 10:00:00,-2.9809
2024-12-16 11:00:00,-2.9819
2024-12-16 12:00:00,-2.9828
2024-12-16 13:00:00,-2.9838
2024-12-16 14:00:00,-2.9845
2024-12-16 15:00:00,-2.9851
2024-12-16 16:00:00,-2.9862
2024-12-16 17:00:00,-2.9872
2024-12-16 18:00:00,-2.9880
2024-12-16 19:00:00,-2.9889
2024-12-16 20:00:00,-2.9901
2024-12-16 21:00:00,-2.9906
2024-12-16 22:00:00,-2.9915
2024-12-16 23:00:00,-2.9923
2024-12-17 00:00:00,-2.9930
2024-12-17 01:00:00,-2.9940
2024-12-17 02:00:00,-2.9947
2024-12-17 03:00:00,-2.9958
2024-12-17 04:00:00,-2.9968
2024-12-17 05:00:00,-2.9975
2024-12-17 06:00:00,-2.9983
2024-12-17 07:00:00,-2.9992
2024-12-17 08:00:00,-3.0000
2024-12-17 09:00:00,-3.0010
2024-12-17 10:00:00,-3.0021
2024-12-17 11:00:00,-3.0030
2024-12-17 12:00:00,-3.0039
2024-12-17 13:00:00,-3.0047
2024-12-17 14:00:00,-3.0053
2024-12-17 15:00:00,-3.0063
2024-12-17 16:00:00,-3.0070
2024-12-17 17:00:00,-3.0079
2024-12-17 18:00:00,-3.0085
2024-12-17 19:00:00,-3.0092
2024-12-17 20:00:00,-3.0095
2024-12-17 21:00:00,-3.0104
2024-12-17 22:00:00,-3.0110
2024-12-17 23:00:00,-3.0118
2024-12-18 00:00:00,-3.0126
2024-12-18 01:00:00,-3.0137
2024-12-18 02:00:00,-3.0141
2024-12-18 03:00:00,-3.0147
2024-12-18 04:00:00,-3.0154
2024-12-18 05:00:00,-3.0159
2024-12-18 06:00:00,-3.0168
2024-12-18 07:00:00,-3.0176
2024-12-18 08:00:00,-3.0183
2024-12-18 09:00:00,-3.0193
2024-12-18 10:00:00,-3.0200
2024-12-18 11:00:00,-3.0209
2024-12-18 12:00:00,-3.0219
2024-12-18 13:00:00,-3.0228
2024-12-18 14:00:00,-3.0233
2024-12-18 15:00:00,-3.0245
2024-12-18 16:00:00,-3.0254
2024-12-18 17:00:00,-3.0271
2024-12-18 18:00:00,-3.0276
2024-12-18 19:00:00,-3.0287
2024-12-18 20:00:00,-3.0296
2024-12-18 21:00:00,-3.0304
2024-12-18 22:00:00,-3.0305
2024-12-18 23:00:00,-3.0309
2024-12-19 00:00:00,-3.0308
2024-12-19 01:00:00,-3.0294
2024-12-19 02:00:00,-3.0264
2024-12-19 03:00:00,-3.0223
2024-12-19 04:00:00,-3.0124
2024-12-19 05:00:00,-2.9974
2024-12-19 06:00:00,-2.9850
2025-05-15 02:00:00,-3.2252
2025-05-15 03:00:00,-3.2251
2025-05-15 04:00:00,-3.2251
2025-05-15 05:00:00,-3.2250
2025-05-15 06:00:00,-3.2250
2025-05-15 07:00:00,-3.2250
2025-05-15 08:00:00,-3.2250
2025-05-15 09:00:00,-3.2247
2025-05-15 10:00:00,-3.2237
2025-05-15 11:00:00,-3.2243
2025-05-15 12:00:00,-3.2249
2025-05-15 13:00:00,-3.2248
2025-05-15 14:00:00,-3.2248
2025-05-15 15:00:00,-3.2248
2025-05-15 16:00:00,-3.2248
2025-05-15 17:00:00,-3.2249
2025-05-15 18:00:00,-3.2250
2025-05-15 19:00:00,-3.2237
2025-05-15 20:00:00,-3.2236
2025-05-15 21:00:00,-3.2240
2025-05-15 22:00:00,-3.2248
2025-05-15 23:00:00,-3.2248
2025-05-16 00:00:00,-3.2248
2025-05-16 01:00:00,-3.2248
2025-05-16 02:00:00,-3.2247
2025-05-16 03:00:00,-3.2247
2025-05-16 04:00:00,-3.2247
2025-05-16 05:00:00,-3.2247
2025-05-16 06:00:00,-3.2257
2025-05-16 07:00:00,-3.2257
2025-05-16 08:00:00,-3.2258
2025-05-16 09:00:00,-3.2257
2025-05-16 10:00:00,-3.2256
2025-05-16 11:00:00,-3.2257
2025-05-16 12:00:00,-3.2256
2025-05-16 13:00:00,-3.2256
2025-05-16 14:00:00,-3.2256
2025-05-16 15:00:00,-3.2255
2025-05-16 16:00:00,-3.2255
2025-05-16 17:00:00,-3.2256
2025-05-16 18:00:00,-3.2244
2025-05-16 19:00:00,-3.2245
2025-05-16 20:00:00,-3.2244
2025-05-16 21:00:00,-3.2245
2025-05-16 22:00:00,-3.2244
2025-05-16 23:00:00,-3.2245
2025-05-17 00:00:00,-3.2245
2025-05-17 01:00:00,-3.2245
2025-05-17 02:00:00,-3.2245
2025-05-17 03:00:00,-3.2245
2025-05-17 04:00:00,-3.2255
2025-05-17 05:00:00,-3.2255
2025-05-17 06:00:00,-3.2255
2025-05-17 07:00:00,-3.2256
2025-05-17 08:00:00,-3.2256
2025-05-17 09:00:00,-3.2256
2025-05-17 10:00:00,-3.2256
2025-05-17 11:00:00,-3.2255
2025-05-17 12:00:00,-3.2255
2025-05-17 13:00:00,-3.2254
2025-05-17 14:00:00,-3.2244
2025-05-17 15:00:00,-3.2243
2025-05-17 16:00:00,-3.2245
2025-05-17 17:00:00,-3.2243
2025-05-17 18:00:00,-3.2244
2025-05-17 19:00:00,-3.2244
2025-05-17 20:00:00,-3.2246
2025-05-17 21:00:00,-3.2245
2025-05-17 22:00:00,-3.2245
2025-05-17 23:00:00,-3.2245
2025-05-18 00:00:00,-3.2245
2025-05-18 01:00:00,-3.2245
2025-05-18 02:00:00,-3.2245
2025-05-18 03:00:00,-3.2245
2025-05-18 04:00:00,-3.2245
2025-05-18 05:00:00,-3.2255
2025-05-18 06:00:00,-3.2255
2025-05-18 07:00:00,-3.2255
2025-05-18 08:00:00,-3.2256
2025-05-18 09:00:00,-3.2256
2025-05-18 10:00:00,-3.2255
2025-05-18 11:00:00,-3.2256
2025-05-18 12:00:00,-3.2255
2025-05-18 13:00:00,-3.2244
2025-05-18 14:00:00,-3.2244
2025-05-18 15:00:00,-3.2243
2025-05-18 16:00:00,-3.2243
2025-05-18 17:00:00,-3.2243
2025-05-18 18:00:00,-3.2245
2025-05-18 19:00:00,-3.2234
2025-05-18 20:00:00,-3.2236
2025-05-18 21:00:00,-3.2232
2025-05-18 22:00:00,-3.2232
2025-05-18 23:00:00,-3.2232
2025-05-19 00:00:00,-3.2243
2025-05-19 01:00:00,-3.2243
2025-05-19 02:00:00,-3.2243
2025-05-19 03:00:00,-3.2242
2025-05-19 04:00:00,-3.2243
2025-05-19 05:00:00,-3.2242
2025-05-19 06:00:00,-3.2243
2025-05-19 07:00:00,-3.2252
2025-05-19 08:00:00,-3.2253
2025-05-19 09:00:00,-3.2253
2025-05-19 10:00:00,-3.2253
2025-05-19 11:00:00,-3.2252
2025-05-19 12:00:00,-3.2251
2025-05-19 13:00:00,-3.2240
2025-05-19 14:00:00,-3.2239
2025-05-19 15:00:00,-3.2239
2025-05-19 16:00:00,-3.2238
2025-05-19 17:00:00,-3.2240
2025-05-19 18:00:00,-3.2231
2025-05-19 19:00:00,-3.2233
2025-05-19 20:00:00,-3.2233
2025-05-19 21:00:00,-3.2233
2025-05-19 22:00:00,-3.2233
2025-05-19 23:00:00,-3.2232
2025-05-20 00:00:00,-3.2233
2025-05-20 01:00:00,-3.2243
2025-05-20 02:00:00,-3.2242
2025-05-20 03:00:00,-3.2242
2025-05-20 04:00:00,-3.2242
2025-05-20 05:00:00,-3.2242
2025-05-20 06:00:00,-3.2242
2025-05-20 07:00:00,-3.2242
2025-05-20 08:00:00,-3.2252
2025-05-20 09:00:00,-3.2253
2025-05-20 10:00:00,-3.2253
2025-05-20 11:00:00,-3.2251
2025-05-20 12:00:00,-3.2251
2025-05-20 13:00:00,-3.2239
2025-05-20 14:00:00,-3.2239
2025-05-20 15:00:00,-3.2239
2025-05-20 16:00:00,-3.2239
2025-05-20 17:00:00,-3.2239
2025-05-20 18:00:00,-3.2242
2025-05-20 19:00:00,-3.2243
2025-05-20 20:00:00,-3.2242
2025-05-20 21:00:00,-3.2240
2025-05-20 22:00:00,-3.2243
2025-05-20 23:00:00,-3.2242
2025-05-21 00:00:00,-3.2242
2025-05-21 01:00:00,-3.2240
2025-05-21 02:00:00,-3.2240
2025-05-21 03:00:00,-3.2242
2025-05-21 04:00:00,-3.2242
2025-05-21 05:00:00,-3.2240
2025-05-21 06:00:00,-3.2251
2025-05-21 07:00:00,-3.2252
2025-05-21 08:00:00,-3.2253
2025-05-21 09:00:00,-3.2251
2025-05-21 10:00:00,-3.2253
2025-05-21 11:00:00,-3.2253
2025-05-21 12:00:00,-3.2250
2025-05-21 13:00:00,-3.2250
2025-05-21 14:00:00,-3.2251
2025-05-21 15:00:00,-3.2239
2025-05-21 16:00:00,-3.2238
2025-05-21 17:00:00,-3.2238
2025-05-21 18:00:00,-3.2238
2025-05-21 19:00:00,-3.2240
2025-05-21 20:00:00,-3.2239
2025-05-21 21:00:00,-3.2239
2025-05-21 22:00:00,-3.2238
2025-05-21 23:00:00,-3.2240
2025-05-22 00:00:00,-3.2238
2025-05-22 01:00:00,-3.2239
2025-05-22 02:00:00,-3.2242
2025-05-22 03:00:00,-3.2240
2025-05-22 04:00:00,-3.2240
2025-05-22 05:00:00,-3.2253
2025-05-22 06:00:00,-3.2251
2025-05-22 07:00:00,-3.2252
2025-05-22 08:00:00,-3.2253
2025-05-22 09:00:00,-3.2253
2025-05-22 10:00:00,-3.2252
2025-05-22 11:00:00,-3.2253
2025-05-22 12:00:00,-3.2251
2025-05-22 13:00:00,-3.2253
2025-05-22 14:00:00,-3.2251
2025-05-22 15:00:00,-3.2252
2025-05-22 16:00:00,-3.2249
2025-05-22 17:00:00,-3.2239
2025-05-22 18:00:00,-3.2240
2025-05-22 19:00:00,-3.2242
2025-05-22 20:00:00,-3.2239
2025-05-22 21:00:00,-3.2242
2025-05-22 22:00:00,-3.2242
2025-05-22 23:00:00,-3.2240
2025-05-23 00:00:00,-3.2240
2025-05-23 01:00:00,-3.2251
2025-05-23 21:00:00,-3.2242
2025-05-23 22:00:00,-3.2242
2025-05-23 23:00:00,-3.2243
2025-05-24 00:00:00,-3.2253
2025-05-24 01:00:00,-3.2253
2025-05-24 02:00:00,-3.2255
2025-05-24 03:00:00,-3.2255
2025-05-24 04:00:00,-3.2256
2025-05-24 05:00:00,-3.2256
2025-05-24 06:00:00,-3.2309
2025-05-24 07:00:00,-3.2362
2025-05-24 08:00:00,-3.2394
2025-05-24 09:00:00,-3.2436
2025-05-24 10:00:00,-3.2445
2025-05-24 11:00:00,-3.2425
2025-05-24 12:00:00,-3.2383
2025-05-24 13:00:00,-3.2309
2025-05-24 14:00:00,-3.2253
2025-05-24 15:00:00,-3.2253
2025-05-24 16:00:00,-3.2253
2025-05-24 17:00:00,-3.2242
2025-05-24 18:00:00,-3.2240
2025-05-24 19:00:00,-3.2242
2025-05-24 20:00:00,-3.2242
2025-05-24 21:00:00,-3.2242
2025-05-24 22:00:00,-3.2242
2025-05-24 23:00:00,-3.2242
2025-05-25 00:00:00,-3.2243
2025-05-25 01:00:00,-3.2243
2025-05-25 02:00:00,-3.2243
2025-05-25 03:00:00,-3.2243
2025-05-25 04:00:00,-3.2243
2025-05-25 05:00:00,-3.2243
2025-05-25 06:00:00,-3.2244
2025-05-25 07:00:00,-3.2242
2025-05-25 08:00:00,-3.2243
2025-05-25 09:00:00,-3.2242
2025-05-25 10:00:00,-3.2243
2025-05-25 11:00:00,-3.2242
2025-05-25 12:00:00,-3.2242
2025-05-25 13:00:00,-3.2243
2025-05-25 14:00:00,-3.2243
2025-05-25 15:00:00,-3.2243
2025-05-25 16:00:00,-3.2242
2025-05-25 17:00:00,-3.2243
2025-05-25 18:00:00,-3.2242
2025-05-25 19:00:00,-3.2243
2025-05-25 20:00:00,-3.2244
2025-05-25 21:00:00,-3.2244
2025-05-25 22:00:00,-3.2244
2025-05-25 23:00:00,-3.2243
2025-05-26 00:00:00,-3.2243
2025-05-26 01:00:00,-3.2243
2025-05-26 02:00:00,-3.2243
2025-05-26 03:00:00,-3.2243
2025-05-26 04:00:00,-3.2243
2025-05-26 05:00:00,-3.2243
2025-05-26 06:00:00,-3.2243
2025-05-26 07:00:00,-3.2253
2025-05-26 08:00:00,-3.2253
2025-05-26 09:00:00,-3.2253
2025-05-26 10:00:00,-3.2252
2025-05-26 11:00:00,-3.2251
2025-05-26 12:00:00,-3.2250
2025-05-26 13:00:00,-3.2240
2025-05-26 14:00:00,-3.2239
2025-05-26 15:00:00,-3.2239
2025-05-26 16:00:00,-3.2242
2025-05-26 17:00:00,-3.2238
2025-05-26 18:00:00,-3.2239
2025-05-26 19:00:00,-3.2242
2025-05-26 20:00:00,-3.2239
2025-05-26 21:00:00,-3.2240
2025-05-26 22:00:00,-3.2242
2025-05-26 23:00:00,-3.2240
2025-05-27 00:00:00,-3.2239
2025-05-27 01:00:00,-3.2240
2025-05-27 02:00:00,-3.2242
2025-05-27 03:00:00,-3.2242
2025-05-27 04:00:00,-3.2242
2025-05-27 05:00:00,-3.2242
2025-05-27 06:00:00,-3.2242
2025-05-27 07:00:00,-3.2239
2025-05-27 08:00:00,-3.2242
2025-05-27 09:00:00,-3.2240
2025-05-27 10:00:00,-3.2242
2025-05-27 11:00:00,-3.2242
2025-05-27 12:00:00,-3.2239
2025-05-27 13:00:00,-3.2240
2025-05-27 14:00:00,-3.2242
2025-05-27 15:00:00,-3.2238
2025-05-27 16:00:00,-3.2239
2025-05-27 17:00:00,-3.2239
2025-05-27 18:00:00,-3.2238
2025-05-27 19:00:00,-3.2238
2025-05-27 20:00:00,-3.2240
2025-05-27 21:00:00,-3.2242
2025-05-27 22:00:00,-3.2240
2025-05-27 23:00:00,-3.2242
2025-05-28 00:00:00,-3.2239
2025-05-28 01:00:00,-3.2239
2025-05-28 02:00:00,-3.2242
2025-05-28 03:00:00,-3.2242
2025-05-28 04:00:00,-3.2240
2025-05-28 05:00:00,-3.2240
2025-05-28 06:00:00,-3.2239
2025-05-28 07:00:00,-3.2240
2025-05-28 08:00:00,-3.2239
2025-05-28 09:00:00,-3.2239
2025-05-28 10:00:00,-3.2239
2025-05-28 11:00:00,-3.2240
2025-05-28 12:00:00,-3.2238
2025-05-28 13:00:00,-3.2239
2025-05-28 14:00:00,-3.2240
2025-05-28 15:00:00,-3.2239
2025-05-28 16:00:00,-3.2239
2025-05-28 17:00:00,-3.2240
2025-05-28 18:00:00,-3.2239
2025-05-28 19:00:00,-3.2239
2025-05-28 20:00:00,-3.2239
2025-05-28 21:00:00,-3.2239
2025-05-28 22:00:00,-3.2239
2025-05-28 23:00:00,-3.2239
2025-05-29 00:00:00,-3.2239
2025-05-29 01:00:00,-3.2239
2025-05-29 02:00:00,-3.2239
2025-05-29 03:00:00,-3.2239
2025-05-29 04:00:00,-3.2239
2025-05-29 05:00:00,-3.2239
2025-05-29 06:00:00,-3.2239
2025-05-29 07:00:00,-3.2251
2025-05-29 08:00:00,-3.2251
2025-05-29 09:00:00,-3.2251
2025-05-29 10:00:00,-3.2252
2025-05-29 11:00:00,-3.2251
2025-05-29 12:00:00,-3.2250
2025-05-29 13:00:00,-3.2250
2025-05-29 14:00:00,-3.2250
2025-05-29 15:00:00,-3.2250
2025-05-29 16:00:00,-3.2238
2025-05-29 17:00:00,-3.2238
2025-05-29 18:00:00,-3.2237
2025-05-29 19:00:00,-3.2237
2025-05-29 20:00:00,-3.2239
2025-05-29 21:00:00,-3.2238
2025-05-29 22:00:00,-3.2238
2025-05-29 23:00:00,-3.2237
2025-05-30 00:00:00,-3.2238
2025-05-30 01:00:00,-3.2236
2025-05-30 02:00:00,-3.2237
2025-05-30 03:00:00,-3.2238
2025-05-30 04:00:00,-3.2238
2025-05-30 05:00:00,-3.2238
2025-05-30 06:00:00,-3.2239
2025-05-30 07:00:00,-3.2239
2025-05-30 08:00:00,-3.2238
2025-05-30 09:00:00,-3.2238
2025-05-30 10:00:00,-3.2238
2025-05-30 11:00:00,-3.2239
2025-05-30 12:00:00,-3.2236
2025-05-30 13:00:00,-3.2237
2025-05-30 14:00:00,-3.2237
2025-05-30 15:00:00,-3.2238
2025-05-30 16:00:00,-3.2238
2025-05-30 17:00:00,-3.2228
2025-05-30 18:00:00,-3.2231
2025-05-30 19:00:00,-3.2230
2025-05-30 20:00:00,-3.2230
2025-05-30 21:00:00,-3.2229
2025-05-30 22:00:00,-3.2231
2025-05-30 23:00:00,-3.2232
2025-05-31 00:00:00,-3.2233
2025-05-31 01:00:00,-3.2231
2025-05-31 02:00:00,-3.2230
2025-05-31 03:00:00,-3.2229
2025-05-31 04:00:00,-3.2229
2025-05-31 05:00:00,-3.2239
2025-05-31 06:00:00,-3.2239
2025-05-31 07:00:00,-3.2238
2025-05-31 08:00:00,-3.2238
2025-05-31 09:00:00,-3.2236
2025-05-31 10:00:00,-3.2238
2025-05-31 11:00:00,-3.2236
2025-05-31 12:00:00,-3.2236
2025-05-31 13:00:00,-3.2236
2025-05-31 14:00:00,-3.2235
2025-05-31 15:00:00,-3.2226
2025-05-31 16:00:00,-3.2227
2025-05-31 17:00:00,-3.2228
2025-05-31 18:00:00,-3.2229
2025-05-31 19:00:00,-3.2220
2025-05-31 20:00:00,-3.2221
2025-05-31 21:00:00,-3.2221
2025-05-31 22:00:00,-3.2222
2025-05-31 23:00:00,-3.2221
2025-06-01 00:00:00,-3.2220
2025-06-01 01:00:00,-3.2220
2025-06-01 02:00:00,-3.2219
2025-06-01 03:00:00,-3.2229
2025-06-01 04:00:00,-3.2228
2025-06-01 05:00:00,-3.2226
2025-06-01 06:00:00,-3.2226
2025-06-01 07:00:00,-3.2225
2025-06-01 08:00:00,-3.2225
2025-06-01 09:00:00,-3.2225
2025-06-01 10:00:00,-3.2224
2025-06-01 11:00:00,-3.2224
2025-06-01 12:00:00,-3.2225
2025-06-01 13:00:00,-3.2223
2025-06-01 14:00:00,-3.2223
2025-06-01 15:00:00,-3.2222
2025-06-01 16:00:00,-3.2224
2025-06-01 17:00:00,-3.2225
2025-06-01 18:00:00,-3.2225
2025-06-01 19:00:00,-3.2226
2025-06-01 20:00:00,-3.2225
2025-06-01 21:00:00,-3.2225
2025-06-01 22:00:00,-3.2225
2025-06-01 23:00:00,-3.2224
2025-06-02 00:00:00,-3.2224
2025-06-02 01:00:00,-3.2225
2025-06-02 02:00:00,-3.2225
2025-06-02 03:00:00,-3.2234
2025-06-02 04:00:00,-3.2234
2025-06-02 05:00:00,-3.2233
2025-06-02 06:00:00,-3.2232
2025-06-02 07:00:00,-3.2233
2025-06-02 08:00:00,-3.2231
2025-06-02 09:00:00,-3.2225
2025-06-02 10:00:00,-3.2234
2025-06-02 11:00:00,-3.2231
2025-06-02 12:00:00,-3.2232
2025-06-02 13:00:00,-3.2232
2025-06-02 14:00:00,-3.2234
2025-06-02 15:00:00,-3.2223
2025-06-02 16:00:00,-3.2212
2025-06-02 17:00:00,-3.2223
2025-06-02 18:00:00,-3.2225
2025-06-02 19:00:00,-3.2223
2025-06-02 20:00:00,-3.2225
2025-06-02 21:00:00,-3.2223
2025-06-02 22:00:00,-3.2224
2025-06-02 23:00:00,-3.2224
2025-06-03 00:00:00,-3.2224
2025-06-03 01:00:00,-3.2224
2025-06-03 02:00:00,-3.2223
2025-06-03 03:00:00,-3.2223
2025-06-03 04:00:00,-3.2223
2025-06-03 05:00:00,-3.2223
2025-06-03 06:00:00,-3.2223
2025-06-03 07:00:00,-3.2223
2025-06-03 08:00:00,-3.2233
2025-06-03 09:00:00,-3.2232
2025-06-03 10:00:00,-3.2233
2025-06-03 11:00:00,-3.2233
2025-06-03 12:00:00,-3.2235
2025-06-03 13:00:00,-3.2228
2025-06-03 14:00:00,-3.2224
2025-06-03 15:00:00,-3.2220
2025-06-03 16:00:00,-3.2228
2025-06-03 17:00:00,-3.2226
2025-06-03 18:00:00,-3.2220
2025-06-03 19:00:00,-3.2222
2025-06-03 20:00:00,-3.2220
2025-06-03 21:00:00,-3.2221
2025-06-03 22:00:00,-3.2220
2025-06-03 23:00:00,-3.2219
2025-06-04 00:00:00,-3.2230
2025-06-04 01:00:00,-3.2229
2025-06-04 02:00:00,-3.2228
2025-06-04 03:00:00,-3.2227
2025-06-04 04:00:00,-3.2228
2025-06-04 05:00:00,-3.2225
2025-06-04 06:00:00,-3.2226
2025-06-04 07:00:00,-3.2226
2025-06-04 08:00:00,-3.2235
2025-06-04 09:00:00,-3.2235
2025-06-04 10:00:00,-3.2235
2025-06-04 11:00:00,-3.2235
2025-06-04 12:00:00,-3.2234
2025-06-04 13:00:00,-3.2234
2025-06-04 14:00:00,-3.2233
2025-06-04 15:00:00,-3.2233
2025-06-04 16:00:00,-3.2232
2025-06-04 17:00:00,-3.2234
2025-06-04 18:00:00,-3.2233
2025-06-04 19:00:00,-3.2223
2025-06-04 20:00:00,-3.2223
2025-06-04 21:00:00,-3.2226
2025-06-04 22:00:00,-3.2222
2025-06-04 23:00:00,-3.2223
2025-06-05 00:00:00,-3.2223
2025-06-05 01:00:00,-3.2223
2025-06-05 21:00:00,
2025-06-05 22:00:00,
2025-06-05 23:00:00,
2025-06-06 00:00:00,
2025-06-06 01:00:00,
2025-06-06 02:00:00,
2025-06-06 03:00:00,
2025-06-06 04:00:00,
2025-06-06 05:00:00,
2025-06-06 06:00:00,
2025-06-06 07:00:00,
2025-06-06 08:00:00,
2025-06-06 09:00:00,
2025-06-06 10:00:00,
2025-06-06 11:00:00,
2025-06-06 12:00:00,
2025-06-06 13:00:00,
2025-06-06 14:00:00,
2025-06-06 15:00:00,
2025-06-06 16:00:00,
2025-06-06 17:00:00,
2025-06-06 18:00:00,
2025-06-06 19:00:00,
2025-06-06 20:00:00,
2025-06-06 21:00:00,
2025-06-06 22:00:00,
2025-06-06 23:00:00,
2025-06-07 00:00:00,
2025-06-07 01:00:00,
2025-06-07 02:00:00,
2025-06-07 03:00:00,
2025-06-07 04:00:00,
2025-06-07 05:00:00,
2025-06-07 06:00:00,
2025-06-07 07:00:00,
2025-06-07 08:00:00,
2025-06-07 09:00:00,
2025-06-07 10:00:00,
2025-06-07 11:00:00,
2025-06-07 12:00:00,
2025-06-07 13:00:00,
2025-06-07 14:00:00,
2025-06-07 15:00:00,
2025-06-07 16:00:00,
2025-06-07 17:00:00,
2025-06-07 18:00:00,
2025-06-07 19:00:00,
2025-06-07 20:00:00,
2025-06-07 21:00:00,
2025-06-07 22:00:00,
2025-06-07 23:00:00,
2025-06-08 00:00:00,
2025-06-08 01:00:00,
2025-06-08 02:00:00,
2025-06-08 03:00:00,
2025-06-08 04:00:00,
2025-06-08 05:00:00,
2025-06-08 06:00:00,
2025-06-08 07:00:00,
2025-06-08 08:00:00,
2025-06-08 09:00:00,
2025-06-08 10:00:00,
2025-06-08 11:00:00,
2025-06-08 12:00:00,
2025-06-08 13:00:00,
2025-06-08 14:00:00,
2025-06-08 15:00:00,
2025-06-08 16:00:00,
2025-06-08 17:00:00,
2025-06-08 18:00:00,
2025-06-08 19:00:00,
2025-06-08 20:00:00,
2025-06-08 21:00:00,
2025-06-08 22:00:00,
2025-06-08 23:00:00,
2025-06-09 00:00:00,
2025-06-09 01:00:00,
2025-06-09 02:00:00,
2025-06-09 03:00:00,
2025-06-09 04:00:00,
2025-06-09 05:00:00,
2025-06-09 06:00:00,
2025-06-09 07:00:00,
2025-06-09 08:00:00,
2025-06-09 09:00:00,
2025-06-09 10:00:00,
2025-06-09 11:00:00,
2025-06-09 12:00:00,
2025-06-09 13:00:00,
2025-06-09 14:00:00,
2025-06-09 15:00:00,
2025-06-09 16:00:00,
2025-06-09 17:00:00,
2025-06-09 18:00:00,
2025-06-09 19:00:00,
2025-06-09 20:00:00,
2025-06-09 21:00:00,
2025-06-09 22:00:00,
2025-06-09 23:00:00,
2025-06-10 00:00:00,
2025-06-10 01:00:00,
2025-06-10 02:00:00,
2025-06-10 03:00:00,
2025-06-10 04:00:00,
2025-06-10 05:00:00,
2025-06-10 06:00:00,
2025-06-10 07:00:00,
2025-06-10 08:00:00,
2025-06-10 09:00:00,
2025-06-10 10:00:00,
2025-06-10 11:00:00,
2025-06-10 12:00:00,
2025-06-10 13:00:00,
2025-06-10 14:00:00,
2025-06-10 15:00:00,
2025-06-10 16:00:00,
2025-06-10 17:00:00,
2025-06-10 18:00:00,
2025-06-10 19:00:00,
2025-06-10 20:00:00,
2025-06-10 21:00:00,
2025-06-10 22:00:00,
2025-06-10 23:00:00,
2025-06-11 00:00:00,
2025-06-11 01:00:00,
2025-06-11 02:00:00,
2025-06-11 03:00:00,
2025-06-11 04:00:00,
2025-06-11 05:00:00,
2025-06-11 06:00:00,
2025-06-11 07:00:00,
2025-06-11 08:00:00,
2025-06-11 09:00:00,
2025-06-11 10:00:00,
2025-06-11 11:00:00,
2025-06-11 12:00:00,
2025-06-11 13:00:00,
2025-06-11 14:00:00,
2025-06-11 15:00:00,
2025-06-11 16:00:00,
2025-06-11 17:00:00,
2025-06-11 18:00:00,
2025-06-11 19:00:00,
2025-06-11 20:00:00,
2025-06-11 21:00:00,
2025-06-11 22:00:00,
2025-06-11 23:00:00,
2025-06-12 00:00:00,
2025-06-12 01:00:00,
2025-06-12 02:00:00,
2025-06-12 03:00:00,
2025-06-12 04:00:00,
2025-06-12 05:00:00,
2025-06-12 06:00:00,
2025-06-12 07:00:00,
2025-06-12 08:00:00,
2025-06-12 09:00:00,
2025-06-12 10:00:00,
2025-06-12 11:00:00,
2025-06-12 12:00:00,
2025-06-12 13:00:00,
2025-06-12 14:00:00,
2025-06-12 15:00:00,
2025-06-12 16:00:00,
2025-06-12 17:00:00,
2025-06-12 18:00:00,
2025-06-12 19:00:00,
2025-06-12 20:00:00,
2025-06-12 21:00:00,
2025-06-12 22:00:00,
2025-06-12 23:00:00,
2025-06-13 00:00:00,
2025-06-13 01:00:00,
2025-06-13 02:00:00,
2025-06-13 03:00:00,
2025-06-13 04:00:00,
2025-06-13 05:00:00,
2025-06-13 06:00:00,
2025-06-13 07:00:00,
2025-06-13 08:00:00,
2025-06-13 09:00:00,
2025-06-13 10:00:00,
2025-06-13 11:00:00,
2025-06-13 12:00:00,
2025-06-13 13:00:00,
2025-06-13 14:00:00,
2025-06-13 15:00:00,
2025-06-13 16:00:00,
2025-06-13 17:00:00,
2025-06-13 18:00:00,
2025-06-13 19:00:00,
2025-06-13 20:00:00,
2025-06-13 21:00:00,
2025-06-13 22:00:00,
2025-06-13 23:00:00,
2025-06-14 00:00:00,
2025-06-14 01:00:00,
2025-06-14 02:00:00,
2025-06-14 03:00:00,
2025-06-14 04:00:00,
2025-06-14 05:00:00,
2025-06-14 06:00:00,
2025-06-14 07:00:00,
2025-06-14 08:00:00,
2025-06-14 09:00:00,
2025-06-14 10:00:00,
2025-06-14 11:00:00,
2025-06-14 12:00:00,
2025-06-14 13:00:00,
2025-06-14 14:00:00,
2025-06-14 15:00:00,
2025-06-14 16:00:00,
2025-06-14 17:00:00,
2025-06-14 18:00:00,
2025-06-14 19:00:00,
2025-06-14 20:00:00,
2025-06-14 21:00:00,
2025-06-14 22:00:00,
2025-06-14 23:00:00,
2025-06-15 00:00:00,
2025-06-15 01:00:00,
2025-06-15 02:00:00,
2025-06-15 03:00:00,
2025-06-15 04:00:00,
2025-06-15 05:00:00,
2025-06-15 06:00:00,
2025-06-15 07:00:00,
2025-06-15 08:00:00,
2025-06-15 09:00:00,
2025-06-15 10:00:00,
2025-06-15 11:00:00,
2025-06-15 12:00:00,
2025-06-15 13:00:00,
2025-06-15 14:00:00,
2025-06-15 15:00:00,
2025-06-15 16:00:00,
2025-06-15 17:00:00,
2025-06-15 18:00:00,
2025-06-15 19:00:00,
2025-06-15 20:00:00,
2025-06-15 21:00:00,
2025-06-15 22:00:00,
2025-06-15 23:00:00,
2025-06-16 00:00:00,
2025-06-16 01:00:00,
2025-06-16 02:00:00,
2025-06-16 03:00:00,
2025-06-16 04:00:00,
2025-06-16 05:00:00,
2025-06-16 06:00:00,
2025-06-16 07:00:00,
2025-06-16 08:00:00,
2025-06-16 09:00:00,
2025-06-16 10:00:00,
2025-06-16 11:00:00,
2025-06-16 12:00:00,
2025-06-16 13:00:00,
2025-06-16 14:00:00,
2025-06-16 15:00:00,
2025-06-16 16:00:00,
2025-06-16 17:00:00,
2025-06-16 18:00:00,
2025-06-16 19:00:00,
2025-06-16 20:00:00,
2025-06-16 21:00:00,
2025-06-16 22:00:00,
2025-06-16 23:00:00,
2025-06-17 00:00:00,
2025-06-17 01:00:00,
2025-06-17 02:00:00,
2025-06-17 03:00:00,
2025-06-17 04:00:00,
2025-06-17 05:00:00,
2025-06-17 06:00:00,
2025-06-17 07:00:00,
2025-06-17 08:00:00,
2025-06-17 09:00:00,
2025-06-17 10:00:00,
2025-06-17 11:00:00,
2025-06-17 12:00:00,
2025-06-17 13:00:00,
2025-06-17 14:00:00,
2025-06-17 15:00:00,
2025-06-17 16:00:00,
2025-06-17 17:00:00,
2025-06-17 18:00:00,
2025-06-17 19:00:00,
2025-06-17 20:00:00,
2025-06-17 21:00:00,
2025-06-17 22:00:00,
2025-06-17 23:00:00,
2025-06-18 00:00:00,
2025-06-18 01:00:00,
2025-06-18 02:00:00,
2025-06-18 03:00:00,
2025-06-18 04:00:00,
2025-06-18 05:00:00,
2025-06-18 06:00:00,
2025-06-18 07:00:00,
2025-06-18 08:00:00,
2025-06-18 09:00:00,
2025-06-18 10:00:00,
2025-06-18 11:00:00,
2025-06-18 12:00:00,
2025-06-18 13:00:00,
2025-06-18 14:00:00,
2025-06-18 15:00:00,
2025-06-18 16:00:00,
2025-06-18 17:00:00,
2025-06-18 18:00:00,
2025-06-18 19:00:00,
2025-06-18 20:00:00,
2025-06-18 21:00:00,
2025-06-18 22:00:00,
2025-06-18 23:00:00,
2025-06-19 00:00:00,
2025-06-19 01:00:00,
2025-06-19 02:00:00,
2025-06-19 03:00:00,
2025-06-19 04:00:00,
2025-06-19 05:00:00,
2025-06-19 06:00:00,
2025-06-19 07:00:00,
2025-06-19 08:00:00,
2025-06-19 09:00:00,
2025-06-19 10:00:00,
2025-06-19 11:00:00,
2025-06-19 12:00:00,
2025-06-19 13:00:00,
2025-06-19 14:00:00,
2025-06-19 15:00:00,
2025-06-19 16:00:00,
2025-06-19 17:00:00,
2025-06-19 18:00:00,
2025-06-19 19:00:00,
2025-06-19 20:00:00,
2025-06-19 21:00:00,
2025-06-19 22:00:00,
2025-06-19 23:00:00,
2025-06-20 00:00:00,
2025-06-20 01:00:00,
2025-06-20 02:00:00,
2025-06-20 03:00:00,
2025-06-20 04:00:00,
2025-06-20 05:00:00,
2025-06-20 06:00:00,
2025-06-20 07:00:00,
2025-06-20 08:00:00,
2025-06-20 09:00:00,
2025-06-20 10:00:00,
2025-06-20 11:00:00,
2025-06-20 12:00:00,
2025-06-20 13:00:00,
2025-06-20 14:00:00,
2025-06-20 15:00:00,
2025-06-20 16:00:00,
2025-06-20 17:00:00,
2025-06-20 18:00:00,
2025-06-20 19:00:00,
2025-06-20 20:00:00,
2025-06-20 21:00:00,
2025-06-20 22:00:00,
2025-06-20 23:00:00,
2025-06-21 00:00:00,
2025-06-21 01:00:00,
2025-06-21 02:00:00,
2025-06-21 03:00:00,
2025-06-21 04:00:00,
2025-06-21 05:00:00,
2025-06-21 06:00:00,
2025-06-21 07:00:00,
2025-06-21 08:00:00,
2025-06-21 09:00:00,
2025-06-21 10:00:00,
2025-06-21 11:00:00,
2025-06-21 12:00:00,
2025-06-21 13:00:00,
2025-06-21 14:00:00,
2025-06-21 15:00:00,
2025-06-21 16:00:00,
2025-06-21 17:00:00,
2025-06-21 18:00:00,
2025-06-21 19:00:00,
2025-06-21 20:00:00,
2025-06-21 21:00:00,
2025-06-21 22:00:00,
2025-06-21 23:00:00,
2025-06-22 00:00:00,
2025-06-22 01:00:00,
2025-06-22 02:00:00,
2025-06-22 03:00:00,
2025-06-22 04:00:00,
2025-06-22 05:00:00,
2025-06-22 06:00:00,
2025-06-22 07:00:00,
2025-06-22 08:00:00,
2025-06-22 09:00:00,
2025-06-22 10:00:00,
2025-06-22 11:00:00,
2025-06-22 12:00:00,
2025-06-22 13:00:00,
2025-06-22 14:00:00,
2025-06-22 15:00:00,
2025-06-22 16:00:00,
2025-06-22 17:00:00,
2025-06-22 18:00:00,
2025-06-22 19:00:00,
2025-06-22 20:00:00,
2025-06-22 21:00:00,
2025-06-22 22:00:00,
2025-06-22 23:00:00,
2025-06-23 00:00:00,
2025-06-23 01:00:00,
2025-06-23 02:00:00,
2025-06-23 03:00:00,
2025-06-23 04:00:00,
2025-06-23 05:00:00,
2025-06-23 06:00:00,
2025-06-23 07:00:00,
2025-06-23 08:00:00,
2025-06-23 09:00:00,
2025-06-23 10:00:00,
2025-06-23 11:00:00,
2025-06-23 12:00:00,
2025-06-23 13:00:00,
2025-06-23 14:00:00,
2025-06-23 15:00:00,
2025-06-23 16:00:00,
2025-06-23 17:00:00,
2025-06-23 18:00:00,
2025-06-23 19:00:00,
2025-06-23 20:00:00,
2025-06-23 21:00:00,
2025-06-23 22:00:00,
2025-06-23 23:00:00,
2025-06-24 00:00:00,
2025-06-24 01:00:00,
2025-06-24 02:00:00,
2025-06-24 03:00:00,
2025-06-24 04:00:00,
2025-06-24 05:00:00,
2025-06-24 06:00:00,
2025-06-24 07:00:00,
2025-06-24 08:00:00,
2025-06-24 09:00:00,
2025-06-24 10:00:00,
2025-06-24 11:00:00,
2025-06-24 12:00:00,
2025-06-24 13:00:00,
2025-06-24 14:00:00,
2025-06-24 15:00:00,
2025-06-24 16:00:00,
2025-06-24 17:00:00,
2025-06-24 18:00:00,
2025-06-24 19:00:00,
2025-06-24 20:00:00,
2025-06-24 21:00:00,
2025-06-24 22:00:00,
2025-06-24 23:00:00,
2025-06-25 00:00:00,
2025-06-25 01:00:00,
2025-06-25 02:00:00,
2025-06-25 03:00:00,
2025-06-25 04:00:00,
2025-06-25 05:00:00,
2025-06-25 06:00:00,
2025-06-25 07:00:00,
2025-06-25 08:00:00,
2025-06-25 09:00:00,
2025-06-25 10:00:00,
2025-06-25 11:00:00,
2025-06-25 12:00:00,
2025-06-25 13:00:00,
2025-06-25 14:00:00,
2025-06-25 15:00:00,
2025-06-25 16:00:00,
2025-06-25 17:00:00,
2025-06-25 18:00:00,
2025-06-25 19:00:00,
2025-06-25 20:00:00,
2025-06-25 21:00:00,
2025-06-25 22:00:00,
2025-06-25 23:00:00,
2025-06-26 00:00:00,
2025-06-26 01:00:00,
2025-06-26 02:00:00,
2025-06-26 03:00:00,
2025-06-26 04:00:00,
2025-06-26 05:00:00,
2025-06-26 06:00:00,
2025-06-26 07:00:00,
2025-06-26 08:00:00,
2025-06-26 09:00:00,
2025-06-26 10:00:00,
2025-06-26 11:00:00,
2025-06-26 12:00:00,
2025-06-26 13:00:00,
2025-06-26 14:00:00,
2025-06-26 15:00:00,
2025-06-26 16:00:00,
2025-06-26 17:00:00,
2025-06-26 18:00:00,
2025-06-26 19:00:00,
2025-06-26 20:00:00,
2025-06-26 21:00:00,
2025-06-26 22:00:00,
2025-06-26 23:00:00,
2025-06-27 00:00:00,
2025-06-27 01:00:00,
2025-06-27 02:00:00,
2025-06-27 03:00:00,
2025-06-27 04:00:00,
2025-06-27 05:00:00,
2025-06-27 06:00:00,
2025-06-27 07:00:00,
2025-06-27 08:00:00,
2025-06-27 09:00:00,
2025-06-27 10:00:00,
2025-06-27 11:00:00,
2025-06-27 12:00:00,
2025-06-27 13:00:00,
2025-06-27 14:00:00,
2025-06-27 15:00:00,
2025-06-27 16:00:00,
2025-06-27 17:00:00,
2025-06-27 18:00:00,
2025-06-27 19:00:00,
2025-06-27 20:00:00,
2025-06-27 21:00:00,
2025-06-27 22:00:00,
2025-06-27 23:00:00,
2025-06-28 00:00:00,
2025-06-28 01:00:00,
2025-06-28 02:00:00,
2025-06-28 03:00:00,
2025-06-28 04:00:00,
2025-06-28 05:00:00,
2025-06-28 06:00:00,
2025-06-28 07:00:00,
2025-06-28 08:00:00,
2025-06-28 09:00:00,
2025-06-28 10:00:00,
2025-06-28 11:00:00,
2025-06-28 12:00:00,
2025-06-28 13:00:00,
2025-06-28 14:00:00,
2025-06-28 15:00:00,
2025-06-28 16:00:00,
2025-06-28 17:00:00,
2025-06-28 18:00:00,
2025-06-28 19:00:00,
2025-06-28 20:00:00,
2025-06-28 21:00:00,
2025-06-28 22:00:00,
2025-06-28 23:00:00,
2025-06-29 00:00:00,
2025-06-29 01:00:00,
2025-06-29 02:00:00,
2025-06-29 03:00:00,
2025-06-29 04:00:00,
2025-06-29 05:00:00,
2025-06-29 06:00:00,
2025-06-29 07:00:00,
2025-06-29 08:00:00,
2025-06-29 09:00:00,
2025-06-29 10:00:00,
2025-06-29 11:00:00,
2025-06-29 12:00:00,
2025-06-29 13:00:00,
2025-06-29 14:00:00,
2025-06-29 15:00:00,
2025-06-29 16:00:00,
2025-06-29 17:00:00,
2025-06-29 18:00:00,
2025-06-29 19:00:00,
2025-06-29 20:00:00,
2025-06-29 21:00:00,
2025-06-29 22:00:00,
2025-06-29 23:00:00,
2025-06-30 00:00:00,
2025-06-30 01:00:00,
2025-06-30 02:00:00,
2025-06-30 03:00:00,
2025-06-30 04:00:00,
2025-06-30 05:00:00,
2025-06-30 06:00:00,
2025-06-30 07:00:00,
2025-06-30 08:00:00,
2025-06-30 09:00:00,
2025-06-30 10:00:00,
2025-06-30 11:00:00,
2025-06-30 12:00:00,
2025-06-30 13:00:00,
2025-06-30 14:00:00,
2025-06-30 15:00:00,
2025-06-30 16:00:00,
2025-06-30 17:00:00,
2025-06-30 18:00:00,
2025-06-30 19:00:00,
2025-06-30 20:00:00,
2025-06-30 21:00:00,
2025-06-30 22:00:00,
2025-06-30 23:00:00,
2025-07-01 00:00:00,
2025-07-01 01:00:00,
2025-07-01 02:00:00,
2025-07-01 03:00:00,
2025-07-01 04:00:00,
2025-07-01 05:00:00,
2025-07-01 06:00:00,
2025-07-01 07:00:00,
2025-07-01 08:00:00,
2025-07-01 09:00:00,
2025-07-01 10:00:00,
2025-07-01 11:00:00,
2025-07-01 12:00:00,
2025-07-01 13:00:00,
2025-07-01 14:00:00,
2025-07-01 15:00:00,
2025-07-01 16:00:00,
2025-07-01 17:00:00,
2025-07-01 18:00:00,
2025-07-01 19:00:00,
2025-07-01 20:00:00,
2025-07-01 21:00:00,
2025-07-01 22:00:00,
2025-07-01 23:00:00,
2025-07-02 00:00:00,
2025-07-02 01:00:00,
2025-07-02 02:00:00,
2025-07-02 03:00:00,
2025-07-02 04:00:00,
2025-07-02 05:00:00,
2025-07-02 06:00:00,
2025-07-02 07:00:00,
2025-07-02 08:00:00,
2025-07-02 09:00:00,
2025-07-02 10:00:00,
2025-07-02 11:00:00,
2025-07-02 12:00:00,
2025-07-02 13:00:00,
2025-07-02 14:00:00,
2025-07-02 15:00:00,
2025-07-02 16:00:00,
2025-07-02 17:00:00,
2025-07-02 18:00:00,
2025-07-02 19:00:00,
2025-07-02 20:00:00,
2025-07-02 21:00:00,
2025-07-02 22:00:00,
2025-07-02 23:00:00,
2025-07-03 00:00:00,
2025-07-03 01:00:00,
2025-07-03 02:00:00,
2025-07-03 03:00:00,
2025-07-03 04:00:00,
2025-07-03 05:00:00,
2025-07-03 06:00:00,
2025-07-03 07:00:00,
2025-07-03 08:00:00,
2025-07-03 09:00:00,
2025-07-03 10:00:00,
2025-07-03 11:00:00,
2025-07-03 12:00:00,
2025-07-03 13:00:00,
2025-07-03 14:00:00,
2025-07-03 15:00:00,
2025-07-03 16:00:00,
2025-07-03 17:00:00,
2025-07-03 18:00:00,
2025-07-03 19:00:00,
2025-07-03 20:00:00,
2025-07-03 21:00:00,
2025-07-03 22:00:00,
2025-07-03 23:00:00,
2025-07-04 00:00:00,
2025-07-04 01:00:00,
2025-07-04 02:00:00,
2025-07-04 03:00:00,
2025-07-04 04:00:00,
2025-07-04 05:00:00,
2025-07-04 06:00:00,
2025-07-04 07:00:00,
2025-07-04 08:00:00,
2025-07-04 09:00:00,
2025-07-04 10:00:00,
2025-07-04 11:00:00,
2025-07-04 12:00:00,
2025-07-04 13:00:00,
2025-07-04 14:00:00,
2025-07-04 15:00:00,
2025-07-04 16:00:00,
2025-07-04 17:00:00,
2025-07-04 18:00:00,
2025-07-04 19:00:00,
2025-07-04 20:00:00,
2025-07-04 21:00:00,
2025-07-04 22:00:00,
2025-07-04 23:00:00,
2025-07-05 00:00:00,
2025-07-05 01:00:00,
2025-07-05 02:00:00,
2025-07-05 03:00:00,
2025-07-05 04:00:00,
2025-07-05 05:00:00,
2025-07-05 06:00:00,
2025-07-05 07:00:00,
2025-07-05 08:00:00,
2025-07-05 09:00:00,
2025-07-05 10:00:00,
2025-07-05 11:00:00,
2025-07-05 12:00:00,
2025-07-05 13:00:00,
2025-07-05 14:00:00,
2025-07-05 15:00:00,
2025-07-05 16:00:00,
2025-07-05 17:00:00,
2025-07-05 18:00:00,
2025-07-05 19:00:00,
2025-07-05 20:00:00,
2025-07-05 21:00:00,
2025-07-05 22:00:00,
2025-07-05 23:00:00,
2025-07-06 00:00:00,
2025-07-06 01:00:00,
2025-07-06 02:00:00,
2025-07-06 03:00:00,
2025-07-06 04:00:00,
2025-07-06 05:00:00,
2025-07-06 06:00:00,
2025-07-06 07:00:00,
2025-07-06 08:00:00,
2025-07-06 09:00:00,
2025-07-06 10:00:00,
2025-07-06 11:00:00,
2025-07-06 12:00:00,
2025-07-06 13:00:00,
2025-07-06 14:00:00,
2025-07-06 15:00:00,
2025-07-06 16:00:00,
2025-07-06 17:00:00,
2025-07-06 18:00:00,
2025-07-06 19:00:00,
2025-07-06 20:00:00,
2025-07-06 21:00:00,
2025-07-06 22:00:00,
2025-07-06 23:00:00,
2025-07-07 00:00:00,
2025-07-07 01:00:00,
2025-07-07 02:00:00,
2025-07-07 03:00:00,
2025-07-07 04:00:00,
2025-07-07 05:00:00,
2025-07-07 06:00:00,
2025-07-07 07:00:00,
2025-07-07 08:00:00,
2025-07-07 09:00:00,
2025-07-07 10:00:00,
2025-07-07 11:00:00,
2025-07-07 12:00:00,
2025-07-07 13:00:00,
2025-07-07 14:00:00,
2025-07-07 15:00:00,
2025-07-07 16:00:00,
2025-07-07 17:00:00,
2025-07-07 18:00:00,
2025-07-07 19:00:00,
2025-07-07 20:00:00,
2025-07-07 21:00:00,
2025-07-07 22:00:00,
2025-07-07 23:00:00,
2025-07-08 00:00:00,
2025-07-08 01:00:00,
2025-07-08 02:00:00,
2025-07-08 03:00:00,
2025-07-08 04:00:00,
2025-07-08 05:00:00,
2025-07-08 06:00:00,
2025-07-08 07:00:00,
2025-07-08 08:00:00,
2025-07-08 09:00:00,
2025-07-08 10:00:00,
2025-07-08 11:00:00,
2025-07-08 12:00:00,
2025-07-08 13:00:00,
2025-07-08 14:00:00,
2025-07-08 15:00:00,
2025-07-08 16:00:00,
2025-07-08 17:00:00,
2025-07-08 18:00:00,
2025-07-08 19:00:00,
2025-07-08 20:00:00,
2025-07-08 21:00:00,
2025-07-08 22:00:00,
2025-07-08 23:00:00,
2025-07-09 00:00:00,
2025-07-09 01:00:00,
2025-07-09 02:00:00,
2025-07-09 03:00:00,
2025-07-09 04:00:00,
2025-07-09 05:00:00,
2025-07-09 06:00:00,
2025-07-09 07:00:00,
2025-07-09 08:00:00,
2025-07-09 09:00:00,
2025-07-09 10:00:00,
2025-07-09 11:00:00,
2025-07-09 12:00:00,
2025-07-09 13:00:00,
2025-07-09 14:00:00,
2025-07-09 15:00:00,
2025-07-09 16:00:00,
2025-07-09 17:00:00,
2025-07-09 18:00:00,
2025-07-09 19:00:00,
2025-07-09 20:00:00,
2025-07-09 21:00:00,
2025-07-09 22:00:00,
2025-07-09 23:00:00,
2025-07-10 00:00:00,
2025-07-10 01:00:00,
2025-07-10 02:00:00,
2025-07-10 03:00:00,
2025-07-10 04:00:00,
2025-07-10 05:00:00,
2025-07-10 06:00:00,
2025-07-10 07:00:00,
2025-07-10 08:00:00,
2025-07-10 09:00:00,
2025-07-10 10:00:00,
2025-07-10 11:00:00,
2025-07-10 12:00:00,
2025-07-10 13:00:00,
2025-07-10 14:00:00,
2025-07-10 15:00:00,
2025-07-10 16:00:00,
2025-07-10 17:00:00,
2025-07-10 18:00:00,
2025-07-10 19:00:00,
2025-07-10 20:00:00,
2025-07-10 21:00:00,
2025-07-10 22:00:00,
2025-07-10 23:00:00,
2025-07-11 00:00:00,
2025-07-11 01:00:00,
2025-07-11 02:00:00,
2025-07-11 03:00:00,
2025-07-11 04:00:00,
2025-07-11 05:00:00,
2025-07-11 06:00:00,
2025-07-11 07:00:00,
2025-07-11 08:00:00,
2025-07-11 09:00:00,
2025-07-11 10:00:00,
2025-07-11 11:00:00,
2025-07-11 12:00:00,
2025-07-11 13:00:00,
2025-07-11 14:00:00,
2025-07-11 15:00:00,
2025-07-11 16:00:00,
2025-07-11 17:00:00,
2025-07-11 18:00:00,
2025-07-11 19:00:00,
2025-07-11 20:00:00,
2025-07-11 21:00:00,
2025-07-11 22:00:00,
2025-07-11 23:00:00,
2025-07-12 00:00:00,
2025-07-12 01:00:00,
2025-07-12 02:00:00,
2025-07-12 03:00:00,
2025-07-12 04:00:00,
2025-07-12 05:00:00,
2025-07-12 06:00:00,
2025-07-12 07:00:00,
2025-07-12 08:00:00,
2025-07-12 09:00:00,
2025-07-12 10:00:00,
2025-07-12 11:00:00,
2025-07-12 12:00:00,
2025-07-12 13:00:00,
2025-07-12 14:00:00,
2025-07-12 15:00:00,
2025-07-12 16:00:00,
2025-07-12 17:00:00,
2025-07-12 18:00:00,
2025-07-12 19:00:00,
2025-07-12 20:00:00,
2025-07-12 21:00:00,
2025-07-12 22:00:00,
2025-07-12 23:00:00,
2025-07-13 00:00:00,
2025-07-13 01:00:00,
2025-07-13 02:00:00,
2025-07-13 03:00:00,
2025-07-13 04:00:00,
2025-07-13 05:00:00,
2025-07-13 06:00:00,
2025-07-13 07:00:00,
2025-07-13 08:00:00,
2025-07-13 09:00:00,
2025-07-13 10:00:00,
2025-07-13 11:00:00,
2025-07-13 12:00:00,
2025-07-13 13:00:00,
2025-07-13 14:00:00,
2025-07-13 15:00:00,
2025-07-13 16:00:00,
2025-07-13 17:00:00,
2025-07-13 18:00:00,
2025-07-13 19:00:00,
2025-07-13 20:00:00,
2025-07-13 21:00:00,
2025-07-13 22:00:00,
2025-07-13 23:00:00,
2025-07-14 00:00:00,
2025-07-14 01:00:00,
2025-07-14 02:00:00,
2025-07-14 03:00:00,
2025-07-14 04:00:00,
2025-07-14 05:00:00,
2025-07-14 06:00:00,
2025-07-14 07:00:00,
2025-07-14 08:00:00,
2025-07-14 09:00:00,
2025-07-14 10:00:00,
2025-07-14 11:00:00,
2025-07-14 12:00:00,
2025-07-14 13:00:00,
2025-07-14 14:00:00,
2025-07-14 15:00:00,
2025-07-14 16:00:00,
2025-07-14 17:00:00,
2025-07-14 18:00:00,
2025-07-14 19:00:00,
2025-07-14 20:00:00,
2025-07-14 21:00:00,
2025-07-14 22:00:00,
2025-07-14 23:00:00,
2025-07-15 00:00:00,
2025-07-15 01:00:00,
2025-07-15 02:00:00,
2025-07-15 03:00:00,
2025-07-15 04:00:00,
2025-07-15 05:00:00,
2025-07-15 06:00:00,
2025-07-15 07:00:00,
2025-07-15 08:00:00,
2025-07-15 09:00:00,
2025-07-15 10:00:00,
2025-07-15 11:00:00,
2025-07-15 12:00:00,
2025-07-15 13:00:00,
2025-07-15 14:00:00,
2025-07-15 15:00:00,
2025-07-15 16:00:00,
2025-07-15 17:00:00,
2025-07-15 18:00:00,
2025-07-15 19:00:00,
2025-07-15 20:00:00,
2025-07-15 21:00:00,
2025-07-15 22:00:00,
2025-07-15 23:00:00,
2025-07-16 00:00:00,
2025-07-16 01:00:00,
2025-07-16 02:00:00,
2025-07-16 03:00:00,
2025-07-16 04:00:00,
2025-07-16 05:00:00,
2025-07-16 06:00:00,
2025-07-16 07:00:00,
2025-07-16 08:00:00,
2025-07-16 09:00:00,
2025-07-16 10:00:00,
2025-07-16 11:00:00,
2025-07-16 12:00:00,
2025-07-16 13:00:00,
2025-07-16 14:00:00,-3.1830
2025-07-16 15:00:00,-3.1830
2025-07-16 16:00:00,-3.1820
2025-07-16 17:00:00,-3.1810
2025-07-16 18:00:00,-3.1810
2025-07-16 19:00:00,-3.1800
2025-07-16 20:00:00,-3.1800
2025-07-16 21:00:00,-3.1800
2025-07-16 22:00:00,-3.1800
2025-07-16 23:00:00,-3.1800
2025-07-17 00:00:00,-3.1800
2025-07-17 01:00:00,-3.1800
2025-07-17 02:00:00,-3.1800
2025-07-17 03:00:00,-3.1810
2025-07-17 04:00:00,-3.1810
2025-07-17 05:00:00,-3.1800
2025-07-17 06:00:00,-3.1800
2025-07-17 07:00:00,-3.1800
2025-07-17 08:00:00,-3.1800
2025-07-17 09:00:00,-3.1800
2025-07-17 10:00:00,-3.1790
2025-07-17 11:00:00,-3.1790
2025-07-17 12:00:00,-3.1800
2025-07-17 13:00:00,-3.1800
2025-07-17 14:00:00,-3.1810
2025-07-17 15:00:00,-3.1810
2025-07-17 16:00:00,-3.1820
2025-07-17 17:00:00,-3.1830
2025-07-17 18:00:00,-3.1840
2025-07-17 19:00:00,-3.1850
2025-07-17 20:00:00,-3.1860
2025-07-17 21:00:00,-3.1870
2025-07-17 22:00:00,-3.1880
2025-07-17 23:00:00,-3.1880
2025-07-18 00:00:00,-3.1890
2025-07-18 01:00:00,-3.1890
2025-07-18 02:00:00,-3.1900
2025-07-18 03:00:00,-3.1900
2025-07-18 04:00:00,-3.1910
2025-07-18 05:00:00,-3.1930
2025-07-18 06:00:00,-3.1930
2025-07-18 07:00:00,-3.1930
2025-07-18 08:00:00,-3.1940
2025-07-18 09:00:00,-3.1940
2025-07-18 10:00:00,-3.1940
2025-07-18 11:00:00,-3.1940
2025-07-18 12:00:00,-3.1940
2025-07-18 13:00:00,-3.1940
2025-07-18 14:00:00,-3.1940
2025-07-18 15:00:00,-3.1940
2025-07-18 16:00:00,-3.1950
2025-07-18 17:00:00,-3.1950
2025-07-18 18:00:00,-3.1950
2025-07-18 19:00:00,-3.1950
2025-07-18 20:00:00,-3.1950
2025-07-18 21:00:00,-3.1950
2025-07-18 22:00:00,-3.1960
2025-07-18 23:00:00,-3.1960
2025-07-19 00:00:00,-3.1950
2025-07-19 01:00:00,-3.1960
2025-07-19 02:00:00,-3.1960
2025-07-19 03:00:00,-3.1970
2025-07-19 04:00:00,-3.1960
2025-07-19 05:00:00,-3.1960
2025-07-19 06:00:00,-3.1960
2025-07-19 07:00:00,-3.1960
2025-07-19 08:00:00,-3.1960
2025-07-19 09:00:00,-3.1960
2025-07-19 10:00:00,-3.1960
2025-07-19 11:00:00,-3.1950
2025-07-19 12:00:00,-3.1960
2025-07-19 13:00:00,-3.1960
2025-07-19 14:00:00,-3.1950
2025-07-19 15:00:00,-3.1930
2025-07-19 16:00:00,-3.1930
2025-07-19 17:00:00,-3.1930
2025-07-19 18:00:00,-3.1920
2025-07-19 19:00:00,-3.1920
2025-07-19 20:00:00,-3.1920
2025-07-19 21:00:00,-3.1920
2025-07-19 22:00:00,-3.1920
2025-07-19 23:00:00,-3.1910
2025-07-20 00:00:00,-3.1910
2025-07-20 01:00:00,-3.1910
2025-07-20 02:00:00,-3.1910
2025-07-20 03:00:00,-3.1930
2025-07-20 04:00:00,-3.1930
2025-07-20 05:00:00,-3.1920
2025-07-20 06:00:00,-3.1910
2025-07-20 07:00:00,-3.1920
2025-07-20 08:00:00,-3.1920
2025-07-20 09:00:00,-3.1930
2025-07-20 10:00:00,-3.1940
2025-07-20 11:00:00,-3.1940
2025-07-20 12:00:00,-3.1950
2025-07-20 13:00:00,-3.1960
2025-07-20 14:00:00,-3.1960
2025-07-20 15:00:00,-3.1970
2025-07-20 16:00:00,-3.1970
2025-07-20 17:00:00,-3.1990
2025-07-20 18:00:00,-3.1980
2025-07-20 19:00:00,-3.1980
2025-07-20 20:00:00,-3.1990
2025-07-20 21:00:00,-3.1990
2025-07-20 22:00:00,-3.1990
2025-07-20 23:00:00,-3.1990
2025-07-21 00:00:00,-3.1990
2025-07-21 01:00:00,-3.1990
2025-07-21 02:00:00,-3.1990
2025-07-21 03:00:00,-3.1990
2025-07-21 04:00:00,-3.1990
2025-07-21 05:00:00,-3.1990
2025-07-21 06:00:00,-3.1990
2025-07-21 07:00:00,-3.2000
2025-07-21 08:00:00,-3.2000
2025-07-21 09:00:00,-3.1990
2025-07-21 10:00:00,-3.1990
2025-07-21 11:00:00,-3.2000
2025-07-21 12:00:00,-3.2010
2025-07-21 13:00:00,-3.2010
2025-07-21 14:00:00,-3.2010
2025-07-21 15:00:00,-3.1740
2025-07-21 16:00:00,-3.1990
2025-07-21 17:00:00,-3.2000
2025-07-21 18:00:00,-3.2000
2025-07-21 19:00:00,-3.1990
2025-07-21 20:00:00,-3.2000
2025-07-21 21:00:00,-3.2010
2025-07-21 22:00:00,-3.2010
2025-07-21 23:00:00,-3.2010
2025-07-22 00:00:00,-3.2020
2025-07-22 01:00:00,-3.2000
2025-07-22 02:00:00,-3.2000
2025-07-22 03:00:00,-3.2010
2025-07-22 04:00:00,-3.1990
2025-07-22 05:00:00,-3.1990
2025-07-22 06:00:00,-3.2010
2025-07-22 07:00:00,-3.2020
2025-07-22 08:00:00,-3.2020
2025-07-22 09:00:00,-3.2040
2025-07-22 10:00:00,-3.2040
2025-07-22 11:00:00,-3.2040
2025-07-22 12:00:00,-3.2040
2025-07-22 13:00:00,-3.2040
2025-07-22 14:00:00,-3.2040
2025-07-22 15:00:00,-3.2060
2025-07-22 16:00:00,-3.2060
2025-07-22 17:00:00,-3.2060
2025-07-22 18:00:00,-3.2050
2025-07-22 19:00:00,-3.2050
2025-07-22 20:00:00,-3.2050
2025-07-22 21:00:00,-3.2040
2025-07-22 22:00:00,-3.2030
2025-07-22 23:00:00,-3.2030
2025-07-23 00:00:00,-3.2040
2025-07-23 01:00:00,-3.2040
2025-07-23 02:00:00,-3.2020
2025-07-23 03:00:00,-3.2030
2025-07-23 04:00:00,-3.2020
2025-07-23 05:00:00,-3.2020
2025-07-23 06:00:00,-3.2020
2025-07-23 07:00:00,-3.2020
2025-07-23 08:00:00,-3.2020
2025-07-23 09:00:00,-3.2030
2025-07-23 10:00:00,-3.2050
2025-07-23 11:00:00,-3.2050
2025-07-23 12:00:00,-3.2050
2025-07-23 13:00:00,-3.2060
2025-07-23 14:00:00,-3.2060
2025-07-23 15:00:00,-3.2060
2025-07-23 16:00:00,-3.2060
2025-07-23 17:00:00,-3.2060
2025-07-23 18:00:00,-3.2060
2025-07-23 19:00:00,-3.2060
2025-07-23 20:00:00,-3.2070
2025-07-23 21:00:00,-3.2070
2025-07-23 22:00:00,-3.2060
2025-07-23 23:00:00,-3.2060
2025-07-24 00:00:00,-3.2060
2025-07-24 01:00:00,-3.2060
2025-07-24 02:00:00,-3.2070
2025-07-24 03:00:00,-3.2070
2025-07-24 04:00:00,-3.2060
2025-07-24 05:00:00,-3.2060
2025-07-24 06:00:00,-3.2060
2025-07-24 07:00:00,-3.2040
2025-07-24 08:00:00,-3.2030
2025-07-24 09:00:00,-3.2010
2025-07-24 10:00:00,-3.2020
2025-07-24 11:00:00,-3.2010
2025-07-24 12:00:00,-3.2000
2025-07-24 13:00:00,-3.1990
2025-07-24 14:00:00,-3.2000
2025-07-24 15:00:00,-3.2000
2025-07-24 16:00:00,-3.2000
2025-07-24 17:00:00,-3.2000
2025-07-24 18:00:00,-3.2000
2025-07-24 19:00:00,-3.2000
2025-07-24 20:00:00,-3.2000
2025-07-24 21:00:00,-3.1990
2025-07-24 22:00:00,-3.1980
2025-07-24 23:00:00,-3.1990
2025-07-25 00:00:00,-3.1980
2025-07-25 01:00:00,-3.1980
2025-07-25 02:00:00,-3.1980
2025-07-25 03:00:00,-3.1980
2025-07-25 04:00:00,-3.1980
2025-07-25 05:00:00,-3.1990
2025-07-25 06:00:00,-3.1990
2025-07-25 07:00:00,-3.1980
2025-07-25 08:00:00,-3.1970
2025-07-25 09:00:00,-3.1970
2025-07-25 10:00:00,-3.1970
2025-07-25 11:00:00,-3.1970
2025-07-25 12:00:00,-3.1970
2025-07-25 13:00:00,-3.1960
2025-07-25 14:00:00,-3.1950
2025-07-25 15:00:00,-3.1960
2025-07-25 16:00:00,-3.1950
2025-07-25 17:00:00,-3.1950
2025-07-25 18:00:00,-3.1950
2025-07-25 19:00:00,-3.1940
2025-07-25 20:00:00,-3.1940
2025-07-25 21:00:00,-3.1940
2025-07-25 22:00:00,-3.1940
2025-07-25 23:00:00,-3.1930
2025-07-26 00:00:00,-3.1940
2025-07-26 01:00:00,-3.1930
2025-07-26 02:00:00,-3.1930
2025-07-26 03:00:00,-3.1920
2025-07-26 04:00:00,-3.1920
2025-07-26 05:00:00,-3.1910
2025-07-26 06:00:00,-3.1920
2025-07-26 07:00:00,-3.1910
2025-07-26 08:00:00,-3.1910
2025-07-26 09:00:00,-3.1910
2025-07-26 10:00:00,-3.1900
2025-07-26 11:00:00,-3.1900
2025-07-26 12:00:00,-3.1900
2025-07-26 13:00:00,-3.1900
2025-07-26 14:00:00,-3.1910
2025-07-26 15:00:00,-3.1910
2025-07-26 16:00:00,-3.1920
2025-07-26 17:00:00,-3.1930
2025-07-26 18:00:00,-3.1930
2025-07-26 19:00:00,-3.1930
2025-07-26 20:00:00,-3.1920
2025-07-26 21:00:00,-3.1920
2025-07-26 22:00:00,-3.1900
2025-07-26 23:00:00,-3.1900
2025-07-27 00:00:00,-3.1890
2025-07-27 01:00:00,-3.1880
2025-07-27 02:00:00,-3.1870
2025-07-27 03:00:00,-3.1860
2025-07-27 04:00:00,-3.1850
2025-07-27 05:00:00,-3.1840
2025-07-27 06:00:00,-3.1840
2025-07-27 07:00:00,-3.1830
2025-07-27 08:00:00,-3.1830
2025-07-27 09:00:00,-3.1820
2025-07-27 10:00:00,-3.1820
2025-07-27 11:00:00,-3.1810
2025-07-27 12:00:00,-3.1810
2025-07-27 13:00:00,-3.1810
2025-07-27 14:00:00,-3.1800
2025-07-27 15:00:00,-3.1800
2025-07-27 16:00:00,-3.1790
2025-07-27 17:00:00,-3.1780
2025-07-27 18:00:00,-3.1770
2025-07-27 19:00:00,-3.1780
2025-07-27 20:00:00,-3.1760
2025-07-27 21:00:00,-3.1760
2025-07-27 22:00:00,-3.1750
2025-07-27 23:00:00,-3.1740
2025-07-28 00:00:00,-3.1740
2025-07-28 01:00:00,-3.1720
2025-07-28 02:00:00,-3.1710
2025-07-28 03:00:00,-3.1710
2025-07-28 04:00:00,-3.1710
2025-07-28 05:00:00,-3.1710
2025-07-28 06:00:00,-3.1710
2025-07-28 07:00:00,-3.1710
2025-07-28 08:00:00,-3.1710
2025-07-28 09:00:00,-3.1710
2025-07-28 10:00:00,-3.1710
2025-07-28 11:00:00,-3.1700
2025-07-28 12:00:00,-3.1700
2025-07-28 13:00:00,-3.1720
2025-07-28 14:00:00,-3.1710
2025-07-28 15:00:00,-3.1710
2025-07-28 16:00:00,-3.1700
2025-07-28 17:00:00,-3.1700
2025-07-28 18:00:00,-3.1700
2025-07-28 19:00:00,-3.1690
2025-07-28 20:00:00,-3.1690
2025-07-28 21:00:00,-3.1690
2025-07-28 22:00:00,-3.1700
2025-07-28 23:00:00,-3.1690
2025-07-29 00:00:00,-3.1690
2025-07-29 01:00:00,-3.1700
2025-07-29 02:00:00,-3.1700
2025-07-29 03:00:00,-3.1700
2025-07-29 04:00:00,-3.1700
2025-07-29 05:00:00,-3.1700
2025-07-29 06:00:00,-3.1700
2025-07-29 07:00:00,-3.1690
2025-07-29 08:00:00,-3.1700
2025-07-29 09:00:00,-3.1700
2025-07-29 10:00:00,-3.1700
2025-07-29 11:00:00,-3.1700
2025-07-29 12:00:00,-3.1710
2025-07-29 13:00:00,-3.1710
2025-07-29 14:00:00,-3.1720
2025-07-29 15:00:00,-3.1730
2025-07-29 16:00:00,-3.1730
2025-07-29 17:00:00,-3.1740
2025-07-29 18:00:00,-3.1740
2025-07-29 19:00:00,-3.1750
2025-07-29 20:00:00,-3.1750
2025-07-29 21:00:00,-3.1760
2025-07-29 22:00:00,-3.1770
2025-07-29 23:00:00,-3.1770
2025-07-30 00:00:00,-3.1780
2025-07-30 01:00:00,-3.1790
2025-07-30 02:00:00,-3.1790
2025-07-30 03:00:00,-3.1800
2025-07-30 04:00:00,-3.1810
2025-07-30 05:00:00,-3.1810
2025-07-30 06:00:00,-3.1830
2025-07-30 07:00:00,-3.1850
2025-07-30 08:00:00,-3.1870
2025-07-30 09:00:00,-3.1880
2025-07-30 10:00:00,-3.1880
2025-07-30 11:00:00,-3.1880
2025-07-30 12:00:00,-3.1890
2025-07-30 13:00:00,-3.1900
2025-07-30 14:00:00,-3.1900
2025-07-30 15:00:00,-3.1900
2025-07-30 16:00:00,-3.1900
2025-07-30 17:00:00,-3.1900
2025-07-30 18:00:00,-3.1900
2025-07-30 19:00:00,-3.1900
2025-07-30 20:00:00,-3.1900
2025-07-30 21:00:00,-3.1900
2025-07-30 22:00:00,-3.1890
2025-07-30 23:00:00,-3.1890
2025-07-31 00:00:00,-3.1870
2025-07-31 01:00:00,-3.1880
2025-07-31 02:00:00,-3.1880
2025-07-31 03:00:00,-3.1870
2025-07-31 04:00:00,-3.1860
2025-07-31 05:00:00,-3.1850
2025-07-31 06:00:00,-3.1850
2025-07-31 07:00:00,-3.1840
2025-07-31 08:00:00,-3.1840
2025-07-31 09:00:00,-3.1830
2025-07-31 10:00:00,-3.1830
2025-07-31 11:00:00,-3.1840
2025-07-31 12:00:00,-3.1840
2025-07-31 13:00:00,-3.1840
2025-07-31 14:00:00,-3.1870
2025-07-31 15:00:00,-3.1870
2025-07-31 16:00:00,-3.1880
2025-07-31 17:00:00,-3.1880
2025-07-31 18:00:00,-3.1900
2025-07-31 19:00:00,-3.1890
2025-07-31 20:00:00,-3.1890
2025-07-31 21:00:00,-3.1890
2025-07-31 22:00:00,-3.1890
2025-07-31 23:00:00,-3.1890
2025-08-01 00:00:00,-3.1880
2025-08-01 01:00:00,-3.1870
2025-08-01 02:00:00,-3.1880
2025-08-01 03:00:00,-3.1880
2025-08-01 04:00:00,-3.1880
2025-08-01 05:00:00,-3.1890
2025-08-01 06:00:00,-3.1890
2025-08-01 07:00:00,-3.1890
2025-08-01 08:00:00,-3.1890
2025-08-01 09:00:00,-3.1900
2025-08-01 10:00:00,-3.1880
2025-08-01 11:00:00,-3.1900
2025-08-01 12:00:00,-3.1880
2025-08-01 13:00:00,-3.1850
2025-08-01 14:00:00,-3.1860
2025-08-01 15:00:00,-3.1840
2025-08-01 16:00:00,-3.1830
2025-08-01 17:00:00,-3.1830
2025-08-01 18:00:00,-3.1820
2025-08-01 19:00:00,-3.1810
2025-08-01 20:00:00,-3.1810
2025-08-01 21:00:00,-3.1820
2025-08-01 22:00:00,-3.1810
2025-08-01 23:00:00,-3.1810
2025-08-02 00:00:00,-3.1810
2025-08-02 01:00:00,-3.1810
2025-08-02 02:00:00,-3.1800
2025-08-02 03:00:00,-3.1810
2025-08-02 04:00:00,-3.1810
2025-08-02 05:00:00,-3.1790
2025-08-02 06:00:00,-3.1800
2025-08-02 07:00:00,-3.1800
2025-08-02 08:00:00,-3.1790
2025-08-02 09:00:00,-3.1780
2025-08-02 10:00:00,-3.1780
2025-08-02 11:00:00,-3.1770
2025-08-02 12:00:00,-3.1760
2025-08-02 13:00:00,-3.1760
2025-08-02 14:00:00,-3.1750
2025-08-02 15:00:00,-3.1740
2025-08-02 16:00:00,-3.1720
2025-08-02 17:00:00,-3.1700
2025-08-02 18:00:00,-3.1700
2025-08-02 19:00:00,-3.1690
2025-08-02 20:00:00,-3.1690
2025-08-02 21:00:00,-3.1690
2025-08-02 22:00:00,-3.1690
2025-08-02 23:00:00,-3.1690
2025-08-03 00:00:00,-3.1690
2025-08-03 01:00:00,-3.1690
2025-08-03 02:00:00,-3.1700
2025-08-03 03:00:00,-3.1700
2025-08-03 04:00:00,-3.1690
2025-08-03 05:00:00,-3.1700
2025-08-03 06:00:00,-3.1690
2025-08-03 07:00:00,-3.1700
2025-08-03 08:00:00,-3.1710
2025-08-03 09:00:00,-3.1710
2025-08-03 10:00:00,-3.1730
2025-08-03 11:00:00,-3.1730
2025-08-03 12:00:00,-3.1730
2025-08-03 13:00:00,-3.1730
2025-08-03 14:00:00,-3.1750
2025-08-03 15:00:00,-3.1750
2025-08-03 16:00:00,-3.1770
2025-08-03 17:00:00,-3.1770
2025-08-03 18:00:00,-3.1780
2025-08-03 19:00:00,-3.1780
2025-08-03 20:00:00,-3.1780
2025-08-03 21:00:00,-3.1800
2025-08-03 22:00:00,-3.1810
2025-08-03 23:00:00,-3.1820
2025-08-04 00:00:00,-3.1830
2025-08-04 01:00:00,-3.1840
2025-08-04 02:00:00,-3.1850
2025-08-04 03:00:00,-3.1850
2025-08-04 04:00:00,-3.1860
2025-08-04 05:00:00,-3.1860
2025-08-04 06:00:00,-3.1870
2025-08-04 07:00:00,-3.1870
2025-08-04 08:00:00,-3.1890
2025-08-04 09:00:00,-3.1890
2025-08-04 10:00:00,-3.1900
2025-08-04 11:00:00,-3.1930
2025-08-04 12:00:00,-3.1940
2025-08-04 13:00:00,-3.1950
2025-08-04 14:00:00,-3.1960
2025-08-04 15:00:00,-3.1960
2025-08-04 16:00:00,-3.1960
2025-08-04 17:00:00,-3.1950
2025-08-04 18:00:00,-3.1960
2025-08-04 19:00:00,-3.1960
2025-08-04 20:00:00,-3.1960
2025-08-04 21:00:00,-3.1960
2025-08-04 22:00:00,-3.1960
2025-08-04 23:00:00,-3.1950
2025-08-05 00:00:00,-3.1950
2025-08-05 01:00:00,-3.1950
2025-08-05 02:00:00,-3.1950
2025-08-05 03:00:00,-3.1950
2025-08-05 04:00:00,-3.1940
2025-08-05 05:00:00,-3.1940
2025-08-05 06:00:00,-3.1940
2025-08-05 07:00:00,-3.1940
2025-08-05 08:00:00,-3.1940
2025-08-05 09:00:00,-3.1930
2025-08-05 10:00:00,-3.1920
2025-08-05 11:00:00,-3.1930
2025-08-05 12:00:00,-3.1910
2025-08-05 13:00:00,-3.1900
2025-08-05 14:00:00,-3.1890
2025-08-05 15:00:00,-3.1880
2025-08-05 16:00:00,-3.1880
2025-08-05 17:00:00,-3.1870
2025-08-05 18:00:00,-3.1860
2025-08-05 19:00:00,-3.1840
2025-08-05 20:00:00,-3.1840
2025-08-05 21:00:00,-3.1820
2025-08-05 22:00:00,-3.1810
2025-08-05 23:00:00,-3.1800
2025-08-06 00:00:00,-3.1790
2025-08-06 01:00:00,-3.1780
2025-08-06 02:00:00,-3.1790
2025-08-06 03:00:00,-3.1780
2025-08-06 04:00:00,-3.1770
2025-08-06 05:00:00,-3.1770
2025-08-06 06:00:00,-3.1770
2025-08-06 07:00:00,-3.1770
2025-08-06 08:00:00,-3.1760
2025-08-06 09:00:00,-3.1760
2025-08-06 10:00:00,-3.1780
2025-08-06 11:00:00,-3.1790
2025-08-06 12:00:00,-3.1790
2025-08-06 13:00:00,-3.1790
2025-08-06 14:00:00,-3.1790
2025-08-06 15:00:00,-3.1790
2025-08-06 16:00:00,-3.1800
2025-08-06 17:00:00,-3.1790
2025-08-06 18:00:00,-3.1790
2025-08-06 19:00:00,-3.1790
2025-08-06 20:00:00,-3.1800
2025-08-06 21:00:00,-3.1810
2025-08-06 22:00:00,-3.1820
2025-08-06 23:00:00,-3.1810
2025-08-07 00:00:00,-3.1830
2025-08-07 01:00:00,-3.1830
2025-08-07 02:00:00,-3.1840
2025-08-07 03:00:00,-3.1830
2025-08-07 04:00:00,-3.1840
2025-08-07 05:00:00,-3.1840
2025-08-07 06:00:00,-3.1840
2025-08-07 07:00:00,-3.1840
2025-08-07 08:00:00,-3.1850
2025-08-07 09:00:00,-3.1860
2025-08-07 10:00:00,-3.1860
2025-08-07 11:00:00,-3.1870
2025-08-07 12:00:00,-3.1880
2025-08-07 13:00:00,-3.1890
2025-08-07 14:00:00,-3.1900
2025-08-07 15:00:00,-3.1910
2025-08-07 16:00:00,-3.1920
2025-08-07 17:00:00,-3.1920
2025-08-07 18:00:00,-3.1930
2025-08-07 19:00:00,-3.1950
2025-08-07 20:00:00,-3.1960
2025-08-07 21:00:00,-3.1970
2025-08-07 22:00:00,-3.1990
2025-08-07 23:00:00,-3.2000
2025-08-08 00:00:00,-3.2010
2025-08-08 01:00:00,-3.2020
2025-08-08 02:00:00,-3.2030
2025-08-08 03:00:00,-3.2030
2025-08-08 04:00:00,-3.2040
2025-08-08 05:00:00,-3.2040
2025-08-08 06:00:00,-3.2060
2025-08-08 07:00:00,-3.2060
2025-08-08 08:00:00,-3.2070
2025-08-08 09:00:00,-3.2070
2025-08-08 10:00:00,-3.2080
2025-08-08 11:00:00,-3.2080
2025-08-08 12:00:00,-3.2080
2025-08-08 13:00:00,-3.2090
2025-08-08 14:00:00,-3.2090
2025-08-08 15:00:00,-3.2100
2025-08-08 16:00:00,-3.2110
2025-08-08 17:00:00,-3.2120
2025-08-08 18:00:00,-3.2120
2025-08-08 19:00:00,-3.2120
2025-08-08 20:00:00,-3.2130
2025-08-08 21:00:00,-3.2130
2025-08-08 22:00:00,-3.2130
2025-08-08 23:00:00,-3.2110
2025-08-09 00:00:00,-3.2100
2025-08-09 01:00:00,-3.2110
2025-08-09 02:00:00,-3.2120
2025-08-09 03:00:00,-3.2110
2025-08-09 04:00:00,-3.2130
2025-08-09 05:00:00,-3.2130
2025-08-09 06:00:00,-3.2140
2025-08-09 07:00:00,-3.2140
2025-08-09 08:00:00,-3.2130
2025-08-09 09:00:00,-3.2140
2025-08-09 10:00:00,-3.2140
2025-08-09 11:00:00,-3.2140
2025-08-09 12:00:00,-3.2150
2025-08-09 13:00:00,-3.2160
2025-08-09 14:00:00,-3.2160
2025-08-09 15:00:00,-3.2160
2025-08-09 16:00:00,-3.2150
2025-08-09 17:00:00,-3.2150
2025-08-09 18:00:00,-3.2150
2025-08-09 19:00:00,-3.2100
2025-08-09 20:00:00,-3.2080
2025-08-09 21:00:00,-3.2080
2025-08-09 22:00:00,-3.2060
2025-08-09 23:00:00,-3.2050
2025-08-10 00:00:00,-3.2050
2025-08-10 01:00:00,-3.2050
2025-08-10 02:00:00,-3.2040
2025-08-10 03:00:00,-3.2050
2025-08-10 04:00:00,-3.2040
2025-08-10 05:00:00,-3.2040
2025-08-10 06:00:00,-3.2040
2025-08-10 07:00:00,-3.2060
2025-08-10 08:00:00,-3.2050
2025-08-10 09:00:00,-3.2050
2025-08-10 10:00:00,-3.2050
2025-08-10 11:00:00,-3.2040
2025-08-10 12:00:00,-3.2040
2025-08-10 13:00:00,-3.2040
2025-08-10 14:00:00,-3.2040
2025-08-10 15:00:00,-3.2050
2025-08-10 16:00:00,-3.2050
2025-08-10 17:00:00,-3.2040
2025-08-10 18:00:00,-3.2020
2025-08-10 19:00:00,-3.2020
2025-08-10 20:00:00,-3.2020
2025-08-10 21:00:00,-3.2020
2025-08-10 22:00:00,-3.2010
2025-08-10 23:00:00,-3.2000
2025-08-11 00:00:00,-3.1990
2025-08-11 01:00:00,-3.1990
2025-08-11 02:00:00,-3.1980
2025-08-11 03:00:00,-3.1980
2025-08-11 04:00:00,-3.1980
2025-08-11 05:00:00,-3.1970
2025-08-11 06:00:00,-3.1980
2025-08-11 07:00:00,-3.1980
2025-08-11 08:00:00,-3.1980
2025-08-11 09:00:00,-3.2000
2025-08-11 10:00:00,-3.2010
2025-08-11 11:00:00,-3.2000
2025-08-11 12:00:00,-3.2000
2025-08-11 13:00:00,-3.1990
2025-08-11 14:00:00,-3.2010
2025-08-11 15:00:00,-3.2020
2025-08-11 16:00:00,-3.2010
2025-08-11 17:00:00,-3.2010
2025-08-11 18:00:00,-3.2020
2025-08-11 19:00:00,-3.2030
2025-08-11 20:00:00,-3.2030
2025-08-11 21:00:00,-3.2030
2025-08-11 22:00:00,-3.2010
2025-08-11 23:00:00,-3.2020
2025-08-12 00:00:00,-3.2020
2025-08-12 01:00:00,-3.2040
2025-08-12 02:00:00,-3.2040
2025-08-12 03:00:00,-3.2050
2025-08-12 04:00:00,-3.2050
2025-08-12 05:00:00,-3.2050
2025-08-12 06:00:00,-3.2060
2025-08-12 07:00:00,-3.2060
2025-08-12 08:00:00,-3.2060
2025-08-12 09:00:00,-3.2060
2025-08-12 10:00:00,-3.2060
2025-08-12 11:00:00,-3.2060
2025-08-12 12:00:00,-3.2060
2025-08-12 13:00:00,-3.2070
2025-08-12 14:00:00,-3.2070
2025-08-12 15:00:00,-3.2070
2025-08-12 16:00:00,-3.2070
2025-08-12 17:00:00,-3.2070
2025-08-12 18:00:00,-3.2080
2025-08-12 19:00:00,-3.2080
2025-08-12 20:00:00,-3.2070
2025-08-12 21:00:00,-3.2060
2025-08-12 22:00:00,-3.2040
2025-08-12 23:00:00,-3.2030
2025-08-13 00:00:00,-3.2020
2025-08-13 01:00:00,-3.2020
2025-08-13 02:00:00,-3.2020
2025-08-13 03:00:00,-3.2020
2025-08-13 04:00:00,-3.2020
2025-08-13 05:00:00,-3.2030
2025-08-13 06:00:00,-3.2020
2025-08-13 07:00:00,-3.2030
2025-08-13 08:00:00,-3.2020
2025-08-13 09:00:00,-3.2010
2025-08-13 10:00:00,-3.2010
2025-08-13 11:00:00,-3.2010
2025-08-13 12:00:00,-3.2010
2025-08-13 13:00:00,-3.2020
2025-08-13 14:00:00,-3.2020
2025-08-13 15:00:00,-3.2030
2025-08-13 16:00:00,-3.2020
2025-08-13 17:00:00,-3.2020
2025-08-13 18:00:00,-3.2010
2025-08-13 19:00:00,-3.2020
2025-08-13 20:00:00,-3.2020
2025-08-13 21:00:00,-3.2020
2025-08-13 22:00:00,-3.2020
2025-08-13 23:00:00,-3.2010
2025-08-14 00:00:00,-3.2010
2025-08-14 01:00:00,-3.2000
2025-08-14 02:00:00,-3.2020
2025-08-14 03:00:00,-3.2010
2025-08-14 04:00:00,-3.2010
2025-08-14 05:00:00,-3.2010
2025-08-14 06:00:00,-3.2010
2025-08-14 07:00:00,-3.2020
2025-08-14 08:00:00,-3.2030
2025-08-14 09:00:00,-3.2020
2025-08-14 10:00:00,-3.2040
2025-08-14 11:00:00,-3.2050
2025-08-14 12:00:00,-3.2050
2025-08-14 13:00:00,-3.2060
2025-08-14 14:00:00,-3.2070
2025-08-14 15:00:00,-3.2090
2025-08-14 16:00:00,-3.2100
2025-08-14 17:00:00,-3.2100
2025-08-14 18:00:00,-3.2110
2025-08-14 19:00:00,-3.2100
2025-08-14 20:00:00,-3.2100
2025-08-14 21:00:00,-3.2100
2025-08-14 22:00:00,-3.2080
2025-08-14 23:00:00,-3.2080
2025-08-15 00:00:00,-3.2080
2025-08-15 01:00:00,-3.2060
2025-08-15 02:00:00,-3.2060
2025-08-15 03:00:00,-3.2050
2025-08-15 04:00:00,-3.2050
2025-08-15 05:00:00,-3.2050
2025-08-15 06:00:00,-3.2050
2025-08-15 07:00:00,-3.2050
2025-08-15 08:00:00,-3.2040
2025-08-15 09:00:00,-3.2020
2025-08-15 10:00:00,-3.2030
2025-08-15 11:00:00,-3.2040
2025-08-15 12:00:00,-3.2040
2025-08-15 13:00:00,-3.2050
2025-08-15 14:00:00,-3.2040
2025-08-15 15:00:00,-3.2050
2025-08-15 16:00:00,-3.2050
2025-08-15 17:00:00,-3.2060
2025-08-15 18:00:00,-3.2060
2025-08-15 19:00:00,-3.2050
2025-08-15 20:00:00,-3.2050
2025-08-15 21:00:00,-3.2040
2025-08-15 22:00:00,-3.2040
2025-08-15 23:00:00,-3.2020
2025-08-16 00:00:00,-3.2020
2025-08-16 01:00:00,-3.2020
2025-08-16 02:00:00,-3.2010
2025-08-16 03:00:00,-3.2000
2025-08-16 04:00:00,-3.2000
2025-08-16 05:00:00,-3.2000
2025-08-16 06:00:00,-3.1980
2025-08-16 07:00:00,-3.2010
2025-08-16 08:00:00,-3.2000
2025-08-16 09:00:00,-3.1990
2025-08-16 10:00:00,-3.2000
2025-08-16 11:00:00,-3.1990
2025-08-16 12:00:00,-3.1990
2025-08-16 13:00:00,-3.2000
2025-08-16 14:00:00,-3.1990
2025-08-16 15:00:00,-3.1980
2025-08-16 16:00:00,-3.1980
2025-08-16 17:00:00,-3.1960
2025-08-16 18:00:00,-3.1960
2025-08-16 19:00:00,-3.1940
2025-08-16 20:00:00,-3.1920
2025-08-16 21:00:00,-3.1900
2025-08-16 22:00:00,-3.1880
2025-08-16 23:00:00,-3.1860
2025-08-17 00:00:00,-3.1840
2025-08-17 01:00:00,-3.1830
2025-08-17 02:00:00,-3.1810
2025-08-17 03:00:00,-3.1800
2025-08-17 04:00:00,-3.1790
2025-08-17 05:00:00,-3.1790
2025-08-17 06:00:00,-3.1790
2025-08-17 07:00:00,-3.1790
2025-08-17 08:00:00,-3.1780
2025-08-17 09:00:00,-3.1770
2025-08-17 10:00:00,-3.1780
2025-08-17 11:00:00,-3.1780
2025-08-17 12:00:00,-3.1780
2025-08-17 13:00:00,-3.1780
2025-08-17 14:00:00,-3.1780
2025-08-17 15:00:00,-3.1780
2025-08-17 16:00:00,-3.1770
2025-08-17 17:00:00,-3.1780
2025-08-17 18:00:00,-3.1790
2025-08-17 19:00:00,-3.1790
2025-08-17 20:00:00,-3.1800
2025-08-17 21:00:00,-3.1800
2025-08-17 22:00:00,-3.1800
2025-08-17 23:00:00,-3.1790
2025-08-18 00:00:00,-3.1780
2025-08-18 01:00:00,-3.1780
2025-08-18 02:00:00,-3.1770
2025-08-18 03:00:00,-3.1780
2025-08-18 04:00:00,-3.1790
2025-08-18 05:00:00,-3.1800
2025-08-18 06:00:00,-3.1790
2025-08-18 07:00:00,-3.1800
2025-08-18 08:00:00,-3.1790
2025-08-18 09:00:00,-3.1790
2025-08-18 10:00:00,-3.1790
2025-08-18 11:00:00,-3.1780
2025-08-18 12:00:00,-3.1790
2025-08-18 13:00:00,-3.1780
2025-08-18 14:00:00,-3.1780
2025-08-18 15:00:00,-3.1780
2025-08-18 16:00:00,-3.1770
2025-08-18 17:00:00,-3.1780
2025-08-18 18:00:00,-3.1790
2025-08-18 19:00:00,-3.1790
2025-08-18 20:00:00,-3.1800
2025-08-18 21:00:00,-3.1800
2025-08-18 22:00:00,-3.1810
2025-08-18 23:00:00,-3.1810
2025-08-19 00:00:00,-3.1810
2025-08-19 01:00:00,-3.1810
2025-08-19 02:00:00,-3.1810
2025-08-19 03:00:00,-3.1800
2025-08-19 04:00:00,-3.1790
2025-08-19 05:00:00,-3.1780
2025-08-19 06:00:00,-3.1770
2025-08-19 07:00:00,-3.1750
2025-08-19 08:00:00,-3.1740
2025-08-19 09:00:00,-3.1740
2025-08-19 10:00:00,-3.1740
2025-08-19 11:00:00,-3.1740
2025-08-19 12:00:00,-3.1740
2025-08-19 13:00:00,-3.1740
2025-08-19 14:00:00,-3.1730
2025-08-19 15:00:00,-3.1730
2025-08-19 16:00:00,-3.1720
2025-08-19 17:00:00,-3.1710
2025-08-19 18:00:00,-3.1710
2025-08-19 19:00:00,-3.1730
2025-08-19 20:00:00,-3.1730
2025-08-19 21:00:00,-3.1740
2025-08-19 22:00:00,-3.1740
2025-08-19 23:00:00,-3.1730
2025-08-20 00:00:00,-3.1730
2025-08-20 01:00:00,-3.1730
2025-08-20 02:00:00,-3.1740
2025-08-20 03:00:00,-3.1750
2025-08-20 04:00:00,-3.1750
2025-08-20 05:00:00,-3.1750
2025-08-20 06:00:00,-3.1750
2025-08-20 07:00:00,-3.1750
2025-08-20 08:00:00,-3.1740
2025-08-20 09:00:00,-3.1730
2025-08-20 10:00:00,-3.1730
2025-08-20 11:00:00,-3.1740
2025-08-20 12:00:00,-3.1750
2025-08-20 13:00:00,-3.1760
2025-08-20 14:00:00,-3.1760
2025-08-20 15:00:00,-3.1760
2025-08-20 16:00:00,-3.1760
2025-08-20 17:00:00,-3.1770
2025-08-20 18:00:00,-3.1760
2025-08-20 19:00:00,-3.1760
2025-08-20 20:00:00,-3.1770
2025-08-20 21:00:00,-3.1780
2025-08-20 22:00:00,-3.1790
2025-08-20 23:00:00,-3.1780
2025-08-21 00:00:00,-3.1780
2025-08-21 01:00:00,-3.1770
2025-08-21 02:00:00,-3.1770
2025-08-21 03:00:00,-3.1760
2025-08-21 04:00:00,-3.1770
2025-08-21 05:00:00,-3.1770
2025-08-21 06:00:00,-3.1770
2025-08-21 07:00:00,-3.1770
2025-08-21 08:00:00,-3.1770
2025-08-21 09:00:00,-3.1770
2025-08-21 10:00:00,-3.1760
2025-08-21 11:00:00,-3.1780
2025-08-21 12:00:00,-3.1780
2025-08-21 13:00:00,-3.1780
2025-08-21 14:00:00,-3.1770
2025-08-21 15:00:00,-3.1780
2025-08-21 16:00:00,-3.1780
2025-08-21 17:00:00,-3.1780
2025-08-21 18:00:00,-3.1790
2025-08-21 19:00:00,-3.1790
2025-08-21 20:00:00,-3.1800
2025-08-21 21:00:00,-3.1800
2025-08-21 22:00:00,-3.1810
2025-08-21 23:00:00,-3.1810
2025-08-22 00:00:00,-3.1810
2025-08-22 01:00:00,-3.1820
2025-08-22 02:00:00,-3.1830
2025-08-22 03:00:00,-3.1830
2025-08-22 04:00:00,-3.1840
2025-08-22 05:00:00,-3.1860
2025-08-22 06:00:00,-3.1870
2025-08-22 07:00:00,-3.1880
2025-08-22 08:00:00,-3.1880
2025-08-22 09:00:00,-3.1890
2025-08-22 10:00:00,-3.1900
2025-08-22 11:00:00,-3.1920
2025-08-22 12:00:00,-3.1930
2025-08-22 13:00:00,-3.1950
2025-08-22 14:00:00,-3.1960
2025-08-22 15:00:00,-3.1970
2025-08-22 16:00:00,-3.1960
2025-08-22 17:00:00,-3.1970
2025-08-22 18:00:00,-3.1970
2025-08-22 19:00:00,-3.1970
2025-08-22 20:00:00,-3.1970
2025-08-22 21:00:00,-3.1980
2025-08-22 22:00:00,-3.2000
2025-08-22 23:00:00,-3.2010
2025-08-23 00:00:00,-3.2020
2025-08-23 01:00:00,-3.2030
2025-08-23 02:00:00,-3.2040
2025-08-23 03:00:00,-3.2050
2025-08-23 04:00:00,-3.2050
2025-08-23 05:00:00,-3.2070
2025-08-23 06:00:00,-3.2080
2025-08-23 07:00:00,-3.2090
2025-08-23 08:00:00,-3.2100
2025-08-23 09:00:00,-3.2100
2025-08-23 10:00:00,-3.2100
2025-08-23 11:00:00,-3.2100
2025-08-23 12:00:00,-3.2110
2025-08-23 13:00:00,-3.2110
2025-08-23 14:00:00,-3.2110
2025-08-23 15:00:00,-3.2110
2025-08-23 16:00:00,-3.2100
2025-08-23 17:00:00,-3.2110
2025-08-23 18:00:00,-3.2110
2025-08-23 19:00:00,-3.2110
2025-08-23 20:00:00,-3.2070
2025-08-23 21:00:00,-3.2080
2025-08-23 22:00:00,-3.2080
2025-08-23 23:00:00,-3.2080
2025-08-24 00:00:00,-3.2060
2025-08-24 01:00:00,-3.2080
2025-08-24 02:00:00,-3.2090
2025-08-24 03:00:00,-3.2100
2025-08-24 04:00:00,-3.2120
2025-08-24 05:00:00,-3.2130
2025-08-24 06:00:00,-3.2140
2025-08-24 07:00:00,-3.2150
2025-08-24 08:00:00,-3.2160
2025-08-24 09:00:00,-3.2150
2025-08-24 10:00:00,-3.2160
2025-08-24 11:00:00,-3.2160
2025-08-24 12:00:00,-3.2160
2025-08-24 13:00:00,-3.2170
2025-08-24 14:00:00,-3.2170
2025-08-24 15:00:00,-3.2180
2025-08-24 16:00:00,-3.2180
2025-08-24 17:00:00,-3.2190
2025-08-24 18:00:00,-3.2190
2025-08-24 19:00:00,-3.2180
2025-08-24 20:00:00,-3.2180
2025-08-24 21:00:00,-3.2170
2025-08-24 22:00:00,-3.2140
2025-08-24 23:00:00,-3.2120
2025-08-25 00:00:00,-3.2110
2025-08-25 01:00:00,-3.2110
2025-08-25 02:00:00,-3.2080
2025-08-25 03:00:00,-3.2070
2025-08-25 04:00:00,-3.2080
2025-08-25 05:00:00,-3.2090
2025-08-25 06:00:00,-3.2070
2025-08-25 07:00:00,-3.2060
2025-08-25 08:00:00,-3.2060
2025-08-25 09:00:00,-3.2050
2025-08-25 10:00:00,-3.2060
2025-08-25 11:00:00,-3.2060
2025-08-25 12:00:00,-3.2060
2025-08-25 13:00:00,-3.2060
2025-08-25 14:00:00,-3.2060
2025-08-25 15:00:00,-3.2060
2025-08-25 16:00:00,-3.2060
2025-08-25 17:00:00,-3.2060
2025-08-25 18:00:00,-3.2060
2025-08-25 19:00:00,-3.2060
2025-08-25 20:00:00,-3.2070
2025-08-25 21:00:00,-3.2080
2025-08-25 22:00:00,-3.2070
2025-08-25 23:00:00,-3.2050
2025-08-26 00:00:00,-3.2040
2025-08-26 01:00:00,-3.2040
2025-08-26 02:00:00,-3.2050
2025-08-26 03:00:00,-3.2050
2025-08-26 04:00:00,-3.2060
2025-08-26 05:00:00,-3.2050
2025-08-26 06:00:00,-3.2050
2025-08-26 07:00:00,-3.2040
2025-08-26 08:00:00,-3.2040
2025-08-26 09:00:00,-3.2040
2025-08-26 10:00:00,-3.2050
2025-08-26 11:00:00,-3.2060
2025-08-26 12:00:00,-3.2060
2025-08-26 13:00:00,-3.2060
2025-08-26 14:00:00,-3.2070
2025-08-26 15:00:00,-3.2080
2025-08-26 16:00:00,-3.2090
2025-08-26 17:00:00,-3.2090
2025-08-26 18:00:00,-3.2130
2025-08-26 19:00:00,-3.2150
2025-08-26 20:00:00,-3.2150
2025-08-26 21:00:00,-3.2160
2025-08-26 22:00:00,-3.2150
2025-08-26 23:00:00,-3.2140
2025-08-27 00:00:00,-3.2140
2025-08-27 01:00:00,-3.2130
2025-08-27 02:00:00,-3.2110
2025-08-27 03:00:00,-3.2090
2025-08-27 04:00:00,-3.2070
2025-08-27 05:00:00,-3.2060
2025-08-27 06:00:00,-3.2060
2025-08-27 07:00:00,-3.2060
2025-08-27 08:00:00,-3.2050
2025-08-27 09:00:00,-3.2050
2025-08-27 10:00:00,-3.2060
2025-08-27 11:00:00,-3.2070
2025-08-27 12:00:00,-3.2060
2025-08-27 13:00:00,-3.2060
2025-08-27 14:00:00,-3.2050
2025-08-27 15:00:00,-3.2040
2025-08-27 16:00:00,-3.2040
2025-08-27 17:00:00,-3.2030
2025-08-27 18:00:00,-3.2030
2025-08-27 19:00:00,-3.2040
2025-08-27 20:00:00,-3.2030
2025-08-27 21:00:00,-3.2030
2025-08-27 22:00:00,-3.2020
2025-08-27 23:00:00,-3.2010
2025-08-28 00:00:00,-3.1990
2025-08-28 01:00:00,-3.1990
2025-08-28 02:00:00,-3.1990
2025-08-28 03:00:00,-3.1990
2025-08-28 04:00:00,-3.1980
2025-08-28 05:00:00,-3.2000
2025-08-28 06:00:00,-3.2010
2025-08-28 07:00:00,-3.2010
2025-08-28 08:00:00,-3.2020
2025-08-28 09:00:00,-3.2020
2025-08-28 10:00:00,-3.2030
2025-08-28 11:00:00,-3.2030
2025-08-28 12:00:00,-3.2020
2025-08-28 13:00:00,-3.2020
2025-08-28 14:00:00,-3.2020
2025-08-28 15:00:00,-3.2000
2025-08-28 16:00:00,-3.2010
2025-08-28 17:00:00,-3.2010
2025-08-28 18:00:00,-3.2000
2025-08-28 19:00:00,-3.2000
2025-08-28 20:00:00,-3.2000
2025-08-28 21:00:00,-3.2010
2025-08-28 22:00:00,-3.1990
2025-08-28 23:00:00,-3.1990
2025-08-29 00:00:00,-3.2010
2025-08-29 01:00:00,-3.2010
2025-08-29 02:00:00,-3.2030
2025-08-29 03:00:00,-3.2040
2025-08-29 04:00:00,-3.2040
2025-08-29 05:00:00,-3.2040
2025-08-29 06:00:00,-3.2040
2025-08-29 07:00:00,-3.2030
2025-08-29 08:00:00,-3.2020
2025-08-29 09:00:00,-3.2030
2025-08-29 10:00:00,-3.2030
2025-08-29 11:00:00,-3.2030
2025-08-29 12:00:00,-3.2020
2025-08-29 13:00:00,-3.2000
2025-08-29 14:00:00,-3.2000
2025-08-29 15:00:00,-3.1990
2025-08-29 16:00:00,-3.1990
2025-08-29 17:00:00,-3.1990
2025-08-29 18:00:00,-3.1990
2025-08-29 19:00:00,-3.1980
2025-08-29 20:00:00,-3.1980
2025-08-29 21:00:00,-3.1990
2025-08-29 22:00:00,-3.1980
2025-08-29 23:00:00,-3.1980
2025-08-30 00:00:00,-3.1970
2025-08-30 01:00:00,-3.1970
2025-08-30 02:00:00,-3.1960
2025-08-30 03:00:00,-3.1960
2025-08-30 04:00:00,-3.1950
2025-08-30 05:00:00,-3.1940
2025-08-30 06:00:00,-3.1930
2025-08-30 07:00:00,-3.1920
2025-08-30 08:00:00,-3.1910
2025-08-30 09:00:00,-3.1900
2025-08-30 10:00:00,-3.1900
2025-08-30 11:00:00,-3.1900
2025-08-30 12:00:00,-3.1890
2025-08-30 13:00:00,-3.1880
2025-08-30 14:00:00,-3.1870
2025-08-30 15:00:00,-3.1860
2025-08-30 16:00:00,-3.1870
2025-08-30 17:00:00,-3.1870
2025-08-30 18:00:00,-3.1860
2025-08-30 19:00:00,-3.1860
2025-08-30 20:00:00,-3.1860
2025-08-30 21:00:00,-3.1860
2025-08-30 22:00:00,-3.1860
2025-08-30 23:00:00,-3.1870
2025-08-31 00:00:00,-3.1870
2025-08-31 01:00:00,-3.1880
2025-08-31 02:00:00,-3.1880
2025-08-31 03:00:00,-3.1890
2025-08-31 04:00:00,-3.1900
2025-08-31 05:00:00,-3.1910
2025-08-31 06:00:00,-3.1910
2025-08-31 07:00:00,-3.1930
2025-08-31 08:00:00,-3.1940
2025-08-31 09:00:00,-3.1940
2025-08-31 10:00:00,-3.1960
2025-08-31 11:00:00,-3.1970
2025-08-31 12:00:00,-3.1980
2025-08-31 13:00:00,-3.1990
2025-08-31 14:00:00,-3.2000
2025-08-31 15:00:00,-3.2000
2025-08-31 16:00:00,-3.2010
2025-08-31 17:00:00,-3.2010
2025-08-31 18:00:00,-3.2010
2025-08-31 19:00:00,-3.2000
2025-08-31 20:00:00,-3.2010
2025-08-31 21:00:00,-3.2010
2025-08-31 22:00:00,-3.2020
2025-08-31 23:00:00,-3.2020
2025-09-01 00:00:00,-3.2020
2025-09-01 01:00:00,-3.2020
2025-09-01 02:00:00,-3.2030
2025-09-01 03:00:00,-3.2020
2025-09-01 04:00:00,-3.2000
2025-09-01 05:00:00,-3.2000
2025-09-01 06:00:00,-3.1980
2025-09-01 07:00:00,-3.1980
2025-09-01 08:00:00,-3.1980
2025-09-01 09:00:00,-3.1980
2025-09-01 10:00:00,-3.1980
2025-09-01 11:00:00,-3.1980
2025-09-01 12:00:00,-3.2000
2025-09-01 13:00:00,-3.2010
2025-09-01 14:00:00,-3.2010
2025-09-01 15:00:00,-3.2000
2025-09-01 16:00:00,-3.2010
2025-09-01 17:00:00,-3.2020
2025-09-01 18:00:00,-3.2030
2025-09-01 19:00:00,-3.2010
2025-09-01 20:00:00,-3.2010
2025-09-01 21:00:00,-3.2020
2025-09-01 22:00:00,-3.1970
2025-09-01 23:00:00,-3.1980
2025-09-02 00:00:00,-3.1980
2025-09-02 01:00:00,-3.1980
2025-09-02 02:00:00,-3.1990
2025-09-02 03:00:00,-3.2010
2025-09-02 04:00:00,-3.2010
2025-09-02 05:00:00,-3.2010
2025-09-02 06:00:00,-3.2010
2025-09-02 07:00:00,-3.2010
2025-09-02 08:00:00,-3.2020
2025-09-02 09:00:00,-3.2020
2025-09-02 10:00:00,-3.2020
2025-09-02 11:00:00,-3.2020
2025-09-02 12:00:00,-3.2020
2025-09-02 13:00:00,-3.2020
2025-09-02 14:00:00,-3.2020
2025-09-02 15:00:00,-3.2030
2025-09-02 16:00:00,-3.2030
2025-09-02 17:00:00,-3.2020
2025-09-02 18:00:00,-3.2020
2025-09-02 19:00:00,-3.2030
2025-09-02 20:00:00,-3.2030
2025-09-02 21:00:00,-3.2030
2025-09-02 22:00:00,-3.2030
2025-09-02 23:00:00,-3.2030
2025-09-03 00:00:00,-3.2020
2025-09-03 01:00:00,-3.2020
2025-09-03 02:00:00,-3.2020
2025-09-03 03:00:00,-3.2030
2025-09-03 04:00:00,-3.2030
2025-09-03 05:00:00,-3.2030
2025-09-03 06:00:00,-3.2050
2025-09-03 07:00:00,-3.2040
2025-09-03 08:00:00,-3.2040
2025-09-03 09:00:00,-3.2050
2025-09-03 10:00:00,-3.1980
2025-09-03 11:00:00,-3.2000
2025-09-03 12:00:00,-3.2000
2025-09-03 13:00:00,-3.2000
2025-09-03 14:00:00,-3.2000
2025-09-03 15:00:00,-3.2010
2025-09-03 16:00:00,-3.2020
2025-09-03 17:00:00,-3.1920
2025-09-03 18:00:00,-3.2000
2025-09-03 19:00:00,-3.2000
2025-09-03 20:00:00,-3.2010
2025-09-03 21:00:00,-3.2000
2025-09-03 22:00:00,-3.1990
2025-09-03 23:00:00,-3.1990
2025-09-04 00:00:00,-3.1980
2025-09-04 01:00:00,-3.1960
2025-09-04 02:00:00,-3.1960
2025-09-04 03:00:00,-3.1960
2025-09-04 04:00:00,-3.1960
2025-09-04 05:00:00,-3.1960
2025-09-04 06:00:00,-3.1950
2025-09-04 07:00:00,-3.1950
2025-09-04 08:00:00,-3.1940
2025-09-04 09:00:00,-3.1950
2025-09-04 10:00:00,-3.1950
2025-09-04 11:00:00,-3.1940
2025-09-04 12:00:00,-3.1950
2025-09-04 13:00:00,-3.1940
2025-09-04 14:00:00,-3.1950
2025-09-04 15:00:00,-3.1950
2025-09-04 16:00:00,-3.1960
2025-09-04 17:00:00,-3.1970
2025-09-04 18:00:00,-3.1990
2025-09-04 19:00:00,-3.1990
2025-09-04 20:00:00,-3.2000
2025-09-04 21:00:00,-3.2000
2025-09-04 22:00:00,-3.2010
2025-09-04 23:00:00,-3.2020
2025-09-05 00:00:00,-3.2020
2025-09-05 01:00:00,-3.2020
2025-09-05 02:00:00,-3.2010
2025-09-05 03:00:00,-3.2010
2025-09-05 04:00:00,-3.2000
2025-09-05 05:00:00,-3.2000
2025-09-05 06:00:00,-3.2020
2025-09-05 07:00:00,-3.2040
2025-09-05 08:00:00,-3.2040
2025-09-05 09:00:00,-3.2040
2025-09-05 10:00:00,-3.2020
2025-09-05 11:00:00,-3.2020
2025-09-05 12:00:00,-3.2010
2025-09-05 13:00:00,-3.2000
2025-09-05 14:00:00,-3.2000
2025-09-05 15:00:00,-3.1990
2025-09-05 16:00:00,-3.1980
2025-09-05 17:00:00,-3.1970
2025-09-05 18:00:00,-3.1960
2025-09-05 19:00:00,-3.1940
2025-09-05 20:00:00,-3.1930
2025-09-05 21:00:00,-3.1930
2025-09-05 22:00:00,-3.1920
2025-09-05 23:00:00,-3.1900
2025-09-06 00:00:00,-3.1910
2025-09-06 01:00:00,-3.1900
2025-09-06 02:00:00,-3.1900
2025-09-06 03:00:00,-3.1890
2025-09-06 04:00:00,-3.1880
2025-09-06 05:00:00,-3.1880
2025-09-06 06:00:00,-3.1880
2025-09-06 07:00:00,-3.1880
2025-09-06 08:00:00,-3.1880
2025-09-06 09:00:00,-3.1880
2025-09-06 10:00:00,-3.1880
2025-09-06 11:00:00,-3.1880
2025-09-06 12:00:00,-3.1890
2025-09-06 13:00:00,-3.1890
2025-09-06 14:00:00,-3.1890
2025-09-06 15:00:00,-3.1890
2025-09-06 16:00:00,-3.1900
2025-09-06 17:00:00,-3.1890
2025-09-06 18:00:00,-3.1890
2025-09-06 19:00:00,-3.1900
2025-09-06 20:00:00,-3.1910
2025-09-06 21:00:00,-3.1900
2025-09-06 22:00:00,-3.1910
2025-09-06 23:00:00,-3.1920
2025-09-07 00:00:00,-3.1940
2025-09-07 01:00:00,-3.1940
2025-09-07 02:00:00,-3.1960
2025-09-07 03:00:00,-3.1970
2025-09-07 04:00:00,-3.1980
2025-09-07 05:00:00,-3.1990
2025-09-07 06:00:00,-3.2000
2025-09-07 07:00:00,-3.2010
2025-09-07 08:00:00,-3.2010
2025-09-07 09:00:00,-3.2020
2025-09-07 10:00:00,-3.2010
2025-09-07 11:00:00,-3.2020
2025-09-07 12:00:00,-3.2020
2025-09-07 13:00:00,-3.2030
2025-09-07 14:00:00,-3.2030
2025-09-07 15:00:00,-3.2040
2025-09-07 16:00:00,-3.2060
2025-09-07 17:00:00,-3.2060
2025-09-07 18:00:00,-3.2060
2025-09-07 19:00:00,-3.2050
2025-09-07 20:00:00,-3.2040
2025-09-07 21:00:00,-3.2070
2025-09-07 22:00:00,-3.2070
2025-09-07 23:00:00,-3.2070
2025-09-08 00:00:00,-3.2080
2025-09-08 01:00:00,-3.2090
2025-09-08 02:00:00,-3.2110
2025-09-08 03:00:00,-3.2120
2025-09-08 04:00:00,-3.2130
2025-09-08 05:00:00,-3.2140
2025-09-08 06:00:00,-3.2130
2025-09-08 07:00:00,-3.2060
2025-09-08 08:00:00,-3.2120
2025-09-08 09:00:00,-3.2130
2025-09-08 10:00:00,-3.2140
2025-09-08 11:00:00,-3.2140
2025-09-08 12:00:00,-3.2130
2025-09-08 13:00:00,-3.2150
2025-09-08 14:00:00,-3.2150
2025-09-08 15:00:00,-3.2150
2025-09-08 16:00:00,-3.2150
2025-09-08 17:00:00,-3.2150
2025-09-08 18:00:00,-3.2160
2025-09-08 19:00:00,-3.2160
2025-09-08 20:00:00,-3.2160
2025-09-08 21:00:00,-3.2160
2025-09-08 22:00:00,-3.2160
2025-09-08 23:00:00,-3.2160
2025-09-09 00:00:00,-3.2140
2025-09-09 01:00:00,-3.2120
2025-09-09 02:00:00,-3.2100
2025-09-09 03:00:00,-3.2090
2025-09-09 04:00:00,-3.2090
2025-09-09 05:00:00,-3.2080
2025-09-09 06:00:00,-3.2080
2025-09-09 07:00:00,-3.2070
2025-09-09 08:00:00,-3.2070
2025-09-09 09:00:00,-3.2060
2025-09-09 10:00:00,-3.2060
2025-09-09 11:00:00,-3.2060
2025-09-09 12:00:00,-3.2060
2025-09-09 13:00:00,-3.2050
2025-09-09 14:00:00,-3.2060
2025-09-09 15:00:00,-3.2050
2025-09-09 16:00:00,-3.2040
2025-09-09 17:00:00,-3.2030
2025-09-09 18:00:00,-3.2020
2025-09-09 19:00:00,-3.2020
2025-09-09 20:00:00,-3.2010
2025-09-09 21:00:00,-3.2000
2025-09-09 22:00:00,-3.1980
2025-09-09 23:00:00,-3.1970
2025-09-10 00:00:00,-3.1950
2025-09-10 01:00:00,-3.1930
2025-09-10 02:00:00,-3.1900
2025-09-10 03:00:00,-3.1880
2025-09-10 04:00:00,-3.1860
2025-09-10 05:00:00,-3.1840
2025-09-10 06:00:00,-3.1840
2025-09-10 07:00:00,-3.1830
2025-09-10 08:00:00,-3.1830
2025-09-10 09:00:00,-3.1830
2025-09-10 10:00:00,-3.1820
2025-09-10 11:00:00,-3.1810
2025-09-10 12:00:00,-3.1810
2025-09-10 13:00:00,-3.1810
2025-09-10 14:00:00,-3.1820
2025-09-10 15:00:00,-3.1830
2025-09-10 16:00:00,-3.1840
2025-09-10 17:00:00,-3.1830
2025-09-10 18:00:00,-3.1840
2025-09-10 19:00:00,-3.1860
2025-09-10 20:00:00,-3.1870
2025-09-10 21:00:00,-3.1870
2025-09-10 22:00:00,-3.1880
2025-09-10 23:00:00,-3.1870
2025-09-11 00:00:00,-3.1870
2025-09-11 01:00:00,-3.1880
2025-09-11 02:00:00,-3.1880
2025-09-11 03:00:00,-3.1880
2025-09-11 04:00:00,-3.1890
2025-09-11 05:00:00,-3.1890
2025-09-11 06:00:00,-3.1900
2025-09-11 07:00:00,-3.1910
2025-09-11 08:00:00,-3.1910
2025-09-11 09:00:00,-3.1920
2025-09-11 10:00:00,-3.1920
2025-09-11 11:00:00,-3.1930
2025-09-11 12:00:00,-3.1940
2025-09-11 13:00:00,-3.1950
2025-09-11 14:00:00,-3.1960
2025-09-11 15:00:00,-3.1960
2025-09-11 16:00:00,-3.1960
2025-09-11 17:00:00,-3.1960
2025-09-11 18:00:00,-3.1980
2025-09-11 19:00:00,-3.1970
2025-09-11 20:00:00,-3.1980
2025-09-11 21:00:00,-3.1990
2025-09-11 22:00:00,-3.2000
2025-09-11 23:00:00,-3.2010
2025-09-12 00:00:00,-3.2020
2025-09-12 01:00:00,-3.2010
2025-09-12 02:00:00,-3.2010
2025-09-12 03:00:00,-3.2020
2025-09-12 04:00:00,-3.2030
2025-09-12 05:00:00,-3.2020
2025-09-12 06:00:00,-3.2040
2025-09-12 07:00:00,-3.2050
2025-09-12 08:00:00,-3.2060
2025-09-12 09:00:00,-3.2060
2025-09-12 10:00:00,-3.2060
2025-09-12 11:00:00,-3.2050
2025-09-12 12:00:00,-3.2030
2025-09-12 13:00:00,-3.2020
2025-09-12 14:00:00,-3.2010
2025-09-12 15:00:00,-3.2000
2025-09-12 16:00:00,-3.2010
2025-09-12 17:00:00,-3.1990
2025-09-12 18:00:00,-3.1980
2025-09-12 19:00:00,-3.1970
2025-09-12 20:00:00,-3.1960
2025-09-12 21:00:00,-3.1950
2025-09-12 22:00:00,-3.1940
2025-09-12 23:00:00,-3.1940
2025-09-13 00:00:00,-3.1930
2025-09-13 01:00:00,-3.1910
2025-09-13 02:00:00,-3.1910
2025-09-13 03:00:00,-3.1910
2025-09-13 04:00:00,-3.1900
2025-09-13 05:00:00,-3.1890
2025-09-13 06:00:00,-3.1890
2025-09-13 07:00:00,-3.1890
2025-09-13 08:00:00,-3.1890
2025-09-13 09:00:00,-3.1890
2025-09-13 10:00:00,-3.1890
2025-09-13 11:00:00,-3.1880
2025-09-13 12:00:00,-3.1880
2025-09-13 13:00:00,-3.1890
2025-09-13 14:00:00,-3.1710
2025-09-13 15:00:00,-3.1870
2025-09-13 16:00:00,-3.1890
2025-09-13 17:00:00,-3.1890
2025-09-13 18:00:00,-3.1900
2025-09-13 19:00:00,-3.1900
2025-09-13 20:00:00,-3.1910
2025-09-13 21:00:00,-3.1910
2025-09-13 22:00:00,-3.1910
2025-09-13 23:00:00,-3.1910
2025-09-14 00:00:00,-3.1900
2025-09-14 01:00:00,-3.1910
2025-09-14 02:00:00,-3.1300
2025-09-14 03:00:00,-3.1830
2025-09-14 04:00:00,-3.1890
2025-09-14 05:00:00,-3.1910
2025-09-14 06:00:00,-3.1910
2025-09-14 07:00:00,-3.1910
2025-09-14 08:00:00,-3.1910
2025-09-14 09:00:00,-3.1910
2025-09-14 10:00:00,-3.1920
2025-09-14 11:00:00,-3.1920
2025-09-14 12:00:00,-3.1920
2025-09-14 13:00:00,-3.1930
2025-09-14 14:00:00,-3.1930
2025-09-14 15:00:00,-3.1930
2025-09-14 16:00:00,-3.1940
2025-09-14 17:00:00,-3.1930
2025-09-14 18:00:00,-3.1940
2025-09-14 19:00:00,-3.1940
2025-09-14 20:00:00,-3.1940
2025-09-14 21:00:00,-3.1940
2025-09-14 22:00:00,-3.1950
2025-09-14 23:00:00,-3.1950
2025-09-15 00:00:00,-3.1840
2025-09-15 01:00:00,-3.1920
2025-09-15 02:00:00,-3.1950
2025-09-15 03:00:00,-3.1960
2025-09-15 04:00:00,-3.1960
2025-09-15 05:00:00,-3.1960
2025-09-15 06:00:00,-3.1950
2025-09-15 07:00:00,-3.1950
2025-09-15 08:00:00,-3.1960
2025-09-15 09:00:00,-3.1940
2025-09-15 10:00:00,-3.1940
2025-09-15 11:00:00,-3.1950
2025-09-15 12:00:00,-3.1950
2025-09-15 13:00:00,-3.1940
2025-09-15 14:00:00,-3.1940
2025-09-15 15:00:00,-3.1920
2025-09-15 16:00:00,-3.1920
2025-09-15 17:00:00,-3.1780
2025-09-15 18:00:00,-3.1890
2025-09-15 19:00:00,-3.1910
2025-09-15 20:00:00,-3.1900
2025-09-15 21:00:00,-3.1900
2025-09-15 22:00:00,-3.1900
2025-09-15 23:00:00,-3.1900
2025-09-16 00:00:00,-3.1900
2025-09-16 01:00:00,-3.1900
2025-09-16 02:00:00,-3.1910
2025-09-16 03:00:00,-3.1910
2025-09-16 04:00:00,-3.1920
2025-09-16 05:00:00,-3.1930
2025-09-16 06:00:00,-3.1930
2025-09-16 07:00:00,-3.1940
2025-09-16 08:00:00,-3.1950
2025-09-16 09:00:00,-3.1960
2025-09-16 10:00:00,-3.1960
2025-09-16 11:00:00,-3.1960
2025-09-16 12:00:00,-3.1960
2025-09-16 13:00:00,-3.1970
2025-09-16 14:00:00,-3.1970
2025-09-16 15:00:00,-3.1980
2025-09-16 16:00:00,-3.1990
2025-09-16 17:00:00,-3.2000
2025-09-16 18:00:00,-3.2010
2025-09-16 19:00:00,-3.2010
2025-09-16 20:00:00,-3.2020
2025-09-16 21:00:00,-3.2020
2025-09-16 22:00:00,-3.1910
2025-09-16 23:00:00,-3.1950
2025-09-17 00:00:00,-3.1950
2025-09-17 01:00:00,-3.1930
2025-09-17 02:00:00,-3.1910
2025-09-17 03:00:00,-3.1890
2025-09-17 04:00:00,-3.1880
2025-09-17 05:00:00,-3.1870
2025-09-17 06:00:00,-3.1860
2025-09-17 07:00:00,-3.1860
2025-09-17 08:00:00,-3.1850
2025-09-17 09:00:00,-3.1850
2025-09-17 10:00:00,-3.1850
2025-09-17 11:00:00,-3.1850
2025-09-17 12:00:00,-3.1840
2025-09-17 13:00:00,-3.1840
2025-09-17 14:00:00,-3.1830
2025-09-17 15:00:00,-3.1830
2025-09-17 16:00:00,-3.1820
2025-09-17 17:00:00,-3.1810
2025-09-17 18:00:00,-3.1800
2025-09-17 19:00:00,-3.1780
2025-09-17 20:00:00,-3.1680
2025-09-17 21:00:00,-3.1690
2025-09-17 22:00:00,-3.1630
2025-09-17 23:00:00,-3.1580
2025-09-18 00:00:00,-3.1530
2025-09-18 01:00:00,-3.1480
2025-09-18 02:00:00,-3.1440
2025-09-18 03:00:00,-3.1420
2025-09-18 04:00:00,-3.1400
2025-09-18 05:00:00,-3.1360
2025-09-18 06:00:00,-3.1330
2025-09-18 07:00:00,-3.1300
2025-09-18 08:00:00,-3.1270
2025-09-18 09:00:00,-3.1250
2025-09-18 10:00:00,-3.1240
2025-09-18 11:00:00,-3.1230
2025-09-18 12:00:00,-3.1230
2025-09-18 13:00:00,-3.1230
2025-09-18 14:00:00,-3.1240
2025-09-18 15:00:00,-3.1250
2025-09-18 16:00:00,-3.1260
2025-09-18 17:00:00,-3.1270
2025-09-18 18:00:00,-3.1290
2025-09-18 19:00:00,-3.1300
2025-09-18 20:00:00,-3.1320
2025-09-18 21:00:00,-3.1340
2025-09-18 22:00:00,-3.1360
2025-09-18 23:00:00,-3.1370
2025-09-19 00:00:00,-3.1380
2025-09-19 01:00:00,-3.1390
2025-09-19 02:00:00,-3.1410
2025-09-19 03:00:00,-3.1420
2025-09-19 04:00:00,-3.1430
2025-09-19 05:00:00,-3.1450
2025-09-19 06:00:00,-3.1460
2025-09-19 07:00:00,-3.1470
2025-09-19 08:00:00,-3.1480
2025-09-19 09:00:00,-3.1490
2025-09-19 10:00:00,-3.1500
2025-09-19 11:00:00,-3.1510
2025-09-19 12:00:00,-3.1520
2025-09-19 13:00:00,-3.1530
2025-09-19 14:00:00,-3.1540
2025-09-19 15:00:00,-3.1550
2025-09-19 16:00:00,-3.1560
2025-09-19 17:00:00,-3.1570
2025-09-19 18:00:00,-3.1580
2025-09-19 19:00:00,-3.1590
2025-09-19 20:00:00,-3.1600
2025-09-19 21:00:00,-3.1610
2025-09-19 22:00:00,-3.1620
2025-09-19 23:00:00,-3.1630
2025-09-20 00:00:00,-3.1630
2025-09-20 01:00:00,-3.1640
2025-09-20 02:00:00,-3.1640
2025-09-20 03:00:00,-3.1650
2025-09-20 04:00:00,-3.1660
2025-09-20 05:00:00,-3.1660
2025-09-20 06:00:00,-3.1670
2025-09-20 07:00:00,-3.1670
2025-09-20 08:00:00,-3.1680
2025-09-20 09:00:00,-3.1690
2025-09-20 10:00:00,-3.1700
2025-09-20 11:00:00,-3.1700
2025-09-20 12:00:00,-3.1710
2025-09-20 13:00:00,-3.1720
2025-09-20 14:00:00,-3.1730
2025-09-20 15:00:00,-3.1730
2025-09-20 16:00:00,-3.1740
2025-09-20 17:00:00,-3.1740
2025-09-20 18:00:00,-3.1740
2025-09-20 19:00:00,-3.1750
2025-09-20 20:00:00,-3.1750
2025-09-20 21:00:00,-3.1750
2025-09-20 22:00:00,-3.1750
2025-09-20 23:00:00,-3.1760
2025-09-21 00:00:00,-3.1760
2025-09-21 01:00:00,-3.1770
2025-09-21 02:00:00,-3.1770
2025-09-21 03:00:00,-3.1780
2025-09-21 04:00:00,-3.1790
2025-09-21 05:00:00,-3.1790
2025-09-21 06:00:00,-3.1800
2025-09-21 07:00:00,-3.1810
2025-09-21 08:00:00,-3.1820
2025-09-21 09:00:00,-3.1820
2025-09-21 10:00:00,-3.1830
2025-09-21 11:00:00,-3.1830
2025-09-21 12:00:00,-3.1850
2025-09-21 13:00:00,-3.1850
2025-09-21 14:00:00,-3.1860
2025-09-21 15:00:00,-3.1870
2025-09-21 16:00:00,-3.1880
2025-09-21 17:00:00,-3.1880
2025-09-21 18:00:00,-3.1890
2025-09-21 19:00:00,-3.1900
2025-09-21 20:00:00,-3.1910
2025-09-21 21:00:00,-3.1910
2025-09-21 22:00:00,-3.1920
2025-09-21 23:00:00,-3.1920
2025-09-22 00:00:00,-3.1920
2025-09-22 01:00:00,-3.1930
2025-09-22 02:00:00,-3.1930
2025-09-22 03:00:00,-3.1930
2025-09-22 04:00:00,-3.1940
2025-09-22 05:00:00,-3.1950
2025-09-22 06:00:00,-3.1950
2025-09-22 07:00:00,-3.1950
2025-09-22 08:00:00,-3.1960
2025-09-22 09:00:00,-3.1960
2025-09-22 10:00:00,-3.1970
2025-09-22 11:00:00,-3.1970
2025-09-22 12:00:00,-3.1980
2025-09-22 13:00:00,-3.1980
2025-09-22 14:00:00,-3.1990
2025-09-22 15:00:00,-3.1990
2025-09-22 16:00:00,-3.1990
2025-09-22 17:00:00,-3.2000
2025-09-22 18:00:00,-3.2000
2025-09-22 19:00:00,-3.2000
2025-09-22 20:00:00,-3.2000
2025-09-22 21:00:00,-3.2000
2025-09-22 22:00:00,-3.2000
2025-09-22 23:00:00,-3.2000
2025-09-23 00:00:00,-3.1990
2025-09-23 01:00:00,-3.1990
2025-09-23 02:00:00,-3.1990
2025-09-23 03:00:00,-3.1980
2025-09-23 04:00:00,-3.1980
2025-09-23 05:00:00,-3.1980
2025-09-23 06:00:00,-3.1980
2025-09-23 07:00:00,-3.1970
2025-09-23 08:00:00,-3.1980
2025-09-23 09:00:00,-3.1970
2025-09-23 10:00:00,-3.1980
2025-09-23 11:00:00,-3.1990
2025-09-23 12:00:00,-3.1990
2025-09-23 13:00:00,-3.2000
2025-09-23 14:00:00,-3.2010
2025-09-23 15:00:00,-3.2020
2025-09-23 16:00:00,-3.2040
2025-09-23 17:00:00,-3.2040
2025-09-23 18:00:00,-3.2040
2025-09-23 19:00:00,-3.2050
2025-09-23 20:00:00,-3.2060
2025-09-23 21:00:00,-3.2070
2025-09-23 22:00:00,-3.2060
2025-09-23 23:00:00,-3.2070
2025-09-24 00:00:00,-3.2070
2025-09-24 01:00:00,-3.2080
2025-09-24 02:00:00,-3.2080
2025-09-24 03:00:00,-3.2090
2025-09-24 04:00:00,-3.2090
2025-09-24 05:00:00,-3.2090
2025-09-24 06:00:00,-3.2100
2025-09-24 07:00:00,-3.2100
2025-09-24 08:00:00,-3.2110
2025-09-24 09:00:00,-3.2110
2025-09-24 10:00:00,-3.2120
2025-09-24 11:00:00,-3.2140
2025-09-24 12:00:00,-3.2130
2025-09-24 13:00:00,-3.2140
2025-09-24 14:00:00,-3.2150
2025-09-24 15:00:00,-3.2160
2025-09-24 16:00:00,-3.2170
2025-09-24 17:00:00,-3.2170
2025-09-24 18:00:00,-3.2180
2025-09-24 19:00:00,-3.2190
2025-09-24 20:00:00,-3.2190
2025-09-24 21:00:00,-3.2200
2025-09-24 22:00:00,-3.2190
2025-09-24 23:00:00,-3.2200
2025-09-25 00:00:00,-3.2200
2025-09-25 01:00:00,-3.2210
2025-09-25 02:00:00,-3.2210
2025-09-25 03:00:00,-3.2210
2025-09-25 04:00:00,-3.2220
2025-09-25 05:00:00,-3.2210
2025-09-25 06:00:00,-3.2220
2025-09-25 07:00:00,-3.2220
2025-09-25 08:00:00,-3.2220
2025-09-25 09:00:00,-3.2230
2025-09-25 10:00:00,-3.2230
2025-09-25 11:00:00,-3.2240
2025-09-25 12:00:00,-3.2240
2025-09-25 13:00:00,-3.2250
2025-09-25 14:00:00,-3.2250
2025-09-25 15:00:00,-3.2260
2025-09-25 16:00:00,-3.2260
2025-09-25 17:00:00,-3.2260
2025-09-25 18:00:00,-3.2260
2025-09-25 19:00:00,-3.2260
2025-09-25 20:00:00,-3.2270
2025-09-25 21:00:00,-3.2270
2025-09-25 22:00:00,-3.2270
2025-09-25 23:00:00,-3.2280
2025-09-26 00:00:00,-3.2280
2025-09-26 01:00:00,-3.2280
2025-09-26 02:00:00,-3.2280
2025-09-26 03:00:00,-3.2270
2025-09-26 04:00:00,-3.2270
2025-09-26 05:00:00,-3.2270
2025-09-26 06:00:00,-3.2270
2025-09-26 07:00:00,-3.2280
2025-09-26 08:00:00,-3.2280
2025-09-26 09:00:00,-3.2280
2025-09-26 10:00:00,-3.2280
2025-09-26 11:00:00,-3.2280
2025-09-26 12:00:00,-3.2290
2025-09-26 13:00:00,-3.2290
2025-09-26 14:00:00,-3.2290
2025-09-26 15:00:00,-3.2280
2025-09-26 16:00:00,-3.2280
2025-09-26 17:00:00,-3.2280
2025-09-26 18:00:00,-3.2280
2025-09-26 19:00:00,-3.2280
2025-09-26 20:00:00,-3.2280
2025-09-26 21:00:00,-3.2280
2025-09-26 22:00:00,-3.2260
2025-09-26 23:00:00,-3.2260
2025-09-27 00:00:00,-3.2260
2025-09-27 01:00:00,-3.2250
2025-09-27 02:00:00,-3.2260
2025-09-27 03:00:00,-3.2260
2025-09-27 04:00:00,-3.2260
2025-09-27 05:00:00,-3.2250
2025-09-27 06:00:00,-3.2240
2025-09-27 07:00:00,-3.2210
2025-09-27 08:00:00,-3.2190
2025-09-27 09:00:00,-3.2170
2025-09-27 10:00:00,-3.2160
2025-09-27 11:00:00,-3.2120
2025-09-27 12:00:00,-3.2100
2025-09-27 13:00:00,-3.2070
2025-09-27 14:00:00,-3.2070
2025-09-27 15:00:00,-3.2060
2025-09-27 16:00:00,-3.2060
2025-09-27 17:00:00,-3.2080
2025-09-27 18:00:00,-3.2070
2025-09-27 19:00:00,-3.2050
2025-09-27 20:00:00,-3.2050
2025-09-27 21:00:00,-3.2050
2025-09-27 22:00:00,-3.2050
2025-09-27 23:00:00,-3.2040
2025-09-28 00:00:00,-3.2030
2025-09-28 01:00:00,-3.2020
2025-09-28 02:00:00,-3.2020
2025-09-28 03:00:00,-3.2000
2025-09-28 04:00:00,-3.1990
2025-09-28 05:00:00,-3.1980
2025-09-28 06:00:00,-3.1970
2025-09-28 07:00:00,-3.1960
2025-09-28 08:00:00,-3.1950
2025-09-28 09:00:00,-3.1930
2025-09-28 10:00:00,-3.1910
2025-09-28 11:00:00,-3.1910
2025-09-28 12:00:00,-3.1910
2025-09-28 13:00:00,-3.1910
2025-09-28 14:00:00,-3.1900
2025-09-28 15:00:00,-3.1900
2025-09-28 16:00:00,-3.1900
2025-09-28 17:00:00,-3.1900
2025-09-28 18:00:00,-3.1900
2025-09-28 19:00:00,-3.1890
2025-09-28 20:00:00,-3.1880
2025-09-28 21:00:00,-3.1870
2025-09-28 22:00:00,-3.1870
2025-09-28 23:00:00,-3.1870
2025-09-29 00:00:00,-3.1870
2025-09-29 01:00:00,-3.1880
2025-09-29 02:00:00,-3.1870
2025-09-29 03:00:00,-3.1870
2025-09-29 04:00:00,-3.1870
2025-09-29 05:00:00,-3.1870
2025-09-29 06:00:00,-3.1880
2025-09-29 07:00:00,-3.1890
2025-09-29 08:00:00,-3.1900
2025-09-29 09:00:00,-3.1910
2025-09-29 10:00:00,-3.1920
2025-09-29 11:00:00,-3.1920
2025-09-29 12:00:00,-3.1930
2025-09-29 13:00:00,-3.1940
2025-09-29 14:00:00,-3.1950
2025-09-29 15:00:00,-3.1960
2025-09-29 16:00:00,-3.1960
2025-09-29 17:00:00,-3.1970
2025-09-29 18:00:00,-3.1990
2025-09-29 19:00:00,-3.2000
2025-09-29 20:00:00,-3.2020
2025-09-29 21:00:00,-3.2020
2025-09-29 22:00:00,-3.2020
2025-09-29 23:00:00,-3.2020
2025-09-30 00:00:00,-3.2020
2025-09-30 01:00:00,-3.2030
2025-09-30 02:00:00,-3.2040
2025-09-30 03:00:00,-3.2050
2025-09-30 04:00:00,-3.2050
2025-09-30 05:00:00,-3.2060
2025-09-30 06:00:00,-3.2070
2025-09-30 07:00:00,-3.2070
2025-09-30 08:00:00,-3.2070
2025-09-30 09:00:00,-3.2070
2025-09-30 10:00:00,-3.2070
2025-09-30 11:00:00,-3.2070
2025-09-30 12:00:00,-3.2070
2025-09-30 13:00:00,-3.2080
2025-09-30 14:00:00,-3.2080
2025-09-30 15:00:00,-3.2090
2025-09-30 16:00:00,-3.2100
2025-09-30 17:00:00,-3.2100
2025-09-30 18:00:00,-3.2100
2025-09-30 19:00:00,-3.2090
2025-09-30 20:00:00,-3.2080
2025-09-30 21:00:00,-3.2080
2025-09-30 22:00:00,-3.2080
2025-09-30 23:00:00,-3.2070
2025-10-01 00:00:00,-3.2060
2025-10-01 01:00:00,-3.2070
2025-10-01 02:00:00,-3.2070
2025-10-01 03:00:00,-3.2060
2025-10-01 04:00:00,-3.2060
2025-10-01 05:00:00,-3.2040
2025-10-01 06:00:00,-3.2050
2025-10-01 07:00:00,-3.2040
2025-10-01 08:00:00,-3.2030
2025-10-01 09:00:00,-3.2030
2025-10-01 10:00:00,-3.2040
2025-10-01 11:00:00,-3.2040
2025-10-01 12:00:00,-3.2040
2025-10-01 13:00:00,-3.2050
2025-10-01 14:00:00,-3.2060
2025-10-01 15:00:00,-3.2060
2025-10-01 16:00:00,-3.2070
2025-10-01 17:00:00,-3.2090
2025-10-01 18:00:00,-3.2100
2025-10-01 19:00:00,-3.2110
2025-10-01 20:00:00,-3.2090
2025-10-01 21:00:00,-3.2100
2025-10-01 22:00:00,-3.2100
2025-10-01 23:00:00,-3.2110
2025-10-02 00:00:00,-3.2080
2025-10-02 01:00:00,-3.2110
2025-10-02 02:00:00,-3.2110
2025-10-02 03:00:00,-3.2110
2025-10-02 04:00:00,-3.2110
2025-10-02 05:00:00,-3.2120
2025-10-02 06:00:00,-3.2130
2025-10-02 07:00:00,-3.2140
2025-10-02 08:00:00,-3.2150
2025-10-02 09:00:00,-3.2150
2025-10-02 10:00:00,-3.2160
2025-10-02 11:00:00,-3.2170
2025-10-02 12:00:00,-3.2180
2025-10-02 13:00:00,-3.2180
2025-10-02 14:00:00,-3.2180
2025-10-02 15:00:00,-3.2190
2025-10-02 16:00:00,-3.2200
2025-10-02 17:00:00,-3.2200
2025-10-02 18:00:00,-3.2200
2025-10-02 19:00:00,-3.2200
2025-10-02 20:00:00,-3.2200
2025-10-02 21:00:00,-3.2210
2025-10-02 22:00:00,-3.2210
2025-10-02 23:00:00,-3.2210
2025-10-03 00:00:00,-3.2220
2025-10-03 01:00:00,-3.2220
2025-10-03 02:00:00,-3.2230
2025-10-03 03:00:00,-3.2230
2025-10-03 04:00:00,-3.2240
2025-10-03 05:00:00,-3.2240
2025-10-03 06:00:00,-3.2250
2025-10-03 07:00:00,-3.2250
2025-10-03 08:00:00,-3.2250
2025-10-03 09:00:00,-3.2260
2025-10-03 10:00:00,-3.2260
2025-10-03 11:00:00,-3.2260
2025-10-03 12:00:00,-3.2260
2025-10-03 13:00:00,-3.2260
2025-10-03 14:00:00,-3.2260
2025-10-03 15:00:00,-3.2260
2025-10-03 16:00:00,-3.2270
2025-10-03 17:00:00,-3.2270
2025-10-03 18:00:00,-3.2280
2025-10-03 19:00:00,-3.2280
2025-10-03 20:00:00,-3.2290
2025-10-03 21:00:00,-3.2280
2025-10-03 22:00:00,-3.2280
2025-10-03 23:00:00,-3.2280
2025-10-04 00:00:00,-3.2230
2025-10-04 01:00:00,-3.2220
2025-10-04 02:00:00,-3.2210
2025-10-04 03:00:00,-3.2190
2025-10-04 04:00:00,-3.2090
2025-10-04 05:00:00,-3.1840
2025-10-04 06:00:00,-3.1620
2025-10-04 07:00:00,-3.1610
2025-10-04 08:00:00,-3.1390
2025-10-04 09:00:00,-3.1200
2025-10-04 10:00:00,-3.1090
2025-10-04 11:00:00,-3.1030
2025-10-04 12:00:00,-3.1000
2025-10-04 13:00:00,-3.0990
2025-10-04 14:00:00,-3.0980
2025-10-04 15:00:00,-3.0990
2025-10-04 16:00:00,-3.0990
2025-10-04 17:00:00,-3.1000
2025-10-04 18:00:00,-3.1020
2025-10-04 19:00:00,-3.1030
2025-10-04 20:00:00,-3.1040
2025-10-04 21:00:00,-3.1060
2025-10-04 22:00:00,-3.1070
2025-10-04 23:00:00,-3.1080
2025-10-05 00:00:00,-3.1090
2025-10-05 01:00:00,-3.1110
2025-10-05 02:00:00,-3.1120
2025-10-05 03:00:00,-3.1130
2025-10-05 04:00:00,-3.1140
2025-10-05 05:00:00,-3.1140
2025-10-05 06:00:00,-3.1150
2025-10-05 07:00:00,-3.1170
2025-10-05 08:00:00,-3.1170
2025-10-05 09:00:00,-3.1190
2025-10-05 10:00:00,-3.1190
2025-10-05 11:00:00,-3.1120
2025-10-05 12:00:00,-3.1080
2025-10-05 13:00:00,-3.1060
2025-10-05 14:00:00,-3.1050
2025-10-05 15:00:00,-3.1060
2025-10-05 16:00:00,-3.1060
2025-10-05 17:00:00,-3.1070
2025-10-05 18:00:00,-3.1080
2025-10-05 19:00:00,-3.1100
2025-10-05 20:00:00,-3.1110
2025-10-05 21:00:00,-3.1130
2025-10-05 22:00:00,-3.1130
2025-10-05 23:00:00,-3.1150
2025-10-06 00:00:00,-3.1160
2025-10-06 01:00:00,-3.1170
2025-10-06 02:00:00,-3.1180
2025-10-06 03:00:00,-3.1190
2025-10-06 04:00:00,-3.1200
2025-10-06 05:00:00,-3.1210
2025-10-06 06:00:00,-3.1220
2025-10-06 07:00:00,-3.1230
2025-10-06 08:00:00,-3.1240
2025-10-06 09:00:00,-3.1250
2025-10-06 10:00:00,-3.1260
2025-10-06 11:00:00,-3.1270
2025-10-06 12:00:00,-3.1280
2025-10-06 13:00:00,-3.1290
2025-10-06 14:00:00,-3.1300
2025-10-06 15:00:00,-3.1300
2025-10-06 16:00:00,-3.1310
2025-10-06 17:00:00,-3.1320
2025-10-06 18:00:00,-3.1330
2025-10-06 19:00:00,-3.1330
2025-10-06 20:00:00,-3.1340
2025-10-06 21:00:00,-3.1350
2025-10-06 22:00:00,-3.1360
2025-10-06 23:00:00,-3.1360
2025-10-07 00:00:00,-3.1370
2025-10-07 01:00:00,-3.1380
2025-10-07 02:00:00,-3.1390
2025-10-07 03:00:00,-3.1390
2025-10-07 04:00:00,-3.1400
2025-10-07 05:00:00,-3.1410
2025-10-07 06:00:00,-3.1420
2025-10-07 07:00:00,-3.1430
2025-10-07 08:00:00,-3.1430
2025-10-07 09:00:00,-3.1440
2025-10-07 10:00:00,-3.1450
2025-10-07 11:00:00,-3.1460
2025-10-07 12:00:00,-3.1470
2025-10-07 13:00:00,-3.1480
2025-10-07 14:00:00,-3.1490
2025-10-07 15:00:00,-3.1500
2025-10-07 16:00:00,-3.1510
2025-10-07 17:00:00,-3.1520
2025-10-07 18:00:00,-3.1530
2025-10-07 19:00:00,-3.1540
2025-10-07 20:00:00,-3.1550
2025-10-07 21:00:00,-3.1560
2025-10-07 22:00:00,-3.1570
2025-10-07 23:00:00,-3.1580
2025-10-08 00:00:00,-3.1590
2025-10-08 01:00:00,-3.1600
2025-10-08 02:00:00,-3.1610
2025-10-08 03:00:00,-3.1620
2025-10-08 04:00:00,-3.1630
2025-10-08 05:00:00,-3.1640
2025-10-08 06:00:00,-3.1640
2025-10-08 07:00:00,-3.1650
2025-10-08 08:00:00,-3.1660
2025-10-08 09:00:00,-3.1670
2025-10-08 10:00:00,-3.1670
2025-10-08 11:00:00,-3.1680
2025-10-08 12:00:00,-3.1690
2025-10-08 13:00:00,-3.1700
2025-10-08 14:00:00,-3.1710
2025-10-08 15:00:00,-3.1720
2025-10-08 16:00:00,-3.1720
2025-10-08 17:00:00,-3.1730
2025-10-08 18:00:00,-3.1740
2025-10-08 19:00:00,-3.1740
2025-10-08 20:00:00,-3.1750
2025-10-08 21:00:00,-3.1750
2025-10-08 22:00:00,-3.1750
2025-10-08 23:00:00,-3.1750
2025-10-09 00:00:00,-3.1750
2025-10-09 01:00:00,-3.1750
2025-10-09 02:00:00,-3.1760
2025-10-09 03:00:00,-3.1760
2025-10-09 04:00:00,-3.1760
2025-10-09 05:00:00,-3.1760
2025-10-09 06:00:00,-3.1760
2025-10-09 07:00:00,-3.1770
2025-10-09 08:00:00,-3.1770
2025-10-09 09:00:00,-3.1770
2025-10-09 10:00:00,-3.1770
2025-10-09 11:00:00,-3.1780
2025-10-09 12:00:00,-3.1780
2025-10-09 13:00:00,-3.1780
2025-10-09 14:00:00,-3.1790
2025-10-09 15:00:00,-3.1790
2025-10-09 16:00:00,-3.1790
2025-10-09 17:00:00,-3.1800
2025-10-09 18:00:00,-3.1800
2025-10-09 19:00:00,-3.1800
2025-10-09 20:00:00,-3.1810
2025-10-09 21:00:00,-3.1820
2025-10-09 22:00:00,-3.1820
2025-10-09 23:00:00,-3.1820
2025-10-10 00:00:00,-3.1830
2025-10-10 01:00:00,-3.1830
2025-10-10 02:00:00,-3.1830
2025-10-10 03:00:00,-3.1840
2025-10-10 04:00:00,-3.1840
2025-10-10 05:00:00,-3.1840
2025-10-10 06:00:00,-3.1840
2025-10-10 07:00:00,-3.1840
2025-10-10 08:00:00,-3.1840
2025-10-10 09:00:00,-3.1850
2025-10-10 10:00:00,-3.1850
2025-10-10 11:00:00,-3.1860
2025-10-10 12:00:00,-3.1860
2025-10-10 13:00:00,-3.1870
2025-10-10 14:00:00,-3.1870
2025-10-10 15:00:00,-3.1880
2025-10-10 16:00:00,-3.1880
2025-10-10 17:00:00,-3.1890
2025-10-10 18:00:00,-3.1890
2025-10-10 19:00:00,-3.1890
2025-10-10 20:00:00,-3.1890
2025-10-10 21:00:00,-3.1900
2025-10-10 22:00:00,-3.1900
2025-10-10 23:00:00,-3.1900
2025-10-11 00:00:00,-3.1910
2025-10-11 01:00:00,-3.1910
2025-10-11 02:00:00,-3.1910
2025-10-11 03:00:00,-3.1910
2025-10-11 04:00:00,-3.1910
2025-10-11 05:00:00,-3.1910
2025-10-11 06:00:00,-3.1910
2025-10-11 07:00:00,-3.1900
2025-10-11 08:00:00,-3.1900
2025-10-11 09:00:00,-3.1900
2025-10-11 10:00:00,-3.1900
2025-10-11 11:00:00,-3.1890
2025-10-11 12:00:00,-3.1900
2025-10-11 13:00:00,-3.1890
2025-10-11 14:00:00,-3.1890
2025-10-11 15:00:00,-3.1890
2025-10-11 16:00:00,-3.1900
2025-10-11 17:00:00,-3.1910
2025-10-11 18:00:00,-3.1910
2025-10-11 19:00:00,-3.1910
2025-10-11 20:00:00,-3.1920
2025-10-11 21:00:00,-3.1920
2025-10-11 22:00:00,-3.1920
2025-10-11 23:00:00,-3.1920
2025-10-12 00:00:00,-3.1920
2025-10-12 01:00:00,-3.1920
2025-10-12 02:00:00,-3.1930
2025-10-12 03:00:00,-3.1930
2025-10-12 04:00:00,-3.1930
2025-10-12 05:00:00,-3.1930
2025-10-12 06:00:00,-3.1940
2025-10-12 07:00:00,-3.1940
2025-10-12 08:00:00,-3.1940
2025-10-12 09:00:00,-3.1940
2025-10-12 10:00:00,-3.1940
2025-10-12 11:00:00,-3.1940
2025-10-12 12:00:00,-3.1950
2025-10-12 13:00:00,-3.1950
2025-10-12 14:00:00,-3.1950
2025-10-12 15:00:00,-3.1960
2025-10-12 16:00:00,-3.1960
2025-10-12 17:00:00,-3.1960
2025-10-12 18:00:00,-3.1970
2025-10-12 19:00:00,-3.1970
2025-10-12 20:00:00,-3.1990
2025-10-12 21:00:00,-3.1990
2025-10-12 22:00:00,-3.1990
2025-10-12 23:00:00,-3.1990
2025-10-13 00:00:00,-3.1990
2025-10-13 01:00:00,-3.1990
2025-10-13 02:00:00,-3.2000
2025-10-13 03:00:00,-3.2000
2025-10-13 04:00:00,-3.2000
2025-10-13 05:00:00,-3.2000
2025-10-13 06:00:00,-3.2000
2025-10-13 07:00:00,-3.1990
2025-10-13 08:00:00,-3.2000
2025-10-13 09:00:00,-3.2000
2025-10-13 10:00:00,-3.2010
2025-10-13 11:00:00,-3.2000
2025-10-13 12:00:00,-3.2000
2025-10-13 13:00:00,-3.1990
2025-10-13 14:00:00,-3.2000
2025-10-13 15:00:00,-3.2000
2025-10-13 16:00:00,-3.2000
2025-10-13 17:00:00,-3.2000
2025-10-13 18:00:00,-3.2000
2025-10-13 19:00:00,-3.2010
2025-10-13 20:00:00,-3.2020
2025-10-13 21:00:00,-3.2020
2025-10-13 22:00:00,-3.2020
2025-10-13 23:00:00,-3.2030
2025-10-14 00:00:00,-3.2030
2025-10-14 01:00:00,-3.2040
2025-10-14 02:00:00,-3.2040
2025-10-14 03:00:00,-3.2040
2025-10-14 04:00:00,-3.2050
2025-10-14 05:00:00,-3.2040
2025-10-14 06:00:00,-3.2050
2025-10-14 07:00:00,-3.2050
2025-10-14 08:00:00,-3.2050
2025-10-14 09:00:00,-3.2050
2025-10-14 10:00:00,-3.2050
2025-10-14 11:00:00,-3.2050
2025-10-14 12:00:00,-3.2050
2025-10-14 13:00:00,-3.2050
2025-10-14 14:00:00,-3.2040
2025-10-14 15:00:00,-3.2040
2025-10-14 16:00:00,-3.2050
2025-10-14 17:00:00,-3.2040
2025-10-14 18:00:00,-3.2040
2025-10-14 19:00:00,-3.2050
2025-10-14 20:00:00,-3.2040
2025-10-14 21:00:00,-3.2040
2025-10-14 22:00:00,-3.2050
2025-10-14 23:00:00,-3.2040
2025-10-15 00:00:00,-3.2040
2025-10-15 01:00:00,-3.2040
2025-10-15 02:00:00,-3.2030
2025-10-15 03:00:00,-3.2040
2025-10-15 04:00:00,-3.2040
2025-10-15 05:00:00,-3.2030
2025-10-15 06:00:00,-3.2030
2025-10-15 07:00:00,-3.2040
2025-10-15 08:00:00,-3.2040
2025-10-15 09:00:00,-3.2050
2025-10-15 10:00:00,-3.2050
2025-10-15 11:00:00,-3.2050
2025-10-15 12:00:00,-3.2050
2025-10-15 13:00:00,-3.2050
2025-10-15 14:00:00,-3.2050
2025-10-15 15:00:00,-3.2060
2025-10-15 16:00:00,-3.2060
2025-10-15 17:00:00,-3.2060
2025-10-15 18:00:00,-3.2060
2025-10-15 19:00:00,-3.2050
2025-10-15 20:00:00,-3.2060
2025-10-15 21:00:00,-3.2060
2025-10-15 22:00:00,-3.2060
2025-10-15 23:00:00,-3.2050
2025-10-16 00:00:00,-3.2060
2025-10-16 01:00:00,-3.2060
2025-10-16 02:00:00,-3.2060
2025-10-16 03:00:00,-3.2050
2025-10-16 04:00:00,-3.2050
2025-10-16 05:00:00,-3.2050
2025-10-16 06:00:00,-3.2050
2025-10-16 07:00:00,-3.2050
2025-10-16 08:00:00,-3.2060
2025-10-16 09:00:00,-3.2050
2025-10-16 10:00:00,-3.2050
2025-10-16 11:00:00,-3.2040
2025-10-16 12:00:00,-3.2040
2025-10-16 13:00:00,-3.2050
2025-10-16 14:00:00,-3.2050
2025-10-16 15:00:00,-3.2050
2025-10-16 16:00:00,-3.2040
2025-10-16 17:00:00,-3.2040
2025-10-16 18:00:00,-3.2030
2025-10-16 19:00:00,-3.2040
2025-10-16 20:00:00,-3.2030
2025-10-16 21:00:00,-3.2020
2025-10-16 22:00:00,-3.2020
2025-10-16 23:00:00,-3.2020
2025-10-17 00:00:00,-3.2000
2025-10-17 01:00:00,-3.2000
2025-10-17 02:00:00,-3.2000
2025-10-17 03:00:00,-3.2000
2025-10-17 04:00:00,-3.1990
2025-10-17 05:00:00,-3.1990
2025-10-17 06:00:00,-3.1980
2025-10-17 07:00:00,-3.1980
2025-10-17 08:00:00,-3.1980
2025-10-17 09:00:00,-3.1980
2025-10-17 10:00:00,-3.1980
2025-10-17 11:00:00,-3.1970
2025-10-17 12:00:00,-3.1980
2025-10-17 13:00:00,-3.1990
2025-10-17 14:00:00,-3.1990
2025-10-17 15:00:00,-3.2000
2025-10-17 16:00:00,-3.2010
2025-10-17 17:00:00,-3.2020
2025-10-17 18:00:00,-3.2020
2025-10-17 19:00:00,-3.2020
2025-10-17 20:00:00,-3.2030
2025-10-17 21:00:00,-3.2030
2025-10-17 22:00:00,-3.2040
2025-10-17 23:00:00,-3.2050
2025-10-18 00:00:00,-3.2070
2025-10-18 01:00:00,-3.2070
2025-10-18 02:00:00,-3.2080
2025-10-18 03:00:00,-3.2090
2025-10-18 04:00:00,-3.2090
2025-10-18 05:00:00,-3.2100
2025-10-18 06:00:00,-3.2110
2025-10-18 07:00:00,-3.2110
2025-10-18 08:00:00,-3.2120
2025-10-18 09:00:00,-3.2130
2025-10-18 10:00:00,-3.2130
2025-10-18 11:00:00,-3.2130
2025-10-18 12:00:00,-3.2120
2025-10-18 13:00:00,-3.2130
2025-10-18 14:00:00,-3.2120
2025-10-18 15:00:00,-3.2130
2025-10-18 16:00:00,-3.2130
2025-10-18 17:00:00,-3.2130
2025-10-18 18:00:00,-3.2130
2025-10-18 19:00:00,-3.2130
2025-10-18 20:00:00,-3.2120
2025-10-18 21:00:00,-3.2120
2025-10-18 22:00:00,-3.2120
2025-10-18 23:00:00,-3.2120
2025-10-19 00:00:00,-3.2120
2025-10-19 01:00:00,-3.2130
2025-10-19 02:00:00,-3.2130
2025-10-19 03:00:00,-3.2140
2025-10-19 04:00:00,-3.2140
2025-10-19 05:00:00,-3.2150
2025-10-19 06:00:00,-3.2150
2025-10-19 07:00:00,-3.2140
2025-10-19 08:00:00,-3.2150
2025-10-19 09:00:00,-3.2150
2025-10-19 10:00:00,-3.2160
2025-10-19 11:00:00,-3.2170
2025-10-19 12:00:00,-3.2180
2025-10-19 13:00:00,-3.2180
2025-10-19 14:00:00,-3.2180
2025-10-19 15:00:00,-3.2190
2025-10-19 16:00:00,-3.2190
2025-10-19 17:00:00,-3.2180
2025-10-19 18:00:00,-3.2190
2025-10-19 19:00:00,-3.2190
2025-10-19 20:00:00,-3.2180
2025-10-19 21:00:00,-3.2180
2025-10-19 22:00:00,-3.2180
2025-10-19 23:00:00,-3.2190
2025-10-20 00:00:00,-3.2210
2025-10-20 01:00:00,-3.2210
2025-10-20 02:00:00,-3.2210
2025-10-20 03:00:00,-3.2200
2025-10-20 04:00:00,-3.2210
2025-10-20 05:00:00,-3.2210
2025-10-20 06:00:00,-3.2220
2025-10-20 07:00:00,-3.2230
2025-10-20 08:00:00,-3.2230
2025-10-20 09:00:00,-3.2230
2025-10-20 10:00:00,-3.2230
2025-10-20 11:00:00,-3.2230
2025-10-20 12:00:00,-3.2230
2025-10-20 13:00:00,-3.2240
2025-10-20 14:00:00,-3.2250
2025-10-20 15:00:00,-3.2250
2025-10-20 16:00:00,-3.2260
2025-10-20 17:00:00,-3.2260
2025-10-20 18:00:00,-3.2270
2025-10-20 19:00:00,-3.2260
2025-10-20 20:00:00,-3.2250
2025-10-20 21:00:00,-3.2250
2025-10-20 22:00:00,-3.2260
2025-10-20 23:00:00,-3.2260
2025-10-21 00:00:00,-3.2250
2025-10-21 01:00:00,-3.2250
2025-10-21 02:00:00,-3.2250
2025-10-21 03:00:00,-3.2240
2025-10-21 04:00:00,-3.2230
2025-10-21 05:00:00,-3.2230
2025-10-21 06:00:00,-3.2230
2025-10-21 07:00:00,-3.2240
2025-10-21 08:00:00,-3.2250
2025-10-21 09:00:00,-3.2140
2025-10-21 10:00:00,-3.2240
2025-10-21 11:00:00,-3.2270
2025-10-21 12:00:00,-3.2280
2025-10-21 13:00:00,-3.2290
2025-10-21 14:00:00,-3.2290
2025-10-21 15:00:00,-3.2280
2025-10-21 16:00:00,-3.2280
2025-10-21 17:00:00,-3.2190
2025-10-21 18:00:00,-3.2230
2025-10-21 19:00:00,-3.2240
2025-10-21 20:00:00,-3.2230
2025-10-21 21:00:00,-3.2230
2025-10-21 22:00:00,-3.2220
2025-10-21 23:00:00,-3.2230
2025-10-22 00:00:00,-3.2220
2025-10-22 01:00:00,-3.2220
2025-10-22 02:00:00,-3.2200
2025-10-22 03:00:00,-3.2210
2025-10-22 04:00:00,-3.2160
2025-10-22 05:00:00,-3.1940
2025-10-22 06:00:00,-3.2090
2025-10-22 07:00:00,-3.2100
2025-10-22 08:00:00,-3.2090
2025-10-22 09:00:00,-3.2060
2025-10-22 10:00:00,-3.2040
2025-10-22 11:00:00,-3.2020
2025-10-22 12:00:00,-3.2010
2025-10-22 13:00:00,-3.2000
2025-10-22 14:00:00,-3.1990
2025-10-22 15:00:00,-3.1980
2025-10-22 16:00:00,-3.1970
2025-10-22 17:00:00,-3.1970
2025-10-22 18:00:00,-3.1960
2025-10-22 19:00:00,-3.1960
2025-10-22 20:00:00,-3.1960
2025-10-22 21:00:00,-3.1960
2025-10-22 22:00:00,-3.1960
2025-10-22 23:00:00,-3.1950
2025-10-23 00:00:00,-3.1940
2025-10-23 01:00:00,-3.1930
2025-10-23 02:00:00,-3.1930
2025-10-23 03:00:00,-3.1930
2025-10-23 04:00:00,-3.1920
2025-10-23 05:00:00,-3.1680
2025-10-23 06:00:00,-3.1440
2025-10-23 07:00:00,-3.1110
2025-10-23 08:00:00,-3.0750
2025-10-23 09:00:00,-3.0550
2025-10-23 10:00:00,-3.0440
2025-10-23 11:00:00,-3.0380
2025-10-23 12:00:00,-3.0330
2025-10-23 13:00:00,-3.0300
2025-10-23 14:00:00,-3.0280
2025-10-23 15:00:00,-3.0280
2025-10-23 16:00:00,-3.0280
2025-10-23 17:00:00,-3.0280
2025-10-23 18:00:00,-3.0260
2025-10-23 19:00:00,-3.0220
2025-10-23 20:00:00,-3.0100
2025-10-23 21:00:00,-2.9940
2025-10-23 22:00:00,-2.9710
2025-10-23 23:00:00,-2.9580
2025-10-24 00:00:00,-2.9500
2025-10-24 01:00:00,-2.9440
2025-10-24 02:00:00,-2.9400
2025-10-24 03:00:00,-2.9360
2025-10-24 04:00:00,-2.9350
2025-10-24 05:00:00,-2.9340
2025-10-24 06:00:00,-2.9350
2025-10-24 07:00:00,-2.9370
2025-10-24 08:00:00,-2.9390
2025-10-24 09:00:00,-2.9420
2025-10-24 10:00:00,-2.9450
2025-10-24 11:00:00,-2.9480
2025-10-24 12:00:00,-2.9510
2025-10-24 13:00:00,-2.9540
2025-10-24 14:00:00,-2.9570
2025-10-24 15:00:00,-2.9600
2025-10-24 16:00:00,-2.9630
2025-10-24 17:00:00,-2.9660
2025-10-24 18:00:00,-2.9680
2025-10-24 19:00:00,-2.9710
2025-10-24 20:00:00,-2.9730
2025-10-24 21:00:00,-2.9760
2025-10-24 22:00:00,-2.9780
2025-10-24 23:00:00,-2.9800
2025-10-25 00:00:00,-2.9820
2025-10-25 01:00:00,-2.9840
2025-10-25 02:00:00,-2.9850
2025-10-25 03:00:00,-2.9860
2025-10-25 04:00:00,-2.9860
2025-10-25 05:00:00,-2.9870
2025-10-25 06:00:00,-2.9880
2025-10-25 07:00:00,-2.9890
2025-10-25 08:00:00,-2.9900
2025-10-25 09:00:00,-2.9910
2025-10-25 10:00:00,-2.9920
2025-10-25 11:00:00,-2.9670
2025-10-25 12:00:00,-2.9250
2025-10-25 13:00:00,-2.9090
2025-10-25 14:00:00,-2.9020
2025-10-25 15:00:00,-2.9000
2025-10-25 16:00:00,-2.8990
2025-10-25 17:00:00,-2.8990
2025-10-25 18:00:00,-2.9010
2025-10-25 19:00:00,-2.9030
2025-10-25 20:00:00,-2.9060
2025-10-25 21:00:00,-2.9070
2025-10-25 22:00:00,-2.9090
2025-10-25 23:00:00,-2.9120
2025-10-26 00:00:00,-2.9140
2025-10-26 01:00:00,-2.9170
2025-10-26 02:00:00,-2.9190
2025-10-26 03:00:00,-2.9250
2025-10-26 04:00:00,-2.9270
2025-10-26 05:00:00,-2.9280
2025-10-26 06:00:00,-2.9180
2025-10-26 07:00:00,-2.9090
2025-10-26 08:00:00,-2.9060
2025-10-26 09:00:00,-2.9050
2025-10-26 10:00:00,-2.9060
2025-10-26 11:00:00,-2.9080
2025-10-26 12:00:00,-2.9100
2025-10-26 13:00:00,-2.9130
2025-10-26 14:00:00,-2.9130
2025-10-26 15:00:00,-2.9140
2025-10-26 16:00:00,-2.9150
2025-10-26 17:00:00,-2.9170
2025-10-26 18:00:00,-2.9180
2025-10-26 19:00:00,-2.9200
2025-10-26 20:00:00,-2.9220
2025-10-26 21:00:00,-2.9220
2025-10-26 22:00:00,-2.9210
2025-10-26 23:00:00,-2.9180
2025-10-27 00:00:00,-2.9110
2025-10-27 01:00:00,-2.9030
2025-10-27 02:00:00,-2.8950
2025-10-27 03:00:00,-2.8880
2025-10-27 04:00:00,-2.8840
2025-10-27 05:00:00,-2.8810
2025-10-27 06:00:00,-2.8800
2025-10-27 07:00:00,-2.8800
2025-10-27 08:00:00,-2.8810
2025-10-27 09:00:00,-2.8820
2025-10-27 10:00:00,-2.8820
2025-10-27 11:00:00,-2.8840
2025-10-27 12:00:00,-2.8850
2025-10-27 13:00:00,-2.8870
2025-10-27 14:00:00,-2.8910
2025-10-27 15:00:00,-2.8930
2025-10-27 16:00:00,-2.8980
2025-10-27 17:00:00,-2.9020
2025-10-27 18:00:00,-2.9050
2025-10-27 19:00:00,-2.9060
2025-10-27 20:00:00,-2.9090
2025-10-27 21:00:00,-2.9110
2025-10-27 22:00:00,-2.9130
2025-10-27 23:00:00,-2.9150
2025-10-28 00:00:00,-2.9160
2025-10-28 01:00:00,-2.9180
2025-10-28 02:00:00,-2.9200
2025-10-28 03:00:00,-2.9210
2025-10-28 04:00:00,-2.9230
2025-10-28 05:00:00,-2.9240
2025-10-28 06:00:00,-2.9230
2025-10-28 07:00:00,-2.9140
2025-10-28 08:00:00,-2.8990
2025-10-28 09:00:00,-2.8850
2025-10-28 10:00:00,-2.8760
2025-10-28 11:00:00,-2.8700
2025-10-28 12:00:00,-2.8680
2025-10-28 13:00:00,-2.8670
2025-10-28 14:00:00,-2.8690
2025-10-28 15:00:00,-2.8720
2025-10-28 16:00:00,-2.8760
2025-10-28 17:00:00,-2.8800
2025-10-28 18:00:00,-2.8850
2025-10-28 19:00:00,-2.8890
2025-10-28 20:00:00,-2.8930
2025-10-28 21:00:00,-2.8980
2025-10-28 22:00:00,-2.9020
2025-10-28 23:00:00,-2.9060
2025-10-29 00:00:00,-2.9090
2025-10-29 01:00:00,-2.9130
2025-10-29 02:00:00,-2.9170
2025-10-29 03:00:00,-2.9200
2025-10-29 04:00:00,-2.9240
2025-10-29 05:00:00,-2.9270
2025-10-29 06:00:00,-2.9300
2025-10-29 07:00:00,-2.9330
2025-10-29 08:00:00,-2.9360
2025-10-29 09:00:00,-2.9390
2025-10-29 10:00:00,-2.9420
2025-10-29 11:00:00,-2.9450
2025-10-29 12:00:00,-2.9470
2025-10-29 13:00:00,-2.9500
2025-10-29 14:00:00,-2.9530
2025-10-29 15:00:00,-2.9550
2025-10-29 16:00:00,-2.9580
2025-10-29 17:00:00,-2.9610
2025-10-29 18:00:00,-2.9630
2025-10-29 19:00:00,-2.9660
2025-10-29 20:00:00,-2.9680
2025-10-29 21:00:00,-2.9710
2025-10-29 22:00:00,-2.9720
2025-10-29 23:00:00,-2.9720
2025-10-30 00:00:00,-2.9670
2025-10-30 01:00:00,-2.9620
2025-10-30 02:00:00,-2.9600
2025-10-30 03:00:00,-2.9570
2025-10-30 04:00:00,-2.9560
2025-10-30 05:00:00,-2.9560
2025-10-30 06:00:00,-2.9570
2025-10-30 07:00:00,-2.9570
2025-10-30 08:00:00,-2.9590
2025-10-30 09:00:00,-2.9600
2025-10-30 10:00:00,-2.9610
2025-10-30 11:00:00,-2.9630
2025-10-30 12:00:00,-2.9640
2025-10-30 13:00:00,-2.9660
2025-10-30 14:00:00,-2.9670
2025-10-30 15:00:00,-2.9690
2025-10-30 16:00:00,-2.9710
2025-10-30 17:00:00,-2.9720
2025-10-30 18:00:00,-2.9730
2025-10-30 19:00:00,-2.9750
2025-10-30 20:00:00,-2.9760
2025-10-30 21:00:00,-2.9780
2025-10-30 22:00:00,-2.9790
2025-10-30 23:00:00,-2.9800
2025-10-31 00:00:00,-2.9820
2025-10-31 01:00:00,-2.9830
2025-10-31 02:00:00,-2.9840
2025-10-31 03:00:00,-2.9860
2025-10-31 04:00:00,-2.9870
2025-10-31 05:00:00,-2.9890
2025-10-31 06:00:00,-2.9900
2025-10-31 07:00:00,-2.9920
2025-10-31 08:00:00,-2.9930
2025-10-31 09:00:00,-2.9960
2025-10-31 10:00:00,-2.9970
2025-10-31 11:00:00,-2.9990
2025-10-31 12:00:00,-3.0010
2025-10-31 13:00:00,-3.0030
2025-10-31 14:00:00,-3.0050
2025-10-31 15:00:00,-3.0070
2025-10-31 16:00:00,-3.0090
2025-10-31 17:00:00,-3.0110
2025-10-31 18:00:00,-3.0130
2025-10-31 19:00:00,-3.0150
2025-10-31 20:00:00,-3.0180
2025-10-31 21:00:00,-3.0190
2025-10-31 22:00:00,-3.0210
2025-10-31 23:00:00,-3.0230
2025-11-01 00:00:00,-3.0250
2025-11-01 01:00:00,-3.0270
2025-11-01 02:00:00,-3.0290
2025-11-01 03:00:00,-3.0310
2025-11-01 04:00:00,-3.0320
2025-11-01 05:00:00,-3.0340
2025-11-01 06:00:00,-3.0350
2025-11-01 07:00:00,-3.0370
2025-11-01 08:00:00,-3.0380
2025-11-01 09:00:00,-3.0400
2025-11-01 10:00:00,-3.0400
2025-11-01 11:00:00,-3.0370
2025-11-01 12:00:00,-3.0350
2025-11-01 13:00:00,-3.0340
2025-11-01 14:00:00,-3.0330
2025-11-01 15:00:00,-3.0320
2025-11-01 16:00:00,-3.0320
2025-11-01 17:00:00,-3.0330
2025-11-01 18:00:00,-3.0340
2025-11-01 19:00:00,-3.0350
2025-11-01 20:00:00,-3.0350
2025-11-01 21:00:00,-3.0360
2025-11-01 22:00:00,-3.0370
2025-11-01 23:00:00,-3.0370
2025-11-02 00:00:00,-3.0380
2025-11-02 01:00:00,-3.0380
2025-11-02 02:00:00,-3.0390
2025-11-02 03:00:00,-3.0400
2025-11-02 04:00:00,-3.0400
2025-11-02 05:00:00,-3.0410
2025-11-02 06:00:00,-3.0420
2025-11-02 07:00:00,-3.0420
2025-11-02 08:00:00,-3.0430
2025-11-02 09:00:00,-3.0430
2025-11-02 10:00:00,-3.0440
2025-11-02 11:00:00,-3.0450
2025-11-02 12:00:00,-3.0450
2025-11-02 13:00:00,-3.0450
2025-11-02 14:00:00,-3.0460
2025-11-02 15:00:00,-3.0470
2025-11-02 16:00:00,-3.0480
2025-11-02 17:00:00,-3.0480
2025-11-02 18:00:00,-3.0430
2025-11-02 19:00:00,-3.0390
2025-11-02 20:00:00,-3.0360
2025-11-02 21:00:00,-3.0340
2025-11-02 22:00:00,-3.0330
2025-11-02 23:00:00,-3.0320
2025-11-03 00:00:00,-3.0310
2025-11-03 01:00:00,-3.0300
2025-11-03 02:00:00,-3.0300
2025-11-03 03:00:00,-3.0290
2025-11-03 04:00:00,-3.0280
2025-11-03 05:00:00,-3.0270
2025-11-03 06:00:00,-3.0270
2025-11-03 07:00:00,-3.0260
2025-11-03 08:00:00,-3.0260
2025-11-03 09:00:00,-3.0260
2025-11-03 10:00:00,-3.0260
2025-11-03 11:00:00,-3.0260
2025-11-03 12:00:00,-3.0260
2025-11-03 13:00:00,-3.0270
2025-11-03 14:00:00,-3.0280
2025-11-03 15:00:00,-3.0290
2025-11-03 16:00:00,-3.0300
2025-11-03 17:00:00,-3.0310
2025-11-03 18:00:00,-3.0320
2025-11-03 19:00:00,-3.0330
2025-11-03 20:00:00,-3.0350
2025-11-03 21:00:00,-3.0360
2025-11-03 22:00:00,-3.0370
2025-11-03 23:00:00,-3.0380
2025-11-04 00:00:00,-3.0390
2025-11-04 01:00:00,-3.0400
2025-11-04 02:00:00,-3.0420
2025-11-04 03:00:00,-3.0430
2025-11-04 04:00:00,-3.0440
2025-11-04 05:00:00,-3.0450
2025-11-04 06:00:00,-3.0460
2025-11-04 07:00:00,-3.0470
2025-11-04 08:00:00,-3.0490
2025-11-04 09:00:00,
2025-11-04 10:00:00,
2025-11-04 11:00:00,
2025-11-04 12:00:00,
2025-11-04 13:00:00,
2025-11-04 14:00:00,
2025-11-04 15:00:00,
2025-11-04 16:00:00,
2025-11-04 17:00:00,
2025-11-04 18:00:00,
2025-11-04 19:00:00,-3.0600
2025-11-04 20:00:00,-3.0610
2025-11-04 21:00:00,-3.0620
2025-11-04 22:00:00,-3.0640
2025-11-04 23:00:00,-3.0650
2025-11-05 00:00:00,-3.0660
2025-11-05 01:00:00,-3.0680
2025-11-05 02:00:00,-3.0690
2025-11-05 03:00:00,-3.0700
2025-11-05 04:00:00,-3.0710
2025-11-05 05:00:00,-3.0720
2025-11-05 06:00:00,-3.0730
2025-11-05 07:00:00,-3.0750
2025-11-05 08:00:00,-3.0760
2025-11-05 09:00:00,-3.0770
2025-11-05 10:00:00,-3.0780
2025-11-05 11:00:00,-3.0790
2025-11-05 12:00:00,-3.0810
2025-11-05 13:00:00,-3.0820
2025-11-05 14:00:00,-3.0830
2025-11-05 15:00:00,-3.0840
2025-11-05 16:00:00,-3.0850
2025-11-05 17:00:00,-3.0870
2025-11-05 18:00:00,-3.0880
2025-11-05 19:00:00,-3.0890
2025-11-05 20:00:00,-3.0900
2025-11-05 21:00:00,-3.0910
2025-11-05 22:00:00,-3.0930
2025-11-05 23:00:00,-3.0940
2025-11-06 00:00:00,-3.0940
2025-11-06 01:00:00,-3.0950
2025-11-06 02:00:00,-3.0960
2025-11-06 03:00:00,-3.0970
2025-11-06 04:00:00,-3.0980
2025-11-06 05:00:00,-3.0990
2025-11-06 06:00:00,-3.0990
2025-11-06 07:00:00,-3.1000
2025-11-06 08:00:00,-3.1010
2025-11-06 09:00:00,-3.1020
2025-11-06 10:00:00,-3.1030
2025-11-06 11:00:00,-3.1040
2025-11-06 12:00:00,-3.1040
2025-11-06 13:00:00,-3.1050
2025-11-06 14:00:00,-3.1060
2025-11-06 15:00:00,-3.1070
2025-11-06 16:00:00,-3.1080
2025-11-06 17:00:00,-3.1090
2025-11-06 18:00:00,-3.1100
2025-11-06 19:00:00,-3.1110
2025-11-06 20:00:00,-3.1110
2025-11-06 21:00:00,-3.1120
2025-11-06 22:00:00,-3.1130
2025-11-06 23:00:00,-3.1140
2025-11-07 00:00:00,-3.1150
2025-11-07 01:00:00,-3.1150
2025-11-07 02:00:00,-3.1160
2025-11-07 03:00:00,-3.1170
2025-11-07 04:00:00,-3.1170
2025-11-07 05:00:00,-3.1180
2025-11-07 06:00:00,-3.1190
2025-11-07 07:00:00,-3.1200
2025-11-07 08:00:00,-3.1200
2025-11-07 09:00:00,-3.1210
2025-11-07 10:00:00,-3.1220
2025-11-07 11:00:00,-3.1230
2025-11-07 12:00:00,-3.1240
2025-11-07 13:00:00,-3.1250
2025-11-07 14:00:00,-3.1250
2025-11-07 15:00:00,-3.1260
2025-11-07 16:00:00,-3.1270
2025-11-07 17:00:00,-3.1280
2025-11-07 18:00:00,-3.1290
2025-11-07 19:00:00,-3.1300
2025-11-07 20:00:00,-3.1310
2025-11-07 21:00:00,-3.1320
2025-11-07 22:00:00,-3.1330
2025-11-07 23:00:00,-3.1340
2025-11-08 00:00:00,-3.1350
2025-11-08 01:00:00,-3.1350
2025-11-08 02:00:00,-3.1360
2025-11-08 03:00:00,-3.1370
2025-11-08 04:00:00,-3.1370
2025-11-08 05:00:00,-3.1380
2025-11-08 06:00:00,-3.1390
2025-11-08 07:00:00,-3.1400
2025-11-08 08:00:00,-3.1400
2025-11-08 09:00:00,-3.1410
2025-11-08 10:00:00,-3.1420
2025-11-08 11:00:00,-3.1430
2025-11-08 12:00:00,-3.1430
2025-11-08 13:00:00,-3.1440
2025-11-08 14:00:00,-3.1450
2025-11-08 15:00:00,-3.1460
2025-11-08 16:00:00,-3.1460
2025-11-08 17:00:00,-3.1470
2025-11-08 18:00:00,-3.1480
2025-11-08 19:00:00,-3.1490
2025-11-08 20:00:00,-3.1500
2025-11-08 21:00:00,-3.1500
2025-11-08 22:00:00,-3.1510
2025-11-08 23:00:00,-3.1520
2025-11-09 00:00:00,-3.1530
2025-11-09 01:00:00,-3.1530
2025-11-09 02:00:00,-3.1540
2025-11-09 03:00:00,-3.1550
2025-11-09 04:00:00,-3.1560
2025-11-09 05:00:00,-3.1570
2025-11-09 06:00:00,-3.1580
2025-11-09 07:00:00,-3.1590
2025-11-09 08:00:00,-3.1590
2025-11-09 09:00:00,-3.1600
2025-11-09 10:00:00,-3.1610
2025-11-09 11:00:00,-3.1620
2025-11-09 12:00:00,-3.1630
2025-11-09 13:00:00,-3.1640
2025-11-09 14:00:00,-3.1650
2025-11-09 15:00:00,-3.1660
2025-11-09 16:00:00,-3.1660
2025-11-09 17:00:00,-3.1670
2025-11-09 18:00:00,-3.1680
2025-11-09 19:00:00,-3.1690
2025-11-09 20:00:00,-3.1700
2025-11-09 21:00:00,-3.1710
2025-11-09 22:00:00,-3.1710
2025-11-09 23:00:00,-3.1720
2025-11-10 00:00:00,-3.1730
2025-11-10 01:00:00,-3.1740
2025-11-10 02:00:00,-3.1740
2025-11-10 03:00:00,-3.1750
2025-11-10 04:00:00,-3.1760
2025-11-10 05:00:00,-3.1760
2025-11-10 06:00:00,-3.1770
2025-11-10 07:00:00,-3.1780
2025-11-10 08:00:00,-3.1780
2025-11-10 09:00:00,-3.1790
2025-11-10 10:00:00,-3.1790
2025-11-10 11:00:00,-3.1800
2025-11-10 12:00:00,-3.1800
2025-11-10 13:00:00,-3.1810
2025-11-10 14:00:00,-3.1810
2025-11-10 15:00:00,-3.1810
2025-11-10 16:00:00,-3.1820
2025-11-10 17:00:00,-3.1830
2025-11-10 18:00:00,-3.1830
2025-11-10 19:00:00,-3.1830
2025-11-10 20:00:00,-3.1840
2025-11-10 21:00:00,-3.1840
2025-11-10 22:00:00,-3.1840
2025-11-10 23:00:00,-3.1840
2025-11-11 00:00:00,-3.1840
2025-11-11 01:00:00,-3.1850
2025-11-11 02:00:00,-3.1850
2025-11-11 03:00:00,-3.1850
2025-11-11 04:00:00,-3.1860
2025-11-11 05:00:00,-3.1860
2025-11-11 06:00:00,-3.1860
2025-11-11 07:00:00,-3.1870
2025-11-11 08:00:00,-3.1870
2025-11-11 09:00:00,-3.1870
2025-11-11 10:00:00,-3.1880
2025-11-11 11:00:00,-3.1880
2025-11-11 12:00:00,-3.1880
2025-11-11 13:00:00,-3.1880
2025-11-11 14:00:00,-3.1880
2025-11-11 15:00:00,-3.1880
2025-11-11 16:00:00,-3.1890
2025-11-11 17:00:00,-3.1890
2025-11-11 18:00:00,-3.1880
2025-11-11 19:00:00,-3.1890
2025-11-11 20:00:00,-3.1890
2025-11-11 21:00:00,-3.1890
2025-11-11 22:00:00,-3.1890
2025-11-11 23:00:00,-3.1890
2025-11-12 00:00:00,-3.1890
2025-11-12 01:00:00,-3.1880
2025-11-12 02:00:00,-3.1880
2025-11-12 03:00:00,-3.1870
2025-11-12 04:00:00,-3.1870
2025-11-12 05:00:00,-3.1870
2025-11-12 06:00:00,-3.1870
2025-11-12 07:00:00,-3.1870
2025-11-12 08:00:00,-3.1870
2025-11-12 09:00:00,-3.1870
2025-11-12 10:00:00,-3.1870
2025-11-12 11:00:00,-3.1870
2025-11-12 12:00:00,-3.1880
2025-11-12 13:00:00,-3.1880
2025-11-12 14:00:00,-3.1890
2025-11-12 15:00:00,-3.1890
2025-11-12 16:00:00,-3.1900
2025-11-12 17:00:00,-3.1900
2025-11-12 18:00:00,-3.1910
2025-11-12 19:00:00,-3.1910
2025-11-12 20:00:00,-3.1920
2025-11-12 21:00:00,-3.1930
2025-11-12 22:00:00,-3.1940
2025-11-12 23:00:00,-3.1940
2025-11-13 00:00:00,-3.1940
2025-11-13 01:00:00,-3.1940
2025-11-13 02:00:00,-3.1950
2025-11-13 03:00:00,-3.1950
2025-11-13 04:00:00,-3.1940
2025-11-13 05:00:00,-3.1940
2025-11-13 06:00:00,-3.1940
2025-11-13 07:00:00,-3.1950
2025-11-13 08:00:00,-3.1950
2025-11-13 09:00:00,-3.1950
2025-11-13 10:00:00,-3.1950
2025-11-13 11:00:00,-3.1960
2025-11-13 12:00:00,-3.1960
2025-11-13 13:00:00,-3.1970
2025-11-13 14:00:00,-3.1970
2025-11-13 15:00:00,-3.1970
2025-11-13 16:00:00,-3.1980
2025-11-13 17:00:00,-3.1980
2025-11-13 18:00:00,-3.1990
2025-11-13 19:00:00,-3.2000
2025-11-13 20:00:00,-3.2000
2025-11-13 21:00:00,-3.2010
2025-11-13 22:00:00,-3.2010
2025-11-13 23:00:00,-3.2010
2025-11-14 00:00:00,-3.2000
2025-11-14 01:00:00,-3.1960
2025-11-14 02:00:00,-3.1870
2025-11-14 03:00:00,-3.1750
2025-11-14 04:00:00,-3.1600
2025-11-14 05:00:00,-3.1500
2025-11-14 06:00:00,-3.1420
2025-11-14 07:00:00,-3.1370
2025-11-14 08:00:00,-3.1320
2025-11-14 09:00:00,-3.1280
2025-11-14 10:00:00,-3.1240
2025-11-14 11:00:00,-3.1200
2025-11-14 12:00:00,-3.1160
2025-11-14 13:00:00,-3.1100
2025-11-14 14:00:00,-3.1040
2025-11-14 15:00:00,-3.0970
2025-11-14 16:00:00,-3.0880
2025-11-14 17:00:00,-3.0770
2025-11-14 18:00:00,-3.0630
2025-11-14 19:00:00,-3.0470
2025-11-14 20:00:00,-3.0310
2025-11-14 21:00:00,-3.0200
2025-11-14 22:00:00,-3.0100
2025-11-14 23:00:00,-3.0020
2025-11-15 00:00:00,-2.9960
2025-11-15 01:00:00,-2.9910
2025-11-15 02:00:00,-2.9870
2025-11-15 03:00:00,-2.9840
2025-11-15 04:00:00,-2.9810
2025-11-15 05:00:00,-2.9790
2025-11-15 06:00:00,-2.9770
2025-11-15 07:00:00,-2.9760
2025-11-15 08:00:00,-2.9750
2025-11-16 09:00:00,-2.9890
2025-11-16 10:00:00,-2.9920
2025-11-16 11:00:00,-2.9930
2025-11-16 12:00:00,-2.9950
2025-11-16 13:00:00,-2.9970
2025-11-16 14:00:00,-2.9980
2025-11-16 15:00:00,-3.0000
2025-11-16 16:00:00,-3.0030
2025-11-16 17:00:00,-3.0050
2025-11-16 18:00:00,-3.0070
2025-11-16 19:00:00,-3.0090
2025-11-16 20:00:00,-3.0100
2025-11-16 21:00:00,-3.0120
2025-11-16 22:00:00,-3.0130
2025-11-16 23:00:00,-3.0150
2025-11-17 00:00:00,-3.0160
2025-11-17 01:00:00,-3.0170
2025-11-17 02:00:00,-3.0190
2025-11-17 03:00:00,-3.0200
2025-11-17 04:00:00,-3.0210
2025-11-17 05:00:00,-3.0220
2025-11-17 06:00:00,-3.0230
2025-11-17 07:00:00,-3.0220
2025-11-17 08:00:00,-3.0240
2025-11-17 09:00:00,-3.0260
2025-11-17 10:00:00,-3.0270
2025-11-17 11:00:00,-3.0290
2025-11-17 12:00:00,-3.0290
2025-11-17 13:00:00,-3.0330
2025-11-17 14:00:00,-3.0340
2025-11-17 15:00:00,-3.0360
2025-11-17 16:00:00,-3.0380
2025-11-17 17:00:00,-3.0380
2025-11-17 18:00:00,-3.0400
2025-11-17 19:00:00,-3.0420
2025-11-17 20:00:00,-3.0430
2025-11-17 21:00:00,-3.0450
2025-11-17 22:00:00,-3.0460
2025-11-17 23:00:00,-3.0470
2025-11-18 00:00:00,-3.0480
2025-11-18 01:00:00,-3.0490
2025-11-18 02:00:00,-3.0500
2025-11-18 03:00:00,-3.0510
2025-11-18 04:00:00,-3.0510
2025-11-18 05:00:00,-3.0520
2025-11-18 06:00:00,-3.0530
2025-11-18 07:00:00,-3.0530
2025-11-18 08:00:00,-3.0540
2025-11-18 09:00:00,-3.0550
2025-11-18 10:00:00,-3.0550
2025-11-18 11:00:00,-3.0560
2025-11-18 12:00:00,-3.0570
2025-11-18 13:00:00,-3.0570
2025-11-18 14:00:00,-3.0570
2025-11-18 15:00:00,-3.0580
2025-11-18 16:00:00,-3.0590
2025-11-18 17:00:00,-3.0590
2025-11-18 18:00:00,-3.0600
2025-11-18 19:00:00,-3.0610
2025-11-18 20:00:00,-3.0610
2025-11-18 21:00:00,-3.0620
2025-11-18 22:00:00,-3.0620
2025-11-18 23:00:00,-3.0630
2025-11-19 00:00:00,-3.0610
2025-11-19 01:00:00,-3.0590
2025-11-19 02:00:00,-3.0570
2025-11-19 03:00:00,-3.0560
2025-11-19 04:00:00,-3.0530
2025-11-19 05:00:00,-3.0460
2025-11-19 06:00:00,-3.0240
2025-11-19 07:00:00,-2.9790
2025-11-19 08:00:00,-2.9420
2025-11-19 09:00:00,-2.9150
2025-11-19 10:00:00,-2.8920
2025-11-19 11:00:00,-2.8730
2025-11-19 12:00:00,-2.8610
2025-11-19 13:00:00,-2.8530
2025-11-19 14:00:00,-2.8470
2025-11-19 15:00:00,-2.8410
2025-11-19 16:00:00,-2.8370
2025-11-19 17:00:00,-2.8330
2025-11-19 18:00:00,-2.8290
2025-11-19 19:00:00,-2.8280
2025-11-19 20:00:00,-2.8280
2025-11-19 21:00:00,-2.8270
2025-11-19 22:00:00,-2.8280
2025-11-19 23:00:00,-2.8280
2025-11-20 00:00:00,-2.8290
2025-11-20 01:00:00,-2.8300
2025-11-20 02:00:00,-2.8310
2025-11-20 03:00:00,-2.8320
2025-11-20 04:00:00,-2.8340
2025-11-20 05:00:00,-2.8360
2025-11-20 06:00:00,-2.8390
2025-11-20 07:00:00,-2.8430
2025-11-20 08:00:00,-2.8470
2025-11-20 09:00:00,
2025-11-20 10:00:00,
2025-11-20 11:00:00,
2025-11-20 12:00:00,
2025-11-20 13:00:00,
2025-11-20 14:00:00,
2025-11-20 15:00:00,
2025-11-20 16:00:00,
2025-11-20 17:00:00,
2025-11-20 18:00:00,
2025-11-20 19:00:00,
2025-11-20 20:00:00,
2025-11-20 21:00:00,
2025-11-20 22:00:00,
2025-11-20 23:00:00,
2025-11-21 00:00:00,
2025-11-21 01:00:00,
2025-11-21 02:00:00,
2025-11-21 03:00:00,
2025-11-21 04:00:00,
2025-11-21 05:00:00,
2025-11-21 06:00:00,
2025-11-21 07:00:00,
2025-11-21 08:00:00,
2025-11-21 09:00:00,-2.9020
2025-11-21 10:00:00,-2.9040
2025-11-21 11:00:00,-2.9060
2025-11-21 12:00:00,-2.9070
2025-11-21 13:00:00,-2.9090
2025-11-21 14:00:00,-2.9110
2025-11-21 15:00:00,-2.9120
2025-11-21 16:00:00,-2.9140
2025-11-21 17:00:00,-2.9160
2025-11-21 18:00:00,-2.9180
2025-11-21 19:00:00,-2.9200
2025-11-21 20:00:00,-2.9210
2025-11-21 21:00:00,-2.9230
2025-11-21 22:00:00,-2.9250
2025-11-21 23:00:00,-2.9270
2025-11-22 00:00:00,-2.9280
2025-11-22 01:00:00,-2.9300
2025-11-22 02:00:00,-2.9310
2025-11-22 03:00:00,-2.9330
2025-11-22 04:00:00,-2.9340
2025-11-22 05:00:00,-2.9360
2025-11-22 06:00:00,-2.9370
2025-11-22 07:00:00,-2.9390
2025-11-22 08:00:00,-2.9400
2025-11-22 09:00:00,-2.9420
2025-11-22 10:00:00,-2.9430
2025-11-22 11:00:00,-2.9450
2025-11-22 12:00:00,-2.9460
2025-11-22 13:00:00,-2.9480
2025-11-22 14:00:00,-2.9500
2025-11-22 15:00:00,-2.9510
2025-11-22 16:00:00,-2.9530
2025-11-22 17:00:00,-2.9540
2025-11-22 18:00:00,-2.9560
2025-11-22 19:00:00,-2.9570
2025-11-22 20:00:00,-2.9590
2025-11-22 21:00:00,-2.9600
2025-11-22 22:00:00,-2.9620
2025-11-22 23:00:00,-2.9640
2025-11-23 00:00:00,-2.9650
2025-11-23 01:00:00,-2.9670
2025-11-23 02:00:00,-2.9680
2025-11-23 03:00:00,-2.9700
2025-11-23 04:00:00,-2.9710
2025-11-23 05:00:00,-2.9720
2025-11-23 06:00:00,-2.9730
2025-11-23 07:00:00,-2.9740
2025-11-23 08:00:00,-2.9750
2025-11-23 09:00:00,-2.9760
2025-11-23 10:00:00,-2.9760
2025-11-23 11:00:00,-2.9760
2025-11-23 12:00:00,-2.9760
2025-11-23 13:00:00,-2.9770
2025-11-23 14:00:00,-2.9770
2025-11-23 15:00:00,-2.9770
2025-11-23 16:00:00,-2.9770
2025-11-23 17:00:00,-2.9760
2025-11-23 18:00:00,-2.9760
2025-11-23 19:00:00,-2.9770
2025-11-23 20:00:00,-2.9750
2025-11-23 21:00:00,-2.9720
2025-11-23 22:00:00,-2.9690
2025-11-23 23:00:00,-2.9670
2025-11-24 00:00:00,-2.9650
2025-11-24 01:00:00,-2.9630
2025-11-24 02:00:00,-2.9620
2025-11-24 03:00:00,-2.9600
2025-11-24 04:00:00,-2.9590
2025-11-24 05:00:00,-2.9580
2025-11-24 06:00:00,-2.9570
2025-11-24 07:00:00,-2.9570
2025-11-24 08:00:00,-2.9570
2025-11-24 09:00:00,-2.9560
2025-11-24 10:00:00,-2.9560
2025-11-24 11:00:00,-2.9560
2025-11-24 12:00:00,-2.9550
2025-11-24 13:00:00,-2.9560
2025-11-24 14:00:00,-2.9560
2025-11-24 15:00:00,-2.9570
2025-11-24 16:00:00,-2.9580
2025-11-24 17:00:00,-2.9580
2025-11-24 18:00:00,-2.9590
2025-11-24 19:00:00,-2.9600
2025-11-24 20:00:00,-2.9610
2025-11-24 21:00:00,-2.9620
2025-11-24 22:00:00,-2.9630
2025-11-24 23:00:00,-2.9640
2025-11-25 00:00:00,-2.9650
2025-11-25 01:00:00,-2.9660
2025-11-25 02:00:00,-2.9670
2025-11-25 03:00:00,-2.9680
2025-11-25 04:00:00,-2.9700
2025-11-25 05:00:00,-2.9710
2025-11-25 06:00:00,-2.9730
2025-11-25 07:00:00,-2.9740
2025-11-25 08:00:00,-2.9750
2025-11-25 09:00:00,-2.9760
2025-11-25 10:00:00,-2.9770
2025-11-25 11:00:00,-2.9780
2025-11-25 12:00:00,-2.9780
2025-11-25 13:00:00,-2.9790
2025-11-25 14:00:00,-2.9800
2025-11-25 15:00:00,-2.9810
2025-11-25 16:00:00,-2.9820
2025-11-25 17:00:00,-2.9830
2025-11-25 18:00:00,-2.9840
2025-11-25 19:00:00,-2.9850
2025-11-25 20:00:00,-2.9860
2025-11-25 21:00:00,-2.9860
2025-11-25 22:00:00,-2.9870
2025-11-25 23:00:00,-2.9880
2025-11-26 00:00:00,-2.9890
2025-11-26 01:00:00,-2.9900
2025-11-26 02:00:00,-2.9910
2025-11-26 03:00:00,-2.9920
2025-11-26 04:00:00,-2.9930
2025-11-26 05:00:00,-2.9940
2025-11-26 06:00:00,-2.9940
2025-11-26 07:00:00,-2.9960
2025-11-26 08:00:00,-2.9960
2025-11-26 09:00:00,-2.9970
2025-11-26 10:00:00,-2.9980
2025-11-26 11:00:00,-2.9990
2025-11-26 12:00:00,-3.0000
2025-11-26 13:00:00,-3.0010
2025-11-26 14:00:00,-3.0010
2025-11-26 15:00:00,-3.0020
2025-11-26 16:00:00,-3.0030
2025-11-26 17:00:00,-3.0030
2025-11-26 18:00:00,-3.0040
2025-11-26 19:00:00,-3.0050
2025-11-26 20:00:00,-3.0050
2025-11-26 21:00:00,-3.0060
2025-11-26 22:00:00,-3.0070
2025-11-26 23:00:00,-3.0070
2025-11-27 00:00:00,-3.0080
2025-11-27 01:00:00,-3.0080
2025-11-27 02:00:00,-3.0080
2025-11-27 03:00:00,-3.0090
2025-11-27 04:00:00,-3.0090
2025-11-27 05:00:00,-3.0100
2025-11-27 06:00:00,-3.0100
2025-11-27 07:00:00,-3.0100
2025-11-27 08:00:00,-3.0110
2025-11-27 09:00:00,-3.0110
2025-11-27 10:00:00,-3.0120
2025-11-27 11:00:00,-3.0130
2025-11-27 12:00:00,-3.0130
2025-11-27 13:00:00,-3.0130
2025-11-27 14:00:00,-3.0130
2025-11-27 15:00:00,-3.0140
2025-11-27 16:00:00,-3.0150
2025-11-27 17:00:00,-3.0160
2025-11-27 18:00:00,-3.0170
2025-11-27 19:00:00,-3.0180
2025-11-27 20:00:00,-3.0190
2025-11-27 21:00:00,-3.0200
2025-11-27 22:00:00,-3.0200
2025-11-27 23:00:00,-3.0210
2025-11-28 00:00:00,-3.0210
2025-11-28 01:00:00,-3.0220
2025-11-28 02:00:00,-3.0220
2025-11-28 03:00:00,-3.0230
2025-11-28 04:00:00,-3.0220
2025-11-28 05:00:00,-3.0200
2025-11-28 06:00:00,-3.0180
2025-11-28 07:00:00,-3.0150
2025-11-28 08:00:00,-3.0090
2025-11-28 09:00:00,-3.0030
2025-11-28 10:00:00,-2.9980
2025-11-28 11:00:00,-2.9960
2025-11-28 12:00:00,-2.9930
2025-11-28 13:00:00,-2.9920
2025-11-28 14:00:00,-2.9910
2025-11-28 15:00:00,-2.9900
2025-11-28 16:00:00,-2.9900
2025-11-28 17:00:00,-2.9910
2025-11-28 18:00:00,-2.9910
2025-11-28 19:00:00,-2.9920
2025-11-28 20:00:00,-2.9920
2025-11-28 21:00:00,-2.9930
2025-11-28 22:00:00,-2.9940
2025-11-28 23:00:00,-2.9960
2025-11-29 00:00:00,-2.9970
2025-11-29 01:00:00,-2.9980
2025-11-29 02:00:00,-2.9990
2025-11-29 03:00:00,-3.0000
2025-11-29 04:00:00,-3.0010
2025-11-29 05:00:00,-3.0020
2025-11-29 06:00:00,-3.0030
2025-11-29 07:00:00,-3.0040
2025-11-29 08:00:00,-3.0050
2025-11-29 09:00:00,-3.0060
2025-11-29 10:00:00,-3.0070
2025-11-29 11:00:00,-3.0080
2025-11-29 12:00:00,-3.0080
2025-11-29 13:00:00,-3.0090
2025-11-29 14:00:00,-3.0100
2025-11-29 15:00:00,-3.0110
2025-11-29 16:00:00,-3.0120
2025-11-29 17:00:00,-3.0130
2025-11-29 18:00:00,-3.0140
2025-11-29 19:00:00,-3.0150
2025-11-29 20:00:00,-3.0170
2025-11-29 21:00:00,-3.0170
2025-11-29 22:00:00,-3.0170
2025-11-29 23:00:00,-3.0180
2025-11-30 00:00:00,-3.0190
2025-11-30 01:00:00,-3.0200
2025-11-30 02:00:00,-3.0200
2025-11-30 03:00:00,-3.0210
2025-11-30 04:00:00,-3.0220
2025-11-30 05:00:00,-3.0240
2025-11-30 06:00:00,-3.0250
2025-11-30 07:00:00,-3.0260
2025-11-30 08:00:00,-3.0270
2025-11-30 09:00:00,-3.0290
2025-11-30 10:00:00,-3.0300
2025-11-30 11:00:00,-3.0320
2025-11-30 12:00:00,-3.0320
2025-11-30 13:00:00,-3.0340
2025-11-30 14:00:00,-3.0350
2025-11-30 15:00:00,-3.0360
2025-11-30 16:00:00,-3.0370
2025-11-30 17:00:00,-3.0390
2025-11-30 18:00:00,-3.0390
2025-11-30 19:00:00,-3.0400
2025-11-30 20:00:00,-3.0400
2025-11-30 21:00:00,-3.0340
2025-11-30 22:00:00,-3.0300
2025-11-30 23:00:00,-3.0280
2025-12-01 00:00:00,-3.0260
2025-12-01 01:00:00,-3.0260
2025-12-01 02:00:00,-3.0250
2025-12-01 03:00:00,-3.0250
2025-12-01 04:00:00,-3.0250
2025-12-01 05:00:00,-3.0250
2025-12-01 06:00:00,-3.0250
2025-12-01 07:00:00,-3.0250
2025-12-01 08:00:00,-3.0260
2025-12-01 09:00:00,-3.0260
2025-12-01 10:00:00,-3.0260
2025-12-01 11:00:00,-3.0260
2025-12-01 12:00:00,-3.0260
2025-12-01 13:00:00,-3.0270
2025-12-01 14:00:00,-3.0270
2025-12-01 15:00:00,-3.0270
2025-12-01 16:00:00,-3.0250
2025-12-01 17:00:00,-3.0230
2025-12-01 18:00:00,-3.0200
2025-12-01 19:00:00,-3.0190
2025-12-01 20:00:00,-3.0180
2025-12-01 21:00:00,-3.0180
2025-12-01 22:00:00,-3.0180
2025-12-01 23:00:00,-3.0170
2025-12-02 00:00:00,-3.0170
2025-12-02 01:00:00,-3.0170
2025-12-02 02:00:00,-3.0170
2025-12-02 03:00:00,-3.0180
2025-12-02 04:00:00,-3.0180
2025-12-02 05:00:00,-3.0190
2025-12-02 06:00:00,-3.0190
2025-12-02 07:00:00,-3.0200
2025-12-02 08:00:00,-3.0200
2025-12-02 09:00:00,-3.0210
2025-12-02 10:00:00,-3.0220
2025-12-02 11:00:00,-3.0230
2025-12-02 12:00:00,-3.0240
2025-12-02 13:00:00,-3.0240
2025-12-02 14:00:00,-3.0250
2025-12-02 15:00:00,-3.0250
2025-12-02 16:00:00,-3.0260
2025-12-02 17:00:00,-3.0260
2025-12-02 18:00:00,-3.0270
2025-12-02 19:00:00,-3.0280
2025-12-02 20:00:00,-3.0280
2025-12-02 21:00:00,-3.0290
2025-12-02 22:00:00,-3.0290
2025-12-02 23:00:00,-3.0290
2025-12-03 00:00:00,-3.0300
2025-12-03 01:00:00,-3.0300
2025-12-03 02:00:00,-3.0300
2025-12-03 03:00:00,-3.0300
2025-12-03 04:00:00,-3.0310
2025-12-03 05:00:00,-3.0310
2025-12-03 06:00:00,-3.0310
2025-12-03 07:00:00,-3.0320
2025-12-03 08:00:00,-3.0320
2025-12-03 09:00:00,-3.0320
2025-12-03 10:00:00,-3.0330
2025-12-03 11:00:00,-3.0330
2025-12-03 12:00:00,-3.0330
2025-12-03 13:00:00,-3.0330
2025-12-03 14:00:00,-3.0340
2025-12-03 15:00:00,-3.0340
2025-12-03 16:00:00,-3.0340
2025-12-03 17:00:00,-3.0340
2025-12-03 18:00:00,-3.0350
2025-12-03 19:00:00,-3.0350
2025-12-03 20:00:00,-3.0350
2025-12-03 21:00:00,-3.0360
2025-12-03 22:00:00,-3.0360
2025-12-03 23:00:00,-3.0360
2025-12-04 00:00:00,-3.0360
2025-12-04 01:00:00,-3.0360
2025-12-04 02:00:00,-3.0360
2025-12-04 03:00:00,-3.0360
2025-12-04 04:00:00,-3.0370
2025-12-04 05:00:00,-3.0370
2025-12-04 06:00:00,-3.0370
2025-12-04 07:00:00,-3.0370
2025-12-04 08:00:00,-3.0370
2025-12-04 09:00:00,-3.0380
2025-12-04 10:00:00,-3.0380
2025-12-04 11:00:00,-3.0380
2025-12-04 12:00:00,-3.0390
2025-12-04 13:00:00,-3.0390
2025-12-04 14:00:00,-3.0390
2025-12-04 15:00:00,-3.0390
2025-12-04 16:00:00,-3.0390
2025-12-04 17:00:00,-3.0400
2025-12-04 18:00:00,-3.0400
2025-12-04 19:00:00,-3.0410
2025-12-04 20:00:00,-3.0410
2025-12-04 21:00:00,-3.0420
2025-12-04 22:00:00,-3.0430
2025-12-04 23:00:00,-3.0430
2025-12-05 00:00:00,-3.0440