Timestamp,Grondwaterstand (m NAP)
2023-02-01 10:00:00,-1.4260
2023-02-01 11:00:00,-1.4294
2023-02-01 12:00:00,-1.4319
2023-02-01 13:00:00,-1.4333
2023-02-01 14:00:00,-1.4334
2023-02-01 15:00:00,-1.4328
2023-02-01 16:00:00,-1.4316
2023-02-01 17:00:00,-1.4302
2023-02-01 18:00:00,-1.4259
2023-02-01 19:00:00,-1.4209
2023-02-01 20:00:00,-1.4181
2023-02-01 21:00:00,-1.4178
2023-02-01 22:00:00,-1.4146
2023-02-01 23:00:00,-1.4119
2023-02-02 00:00:00,-1.4145
2023-02-02 01:00:00,-1.4136
2023-02-02 02:00:00,-1.4152
2023-02-02 03:00:00,-1.4201
2023-02-02 04:00:00,-1.4213
2023-02-02 05:00:00,-1.4205
2023-02-02 06:00:00,-1.4235
2023-02-02 07:00:00,-1.4288
2023-02-02 08:00:00,-1.4282
2023-02-02 09:00:00,-1.4272
2023-02-02 10:00:00,-1.4275
2023-02-02 11:00:00,-1.4282
2023-02-02 12:00:00,-1.4281
2023-02-02 13:00:00,-1.4282
2023-02-02 14:00:00,-1.4264
2023-02-02 15:00:00,-1.4269
2023-02-02 16:00:00,-1.4263
2023-02-02 17:00:00,-1.4291
2023-02-02 18:00:00,-1.4336
2023-02-02 19:00:00,-1.4376
2023-02-02 20:00:00,-1.4443
2023-02-02 21:00:00,-1.4530
2023-02-02 22:00:00,-1.4593
2023-02-02 23:00:00,-1.4630
2023-02-03 00:00:00,-1.4663
2023-02-03 01:00:00,-1.4665
2023-02-03 02:00:00,-1.4676
2023-02-03 03:00:00,-1.4693
2023-02-03 04:00:00,-1.4643
2023-02-03 05:00:00,-1.4591
2023-02-03 06:00:00,-1.4568
2023-02-03 07:00:00,-1.4553
2023-02-03 08:00:00,-1.4567
2023-02-03 09:00:00,-1.4584
2023-02-03 10:00:00,-1.4580
2023-02-03 11:00:00,-1.4562
2023-02-03 12:00:00,-1.4515
2023-02-03 13:00:00,-1.4496
2023-02-03 14:00:00,-1.4488
2023-02-03 15:00:00,-1.4466
2023-02-03 16:00:00,-1.4475
2023-02-03 17:00:00,-1.4479
2023-02-03 18:00:00,-1.4446
2023-02-03 19:00:00,-1.4440
2023-02-03 20:00:00,-1.4445
2023-02-03 21:00:00,-1.4505
2023-02-03 22:00:00,-1.4547
2023-02-03 23:00:00,-1.4585
2023-02-04 00:00:00,-1.4646
2023-02-04 01:00:00,-1.4732
2023-02-04 02:00:00,-1.4789
2023-02-04 03:00:00,-1.4831
2023-02-04 04:00:00,-1.4879
2023-02-04 05:00:00,-1.4895
2023-02-04 06:00:00,-1.4888
2023-02-04 07:00:00,-1.4886
2023-02-04 08:00:00,-1.4882
2023-02-04 09:00:00,-1.4892
2023-02-04 10:00:00,-1.4898
2023-02-04 11:00:00,-1.4914
2023-02-04 12:00:00,-1.4933
2023-02-04 13:00:00,-1.4942
2023-02-04 14:00:00,-1.4913
2023-02-04 15:00:00,-1.4869
2023-02-04 16:00:00,-1.4850
2023-02-04 17:00:00,-1.4828
2023-02-04 18:00:00,-1.4817
2023-02-04 19:00:00,-1.4807
2023-02-04 20:00:00,-1.4823
2023-02-04 21:00:00,-1.4832
2023-02-04 22:00:00,-1.4836
2023-02-04 23:00:00,-1.4854
2023-02-05 00:00:00,-1.4800
2023-02-05 01:00:00,-1.4757
2023-02-05 02:00:00,-1.4740
2023-02-05 03:00:00,-1.4684
2023-02-05 04:00:00,-1.4666
2023-02-05 05:00:00,-1.4596
2023-02-05 06:00:00,-1.4584
2023-02-05 07:00:00,-1.4588
2023-02-05 08:00:00,-1.4605
2023-02-05 09:00:00,-1.4638
2023-02-05 10:00:00,-1.4706
2023-02-05 11:00:00,-1.4695
2023-02-05 12:00:00,-1.4671
2023-02-05 13:00:00,-1.4605
2023-02-05 14:00:00,-1.4578
2023-02-05 15:00:00,-1.4551
2023-02-05 16:00:00,-1.4500
2023-02-05 17:00:00,-1.4515
2023-02-05 18:00:00,-1.4477
2023-02-05 19:00:00,-1.4452
2023-02-05 20:00:00,-1.4458
2023-02-05 21:00:00,-1.4441
2023-02-05 22:00:00,-1.4453
2023-02-05 23:00:00,-1.4462
2023-02-06 00:00:00,-1.4447
2023-02-06 01:00:00,-1.4411
2023-02-06 02:00:00,-1.4413
2023-02-06 03:00:00,-1.4420
2023-02-06 04:00:00,-1.4448
2023-02-06 05:00:00,-1.4427
2023-02-06 06:00:00,-1.4396
2023-02-06 07:00:00,-1.4427
2023-02-06 08:00:00,-1.4481
2023-02-06 09:00:00,-1.4536
2023-02-06 10:00:00,-1.4603
2023-02-06 11:00:00,-1.4716
2023-02-06 12:00:00,-1.4777
2023-02-06 13:00:00,-1.4855
2023-02-06 14:00:00,-1.4935
2023-02-06 15:00:00,-1.4975
2023-02-06 16:00:00,-1.4985
2023-02-06 17:00:00,-1.5008
2023-02-06 18:00:00,-1.5047
2023-02-06 19:00:00,-1.5063
2023-02-06 20:00:00,-1.5080
2023-02-06 21:00:00,-1.5092
2023-02-06 22:00:00,-1.5102
2023-02-06 23:00:00,-1.5080
2023-02-07 00:00:00,-1.5096
2023-02-07 01:00:00,-1.5075
2023-02-07 02:00:00,-1.5061
2023-02-07 03:00:00,-1.5036
2023-02-07 04:00:00,-1.5015
2023-02-07 05:00:00,-1.5007
2023-02-07 06:00:00,-1.4996
2023-02-07 07:00:00,-1.4987
2023-02-07 08:00:00,-1.4974
2023-02-07 09:00:00,-1.4926
2023-02-07 10:00:00,-1.4904
2023-02-07 11:00:00,-1.4904
2023-02-07 12:00:00,-1.4875
2023-02-07 13:00:00,-1.4826
2023-02-07 14:00:00,-1.4795
2023-02-07 15:00:00,-1.4786
2023-02-07 16:00:00,-1.4771
2023-02-07 17:00:00,-1.4735
2023-02-07 18:00:00,-1.4703
2023-02-07 19:00:00,-1.4696
2023-02-07 20:00:00,-1.4669
2023-02-07 21:00:00,-1.4640
2023-02-07 22:00:00,-1.4632
2023-02-07 23:00:00,-1.4605
2023-02-08 00:00:00,-1.4533
2023-02-08 01:00:00,-1.4503
2023-02-08 02:00:00,-1.4477
2023-02-08 03:00:00,-1.4426
2023-02-08 04:00:00,-1.4401
2023-02-08 05:00:00,-1.4346
2023-02-08 06:00:00,-1.4303
2023-02-08 07:00:00,-1.4262
2023-02-08 08:00:00,-1.4222
2023-02-08 09:00:00,-1.4165
2023-02-08 10:00:00,-1.4115
2023-02-08 11:00:00,-1.4079
2023-02-08 12:00:00,-1.4045
2023-02-08 13:00:00,-1.4027
2023-02-08 14:00:00,-1.3953
2023-02-08 15:00:00,-1.3878
2023-02-08 16:00:00,-1.3851
2023-02-08 17:00:00,-1.3846
2023-02-08 18:00:00,-1.3823
2023-02-08 19:00:00,-1.3798
2023-02-08 20:00:00,-1.3767
2023-02-08 21:00:00,-1.3776
2023-02-08 22:00:00,-1.3770
2023-02-08 23:00:00,-1.3777
2023-02-09 00:00:00,-1.3761
2023-02-09 01:00:00,-1.3813
2023-02-09 02:00:00,-1.3873
2023-02-09 03:00:00,-1.3921
2023-02-09 04:00:00,-1.3958
2023-02-09 05:00:00,-1.4027
2023-02-09 06:00:00,-1.4081
2023-02-09 07:00:00,-1.4155
2023-02-09 08:00:00,-1.4246
2023-02-09 09:00:00,-1.4348
2023-02-09 10:00:00,-1.4445
2023-02-09 11:00:00,-1.4539
2023-02-09 12:00:00,-1.4637
2023-02-09 13:00:00,-1.4752
2023-02-09 14:00:00,-1.4840
2023-02-09 15:00:00,-1.4894
2023-02-09 16:00:00,-1.4950
2023-02-09 17:00:00,-1.5010
2023-02-09 18:00:00,-1.5052
2023-02-09 19:00:00,-1.5081
2023-02-09 20:00:00,-1.5110
2023-02-09 21:00:00,-1.5148
2023-02-09 22:00:00,-1.5142
2023-02-09 23:00:00,-1.5146
2023-02-10 00:00:00,-1.5157
2023-02-10 01:00:00,-1.5150
2023-02-10 02:00:00,-1.5168
2023-02-10 03:00:00,-1.5154
2023-02-10 04:00:00,-1.5164
2023-02-10 05:00:00,-1.5168
2023-02-10 06:00:00,-1.5169
2023-02-10 07:00:00,-1.5178
2023-02-10 08:00:00,-1.5169
2023-02-10 09:00:00,-1.5159
2023-02-10 10:00:00,-1.5167
2023-02-10 11:00:00,-1.5177
2023-02-10 12:00:00,-1.5180
2023-02-10 13:00:00,-1.5184
2023-02-10 14:00:00,-1.5157
2023-02-10 15:00:00,-1.5193
2023-02-10 16:00:00,-1.5176
2023-02-10 17:00:00,-1.5164
2023-02-10 18:00:00,-1.5138
2023-02-10 19:00:00,-1.5147
2023-02-10 20:00:00,-1.5143
2023-02-10 21:00:00,-1.5149
2023-02-10 22:00:00,-1.5128
2023-02-10 23:00:00,-1.5151
2023-02-11 00:00:00,-1.5156
2023-02-11 01:00:00,-1.5177
2023-02-11 02:00:00,-1.5138
2023-02-11 03:00:00,-1.5134
2023-02-11 04:00:00,-1.5142
2023-02-11 05:00:00,-1.5134
2023-02-11 06:00:00,-1.5115
2023-02-11 07:00:00,-1.5089
2023-02-11 08:00:00,-1.5129
2023-02-11 09:00:00,-1.5124
2023-02-11 10:00:00,-1.5114
2023-02-11 11:00:00,-1.5106
2023-02-11 12:00:00,-1.5093
2023-02-11 13:00:00,-1.5070
2023-02-11 14:00:00,-1.5046
2023-02-11 15:00:00,-1.5028
2023-02-11 16:00:00,-1.4988
2023-02-11 17:00:00,-1.4967
2023-02-11 18:00:00,-1.4959
2023-02-11 19:00:00,-1.4914
2023-02-11 20:00:00,-1.4853
2023-02-11 21:00:00,-1.4811
2023-02-11 22:00:00,-1.4790
2023-02-11 23:00:00,-1.4783
2023-02-12 00:00:00,-1.4773
2023-02-12 01:00:00,-1.4752
2023-02-12 02:00:00,-1.4706
2023-02-12 03:00:00,-1.4690
2023-02-12 04:00:00,-1.4688
2023-02-12 05:00:00,-1.4739
2023-02-12 06:00:00,-1.4800
2023-02-12 07:00:00,-1.4794
2023-02-12 08:00:00,-1.4763
2023-02-12 09:00:00,-1.4756
2023-02-12 10:00:00,-1.4771
2023-02-12 11:00:00,-1.4737
2023-02-12 12:00:00,-1.4686
2023-02-12 13:00:00,-1.4649
2023-02-12 14:00:00,-1.4616
2023-02-12 15:00:00,-1.4636
2023-02-12 16:00:00,-1.4613
2023-02-12 17:00:00,-1.4570
2023-02-12 18:00:00,-1.4545
2023-02-12 19:00:00,-1.4580
2023-02-12 20:00:00,-1.4601
2023-02-12 21:00:00,-1.4616
2023-02-12 22:00:00,-1.4630
2023-02-12 23:00:00,-1.4657
2023-02-13 00:00:00,-1.4650
2023-02-13 01:00:00,-1.4664
2023-02-13 02:00:00,-1.4668
2023-02-13 03:00:00,-1.4665
2023-02-13 04:00:00,-1.4654
2023-02-13 05:00:00,-1.4677
2023-02-13 06:00:00,-1.4674
2023-02-13 07:00:00,-1.4658
2023-02-13 08:00:00,-1.4652
2023-02-13 09:00:00,-1.4647
2023-02-13 10:00:00,-1.4618
2023-02-13 11:00:00,-1.4640
2023-02-13 12:00:00,-1.4663
2023-02-13 13:00:00,-1.4658
2023-02-13 14:00:00,-1.4628
2023-02-13 15:00:00,-1.4657
2023-02-13 16:00:00,-1.4693
2023-02-13 17:00:00,-1.4769
2023-02-13 18:00:00,-1.4825
2023-02-13 19:00:00,-1.4856
2023-02-13 20:00:00,-1.4889
2023-02-13 21:00:00,-1.4907
2023-02-13 22:00:00,-1.4878
2023-02-13 23:00:00,-1.4905
2023-02-14 00:00:00,-1.4941
2023-02-14 01:00:00,-1.4981
2023-02-14 02:00:00,-1.4983
2023-02-14 03:00:00,-1.5009
2023-02-14 04:00:00,-1.5023
2023-02-14 05:00:00,-1.5024
2023-02-14 06:00:00,-1.5029
2023-02-14 07:00:00,-1.5025
2023-02-14 08:00:00,-1.5001
2023-02-14 09:00:00,-1.4954
2023-02-14 10:00:00,-1.4944
2023-02-14 11:00:00,-1.4913
2023-02-14 12:00:00,-1.4894
2023-02-14 13:00:00,-1.4880
2023-02-14 14:00:00,-1.4925
2023-02-14 15:00:00,-1.4987
2023-02-14 16:00:00,-1.5019
2023-02-14 17:00:00,-1.5042
2023-02-14 18:00:00,-1.5067
2023-02-14 19:00:00,-1.5075
2023-02-14 20:00:00,-1.5065
2023-02-14 21:00:00,-1.5050
2023-02-14 22:00:00,-1.5022
2023-02-14 23:00:00,-1.5010
2023-02-15 00:00:00,-1.5018
2023-02-15 01:00:00,-1.5020
2023-02-15 02:00:00,-1.5033
2023-02-15 03:00:00,-1.5011
2023-02-15 04:00:00,-1.4984
2023-02-15 05:00:00,-1.4976
2023-02-15 06:00:00,-1.4981
2023-02-15 07:00:00,-1.4971
2023-02-15 08:00:00,-1.4951
2023-02-15 09:00:00,-1.4906
2023-02-15 10:00:00,-1.4901
2023-02-15 11:00:00,-1.4879
2023-02-15 12:00:00,-1.4847
2023-02-15 13:00:00,-1.4870
2023-02-15 14:00:00,-1.4881
2023-02-15 15:00:00,-1.4839
2023-02-15 16:00:00,-1.4816
2023-02-15 17:00:00,-1.4809
2023-02-15 18:00:00,-1.4807
2023-02-15 19:00:00,-1.4826
2023-02-15 20:00:00,-1.4819
2023-02-15 21:00:00,-1.4834
2023-02-15 22:00:00,-1.4834
2023-02-15 23:00:00,-1.4843
2023-02-16 00:00:00,-1.4819
2023-02-16 01:00:00,-1.4812
2023-02-16 02:00:00,-1.4793
2023-02-16 03:00:00,-1.4745
2023-02-16 04:00:00,-1.4745
2023-02-16 05:00:00,-1.4739
2023-02-16 06:00:00,-1.4762
2023-02-16 07:00:00,-1.4822
2023-02-16 08:00:00,-1.4855
2023-02-16 09:00:00,-1.4885
2023-02-16 10:00:00,-1.4928
2023-02-16 11:00:00,-1.4963
2023-02-16 12:00:00,-1.4975
2023-02-16 13:00:00,-1.5026
2023-02-16 14:00:00,-1.5068
2023-02-16 15:00:00,-1.5070
2023-02-16 16:00:00,-1.5048
2023-02-16 17:00:00,-1.5051
2023-02-16 18:00:00,-1.5053
2023-02-16 19:00:00,-1.5041
2023-02-16 20:00:00,-1.5020
2023-02-16 21:00:00,-1.5003
2023-02-16 22:00:00,-1.4982
2023-02-16 23:00:00,-1.4969
2023-02-17 00:00:00,-1.4931
2023-02-17 01:00:00,-1.4894
2023-02-17 02:00:00,-1.4831
2023-02-17 03:00:00,-1.4775
2023-02-17 04:00:00,-1.4715
2023-02-17 05:00:00,-1.4713
2023-02-17 06:00:00,-1.4690
2023-02-17 07:00:00,-1.4637
2023-02-17 08:00:00,-1.4579
2023-02-17 09:00:00,-1.4524
2023-02-17 10:00:00,-1.4501
2023-02-17 11:00:00,-1.4546
2023-02-17 12:00:00,-1.4521
2023-02-17 13:00:00,-1.4524
2023-02-17 14:00:00,-1.4548
2023-02-17 15:00:00,-1.4471
2023-02-17 16:00:00,-1.4470
2023-02-17 17:00:00,-1.4503
2023-02-17 18:00:00,-1.4524
2023-02-17 19:00:00,-1.4513
2023-02-17 20:00:00,-1.4506
2023-02-17 21:00:00,-1.4529
2023-02-17 22:00:00,-1.4531
2023-02-17 23:00:00,-1.4533
2023-02-18 00:00:00,-1.4522
2023-02-18 01:00:00,-1.4535
2023-02-18 02:00:00,-1.4546
2023-02-18 03:00:00,-1.4569
2023-02-18 04:00:00,-1.4556
2023-02-18 05:00:00,-1.4524
2023-02-18 06:00:00,-1.4544
2023-02-18 07:00:00,-1.4542
2023-02-18 08:00:00,-1.4504
2023-02-18 09:00:00,-1.4517
2023-02-18 10:00:00,-1.4538
2023-02-18 11:00:00,-1.4553
2023-02-18 12:00:00,-1.4559
2023-02-18 13:00:00,-1.4564
2023-02-18 14:00:00,-1.4559
2023-02-18 15:00:00,-1.4559
2023-02-18 16:00:00,-1.4544
2023-02-18 17:00:00,-1.4518
2023-02-18 18:00:00,-1.4520
2023-02-18 19:00:00,-1.4509
2023-02-18 20:00:00,-1.4503
2023-02-18 21:00:00,-1.4493
2023-02-18 22:00:00,-1.4485
2023-02-18 23:00:00,-1.4523
2023-02-19 00:00:00,-1.4489
2023-02-19 01:00:00,-1.4496
2023-02-19 02:00:00,-1.4480
2023-02-19 03:00:00,-1.4463
2023-02-19 04:00:00,-1.4473
2023-02-19 05:00:00,-1.4497
2023-02-19 06:00:00,-1.4527
2023-02-19 07:00:00,-1.4488
2023-02-19 08:00:00,-1.4405
2023-02-19 09:00:00,-1.4357
2023-02-19 10:00:00,-1.4300
2023-02-19 11:00:00,-1.4314
2023-02-19 12:00:00,-1.4312
2023-02-19 13:00:00,-1.4342
2023-02-19 14:00:00,-1.4395
2023-02-19 15:00:00,-1.4439
2023-02-19 16:00:00,-1.4410
2023-02-19 17:00:00,-1.4344
2023-02-19 18:00:00,-1.4378
2023-02-19 19:00:00,-1.4388
2023-02-19 20:00:00,-1.4422
2023-02-19 21:00:00,-1.4380
2023-02-19 22:00:00,-1.4362
2023-02-19 23:00:00,-1.4305
2023-02-20 00:00:00,-1.4305
2023-02-20 01:00:00,-1.4294
2023-02-20 02:00:00,-1.4344
2023-02-20 03:00:00,-1.4319
2023-02-20 04:00:00,-1.4281
2023-02-20 05:00:00,-1.4258
2023-02-20 06:00:00,-1.4224
2023-02-20 07:00:00,-1.4168
2023-02-20 08:00:00,-1.4144
2023-02-20 09:00:00,-1.4133
2023-02-20 10:00:00,-1.4145
2023-02-20 11:00:00,-1.4162
2023-02-20 12:00:00,-1.4190
2023-02-20 13:00:00,-1.4201
2023-02-20 14:00:00,-1.4271
2023-02-20 15:00:00,-1.4249
2023-02-20 16:00:00,-1.4216
2023-02-20 17:00:00,-1.4254
2023-02-20 18:00:00,-1.4239
2023-02-20 19:00:00,-1.4199
2023-02-20 20:00:00,-1.4170
2023-02-20 21:00:00,-1.4085
2023-02-20 22:00:00,-1.4026
2023-02-20 23:00:00,-1.3998
2023-02-21 00:00:00,-1.3994
2023-02-21 01:00:00,-1.4007
2023-02-21 02:00:00,-1.4015
2023-02-21 03:00:00,-1.4057
2023-02-21 04:00:00,-1.4098
2023-02-21 05:00:00,-1.4153
2023-02-21 06:00:00,-1.4199
2023-02-21 07:00:00,-1.4257
2023-02-21 08:00:00,-1.4260
2023-02-21 09:00:00,-1.4280
2023-02-21 10:00:00,-1.4304
2023-02-21 11:00:00,-1.4323
2023-02-21 12:00:00,-1.4346
2023-02-21 13:00:00,-1.4319
2023-02-21 14:00:00,-1.4292
2023-02-21 15:00:00,-1.4252
2023-02-21 16:00:00,-1.4245
2023-02-21 17:00:00,-1.4233
2023-02-21 18:00:00,-1.4210
2023-02-21 19:00:00,-1.4201
2023-02-21 20:00:00,-1.4208
2023-02-21 21:00:00,-1.4222
2023-02-21 22:00:00,-1.4233
2023-02-21 23:00:00,-1.4307
2023-02-22 00:00:00,-1.4335
2023-02-22 01:00:00,-1.4353
2023-02-22 02:00:00,-1.4367
2023-02-22 03:00:00,-1.4365
2023-02-22 04:00:00,-1.4359
2023-02-22 05:00:00,-1.4297
2023-02-22 06:00:00,-1.4307
2023-02-22 07:00:00,-1.4242
2023-02-22 08:00:00,-1.4248
2023-02-22 09:00:00,-1.4248
2023-02-22 10:00:00,-1.4244
2023-02-22 11:00:00,-1.4288
2023-02-22 12:00:00,-1.4350
2023-02-22 13:00:00,-1.4402
2023-02-22 14:00:00,-1.4461
2023-02-22 15:00:00,-1.4527
2023-02-22 16:00:00,-1.4549
2023-02-22 17:00:00,-1.4552
2023-02-22 18:00:00,-1.4507
2023-02-22 19:00:00,-1.4484
2023-02-22 20:00:00,-1.4454
2023-02-22 21:00:00,-1.4476
2023-02-22 22:00:00,-1.4577
2023-02-22 23:00:00,-1.4615
2023-02-23 00:00:00,-1.4700
2023-02-23 01:00:00,-1.4761
2023-02-23 02:00:00,-1.4810
2023-02-23 03:00:00,-1.4804
2023-02-23 04:00:00,-1.4730
2023-02-23 05:00:00,-1.4710
2023-02-23 06:00:00,-1.4724
2023-02-23 07:00:00,-1.4691
2023-02-23 08:00:00,-1.4692
2023-02-23 09:00:00,-1.4684
2023-02-23 10:00:00,-1.4684
2023-02-23 11:00:00,-1.4680
2023-02-23 12:00:00,-1.4662
2023-02-23 13:00:00,-1.4611
2023-02-23 14:00:00,-1.4597
2023-02-23 15:00:00,-1.4561
2023-02-23 16:00:00,-1.4575
2023-02-23 17:00:00,-1.4625
2023-02-23 18:00:00,-1.4603
2023-02-23 19:00:00,-1.4547
2023-02-23 20:00:00,-1.4516
2023-02-23 21:00:00,-1.4454
2023-02-23 22:00:00,-1.4412
2023-02-23 23:00:00,-1.4380
2023-02-24 00:00:00,-1.4383
2023-02-24 01:00:00,-1.4423
2023-02-24 02:00:00,-1.4427
2023-02-24 03:00:00,-1.4456
2023-02-24 04:00:00,-1.4474
2023-02-24 05:00:00,-1.4465
2023-02-24 06:00:00,-1.4510
2023-02-24 07:00:00,-1.4526
2023-02-24 08:00:00,-1.4493
2023-02-24 09:00:00,-1.4432
2023-02-24 10:00:00,-1.4384
2023-02-24 11:00:00,-1.4363
2023-02-24 12:00:00,-1.4320
2023-02-24 13:00:00,-1.4273
2023-02-24 14:00:00,-1.4259
2023-02-24 15:00:00,-1.4251
2023-02-24 16:00:00,-1.4227
2023-02-24 17:00:00,-1.4215
2023-02-24 18:00:00,-1.4167
2023-02-24 19:00:00,-1.4117
2023-02-24 20:00:00,-1.4055
2023-02-24 21:00:00,-1.3994
2023-02-24 22:00:00,-1.3944
2023-02-24 23:00:00,-1.3949
2023-02-25 00:00:00,-1.3940
2023-02-25 01:00:00,-1.3911
2023-02-25 02:00:00,-1.3912
2023-02-25 03:00:00,-1.3850
2023-02-25 04:00:00,-1.3852
2023-02-25 05:00:00,-1.3865
2023-02-25 06:00:00,-1.3841
2023-02-25 07:00:00,-1.3844
2023-02-25 08:00:00,-1.3820
2023-02-25 09:00:00,-1.3788
2023-02-25 10:00:00,-1.3828
2023-02-25 11:00:00,-1.3962
2023-02-25 12:00:00,-1.3983
2023-02-25 13:00:00,-1.3911
2023-02-25 14:00:00,-1.3886
2023-02-25 15:00:00,-1.3920
2023-02-25 16:00:00,-1.3935
2023-02-25 17:00:00,-1.3926
2023-02-25 18:00:00,-1.3904
2023-02-25 19:00:00,-1.3902
2023-02-25 20:00:00,-1.3949
2023-02-25 21:00:00,-1.3977
2023-02-25 22:00:00,-1.3988
2023-02-25 23:00:00,-1.3978
2023-02-26 00:00:00,-1.3933
2023-02-26 01:00:00,-1.4009
2023-02-26 02:00:00,-1.4014
2023-02-26 03:00:00,-1.4034
2023-02-26 04:00:00,-1.4097
2023-02-26 05:00:00,-1.4183
2023-02-26 06:00:00,-1.4231
2023-02-26 07:00:00,-1.4271
2023-02-26 08:00:00,-1.4279
2023-02-26 09:00:00,-1.4302
2023-02-26 10:00:00,-1.4356
2023-02-26 11:00:00,-1.4376
2023-02-26 12:00:00,-1.4361
2023-02-26 13:00:00,-1.4433
2023-02-26 14:00:00,-1.4478
2023-02-26 15:00:00,-1.4536
2023-02-26 16:00:00,-1.4572
2023-02-26 17:00:00,-1.4603
2023-02-26 18:00:00,-1.4592
2023-02-26 19:00:00,-1.4552
2023-02-26 20:00:00,-1.4530
2023-02-26 21:00:00,-1.4506
2023-02-26 22:00:00,-1.4501
2023-02-26 23:00:00,-1.4490
2023-02-27 00:00:00,-1.4501
2023-02-27 01:00:00,-1.4519
2023-02-27 02:00:00,-1.4547
2023-02-27 03:00:00,-1.4558
2023-02-27 04:00:00,-1.4623
2023-02-27 05:00:00,-1.4637
2023-02-27 06:00:00,-1.4600
2023-02-27 07:00:00,-1.4594
2023-02-27 08:00:00,-1.4586
2023-02-27 09:00:00,-1.4566
2023-02-27 10:00:00,-1.4550
2023-02-27 11:00:00,-1.4547
2023-02-27 12:00:00,-1.4531
2023-02-27 13:00:00,-1.4513
2023-02-27 14:00:00,-1.4537
2023-02-27 15:00:00,-1.4531
2023-02-27 16:00:00,-1.4569
2023-02-27 17:00:00,-1.4558
2023-02-27 18:00:00,-1.4510
2023-02-27 19:00:00,-1.4476
2023-02-27 20:00:00,-1.4477
2023-02-27 21:00:00,-1.4421
2023-02-27 22:00:00,-1.4385
2023-02-27 23:00:00,-1.4348
2023-02-28 00:00:00,-1.4350
2023-02-28 01:00:00,-1.4393
2023-02-28 02:00:00,-1.4454
2023-02-28 03:00:00,-1.4482
2023-02-28 04:00:00,-1.4505
2023-02-28 05:00:00,-1.4498
2023-02-28 06:00:00,-1.4504
2023-02-28 07:00:00,-1.4498
2023-02-28 08:00:00,-1.4541
2023-02-28 09:00:00,-1.4549
2023-02-28 10:00:00,-1.4548
2023-02-28 11:00:00,-1.4523
2023-02-28 12:00:00,-1.4501
2023-02-28 13:00:00,-1.4522
2023-02-28 14:00:00,-1.4519
2023-02-28 15:00:00,-1.4516
2023-02-28 16:00:00,-1.4478
2023-02-28 17:00:00,-1.4492
2023-02-28 18:00:00,-1.4535
2023-02-28 19:00:00,-1.4524
2023-02-28 20:00:00,-1.4512
2023-02-28 21:00:00,-1.4483
2023-02-28 22:00:00,-1.4488
2023-02-28 23:00:00,-1.4482
2023-03-01 00:00:00,-1.4471
2023-03-01 01:00:00,-1.4455
2023-03-01 02:00:00,-1.4454
2023-03-01 03:00:00,-1.4458
2023-03-01 04:00:00,-1.4483
2023-03-01 05:00:00,-1.4519
2023-03-01 06:00:00,-1.4586
2023-03-01 07:00:00,-1.4603
2023-03-01 08:00:00,-1.4630
2023-03-01 09:00:00,-1.4608
2023-03-01 10:00:00,-1.4548
2023-03-01 11:00:00,-1.4555
2023-03-01 12:00:00,-1.4557
2023-03-01 13:00:00,-1.4541
2023-03-01 14:00:00,-1.4496
2023-03-01 15:00:00,-1.4463
2023-03-01 16:00:00,-1.4462
2023-03-01 17:00:00,-1.4439
2023-03-01 18:00:00,-1.4472
2023-03-01 19:00:00,-1.4508
2023-03-01 20:00:00,-1.4500
2023-03-01 21:00:00,-1.4450
2023-03-01 22:00:00,-1.4448
2023-03-01 23:00:00,-1.4420
2023-03-02 00:00:00,-1.4398
2023-03-02 01:00:00,-1.4365
2023-03-02 02:00:00,-1.4365
2023-03-02 03:00:00,-1.4363
2023-03-02 04:00:00,-1.4356
2023-03-02 05:00:00,-1.4376
2023-03-02 06:00:00,-1.4320
2023-03-02 07:00:00,-1.4299
2023-03-02 08:00:00,-1.4281
2023-03-02 09:00:00,-1.4273
2023-03-02 10:00:00,-1.4283
2023-03-02 11:00:00,-1.4271
2023-03-02 12:00:00,-1.4230
2023-03-02 13:00:00,-1.4253
2023-03-02 14:00:00,-1.4270
2023-03-02 15:00:00,-1.4229
2023-03-02 16:00:00,-1.4243
2023-03-02 17:00:00,-1.4232
2023-03-02 18:00:00,-1.4241
2023-03-02 19:00:00,-1.4289
2023-03-02 20:00:00,-1.4303
2023-03-02 21:00:00,-1.4303
2023-03-02 22:00:00,-1.4291
2023-03-02 23:00:00,-1.4259
2023-03-03 00:00:00,-1.4233
2023-03-03 01:00:00,-1.4196
2023-03-03 02:00:00,-1.4159
2023-03-03 03:00:00,-1.4138
2023-03-03 04:00:00,-1.4132
2023-03-03 05:00:00,-1.4147
2023-03-03 06:00:00,-1.4192
2023-03-03 07:00:00,-1.4266
2023-03-03 08:00:00,-1.4324
2023-03-03 09:00:00,-1.4369
2023-03-03 10:00:00,-1.4430
2023-03-03 11:00:00,-1.4437
2023-03-03 12:00:00,-1.4443
2023-03-03 13:00:00,-1.4460
2023-03-03 14:00:00,-1.4411
2023-03-03 15:00:00,-1.4395
2023-03-03 16:00:00,-1.4474
2023-03-03 17:00:00,-1.4425
2023-03-03 18:00:00,-1.4399
2023-03-03 19:00:00,-1.4417
2023-03-03 20:00:00,-1.4432
2023-03-03 21:00:00,-1.4446
2023-03-03 22:00:00,-1.4467
2023-03-03 23:00:00,-1.4478
2023-03-04 00:00:00,-1.4417
2023-03-04 01:00:00,-1.4397
2023-03-04 02:00:00,-1.4370
2023-03-04 03:00:00,-1.4326
2023-03-04 04:00:00,-1.4301
2023-03-04 05:00:00,-1.4267
2023-03-04 06:00:00,-1.4244
2023-03-04 07:00:00,-1.4236
2023-03-04 08:00:00,-1.4212
2023-03-04 09:00:00,-1.4215
2023-03-04 10:00:00,-1.4209
2023-03-04 11:00:00,-1.4200
2023-03-04 12:00:00,-1.4189
2023-03-04 13:00:00,-1.4160
2023-03-04 14:00:00,-1.4117
2023-03-04 15:00:00,-1.4101
2023-03-04 16:00:00,-1.4065
2023-03-04 17:00:00,-1.4038
2023-03-04 18:00:00,-1.4025
2023-03-04 19:00:00,-1.3991
2023-03-04 20:00:00,-1.3981
2023-03-04 21:00:00,-1.3999
2023-03-04 22:00:00,-1.4027
2023-03-04 23:00:00,-1.4065
2023-03-05 00:00:00,-1.4101
2023-03-05 01:00:00,-1.4072
2023-03-05 02:00:00,-1.4074
2023-03-05 03:00:00,-1.4066
2023-03-05 04:00:00,-1.4042
2023-03-05 05:00:00,-1.4045
2023-03-05 06:00:00,-1.4062
2023-03-05 07:00:00,-1.4085
2023-03-05 08:00:00,-1.4123
2023-03-05 09:00:00,-1.4138
2023-03-05 10:00:00,-1.4201
2023-03-05 11:00:00,-1.4235
2023-03-05 12:00:00,-1.4239
2023-03-05 13:00:00,-1.4246
2023-03-05 14:00:00,-1.4231
2023-03-05 15:00:00,-1.4256
2023-03-05 16:00:00,-1.4215
2023-03-05 17:00:00,-1.4188
2023-03-05 18:00:00,-1.4143
2023-03-05 19:00:00,-1.4106
2023-03-05 20:00:00,-1.4096
2023-03-05 21:00:00,-1.4095
2023-03-05 22:00:00,-1.4108
2023-03-05 23:00:00,-1.4116
2023-03-06 00:00:00,-1.4151
2023-03-06 01:00:00,-1.4206
2023-03-06 02:00:00,-1.4256
2023-03-06 03:00:00,-1.4259
2023-03-06 04:00:00,-1.4260
2023-03-06 05:00:00,-1.4216
2023-03-06 06:00:00,-1.4146
2023-03-06 07:00:00,-1.4101
2023-03-06 08:00:00,-1.4146
2023-03-06 09:00:00,-1.4071
2023-03-06 10:00:00,-1.4089
2023-03-06 11:00:00,-1.4083
2023-03-06 12:00:00,-1.4081
2023-03-06 13:00:00,-1.4066
2023-03-06 14:00:00,-1.4060
2023-03-06 15:00:00,-1.4061
2023-03-06 16:00:00,-1.4047
2023-03-06 17:00:00,-1.4045
2023-03-06 18:00:00,-1.4039
2023-03-06 19:00:00,-1.3999
2023-03-06 20:00:00,-1.3984
2023-03-06 21:00:00,-1.4034
2023-03-06 22:00:00,-1.4025
2023-03-06 23:00:00,-1.3996
2023-03-07 00:00:00,-1.4021
2023-03-07 01:00:00,-1.4008
2023-03-07 02:00:00,-1.4015
2023-03-07 03:00:00,-1.4018
2023-03-07 04:00:00,-1.3943
2023-03-07 05:00:00,-1.3892
2023-03-07 06:00:00,-1.3853
2023-03-07 07:00:00,-1.3778
2023-03-07 08:00:00,-1.3741
2023-03-07 09:00:00,-1.3768
2023-03-07 10:00:00,-1.3754
2023-03-07 11:00:00,-1.3719
2023-03-07 12:00:00,-1.3711
2023-03-07 13:00:00,-1.3721
2023-03-07 14:00:00,-1.3696
2023-03-07 15:00:00,-1.3690
2023-03-07 16:00:00,-1.3671
2023-03-07 17:00:00,-1.3621
2023-03-07 18:00:00,-1.3591
2023-03-07 19:00:00,-1.3580
2023-03-07 20:00:00,-1.3590
2023-03-07 21:00:00,-1.3620
2023-03-07 22:00:00,-1.3649
2023-03-07 23:00:00,-1.3668
2023-03-08 00:00:00,-1.3691
2023-03-08 01:00:00,-1.3734
2023-03-08 02:00:00,-1.3762
2023-03-08 03:00:00,-1.3761
2023-03-08 04:00:00,-1.3791
2023-03-08 05:00:00,-1.3731
2023-03-08 06:00:00,-1.3684
2023-03-08 07:00:00,-1.3629
2023-03-08 08:00:00,-1.3603
2023-03-08 09:00:00,-1.3598
2023-03-08 10:00:00,-1.3574
2023-03-08 11:00:00,-1.3576
2023-03-08 12:00:00,-1.3555
2023-03-08 13:00:00,-1.3545
2023-03-08 14:00:00,-1.3507
2023-03-08 15:00:00,-1.3406
2023-03-08 16:00:00,-1.3365
2023-03-08 17:00:00,-1.3359
2023-03-08 18:00:00,-1.3335
2023-03-08 19:00:00,-1.3332
2023-03-08 20:00:00,-1.3333
2023-03-08 21:00:00,-1.3339
2023-03-08 22:00:00,-1.3316
2023-03-08 23:00:00,-1.3338
2023-03-09 00:00:00,-1.3402
2023-03-09 01:00:00,-1.3441
2023-03-09 02:00:00,-1.3470
2023-03-09 03:00:00,-1.3504
2023-03-09 04:00:00,-1.3545
2023-03-09 05:00:00,-1.3589
2023-03-09 06:00:00,-1.3590
2023-03-09 07:00:00,-1.3607
2023-03-09 08:00:00,-1.3615
2023-03-09 09:00:00,-1.3655
2023-03-09 10:00:00,-1.3668
2023-03-09 11:00:00,-1.3724
2023-03-09 12:00:00,-1.3701
2023-03-09 13:00:00,-1.3683
2023-03-09 14:00:00,-1.3687
2023-03-09 15:00:00,-1.3643
2023-03-09 16:00:00,-1.3625
2023-03-09 17:00:00,-1.3601
2023-03-09 18:00:00,-1.3534
2023-03-09 19:00:00,-1.3479
2023-03-09 20:00:00,-1.3412
2023-03-09 21:00:00,-1.3281
2023-03-09 22:00:00,-1.3133
2023-03-09 23:00:00,-1.2960
2023-03-10 00:00:00,-1.2820
2023-03-10 01:00:00,-1.2710
2023-03-10 02:00:00,-1.2610
2023-03-10 03:00:00,-1.2508
2023-03-10 04:00:00,-1.2451
2023-03-10 05:00:00,-1.2383
2023-03-10 06:00:00,-1.2341
2023-03-10 07:00:00,-1.2293
2023-03-10 08:00:00,-1.2254
2023-03-10 09:00:00,-1.2156
2023-03-10 10:00:00,-1.2105
2023-03-10 11:00:00,-1.2139
2023-03-10 12:00:00,-1.2111
2023-03-10 13:00:00,-1.2041
2023-03-10 14:00:00,-1.1988
2023-03-10 15:00:00,-1.1896
2023-03-10 16:00:00,-1.1824
2023-03-10 17:00:00,-1.1785
2023-03-10 18:00:00,-1.1745
2023-03-10 19:00:00,-1.1776
2023-03-10 20:00:00,-1.1668
2023-03-10 21:00:00,-1.1629
2023-03-10 22:00:00,-1.1635
2023-03-10 23:00:00,-1.1634
2023-03-11 00:00:00,-1.1641
2023-03-11 01:00:00,-1.1672
2023-03-11 02:00:00,-1.1693
2023-03-11 03:00:00,-1.1727
2023-03-11 04:00:00,-1.1769
2023-03-11 05:00:00,-1.1822
2023-03-11 06:00:00,-1.1869
2023-03-11 07:00:00,-1.1962
2023-03-11 08:00:00,-1.2057
2023-03-11 09:00:00,-1.2166
2023-03-11 10:00:00,-1.2269
2023-03-11 11:00:00,-1.2376
2023-03-11 12:00:00,-1.2441
2023-03-11 13:00:00,-1.2469
2023-03-11 14:00:00,-1.2502
2023-03-11 15:00:00,-1.2517
2023-03-11 16:00:00,-1.2510
2023-03-11 17:00:00,-1.2481
2023-03-11 18:00:00,-1.2402
2023-03-11 19:00:00,-1.2362
2023-03-11 20:00:00,-1.2334
2023-03-11 21:00:00,-1.2349
2023-03-11 22:00:00,-1.2360
2023-03-11 23:00:00,-1.2424
2023-03-12 00:00:00,-1.2420
2023-03-12 01:00:00,-1.2441
2023-03-12 02:00:00,-1.2430
2023-03-12 03:00:00,-1.2457
2023-03-12 04:00:00,-1.2502
2023-03-12 05:00:00,-1.2506
2023-03-12 06:00:00,-1.2507
2023-03-12 07:00:00,-1.2524
2023-03-12 08:00:00,-1.2514
2023-03-12 09:00:00,-1.2529
2023-03-12 10:00:00,-1.2562
2023-03-12 11:00:00,-1.2558
2023-03-12 12:00:00,-1.2559
2023-03-12 13:00:00,-1.2584
2023-03-12 14:00:00,-1.2602
2023-03-12 15:00:00,-1.2608
2023-03-12 16:00:00,-1.2574
2023-03-12 17:00:00,-1.2588
2023-03-12 18:00:00,-1.2598
2023-03-12 19:00:00,-1.2547
2023-03-12 20:00:00,-1.2522
2023-03-12 21:00:00,-1.2539
2023-03-12 22:00:00,-1.2586
2023-03-12 23:00:00,-1.2629
2023-03-13 00:00:00,-1.2660
2023-03-13 01:00:00,-1.2721
2023-03-13 02:00:00,-1.2796
2023-03-13 03:00:00,-1.2914
2023-03-13 04:00:00,-1.3049
2023-03-13 05:00:00,-1.3163
2023-03-13 06:00:00,-1.3247
2023-03-13 07:00:00,-1.3299
2023-03-13 08:00:00,-1.3333
2023-03-13 09:00:00,-1.3328
2023-03-13 10:00:00,-1.3317
2023-03-13 11:00:00,-1.3306
2023-03-13 12:00:00,-1.3345
2023-03-13 13:00:00,-1.3320
2023-03-13 14:00:00,-1.3291
2023-03-13 15:00:00,-1.3235
2023-03-13 16:00:00,-1.3248
2023-03-13 17:00:00,-1.3207
2023-03-13 18:00:00,-1.3193
2023-03-13 19:00:00,-1.3190
2023-03-13 20:00:00,-1.3229
2023-03-13 21:00:00,-1.3315
2023-03-13 22:00:00,-1.3340
2023-03-13 23:00:00,-1.3405
2023-03-14 00:00:00,-1.3469
2023-03-14 01:00:00,-1.3500
2023-03-14 02:00:00,-1.3529
2023-03-14 03:00:00,-1.3532
2023-03-14 04:00:00,-1.3549
2023-03-14 05:00:00,-1.3550
2023-03-14 06:00:00,-1.3527
2023-03-14 07:00:00,-1.3505
2023-03-14 08:00:00,-1.3514
2023-03-14 09:00:00,-1.3420
2023-03-14 10:00:00,-1.3345
2023-03-14 11:00:00,-1.3266
2023-03-14 12:00:00,-1.3251
2023-03-14 13:00:00,-1.3219
2023-03-14 14:00:00,-1.3143
2023-03-14 15:00:00,-1.3065
2023-03-14 16:00:00,-1.3002
2023-03-14 17:00:00,-1.2966
2023-03-14 18:00:00,-1.2797
2023-03-14 19:00:00,-1.2738
2023-03-14 20:00:00,-1.2746
2023-03-14 21:00:00,-1.2656
2023-03-14 22:00:00,-1.2589
2023-03-14 23:00:00,-1.2546
2023-03-15 00:00:00,-1.2535
2023-03-15 01:00:00,-1.2554
2023-03-15 02:00:00,-1.2579
2023-03-15 03:00:00,-1.2595
2023-03-15 04:00:00,-1.2641
2023-03-15 05:00:00,-1.2663
2023-03-15 06:00:00,-1.2720
2023-03-15 07:00:00,-1.2728
2023-03-15 08:00:00,-1.2771
2023-03-15 09:00:00,-1.2865
2023-03-15 10:00:00,-1.2946
2023-03-15 11:00:00,-1.3040
2023-03-15 12:00:00,-1.3127
2023-03-15 13:00:00,-1.3208
2023-03-15 14:00:00,-1.3289
2023-03-15 15:00:00,-1.3398
2023-03-15 16:00:00,-1.3501
2023-03-15 17:00:00,-1.3537
2023-03-15 18:00:00,-1.3566
2023-03-15 19:00:00,-1.3586
2023-03-15 20:00:00,-1.3562
2023-03-15 21:00:00,-1.3559
2023-03-15 22:00:00,-1.3547
2023-03-15 23:00:00,-1.3538
2023-03-16 00:00:00,-1.3514
2023-03-16 01:00:00,-1.3532
2023-03-16 02:00:00,-1.3534
2023-03-16 03:00:00,-1.3507
2023-03-16 04:00:00,-1.3532
2023-03-16 05:00:00,-1.3519
2023-03-16 06:00:00,-1.3531
2023-03-16 07:00:00,-1.3513
2023-03-16 08:00:00,-1.3536
2023-03-16 09:00:00,-1.3555
2023-03-16 10:00:00,-1.3517
2023-03-16 11:00:00,-1.3534
2023-03-16 12:00:00,-1.3509
2023-03-16 13:00:00,-1.3555
2023-03-16 14:00:00,-1.3626
2023-03-16 15:00:00,-1.3680
2023-03-16 16:00:00,-1.3733
2023-03-16 17:00:00,-1.3766
2023-03-16 18:00:00,-1.3782
2023-03-16 19:00:00,-1.3793
2023-03-16 20:00:00,-1.3799
2023-03-16 21:00:00,-1.3716
2023-03-16 22:00:00,-1.3662
2023-03-16 23:00:00,-1.3637
2023-03-17 00:00:00,-1.3581
2023-03-17 01:00:00,-1.3523
2023-03-17 02:00:00,-1.3504
2023-03-17 03:00:00,-1.3469
2023-03-17 04:00:00,-1.3492
2023-03-17 05:00:00,-1.3533
2023-03-17 06:00:00,-1.3583
2023-03-17 07:00:00,-1.3608
2023-03-17 08:00:00,-1.3675
2023-03-17 09:00:00,-1.3677
2023-03-17 10:00:00,-1.3701
2023-03-17 11:00:00,-1.3760
2023-03-17 12:00:00,-1.3768
2023-03-17 13:00:00,-1.3759
2023-03-17 14:00:00,-1.3797
2023-03-17 15:00:00,-1.3800
2023-03-17 16:00:00,-1.3797
2023-03-17 17:00:00,-1.3833
2023-03-17 18:00:00,-1.3855
2023-03-17 19:00:00,-1.3903
2023-03-17 20:00:00,-1.3940
2023-03-17 21:00:00,-1.3963
2023-03-17 22:00:00,-1.3970
2023-03-17 23:00:00,-1.3972
2023-03-18 00:00:00,-1.3993
2023-03-18 01:00:00,-1.3972
2023-03-18 02:00:00,-1.4008
2023-03-18 03:00:00,-1.4008
2023-03-18 04:00:00,-1.4029
2023-03-18 05:00:00,-1.4065
2023-03-18 06:00:00,-1.4088
2023-03-18 07:00:00,-1.4126
2023-03-18 08:00:00,-1.4187
2023-03-18 09:00:00,-1.4214
2023-03-18 10:00:00,-1.4232
2023-03-18 11:00:00,-1.4258
2023-03-18 12:00:00,-1.4271
2023-03-18 13:00:00,-1.4289
2023-03-18 14:00:00,-1.4282
2023-03-18 15:00:00,-1.4273
2023-03-18 16:00:00,-1.4277
2023-03-18 17:00:00,-1.4278
2023-03-18 18:00:00,-1.4265
2023-03-18 19:00:00,-1.4270
2023-03-18 20:00:00,-1.4262
2023-03-18 21:00:00,-1.4265
2023-03-18 22:00:00,-1.4274
2023-03-18 23:00:00,-1.4303
2023-03-19 00:00:00,-1.4263
2023-03-19 01:00:00,-1.4227
2023-03-19 02:00:00,-1.4215
2023-03-19 03:00:00,-1.4210
2023-03-19 04:00:00,-1.4211
2023-03-19 05:00:00,-1.4215
2023-03-19 06:00:00,-1.4240
2023-03-19 07:00:00,-1.4275
2023-03-19 08:00:00,-1.4311
2023-03-19 09:00:00,-1.4345
2023-03-19 10:00:00,-1.4391
2023-03-19 11:00:00,-1.4399
2023-03-19 12:00:00,-1.4383
2023-03-19 13:00:00,-1.4371
2023-03-19 14:00:00,-1.4373
2023-03-19 15:00:00,-1.4332
2023-03-19 16:00:00,-1.4292
2023-03-19 17:00:00,-1.4254
2023-03-19 18:00:00,-1.4261
2023-03-19 19:00:00,-1.4317
2023-03-19 20:00:00,-1.4368
2023-03-19 21:00:00,-1.4394
2023-03-19 22:00:00,-1.4393
2023-03-19 23:00:00,-1.4395
2023-03-20 00:00:00,-1.4383
2023-03-20 01:00:00,-1.4397
2023-03-20 02:00:00,-1.4354
2023-03-20 03:00:00,-1.4322
2023-03-20 04:00:00,-1.4307
2023-03-20 05:00:00,-1.4282
2023-03-20 06:00:00,-1.4229
2023-03-20 07:00:00,-1.4229
2023-03-20 08:00:00,-1.4259
2023-03-20 09:00:00,-1.4307
2023-03-20 10:00:00,-1.4339
2023-03-20 11:00:00,-1.4352
2023-03-20 12:00:00,-1.4365
2023-03-20 13:00:00,-1.4349
2023-03-20 14:00:00,-1.4323
2023-03-20 15:00:00,-1.4294
2023-03-20 16:00:00,-1.4223
2023-03-20 17:00:00,-1.4174
2023-03-20 18:00:00,-1.4189
2023-03-20 19:00:00,-1.4166
2023-03-20 20:00:00,-1.4111
2023-03-20 21:00:00,-1.4075
2023-03-20 22:00:00,-1.4018
2023-03-20 23:00:00,-1.3961
2023-03-21 00:00:00,-1.3973
2023-03-21 01:00:00,-1.3929
2023-03-21 02:00:00,-1.3895
2023-03-21 03:00:00,-1.3854
2023-03-21 04:00:00,-1.3776
2023-03-21 05:00:00,-1.3687
2023-03-21 06:00:00,-1.3657
2023-03-21 07:00:00,-1.3608
2023-03-21 08:00:00,-1.3557
2023-03-21 09:00:00,-1.3583
2023-03-21 10:00:00,-1.3606
2023-03-21 11:00:00,-1.3606
2023-03-21 12:00:00,-1.3629
2023-03-21 13:00:00,-1.3663
2023-03-21 14:00:00,-1.3649
2023-03-21 15:00:00,-1.3657
2023-03-21 16:00:00,-1.3650
2023-03-21 17:00:00,-1.3623
2023-03-21 18:00:00,-1.3605
2023-03-21 19:00:00,-1.3626
2023-03-21 20:00:00,-1.3673
2023-03-21 21:00:00,-1.3683
2023-03-21 22:00:00,-1.3746
2023-03-21 23:00:00,-1.3812
2023-03-22 00:00:00,-1.3886
2023-03-22 01:00:00,-1.3934
2023-03-22 02:00:00,-1.3961
2023-03-22 03:00:00,-1.3977
2023-03-22 04:00:00,-1.4026
2023-03-22 05:00:00,-1.4061
2023-03-22 06:00:00,-1.4070
2023-03-22 07:00:00,-1.4108
2023-03-22 08:00:00,-1.4209
2023-03-22 09:00:00,-1.4365
2023-03-22 10:00:00,-1.4461
2023-03-22 11:00:00,-1.4553
2023-03-22 12:00:00,-1.4614
2023-03-22 13:00:00,-1.4636
2023-03-22 14:00:00,-1.4637
2023-03-22 15:00:00,-1.4661
2023-03-22 16:00:00,-1.4678
2023-03-22 17:00:00,-1.4671
2023-03-22 18:00:00,-1.4692
2023-03-22 19:00:00,-1.4679
2023-03-22 20:00:00,-1.4708
2023-03-22 21:00:00,-1.4731
2023-03-22 22:00:00,-1.4698
2023-03-22 23:00:00,-1.4043
2023-03-23 00:00:00,-1.0076
2023-03-23 01:00:00,-0.9540
2023-03-23 02:00:00,-0.9796
2023-03-23 03:00:00,-1.0312
2023-03-23 04:00:00,-1.0784
2023-03-23 05:00:00,-1.1108
2023-03-23 06:00:00,-1.1286
2023-03-23 07:00:00,-1.1388
2023-03-23 08:00:00,-1.1451
2023-03-23 09:00:00,-1.1510
2023-03-23 10:00:00,-1.1567
2023-03-23 11:00:00,-1.1684
2023-03-23 12:00:00,-1.1758
2023-03-23 13:00:00,-1.1829
2023-03-23 14:00:00,-1.1833
2023-03-23 15:00:00,-1.1853
2023-03-23 16:00:00,-1.1865
2023-03-23 17:00:00,-1.1876
2023-03-23 18:00:00,-1.1945
2023-03-23 19:00:00,-1.2056
2023-03-23 20:00:00,-1.2157
2023-03-23 21:00:00,-1.2208
2023-03-23 22:00:00,-1.2076
2023-03-23 23:00:00,-1.1893
2023-03-24 00:00:00,-1.1795
2023-03-24 01:00:00,-1.1704
2023-03-24 02:00:00,-1.1600
2023-03-24 03:00:00,-1.1479
2023-03-24 04:00:00,-1.1290
2023-03-24 05:00:00,-1.1253
2023-03-24 06:00:00,-1.1313
2023-03-24 07:00:00,-1.1384
2023-03-24 08:00:00,-1.1461
2023-03-24 09:00:00,-1.1544
2023-03-24 10:00:00,-1.1599
2023-03-24 11:00:00,-1.1662
2023-03-24 12:00:00,-1.1736
2023-03-24 13:00:00,-1.1789
2023-03-24 14:00:00,-1.1798
2023-03-24 15:00:00,-1.1814
2023-03-24 16:00:00,-1.1831
2023-03-24 17:00:00,-1.1851
2023-03-24 18:00:00,-1.1847
2023-03-24 19:00:00,-1.1863
2023-03-24 20:00:00,-1.1884
2023-03-24 21:00:00,-1.1894
2023-03-24 22:00:00,-1.1961
2023-03-24 23:00:00,-1.2038
2023-03-25 00:00:00,-1.2071
2023-03-25 01:00:00,-1.2151
2023-03-25 02:00:00,-1.2169
2023-03-25 03:00:00,-1.2197
2023-03-25 04:00:00,-1.2310
2023-03-25 05:00:00,-1.2384
2023-03-25 06:00:00,-1.2420
2023-03-25 07:00:00,-1.2482
2023-03-25 08:00:00,-1.2488
2023-03-25 09:00:00,-1.2482
2023-03-25 10:00:00,-1.2507
2023-03-25 11:00:00,-1.2529
2023-03-25 12:00:00,-1.2542
2023-03-25 13:00:00,-1.2507
2023-03-25 14:00:00,-1.2472
2023-03-25 15:00:00,-1.2479
2023-03-25 16:00:00,-1.2507
2023-03-25 17:00:00,-1.2532
2023-03-25 18:00:00,-1.2538
2023-03-25 19:00:00,-1.2561
2023-03-25 20:00:00,-1.2598
2023-03-25 21:00:00,-1.2627
2023-03-25 22:00:00,-1.2665
2023-03-25 23:00:00,-1.2750
2023-03-26 00:00:00,-1.2796
2023-03-26 01:00:00,-1.2833
2023-03-26 03:00:00,-1.2888
2023-03-26 04:00:00,-1.2969
2023-03-26 05:00:00,-1.3070
2023-03-26 06:00:00,-1.3133
2023-03-26 07:00:00,-1.3193
2023-03-26 08:00:00,-1.3260
2023-03-26 09:00:00,-1.3317
2023-03-26 10:00:00,-1.3383
2023-03-26 11:00:00,-1.3430
2023-03-26 12:00:00,-1.3482
2023-03-26 13:00:00,-1.3521
2023-03-26 14:00:00,-1.3570
2023-03-26 15:00:00,-1.3601
2023-03-26 16:00:00,-1.3593
2023-03-26 17:00:00,-1.3602
2023-03-26 18:00:00,-1.3608
2023-03-26 19:00:00,-1.3562
2023-03-26 20:00:00,-1.3515
2023-03-26 21:00:00,-1.3462
2023-03-26 22:00:00,-1.3450
2023-03-26 23:00:00,-1.3421
2023-03-27 00:00:00,-1.3414
2023-03-27 01:00:00,-1.3412
2023-03-27 02:00:00,-1.3464
2023-03-27 03:00:00,-1.3495
2023-03-27 04:00:00,-1.3521
2023-03-27 05:00:00,-1.3542
2023-03-27 06:00:00,-1.3575
2023-03-27 07:00:00,-1.3627
2023-03-27 08:00:00,-1.3678
2023-03-27 09:00:00,-1.3714
2023-03-27 10:00:00,-1.3715
2023-03-27 11:00:00,-1.3751
2023-03-27 12:00:00,-1.3760
2023-03-27 13:00:00,-1.3691
2023-03-27 14:00:00,-1.3641
2023-03-27 15:00:00,-1.3561
2023-03-27 16:00:00,-1.3476
2023-03-27 17:00:00,-1.3364
2023-03-27 18:00:00,-1.3281
2023-03-27 19:00:00,-1.3218
2023-03-27 20:00:00,-1.3167
2023-03-27 21:00:00,-1.3129
2023-03-27 22:00:00,-1.3092
2023-03-27 23:00:00,-1.3090
2023-03-28 00:00:00,-1.3005
2023-03-28 01:00:00,-1.2965
2023-03-28 02:00:00,-1.2965
2023-03-28 03:00:00,-1.2941
2023-03-28 04:00:00,-1.2947
2023-03-28 05:00:00,-1.2934
2023-03-28 06:00:00,-1.2919
2023-03-28 07:00:00,-1.2925
2023-03-28 08:00:00,-1.2956
2023-03-28 09:00:00,-1.2964
2023-03-28 10:00:00,-1.2936
2023-03-28 11:00:00,-1.2927
2023-03-28 12:00:00,-1.2901
2023-03-28 13:00:00,-1.2897
2023-03-28 14:00:00,-1.2916
2023-03-28 15:00:00,-1.2973
2023-03-28 16:00:00,-1.3040
2023-03-28 17:00:00,-1.3101
2023-03-28 18:00:00,-1.3163
2023-03-28 19:00:00,-1.3222
2023-03-28 20:00:00,-1.3260
2023-03-28 21:00:00,-1.3300
2023-03-28 22:00:00,-1.3371
2023-03-28 23:00:00,-1.3396
2023-03-29 00:00:00,-1.3439
2023-03-29 01:00:00,-1.3495
2023-03-29 02:00:00,-1.3564
2023-03-29 03:00:00,-1.3609
2023-03-29 04:00:00,-1.3676
2023-03-29 05:00:00,-1.3738
2023-03-29 06:00:00,-1.3770
2023-03-29 07:00:00,-1.3785
2023-03-29 08:00:00,-1.3823
2023-03-29 09:00:00,-1.3843
2023-03-29 10:00:00,-1.3864
2023-03-29 11:00:00,-1.3863
2023-03-29 12:00:00,-1.3825
2023-03-29 13:00:00,-1.3810
2023-03-29 14:00:00,-1.3753
2023-03-29 15:00:00,-1.3721
2023-03-29 16:00:00,-1.3692
2023-03-29 17:00:00,-1.3689
2023-03-29 18:00:00,-1.3709
2023-03-29 19:00:00,-1.3753
2023-03-29 20:00:00,-1.3824
2023-03-29 21:00:00,-1.3890
2023-03-29 22:00:00,-1.3920
2023-03-29 23:00:00,-1.3958
2023-03-30 00:00:00,-1.4010
2023-03-30 01:00:00,-1.4029
2023-03-30 02:00:00,-1.4105
2023-03-30 03:00:00,-1.4105
2023-03-30 04:00:00,-1.4134
2023-03-30 05:00:00,-1.4165
2023-03-30 06:00:00,-1.4154
2023-03-30 07:00:00,-1.4145
2023-03-30 08:00:00,-1.4121
2023-03-30 09:00:00,-1.4138
2023-03-30 10:00:00,-1.4148
2023-03-30 11:00:00,-1.4202
2023-03-30 12:00:00,-1.4243
2023-03-30 13:00:00,-1.4299
2023-03-30 14:00:00,-1.4319
2023-03-30 15:00:00,-1.4329
2023-03-30 16:00:00,-1.4357
2023-03-30 17:00:00,-1.4367
2023-03-30 18:00:00,-1.4410
2023-03-30 19:00:00,-1.4454
2023-03-30 20:00:00,-1.4503
2023-03-30 21:00:00,-1.4563
2023-03-30 22:00:00,-1.4592
2023-03-30 23:00:00,-1.4606
2023-03-31 00:00:00,-1.4615
2023-03-31 01:00:00,-1.4665
2023-03-31 02:00:00,-1.4683
2023-03-31 03:00:00,-1.4715
2023-03-31 04:00:00,-1.4742
2023-03-31 05:00:00,-1.4761
2023-03-31 06:00:00,-1.4799
2023-03-31 07:00:00,-1.4808
2023-03-31 08:00:00,-1.4838
2023-03-31 09:00:00,-1.4877
2023-03-31 10:00:00,-1.4887
2023-03-31 11:00:00,-1.4891
2023-03-31 12:00:00,-1.4900
2023-03-31 13:00:00,-1.4881
2023-03-31 14:00:00,-1.4892
2023-03-31 15:00:00,-1.4889
2023-03-31 16:00:00,-1.4892
2023-03-31 17:00:00,-1.4832
2023-03-31 18:00:00,-1.4843
2023-03-31 19:00:00,-1.4871
2023-03-31 20:00:00,-1.4887
2023-03-31 21:00:00,-1.4902
2023-03-31 22:00:00,-1.4869
2023-03-31 23:00:00,-1.4609
2023-04-01 00:00:00,-1.4255
2023-04-01 01:00:00,-1.3941
2023-04-01 02:00:00,-1.3674
2023-04-01 03:00:00,-1.3526
2023-04-01 04:00:00,-1.3446
2023-04-01 05:00:00,-1.3421
2023-04-01 06:00:00,-1.3423
2023-04-01 07:00:00,-1.3405
2023-04-01 08:00:00,-1.3367
2023-04-01 09:00:00,-1.3368
2023-04-01 10:00:00,-1.3253
2023-04-01 11:00:00,-1.3178
2023-04-01 12:00:00,-1.3106
2023-04-01 13:00:00,-1.3008
2023-04-01 14:00:00,-1.2936
2023-04-01 15:00:00,-1.2931
2023-04-01 16:00:00,-1.2912
2023-04-01 17:00:00,-1.2859
2023-04-01 18:00:00,-1.2859
2023-04-01 19:00:00,-1.2875
2023-04-01 20:00:00,-1.2837
2023-04-01 21:00:00,-1.2775
2023-04-01 22:00:00,-1.2747
2023-04-01 23:00:00,-1.2671
2023-04-02 00:00:00,-1.2613
2023-04-02 01:00:00,-1.2530
2023-04-02 02:00:00,-1.2409
2023-04-02 03:00:00,-1.2356
2023-04-02 04:00:00,-1.2300
2023-04-02 05:00:00,-1.2232
2023-04-02 06:00:00,-1.2152
2023-04-02 07:00:00,-1.2102
2023-04-02 08:00:00,-1.2055
2023-04-02 09:00:00,-1.1992
2023-04-02 10:00:00,-1.1959
2023-04-02 11:00:00,-1.1925
2023-04-02 12:00:00,-1.1898
2023-04-02 13:00:00,-1.1857
2023-04-02 14:00:00,-1.1846
2023-04-02 15:00:00,-1.1811
2023-04-02 16:00:00,-1.1812
2023-04-02 17:00:00,-1.1797
2023-04-02 18:00:00,-1.1799
2023-04-02 19:00:00,-1.1870
2023-04-02 20:00:00,-1.1916
2023-04-02 21:00:00,-1.2006
2023-04-02 22:00:00,-1.2061
2023-04-02 23:00:00,-1.2115
2023-04-03 00:00:00,-1.2109
2023-04-03 01:00:00,-1.2059
2023-04-03 02:00:00,-1.2039
2023-04-03 03:00:00,-1.2068
2023-04-03 04:00:00,-1.2108
2023-04-03 05:00:00,-1.2136
2023-04-03 06:00:00,-1.2180
2023-04-03 07:00:00,-1.2238
2023-04-03 08:00:00,-1.2280
2023-04-03 09:00:00,-1.2289
2023-04-03 10:00:00,-1.2329
2023-04-03 11:00:00,-1.2358
2023-04-03 12:00:00,-1.2414
2023-04-03 13:00:00,-1.2470
2023-04-03 14:00:00,-1.2520
2023-04-03 15:00:00,-1.2587
2023-04-03 16:00:00,-1.2637
2023-04-03 17:00:00,-1.2660
2023-04-03 18:00:00,-1.2686
2023-04-03 19:00:00,-1.2751
2023-04-03 20:00:00,-1.2818
2023-04-03 21:00:00,-1.2921
2023-04-03 22:00:00,-1.3023
2023-04-03 23:00:00,-1.3097
2023-04-04 00:00:00,-1.3125
2023-04-04 01:00:00,-1.3136
2023-04-04 02:00:00,-1.3071
2023-04-04 03:00:00,-1.3022
2023-04-04 04:00:00,-1.2980
2023-04-04 05:00:00,-1.2939
2023-04-04 06:00:00,-1.2905
2023-04-04 07:00:00,-1.2881
2023-04-04 08:00:00,-1.2906
2023-04-04 09:00:00,-1.2986
2023-04-04 10:00:00,-1.3058
2023-04-04 11:00:00,-1.3147
2023-04-04 12:00:00,-1.3197
2023-04-04 13:00:00,-1.3238
2023-04-04 14:00:00,-1.3272
2023-04-04 15:00:00,-1.3304
2023-04-04 16:00:00,-1.3338
2023-04-04 17:00:00,-1.3359
2023-04-04 18:00:00,-1.3366
2023-04-04 19:00:00,-1.3379
2023-04-04 20:00:00,-1.3434
2023-04-04 21:00:00,-1.3452
2023-04-04 22:00:00,-1.3481
2023-04-04 23:00:00,-1.3542
2023-04-05 00:00:00,-1.3574
2023-04-05 01:00:00,-1.3576
2023-04-05 02:00:00,-1.3574
2023-04-05 03:00:00,-1.3535
2023-04-05 04:00:00,-1.3494
2023-04-05 05:00:00,-1.3478
2023-04-05 06:00:00,-1.3435
2023-04-05 07:00:00,-1.3440
2023-04-05 08:00:00,-1.3416
2023-04-05 09:00:00,-1.3431
2023-04-05 10:00:00,-1.3486
2023-04-05 11:00:00,-1.3549
2023-04-05 12:00:00,-1.3632
2023-04-05 13:00:00,-1.3721
2023-04-05 14:00:00,-1.3771
2023-04-05 15:00:00,-1.3824
2023-04-05 16:00:00,-1.3871
2023-04-05 17:00:00,-1.3894
2023-04-05 18:00:00,-1.3896
2023-04-05 19:00:00,-1.3931
2023-04-05 20:00:00,-1.4030
2023-04-05 21:00:00,-1.4097
2023-04-05 22:00:00,-1.4150
2023-04-05 23:00:00,-1.4195
2023-04-06 00:00:00,-1.4236
2023-04-06 01:00:00,-1.4277
2023-04-06 02:00:00,-1.4310
2023-04-06 03:00:00,-1.4318
2023-04-06 04:00:00,-1.4322
2023-04-06 05:00:00,-1.4316
2023-04-06 06:00:00,-1.4323
2023-04-06 07:00:00,-1.4338
2023-04-06 08:00:00,-1.4374
2023-04-06 09:00:00,-1.4411
2023-04-06 10:00:00,-1.4435
2023-04-06 11:00:00,-1.4448
2023-04-06 12:00:00,-1.4474
2023-04-06 13:00:00,-1.4469
2023-04-06 14:00:00,-1.4482
2023-04-06 15:00:00,-1.4495
2023-04-06 16:00:00,-1.4514
2023-04-06 17:00:00,-1.4477
2023-04-06 18:00:00,-1.4497
2023-04-06 19:00:00,-1.4511
2023-04-06 20:00:00,-1.4554
2023-04-06 21:00:00,-1.4579
2023-04-06 22:00:00,-1.4575
2023-04-06 23:00:00,-1.4584
2023-04-07 00:00:00,-1.4566
2023-04-07 01:00:00,-1.4509
2023-04-07 02:00:00,-1.4483
2023-04-07 03:00:00,-1.4401
2023-04-07 04:00:00,-1.4356
2023-04-07 05:00:00,-1.4298
2023-04-07 06:00:00,-1.4257
2023-04-07 07:00:00,-1.4147
2023-04-07 08:00:00,-1.4082
2023-04-07 09:00:00,-1.4014
2023-04-07 10:00:00,-1.3931
2023-04-07 11:00:00,-1.3849
2023-04-07 12:00:00,-1.3763
2023-04-07 13:00:00,-1.3707
2023-04-07 14:00:00,-1.3666
2023-04-07 15:00:00,-1.3631
2023-04-07 16:00:00,-1.3570
2023-04-07 17:00:00,-1.3481
2023-04-07 18:00:00,-1.3404
2023-04-07 19:00:00,-1.3317
2023-04-07 20:00:00,-1.3242
2023-04-07 21:00:00,-1.3186
2023-04-07 22:00:00,-1.3130
2023-04-07 23:00:00,-1.3111
2023-04-08 00:00:00,-1.3169
2023-04-08 01:00:00,-1.3140
2023-04-08 02:00:00,-1.3194
2023-04-08 03:00:00,-1.3195
2023-04-08 04:00:00,-1.3192
2023-04-08 05:00:00,-1.3232
2023-04-08 06:00:00,-1.3190
2023-04-08 07:00:00,-1.3092
2023-04-08 08:00:00,-1.3049
2023-04-08 09:00:00,-1.3011
2023-04-08 10:00:00,-1.3002
2023-04-08 11:00:00,-1.3009
2023-04-08 12:00:00,-1.3047
2023-04-08 13:00:00,-1.3105
2023-04-08 14:00:00,-1.3150
2023-04-08 15:00:00,-1.3200
2023-04-08 16:00:00,-1.3248
2023-04-08 17:00:00,-1.3286
2023-04-08 18:00:00,-1.3285
2023-04-08 19:00:00,-1.3311
2023-04-08 20:00:00,-1.3322
2023-04-08 21:00:00,-1.3319
2023-04-08 22:00:00,-1.3351
2023-04-08 23:00:00,-1.3404
2023-04-09 00:00:00,-1.3497
2023-04-09 01:00:00,-1.3611
2023-04-09 02:00:00,-1.3742
2023-04-09 03:00:00,-1.3814
2023-04-09 04:00:00,-1.3906
2023-04-09 05:00:00,-1.3959
2023-04-09 06:00:00,-1.4002
2023-04-09 07:00:00,-1.4003
2023-04-09 08:00:00,-1.4014
2023-04-09 09:00:00,-1.4006
2023-04-09 10:00:00,-1.4049
2023-04-09 11:00:00,-1.4107
2023-04-09 12:00:00,-1.4197
2023-04-09 13:00:00,-1.4304
2023-04-09 14:00:00,-1.4405
2023-04-09 15:00:00,-1.4438
2023-04-09 16:00:00,-1.4437
2023-04-09 17:00:00,-1.4373
2023-04-09 18:00:00,-1.4365
2023-04-09 19:00:00,-1.4382
2023-04-09 20:00:00,-1.4368
2023-04-09 21:00:00,-1.4373
2023-04-09 22:00:00,-1.4408
2023-04-09 23:00:00,-1.4504
2023-04-10 00:00:00,-1.4495
2023-04-10 01:00:00,-1.4576
2023-04-10 02:00:00,-1.4592
2023-04-10 03:00:00,-1.4615
2023-04-10 04:00:00,-1.4601
2023-04-10 05:00:00,-1.4588
2023-04-10 06:00:00,-1.4551
2023-04-10 07:00:00,-1.4536
2023-04-10 08:00:00,-1.4521
2023-04-10 09:00:00,-1.4491
2023-04-10 10:00:00,-1.4479
2023-04-10 11:00:00,-1.4509
2023-04-10 12:00:00,-1.4542
2023-04-10 13:00:00,-1.4550
2023-04-10 14:00:00,-1.4584
2023-04-10 15:00:00,-1.4624
2023-04-10 16:00:00,-1.4650
2023-04-10 17:00:00,-1.4661
2023-04-10 18:00:00,-1.4628
2023-04-10 19:00:00,-1.4674
2023-04-10 20:00:00,-1.4662
2023-04-10 21:00:00,-1.4640
2023-04-10 22:00:00,-1.4639
2023-04-10 23:00:00,-1.4648
2023-04-11 00:00:00,-1.4666
2023-04-11 01:00:00,-1.4737
2023-04-11 02:00:00,-1.4747
2023-04-11 03:00:00,-1.4754
2023-04-11 04:00:00,-1.4762
2023-04-11 05:00:00,-1.4705
2023-04-11 06:00:00,-1.4591
2023-04-11 07:00:00,-1.4462
2023-04-11 08:00:00,-1.4391
2023-04-11 09:00:00,-1.4290
2023-04-11 10:00:00,-1.4162
2023-04-11 11:00:00,-1.4051
2023-04-11 12:00:00,-1.3998
2023-04-11 13:00:00,-1.3846
2023-04-11 14:00:00,-1.3731
2023-04-11 15:00:00,-1.3631
2023-04-11 16:00:00,-1.3561
2023-04-11 17:00:00,-1.3489
2023-04-11 18:00:00,-1.3398
2023-04-11 19:00:00,-1.3349
2023-04-11 20:00:00,-1.3314
2023-04-11 21:00:00,-1.3297
2023-04-11 22:00:00,-1.3324
2023-04-11 23:00:00,-1.3337
2023-04-12 00:00:00,-1.3437
2023-04-12 01:00:00,-1.3541
2023-04-12 02:00:00,-1.3625
2023-04-12 03:00:00,-1.3703
2023-04-12 04:00:00,-1.3793
2023-04-12 05:00:00,-1.3850
2023-04-12 06:00:00,-1.3915
2023-04-12 07:00:00,-1.3956
2023-04-12 08:00:00,-1.3993
2023-04-12 09:00:00,-1.4016
2023-04-12 10:00:00,-1.3989
2023-04-12 11:00:00,-1.3961
2023-04-12 12:00:00,-1.3925
2023-04-12 13:00:00,-1.3862
2023-04-12 14:00:00,-1.3826
2023-04-12 15:00:00,-1.3835
2023-04-12 16:00:00,-1.3877
2023-04-12 17:00:00,-1.3869
2023-04-12 18:00:00,-1.3839
2023-04-12 19:00:00,-1.3819
2023-04-12 20:00:00,-1.3777
2023-04-12 21:00:00,-1.3737
2023-04-12 22:00:00,-1.3676
2023-04-12 23:00:00,-1.3626
2023-04-13 00:00:00,-1.3693
2023-04-13 01:00:00,-1.3802
2023-04-13 02:00:00,-1.3961
2023-04-13 03:00:00,-1.4184
2023-04-13 04:00:00,-1.4304
2023-04-13 05:00:00,-1.4463
2023-04-13 06:00:00,-1.4531
2023-04-13 07:00:00,-1.4564
2023-04-13 08:00:00,-1.4563
2023-04-13 09:00:00,-1.4526
2023-04-13 10:00:00,-1.4427
2023-04-13 11:00:00,-1.4361
2023-04-13 12:00:00,-1.4241
2023-04-13 13:00:00,-1.4148
2023-04-13 14:00:00,-1.4061
2023-04-13 15:00:00,-1.3984
2023-04-13 16:00:00,-1.3947
2023-04-13 17:00:00,-1.3898
2023-04-13 18:00:00,-1.3822
2023-04-13 19:00:00,-1.3802
2023-04-13 20:00:00,-1.3840
2023-04-13 21:00:00,-1.3878
2023-04-13 22:00:00,-1.3953
2023-04-13 23:00:00,-1.4076
2023-04-14 00:00:00,-1.4236
2023-04-14 01:00:00,-1.4420
2023-04-14 02:00:00,-1.4572
2023-04-14 03:00:00,-1.4668
2023-04-14 04:00:00,-1.4709
2023-04-14 05:00:00,-1.4714
2023-04-14 06:00:00,-1.4697
2023-04-14 07:00:00,-1.4666
2023-04-14 08:00:00,-1.4633
2023-04-14 09:00:00,-1.4588
2023-04-14 10:00:00,-1.4609
2023-04-14 11:00:00,-1.4568
2023-04-14 12:00:00,-1.4529
2023-04-14 13:00:00,-1.4484
2023-04-14 14:00:00,-1.4443
2023-04-14 15:00:00,-1.4410
2023-04-14 16:00:00,-1.4375
2023-04-14 17:00:00,-1.4368
2023-04-14 18:00:00,-1.4384
2023-04-14 19:00:00,-1.4395
2023-04-14 20:00:00,-1.4365
2023-04-14 21:00:00,-1.4359
2023-04-14 22:00:00,-1.4365
2023-04-14 23:00:00,-1.4304
2023-04-15 00:00:00,-1.4210
2023-04-15 01:00:00,-1.4159
2023-04-15 02:00:00,-1.4105
2023-04-15 03:00:00,-1.4081
2023-04-15 04:00:00,-1.4077
2023-04-15 05:00:00,-1.4044
2023-04-15 06:00:00,-1.4084
2023-04-15 07:00:00,-1.4161
2023-04-15 08:00:00,-1.4224
2023-04-15 09:00:00,-1.4205
2023-04-15 10:00:00,-1.4149
2023-04-15 11:00:00,-1.4137
2023-04-15 12:00:00,-1.4079
2023-04-15 13:00:00,-1.4000
2023-04-15 14:00:00,-1.3931
2023-04-15 15:00:00,-1.3897
2023-04-15 16:00:00,-1.3821
2023-04-15 17:00:00,-1.3725
2023-04-15 18:00:00,-1.3652
2023-04-15 19:00:00,-1.3540
2023-04-15 20:00:00,-1.3476
2023-04-15 21:00:00,-1.3395
2023-04-15 22:00:00,-1.3352
2023-04-15 23:00:00,-1.3283
2023-04-16 00:00:00,-1.3195
2023-04-16 01:00:00,-1.3137
2023-04-16 02:00:00,-1.3089
2023-04-16 03:00:00,-1.3057
2023-04-16 04:00:00,-1.3009
2023-04-16 05:00:00,-1.2983
2023-04-16 06:00:00,-1.2959
2023-04-16 07:00:00,-1.2960
2023-04-16 08:00:00,-1.2969
2023-04-16 09:00:00,-1.2959
2023-04-16 10:00:00,-1.2945
2023-04-16 11:00:00,-1.2916
2023-04-16 12:00:00,-1.2875
2023-04-16 13:00:00,-1.2902
2023-04-16 14:00:00,-1.2884
2023-04-16 15:00:00,-1.2851
2023-04-16 16:00:00,-1.2830
2023-04-16 17:00:00,-1.2861
2023-04-16 18:00:00,-1.2887
2023-04-16 19:00:00,-1.2922
2023-04-16 20:00:00,-1.2957
2023-04-16 21:00:00,-1.3031
2023-04-16 22:00:00,-1.3126
2023-04-16 23:00:00,-1.3204
2023-04-17 00:00:00,-1.3303
2023-04-17 01:00:00,-1.3357
2023-04-17 02:00:00,-1.3408
2023-04-17 03:00:00,-1.3478
2023-04-17 04:00:00,-1.3518
2023-04-17 05:00:00,-1.3576
2023-04-17 06:00:00,-1.3653
2023-04-17 07:00:00,-1.3719
2023-04-17 08:00:00,-1.3833
2023-04-17 09:00:00,-1.3965
2023-04-17 10:00:00,-1.4152
2023-04-17 11:00:00,-1.4303
2023-04-17 12:00:00,-1.4378
2023-04-17 13:00:00,-1.4449
2023-04-17 14:00:00,-1.4464
2023-04-17 15:00:00,-1.4497
2023-04-17 16:00:00,-1.4504
2023-04-17 17:00:00,-1.4567
2023-04-17 18:00:00,-1.4595
2023-04-17 19:00:00,-1.4646
2023-04-17 20:00:00,-1.4586
2023-04-17 21:00:00,-1.4671
2023-04-17 22:00:00,-1.4695
2023-04-17 23:00:00,-1.4692
2023-04-18 00:00:00,-1.4692
2023-04-18 01:00:00,-1.4688
2023-04-18 02:00:00,-1.4626
2023-04-18 03:00:00,-1.4623
2023-04-18 04:00:00,-1.4615
2023-04-18 05:00:00,-1.4619
2023-04-18 06:00:00,-1.4620
2023-04-18 07:00:00,-1.4687
2023-04-18 08:00:00,-1.4759
2023-04-18 09:00:00,-1.4771
2023-04-18 10:00:00,-1.4768
2023-04-18 11:00:00,-1.4788
2023-04-18 12:00:00,-1.4780
2023-04-18 13:00:00,-1.4799
2023-04-18 14:00:00,-1.4805
2023-04-18 15:00:00,-1.4783
2023-04-18 16:00:00,-1.4801
2023-04-18 17:00:00,-1.4826
2023-04-18 18:00:00,-1.4836
2023-04-18 19:00:00,-1.4846
2023-04-18 20:00:00,-1.4848
2023-04-18 21:00:00,-1.4851
2023-04-18 22:00:00,-1.4856
2023-04-18 23:00:00,-1.4864
2023-04-19 00:00:00,-1.4858
2023-04-19 01:00:00,-1.4864
2023-04-19 02:00:00,-1.4821
2023-04-19 03:00:00,-1.4818
2023-04-19 04:00:00,-1.4769
2023-04-19 05:00:00,-1.4713
2023-04-19 06:00:00,-1.4678
2023-04-19 07:00:00,-1.4667
2023-04-19 08:00:00,-1.4684
2023-04-19 09:00:00,-1.4698
2023-04-19 10:00:00,-1.4726
2023-04-19 11:00:00,-1.4732
2023-04-19 12:00:00,-1.4762
2023-04-19 13:00:00,-1.4750
2023-04-19 14:00:00,-1.4750
2023-04-19 15:00:00,-1.4740
2023-04-19 16:00:00,-1.4716
2023-04-19 17:00:00,-1.4657
2023-04-19 18:00:00,-1.4608
2023-04-19 19:00:00,-1.4568
2023-04-19 20:00:00,-1.4539
2023-04-19 21:00:00,-1.4522
2023-04-19 22:00:00,-1.4492
2023-04-19 23:00:00,-1.4475
2023-04-20 00:00:00,-1.4440
2023-04-20 01:00:00,-1.4430
2023-04-20 02:00:00,-1.4430
2023-04-20 03:00:00,-1.4455
2023-04-20 04:00:00,-1.4470
2023-04-20 05:00:00,-1.4473
2023-04-20 06:00:00,-1.4499
2023-04-20 07:00:00,-1.4549
2023-04-20 08:00:00,-1.4591
2023-04-20 09:00:00,-1.4654
2023-04-20 10:00:00,-1.4708
2023-04-20 11:00:00,-1.4728
2023-04-20 12:00:00,-1.4760
2023-04-20 13:00:00,-1.4795
2023-04-20 14:00:00,-1.4775
2023-04-20 15:00:00,-1.4756
2023-04-20 16:00:00,-1.4719
2023-04-20 17:00:00,-1.4717
2023-04-20 18:00:00,-1.4718
2023-04-20 19:00:00,-1.4725
2023-04-20 20:00:00,-1.4801
2023-04-20 21:00:00,-1.4854
2023-04-20 22:00:00,-1.4890
2023-04-20 23:00:00,-1.4906
2023-04-21 00:00:00,-1.4938
2023-04-21 01:00:00,-1.4957
2023-04-21 02:00:00,-1.4930
2023-04-21 03:00:00,-1.4948
2023-04-21 04:00:00,-1.4944
2023-04-21 05:00:00,-1.4945
2023-04-21 06:00:00,-1.4841
2023-04-21 07:00:00,-1.4814
2023-04-21 08:00:00,-1.4778
2023-04-21 09:00:00,-1.4770
2023-04-21 10:00:00,-1.4777
2023-04-21 11:00:00,-1.4819
2023-04-21 12:00:00,-1.4835
2023-04-21 13:00:00,-1.4844
2023-04-21 14:00:00,-1.4843
2023-04-21 15:00:00,-1.4825
2023-04-21 16:00:00,-1.4781
2023-04-21 17:00:00,-1.4766
2023-04-21 18:00:00,-1.4743
2023-04-21 19:00:00,-1.4740
2023-04-21 20:00:00,-1.4719
2023-04-21 21:00:00,-1.4788
2023-04-21 22:00:00,-1.4803
2023-04-21 23:00:00,-1.4834
2023-04-22 00:00:00,-1.4811
2023-04-22 01:00:00,-1.4821
2023-04-22 02:00:00,-1.4799
2023-04-22 03:00:00,-1.4791
2023-04-22 04:00:00,-1.4761
2023-04-22 05:00:00,-1.4737
2023-04-22 06:00:00,-1.4636
2023-04-22 07:00:00,-1.4559
2023-04-22 08:00:00,-1.4450
2023-04-22 09:00:00,-1.4314
2023-04-22 10:00:00,-1.4238
2023-04-22 11:00:00,-1.4216
2023-04-22 12:00:00,-1.4222
2023-04-22 13:00:00,-1.4220
2023-04-22 14:00:00,-1.4227
2023-04-22 15:00:00,-1.4160
2023-04-22 16:00:00,-1.4133
2023-04-22 17:00:00,-1.4108
2023-04-22 18:00:00,-1.4011
2023-04-22 19:00:00,-1.3949
2023-04-22 20:00:00,-1.3938
2023-04-22 21:00:00,-1.3899
2023-04-22 22:00:00,-1.3892
2023-04-22 23:00:00,-1.3899
2023-04-23 00:00:00,-1.3891
2023-04-23 01:00:00,-1.3966
2023-04-23 02:00:00,-1.3931
2023-04-23 03:00:00,-1.3930
2023-04-23 04:00:00,-1.3879
2023-04-23 05:00:00,-1.3853
2023-04-23 06:00:00,-1.3849
2023-04-23 07:00:00,-1.3828
2023-04-23 08:00:00,-1.3782
2023-04-23 09:00:00,-1.3727
2023-04-23 10:00:00,-1.3727
2023-04-23 11:00:00,-1.3753
2023-04-23 12:00:00,-1.3783
2023-04-23 13:00:00,-1.3815
2023-04-23 14:00:00,-1.3818
2023-04-23 15:00:00,-1.3836
2023-04-23 16:00:00,-1.3872
2023-04-23 17:00:00,-1.3875
2023-04-23 18:00:00,-1.3898
2023-04-23 19:00:00,-1.3897
2023-04-23 20:00:00,-1.3920
2023-04-23 21:00:00,-1.3866
2023-04-23 22:00:00,-1.3810
2023-04-23 23:00:00,-1.3803
2023-04-24 00:00:00,-1.3807
2023-04-24 01:00:00,-1.3775
2023-04-24 02:00:00,-1.3682
2023-04-24 03:00:00,-1.3572
2023-04-24 04:00:00,-1.3428
2023-04-24 05:00:00,-1.3157
2023-04-24 06:00:00,-1.1795
2023-04-24 07:00:00,-0.9444
2023-04-24 08:00:00,-0.9337
2023-04-24 09:00:00,-0.9981
2023-04-24 10:00:00,-1.0431
2023-04-24 11:00:00,-1.0680
2023-04-24 12:00:00,-1.0942
2023-04-24 13:00:00,-1.1180
2023-04-24 14:00:00,-1.1392
2023-04-24 15:00:00,-1.1566
2023-04-24 16:00:00,-1.1709
2023-04-24 17:00:00,-1.1782
2023-04-24 18:00:00,-1.1797
2023-04-24 19:00:00,-1.1852
2023-04-24 20:00:00,-1.1941
2023-04-24 21:00:00,-1.2037
2023-04-24 22:00:00,-1.2112
2023-04-24 23:00:00,-1.2172
2023-04-25 00:00:00,-1.2227
2023-04-25 01:00:00,-1.2287
2023-04-25 02:00:00,-1.2346
2023-04-25 03:00:00,-1.2381
2023-04-25 04:00:00,-1.2470
2023-04-25 05:00:00,-1.2543
2023-04-25 06:00:00,-1.2610
2023-04-25 07:00:00,-1.2680
2023-04-25 08:00:00,-1.2728
2023-04-25 09:00:00,-1.2815
2023-04-25 10:00:00,-1.2911
2023-04-25 11:00:00,-1.2976
2023-04-25 12:00:00,-1.3060
2023-04-25 13:00:00,-1.3135
2023-04-25 14:00:00,-1.3205
2023-04-25 15:00:00,-1.3249
2023-04-25 16:00:00,-1.3262
2023-04-25 17:00:00,-1.3264
2023-04-25 18:00:00,-1.3297
2023-04-25 19:00:00,-1.3311
2023-04-25 20:00:00,-1.3334
2023-04-25 21:00:00,-1.3324
2023-04-25 22:00:00,-1.3325
2023-04-25 23:00:00,-1.3314
2023-04-26 00:00:00,-1.3394
2023-04-26 01:00:00,-1.3482
2023-04-26 02:00:00,-1.3600
2023-04-26 03:00:00,-1.3703
2023-04-26 04:00:00,-1.3801
2023-04-26 05:00:00,-1.3872
2023-04-26 06:00:00,-1.3920
2023-04-26 07:00:00,-1.3969
2023-04-26 08:00:00,-1.3984
2023-04-26 09:00:00,-1.3996
2023-04-26 10:00:00,-1.3997
2023-04-26 11:00:00,-1.4034
2023-04-26 12:00:00,-1.4087
2023-04-26 13:00:00,-1.4141
2023-04-26 14:00:00,-1.4183
2023-04-26 15:00:00,-1.4203
2023-04-26 16:00:00,-1.4264
2023-04-26 17:00:00,-1.4314
2023-04-26 18:00:00,-1.4331
2023-04-26 19:00:00,-1.4329
2023-04-26 20:00:00,-1.4323
2023-04-26 21:00:00,-1.4330
2023-04-26 22:00:00,-1.4349
2023-04-26 23:00:00,-1.4300
2023-04-27 00:00:00,-1.4292
2023-04-27 01:00:00,-1.4309
2023-04-27 02:00:00,-1.4297
2023-04-27 03:00:00,-1.4321
2023-04-27 04:00:00,-1.4327
2023-04-27 05:00:00,-1.4357
2023-04-27 06:00:00,-1.4370
2023-04-27 07:00:00,-1.4370
2023-04-27 08:00:00,-1.4345
2023-04-27 09:00:00,-1.4284
2023-04-27 10:00:00,-1.4196
2023-04-27 11:00:00,-1.4093
2023-04-27 12:00:00,-1.4030
2023-04-27 13:00:00,-1.3968
2023-04-27 14:00:00,-1.3936
2023-04-27 15:00:00,-1.3935
2023-04-27 16:00:00,-1.3967
2023-04-27 17:00:00,-1.3977
2023-04-27 18:00:00,-1.3941
2023-04-27 19:00:00,-1.3898
2023-04-27 20:00:00,-1.3946
2023-04-27 21:00:00,-1.3904
2023-04-27 22:00:00,-1.3833
2023-04-27 23:00:00,-1.3721
2023-04-28 00:00:00,-1.3642
2023-04-28 01:00:00,-1.3583
2023-04-28 02:00:00,-1.3556
2023-04-28 03:00:00,-1.3489
2023-04-28 04:00:00,-1.3443
2023-04-28 05:00:00,-1.3421
2023-04-28 06:00:00,-1.3378
2023-04-28 07:00:00,-1.3352
2023-04-28 08:00:00,-1.3396
2023-04-28 09:00:00,-1.3365
2023-04-28 10:00:00,-1.3266
2023-04-28 11:00:00,-1.3246
2023-04-28 12:00:00,-1.3227
2023-04-28 13:00:00,-1.3256
2023-04-28 14:00:00,-1.3300
2023-04-28 15:00:00,-1.3362
2023-04-28 16:00:00,-1.3485
2023-04-28 17:00:00,-1.3566
2023-04-28 18:00:00,-1.3662
2023-04-28 19:00:00,-1.3754
2023-04-28 20:00:00,-1.3812
2023-04-28 21:00:00,-1.3822
2023-04-28 22:00:00,-1.3811
2023-04-28 23:00:00,-1.3765
2023-04-29 00:00:00,-1.3710
2023-04-29 01:00:00,-1.3632
2023-04-29 02:00:00,-1.3608
2023-04-29 03:00:00,-1.3589
2023-04-29 04:00:00,-1.3551
2023-04-29 05:00:00,-1.3497
2023-04-29 06:00:00,-1.3500
2023-04-29 07:00:00,-1.3505
2023-04-29 08:00:00,-1.3560
2023-04-29 09:00:00,-1.3574
2023-04-29 10:00:00,-1.3615
2023-04-29 11:00:00,-1.3647
2023-04-29 12:00:00,-1.3677
2023-04-29 13:00:00,-1.3685
2023-04-29 14:00:00,-1.3694
2023-04-29 15:00:00,-1.3668
2023-04-29 16:00:00,-1.3623
2023-04-29 17:00:00,-1.3542
2023-04-29 18:00:00,-1.3476
2023-04-29 19:00:00,-1.3404
2023-04-29 20:00:00,-1.3340
2023-04-29 21:00:00,-1.3305
2023-04-29 22:00:00,-1.3310
2023-04-29 23:00:00,-1.3298
2023-04-30 00:00:00,-1.3288
2023-04-30 01:00:00,-1.3273
2023-04-30 02:00:00,-1.3280
2023-04-30 03:00:00,-1.3282
2023-04-30 04:00:00,-1.3292
2023-04-30 05:00:00,-1.3281
2023-04-30 06:00:00,-1.3282
2023-04-30 07:00:00,-1.3364
2023-04-30 08:00:00,-1.3483
2023-04-30 09:00:00,-1.3538
2023-04-30 10:00:00,-1.3580
2023-04-30 11:00:00,-1.3618
2023-04-30 12:00:00,-1.3582
2023-04-30 13:00:00,-1.3508
2023-04-30 14:00:00,-1.3427
2023-04-30 15:00:00,-1.3359
2023-04-30 16:00:00,-1.3374
2023-04-30 17:00:00,-1.3359
2023-04-30 18:00:00,-1.3383
2023-04-30 19:00:00,-1.3470
2023-04-30 20:00:00,-1.3567
2023-04-30 21:00:00,-1.3665
2023-04-30 22:00:00,-1.3766
2023-04-30 23:00:00,-1.3821
2023-05-01 00:00:00,-1.3823
2023-05-01 01:00:00,-1.3752
2023-05-01 02:00:00,-1.3661
2023-05-01 03:00:00,-1.3559
2023-05-01 04:00:00,-1.3482
2023-05-01 05:00:00,-1.3448
2023-05-01 06:00:00,-1.3490
2023-05-01 07:00:00,-1.3583
2023-05-01 08:00:00,-1.3728
2023-05-01 09:00:00,-1.3888
2023-05-01 10:00:00,-1.4014
2023-05-01 11:00:00,-1.4102
2023-05-01 12:00:00,-1.4187
2023-05-01 13:00:00,-1.4251
2023-05-01 14:00:00,-1.4242
2023-05-01 15:00:00,-1.4235
2023-05-01 16:00:00,-1.4191
2023-05-01 17:00:00,-1.4103
2023-05-01 18:00:00,-1.4048
2023-05-01 19:00:00,-1.4032
2023-05-01 20:00:00,-1.4047
2023-05-01 21:00:00,-1.3987
2023-05-01 22:00:00,-1.3973
2023-05-01 23:00:00,-1.3931
2023-05-02 00:00:00,-1.3869
2023-05-02 01:00:00,-1.3848
2023-05-02 02:00:00,-1.3839
2023-05-02 03:00:00,-1.3755
2023-05-02 04:00:00,-1.3728
2023-05-02 05:00:00,-1.3698
2023-05-02 06:00:00,-1.3623
2023-05-02 07:00:00,-1.3571
2023-05-02 08:00:00,-1.3540
2023-05-02 09:00:00,-1.3521
2023-05-02 10:00:00,-1.3443
2023-05-02 11:00:00,-1.3372
2023-05-02 12:00:00,-1.3334
2023-05-02 13:00:00,-1.3262
2023-05-02 14:00:00,-1.3219
2023-05-02 15:00:00,-1.3184
2023-05-02 16:00:00,-1.3163
2023-05-02 17:00:00,-1.3151
2023-05-02 18:00:00,-1.3096
2023-05-02 19:00:00,-1.3052
2023-05-02 20:00:00,-1.3036
2023-05-02 21:00:00,-1.3042
2023-05-02 22:00:00,-1.3072
2023-05-02 23:00:00,-1.3120
2023-05-03 00:00:00,-1.3115
2023-05-03 01:00:00,-1.3170
2023-05-03 02:00:00,-1.3221
2023-05-03 03:00:00,-1.3228
2023-05-03 04:00:00,-1.3192
2023-05-03 05:00:00,-1.3174
2023-05-03 06:00:00,-1.3269
2023-05-03 07:00:00,-1.3300
2023-05-03 08:00:00,-1.3349
2023-05-03 09:00:00,-1.3377
2023-05-03 10:00:00,-1.3422
2023-05-03 11:00:00,-1.3500
2023-05-03 12:00:00,-1.3574
2023-05-03 13:00:00,-1.3644
2023-05-03 14:00:00,-1.3673
2023-05-03 15:00:00,-1.3706
2023-05-03 16:00:00,-1.3774
2023-05-03 17:00:00,-1.3791
2023-05-03 18:00:00,-1.3825
2023-05-03 19:00:00,-1.3848
2023-05-03 20:00:00,-1.3845
2023-05-03 21:00:00,-1.3885
2023-05-03 22:00:00,-1.3879
2023-05-03 23:00:00,-1.3872
2023-05-04 00:00:00,-1.3845
2023-05-04 01:00:00,-1.3831
2023-05-04 02:00:00,-1.3849
2023-05-04 03:00:00,-1.3784
2023-05-04 04:00:00,-1.3718
2023-05-04 05:00:00,-1.3676
2023-05-04 06:00:00,-1.3669
2023-05-04 07:00:00,-1.3664
2023-05-04 08:00:00,-1.3691
2023-05-04 09:00:00,-1.3728
2023-05-04 10:00:00,-1.3770
2023-05-04 11:00:00,-1.3843
2023-05-04 12:00:00,-1.3932
2023-05-04 13:00:00,-1.3950
2023-05-04 14:00:00,-1.3935
2023-05-04 15:00:00,-1.3997
2023-05-04 16:00:00,-1.4016
2023-05-04 17:00:00,-1.4032
2023-05-04 18:00:00,-1.4071
2023-05-04 19:00:00,-1.4108
2023-05-04 20:00:00,-1.4147
2023-05-04 21:00:00,-1.4294
2023-05-04 22:00:00,-1.4379
2023-05-04 23:00:00,-1.4431
2023-05-05 00:00:00,-1.4449
2023-05-05 01:00:00,-1.4491
2023-05-05 02:00:00,-1.4559
2023-05-05 03:00:00,-1.4522
2023-05-05 04:00:00,-1.4455
2023-05-05 05:00:00,-1.4490
2023-05-05 06:00:00,-1.4468
2023-05-05 07:00:00,-1.4429
2023-05-05 08:00:00,-1.4380
2023-05-05 09:00:00,-1.4327
2023-05-05 10:00:00,-1.4323
2023-05-05 11:00:00,-1.4325
2023-05-05 12:00:00,-1.4378
2023-05-05 13:00:00,-1.4352
2023-05-05 14:00:00,-1.4319
2023-05-05 15:00:00,-1.4328
2023-05-05 16:00:00,-1.4331
2023-05-05 17:00:00,-1.4285
2023-05-05 18:00:00,-1.4193
2023-05-05 19:00:00,-1.4122
2023-05-05 20:00:00,-1.4103
2023-05-05 21:00:00,-1.4139
2023-05-05 22:00:00,-1.4175
2023-05-05 23:00:00,-1.4218
2023-05-06 00:00:00,-1.4210
2023-05-06 01:00:00,-1.4180
2023-05-06 02:00:00,-1.4211
2023-05-06 03:00:00,-1.4209
2023-05-06 04:00:00,-1.4186
2023-05-06 05:00:00,-1.4145
2023-05-06 06:00:00,-1.4091
2023-05-06 07:00:00,-1.4078
2023-05-06 08:00:00,-1.4090
2023-05-06 09:00:00,-1.4067
2023-05-06 10:00:00,-1.4142
2023-05-06 11:00:00,-1.4171
2023-05-06 12:00:00,-1.4240
2023-05-06 13:00:00,-1.4337
2023-05-06 14:00:00,-1.4449
2023-05-06 15:00:00,-1.4487
2023-05-06 16:00:00,-1.4528
2023-05-06 17:00:00,-1.4496
2023-05-06 18:00:00,-1.4455
2023-05-06 19:00:00,-1.4482
2023-05-06 20:00:00,-1.4141
2023-05-06 21:00:00,-1.3213
2023-05-06 22:00:00,-1.2919
2023-05-06 23:00:00,-1.2767
2023-05-07 00:00:00,-1.2678
2023-05-07 01:00:00,-1.2536
2023-05-07 02:00:00,-1.2496
2023-05-07 03:00:00,-1.2421
2023-05-07 04:00:00,-1.2372
2023-05-07 05:00:00,-1.2420
2023-05-07 06:00:00,-1.2466
2023-05-07 07:00:00,-1.2499
2023-05-07 08:00:00,-1.2536
2023-05-07 09:00:00,-1.2571
2023-05-07 10:00:00,-1.2541
2023-05-07 11:00:00,-1.2604
2023-05-07 12:00:00,-1.2684
2023-05-07 13:00:00,-1.2697
2023-05-07 14:00:00,-1.2773
2023-05-07 15:00:00,-1.2871
2023-05-07 16:00:00,-1.2979
2023-05-07 17:00:00,-1.3038
2023-05-07 18:00:00,-1.2916
2023-05-07 19:00:00,-1.2665
2023-05-07 20:00:00,-1.2383
2023-05-07 21:00:00,-1.2255
2023-05-07 22:00:00,-1.2177
2023-05-07 23:00:00,-1.2119
2023-05-08 00:00:00,-1.2061
2023-05-08 01:00:00,-1.2030
2023-05-08 02:00:00,-1.1995
2023-05-08 03:00:00,-1.1965
2023-05-08 04:00:00,-1.1896
2023-05-08 05:00:00,-1.1850
2023-05-08 06:00:00,-1.1763
2023-05-08 07:00:00,-1.1760
2023-05-08 08:00:00,-1.1751
2023-05-08 09:00:00,-1.1703
2023-05-08 10:00:00,-1.1653
2023-05-08 11:00:00,-1.1654
2023-05-08 12:00:00,-1.1702
2023-05-08 13:00:00,-1.1753
2023-05-08 14:00:00,-1.1759
2023-05-08 15:00:00,-1.1760
2023-05-08 16:00:00,-1.1781
2023-05-08 17:00:00,-1.1805
2023-05-08 18:00:00,-1.1834
2023-05-08 19:00:00,-1.1831
2023-05-08 20:00:00,-1.1771
2023-05-08 21:00:00,-1.1785
2023-05-08 22:00:00,-1.1823
2023-05-08 23:00:00,-1.1819
2023-05-09 00:00:00,-1.1745
2023-05-09 01:00:00,-1.1737
2023-05-09 02:00:00,-1.1761
2023-05-09 03:00:00,-1.1816
2023-05-09 04:00:00,-1.1828
2023-05-09 05:00:00,-1.1836
2023-05-09 06:00:00,-1.1827
2023-05-09 07:00:00,-1.1823
2023-05-09 08:00:00,-1.1791
2023-05-09 09:00:00,-1.1788
2023-05-09 10:00:00,-1.1811
2023-05-09 11:00:00,-1.1822
2023-05-09 12:00:00,-1.1872
2023-05-09 13:00:00,-1.1945
2023-05-09 14:00:00,-1.2029
2023-05-09 15:00:00,-1.2077
2023-05-09 16:00:00,-1.2022
2023-05-09 17:00:00,-1.1794
2023-05-09 18:00:00,-1.1586
2023-05-09 19:00:00,-1.1420
2023-05-09 20:00:00,-1.1088
2023-05-09 21:00:00,-1.0758
2023-05-09 22:00:00,-1.0695
2023-05-09 23:00:00,-1.0816
2023-05-10 00:00:00,-1.0954
2023-05-10 01:00:00,-1.1099
2023-05-10 02:00:00,-1.1228
2023-05-10 03:00:00,-1.1322
2023-05-10 04:00:00,-1.1412
2023-05-10 05:00:00,-1.1460
2023-05-10 06:00:00,-1.1487
2023-05-10 07:00:00,-1.1480
2023-05-10 08:00:00,-1.1458
2023-05-10 09:00:00,-1.1433
2023-05-10 10:00:00,-1.1447
2023-05-10 11:00:00,-1.1449
2023-05-10 12:00:00,-1.1463
2023-05-10 13:00:00,-1.1450
2023-05-10 14:00:00,-1.1456
2023-05-10 15:00:00,-1.1481
2023-05-10 16:00:00,-1.1465
2023-05-10 17:00:00,-1.1470
2023-05-10 18:00:00,-1.1450
2023-05-10 19:00:00,-1.1411
2023-05-10 20:00:00,-1.1414
2023-05-10 21:00:00,-1.1380
2023-05-10 22:00:00,-1.1395
2023-05-10 23:00:00,-1.1381
2023-05-11 00:00:00,-1.1378
2023-05-11 01:00:00,-1.1451
2023-05-11 02:00:00,-1.1513
2023-05-11 03:00:00,-1.1525
2023-05-11 04:00:00,-1.1488
2023-05-11 05:00:00,-1.1488
2023-05-11 06:00:00,-1.1446
2023-05-11 07:00:00,-1.1439
2023-05-11 08:00:00,-1.1480
2023-05-11 09:00:00,-1.1550
2023-05-11 10:00:00,-1.1519
2023-05-11 11:00:00,-1.1545
2023-05-11 12:00:00,-1.1569
2023-05-11 13:00:00,-1.1595
2023-05-11 14:00:00,-1.1618
2023-05-11 15:00:00,-1.1637
2023-05-11 16:00:00,-1.1640
2023-05-11 17:00:00,-1.1664
2023-05-11 18:00:00,-1.1644
2023-05-11 19:00:00,-1.1561
2023-05-11 20:00:00,-1.1505
2023-05-11 21:00:00,-1.1481
2023-05-11 22:00:00,-1.1450
2023-05-11 23:00:00,-1.1387
2023-05-12 00:00:00,-1.1329
2023-05-12 01:00:00,-1.1294
2023-05-12 02:00:00,-1.1274
2023-05-12 03:00:00,-1.1245
2023-05-12 04:00:00,-1.1218
2023-05-12 05:00:00,-1.1201
2023-05-12 06:00:00,-1.1181
2023-05-12 07:00:00,-1.1121
2023-05-12 08:00:00,-1.1075
2023-05-12 09:00:00,-1.1021
2023-05-12 10:00:00,-1.0971
2023-05-12 11:00:00,-1.0933
2023-05-12 12:00:00,-1.0966
2023-05-12 13:00:00,-1.0999
2023-05-12 14:00:00,-1.1052
2023-05-12 15:00:00,-1.1132
2023-05-12 16:00:00,-1.1161
2023-05-12 17:00:00,-1.1176
2023-05-12 18:00:00,-1.1205
2023-05-12 19:00:00,-1.1233
2023-05-12 20:00:00,-1.1242
2023-05-12 21:00:00,-1.1205
2023-05-12 22:00:00,-1.1181
2023-05-12 23:00:00,-1.1159
2023-05-13 00:00:00,-1.1154
2023-05-13 01:00:00,-1.1119
2023-05-13 02:00:00,-1.1044
2023-05-13 03:00:00,-1.1079
2023-05-13 04:00:00,-1.1190
2023-05-13 05:00:00,-1.1237
2023-05-13 06:00:00,-1.1302
2023-05-13 07:00:00,-1.1363
2023-05-13 08:00:00,-1.1407
2023-05-13 09:00:00,-1.1388
2023-05-13 10:00:00,-1.1405
2023-05-13 11:00:00,-1.1395
2023-05-13 12:00:00,-1.1370
2023-05-13 13:00:00,-1.1401
2023-05-13 14:00:00,-1.1470
2023-05-13 15:00:00,-1.1513
2023-05-13 16:00:00,-1.1532
2023-05-13 17:00:00,-1.1504
2023-05-13 18:00:00,-1.1558
2023-05-13 19:00:00,-1.1540
2023-05-13 20:00:00,-1.1502
2023-05-13 21:00:00,-1.1508
2023-05-13 22:00:00,-1.1482
2023-05-13 23:00:00,-1.1427
2023-05-14 00:00:00,-1.1434
2023-05-14 01:00:00,-1.1373
2023-05-14 02:00:00,-1.1377
2023-05-14 03:00:00,-1.1420
2023-05-14 04:00:00,-1.1477
2023-05-14 05:00:00,-1.1578
2023-05-14 06:00:00,-1.1588
2023-05-14 07:00:00,-1.1673
2023-05-14 08:00:00,-1.1720
2023-05-14 09:00:00,-1.1727
2023-05-14 10:00:00,-1.1723
2023-05-14 11:00:00,-1.1750
2023-05-14 12:00:00,-1.1698
2023-05-14 13:00:00,-1.1676
2023-05-14 14:00:00,-1.1625
2023-05-14 15:00:00,-1.1612
2023-05-14 16:00:00,-1.1602
2023-05-14 17:00:00,-1.1714
2023-05-14 18:00:00,-1.1824
2023-05-14 19:00:00,-1.1866
2023-05-14 20:00:00,-1.1892
2023-05-14 21:00:00,-1.1914
2023-05-14 22:00:00,-1.1922
2023-05-14 23:00:00,-1.1873
2023-05-15 00:00:00,-1.1799
2023-05-15 01:00:00,-1.1732
2023-05-15 02:00:00,-1.1728
2023-05-15 03:00:00,-1.1733
2023-05-15 04:00:00,-1.1752
2023-05-15 05:00:00,-1.1783
2023-05-15 06:00:00,-1.1824
2023-05-15 07:00:00,-1.1943
2023-05-15 08:00:00,-1.2017
2023-05-15 09:00:00,-1.2090
2023-05-15 10:00:00,-1.2145
2023-05-15 11:00:00,-1.2230
2023-05-15 12:00:00,-1.2269
2023-05-15 13:00:00,-1.2288
2023-05-15 14:00:00,-1.2278
2023-05-15 15:00:00,-1.2260
2023-05-15 16:00:00,-1.2283
2023-05-15 17:00:00,-1.2228
2023-05-15 18:00:00,-1.2209
2023-05-15 19:00:00,-1.2213
2023-05-15 20:00:00,-1.2241
2023-05-15 21:00:00,-1.2246
2023-05-15 22:00:00,-1.2157
2023-05-15 23:00:00,-1.2062
2023-05-16 00:00:00,-1.2004
2023-05-16 01:00:00,-1.1911
2023-05-16 02:00:00,-1.1823
2023-05-16 03:00:00,-1.1738
2023-05-16 04:00:00,-1.1725
2023-05-16 05:00:00,-1.1736
2023-05-16 06:00:00,-1.1723
2023-05-16 07:00:00,-1.1744
2023-05-16 08:00:00,-1.1831
2023-05-16 09:00:00,-1.1860
2023-05-16 10:00:00,-1.1872
2023-05-16 11:00:00,-1.1848
2023-05-16 12:00:00,-1.1836
2023-05-16 13:00:00,-1.1823
2023-05-16 14:00:00,-1.1762
2023-05-16 15:00:00,-1.1690
2023-05-16 16:00:00,-1.1650
2023-05-16 17:00:00,-1.1676
2023-05-16 18:00:00,-1.1718
2023-05-16 19:00:00,-1.1768
2023-05-16 20:00:00,-1.1894
2023-05-16 21:00:00,-1.2018
2023-05-16 22:00:00,-1.2054
2023-05-16 23:00:00,-1.2113
2023-05-17 00:00:00,-1.2203
2023-05-17 01:00:00,-1.2279
2023-05-17 02:00:00,-1.2293
2023-05-17 03:00:00,-1.2264
2023-05-17 04:00:00,-1.2230
2023-05-17 05:00:00,-1.2235
2023-05-17 06:00:00,-1.2212
2023-05-17 07:00:00,-1.2245
2023-05-17 08:00:00,-1.2255
2023-05-17 09:00:00,-1.2264
2023-05-17 10:00:00,-1.2301
2023-05-17 11:00:00,-1.2351
2023-05-17 12:00:00,-1.2340
2023-05-17 13:00:00,-1.2391
2023-05-17 14:00:00,-1.2390
2023-05-17 15:00:00,-1.2342
2023-05-17 16:00:00,-1.2309
2023-05-17 17:00:00,-1.2263
2023-05-17 18:00:00,-1.2243
2023-05-17 19:00:00,-1.2269
2023-05-17 20:00:00,-1.2294
2023-05-17 21:00:00,-1.2353
2023-05-17 22:00:00,-1.2472
2023-05-17 23:00:00,-1.2599
2023-05-18 00:00:00,-1.2690
2023-05-18 01:00:00,-1.2747
2023-05-18 02:00:00,-1.2802
2023-05-18 03:00:00,-1.2812
2023-05-18 04:00:00,-1.2858
2023-05-18 05:00:00,-1.2888
2023-05-18 06:00:00,-1.2936
2023-05-18 07:00:00,-1.3052
2023-05-18 08:00:00,-1.3143
2023-05-18 09:00:00,-1.3263
2023-05-18 10:00:00,-1.3384
2023-05-18 11:00:00,-1.3472
2023-05-18 12:00:00,-1.3547
2023-05-18 13:00:00,-1.3606
2023-05-18 14:00:00,-1.3621
2023-05-18 15:00:00,-1.3604
2023-05-18 16:00:00,-1.3597
2023-05-18 17:00:00,-1.3563
2023-05-18 18:00:00,-1.3537
2023-05-18 19:00:00,-1.3511
2023-05-18 20:00:00,-1.3524
2023-05-18 21:00:00,-1.3587
2023-05-18 22:00:00,-1.3710
2023-05-18 23:00:00,-1.3778
2023-05-19 00:00:00,-1.3815
2023-05-19 01:00:00,-1.3818
2023-05-19 02:00:00,-1.3757
2023-05-19 03:00:00,-1.3629
2023-05-19 04:00:00,-1.3509
2023-05-19 05:00:00,-1.3411
2023-05-19 06:00:00,-1.3319
2023-05-19 07:00:00,-1.3252
2023-05-19 08:00:00,-1.3195
2023-05-19 09:00:00,-1.3137
2023-05-19 10:00:00,-1.3107
2023-05-19 11:00:00,-1.3054
2023-05-19 12:00:00,-1.3004
2023-05-19 13:00:00,-1.2990
2023-05-19 14:00:00,-1.2957
2023-05-19 15:00:00,-1.2934
2023-05-19 16:00:00,-1.2892
2023-05-19 17:00:00,-1.2860
2023-05-19 18:00:00,-1.2861
2023-05-19 19:00:00,-1.2917
2023-05-19 20:00:00,-1.2956
2023-05-19 21:00:00,-1.2962
2023-05-19 22:00:00,-1.2997
2023-05-19 23:00:00,-1.3010
2023-05-20 00:00:00,-1.2995
2023-05-20 01:00:00,-1.2954
2023-05-20 02:00:00,-1.2917
2023-05-20 03:00:00,-1.2899
2023-05-20 04:00:00,-1.2853
2023-05-20 05:00:00,-1.2781
2023-05-20 06:00:00,-1.2770
2023-05-20 07:00:00,-1.2759
2023-05-20 08:00:00,-1.2738
2023-05-20 09:00:00,-1.2725
2023-05-20 10:00:00,-1.2738
2023-05-20 11:00:00,-1.2792
2023-05-20 12:00:00,-1.2828
2023-05-20 13:00:00,-1.2877
2023-05-20 14:00:00,-1.2955
2023-05-20 15:00:00,-1.3038
2023-05-20 16:00:00,-1.3040
2023-05-20 17:00:00,-1.3067
2023-05-20 18:00:00,-1.3050
2023-05-20 19:00:00,-1.3031
2023-05-20 20:00:00,-1.3027
2023-05-20 21:00:00,-1.2993
2023-05-20 22:00:00,-1.2908
2023-05-20 23:00:00,-1.2907
2023-05-21 00:00:00,-1.2910
2023-05-21 01:00:00,-1.2921
2023-05-21 02:00:00,-1.2904
2023-05-21 03:00:00,-1.2903
2023-05-21 04:00:00,-1.2962
2023-05-21 05:00:00,-1.3003
2023-05-21 06:00:00,-1.3008
2023-05-21 07:00:00,-1.3024
2023-05-21 08:00:00,-1.3005
2023-05-21 09:00:00,-1.3000
2023-05-21 10:00:00,-1.3076
2023-05-21 11:00:00,-1.3046
2023-05-21 12:00:00,-1.2995
2023-05-21 13:00:00,-1.3021
2023-05-21 14:00:00,-1.3053
2023-05-21 15:00:00,-1.3082
2023-05-21 16:00:00,-1.3103
2023-05-21 17:00:00,-1.3078
2023-05-21 18:00:00,-1.2962
2023-05-21 19:00:00,-1.2859
2023-05-21 20:00:00,-1.2714
2023-05-21 21:00:00,-1.2618
2023-05-21 22:00:00,-1.2536
2023-05-21 23:00:00,-1.2487
2023-05-22 00:00:00,-1.2455
2023-05-22 01:00:00,-1.2437
2023-05-22 02:00:00,-1.2420
2023-05-22 03:00:00,-1.2468
2023-05-22 04:00:00,-1.2418
2023-05-22 05:00:00,-1.2417
2023-05-22 06:00:00,-1.2505
2023-05-22 07:00:00,-1.2570
2023-05-22 08:00:00,-1.2601
2023-05-22 09:00:00,-1.2605
2023-05-22 10:00:00,-1.2685
2023-05-22 11:00:00,-1.2741
2023-05-22 12:00:00,-1.2765
2023-05-22 13:00:00,-1.2799
2023-05-22 14:00:00,-1.2836
2023-05-22 15:00:00,-1.2956
2023-05-22 16:00:00,-1.3043
2023-05-22 17:00:00,-1.3124
2023-05-22 18:00:00,-1.3129
2023-05-22 19:00:00,-1.3067
2023-05-22 20:00:00,-1.3039
2023-05-22 21:00:00,-1.3016
2023-05-22 22:00:00,-1.2911
2023-05-22 23:00:00,-1.2815
2023-05-23 00:00:00,-1.2643
2023-05-23 01:00:00,-1.2585
2023-05-23 02:00:00,-1.2557
2023-05-23 03:00:00,-1.2556
2023-05-23 04:00:00,-1.2566
2023-05-23 05:00:00,-1.2503
2023-05-23 06:00:00,-1.2459
2023-05-23 07:00:00,-1.2432
2023-05-23 08:00:00,-1.2492
2023-05-23 09:00:00,-1.2452
2023-05-23 10:00:00,-1.2373
2023-05-23 11:00:00,-1.2342
2023-05-23 12:00:00,-1.2341
2023-05-23 13:00:00,-1.2377
2023-05-23 14:00:00,-1.2285
2023-05-23 15:00:00,-1.2234
2023-05-23 16:00:00,-1.2166
2023-05-23 17:00:00,-1.2185
2023-05-23 18:00:00,-1.2194
2023-05-23 19:00:00,-1.2149
2023-05-23 20:00:00,-1.2070
2023-05-23 21:00:00,-1.2128
2023-05-23 22:00:00,-1.2170
2023-05-23 23:00:00,-1.2220
2023-05-24 00:00:00,-1.2217
2023-05-24 01:00:00,-1.2229
2023-05-24 02:00:00,-1.2308
2023-05-24 03:00:00,-1.2391
2023-05-24 04:00:00,-1.2534
2023-05-24 05:00:00,-1.2620
2023-05-24 06:00:00,-1.2758
2023-05-24 07:00:00,-1.2814
2023-05-24 08:00:00,-1.2842
2023-05-24 09:00:00,-1.2831
2023-05-24 10:00:00,-1.2825
2023-05-24 11:00:00,-1.2818
2023-05-24 12:00:00,-1.2877
2023-05-24 13:00:00,-1.2992
2023-05-24 14:00:00,-1.3063
2023-05-24 15:00:00,-1.3115
2023-05-24 16:00:00,-1.3150
2023-05-24 17:00:00,-1.3167
2023-05-24 18:00:00,-1.3205
2023-05-24 19:00:00,-1.3210
2023-05-24 20:00:00,-1.3226
2023-05-24 21:00:00,-1.3246
2023-05-24 22:00:00,-1.3235
2023-05-24 23:00:00,-1.3195
2023-05-25 00:00:00,-1.3182
2023-05-25 01:00:00,-1.3177
2023-05-25 02:00:00,-1.3173
2023-05-25 03:00:00,-1.3225
2023-05-25 04:00:00,-1.3317
2023-05-25 05:00:00,-1.3399
2023-05-25 06:00:00,-1.3454
2023-05-25 07:00:00,-1.3523
2023-05-25 08:00:00,-1.3577
2023-05-25 09:00:00,-1.3587
2023-05-25 10:00:00,-1.3601
2023-05-25 11:00:00,-1.3572
2023-05-25 12:00:00,-1.3550
2023-05-25 13:00:00,-1.3590
2023-05-25 14:00:00,-1.3594
2023-05-25 15:00:00,-1.3595
2023-05-25 16:00:00,-1.3632
2023-05-25 17:00:00,-1.3643
2023-05-25 18:00:00,-1.3686
2023-05-25 19:00:00,-1.3692
2023-05-25 20:00:00,-1.3698
2023-05-25 21:00:00,-1.3699
2023-05-25 22:00:00,-1.3634
2023-05-25 23:00:00,-1.3628
2023-05-26 00:00:00,-1.3633
2023-05-26 01:00:00,-1.3609
2023-05-26 02:00:00,-1.3624
2023-05-26 03:00:00,-1.3708
2023-05-26 04:00:00,-1.3797
2023-05-26 05:00:00,-1.3862
2023-05-26 06:00:00,-1.3887
2023-05-26 07:00:00,-1.3889
2023-05-26 08:00:00,-1.3952
2023-05-26 09:00:00,-1.3997
2023-05-26 10:00:00,-1.3988
2023-05-26 11:00:00,-1.3966
2023-05-26 12:00:00,-1.3981
2023-05-26 13:00:00,-1.3971
2023-05-26 14:00:00,-1.3949
2023-05-26 15:00:00,-1.3968
2023-05-26 16:00:00,-1.3996
2023-05-26 17:00:00,-1.4001
2023-05-26 18:00:00,-1.3993
2023-05-26 19:00:00,-1.3931
2023-05-26 20:00:00,-1.3899
2023-05-26 21:00:00,-1.3861
2023-05-26 22:00:00,-1.3813
2023-05-26 23:00:00,-1.3734
2023-05-27 00:00:00,-1.3659
2023-05-27 01:00:00,-1.3598
2023-05-27 02:00:00,-1.3596
2023-05-27 03:00:00,-1.3610
2023-05-27 04:00:00,-1.3654
2023-05-27 05:00:00,-1.3707
2023-05-27 06:00:00,-1.3789
2023-05-27 07:00:00,-1.3869
2023-05-27 08:00:00,-1.3897
2023-05-27 09:00:00,-1.3891
2023-05-27 10:00:00,-1.3896
2023-05-27 11:00:00,-1.3882
2023-05-27 12:00:00,-1.3873
2023-05-27 13:00:00,-1.3879
2023-05-27 14:00:00,-1.3899
2023-05-27 15:00:00,-1.3887
2023-05-27 16:00:00,-1.3919
2023-05-27 17:00:00,-1.3919
2023-05-27 18:00:00,-1.3930
2023-05-27 19:00:00,-1.3878
2023-05-27 20:00:00,-1.3869
2023-05-27 21:00:00,-1.3878
2023-05-27 22:00:00,-1.3903
2023-05-27 23:00:00,-1.3876
2023-05-28 00:00:00,-1.3791
2023-05-28 01:00:00,-1.3730
2023-05-28 02:00:00,-1.3726
2023-05-28 03:00:00,-1.3738
2023-05-28 04:00:00,-1.3683
2023-05-28 05:00:00,-1.3680
2023-05-28 06:00:00,-1.3723
2023-05-28 07:00:00,-1.3774
2023-05-28 08:00:00,-1.3803
2023-05-28 09:00:00,-1.3786
2023-05-28 10:00:00,-1.3780
2023-05-28 11:00:00,-1.3752
2023-05-28 12:00:00,-1.3679
2023-05-28 13:00:00,-1.3689
2023-05-28 14:00:00,-1.3710
2023-05-28 15:00:00,-1.3663
2023-05-28 16:00:00,-1.3618
2023-05-28 17:00:00,-1.3622
2023-05-28 18:00:00,-1.3654
2023-05-28 19:00:00,-1.3664
2023-05-28 20:00:00,-1.3655
2023-05-28 21:00:00,-1.3626
2023-05-28 22:00:00,-1.3556
2023-05-28 23:00:00,-1.3502
2023-05-29 00:00:00,-1.3433
2023-05-29 01:00:00,-1.3399
2023-05-29 02:00:00,-1.3364
2023-05-29 03:00:00,-1.3341
2023-05-29 04:00:00,-1.3351
2023-05-29 05:00:00,-1.3343
2023-05-29 06:00:00,-1.3322
2023-05-29 07:00:00,-1.3352
2023-05-29 08:00:00,-1.3422
2023-05-29 09:00:00,-1.3462
2023-05-29 10:00:00,-1.3520
2023-05-29 11:00:00,-1.3543
2023-05-29 12:00:00,-1.3563
2023-05-29 13:00:00,-1.3546
2023-05-29 14:00:00,-1.3552
2023-05-29 15:00:00,-1.3592
2023-05-29 16:00:00,-1.3646
2023-05-29 17:00:00,-1.3707
2023-05-29 18:00:00,-1.3760
2023-05-29 19:00:00,-1.3773
2023-05-29 20:00:00,-1.3777
2023-05-29 21:00:00,-1.3783
2023-05-29 22:00:00,-1.3816
2023-05-29 23:00:00,-1.3824
2023-05-30 00:00:00,-1.3817
2023-05-30 01:00:00,-1.3815
2023-05-30 02:00:00,-1.3797
2023-05-30 03:00:00,-1.3789
2023-05-30 04:00:00,-1.3788
2023-05-30 05:00:00,-1.3766
2023-05-30 06:00:00,-1.3783
2023-05-30 07:00:00,-1.3777
2023-05-30 08:00:00,-1.3777
2023-05-30 09:00:00,-1.3806
2023-05-30 10:00:00,-1.3817
2023-05-30 11:00:00,-1.3794
2023-05-30 12:00:00,-1.3745
2023-05-30 13:00:00,-1.3706
2023-05-30 14:00:00,-1.3695
2023-05-30 15:00:00,-1.3706
2023-05-30 16:00:00,-1.3716
2023-05-30 17:00:00,-1.3731
2023-05-30 18:00:00,-1.3707
2023-05-30 19:00:00,-1.3733
2023-05-30 20:00:00,-1.3740
2023-05-30 21:00:00,-1.3766
2023-05-30 22:00:00,-1.3788
2023-05-30 23:00:00,-1.3835
2023-05-31 00:00:00,-1.3903
2023-05-31 01:00:00,-1.4052
2023-05-31 02:00:00,-1.4126
2023-05-31 03:00:00,-1.4173
2023-05-31 04:00:00,-1.4255
2023-05-31 05:00:00,-1.4324
2023-05-31 06:00:00,-1.4395
2023-05-31 07:00:00,-1.4469
2023-05-31 08:00:00,-1.4562
2023-05-31 09:00:00,-1.4595
2023-05-31 10:00:00,-1.4610
2023-05-31 11:00:00,-1.4650
2023-05-31 12:00:00,-1.4694
2023-05-31 13:00:00,-1.4691
2023-05-31 14:00:00,-1.4700
2023-05-31 15:00:00,-1.4707
2023-05-31 16:00:00,-1.4707
2023-05-31 17:00:00,-1.4719
2023-05-31 18:00:00,-1.4735
2023-05-31 19:00:00,-1.4727
2023-05-31 20:00:00,-1.4735
2023-05-31 21:00:00,-1.4736
2023-05-31 22:00:00,-1.4782
2023-05-31 23:00:00,-1.4783
2023-06-01 00:00:00,-1.4746
2023-06-01 01:00:00,-1.4702
2023-06-01 02:00:00,-1.4697
2023-06-01 03:00:00,-1.4676
2023-06-01 04:00:00,-1.4656
2023-06-01 05:00:00,-1.4663
2023-06-01 06:00:00,-1.4666
2023-06-01 07:00:00,-1.4634
2023-06-01 08:00:00,-1.4632
2023-06-01 09:00:00,-1.4596
2023-06-01 10:00:00,-1.4561
2023-06-01 11:00:00,-1.4509
2023-06-01 12:00:00,-1.4456
2023-06-01 13:00:00,-1.4413
2023-06-01 14:00:00,-1.4359
2023-06-01 15:00:00,-1.4318
2023-06-01 16:00:00,-1.4243
2023-06-01 17:00:00,-1.4134
2023-06-01 18:00:00,-1.4037
2023-06-01 19:00:00,-1.4010
2023-06-01 20:00:00,-1.4018
2023-06-01 21:00:00,-1.4023
2023-06-01 22:00:00,-1.4066
2023-06-01 23:00:00,-1.4024
2023-06-02 00:00:00,-1.3967
2023-06-02 01:00:00,-1.3960
2023-06-02 02:00:00,-1.3953
2023-06-02 03:00:00,-1.3919
2023-06-02 04:00:00,-1.3918
2023-06-02 05:00:00,-1.3908
2023-06-02 06:00:00,-1.3793
2023-06-02 07:00:00,-1.3784
2023-06-02 08:00:00,-1.3802
2023-06-02 09:00:00,-1.3741
2023-06-02 10:00:00,-1.3673
2023-06-02 11:00:00,-1.3584
2023-06-02 12:00:00,-1.3485
2023-06-02 13:00:00,-1.3534
2023-06-02 14:00:00,-1.3479
2023-06-02 15:00:00,-1.3449
2023-06-02 16:00:00,-1.3395
2023-06-02 17:00:00,-1.3283
2023-06-02 18:00:00,-1.3179
2023-06-02 19:00:00,-1.3169
2023-06-02 20:00:00,-1.3201
2023-06-02 21:00:00,-1.3235
2023-06-02 22:00:00,-1.3266
2023-06-02 23:00:00,-1.3353
2023-06-03 00:00:00,-1.3277
2023-06-03 01:00:00,-1.3249
2023-06-03 02:00:00,-1.3203
2023-06-03 03:00:00,-1.3185
2023-06-03 04:00:00,-1.3137
2023-06-03 05:00:00,-1.3095
2023-06-03 06:00:00,-1.2985
2023-06-03 07:00:00,-1.2943
2023-06-03 08:00:00,-1.2912
2023-06-03 09:00:00,-1.2972
2023-06-03 10:00:00,-1.3031
2023-06-03 11:00:00,-1.3054
2023-06-03 12:00:00,-1.3085
2023-06-03 13:00:00,-1.3091
2023-06-03 14:00:00,-1.3120
2023-06-03 15:00:00,-1.3159
2023-06-03 16:00:00,-1.3162
2023-06-03 17:00:00,-1.3106
2023-06-03 18:00:00,-1.3079
2023-06-03 19:00:00,-1.3144
2023-06-03 20:00:00,-1.3126
2023-06-03 21:00:00,-1.3164
2023-06-03 22:00:00,-1.3231
2023-06-03 23:00:00,-1.3227
2023-06-04 00:00:00,-1.3159
2023-06-04 01:00:00,-1.2995
2023-06-04 02:00:00,-1.2861
2023-06-04 03:00:00,-1.2847
2023-06-04 04:00:00,-1.2811
2023-06-04 05:00:00,-1.2780
2023-06-04 06:00:00,-1.2798
2023-06-04 07:00:00,-1.2822
2023-06-04 08:00:00,-1.2857
2023-06-04 09:00:00,-1.2844
2023-06-04 10:00:00,-1.2818
2023-06-04 11:00:00,-1.2846
2023-06-04 12:00:00,-1.2869
2023-06-04 13:00:00,-1.2968
2023-06-04 14:00:00,-1.2987
2023-06-04 15:00:00,-1.2966
2023-06-04 16:00:00,-1.2934
2023-06-04 17:00:00,-1.2915
2023-06-04 18:00:00,-1.2896
2023-06-04 19:00:00,-1.2857
2023-06-04 20:00:00,-1.2760
2023-06-04 21:00:00,-1.2747
2023-06-04 22:00:00,-1.2767
2023-06-04 23:00:00,-1.2811
2023-06-05 00:00:00,-1.2839
2023-06-05 01:00:00,-1.2815
2023-06-05 02:00:00,-1.2819
2023-06-05 03:00:00,-1.2834
2023-06-05 04:00:00,-1.2820
2023-06-05 05:00:00,-1.2771
2023-06-05 06:00:00,-1.2762
2023-06-05 07:00:00,-1.2799
2023-06-05 08:00:00,-1.2840
2023-06-05 09:00:00,-1.2848
2023-06-05 10:00:00,-1.2834
2023-06-05 11:00:00,-1.2740
2023-06-05 12:00:00,-1.2727
2023-06-05 13:00:00,-1.2793
2023-06-05 14:00:00,-1.2822
2023-06-05 15:00:00,-1.2854
2023-06-05 16:00:00,-1.2869
2023-06-05 17:00:00,-1.2882
2023-06-05 18:00:00,-1.2811
2023-06-05 19:00:00,-1.2745
2023-06-05 20:00:00,-1.2733
2023-06-05 21:00:00,-1.2789
2023-06-05 22:00:00,-1.2810
2023-06-05 23:00:00,-1.2835
2023-06-06 00:00:00,-1.2827
2023-06-06 01:00:00,-1.2900
2023-06-06 02:00:00,-1.2938
2023-06-06 03:00:00,-1.2983
2023-06-06 04:00:00,-1.3015
2023-06-06 05:00:00,-1.3055
2023-06-06 06:00:00,-1.3105
2023-06-06 07:00:00,-1.3143
2023-06-06 08:00:00,-1.3107
2023-06-06 09:00:00,-1.3226
2023-06-06 10:00:00,-1.3289
2023-06-06 11:00:00,-1.3313
2023-06-06 12:00:00,-1.3373
2023-06-06 13:00:00,-1.3348
2023-06-06 14:00:00,-1.3378
2023-06-06 15:00:00,-1.3378
2023-06-06 16:00:00,-1.3418
2023-06-06 17:00:00,-1.3424
2023-06-06 18:00:00,-1.3443
2023-06-06 19:00:00,-1.3411
2023-06-06 20:00:00,-1.3381
2023-06-06 21:00:00,-1.3336
2023-06-06 22:00:00,-1.3286
2023-06-06 23:00:00,-1.3200
2023-06-07 00:00:00,-1.3145
2023-06-07 01:00:00,-1.3079
2023-06-07 02:00:00,-1.3080
2023-06-07 03:00:00,-1.3193
2023-06-07 04:00:00,-1.3221
2023-06-07 05:00:00,-1.3310
2023-06-07 06:00:00,-1.3387
2023-06-07 07:00:00,-1.3412
2023-06-07 08:00:00,-1.3450
2023-06-07 09:00:00,-1.3438
2023-06-07 10:00:00,-1.3381
2023-06-07 11:00:00,-1.3392
2023-06-07 12:00:00,-1.3397
2023-06-07 13:00:00,-1.3465
2023-06-07 14:00:00,-1.3458
2023-06-07 15:00:00,-1.3483
2023-06-07 16:00:00,-1.3518
2023-06-07 17:00:00,-1.3507
2023-06-07 18:00:00,-1.3540
2023-06-07 19:00:00,-1.3532
2023-06-07 20:00:00,-1.3522
2023-06-07 21:00:00,-1.3456
2023-06-07 22:00:00,-1.3403
2023-06-07 23:00:00,-1.3312
2023-06-08 00:00:00,-1.3227
2023-06-08 01:00:00,-1.3124
2023-06-08 02:00:00,-1.3107
2023-06-08 03:00:00,-1.3118
2023-06-08 04:00:00,-1.3144
2023-06-08 05:00:00,-1.3198
2023-06-08 06:00:00,-1.3316
2023-06-08 07:00:00,-1.3426
2023-06-08 08:00:00,-1.3430
2023-06-08 09:00:00,-1.3390
2023-06-08 10:00:00,-1.3450
2023-06-08 11:00:00,-1.3459
2023-06-08 12:00:00,-1.3427
2023-06-08 13:00:00,-1.3376
2023-06-08 14:00:00,-1.3383
2023-06-08 15:00:00,-1.3318
2023-06-08 16:00:00,-1.3366
2023-06-08 17:00:00,-1.3312
2023-06-08 18:00:00,-1.3234
2023-06-08 19:00:00,-1.3143
2023-06-08 20:00:00,-1.3088
2023-06-08 21:00:00,-1.3084
2023-06-08 22:00:00,-1.3040
2023-06-08 23:00:00,-1.2964
2023-06-09 00:00:00,-1.2871
2023-06-09 01:00:00,-1.2804
2023-06-09 02:00:00,-1.2791
2023-06-09 03:00:00,-1.2802
2023-06-09 04:00:00,-1.2847
2023-06-09 05:00:00,-1.2852
2023-06-09 06:00:00,-1.2878
2023-06-09 07:00:00,-1.2984
2023-06-09 08:00:00,-1.3023
2023-06-09 09:00:00,-1.3026
2023-06-09 10:00:00,-1.2993
2023-06-09 11:00:00,-1.2939
2023-06-09 12:00:00,-1.2989
2023-06-09 13:00:00,-1.3060
2023-06-09 14:00:00,-1.3177
2023-06-09 15:00:00,-1.3220
2023-06-09 16:00:00,-1.3221
2023-06-09 17:00:00,-1.3257
2023-06-09 18:00:00,-1.3392
2023-06-09 19:00:00,-1.3473
2023-06-09 20:00:00,-1.3579
2023-06-09 21:00:00,-1.3612
2023-06-09 22:00:00,-1.3582
2023-06-09 23:00:00,-1.3519
2023-06-10 00:00:00,-1.3435
2023-06-10 01:00:00,-1.3275
2023-06-10 02:00:00,-1.3134
2023-06-10 03:00:00,-1.3121
2023-06-10 04:00:00,-1.3084
2023-06-10 05:00:00,-1.3190
2023-06-10 06:00:00,-1.3287
2023-06-10 07:00:00,-1.3366
2023-06-10 08:00:00,-1.3398
2023-06-10 09:00:00,-1.3367
2023-06-10 10:00:00,-1.3263
2023-06-10 11:00:00,-1.3170
2023-06-10 12:00:00,-1.3219
2023-06-10 13:00:00,-1.3272
2023-06-10 14:00:00,-1.3255
2023-06-10 15:00:00,-1.3281
2023-06-10 16:00:00,-1.3290
2023-06-10 17:00:00,-1.3287
2023-06-10 18:00:00,-1.3220
2023-06-10 19:00:00,-1.3166
2023-06-10 20:00:00,-1.3188
2023-06-10 21:00:00,-1.3200
2023-06-10 22:00:00,-1.3223
2023-06-10 23:00:00,-1.3197
2023-06-11 00:00:00,-1.3082
2023-06-11 01:00:00,-1.2928
2023-06-11 02:00:00,-1.2875
2023-06-11 03:00:00,-1.2722
2023-06-11 04:00:00,-1.2645
2023-06-11 05:00:00,-1.2655
2023-06-11 06:00:00,-1.2646
2023-06-11 07:00:00,-1.2705
2023-06-11 08:00:00,-1.2781
2023-06-11 09:00:00,-1.2867
2023-06-11 10:00:00,-1.3014
2023-06-11 11:00:00,-1.3066
2023-06-11 12:00:00,-1.3056
2023-06-11 13:00:00,-1.3024
2023-06-11 14:00:00,-1.2998
2023-06-11 15:00:00,-1.3041
2023-06-11 16:00:00,-1.3147
2023-06-11 17:00:00,-1.3239
2023-06-11 18:00:00,-1.3309
2023-06-11 19:00:00,-1.3386
2023-06-11 20:00:00,-1.3421
2023-06-11 21:00:00,-1.3405
2023-06-11 22:00:00,-1.3397
2023-06-11 23:00:00,-1.3396
2023-06-12 00:00:00,-1.3317
2023-06-12 01:00:00,-1.3207
2023-06-12 02:00:00,-1.3039
2023-06-12 03:00:00,-1.2887
2023-06-12 04:00:00,-1.2874
2023-06-12 05:00:00,-1.2866
2023-06-12 06:00:00,-1.2888
2023-06-12 07:00:00,-1.3010
2023-06-12 08:00:00,-1.2959
2023-06-12 09:00:00,-1.2990
2023-06-12 10:00:00,-1.3007
2023-06-12 11:00:00,-1.2924
2023-06-12 12:00:00,-1.2871
2023-06-12 13:00:00,-1.2829
2023-06-12 14:00:00,-1.2749
2023-06-12 15:00:00,-1.2775
2023-06-12 16:00:00,-1.2817
2023-06-12 17:00:00,-1.2835
2023-06-12 18:00:00,-1.2918
2023-06-12 19:00:00,-1.2940
2023-06-12 20:00:00,-1.2940
2023-06-12 21:00:00,-1.2992
2023-06-12 22:00:00,-1.3104
2023-06-12 23:00:00,-1.3023
2023-06-13 00:00:00,-1.2907
2023-06-13 01:00:00,-1.2724
2023-06-13 02:00:00,-1.2646
2023-06-13 03:00:00,-1.2575
2023-06-13 04:00:00,-1.2646
2023-06-13 05:00:00,-1.2693
2023-06-13 06:00:00,-1.2703
2023-06-13 07:00:00,-1.2833
2023-06-13 08:00:00,-1.2984
2023-06-13 09:00:00,-1.3070
2023-06-13 10:00:00,-1.3080
2023-06-13 11:00:00,-1.3043
2023-06-13 12:00:00,-1.3049
2023-06-13 13:00:00,-1.3118
2023-06-13 14:00:00,-1.3226
2023-06-13 15:00:00,-1.3285
2023-06-13 16:00:00,-1.3325
2023-06-13 17:00:00,-1.3350
2023-06-13 18:00:00,-1.3326
2023-06-13 19:00:00,-1.3254
2023-06-13 20:00:00,-1.3191
2023-06-13 21:00:00,-1.3105
2023-06-13 22:00:00,-1.3028
2023-06-13 23:00:00,-1.2936
2023-06-14 00:00:00,-1.2851
2023-06-14 01:00:00,-1.2654
2023-06-14 02:00:00,-1.2542
2023-06-14 03:00:00,-1.2490
2023-06-14 04:00:00,-1.2589
2023-06-14 05:00:00,-1.2614
2023-06-14 06:00:00,-1.2693
2023-06-14 07:00:00,-1.2821
2023-06-14 08:00:00,-1.2914
2023-06-14 09:00:00,-1.3024
2023-06-14 10:00:00,-1.3078
2023-06-14 11:00:00,-1.3103
2023-06-14 12:00:00,-1.3178
2023-06-14 13:00:00,-1.3243
2023-06-14 14:00:00,-1.3284
2023-06-14 15:00:00,-1.3332
2023-06-14 16:00:00,-1.3387
2023-06-14 17:00:00,-1.3470
2023-06-14 18:00:00,-1.3597
2023-06-14 19:00:00,-1.3657
2023-06-14 20:00:00,-1.3746
2023-06-14 21:00:00,-1.3828
2023-06-14 22:00:00,-1.3906
2023-06-14 23:00:00,-1.3959
2023-06-15 00:00:00,-1.3955
2023-06-15 01:00:00,-1.3930
2023-06-15 02:00:00,-1.3899
2023-06-15 03:00:00,-1.3832
2023-06-15 04:00:00,-1.3793
2023-06-15 05:00:00,-1.3761
2023-06-15 06:00:00,-1.3728
2023-06-15 07:00:00,-1.3696
2023-06-15 08:00:00,-1.3646
2023-06-15 09:00:00,-1.3612
2023-06-15 10:00:00,-1.3660
2023-06-15 11:00:00,-1.3663
2023-06-15 12:00:00,-1.3683
2023-06-15 13:00:00,-1.3733
2023-06-15 14:00:00,-1.3750
2023-06-15 15:00:00,-1.3767
2023-06-15 16:00:00,-1.3789
2023-06-15 17:00:00,-1.3766
2023-06-15 18:00:00,-1.3732
2023-06-15 19:00:00,-1.3709
2023-06-15 20:00:00,-1.3699
2023-06-15 21:00:00,-1.3701
2023-06-15 22:00:00,-1.3725
2023-06-15 23:00:00,-1.3759
2023-06-16 00:00:00,-1.3761
2023-06-16 01:00:00,-1.3786
2023-06-16 02:00:00,-1.3803
2023-06-16 03:00:00,-1.3746
2023-06-16 04:00:00,-1.3724
2023-06-16 05:00:00,-1.3669
2023-06-16 06:00:00,-1.3670
2023-06-16 07:00:00,-1.3697
2023-06-16 08:00:00,-1.3703
2023-06-16 09:00:00,-1.3740
2023-06-16 10:00:00,-1.3767
2023-06-16 11:00:00,-1.3816
2023-06-16 12:00:00,-1.3904
2023-06-16 13:00:00,-1.3960
2023-06-16 14:00:00,-1.3973
2023-06-16 15:00:00,-1.3956
2023-06-16 16:00:00,-1.3918
2023-06-16 17:00:00,-1.3879
2023-06-16 18:00:00,-1.3840
2023-06-16 19:00:00,-1.3771
2023-06-16 20:00:00,-1.3739
2023-06-16 21:00:00,-1.3707
2023-06-16 22:00:00,-1.3695
2023-06-16 23:00:00,-1.3706
2023-06-17 00:00:00,-1.3679
2023-06-17 01:00:00,-1.3672
2023-06-17 02:00:00,-1.3650
2023-06-17 03:00:00,-1.3661
2023-06-17 04:00:00,-1.3710
2023-06-17 05:00:00,-1.3723
2023-06-17 06:00:00,-1.3742
2023-06-17 07:00:00,-1.3773
2023-06-17 08:00:00,-1.3753
2023-06-17 09:00:00,-1.3742
2023-06-17 10:00:00,-1.3727
2023-06-17 11:00:00,-1.3762
2023-06-17 12:00:00,-1.3717
2023-06-17 13:00:00,-1.3660
2023-06-17 14:00:00,-1.3622
2023-06-17 15:00:00,-1.3636
2023-06-17 16:00:00,-1.3650
2023-06-17 17:00:00,-1.3665
2023-06-17 18:00:00,-1.3637
2023-06-17 19:00:00,-1.3599
2023-06-17 20:00:00,-1.3646
2023-06-17 21:00:00,-1.3645
2023-06-17 22:00:00,-1.3603
2023-06-17 23:00:00,-1.3608
2023-06-18 00:00:00,-1.3629
2023-06-18 01:00:00,-1.3666
2023-06-18 02:00:00,-1.3668
2023-06-18 03:00:00,-1.3632
2023-06-18 04:00:00,-1.3598
2023-06-18 05:00:00,-1.3557
2023-06-18 06:00:00,-1.3533
2023-06-18 07:00:00,-1.3576
2023-06-18 08:00:00,-1.3609
2023-06-18 09:00:00,-1.3588
2023-06-18 10:00:00,-1.3554
2023-06-18 11:00:00,-1.3571
2023-06-18 12:00:00,-1.3577
2023-06-18 13:00:00,-1.3597
2023-06-18 14:00:00,-1.3609
2023-06-18 15:00:00,-1.3622
2023-06-18 16:00:00,-1.3565
2023-06-18 17:00:00,-1.3529
2023-06-18 18:00:00,-1.3460
2023-06-18 19:00:00,-1.3402
2023-06-18 20:00:00,-1.3313
2023-06-18 21:00:00,-1.3283
2023-06-18 22:00:00,-1.3306
2023-06-18 23:00:00,-1.3334
2023-06-19 00:00:00,-1.3321
2023-06-19 01:00:00,-1.3248
2023-06-19 02:00:00,-1.3201
2023-06-19 03:00:00,-1.3298
2023-06-19 04:00:00,-1.3464
2023-06-19 05:00:00,-1.3457
2023-06-19 06:00:00,-1.3379
2023-06-19 07:00:00,-1.3469
2023-06-19 08:00:00,-1.3488
2023-06-19 09:00:00,-1.3470
2023-06-19 10:00:00,-1.3451
2023-06-19 11:00:00,-1.3412
2023-06-19 12:00:00,-1.3406
2023-06-19 13:00:00,-1.3380
2023-06-19 14:00:00,-1.3368
2023-06-19 15:00:00,-1.3438
2023-06-19 16:00:00,-1.3496
2023-06-19 17:00:00,-1.3502
2023-06-19 18:00:00,-1.3556
2023-06-19 19:00:00,-1.3555
2023-06-19 20:00:00,-1.3542
2023-06-19 21:00:00,-1.3514
2023-06-19 22:00:00,-1.3580
2023-06-19 23:00:00,-1.3663
2023-06-20 00:00:00,-1.3712
2023-06-20 01:00:00,-1.3743
2023-06-20 02:00:00,-1.3756
2023-06-20 03:00:00,-1.3753
2023-06-20 04:00:00,-1.3717
2023-06-20 05:00:00,-1.3693
2023-06-20 06:00:00,-1.3717
2023-06-20 07:00:00,-1.3703
2023-06-20 08:00:00,-1.3681
2023-06-20 09:00:00,-1.3667
2023-06-20 10:00:00,-1.3702
2023-06-20 11:00:00,-1.3695
2023-06-20 12:00:00,-1.3743
2023-06-20 13:00:00,-1.3787
2023-06-20 14:00:00,-1.3783
2023-06-20 15:00:00,-1.3833
2023-06-20 16:00:00,-1.3814
2023-06-20 17:00:00,-1.3843
2023-06-20 18:00:00,-1.3950
2023-06-20 19:00:00,-1.4000
2023-06-20 20:00:00,-1.3794
2023-06-20 21:00:00,-1.3780
2023-06-20 22:00:00,-1.3654
2023-06-20 23:00:00,-1.3499
2023-06-21 00:00:00,-1.3345
2023-06-21 01:00:00,-1.3276
2023-06-21 02:00:00,-1.3299
2023-06-21 03:00:00,-1.3267
2023-06-21 04:00:00,-1.3323
2023-06-21 05:00:00,-1.3407
2023-06-21 06:00:00,-1.3517
2023-06-21 07:00:00,-1.3577
2023-06-21 08:00:00,-1.3603
2023-06-21 09:00:00,-1.3675
2023-06-21 10:00:00,-1.3733
2023-06-21 11:00:00,-1.3757
2023-06-21 12:00:00,-1.3785
2023-06-21 13:00:00,-1.3807
2023-06-21 14:00:00,-1.3823
2023-06-21 15:00:00,-1.3826
2023-06-21 16:00:00,-1.3806
2023-06-21 17:00:00,-1.3740
2023-06-21 18:00:00,-1.3696
2023-06-21 19:00:00,-1.3663
2023-06-21 20:00:00,-1.3632
2023-06-21 21:00:00,-1.3541
2023-06-21 22:00:00,-1.3452
2023-06-21 23:00:00,-1.3435
2023-06-22 00:00:00,-1.3414
2023-06-22 01:00:00,-1.3391
2023-06-22 02:00:00,-1.3347
2023-06-22 03:00:00,-1.3367
2023-06-22 04:00:00,-1.3350
2023-06-22 05:00:00,-1.3261
2023-06-22 06:00:00,-1.3166
2023-06-22 07:00:00,-1.3117
2023-06-22 08:00:00,-1.3125
2023-06-22 09:00:00,-1.3135
2023-06-22 10:00:00,-1.3039
2023-06-22 11:00:00,-1.3046
2023-06-22 12:00:00,-1.3051
2023-06-22 13:00:00,-1.3143
2023-06-22 14:00:00,-1.3224
2023-06-22 15:00:00,-1.3262
2023-06-22 16:00:00,-1.3298
2023-06-22 17:00:00,-1.3369
2023-06-22 18:00:00,-1.3417
2023-06-22 19:00:00,-1.3387
2023-06-22 20:00:00,-1.3386
2023-06-22 21:00:00,-1.3342
2023-06-22 22:00:00,-1.3284
2023-06-22 23:00:00,-1.3253
2023-06-23 00:00:00,-1.3234
2023-06-23 01:00:00,-1.3151
2023-06-23 02:00:00,-1.3127
2023-06-23 03:00:00,-1.3113
2023-06-23 04:00:00,-1.3124
2023-06-23 05:00:00,-1.3195
2023-06-23 06:00:00,-1.3253
2023-06-23 07:00:00,-1.3243
2023-06-23 08:00:00,-1.3271
2023-06-23 09:00:00,-1.3251
2023-06-23 10:00:00,-1.3251
2023-06-23 11:00:00,-1.3227
2023-06-23 12:00:00,-1.3220
2023-06-23 13:00:00,-1.3245
2023-06-23 14:00:00,-1.3298
2023-06-23 15:00:00,-1.3335
2023-06-23 16:00:00,-1.3366
2023-06-23 17:00:00,-1.3399
2023-06-23 18:00:00,-1.3416
2023-06-23 19:00:00,-1.3403
2023-06-23 20:00:00,-1.3387
2023-06-23 21:00:00,-1.3338
2023-06-23 22:00:00,-1.3314
2023-06-23 23:00:00,-1.3320
2023-06-24 00:00:00,-1.3348
2023-06-24 01:00:00,-1.3266
2023-06-24 02:00:00,-1.3241
2023-06-24 03:00:00,-1.3255
2023-06-24 04:00:00,-1.3311
2023-06-24 05:00:00,-1.3319
2023-06-24 06:00:00,-1.3320
2023-06-24 07:00:00,-1.3334
2023-06-24 08:00:00,-1.3280
2023-06-24 09:00:00,-1.3197
2023-06-24 10:00:00,-1.3139
2023-06-24 11:00:00,-1.3180
2023-06-24 12:00:00,-1.3141
2023-06-24 13:00:00,-1.3123
2023-06-24 14:00:00,-1.3141
2023-06-24 15:00:00,-1.3204
2023-06-24 16:00:00,-1.3229
2023-06-24 17:00:00,-1.3247
2023-06-24 18:00:00,-1.3268
2023-06-24 19:00:00,-1.3277
2023-06-24 20:00:00,-1.3275
2023-06-24 21:00:00,-1.3273
2023-06-24 22:00:00,-1.3271
2023-06-24 23:00:00,-1.3292
2023-06-25 00:00:00,-1.3249
2023-06-25 01:00:00,-1.3210
2023-06-25 02:00:00,-1.3178
2023-06-25 03:00:00,-1.3100
2023-06-25 04:00:00,-1.3115
2023-06-25 05:00:00,-1.3107
2023-06-25 06:00:00,-1.3146
2023-06-25 07:00:00,-1.3173
2023-06-25 08:00:00,-1.3112
2023-06-25 09:00:00,-1.3094
2023-06-25 10:00:00,-1.3049
2023-06-25 11:00:00,-1.3044
2023-06-25 12:00:00,-1.3086
2023-06-25 13:00:00,-1.3123
2023-06-25 14:00:00,-1.3123
2023-06-25 15:00:00,-1.3156
2023-06-25 16:00:00,-1.3202
2023-06-25 17:00:00,-1.3266
2023-06-25 18:00:00,-1.3267
2023-06-25 19:00:00,-1.3248
2023-06-25 20:00:00,-1.3225
2023-06-25 21:00:00,-1.3182
2023-06-25 22:00:00,-1.3187
2023-06-25 23:00:00,-1.3208
2023-06-26 00:00:00,-1.3169
2023-06-26 01:00:00,-1.3132
2023-06-26 02:00:00,-1.3133
2023-06-26 03:00:00,-1.3234
2023-06-26 04:00:00,-1.3326
2023-06-26 05:00:00,-1.3354
2023-06-26 06:00:00,-1.3345
2023-06-26 07:00:00,-1.3348
2023-06-26 08:00:00,-1.3366
2023-06-26 09:00:00,-1.3387
2023-06-26 10:00:00,-1.3390
2023-06-26 11:00:00,-1.3361
2023-06-26 12:00:00,-1.3289
2023-06-26 13:00:00,-1.3280
2023-06-26 14:00:00,-1.3246
2023-06-26 15:00:00,-1.3271
2023-06-26 16:00:00,-1.3260
2023-06-26 17:00:00,-1.3310
2023-06-26 18:00:00,-1.3311
2023-06-26 19:00:00,-1.3342
2023-06-26 20:00:00,-1.3368
2023-06-26 21:00:00,-1.3379
2023-06-26 22:00:00,-1.3377
2023-06-26 23:00:00,-1.3352
2023-06-27 00:00:00,-1.3284
2023-06-27 01:00:00,-1.3266
2023-06-27 02:00:00,-1.3215
2023-06-27 03:00:00,-1.3235
2023-06-27 04:00:00,-1.3272
2023-06-27 05:00:00,-1.3317
2023-06-27 06:00:00,-1.3352
2023-06-27 07:00:00,-1.3412
2023-06-27 08:00:00,-1.3407
2023-06-27 09:00:00,-1.3327
2023-06-27 10:00:00,-1.3268
2023-06-27 11:00:00,-1.3293
2023-06-27 12:00:00,-1.3356
2023-06-27 13:00:00,-1.3365
2023-06-27 14:00:00,-1.3386
2023-06-27 15:00:00,-1.3401
2023-06-27 16:00:00,-1.3444
2023-06-27 17:00:00,-1.3473
2023-06-27 18:00:00,-1.3466
2023-06-27 19:00:00,-1.3475
2023-06-27 20:00:00,-1.3536
2023-06-27 21:00:00,-1.3558
2023-06-27 22:00:00,-1.3562
2023-06-27 23:00:00,-1.3583
2023-06-28 00:00:00,-1.3573
2023-06-28 01:00:00,-1.3575
2023-06-28 02:00:00,-1.3571
2023-06-28 03:00:00,-1.3641
2023-06-28 04:00:00,-1.3639
2023-06-28 05:00:00,-1.3602
2023-06-28 06:00:00,-1.3577
2023-06-28 07:00:00,-1.3597
2023-06-28 08:00:00,-1.3652
2023-06-28 09:00:00,-1.3618
2023-06-28 10:00:00,-1.3604
2023-06-28 11:00:00,-1.3560
2023-06-28 12:00:00,-1.3508
2023-06-28 13:00:00,-1.3479
2023-06-28 14:00:00,-1.3474
2023-06-28 15:00:00,-1.3448
2023-06-28 16:00:00,-1.3438
2023-06-28 17:00:00,-1.3485
2023-06-28 18:00:00,-1.3502
2023-06-28 19:00:00,-1.3539
2023-06-28 20:00:00,-1.3589
2023-06-28 21:00:00,-1.3667
2023-06-28 22:00:00,-1.3659
2023-06-28 23:00:00,-1.3617
2023-06-29 00:00:00,-1.3576
2023-06-29 01:00:00,-1.3515
2023-06-29 02:00:00,-1.3498
2023-06-29 03:00:00,-1.3465
2023-06-29 04:00:00,-1.3426
2023-06-29 05:00:00,-1.3395
2023-06-29 06:00:00,-1.3374
2023-06-29 07:00:00,-1.3383
2023-06-29 08:00:00,-1.3411
2023-06-29 09:00:00,-1.3470
2023-06-29 10:00:00,-1.3500
2023-06-29 11:00:00,-1.3480
2023-06-29 12:00:00,-1.3488
2023-06-29 13:00:00,-1.3549
2023-06-29 14:00:00,-1.3543
2023-06-29 15:00:00,-1.3527
2023-06-29 16:00:00,-1.3537
2023-06-29 17:00:00,-1.3551
2023-06-29 18:00:00,-1.3544
2023-06-29 19:00:00,-1.3517
2023-06-29 20:00:00,-1.3504
2023-06-29 21:00:00,-1.3443
2023-06-29 22:00:00,-1.3425
2023-06-29 23:00:00,-1.3419
2023-06-30 00:00:00,-1.3358
2023-06-30 01:00:00,-1.3333
2023-06-30 02:00:00,-1.3310
2023-06-30 03:00:00,-1.3302
2023-06-30 04:00:00,-1.3283
2023-06-30 05:00:00,-1.3272
2023-06-30 06:00:00,-1.3259
2023-06-30 07:00:00,-1.3302
2023-06-30 08:00:00,-1.3267
2023-06-30 09:00:00,-1.3245
2023-06-30 10:00:00,-1.3257
2023-06-30 11:00:00,-1.3255
2023-06-30 12:00:00,-1.3272
2023-06-30 13:00:00,-1.3307
2023-06-30 14:00:00,-1.3311
2023-06-30 15:00:00,-1.3280
2023-06-30 16:00:00,-1.3241
2023-06-30 17:00:00,-1.3244
2023-06-30 18:00:00,-1.3260
2023-06-30 19:00:00,-1.3284
2023-06-30 20:00:00,-1.3308
2023-06-30 21:00:00,-1.3236
2023-06-30 22:00:00,-1.3257
2023-06-30 23:00:00,-1.3277
2023-07-01 00:00:00,-1.3260
2023-07-01 01:00:00,-1.3263
2023-07-01 02:00:00,-1.3215
2023-07-01 03:00:00,-1.3242
2023-07-01 04:00:00,-1.3330
2023-07-01 05:00:00,-1.3408
2023-07-01 06:00:00,-1.3392
2023-07-01 07:00:00,-1.3418
2023-07-01 08:00:00,-1.3549
2023-07-01 09:00:00,-1.3437
2023-07-01 10:00:00,-1.3419
2023-07-01 11:00:00,-1.3353
2023-07-01 12:00:00,-1.3236
2023-07-01 13:00:00,-1.3151
2023-07-01 14:00:00,-1.3045
2023-07-01 15:00:00,-1.2895
2023-07-01 16:00:00,-1.2518
2023-07-01 17:00:00,-1.2064
2023-07-01 18:00:00,-1.1819
2023-07-01 19:00:00,-1.1603
2023-07-01 20:00:00,-1.1484
2023-07-01 21:00:00,-1.1406
2023-07-01 22:00:00,-1.1368
2023-07-01 23:00:00,-1.1479
2023-07-02 00:00:00,-1.1647
2023-07-02 01:00:00,-1.1761
2023-07-02 02:00:00,-1.1771
2023-07-02 03:00:00,-1.1867
2023-07-02 04:00:00,-1.1935
2023-07-02 05:00:00,-1.1997
2023-07-02 06:00:00,-1.2063
2023-07-02 07:00:00,-1.2154
2023-07-02 08:00:00,-1.2283
2023-07-02 09:00:00,-1.2410
2023-07-02 10:00:00,-1.2573
2023-07-02 11:00:00,-1.2698
2023-07-02 12:00:00,-1.2767
2023-07-02 13:00:00,-1.2787
2023-07-02 14:00:00,-1.2758
2023-07-02 15:00:00,-1.2732
2023-07-02 16:00:00,-1.2760
2023-07-02 17:00:00,-1.2765
2023-07-02 18:00:00,-1.2774
2023-07-02 19:00:00,-1.2862
2023-07-02 20:00:00,-1.2940
2023-07-02 21:00:00,-1.3022
2023-07-02 22:00:00,-1.3144
2023-07-02 23:00:00,-1.3259
2023-07-03 00:00:00,-1.3295
2023-07-03 01:00:00,-1.3304
2023-07-03 02:00:00,-1.3325
2023-07-03 03:00:00,-1.3349
2023-07-03 04:00:00,-1.3415
2023-07-03 05:00:00,-1.3435
2023-07-03 06:00:00,-1.3454
2023-07-03 07:00:00,-1.3501
2023-07-03 08:00:00,-1.3514
2023-07-03 09:00:00,-1.3549
2023-07-03 10:00:00,-1.3583
2023-07-03 11:00:00,-1.3604
2023-07-03 12:00:00,-1.3636
2023-07-03 13:00:00,-1.3653
2023-07-03 14:00:00,-1.3656
2023-07-03 15:00:00,-1.3639
2023-07-03 16:00:00,-1.3610
2023-07-03 17:00:00,-1.3541
2023-07-03 18:00:00,-1.3514
2023-07-03 19:00:00,-1.3512
2023-07-03 20:00:00,-1.3486
2023-07-03 21:00:00,-1.3517
2023-07-03 22:00:00,-1.3575
2023-07-03 23:00:00,-1.3620
2023-07-04 00:00:00,-1.3641
2023-07-04 01:00:00,-1.3692
2023-07-04 02:00:00,-1.3738
2023-07-04 03:00:00,-1.3745
2023-07-04 04:00:00,-1.3727
2023-07-04 05:00:00,-1.3667
2023-07-04 06:00:00,-1.3646
2023-07-04 07:00:00,-1.3632
2023-07-04 08:00:00,-1.3612
2023-07-04 09:00:00,-1.3603
2023-07-04 10:00:00,-1.3585
2023-07-04 11:00:00,-1.3564
2023-07-04 12:00:00,-1.3542
2023-07-04 13:00:00,-1.3557
2023-07-04 14:00:00,-1.3536
2023-07-04 18:00:00,-1.3487
2023-07-04 19:00:00,-1.3436
2023-07-04 20:00:00,-1.3435
2023-07-04 21:00:00,-1.3369
2023-07-04 22:00:00,-1.3395
2023-07-04 23:00:00,-1.3414
2023-07-05 00:00:00,-1.3455
2023-07-05 01:00:00,-1.3476
2023-07-05 02:00:00,-1.3448
2023-07-05 03:00:00,-1.3473
2023-07-05 04:00:00,-1.3457
2023-07-05 05:00:00,-1.3458
2023-07-05 06:00:00,-1.3477
2023-07-05 07:00:00,-1.3544
2023-07-05 08:00:00,-1.3629
2023-07-05 09:00:00,-1.3760
2023-07-05 10:00:00,-1.3821
2023-07-05 11:00:00,-1.3877
2023-07-05 12:00:00,-1.3924
2023-07-05 13:00:00,-1.3854
2023-07-05 14:00:00,-1.3761
2023-07-05 15:00:00,-1.3657
2023-07-05 16:00:00,-1.3581
2023-07-05 17:00:00,-1.3572
2023-07-05 18:00:00,-1.3626
2023-07-05 19:00:00,-1.3710
2023-07-05 20:00:00,-1.3883
2023-07-05 21:00:00,-1.3995
2023-07-05 22:00:00,-1.4050
2023-07-05 23:00:00,-1.4095
2023-07-06 00:00:00,-1.4161
2023-07-06 01:00:00,-1.4207
2023-07-06 02:00:00,-1.4238
2023-07-06 03:00:00,-1.4260
2023-07-06 04:00:00,-1.4256
2023-07-06 05:00:00,-1.4244
2023-07-06 06:00:00,-1.4209
2023-07-06 07:00:00,-1.4161
2023-07-06 08:00:00,-1.4114
2023-07-06 09:00:00,-1.4026
2023-07-06 10:00:00,-1.3910
2023-07-06 11:00:00,-1.3797
2023-07-06 12:00:00,-1.3705
2023-07-06 13:00:00,-1.3650
2023-07-06 14:00:00,-1.3595
2023-07-06 15:00:00,-1.3559
2023-07-06 16:00:00,-1.3536
2023-07-06 17:00:00,-1.3510
2023-07-06 18:00:00,-1.3464
2023-07-06 19:00:00,-1.3434
2023-07-06 20:00:00,-1.3389
2023-07-06 21:00:00,-1.3314
2023-07-06 22:00:00,-1.3280
2023-07-06 23:00:00,-1.3256
2023-07-07 00:00:00,-1.3243
2023-07-07 01:00:00,-1.3231
2023-07-07 02:00:00,-1.3208
2023-07-07 03:00:00,-1.3229
2023-07-07 04:00:00,-1.3274
2023-07-07 05:00:00,-1.3353
2023-07-07 06:00:00,-1.3377
2023-07-07 07:00:00,-1.3343
2023-07-07 08:00:00,-1.3287
2023-07-07 09:00:00,-1.3239
2023-07-07 10:00:00,-1.3226
2023-07-07 11:00:00,-1.3205
2023-07-07 12:00:00,-1.3197
2023-07-07 13:00:00,-1.3197
2023-07-07 14:00:00,-1.3193
2023-07-07 15:00:00,-1.3182
2023-07-07 16:00:00,-1.3209
2023-07-07 17:00:00,-1.3248
2023-07-07 18:00:00,-1.3275
2023-07-07 19:00:00,-1.3291
2023-07-07 20:00:00,-1.3277
2023-07-07 21:00:00,-1.3240
2023-07-07 22:00:00,-1.3179
2023-07-07 23:00:00,-1.3168
2023-07-08 00:00:00,-1.3176
2023-07-08 01:00:00,-1.3243
2023-07-08 02:00:00,-1.3277
2023-07-08 03:00:00,-1.3258
2023-07-08 04:00:00,-1.3230
2023-07-08 05:00:00,-1.3229
2023-07-08 06:00:00,-1.3234
2023-07-08 07:00:00,-1.3283
2023-07-08 08:00:00,-1.3210
2023-07-08 09:00:00,-1.3148
2023-07-08 10:00:00,-1.3095
2023-07-08 11:00:00,-1.3042
2023-07-08 12:00:00,-1.2986
2023-07-08 13:00:00,-1.2972
2023-07-08 14:00:00,-1.2938
2023-07-08 15:00:00,-1.2913
2023-07-08 16:00:00,-1.2938
2023-07-08 17:00:00,-1.3063
2023-07-08 18:00:00,-1.3150
2023-07-08 19:00:00,-1.3112
2023-07-08 20:00:00,-1.3033
2023-07-08 21:00:00,-1.2959
2023-07-08 22:00:00,-1.2953
2023-07-08 23:00:00,-1.2984
2023-07-09 00:00:00,-1.2979
2023-07-09 01:00:00,-1.3006
2023-07-09 02:00:00,-1.3088
2023-07-09 03:00:00,-1.3171
2023-07-09 04:00:00,-1.3192
2023-07-09 05:00:00,-1.3174
2023-07-09 06:00:00,-1.3084
2023-07-09 07:00:00,-1.3058
2023-07-09 08:00:00,-1.3057
2023-07-09 09:00:00,-1.2982
2023-07-09 10:00:00,-1.2924
2023-07-09 11:00:00,-1.2841
2023-07-09 12:00:00,-1.2766
2023-07-09 13:00:00,-1.2716
2023-07-09 14:00:00,-1.2785
2023-07-09 15:00:00,-1.2882
2023-07-09 16:00:00,-1.2979
2023-07-09 17:00:00,-1.2956
2023-07-09 18:00:00,-1.2937
2023-07-09 19:00:00,-1.2835
2023-07-09 20:00:00,-1.2777
2023-07-09 21:00:00,-1.2709
2023-07-09 22:00:00,-1.2666
2023-07-09 23:00:00,-1.2601
2023-07-10 00:00:00,-1.2556
2023-07-10 01:00:00,-1.2525
2023-07-10 02:00:00,-1.2483
2023-07-10 03:00:00,-1.2437
2023-07-10 04:00:00,-1.2468
2023-07-10 05:00:00,-1.2525
2023-07-10 06:00:00,-1.2454
2023-07-10 07:00:00,-1.2376
2023-07-10 08:00:00,-1.2312
2023-07-10 09:00:00,-1.2228
2023-07-10 10:00:00,-1.2194
2023-07-10 11:00:00,-1.2133
2023-07-10 12:00:00,-1.2061
2023-07-10 13:00:00,-1.2070
2023-07-10 14:00:00,-1.2101
2023-07-10 15:00:00,-1.2073
2023-07-10 16:00:00,-1.2150
2023-07-10 17:00:00,-1.2262
2023-07-10 18:00:00,-1.2406
2023-07-10 19:00:00,-1.2523
2023-07-10 20:00:00,-1.2569
2023-07-10 21:00:00,-1.2624
2023-07-10 22:00:00,-1.2621
2023-07-10 23:00:00,-1.2649
2023-07-11 00:00:00,-1.2678
2023-07-11 01:00:00,-1.2722
2023-07-11 02:00:00,-1.2754
2023-07-11 03:00:00,-1.2817
2023-07-11 04:00:00,-1.2909
2023-07-11 05:00:00,-1.2918
2023-07-11 06:00:00,-1.2929
2023-07-11 07:00:00,-1.2920
2023-07-11 08:00:00,-1.2936
2023-07-11 09:00:00,-1.2986
2023-07-11 10:00:00,-1.3056
2023-07-11 11:00:00,-1.3141
2023-07-11 12:00:00,-1.3213
2023-07-11 13:00:00,-1.3246
2023-07-11 14:00:00,-1.3251
2023-07-11 15:00:00,-1.3266
2023-07-11 16:00:00,-1.3303
2023-07-11 17:00:00,-1.3405
2023-07-11 18:00:00,-1.3404
2023-07-11 19:00:00,-1.3436
2023-07-11 20:00:00,-1.3457
2023-07-11 21:00:00,-1.3496
2023-07-11 22:00:00,-1.3551
2023-07-11 23:00:00,-1.3660
2023-07-12 00:00:00,-1.3643
2023-07-12 01:00:00,-1.3584
2023-07-12 02:00:00,-1.3578
2023-07-12 03:00:00,-1.3597
2023-07-12 04:00:00,-1.3624
2023-07-12 05:00:00,-1.3669
2023-07-12 06:00:00,-1.3677
2023-07-12 07:00:00,-1.3660
2023-07-12 08:00:00,-1.3652
2023-07-12 09:00:00,-1.3637
2023-07-12 10:00:00,-1.3620
2023-07-12 11:00:00,-1.3618
2023-07-12 12:00:00,-1.3597
2023-07-12 13:00:00,-1.3599
2023-07-12 14:00:00,-1.3580
2023-07-12 15:00:00,-1.3557
2023-07-12 16:00:00,-1.3524
2023-07-12 17:00:00,-1.3509
2023-07-12 18:00:00,-1.3501
2023-07-12 19:00:00,-1.3507
2023-07-12 20:00:00,-1.3485
2023-07-12 21:00:00,-1.3488
2023-07-12 22:00:00,-1.3526
2023-07-12 23:00:00,-1.3586
2023-07-13 00:00:00,-1.3622
2023-07-13 01:00:00,-1.3602
2023-07-13 02:00:00,-1.3662
2023-07-13 03:00:00,-1.3703
2023-07-13 04:00:00,-1.3801
2023-07-13 05:00:00,-1.3866
2023-07-13 06:00:00,-1.3926
2023-07-13 07:00:00,-1.3971
2023-07-13 08:00:00,-1.3990
2023-07-13 09:00:00,-1.4027
2023-07-13 10:00:00,-1.4008
2023-07-13 11:00:00,-1.3990
2023-07-13 12:00:00,-1.3959
2023-07-13 13:00:00,-1.3847
2023-07-13 14:00:00,-1.3759
2023-07-13 15:00:00,-1.3732
2023-07-13 16:00:00,-1.3740
2023-07-13 17:00:00,-1.3730
2023-07-13 18:00:00,-1.3706
2023-07-13 19:00:00,-1.3633
2023-07-13 20:00:00,-1.3643
2023-07-13 21:00:00,-1.3671
2023-07-13 22:00:00,-1.3685
2023-07-13 23:00:00,-1.3699
2023-07-14 00:00:00,-1.3718
2023-07-14 01:00:00,-1.3732
2023-07-14 02:00:00,-1.3756
2023-07-14 03:00:00,-1.3803
2023-07-14 04:00:00,-1.3851
2023-07-14 05:00:00,-1.3872
2023-07-14 06:00:00,-1.3936
2023-07-14 07:00:00,-1.3959
2023-07-14 08:00:00,-1.3944
2023-07-14 09:00:00,-1.3938
2023-07-14 10:00:00,-1.3964
2023-07-14 11:00:00,-1.3930
2023-07-14 12:00:00,-1.3865
2023-07-14 13:00:00,-1.3846
2023-07-14 14:00:00,-1.3825
2023-07-14 15:00:00,-1.3854
2023-07-14 16:00:00,-1.3847
2023-07-14 17:00:00,-1.3820
2023-07-14 18:00:00,-1.3851
2023-07-14 19:00:00,-1.3869
2023-07-14 20:00:00,-1.3876
2023-07-14 21:00:00,-1.3862
2023-07-14 22:00:00,-1.3851
2023-07-14 23:00:00,-1.3832
2023-07-15 00:00:00,-1.3762
2023-07-15 01:00:00,-1.3788
2023-07-15 02:00:00,-1.3750
2023-07-15 03:00:00,-1.3710
2023-07-15 04:00:00,-1.3657
2023-07-15 05:00:00,-1.3658
2023-07-15 06:00:00,-1.3675
2023-07-15 07:00:00,-1.3709
2023-07-15 08:00:00,-1.3676
2023-07-15 09:00:00,-1.3693
2023-07-15 10:00:00,-1.3706
2023-07-15 11:00:00,-1.3758
2023-07-15 12:00:00,-1.3787
2023-07-15 13:00:00,-1.3751
2023-07-15 14:00:00,-1.3739
2023-07-15 15:00:00,-1.3730
2023-07-15 16:00:00,-1.3745
2023-07-15 17:00:00,-1.3787
2023-07-15 18:00:00,-1.3786
2023-07-15 19:00:00,-1.3777
2023-07-15 20:00:00,-1.3781
2023-07-15 21:00:00,-1.3790
2023-07-15 22:00:00,-1.3810
2023-07-15 23:00:00,-1.3807
2023-07-16 00:00:00,-1.3806
2023-07-16 01:00:00,-1.3830
2023-07-16 02:00:00,-1.3880
2023-07-16 03:00:00,-1.3910
2023-07-16 04:00:00,-1.3936
2023-07-16 05:00:00,-1.3935
2023-07-16 06:00:00,-1.3936
2023-07-16 07:00:00,-1.3950
2023-07-16 08:00:00,-1.3965
2023-07-16 09:00:00,-1.3985
2023-07-16 10:00:00,-1.3990
2023-07-16 11:00:00,-1.3929
2023-07-16 12:00:00,-1.3873
2023-07-16 13:00:00,-1.3880
2023-07-16 14:00:00,-1.3827
2023-07-16 15:00:00,-1.3772
2023-07-16 16:00:00,-1.3783
2023-07-16 17:00:00,-1.3687
2023-07-16 18:00:00,-1.3648
2023-07-16 19:00:00,-1.3646
2023-07-16 20:00:00,-1.3729
2023-07-16 21:00:00,-1.3829
2023-07-16 22:00:00,-1.3906
2023-07-16 23:00:00,-1.3952
2023-07-17 00:00:00,-1.3971
2023-07-17 01:00:00,-1.4004
2023-07-17 02:00:00,-1.3989
2023-07-17 03:00:00,-1.3981
2023-07-17 04:00:00,-1.3962
2023-07-17 05:00:00,-1.3948
2023-07-17 06:00:00,-1.3915
2023-07-17 07:00:00,-1.3915
2023-07-17 08:00:00,-1.3903
2023-07-17 09:00:00,-1.3836
2023-07-17 10:00:00,-1.3803
2023-07-17 11:00:00,-1.3769
2023-07-17 12:00:00,-1.3736
2023-07-17 13:00:00,-1.3709
2023-07-17 14:00:00,-1.3702
2023-07-17 15:00:00,-1.3716
2023-07-17 16:00:00,-1.3713
2023-07-17 17:00:00,-1.3710
2023-07-17 18:00:00,-1.3718
2023-07-17 19:00:00,-1.3751
2023-07-17 20:00:00,-1.3832
2023-07-17 21:00:00,-1.3881
2023-07-17 22:00:00,-1.3939
2023-07-17 23:00:00,-1.3976
2023-07-18 00:00:00,-1.4007
2023-07-18 01:00:00,-1.4026
2023-07-18 02:00:00,-1.4021
2023-07-18 03:00:00,-1.4016
2023-07-18 04:00:00,-1.4005
2023-07-18 05:00:00,-1.4006
2023-07-18 06:00:00,-1.3977
2023-07-18 07:00:00,-1.3950
2023-07-18 08:00:00,-1.3979
2023-07-18 09:00:00,-1.3998
2023-07-18 10:00:00,-1.4062
2023-07-18 11:00:00,-1.4101
2023-07-18 12:00:00,-1.4099
2023-07-18 13:00:00,-1.4073
2023-07-18 14:00:00,-1.4059
2023-07-18 15:00:00,-1.4064
2023-07-18 16:00:00,-1.4087
2023-07-18 17:00:00,-1.4088
2023-07-18 18:00:00,-1.4084
2023-07-18 19:00:00,-1.4030
2023-07-18 20:00:00,-1.4011
2023-07-18 21:00:00,-1.4031
2023-07-18 22:00:00,-1.4099
2023-07-18 23:00:00,-1.4145
2023-07-19 00:00:00,-1.4140
2023-07-19 01:00:00,-1.4133
2023-07-19 02:00:00,-1.4137
2023-07-19 03:00:00,-1.4069
2023-07-19 04:00:00,-1.4032
2023-07-19 05:00:00,-1.4037
2023-07-19 06:00:00,-1.4070
2023-07-19 07:00:00,-1.4098
2023-07-19 08:00:00,-1.4080
2023-07-19 09:00:00,-1.4080
2023-07-19 10:00:00,-1.4075
2023-07-19 11:00:00,-1.4074
2023-07-19 12:00:00,-1.4127
2023-07-19 13:00:00,-1.4152
2023-07-19 14:00:00,-1.4153
2023-07-19 15:00:00,-1.4127
2023-07-19 16:00:00,-1.4132
2023-07-19 17:00:00,-1.4050
2023-07-19 18:00:00,-1.3991
2023-07-19 19:00:00,-1.3959
2023-07-19 20:00:00,-1.3900
2023-07-19 21:00:00,-1.3880
2023-07-19 22:00:00,-1.3881
2023-07-19 23:00:00,-1.3972
2023-07-20 00:00:00,-1.4027
2023-07-20 01:00:00,-1.4056
2023-07-20 02:00:00,-1.4071
2023-07-20 03:00:00,-1.4049
2023-07-20 04:00:00,-1.4033
2023-07-20 05:00:00,-1.3982
2023-07-20 06:00:00,-1.3897
2023-07-20 07:00:00,-1.3843
2023-07-20 08:00:00,-1.3833
2023-07-20 09:00:00,-1.3839
2023-07-20 10:00:00,-1.3823
2023-07-20 11:00:00,-1.3801
2023-07-20 12:00:00,-1.3782
2023-07-20 13:00:00,-1.3751
2023-07-20 14:00:00,-1.3728
2023-07-20 15:00:00,-1.3743
2023-07-20 16:00:00,-1.3764
2023-07-20 17:00:00,-1.3751
2023-07-20 18:00:00,-1.3729
2023-07-20 19:00:00,-1.3706
2023-07-20 20:00:00,-1.3704
2023-07-20 21:00:00,-1.3702
2023-07-20 22:00:00,-1.3710
2023-07-20 23:00:00,-1.3701
2023-07-21 00:00:00,-1.3706
2023-07-21 01:00:00,-1.3709
2023-07-21 02:00:00,-1.3745
2023-07-21 03:00:00,-1.3700
2023-07-21 04:00:00,-1.3680
2023-07-21 05:00:00,-1.3660
2023-07-21 06:00:00,-1.3637
2023-07-21 07:00:00,-1.3640
2023-07-21 08:00:00,-1.3623
2023-07-21 09:00:00,-1.3618
2023-07-21 10:00:00,-1.3623
2023-07-21 11:00:00,-1.3692
2023-07-21 12:00:00,-1.3771
2023-07-21 13:00:00,-1.3781
2023-07-21 14:00:00,-1.3791
2023-07-21 15:00:00,-1.3777
2023-07-21 16:00:00,-1.3754
2023-07-21 17:00:00,-1.3739
2023-07-21 18:00:00,-1.3735
2023-07-21 19:00:00,-1.3704
2023-07-21 20:00:00,-1.3690
2023-07-21 21:00:00,-1.3725
2023-07-21 22:00:00,-1.3757
2023-07-21 23:00:00,-1.3792
2023-07-22 00:00:00,-1.3832
2023-07-22 01:00:00,-1.3903
2023-07-22 02:00:00,-1.3969
2023-07-22 03:00:00,-1.4005
2023-07-22 04:00:00,-1.4068
2023-07-22 05:00:00,-1.4097
2023-07-22 06:00:00,-1.4128
2023-07-22 07:00:00,-1.4169
2023-07-22 08:00:00,-1.4183
2023-07-22 09:00:00,-1.4186
2023-07-22 10:00:00,-1.4194
2023-07-22 11:00:00,-1.4196
2023-07-22 12:00:00,-1.4219
2023-07-22 13:00:00,-1.4215
2023-07-22 14:00:00,-1.4170
2023-07-22 15:00:00,-1.4093
2023-07-22 16:00:00,-1.4063
2023-07-22 17:00:00,-1.3999
2023-07-22 18:00:00,-1.3967
2023-07-22 19:00:00,-1.3955
2023-07-22 20:00:00,-1.3965
2023-07-22 21:00:00,-1.4001
2023-07-22 22:00:00,-1.4035
2023-07-22 23:00:00,-1.4062
2023-07-23 00:00:00,-1.4114
2023-07-23 01:00:00,-1.4149
2023-07-23 02:00:00,-1.4239
2023-07-23 03:00:00,-1.4253
2023-07-23 04:00:00,-1.4296
2023-07-23 05:00:00,-1.4303
2023-07-23 06:00:00,-1.4316
2023-07-23 07:00:00,-1.4296
2023-07-23 08:00:00,-1.4311
2023-07-23 09:00:00,-1.4271
2023-07-23 10:00:00,-1.4220
2023-07-23 11:00:00,-1.4160
2023-07-23 12:00:00,-1.4082
2023-07-23 13:00:00,-1.4042
2023-07-23 14:00:00,-1.4063
2023-07-23 15:00:00,-1.4062
2023-07-23 16:00:00,-1.4047
2023-07-23 17:00:00,-1.4069
2023-07-23 18:00:00,-1.4016
2023-07-23 19:00:00,-1.3976
2023-07-23 20:00:00,-1.3919
2023-07-23 21:00:00,-1.3904
2023-07-23 22:00:00,-1.3887
2023-07-23 23:00:00,-1.3869
2023-07-24 00:00:00,-1.3869
2023-07-24 01:00:00,-1.3852
2023-07-24 02:00:00,-1.3859
2023-07-24 03:00:00,-1.3809
2023-07-24 04:00:00,-1.3776
2023-07-24 05:00:00,-1.3709
2023-07-24 06:00:00,-1.3688
2023-07-24 07:00:00,-1.3652
2023-07-24 08:00:00,-1.3670
2023-07-24 09:00:00,-1.3677
2023-07-24 10:00:00,-1.3666
2023-07-24 11:00:00,-1.3696
2023-07-24 12:00:00,-1.3703
2023-07-24 13:00:00,-1.3695
2023-07-24 14:00:00,-1.3689
2023-07-24 15:00:00,-1.3671
2023-07-24 16:00:00,-1.3682
2023-07-24 17:00:00,-1.3607
2023-07-24 18:00:00,-1.3554
2023-07-24 19:00:00,-1.3536
2023-07-24 20:00:00,-1.3496
2023-07-24 21:00:00,-1.3457
2023-07-24 22:00:00,-1.3437
2023-07-24 23:00:00,-1.3411
2023-07-25 00:00:00,-1.3390
2023-07-25 01:00:00,-1.3406
2023-07-25 02:00:00,-1.3417
2023-07-25 03:00:00,-1.3352
2023-07-25 04:00:00,-1.3338
2023-07-25 05:00:00,-1.3363
2023-07-25 06:00:00,-1.3348
2023-07-25 07:00:00,-1.3276
2023-07-25 08:00:00,-1.3215
2023-07-25 09:00:00,-1.3193
2023-07-25 10:00:00,-1.3185
2023-07-25 11:00:00,-1.3177
2023-07-25 12:00:00,-1.3221
2023-07-25 13:00:00,-1.3158
2023-07-25 14:00:00,-1.3139
2023-07-25 15:00:00,-1.3153
2023-07-25 16:00:00,-1.3151
2023-07-25 17:00:00,-1.3104
2023-07-25 18:00:00,-1.3064
2023-07-25 19:00:00,-1.3038
2023-07-25 20:00:00,-1.3017
2023-07-25 21:00:00,-1.2991
2023-07-25 22:00:00,-1.2986
2023-07-25 23:00:00,-1.2958
2023-07-26 00:00:00,-1.2970
2023-07-26 01:00:00,-1.3001
2023-07-26 02:00:00,-1.3050
2023-07-26 03:00:00,-1.3108
2023-07-26 04:00:00,-1.3164
2023-07-26 05:00:00,-1.3158
2023-07-26 06:00:00,-1.3153
2023-07-26 07:00:00,-1.3199
2023-07-26 08:00:00,-1.3208
2023-07-26 09:00:00,-1.3240
2023-07-26 10:00:00,-1.3237
2023-07-26 11:00:00,-1.3198
2023-07-26 12:00:00,-1.3203
2023-07-26 13:00:00,-1.3191
2023-07-26 14:00:00,-1.3208
2023-07-26 15:00:00,-1.3183
2023-07-26 16:00:00,-1.3135
2023-07-26 17:00:00,-1.3110
2023-07-26 18:00:00,-1.3055
2023-07-26 19:00:00,-1.3042
2023-07-26 20:00:00,-1.3040
2023-07-26 21:00:00,-1.3008
2023-07-26 22:00:00,-1.3026
2023-07-26 23:00:00,-1.3048
2023-07-27 00:00:00,-1.3074
2023-07-27 01:00:00,-1.3106
2023-07-27 02:00:00,-1.3154
2023-07-27 03:00:00,-1.3207
2023-07-27 04:00:00,-1.3256
2023-07-27 05:00:00,-1.3286
2023-07-27 06:00:00,-1.3315
2023-07-27 07:00:00,-1.3344
2023-07-27 08:00:00,-1.3372
2023-07-27 09:00:00,-1.3364
2023-07-27 10:00:00,-1.3335
2023-07-27 11:00:00,-1.3312
2023-07-27 12:00:00,-1.3310
2023-07-27 13:00:00,-1.3305
2023-07-27 14:00:00,-1.3319
2023-07-27 15:00:00,-1.3362
2023-07-27 16:00:00,-1.3324
2023-07-27 17:00:00,-1.3325
2023-07-27 18:00:00,-1.3300
2023-07-27 19:00:00,-1.3317
2023-07-27 20:00:00,-1.3364
2023-07-27 21:00:00,-1.3350
2023-07-27 22:00:00,-1.3322
2023-07-27 23:00:00,-1.3346
2023-07-28 00:00:00,-1.3357
2023-07-28 01:00:00,-1.3414
2023-07-28 02:00:00,-1.3435
2023-07-28 03:00:00,-1.3440
2023-07-28 04:00:00,-1.3493
2023-07-28 05:00:00,-1.3503
2023-07-28 06:00:00,-1.3483
2023-07-28 07:00:00,-1.3458
2023-07-28 08:00:00,-1.3421
2023-07-28 09:00:00,-1.3407
2023-07-28 10:00:00,-1.3398
2023-07-28 11:00:00,-1.3382
2023-07-28 12:00:00,-1.3355
2023-07-28 13:00:00,-1.3320
2023-07-28 14:00:00,-1.3284
2023-07-28 15:00:00,-1.3268
2023-07-28 16:00:00,-1.3254
2023-07-28 17:00:00,-1.3223
2023-07-28 18:00:00,-1.3182
2023-07-28 19:00:00,-1.3124
2023-07-28 20:00:00,-1.3060
2023-07-28 21:00:00,-1.3028
2023-07-28 22:00:00,-1.3051
2023-07-28 23:00:00,-1.3043
2023-07-29 00:00:00,-1.2984
2023-07-29 01:00:00,-1.2892
2023-07-29 02:00:00,-1.2835
2023-07-29 03:00:00,-1.2843
2023-07-29 04:00:00,-1.2917
2023-07-29 05:00:00,-1.2979
2023-07-29 06:00:00,-1.3078
2023-07-29 07:00:00,-1.3200
2023-07-29 08:00:00,-1.3258
2023-07-29 09:00:00,-1.3320
2023-07-29 10:00:00,-1.3392
2023-07-29 11:00:00,-1.3456
2023-07-29 12:00:00,-1.3515
2023-07-29 13:00:00,-1.3545
2023-07-29 14:00:00,-1.3554
2023-07-29 15:00:00,-1.3542
2023-07-29 16:00:00,-1.3516
2023-07-29 17:00:00,-1.3532
2023-07-29 18:00:00,-1.3589
2023-07-29 19:00:00,-1.3589
2023-07-29 20:00:00,-1.3646
2023-07-29 21:00:00,-1.3654
2023-07-29 22:00:00,-1.3642
2023-07-29 23:00:00,-1.3694
2023-07-30 00:00:00,-1.3737
2023-07-30 01:00:00,-1.3778
2023-07-30 02:00:00,-1.3793
2023-07-30 03:00:00,-1.3859
2023-07-30 04:00:00,-1.3904
2023-07-30 05:00:00,-1.3928
2023-07-30 06:00:00,-1.3976
2023-07-30 07:00:00,-1.4039
2023-07-30 08:00:00,-1.4051
2023-07-30 09:00:00,-1.4100
2023-07-30 10:00:00,-1.4087
2023-07-30 11:00:00,-1.4082
2023-07-30 12:00:00,-1.4033
2023-07-30 13:00:00,-1.3977
2023-07-30 14:00:00,-1.3864
2023-07-30 15:00:00,-1.3793
2023-07-30 16:00:00,-1.3724
2023-07-30 17:00:00,-1.3650
2023-07-30 18:00:00,-1.3598
2023-07-30 19:00:00,-1.3606
2023-07-30 20:00:00,-1.3554
2023-07-30 21:00:00,-1.3560
2023-07-30 22:00:00,-1.3597
2023-07-30 23:00:00,-1.3620
2023-07-31 00:00:00,-1.3643
2023-07-31 01:00:00,-1.3727
2023-07-31 02:00:00,-1.3810
2023-07-31 03:00:00,-1.3863
2023-07-31 04:00:00,-1.3873
2023-07-31 05:00:00,-1.3824
2023-07-31 06:00:00,-1.3780
2023-07-31 07:00:00,-1.3740
2023-07-31 08:00:00,-1.3687
2023-07-31 09:00:00,-1.3652
2023-07-31 10:00:00,-1.3580
2023-07-31 11:00:00,-1.3518
2023-07-31 12:00:00,-1.3501
2023-07-31 13:00:00,-1.3470
2023-07-31 14:00:00,-1.3445
2023-07-31 15:00:00,-1.3461
2023-07-31 16:00:00,-1.3393
2023-07-31 17:00:00,-1.3362
2023-07-31 18:00:00,-1.3358
2023-07-31 19:00:00,-1.3368
2023-07-31 20:00:00,-1.3401
2023-07-31 21:00:00,-1.3342
2023-07-31 22:00:00,-1.3246
2023-07-31 23:00:00,-1.3201
2023-08-01 00:00:00,-1.3162
2023-08-01 01:00:00,-1.3105
2023-08-01 02:00:00,-1.3143
2023-08-01 03:00:00,-1.3091
2023-08-01 04:00:00,-1.3112
2023-08-01 05:00:00,-1.3129
2023-08-01 06:00:00,-1.3141
2023-08-01 07:00:00,-1.3211
2023-08-01 08:00:00,-1.3216
2023-08-01 09:00:00,-1.3219
2023-08-01 10:00:00,-1.3202
2023-08-01 11:00:00,-1.3229
2023-08-01 12:00:00,-1.3275
2023-08-01 13:00:00,-1.3261
2023-08-01 14:00:00,-1.3281
2023-08-01 15:00:00,-1.3270
2023-08-01 16:00:00,-1.3239
2023-08-01 17:00:00,-1.3260
2023-08-01 18:00:00,-1.3279
2023-08-01 19:00:00,-1.3311
2023-08-01 20:00:00,-1.3338
2023-08-01 21:00:00,-1.3366
2023-08-01 22:00:00,-1.3408
2023-08-01 23:00:00,-1.3432
2023-08-02 00:00:00,-1.3443
2023-08-02 01:00:00,-1.3452
2023-08-02 02:00:00,-1.3454
2023-08-02 03:00:00,-1.3514
2023-08-02 04:00:00,-1.3513
2023-08-02 05:00:00,-1.3536
2023-08-02 06:00:00,-1.3581
2023-08-02 07:00:00,-1.3590
2023-08-02 08:00:00,-1.3540
2023-08-02 09:00:00,-1.3542
2023-08-02 10:00:00,-1.3575
2023-08-02 11:00:00,-1.3664
2023-08-02 12:00:00,-1.3688
2023-08-02 13:00:00,-1.3722
2023-08-02 14:00:00,-1.3723
2023-08-02 15:00:00,-1.3740
2023-08-02 16:00:00,-1.3733
2023-08-02 17:00:00,-1.3729
2023-08-02 18:00:00,-1.3741
2023-08-02 19:00:00,-1.3769
2023-08-02 20:00:00,-1.3805
2023-08-02 21:00:00,-1.3858
2023-08-02 22:00:00,-1.3974
2023-08-02 23:00:00,-1.4070
2023-08-03 00:00:00,-1.4126
2023-08-03 01:00:00,-1.4176
2023-08-03 02:00:00,-1.4215
2023-08-03 03:00:00,-1.4244
2023-08-03 04:00:00,-1.4277
2023-08-03 05:00:00,-1.4268
2023-08-03 06:00:00,-1.4265
2023-08-03 07:00:00,-1.4248
2023-08-03 08:00:00,-1.4242
2023-08-03 09:00:00,-1.4231
2023-08-03 10:00:00,-1.4212
2023-08-03 11:00:00,-1.4174
2023-08-03 12:00:00,-1.4126
2023-08-03 13:00:00,-1.4092
2023-08-03 14:00:00,-1.3999
2023-08-03 15:00:00,-1.3912
2023-08-03 16:00:00,-1.3898
2023-08-03 17:00:00,-1.3852
2023-08-03 18:00:00,-1.3810
2023-08-03 19:00:00,-1.3741
2023-08-03 20:00:00,-1.3706
2023-08-03 21:00:00,-1.3709
2023-08-03 22:00:00,-1.3724
2023-08-03 23:00:00,-1.3727
2023-08-04 00:00:00,-1.3707
2023-08-04 01:00:00,-1.3704
2023-08-04 02:00:00,-1.3696
2023-08-04 03:00:00,-1.3696
2023-08-04 04:00:00,-1.3700
2023-08-04 05:00:00,-1.3684
2023-08-04 06:00:00,-1.3666
2023-08-04 07:00:00,-1.3634
2023-08-04 08:00:00,-1.3608
2023-08-04 09:00:00,-1.3622
2023-08-04 10:00:00,-1.3635
2023-08-04 11:00:00,-1.3634
2023-08-04 12:00:00,-1.3653
2023-08-04 13:00:00,-1.3592
2023-08-04 14:00:00,-1.3552
2023-08-04 15:00:00,-1.3506
2023-08-04 16:00:00,-1.3497
2023-08-04 17:00:00,-1.3484
2023-08-04 18:00:00,-1.3514
2023-08-04 19:00:00,-1.3511
2023-08-04 20:00:00,-1.3475
2023-08-04 21:00:00,-1.3475
2023-08-04 22:00:00,-1.3469
2023-08-04 23:00:00,-1.3456
2023-08-05 00:00:00,-1.3448
2023-08-05 01:00:00,-1.3477
2023-08-05 02:00:00,-1.3526
2023-08-05 03:00:00,-1.3551
2023-08-05 04:00:00,-1.3568
2023-08-05 05:00:00,-1.3583
2023-08-05 06:00:00,-1.3593
2023-08-05 07:00:00,-1.3605
2023-08-05 08:00:00,-1.3630
2023-08-05 09:00:00,-1.3653
2023-08-05 10:00:00,-1.3686
2023-08-05 11:00:00,-1.3766
2023-08-05 12:00:00,-1.3887
2023-08-05 13:00:00,-1.3925
2023-08-05 14:00:00,-1.3971
2023-08-05 15:00:00,-1.4002
2023-08-05 16:00:00,-1.4015
2023-08-05 17:00:00,-1.4015
2023-08-05 18:00:00,-1.4012
2023-08-05 19:00:00,-1.3976
2023-08-05 20:00:00,-1.3942
2023-08-05 21:00:00,-1.3917
2023-08-05 22:00:00,-1.3898
2023-08-05 23:00:00,-1.3932
2023-08-06 00:00:00,-1.3993
2023-08-06 01:00:00,-1.4077
2023-08-06 02:00:00,-1.4103
2023-08-06 03:00:00,-1.4121
2023-08-06 04:00:00,-1.4071
2023-08-06 05:00:00,-1.4004
2023-08-06 06:00:00,-1.3845
2023-08-06 07:00:00,-1.3365
2023-08-06 08:00:00,-1.2794
2023-08-06 09:00:00,-1.2096
2023-08-06 10:00:00,-1.1655
2023-08-06 11:00:00,-1.1407
2023-08-06 12:00:00,-1.1337
2023-08-06 13:00:00,-1.1368
2023-08-06 14:00:00,-1.1435
2023-08-06 15:00:00,-1.1540
2023-08-06 16:00:00,-1.1672
2023-08-06 17:00:00,-1.1739
2023-08-06 18:00:00,-1.1765
2023-08-06 19:00:00,-1.1820
2023-08-06 20:00:00,-1.1908
2023-08-06 21:00:00,-1.2013
2023-08-06 22:00:00,-1.2081
2023-08-06 23:00:00,-1.2165
2023-08-07 00:00:00,-1.2208
2023-08-07 01:00:00,-1.2314
2023-08-07 02:00:00,-1.2377
2023-08-07 03:00:00,-1.2406
2023-08-07 04:00:00,-1.2447
2023-08-07 05:00:00,-1.2520
2023-08-07 06:00:00,-1.2575
2023-08-07 07:00:00,-1.2657
2023-08-07 08:00:00,-1.2739
2023-08-07 09:00:00,-1.2816
2023-08-07 10:00:00,-1.2875
2023-08-07 11:00:00,-1.2915
2023-08-07 12:00:00,-1.2927
2023-08-07 13:00:00,-1.2928
2023-08-07 14:00:00,-1.2900
2023-08-07 15:00:00,-1.2878
2023-08-07 16:00:00,-1.2837
2023-08-07 17:00:00,-1.2774
2023-08-07 18:00:00,-1.2804
2023-08-07 19:00:00,-1.2770
2023-08-07 20:00:00,-1.2687
2023-08-07 21:00:00,-1.2733
2023-08-07 22:00:00,-1.2748
2023-08-07 23:00:00,-1.2816
2023-08-08 00:00:00,-1.2885
2023-08-08 01:00:00,-1.2901
2023-08-08 02:00:00,-1.2879
2023-08-08 03:00:00,-1.2851
2023-08-08 04:00:00,-1.2844
2023-08-08 05:00:00,-1.2857
2023-08-08 06:00:00,-1.2890
2023-08-08 07:00:00,-1.2900
2023-08-08 08:00:00,-1.2953
2023-08-08 09:00:00,-1.2976
2023-08-08 10:00:00,-1.3005
2023-08-08 11:00:00,-1.3067
2023-08-08 12:00:00,-1.3102
2023-08-08 13:00:00,-1.3156
2023-08-08 14:00:00,-1.3200
2023-08-08 15:00:00,-1.3261
2023-08-08 16:00:00,-1.3318
2023-08-08 17:00:00,-1.3378
2023-08-08 18:00:00,-1.3382
2023-08-08 19:00:00,-1.3354
2023-08-08 20:00:00,-1.3060
2023-08-08 21:00:00,-1.2672
2023-08-08 22:00:00,-1.2312
2023-08-08 23:00:00,-1.1989
2023-08-09 00:00:00,-1.1886
2023-08-09 01:00:00,-1.1861
2023-08-09 02:00:00,-1.1917
2023-08-09 03:00:00,-1.2069
2023-08-09 04:00:00,-1.2194
2023-08-09 05:00:00,-1.2327
2023-08-09 06:00:00,-1.2490
2023-08-09 07:00:00,-1.2675
2023-08-09 08:00:00,-1.2839
2023-08-09 09:00:00,-1.3001
2023-08-09 10:00:00,-1.3122
2023-08-09 11:00:00,-1.3202
2023-08-09 12:00:00,-1.3271
2023-08-09 13:00:00,-1.3317
2023-08-09 14:00:00,-1.3348
2023-08-09 15:00:00,-1.3389
2023-08-09 16:00:00,-1.3411
2023-08-09 17:00:00,-1.3441
2023-08-09 18:00:00,-1.3473
2023-08-09 19:00:00,-1.3532
2023-08-09 20:00:00,-1.3607
2023-08-09 21:00:00,-1.3654
2023-08-09 22:00:00,-1.3679
2023-08-09 23:00:00,-1.3739
2023-08-10 00:00:00,-1.3801
2023-08-10 01:00:00,-1.3860
2023-08-10 02:00:00,-1.3927
2023-08-10 03:00:00,-1.3970
2023-08-10 04:00:00,-1.3995
2023-08-10 05:00:00,-1.4005
2023-08-10 06:00:00,-1.4017
2023-08-10 07:00:00,-1.4032
2023-08-10 08:00:00,-1.3987
2023-08-10 09:00:00,-1.3985
2023-08-10 10:00:00,-1.4004
2023-08-10 11:00:00,-1.3992
2023-08-10 12:00:00,-1.3967
2023-08-10 13:00:00,-1.3948
2023-08-10 14:00:00,-1.3944
2023-08-10 15:00:00,-1.3952
2023-08-10 16:00:00,-1.3951
2023-08-10 17:00:00,-1.3957
2023-08-10 18:00:00,-1.3954
2023-08-10 19:00:00,-1.3972
2023-08-10 20:00:00,-1.3996
2023-08-10 21:00:00,-1.4012
2023-08-10 22:00:00,-1.4045
2023-08-10 23:00:00,-1.4029
2023-08-11 00:00:00,-1.4043
2023-08-11 01:00:00,-1.4022
2023-08-11 02:00:00,-1.4044
2023-08-11 03:00:00,-1.4022
2023-08-11 04:00:00,-1.4053
2023-08-11 05:00:00,-1.4100
2023-08-11 06:00:00,-1.4143
2023-08-11 07:00:00,-1.4159
2023-08-11 08:00:00,-1.4153
2023-08-11 09:00:00,-1.4176
2023-08-11 10:00:00,-1.4171
2023-08-11 11:00:00,-1.4178
2023-08-11 12:00:00,-1.4155
2023-08-11 13:00:00,-1.4089
2023-08-11 14:00:00,-1.4021
2023-08-11 15:00:00,-1.3985
2023-08-11 16:00:00,-1.3982
2023-08-11 17:00:00,-1.3971
2023-08-11 18:00:00,-1.3899
2023-08-11 19:00:00,-1.3849
2023-08-11 20:00:00,-1.3814
2023-08-11 21:00:00,-1.3828
2023-08-11 22:00:00,-1.3802
2023-08-11 23:00:00,-1.3822
2023-08-12 00:00:00,-1.3817
2023-08-12 01:00:00,-1.3800
2023-08-12 02:00:00,-1.3822
2023-08-12 03:00:00,-1.3895
2023-08-12 04:00:00,-1.4032
2023-08-12 05:00:00,-1.4101
2023-08-12 06:00:00,-1.4149
2023-08-12 07:00:00,-1.4251
2023-08-12 08:00:00,-1.4255
2023-08-12 09:00:00,-1.4235
2023-08-12 10:00:00,-1.4027
2023-08-12 11:00:00,-1.3451
2023-08-12 12:00:00,-1.3172
2023-08-12 13:00:00,-1.3048
2023-08-12 14:00:00,-1.3019
2023-08-12 15:00:00,-1.2917
2023-08-12 16:00:00,-1.2869
2023-08-12 17:00:00,-1.2872
2023-08-12 18:00:00,-1.2820
2023-08-12 19:00:00,-1.2741
2023-08-12 20:00:00,-1.2820
2023-08-12 21:00:00,-1.2912
2023-08-12 22:00:00,-1.3002
2023-08-12 23:00:00,-1.3076
2023-08-13 00:00:00,-1.3181
2023-08-13 01:00:00,-1.3263
2023-08-13 02:00:00,-1.3352
2023-08-13 03:00:00,-1.3456
2023-08-13 04:00:00,-1.3554
2023-08-13 05:00:00,-1.3633
2023-08-13 06:00:00,-1.3679
2023-08-13 07:00:00,-1.3738
2023-08-13 08:00:00,-1.3776
2023-08-13 09:00:00,-1.3819
2023-08-13 10:00:00,-1.3871
2023-08-13 11:00:00,-1.3876
2023-08-13 12:00:00,-1.3894
2023-08-13 13:00:00,-1.3913
2023-08-13 14:00:00,-1.3925
2023-08-13 15:00:00,-1.3925
2023-08-13 16:00:00,-1.3879
2023-08-13 17:00:00,-1.3833
2023-08-13 18:00:00,-1.3820
2023-08-13 19:00:00,-1.3804
2023-08-13 20:00:00,-1.3819
2023-08-13 21:00:00,-1.3863
2023-08-13 22:00:00,-1.3911
2023-08-13 23:00:00,-1.3928
2023-08-14 00:00:00,-1.3924
2023-08-14 01:00:00,-1.3890
2023-08-14 02:00:00,-1.3893
2023-08-14 03:00:00,-1.3867
2023-08-14 04:00:00,-1.3824
2023-08-14 05:00:00,-1.3861
2023-08-14 06:00:00,-1.3935
2023-08-14 07:00:00,-1.4000
2023-08-14 08:00:00,-1.4070
2023-08-14 09:00:00,-1.4128
2023-08-14 10:00:00,-1.4159
2023-08-14 11:00:00,-1.4157
2023-08-14 12:00:00,-1.4145
2023-08-14 13:00:00,-1.4138
2023-08-14 14:00:00,-1.4121
2023-08-14 15:00:00,-1.4115
2023-08-14 16:00:00,-1.4042
2023-08-14 17:00:00,-1.4016
2023-08-14 18:00:00,-1.3978
2023-08-14 19:00:00,-1.3975
2023-08-14 20:00:00,-1.4028
2023-08-14 21:00:00,-1.4049
2023-08-14 22:00:00,-1.4065
2023-08-14 23:00:00,-1.4035
2023-08-15 00:00:00,-1.4000
2023-08-15 01:00:00,-1.3999
2023-08-15 02:00:00,-1.3968
2023-08-15 03:00:00,-1.3882
2023-08-15 04:00:00,-1.3846
2023-08-15 05:00:00,-1.3803
2023-08-15 06:00:00,-1.3766
2023-08-15 07:00:00,-1.3771
2023-08-15 08:00:00,-1.3772
2023-08-15 09:00:00,-1.3756
2023-08-15 10:00:00,-1.3791
2023-08-15 11:00:00,-1.3813
2023-08-15 12:00:00,-1.3788
2023-08-15 13:00:00,-1.3766
2023-08-15 14:00:00,-1.3761
2023-08-15 15:00:00,-1.3738
2023-08-15 16:00:00,-1.3711
2023-08-15 17:00:00,-1.3698
2023-08-15 18:00:00,-1.3686
2023-08-15 19:00:00,-1.3703
2023-08-15 20:00:00,-1.3722
2023-08-15 21:00:00,-1.3839
2023-08-15 22:00:00,-1.3984
2023-08-15 23:00:00,-1.4042
2023-08-16 00:00:00,-1.4026
2023-08-16 01:00:00,-1.4012
2023-08-16 02:00:00,-1.4002
2023-08-16 03:00:00,-1.3975
2023-08-16 04:00:00,-1.3956
2023-08-16 05:00:00,-1.3972
2023-08-16 06:00:00,-1.3985
2023-08-16 07:00:00,-1.4040
2023-08-16 08:00:00,-1.4117
2023-08-16 09:00:00,-1.4183
2023-08-16 10:00:00,-1.4197
2023-08-16 11:00:00,-1.4174
2023-08-16 12:00:00,-1.4132
2023-08-16 13:00:00,-1.4112
2023-08-16 14:00:00,-1.4150
2023-08-16 15:00:00,-1.4098
2023-08-16 16:00:00,-1.4049
2023-08-16 17:00:00,-1.4022
2023-08-16 18:00:00,-1.4006
2023-08-16 19:00:00,-1.3965
2023-08-16 20:00:00,-1.3968
2023-08-16 21:00:00,-1.3986
2023-08-16 22:00:00,-1.3967
2023-08-16 23:00:00,-1.3969
2023-08-17 00:00:00,-1.4002
2023-08-17 01:00:00,-1.4043
2023-08-17 02:00:00,-1.4091
2023-08-17 03:00:00,-1.4074
2023-08-17 04:00:00,-1.4028
2023-08-17 05:00:00,-1.4012
2023-08-17 06:00:00,-1.4019
2023-08-17 07:00:00,-1.4030
2023-08-17 08:00:00,-1.4022
2023-08-17 09:00:00,-1.4009
2023-08-17 10:00:00,-1.4016
2023-08-17 11:00:00,-1.4012
2023-08-17 12:00:00,-1.4031
2023-08-17 13:00:00,-1.4038
2023-08-17 14:00:00,-1.4064
2023-08-17 15:00:00,-1.4024
2023-08-17 16:00:00,-1.3979
2023-08-17 17:00:00,-1.3974
2023-08-17 18:00:00,-1.3974
2023-08-17 19:00:00,-1.3985
2023-08-17 20:00:00,-1.4002
2023-08-17 21:00:00,-1.4003
2023-08-17 22:00:00,-1.3987
2023-08-17 23:00:00,-1.4040
2023-08-18 00:00:00,-1.4046
2023-08-18 01:00:00,-1.4114
2023-08-18 02:00:00,-1.4154
2023-08-18 03:00:00,-1.4216
2023-08-18 04:00:00,-1.4240
2023-08-18 05:00:00,-1.4241
2023-08-18 06:00:00,-1.4286
2023-08-18 07:00:00,-1.4321
2023-08-18 08:00:00,-1.4351
2023-08-18 09:00:00,-1.4373
2023-08-18 10:00:00,-1.4395
2023-08-18 11:00:00,-1.4466
2023-08-18 12:00:00,-1.4537
2023-08-18 13:00:00,-1.4548
2023-08-18 14:00:00,-1.4559
2023-08-18 15:00:00,-1.4569
2023-08-18 16:00:00,-1.4554
2023-08-18 17:00:00,-1.4515
2023-08-18 18:00:00,-1.4480
2023-08-18 19:00:00,-1.4457
2023-08-18 20:00:00,-1.4444
2023-08-18 21:00:00,-1.4435
2023-08-18 22:00:00,-1.4435
2023-08-18 23:00:00,-1.4467
2023-08-19 00:00:00,-1.4489
2023-08-19 01:00:00,-1.4462
2023-08-19 02:00:00,-1.4471
2023-08-19 03:00:00,-1.4465
2023-08-19 04:00:00,-1.4481
2023-08-19 05:00:00,-1.4476
2023-08-19 06:00:00,-1.4479
2023-08-19 07:00:00,-1.4516
2023-08-19 08:00:00,-1.4512
2023-08-19 09:00:00,-1.4474
2023-08-19 10:00:00,-1.4476
2023-08-19 11:00:00,-1.4474
2023-08-19 12:00:00,-1.4464
2023-08-19 13:00:00,-1.4440
2023-08-19 14:00:00,-1.4431
2023-08-19 15:00:00,-1.4373
2023-08-19 16:00:00,-1.4332
2023-08-19 17:00:00,-1.4278
2023-08-19 18:00:00,-1.4211
2023-08-19 19:00:00,-1.4173
2023-08-19 20:00:00,-1.4158
2023-08-19 21:00:00,-1.4187
2023-08-19 22:00:00,-1.4238
2023-08-19 23:00:00,-1.4289
2023-08-20 00:00:00,-1.4353
2023-08-20 01:00:00,-1.4381
2023-08-20 02:00:00,-1.4383
2023-08-20 03:00:00,-1.4379
2023-08-20 04:00:00,-1.4383
2023-08-20 05:00:00,-1.4381
2023-08-20 06:00:00,-1.4396
2023-08-20 07:00:00,-1.4390
2023-08-20 08:00:00,-1.4424
2023-08-20 09:00:00,-1.4423
2023-08-20 10:00:00,-1.4420
2023-08-20 11:00:00,-1.4436
2023-08-20 12:00:00,-1.4436
2023-08-20 13:00:00,-1.4423
2023-08-20 14:00:00,-1.4413
2023-08-20 15:00:00,-1.4371
2023-08-20 16:00:00,-1.4281
2023-08-20 17:00:00,-1.4216
2023-08-20 18:00:00,-1.4173
2023-08-20 19:00:00,-1.4135
2023-08-20 20:00:00,-1.4125
2023-08-20 21:00:00,-1.4120
2023-08-20 22:00:00,-1.4154
2023-08-20 23:00:00,-1.4199
2023-08-21 00:00:00,-1.4233
2023-08-21 01:00:00,-1.4274
2023-08-21 02:00:00,-1.4284
2023-08-21 03:00:00,-1.4301
2023-08-21 04:00:00,-1.4328
2023-08-21 05:00:00,-1.4339
2023-08-21 06:00:00,-1.4329
2023-08-21 07:00:00,-1.4343
2023-08-21 08:00:00,-1.4336
2023-08-21 09:00:00,-1.4356
2023-08-21 10:00:00,-1.4382
2023-08-21 11:00:00,-1.4400
2023-08-21 12:00:00,-1.4401
2023-08-21 13:00:00,-1.4376
2023-08-21 14:00:00,-1.4390
2023-08-21 15:00:00,-1.4395
2023-08-21 16:00:00,-1.4394
2023-08-21 17:00:00,-1.4348
2023-08-21 18:00:00,-1.4322
2023-08-21 19:00:00,-1.4296
2023-08-21 20:00:00,-1.4252
2023-08-21 21:00:00,-1.4225
2023-08-21 22:00:00,-1.4215
2023-08-21 23:00:00,-1.4242
2023-08-22 00:00:00,-1.4240
2023-08-22 01:00:00,-1.4281
2023-08-22 02:00:00,-1.4361
2023-08-22 03:00:00,-1.4468
2023-08-22 04:00:00,-1.4487
2023-08-22 05:00:00,-1.4506
2023-08-22 06:00:00,-1.4483
2023-08-22 07:00:00,-1.4461
2023-08-22 08:00:00,-1.4441
2023-08-22 09:00:00,-1.4396
2023-08-22 10:00:00,-1.4345
2023-08-22 11:00:00,-1.4331
2023-08-22 12:00:00,-1.4341
2023-08-22 13:00:00,-1.4363
2023-08-22 14:00:00,-1.4372
2023-08-22 15:00:00,-1.4382
2023-08-22 16:00:00,-1.4386
2023-08-22 17:00:00,-1.4392
2023-08-22 18:00:00,-1.4461
2023-08-22 19:00:00,-1.4444
2023-08-22 20:00:00,-1.4466
2023-08-22 21:00:00,-1.4469
2023-08-22 22:00:00,-1.4490
2023-08-22 23:00:00,-1.4496
2023-08-23 00:00:00,-1.4487
2023-08-23 01:00:00,-1.4475
2023-08-23 02:00:00,-1.4468
2023-08-23 03:00:00,-1.4468
2023-08-23 04:00:00,-1.4414
2023-08-23 05:00:00,-1.4416
2023-08-23 06:00:00,-1.4408
2023-08-23 07:00:00,-1.4427
2023-08-23 08:00:00,-1.4426
2023-08-23 09:00:00,-1.4425
2023-08-23 10:00:00,-1.4430
2023-08-23 11:00:00,-1.4394
2023-08-23 12:00:00,-1.4382
2023-08-23 13:00:00,-1.4385
2023-08-23 14:00:00,-1.4346
2023-08-23 15:00:00,-1.4293
2023-08-23 16:00:00,-1.4235
2023-08-23 17:00:00,-1.4182
2023-08-23 18:00:00,-1.4114
2023-08-23 19:00:00,-1.4077
2023-08-23 20:00:00,-1.4026
2023-08-23 21:00:00,-1.4015
2023-08-23 22:00:00,-1.4013
2023-08-23 23:00:00,-1.4036
2023-08-24 00:00:00,-1.4093
2023-08-24 01:00:00,-1.4162
2023-08-24 02:00:00,-1.4249
2023-08-24 03:00:00,-1.4285
2023-08-24 04:00:00,-1.4309
2023-08-24 05:00:00,-1.4347
2023-08-24 06:00:00,-1.4395
2023-08-24 07:00:00,-1.4403
2023-08-24 08:00:00,-1.4451
2023-08-24 09:00:00,-1.4447
2023-08-24 10:00:00,-1.4421
2023-08-24 11:00:00,-1.4399
2023-08-24 12:00:00,-1.4414
2023-08-24 13:00:00,-1.4377
2023-08-24 14:00:00,-1.4318
2023-08-24 15:00:00,-1.4255
2023-08-24 16:00:00,-1.4189
2023-08-24 17:00:00,-1.4146
2023-08-24 18:00:00,-1.4082
2023-08-24 19:00:00,-1.4059
2023-08-24 20:00:00,-1.4003
2023-08-24 21:00:00,-1.3965
2023-08-24 22:00:00,-1.3956
2023-08-24 23:00:00,-1.3939
2023-08-25 00:00:00,-1.3922
2023-08-25 01:00:00,-1.3918
2023-08-25 02:00:00,-1.3883
2023-08-25 03:00:00,-1.3861
2023-08-25 04:00:00,-1.3831
2023-08-25 05:00:00,-1.3796
2023-08-25 06:00:00,-1.3771
2023-08-25 07:00:00,-1.3754
2023-08-25 08:00:00,-1.3738
2023-08-25 09:00:00,-1.3708
2023-08-25 10:00:00,-1.3684
2023-08-25 11:00:00,-1.3670
2023-08-25 12:00:00,-1.3647
2023-08-25 13:00:00,-1.3619
2023-08-25 14:00:00,-1.3628
2023-08-25 15:00:00,-1.3611
2023-08-25 16:00:00,-1.3606
2023-08-25 17:00:00,-1.3576
2023-08-25 18:00:00,-1.3563
2023-08-25 19:00:00,-1.3587
2023-08-25 20:00:00,-1.3584
2023-08-25 21:00:00,-1.3588
2023-08-25 22:00:00,-1.3556
2023-08-25 23:00:00,-1.3563
2023-08-26 00:00:00,-1.3489
2023-08-26 01:00:00,-1.3412
2023-08-26 02:00:00,-1.3379
2023-08-26 03:00:00,-1.3358
2023-08-26 04:00:00,-1.3400
2023-08-26 05:00:00,-1.3420
2023-08-26 06:00:00,-1.3495
2023-08-26 07:00:00,-1.3537
2023-08-26 08:00:00,-1.3576
2023-08-26 09:00:00,-1.3597
2023-08-26 10:00:00,-1.3589
2023-08-26 11:00:00,-1.3608
2023-08-26 12:00:00,-1.3599
2023-08-26 13:00:00,-1.3581
2023-08-26 14:00:00,-1.3579
2023-08-26 15:00:00,-1.3556
2023-08-26 16:00:00,-1.3556
2023-08-26 17:00:00,-1.3519
2023-08-26 18:00:00,-1.3506
2023-08-26 19:00:00,-1.3510
2023-08-26 20:00:00,-1.3541
2023-08-26 21:00:00,-1.3555
2023-08-26 22:00:00,-1.3587
2023-08-26 23:00:00,-1.3583
2023-08-27 00:00:00,-1.3623
2023-08-27 01:00:00,-1.3661
2023-08-27 02:00:00,-1.3682
2023-08-27 03:00:00,-1.3701
2023-08-27 04:00:00,-1.3747
2023-08-27 05:00:00,-1.3765
2023-08-27 06:00:00,-1.3760
2023-08-27 07:00:00,-1.3751
2023-08-27 08:00:00,-1.3805
2023-08-27 09:00:00,-1.3842
2023-08-27 10:00:00,-1.3854
2023-08-27 11:00:00,-1.3901
2023-08-27 12:00:00,-1.3953
2023-08-27 13:00:00,-1.4038
2023-08-27 14:00:00,-1.4111
2023-08-27 15:00:00,-1.4188
2023-08-27 16:00:00,-1.4283
2023-08-27 17:00:00,-1.4309
2023-08-27 18:00:00,-1.4341
2023-08-27 19:00:00,-1.4356
2023-08-27 20:00:00,-1.4416
2023-08-27 21:00:00,-1.4441
2023-08-27 22:00:00,-1.4418
2023-08-27 23:00:00,-1.4421
2023-08-28 00:00:00,-1.4438
2023-08-28 01:00:00,-1.4399
2023-08-28 02:00:00,-1.4388
2023-08-28 03:00:00,-1.4368
2023-08-28 04:00:00,-1.4348
2023-08-28 05:00:00,-1.4396
2023-08-28 06:00:00,-1.4354
2023-08-28 07:00:00,-1.4327
2023-08-28 08:00:00,-1.4285
2023-08-28 09:00:00,-1.4239
2023-08-28 10:00:00,-1.4186
2023-08-28 11:00:00,-1.4147
2023-08-28 12:00:00,-1.4120
2023-08-28 13:00:00,-1.4111
2023-08-28 14:00:00,-1.4123
2023-08-28 15:00:00,-1.4078
2023-08-28 16:00:00,-1.4020
2023-08-28 17:00:00,-1.3971
2023-08-28 18:00:00,-1.3924
2023-08-28 19:00:00,-1.3834
2023-08-28 20:00:00,-1.3791
2023-08-28 21:00:00,-1.3777
2023-08-28 22:00:00,-1.3757
2023-08-28 23:00:00,-1.3776
2023-08-29 00:00:00,-1.3786
2023-08-29 01:00:00,-1.3760
2023-08-29 02:00:00,-1.3752
2023-08-29 03:00:00,-1.3738
2023-08-29 04:00:00,-1.3762
2023-08-29 05:00:00,-1.3793
2023-08-29 06:00:00,-1.3805
2023-08-29 07:00:00,-1.3828
2023-08-29 08:00:00,-1.3871
2023-08-29 09:00:00,-1.3885
2023-08-29 10:00:00,-1.3892
2023-08-29 11:00:00,-1.3874
2023-08-29 12:00:00,-1.3859
2023-08-29 13:00:00,-1.3817
2023-08-29 14:00:00,-1.3781
2023-08-29 15:00:00,-1.3755
2023-08-29 16:00:00,-1.3712
2023-08-29 17:00:00,-1.3727
2023-08-29 18:00:00,-1.3744
2023-08-29 19:00:00,-1.3749
2023-08-29 20:00:00,-1.3734
2023-08-29 21:00:00,-1.3767
2023-08-29 22:00:00,-1.3816
2023-08-29 23:00:00,-1.3817
2023-08-30 00:00:00,-1.3883
2023-08-30 01:00:00,-1.3924
2023-08-30 02:00:00,-1.3900
2023-08-30 03:00:00,-1.3890
2023-08-30 04:00:00,-1.3826
2023-08-30 05:00:00,-1.3819
2023-08-30 06:00:00,-1.3811
2023-08-30 07:00:00,-1.3844
2023-08-30 08:00:00,-1.3866
2023-08-30 09:00:00,-1.3937
2023-08-30 10:00:00,-1.4013
2023-08-30 11:00:00,-1.3996
2023-08-30 12:00:00,-1.3942
2023-08-30 13:00:00,-1.3898
2023-08-30 14:00:00,-1.3863
2023-08-30 15:00:00,-1.3831
2023-08-30 16:00:00,-1.3770
2023-08-30 17:00:00,-1.3720
2023-08-30 18:00:00,-1.3692
2023-08-30 19:00:00,-1.3674
2023-08-30 20:00:00,-1.3657
2023-08-30 21:00:00,-1.3638
2023-08-30 22:00:00,-1.3601
2023-08-30 23:00:00,-1.3609
2023-08-31 00:00:00,-1.3594
2023-08-31 01:00:00,-1.3628
2023-08-31 02:00:00,-1.3614
2023-08-31 03:00:00,-1.3623
2023-08-31 04:00:00,-1.3645
2023-08-31 05:00:00,-1.3664
2023-08-31 06:00:00,-1.3665
2023-08-31 07:00:00,-1.3645
2023-08-31 08:00:00,-1.3653
2023-08-31 09:00:00,-1.3649
2023-08-31 10:00:00,-1.3654
2023-08-31 11:00:00,-1.3707
2023-08-31 12:00:00,-1.3715
2023-08-31 13:00:00,-1.3708
2023-08-31 14:00:00,-1.3686
2023-08-31 15:00:00,-1.3668
2023-08-31 16:00:00,-1.3660
2023-08-31 17:00:00,-1.3663
2023-08-31 18:00:00,-1.3667
2023-08-31 19:00:00,-1.3689
2023-08-31 20:00:00,-1.3703
2023-08-31 21:00:00,-1.3727
2023-08-31 22:00:00,-1.3728
2023-08-31 23:00:00,-1.3748
2023-09-01 00:00:00,-1.3806
2023-09-01 01:00:00,-1.3812
2023-09-01 02:00:00,-1.3836
2023-09-01 03:00:00,-1.3867
2023-09-01 04:00:00,-1.3922
2023-09-01 05:00:00,-1.4000
2023-09-01 06:00:00,-1.3991
2023-09-01 07:00:00,-1.4014
2023-09-01 08:00:00,-1.4028
2023-09-01 09:00:00,-1.4071
2023-09-01 10:00:00,-1.4159
2023-09-01 11:00:00,-1.4184
2023-09-01 12:00:00,-1.4188
2023-09-01 13:00:00,-1.4191
2023-09-01 14:00:00,-1.4182
2023-09-01 15:00:00,-1.4130
2023-09-01 16:00:00,-1.4085
2023-09-01 17:00:00,-1.4049
2023-09-01 18:00:00,-1.4008
2023-09-01 19:00:00,-1.3987
2023-09-01 20:00:00,-1.3968
2023-09-01 21:00:00,-1.3955
2023-09-01 22:00:00,-1.3947
2023-09-01 23:00:00,-1.3951
2023-09-02 00:00:00,-1.3940
2023-09-02 01:00:00,-1.3872
2023-09-02 02:00:00,-1.3809
2023-09-02 03:00:00,-1.3746
2023-09-02 04:00:00,-1.3702
2023-09-02 05:00:00,-1.3681
2023-09-02 06:00:00,-1.3638
2023-09-02 07:00:00,-1.3641
2023-09-02 08:00:00,-1.3601
2023-09-02 09:00:00,-1.3541
2023-09-02 10:00:00,-1.3508
2023-09-02 11:00:00,-1.3487
2023-09-02 12:00:00,-1.3472
2023-09-02 13:00:00,-1.3460
2023-09-02 14:00:00,-1.3446
2023-09-02 15:00:00,-1.3409
2023-09-02 16:00:00,-1.3366
2023-09-02 17:00:00,-1.3348
2023-09-02 18:00:00,-1.3349
2023-09-02 19:00:00,-1.3332
2023-09-02 20:00:00,-1.3315
2023-09-02 21:00:00,-1.3339
2023-09-02 22:00:00,-1.3370
2023-09-02 23:00:00,-1.3402
2023-09-03 00:00:00,-1.3434
2023-09-03 01:00:00,-1.3442
2023-09-03 02:00:00,-1.3486
2023-09-03 03:00:00,-1.3554
2023-09-03 04:00:00,-1.3635
2023-09-03 05:00:00,-1.3698
2023-09-03 06:00:00,-1.3761
2023-09-03 07:00:00,-1.3819
2023-09-03 08:00:00,-1.3857
2023-09-03 09:00:00,-1.3901
2023-09-03 10:00:00,-1.3919
2023-09-03 11:00:00,-1.3942
2023-09-03 12:00:00,-1.3964
2023-09-03 13:00:00,-1.3972
2023-09-03 14:00:00,-1.4002
2023-09-03 15:00:00,-1.4003
2023-09-03 16:00:00,-1.3998
2023-09-03 17:00:00,-1.3982
2023-09-03 18:00:00,-1.3967
2023-09-03 19:00:00,-1.3961
2023-09-03 20:00:00,-1.3960
2023-09-03 21:00:00,-1.3953
2023-09-03 22:00:00,-1.3952
2023-09-03 23:00:00,-1.3907
2023-09-04 00:00:00,-1.3929
2023-09-04 01:00:00,-1.3928
2023-09-04 02:00:00,-1.3947
2023-09-04 03:00:00,-1.3969
2023-09-04 04:00:00,-1.4001
2023-09-04 05:00:00,-1.4033
2023-09-04 06:00:00,-1.4088
2023-09-04 07:00:00,-1.4067
2023-09-04 08:00:00,-1.4042
2023-09-04 09:00:00,-1.4010
2023-09-04 10:00:00,-1.3952
2023-09-04 11:00:00,-1.3952
2023-09-04 12:00:00,-1.3991
2023-09-04 13:00:00,-1.4000
2023-09-04 14:00:00,-1.4034
2023-09-04 15:00:00,-1.4046
2023-09-04 16:00:00,-1.4052
2023-09-04 17:00:00,-1.4049
2023-09-04 18:00:00,-1.4036
2023-09-04 19:00:00,-1.4027
2023-09-04 20:00:00,-1.4033
2023-09-04 21:00:00,-1.4057
2023-09-04 22:00:00,-1.4028
2023-09-04 23:00:00,-1.3984
2023-09-05 00:00:00,-1.3996
2023-09-05 01:00:00,-1.4013
2023-09-05 02:00:00,-1.3997
2023-09-05 03:00:00,-1.3984
2023-09-05 04:00:00,-1.4007
2023-09-05 05:00:00,-1.3992
2023-09-05 06:00:00,-1.4012
2023-09-05 07:00:00,-1.4029
2023-09-05 08:00:00,-1.4003
2023-09-05 09:00:00,-1.3973
2023-09-05 10:00:00,-1.3964
2023-09-05 11:00:00,-1.3997
2023-09-05 12:00:00,-1.4049
2023-09-05 13:00:00,-1.4047
2023-09-05 14:00:00,-1.4088
2023-09-05 15:00:00,-1.4144
2023-09-05 16:00:00,-1.4146
2023-09-05 17:00:00,-1.4180
2023-09-05 18:00:00,-1.4196
2023-09-05 19:00:00,-1.4162
2023-09-05 20:00:00,-1.4164
2023-09-05 21:00:00,-1.4150
2023-09-05 22:00:00,-1.4125
2023-09-05 23:00:00,-1.4107
2023-09-06 00:00:00,-1.4116
2023-09-06 01:00:00,-1.4150
2023-09-06 02:00:00,-1.4173
2023-09-06 03:00:00,-1.4195
2023-09-06 04:00:00,-1.4196
2023-09-06 05:00:00,-1.4220
2023-09-06 06:00:00,-1.4222
2023-09-06 07:00:00,-1.4205
2023-09-06 08:00:00,-1.4185
2023-09-06 09:00:00,-1.4202
2023-09-06 10:00:00,-1.4222
2023-09-06 11:00:00,-1.4223
2023-09-06 12:00:00,-1.4224
2023-09-06 13:00:00,-1.4207
2023-09-06 14:00:00,-1.4193
2023-09-06 15:00:00,-1.4190
2023-09-06 16:00:00,-1.4214
2023-09-06 17:00:00,-1.4243
2023-09-06 18:00:00,-1.4222
2023-09-06 19:00:00,-1.4215
2023-09-06 20:00:00,-1.4216
2023-09-06 21:00:00,-1.4181
2023-09-06 22:00:00,-1.4189
2023-09-06 23:00:00,-1.4184
2023-09-07 00:00:00,-1.4154
2023-09-07 01:00:00,-1.4155
2023-09-07 02:00:00,-1.4148
2023-09-07 03:00:00,-1.4139
2023-09-07 04:00:00,-1.4142
2023-09-07 05:00:00,-1.4194
2023-09-07 06:00:00,-1.4196
2023-09-07 07:00:00,-1.4149
2023-09-07 08:00:00,-1.4151
2023-09-07 09:00:00,-1.4136
2023-09-07 10:00:00,-1.4081
2023-09-07 11:00:00,-1.4047
2023-09-07 12:00:00,-1.4050
2023-09-07 13:00:00,-1.4064
2023-09-07 14:00:00,-1.4119
2023-09-07 15:00:00,-1.4164
2023-09-07 16:00:00,-1.4164
2023-09-07 17:00:00,-1.4180
2023-09-07 18:00:00,-1.4188
2023-09-07 19:00:00,-1.4165
2023-09-07 20:00:00,-1.4148
2023-09-07 21:00:00,-1.4119
2023-09-07 22:00:00,-1.4093
2023-09-07 23:00:00,-1.4056
2023-09-08 00:00:00,-1.4048
2023-09-08 01:00:00,-1.4032
2023-09-08 02:00:00,-1.4083
2023-09-08 03:00:00,-1.4104
2023-09-08 04:00:00,-1.4144
2023-09-08 05:00:00,-1.4171
2023-09-08 06:00:00,-1.4154
2023-09-08 07:00:00,-1.4206
2023-09-08 08:00:00,-1.4226
2023-09-08 09:00:00,-1.4197
2023-09-08 10:00:00,-1.4152
2023-09-08 11:00:00,-1.4121
2023-09-08 12:00:00,-1.4090
2023-09-08 13:00:00,-1.4049
2023-09-08 14:00:00,-1.4029
2023-09-08 15:00:00,-1.4013
2023-09-08 16:00:00,-1.3993
2023-09-08 17:00:00,-1.4029
2023-09-08 18:00:00,-1.4034
2023-09-08 19:00:00,-1.4049
2023-09-08 20:00:00,-1.4033
2023-09-08 21:00:00,-1.4003
2023-09-08 22:00:00,-1.3964
2023-09-08 23:00:00,-1.3953
2023-09-09 00:00:00,-1.3932
2023-09-09 01:00:00,-1.3946
2023-09-09 02:00:00,-1.3969
2023-09-09 03:00:00,-1.4010
2023-09-09 04:00:00,-1.4022
2023-09-09 05:00:00,-1.4050
2023-09-09 06:00:00,-1.4094
2023-09-09 07:00:00,-1.4182
2023-09-09 08:00:00,-1.4218
2023-09-09 09:00:00,-1.4234
2023-09-09 10:00:00,-1.4232
2023-09-09 11:00:00,-1.4228
2023-09-09 12:00:00,-1.4211
2023-09-09 13:00:00,-1.4183
2023-09-09 14:00:00,-1.4145
2023-09-09 15:00:00,-1.4110
2023-09-09 16:00:00,-1.4072
2023-09-09 17:00:00,-1.4077
2023-09-09 18:00:00,-1.4043
2023-09-09 19:00:00,-1.4003
2023-09-09 20:00:00,-1.3957
2023-09-09 21:00:00,-1.3923
2023-09-09 22:00:00,-1.3914
2023-09-09 23:00:00,-1.3911
2023-09-10 00:00:00,-1.3900
2023-09-10 01:00:00,-1.3928
2023-09-10 02:00:00,-1.3997
2023-09-10 03:00:00,-1.4030
2023-09-10 04:00:00,-1.4116
2023-09-10 05:00:00,-1.4182
2023-09-10 06:00:00,-1.4219
2023-09-10 07:00:00,-1.4256
2023-09-10 08:00:00,-1.4324
2023-09-10 09:00:00,-1.4339
2023-09-10 10:00:00,-1.4331
2023-09-10 11:00:00,-1.4328
2023-09-10 12:00:00,-1.4273
2023-09-10 13:00:00,-1.4248
2023-09-10 14:00:00,-1.4204
2023-09-10 15:00:00,-1.4188
2023-09-10 16:00:00,-1.4142
2023-09-10 17:00:00,-1.4128
2023-09-10 18:00:00,-1.4103
2023-09-10 19:00:00,-1.4100
2023-09-10 20:00:00,-1.4061
2023-09-10 21:00:00,-1.3991
2023-09-10 22:00:00,-1.3903
2023-09-10 23:00:00,-1.3851
2023-09-11 00:00:00,-1.3810
2023-09-11 01:00:00,-1.3825
2023-09-11 02:00:00,-1.3844
2023-09-11 03:00:00,-1.3829
2023-09-11 04:00:00,-1.3850
2023-09-11 05:00:00,-1.3875
2023-09-11 06:00:00,-1.3931
2023-09-11 07:00:00,-1.3922
2023-09-11 08:00:00,-1.3966
2023-09-11 09:00:00,-1.4036
2023-09-11 10:00:00,-1.4057
2023-09-11 11:00:00,-1.4059
2023-09-11 12:00:00,-1.4043
2023-09-11 13:00:00,-1.4015
2023-09-11 14:00:00,-1.4002
2023-09-11 15:00:00,-1.3987
2023-09-11 16:00:00,-1.3963
2023-09-11 17:00:00,-1.3937
2023-09-11 18:00:00,-1.3921
2023-09-11 19:00:00,-1.3913
2023-09-11 20:00:00,-1.3995
2023-09-11 21:00:00,-1.4082
2023-09-11 22:00:00,-1.4091
2023-09-11 23:00:00,-1.4133
2023-09-12 00:00:00,-1.4125
2023-09-12 01:00:00,-1.4181
2023-09-12 02:00:00,-1.4214
2023-09-12 03:00:00,-1.4221
2023-09-12 04:00:00,-1.4240
2023-09-12 05:00:00,-1.4270
2023-09-12 06:00:00,-1.4307
2023-09-12 07:00:00,-1.4345
2023-09-12 08:00:00,-1.4383
2023-09-12 09:00:00,-1.4486
2023-09-12 10:00:00,-1.4533
2023-09-12 11:00:00,-1.4504
2023-09-12 12:00:00,-1.4538
2023-09-12 13:00:00,-1.4550
2023-09-12 14:00:00,-1.4502
2023-09-12 15:00:00,-1.4485
2023-09-12 16:00:00,-1.4437
2023-09-12 17:00:00,-1.4392
2023-09-12 18:00:00,-1.4364
2023-09-12 19:00:00,-1.4375
2023-09-12 20:00:00,-1.4422
2023-09-12 21:00:00,-1.4463
2023-09-12 22:00:00,-1.4474
2023-09-12 23:00:00,-1.4485
2023-09-13 00:00:00,-1.4503
2023-09-13 01:00:00,-1.4530
2023-09-13 02:00:00,-1.4542
2023-09-13 03:00:00,-1.4571
2023-09-13 04:00:00,-1.4614
2023-09-13 05:00:00,-1.4629
2023-09-13 06:00:00,-1.4703
2023-09-13 07:00:00,-1.4758
2023-09-13 08:00:00,-1.4776
2023-09-13 09:00:00,-1.4793
2023-09-13 10:00:00,-1.4819
2023-09-13 11:00:00,-1.4823
2023-09-13 12:00:00,-1.4814
2023-09-13 13:00:00,-1.4827
2023-09-13 14:00:00,-1.4825
2023-09-13 15:00:00,-1.4796
2023-09-13 16:00:00,-1.4737
2023-09-13 17:00:00,-1.4694
2023-09-13 18:00:00,-1.4652
2023-09-13 19:00:00,-1.4601
2023-09-13 20:00:00,-1.4561
2023-09-13 21:00:00,-1.4501
2023-09-13 22:00:00,-1.4487
2023-09-13 23:00:00,-1.4540
2023-09-14 00:00:00,-1.4507
2023-09-14 01:00:00,-1.4458
2023-09-14 02:00:00,-1.4446
2023-09-14 03:00:00,-1.4394
2023-09-14 04:00:00,-1.4345
2023-09-14 05:00:00,-1.4302
2023-09-14 06:00:00,-1.4265
2023-09-14 07:00:00,-1.4213
2023-09-14 08:00:00,-1.4175
2023-09-14 09:00:00,-1.4167
2023-09-14 10:00:00,-1.4155
2023-09-14 11:00:00,-1.4177
2023-09-14 12:00:00,-1.4184
2023-09-14 13:00:00,-1.4169
2023-09-14 14:00:00,-1.4110
2023-09-14 15:00:00,-1.4103
2023-09-14 16:00:00,-1.4091
2023-09-14 17:00:00,-1.4091
2023-09-14 18:00:00,-1.4055
2023-09-14 19:00:00,-1.4055
2023-09-14 20:00:00,-1.4042
2023-09-14 21:00:00,-1.4065
2023-09-14 22:00:00,-1.4088
2023-09-14 23:00:00,-1.4093
2023-09-15 00:00:00,-1.4125
2023-09-15 01:00:00,-1.4135
2023-09-15 02:00:00,-1.4107
2023-09-15 03:00:00,-1.4059
2023-09-15 04:00:00,-1.4062
2023-09-15 05:00:00,-1.4052
2023-09-15 06:00:00,-1.4022
2023-09-15 07:00:00,-1.3946
2023-09-15 08:00:00,-1.3914
2023-09-15 09:00:00,-1.3924
2023-09-15 10:00:00,-1.3907
2023-09-15 11:00:00,-1.3911
2023-09-15 12:00:00,-1.3859
2023-09-15 13:00:00,-1.3834
2023-09-15 14:00:00,-1.3819
2023-09-15 15:00:00,-1.3797
2023-09-15 16:00:00,-1.3880
2023-09-15 17:00:00,-1.3900
2023-09-15 18:00:00,-1.3929
2023-09-15 19:00:00,-1.3921
2023-09-15 20:00:00,-1.3907
2023-09-15 21:00:00,-1.3968
2023-09-15 22:00:00,-1.4022
2023-09-15 23:00:00,-1.4050
2023-09-16 00:00:00,-1.4049
2023-09-16 01:00:00,-1.4086
2023-09-16 02:00:00,-1.4090
2023-09-16 03:00:00,-1.4158
2023-09-16 04:00:00,-1.4151
2023-09-16 05:00:00,-1.4130
2023-09-16 06:00:00,-1.4121
2023-09-16 07:00:00,-1.4120
2023-09-16 08:00:00,-1.4085
2023-09-16 09:00:00,-1.4067
2023-09-16 10:00:00,-1.4086
2023-09-16 11:00:00,-1.4063
2023-09-16 12:00:00,-1.4027
2023-09-16 13:00:00,-1.3999
2023-09-16 14:00:00,-1.3998
2023-09-16 15:00:00,-1.3947
2023-09-16 16:00:00,-1.3933
2023-09-16 17:00:00,-1.3904
2023-09-16 18:00:00,-1.3861
2023-09-16 19:00:00,-1.3881
2023-09-16 20:00:00,-1.3837
2023-09-16 21:00:00,-1.3807
2023-09-16 22:00:00,-1.3789
2023-09-16 23:00:00,-1.3811
2023-09-17 00:00:00,-1.3843
2023-09-17 01:00:00,-1.3835
2023-09-17 02:00:00,-1.3830
2023-09-17 03:00:00,-1.3822
2023-09-17 04:00:00,-1.3823
2023-09-17 05:00:00,-1.3827
2023-09-17 06:00:00,-1.3838
2023-09-17 07:00:00,-1.3877
2023-09-17 08:00:00,-1.3922
2023-09-17 09:00:00,-1.3944
2023-09-17 10:00:00,-1.3975
2023-09-17 11:00:00,-1.3981
2023-09-17 12:00:00,-1.3986
2023-09-17 13:00:00,-1.4027
2023-09-17 14:00:00,-1.4065
2023-09-17 15:00:00,-1.4045
2023-09-17 16:00:00,-1.4033
2023-09-17 17:00:00,-1.4031
2023-09-17 18:00:00,-1.3991
2023-09-17 19:00:00,-1.3969
2023-09-17 20:00:00,-1.3927
2023-09-17 21:00:00,-1.3919
2023-09-17 22:00:00,-1.3930
2023-09-17 23:00:00,-1.3938
2023-09-18 00:00:00,-1.3954
2023-09-18 01:00:00,-1.3938
2023-09-18 02:00:00,-1.3926
2023-09-18 03:00:00,-1.3941
2023-09-18 04:00:00,-1.4037
2023-09-18 05:00:00,-1.4040
2023-09-18 06:00:00,-1.3983
2023-09-18 07:00:00,-1.3923
2023-09-18 08:00:00,-1.3933
2023-09-18 09:00:00,-1.3874
2023-09-18 10:00:00,-1.3848
2023-09-18 11:00:00,-1.3837
2023-09-18 12:00:00,-1.3803
2023-09-18 13:00:00,-1.3802
2023-09-18 14:00:00,-1.3769
2023-09-18 15:00:00,-1.3735
2023-09-18 16:00:00,-1.3689
2023-09-18 17:00:00,-1.3726
2023-09-18 18:00:00,-1.3726
2023-09-18 19:00:00,-1.3701
2023-09-18 20:00:00,-1.3692
2023-09-18 21:00:00,-1.3666
2023-09-18 22:00:00,-1.3642
2023-09-18 23:00:00,-1.3620
2023-09-19 00:00:00,-1.3620
2023-09-19 01:00:00,-1.3511
2023-09-19 02:00:00,-1.3513
2023-09-19 03:00:00,-1.3491
2023-09-19 04:00:00,-1.3459
2023-09-19 05:00:00,-1.3372
2023-09-19 06:00:00,-1.3309
2023-09-19 07:00:00,-1.3231
2023-09-19 08:00:00,-1.3191
2023-09-19 09:00:00,-1.3183
2023-09-19 10:00:00,-1.3148
2023-09-19 11:00:00,-1.3116
2023-09-19 12:00:00,-1.3153
2023-09-19 13:00:00,-1.3179
2023-09-19 14:00:00,-1.3165
2023-09-19 15:00:00,-1.3204
2023-09-19 16:00:00,-1.3238
2023-09-19 17:00:00,-1.3320
2023-09-19 18:00:00,-1.3372
2023-09-19 19:00:00,-1.3430
2023-09-19 20:00:00,-1.3490
2023-09-19 21:00:00,-1.3539
2023-09-19 22:00:00,-1.3564
2023-09-19 23:00:00,-1.3582
2023-09-20 00:00:00,-1.3591
2023-09-20 01:00:00,-1.3608
2023-09-20 02:00:00,-1.3601
2023-09-20 03:00:00,-1.3572
2023-09-20 04:00:00,-1.3526
2023-09-20 05:00:00,-1.3474
2023-09-20 06:00:00,-1.3483
2023-09-20 07:00:00,-1.3494
2023-09-20 08:00:00,-1.3492
2023-09-20 09:00:00,-1.3452
2023-09-20 10:00:00,-1.3457
2023-09-20 11:00:00,-1.3442
2023-09-20 12:00:00,-1.3389
2023-09-20 13:00:00,-1.3359
2023-09-20 14:00:00,-1.3366
2023-09-20 15:00:00,-1.3359
2023-09-20 16:00:00,-1.3411
2023-09-20 17:00:00,-1.3522
2023-09-20 18:00:00,-1.3573
2023-09-20 19:00:00,-1.3620
2023-09-20 20:00:00,-1.3608
2023-09-20 21:00:00,-1.3631
2023-09-20 22:00:00,-1.3664
2023-09-20 23:00:00,-1.3666
2023-09-21 00:00:00,-1.3593
2023-09-21 01:00:00,-1.3528
2023-09-21 02:00:00,-1.3576
2023-09-21 03:00:00,-1.3634
2023-09-21 04:00:00,-1.3669
2023-09-21 05:00:00,-1.3705
2023-09-21 06:00:00,-1.3693
2023-09-21 07:00:00,-1.3721
2023-09-21 08:00:00,-1.3778
2023-09-21 09:00:00,-1.3807
2023-09-21 10:00:00,-1.3846
2023-09-21 11:00:00,-1.3876
2023-09-21 12:00:00,-1.3957
2023-09-21 13:00:00,-1.3955
2023-09-21 14:00:00,-1.3958
2023-09-21 15:00:00,-1.3984
2023-09-21 16:00:00,-1.4018
2023-09-21 17:00:00,-1.4046
2023-09-21 18:00:00,-1.4156
2023-09-21 19:00:00,-1.4249
2023-09-21 20:00:00,-1.4324
2023-09-21 21:00:00,-1.4386
2023-09-21 22:00:00,-1.4422
2023-09-21 23:00:00,-1.4426
2023-09-22 00:00:00,-1.4463
2023-09-22 01:00:00,-1.4448
2023-09-22 02:00:00,-1.4446
2023-09-22 03:00:00,-1.4455
2023-09-22 04:00:00,-1.4501
2023-09-22 05:00:00,-1.4546
2023-09-22 06:00:00,-1.4572
2023-09-22 07:00:00,-1.4564
2023-09-22 08:00:00,-1.4579
2023-09-22 09:00:00,-1.4620
2023-09-22 10:00:00,-1.4641
2023-09-22 11:00:00,-1.4655
2023-09-22 12:00:00,-1.4655
2023-09-22 13:00:00,-1.4649
2023-09-22 14:00:00,-1.4624
2023-09-22 15:00:00,-1.4576
2023-09-22 16:00:00,-1.4523
2023-09-22 17:00:00,-1.4516
2023-09-22 18:00:00,-1.4481
2023-09-22 19:00:00,-1.4455
2023-09-22 20:00:00,-1.4432
2023-09-22 21:00:00,-1.4440
2023-09-22 22:00:00,-1.4416
2023-09-22 23:00:00,-1.4382
2023-09-23 00:00:00,-1.4291
2023-09-23 01:00:00,-1.4215
2023-09-23 02:00:00,-1.4084
2023-09-23 03:00:00,-1.3974
2023-09-23 04:00:00,-1.3884
2023-09-23 05:00:00,-1.3856
2023-09-23 06:00:00,-1.3848
2023-09-23 07:00:00,-1.3847
2023-09-23 08:00:00,-1.3863
2023-09-23 09:00:00,-1.3828
2023-09-23 10:00:00,-1.3793
2023-09-23 11:00:00,-1.3768
2023-09-23 12:00:00,-1.3731
2023-09-23 13:00:00,-1.3684
2023-09-23 14:00:00,-1.3646
2023-09-23 15:00:00,-1.3600
2023-09-23 16:00:00,-1.3572
2023-09-23 17:00:00,-1.3551
2023-09-23 18:00:00,-1.3536
2023-09-23 19:00:00,-1.3536
2023-09-23 20:00:00,-1.3511
2023-09-23 21:00:00,-1.3518
2023-09-23 22:00:00,-1.3539
2023-09-23 23:00:00,-1.3558
2023-09-24 00:00:00,-1.3579
2023-09-24 01:00:00,-1.3601
2023-09-24 02:00:00,-1.3602
2023-09-24 03:00:00,-1.3667
2023-09-24 04:00:00,-1.3727
2023-09-24 05:00:00,-1.3755
2023-09-24 06:00:00,-1.3807
2023-09-24 07:00:00,-1.3863
2023-09-24 08:00:00,-1.3912
2023-09-24 09:00:00,-1.3948
2023-09-24 10:00:00,-1.3978
2023-09-24 11:00:00,-1.4006
2023-09-24 12:00:00,-1.4023
2023-09-24 13:00:00,-1.4056
2023-09-24 14:00:00,-1.4091
2023-09-24 15:00:00,-1.4115
2023-09-24 16:00:00,-1.4139
2023-09-24 17:00:00,-1.4159
2023-09-24 18:00:00,-1.4158
2023-09-24 19:00:00,-1.4171
2023-09-24 20:00:00,-1.4147
2023-09-24 21:00:00,-1.4126
2023-09-24 22:00:00,-1.4099
2023-09-24 23:00:00,-1.4134
2023-09-25 00:00:00,-1.4140
2023-09-25 01:00:00,-1.4124
2023-09-25 02:00:00,-1.4108
2023-09-25 03:00:00,-1.4070
2023-09-25 04:00:00,-1.4062
2023-09-25 05:00:00,-1.4021
2023-09-25 06:00:00,-1.3997
2023-09-25 07:00:00,-1.4002
2023-09-25 08:00:00,-1.4013
2023-09-25 09:00:00,-1.4005
2023-09-25 10:00:00,-1.4008
2023-09-25 11:00:00,-1.4019
2023-09-25 12:00:00,-1.4025
2023-09-25 13:00:00,-1.4048
2023-09-25 14:00:00,-1.4027
2023-09-25 15:00:00,-1.3991
2023-09-25 16:00:00,-1.3976
2023-09-25 17:00:00,-1.3956
2023-09-25 18:00:00,-1.3935
2023-09-25 19:00:00,-1.3946
2023-09-25 20:00:00,-1.3931
2023-09-25 21:00:00,-1.3923
2023-09-25 22:00:00,-1.3916
2023-09-25 23:00:00,-1.3921
2023-09-26 00:00:00,-1.3890
2023-09-26 01:00:00,-1.3867
2023-09-26 02:00:00,-1.3844
2023-09-26 03:00:00,-1.3817
2023-09-26 04:00:00,-1.3780
2023-09-26 05:00:00,-1.3773
2023-09-26 06:00:00,-1.3750
2023-09-26 07:00:00,-1.3744
2023-09-26 08:00:00,-1.3738
2023-09-26 09:00:00,-1.3732
2023-09-26 10:00:00,-1.3716
2023-09-26 11:00:00,-1.3722
2023-09-26 12:00:00,-1.3691
2023-09-26 13:00:00,-1.3635
2023-09-26 14:00:00,-1.3630
2023-09-26 15:00:00,-1.3677
2023-09-26 16:00:00,-1.3660
2023-09-26 17:00:00,-1.3651
2023-09-26 18:00:00,-1.3695
2023-09-26 19:00:00,-1.3688
2023-09-26 20:00:00,-1.3666
2023-09-26 21:00:00,-1.3680
2023-09-26 22:00:00,-1.3719
2023-09-26 23:00:00,-1.3709
2023-09-27 00:00:00,-1.3680
2023-09-27 01:00:00,-1.3666
2023-09-27 02:00:00,-1.3670
2023-09-27 03:00:00,-1.3686
2023-09-27 04:00:00,-1.3692
2023-09-27 05:00:00,-1.3676
2023-09-27 06:00:00,-1.3630
2023-09-27 07:00:00,-1.3613
2023-09-27 08:00:00,-1.3575
2023-09-27 09:00:00,-1.3574
2023-09-27 10:00:00,-1.3577
2023-09-27 11:00:00,-1.3611
2023-09-27 12:00:00,-1.3639
2023-09-27 13:00:00,-1.3664
2023-09-27 14:00:00,-1.3687
2023-09-27 15:00:00,-1.3691
2023-09-27 16:00:00,-1.3703
2023-09-27 17:00:00,-1.3713
2023-09-27 18:00:00,-1.3708
2023-09-27 19:00:00,-1.3719
2023-09-27 20:00:00,-1.3680
2023-09-27 21:00:00,-1.3736
2023-09-27 22:00:00,-1.3752
2023-09-27 23:00:00,-1.3784
2023-09-28 00:00:00,-1.3801
2023-09-28 01:00:00,-1.3815
2023-09-28 02:00:00,-1.3764
2023-09-28 03:00:00,-1.3787
2023-09-28 04:00:00,-1.3794
2023-09-28 05:00:00,-1.3741
2023-09-28 06:00:00,-1.3714
2023-09-28 07:00:00,-1.3698
2023-09-28 08:00:00,-1.3733
2023-09-28 09:00:00,-1.3704
2023-09-28 10:00:00,-1.3711
2023-09-28 11:00:00,-1.3725
2023-09-28 12:00:00,-1.3710
2023-09-28 13:00:00,-1.3714
2023-09-28 14:00:00,-1.3731
2023-09-28 15:00:00,-1.3713
2023-09-28 16:00:00,-1.3681
2023-09-28 17:00:00,-1.3652
2023-09-28 18:00:00,-1.3636
2023-09-28 19:00:00,-1.3639
2023-09-28 20:00:00,-1.3650
2023-09-28 21:00:00,-1.3716
2023-09-28 22:00:00,-1.3705
2023-09-28 23:00:00,-1.3712
2023-09-29 00:00:00,-1.3762
2023-09-29 01:00:00,-1.3807
2023-09-29 02:00:00,-1.3849
2023-09-29 03:00:00,-1.3809
2023-09-29 04:00:00,-1.3786
2023-09-29 05:00:00,-1.3778
2023-09-29 06:00:00,-1.3843
2023-09-29 07:00:00,-1.3981
2023-09-29 08:00:00,-1.4044
2023-09-29 09:00:00,-1.4097
2023-09-29 10:00:00,-1.4164
2023-09-29 11:00:00,-1.4142
2023-09-29 12:00:00,-1.4092
2023-09-29 13:00:00,-1.4092
2023-09-29 14:00:00,-1.4110
2023-09-29 15:00:00,-1.4034
2023-09-29 16:00:00,-1.3963
2023-09-29 17:00:00,-1.3953
2023-09-29 18:00:00,-1.3881
2023-09-29 19:00:00,-1.3808
2023-09-29 20:00:00,-1.3744
2023-09-29 21:00:00,-1.3713
2023-09-29 22:00:00,-1.3712
2023-09-29 23:00:00,-1.3786
2023-09-30 00:00:00,-1.3831
2023-09-30 01:00:00,-1.3880
2023-09-30 02:00:00,-1.3874
2023-09-30 03:00:00,-1.3870
2023-09-30 04:00:00,-1.3861
2023-09-30 05:00:00,-1.3889
2023-09-30 06:00:00,-1.3883
2023-09-30 07:00:00,-1.3909
2023-09-30 08:00:00,-1.3982
2023-09-30 09:00:00,-1.4070
2023-09-30 10:00:00,-1.4165
2023-09-30 11:00:00,-1.4226
2023-09-30 12:00:00,-1.4223
2023-09-30 13:00:00,-1.4166
2023-09-30 14:00:00,-1.4113
2023-09-30 15:00:00,-1.4090
2023-09-30 16:00:00,-1.4074
2023-09-30 17:00:00,-1.4076
2023-09-30 18:00:00,-1.4050
2023-09-30 19:00:00,-1.4041
2023-09-30 20:00:00,-1.4054
2023-09-30 21:00:00,-1.4044
2023-09-30 22:00:00,-1.4079
2023-09-30 23:00:00,-1.4111
2023-10-01 00:00:00,-1.4093
2023-10-01 01:00:00,-1.4081
2023-10-01 02:00:00,-1.4078
2023-10-01 03:00:00,-1.4072
2023-10-01 04:00:00,-1.4085
2023-10-01 05:00:00,-1.4083
2023-10-01 06:00:00,-1.4087
2023-10-01 07:00:00,-1.4069
2023-10-01 08:00:00,-1.4079
2023-10-01 09:00:00,-1.4129
2023-10-01 10:00:00,-1.4166
2023-10-01 11:00:00,-1.4227
2023-10-01 12:00:00,-1.4316
2023-10-01 13:00:00,-1.4375
2023-10-01 14:00:00,-1.4412
2023-10-01 15:00:00,-1.4400
2023-10-01 16:00:00,-1.4379
2023-10-01 17:00:00,-1.4363
2023-10-01 18:00:00,-1.4357
2023-10-01 19:00:00,-1.4314
2023-10-01 20:00:00,-1.4389
2023-10-01 21:00:00,-1.4443
2023-10-01 22:00:00,-1.4524
2023-10-01 23:00:00,-1.4542
2023-10-02 00:00:00,-1.4585
2023-10-02 01:00:00,-1.4579
2023-10-02 02:00:00,-1.4627
2023-10-02 03:00:00,-1.4740
2023-10-02 04:00:00,-1.4719
2023-10-02 05:00:00,-1.4741
2023-10-02 06:00:00,-1.4747
2023-10-02 07:00:00,-1.4748
2023-10-02 08:00:00,-1.4740
2023-10-02 09:00:00,-1.4716
2023-10-02 10:00:00,-1.4745
2023-10-02 11:00:00,-1.4768
2023-10-02 12:00:00,-1.4763
2023-10-02 13:00:00,-1.4778
2023-10-02 14:00:00,-1.4702
2023-10-02 15:00:00,-1.4711
2023-10-02 16:00:00,-1.4709
2023-10-02 17:00:00,-1.4723
2023-10-02 18:00:00,-1.4708
2023-10-02 19:00:00,-1.4694
2023-10-02 20:00:00,-1.4652
2023-10-02 21:00:00,-1.4604
2023-10-02 22:00:00,-1.4599
2023-10-02 23:00:00,-1.4625
2023-10-03 00:00:00,-1.4629
2023-10-03 01:00:00,-1.4585
2023-10-03 02:00:00,-1.4510
2023-10-03 03:00:00,-1.4463
2023-10-03 04:00:00,-1.4435
2023-10-03 05:00:00,-1.4441
2023-10-03 06:00:00,-1.4415
2023-10-03 07:00:00,-1.4359
2023-10-03 08:00:00,-1.4321
2023-10-03 09:00:00,-1.4328
2023-10-03 10:00:00,-1.4305
2023-10-03 11:00:00,-1.4358
2023-10-03 12:00:00,-1.4309
2023-10-03 13:00:00,-1.4285
2023-10-03 14:00:00,-1.4249
2023-10-03 15:00:00,-1.4243
2023-10-03 16:00:00,-1.4205
2023-10-03 17:00:00,-1.4158
2023-10-03 18:00:00,-1.4110
2023-10-03 19:00:00,-1.4067
2023-10-03 20:00:00,-1.4034
2023-10-03 21:00:00,-1.4049
2023-10-03 22:00:00,-1.4102
2023-10-03 23:00:00,-1.4151
2023-10-04 00:00:00,-1.4202
2023-10-04 01:00:00,-1.4257
2023-10-04 02:00:00,-1.4338
2023-10-04 03:00:00,-1.4384
2023-10-04 04:00:00,-1.4418
2023-10-04 05:00:00,-1.4459
2023-10-04 06:00:00,-1.4456
2023-10-04 07:00:00,-1.4480
2023-10-04 08:00:00,-1.4479
2023-10-04 09:00:00,-1.4468
2023-10-04 10:00:00,-1.4457
2023-10-04 11:00:00,-1.4463
2023-10-04 12:00:00,-1.4478
2023-10-04 13:00:00,-1.4490
2023-10-04 14:00:00,-1.4481
2023-10-04 15:00:00,-1.4443
2023-10-04 16:00:00,-1.4422
2023-10-04 17:00:00,-1.4407
2023-10-04 18:00:00,-1.4420
2023-10-04 19:00:00,-1.4402
2023-10-04 20:00:00,-1.4384
2023-10-04 21:00:00,-1.4372
2023-10-04 22:00:00,-1.4366
2023-10-04 23:00:00,-1.4395
2023-10-05 00:00:00,-1.4390
2023-10-05 01:00:00,-1.4372
2023-10-05 02:00:00,-1.4364
2023-10-05 03:00:00,-1.4385
2023-10-05 04:00:00,-1.4419
2023-10-05 05:00:00,-1.4429
2023-10-05 06:00:00,-1.4435
2023-10-05 07:00:00,-1.4457
2023-10-05 08:00:00,-1.4467
2023-10-05 09:00:00,-1.4490
2023-10-05 10:00:00,-1.4512
2023-10-05 11:00:00,-1.4543
2023-10-05 12:00:00,-1.4550
2023-10-05 13:00:00,-1.4537
2023-10-05 14:00:00,-1.4544
2023-10-05 15:00:00,-1.4538
2023-10-05 16:00:00,-1.4568
2023-10-05 17:00:00,-1.4591
2023-10-05 18:00:00,-1.4611
2023-10-05 19:00:00,-1.4621
2023-10-05 20:00:00,-1.4603
2023-10-05 21:00:00,-1.4579
2023-10-05 22:00:00,-1.4564
2023-10-05 23:00:00,-1.4536
2023-10-06 00:00:00,-1.4542
2023-10-06 01:00:00,-1.4491
2023-10-06 02:00:00,-1.4529
2023-10-06 03:00:00,-1.4512
2023-10-06 04:00:00,-1.4492
2023-10-06 05:00:00,-1.4522
2023-10-06 06:00:00,-1.4520
2023-10-06 07:00:00,-1.4506
2023-10-06 08:00:00,-1.4528
2023-10-06 09:00:00,-1.4597
2023-10-06 10:00:00,-1.4579
2023-10-06 11:00:00,-1.4550
2023-10-06 12:00:00,-1.4507
2023-10-06 13:00:00,-1.4467
2023-10-06 14:00:00,-1.4448
2023-10-06 15:00:00,-1.4402
2023-10-06 16:00:00,-1.4364
2023-10-06 17:00:00,-1.4335
2023-10-06 18:00:00,-1.4311
2023-10-06 19:00:00,-1.4289
2023-10-06 20:00:00,-1.4236
2023-10-06 21:00:00,-1.4197
2023-10-06 22:00:00,-1.4163
2023-10-06 23:00:00,-1.4120
2023-10-07 00:00:00,-1.4056
2023-10-07 01:00:00,-1.3997
2023-10-07 02:00:00,-1.3990
2023-10-07 03:00:00,-1.4013
2023-10-07 04:00:00,-1.4019
2023-10-07 05:00:00,-1.3987
2023-10-07 06:00:00,-1.4047
2023-10-07 07:00:00,-1.4083
2023-10-07 08:00:00,-1.4140
2023-10-07 09:00:00,-1.4226
2023-10-07 10:00:00,-1.4278
2023-10-07 11:00:00,-1.4281
2023-10-07 12:00:00,-1.4297
2023-10-07 13:00:00,-1.4352
2023-10-07 14:00:00,-1.4308
2023-10-07 15:00:00,-1.4288
2023-10-07 16:00:00,-1.4298
2023-10-07 17:00:00,-1.4299
2023-10-07 18:00:00,-1.4298
2023-10-07 19:00:00,-1.4282
2023-10-07 20:00:00,-1.4286
2023-10-07 21:00:00,-1.4251
2023-10-07 22:00:00,-1.4203
2023-10-07 23:00:00,-1.4152
2023-10-08 00:00:00,-1.4133
2023-10-08 01:00:00,-1.4145
2023-10-08 02:00:00,-1.4199
2023-10-08 03:00:00,-1.4248
2023-10-08 04:00:00,-1.4296
2023-10-08 05:00:00,-1.4373
2023-10-08 06:00:00,-1.4341
2023-10-08 07:00:00,-1.4355
2023-10-08 08:00:00,-1.4369
2023-10-08 09:00:00,-1.4355
2023-10-08 10:00:00,-1.4356
2023-10-08 11:00:00,-1.4350
2023-10-08 12:00:00,-1.4317
2023-10-08 13:00:00,-1.4322
2023-10-08 14:00:00,-1.4254
2023-10-08 15:00:00,-1.4267
2023-10-08 16:00:00,-1.4276
2023-10-08 17:00:00,-1.4307
2023-10-08 18:00:00,-1.4280
2023-10-08 19:00:00,-1.4314
2023-10-08 20:00:00,-1.4241
2023-10-08 21:00:00,-1.4174
2023-10-08 22:00:00,-1.4130
2023-10-08 23:00:00,-1.4136
2023-10-09 00:00:00,-1.4098
2023-10-09 01:00:00,-1.4108
2023-10-09 02:00:00,-1.4108
2023-10-09 03:00:00,-1.4131
2023-10-09 04:00:00,-1.4161
2023-10-09 05:00:00,-1.4149
2023-10-09 06:00:00,-1.4113
2023-10-09 07:00:00,-1.4136
2023-10-09 08:00:00,-1.4083
2023-10-09 09:00:00,-1.4076
2023-10-09 10:00:00,-1.4072
2023-10-09 11:00:00,-1.4035
2023-10-09 12:00:00,-1.4022
2023-10-09 13:00:00,-1.4015
2023-10-09 14:00:00,-1.4014
2023-10-09 15:00:00,-1.4000
2023-10-09 16:00:00,-1.4006
2023-10-09 17:00:00,-1.4013
2023-10-09 18:00:00,-1.4063
2023-10-09 19:00:00,-1.4030
2023-10-09 20:00:00,-1.4000
2023-10-09 21:00:00,-1.4065
2023-10-09 22:00:00,-1.4060
2023-10-09 23:00:00,-1.4021
2023-10-10 00:00:00,-1.3984
2023-10-10 01:00:00,-1.4013
2023-10-10 02:00:00,-1.4035
2023-10-10 03:00:00,-1.4056
2023-10-10 04:00:00,-1.4008
2023-10-10 05:00:00,-1.4106
2023-10-10 06:00:00,-1.4146
2023-10-10 07:00:00,-1.4167
2023-10-10 08:00:00,-1.4217
2023-10-10 09:00:00,-1.4335
2023-10-10 10:00:00,-1.4325
2023-10-10 11:00:00,-1.4276
2023-10-10 12:00:00,-1.4257
2023-10-10 13:00:00,-1.4252
2023-10-10 14:00:00,-1.4258
2023-10-10 15:00:00,-1.4216
2023-10-10 16:00:00,-1.4243
2023-10-10 17:00:00,-1.4233
2023-10-10 18:00:00,-1.4167
2023-10-10 19:00:00,-1.4135
2023-10-10 20:00:00,-1.4182
2023-10-10 21:00:00,-1.4173
2023-10-10 22:00:00,-1.4163
2023-10-10 23:00:00,-1.4165
2023-10-11 00:00:00,-1.4152
2023-10-11 01:00:00,-1.4231
2023-10-11 02:00:00,-1.4225
2023-10-11 03:00:00,-1.4223
2023-10-11 04:00:00,-1.4197
2023-10-11 05:00:00,-1.4162
2023-10-11 06:00:00,-1.4172
2023-10-11 07:00:00,-1.4211
2023-10-11 08:00:00,-1.4292
2023-10-11 09:00:00,-1.4291
2023-10-11 10:00:00,-1.4430
2023-10-11 11:00:00,-1.4513
2023-10-11 12:00:00,-1.4506
2023-10-11 13:00:00,-1.4518
2023-10-11 14:00:00,-1.4456
2023-10-11 15:00:00,-1.4392
2023-10-11 16:00:00,-1.4368
2023-10-11 17:00:00,-1.4418
2023-10-11 18:00:00,-1.4444
2023-10-11 19:00:00,-1.4468
2023-10-11 20:00:00,-1.4471
2023-10-11 21:00:00,-1.4472
2023-10-11 22:00:00,-1.4491
2023-10-11 23:00:00,-1.4485
2023-10-12 00:00:00,-1.4532
2023-10-12 01:00:00,-1.4515
2023-10-12 02:00:00,-1.4499
2023-10-12 03:00:00,-1.4469
2023-10-12 04:00:00,-1.4489
2023-10-12 05:00:00,-1.4489
2023-10-12 06:00:00,-1.4474
2023-10-12 07:00:00,-1.4496
2023-10-12 08:00:00,-1.4569
2023-10-12 09:00:00,-1.4631
2023-10-12 10:00:00,-1.4651
2023-10-12 11:00:00,-1.4653
2023-10-12 12:00:00,-1.4650
2023-10-12 13:00:00,-1.4654
2023-10-12 14:00:00,-1.4637
2023-10-12 15:00:00,-1.4663
2023-10-12 16:00:00,-1.4677
2023-10-12 17:00:00,-1.4649
2023-10-12 18:00:00,-1.4667
2023-10-12 19:00:00,-1.4683
2023-10-12 20:00:00,-1.4683
2023-10-12 21:00:00,-1.4642
2023-10-12 22:00:00,-1.4658
2023-10-12 23:00:00,-1.4606
2023-10-13 00:00:00,-1.4616
2023-10-13 01:00:00,-1.4598
2023-10-13 02:00:00,-1.4619
2023-10-13 03:00:00,-1.4601
2023-10-13 04:00:00,-1.4574
2023-10-13 05:00:00,-1.4531
2023-10-13 06:00:00,-1.4521
2023-10-13 07:00:00,-1.4537
2023-10-13 08:00:00,-1.4505
2023-10-13 09:00:00,-1.4496
2023-10-13 10:00:00,-1.4423
2023-10-13 11:00:00,-1.4351
2023-10-13 12:00:00,-1.4277
2023-10-13 13:00:00,-1.4201
2023-10-13 14:00:00,-1.4168
2023-10-13 15:00:00,-1.4151
2023-10-13 16:00:00,-1.4126
2023-10-13 17:00:00,-1.4096
2023-10-13 18:00:00,-1.4135
2023-10-13 19:00:00,-1.4092
2023-10-13 20:00:00,-1.4089
2023-10-13 21:00:00,-1.4047
2023-10-13 22:00:00,-1.4056
2023-10-13 23:00:00,-1.4147
2023-10-14 00:00:00,-1.4109
2023-10-14 01:00:00,-1.4097
2023-10-14 02:00:00,-1.4096
2023-10-14 03:00:00,-1.4165
2023-10-14 04:00:00,-1.4118
2023-10-14 05:00:00,-1.4092
2023-10-14 06:00:00,-1.4072
2023-10-14 07:00:00,-1.4067
2023-10-14 08:00:00,-1.4018
2023-10-14 09:00:00,-1.3961
2023-10-14 10:00:00,-1.3926
2023-10-14 11:00:00,-1.3912
2023-10-14 12:00:00,-1.3897
2023-10-14 13:00:00,-1.3905
2023-10-14 14:00:00,-1.3863
2023-10-14 15:00:00,-1.3842
2023-10-14 16:00:00,-1.3820
2023-10-14 17:00:00,-1.3772
2023-10-14 18:00:00,-1.3763
2023-10-14 19:00:00,-1.3751
2023-10-14 20:00:00,-1.3723
2023-10-14 21:00:00,-1.3694
2023-10-14 22:00:00,-1.3711
2023-10-14 23:00:00,-1.3763
2023-10-15 00:00:00,-1.3782
2023-10-15 01:00:00,-1.3802
2023-10-15 02:00:00,-1.3827
2023-10-15 03:00:00,-1.3855
2023-10-15 04:00:00,-1.3869
2023-10-15 05:00:00,-1.3799
2023-10-15 06:00:00,-1.3751
2023-10-15 07:00:00,-1.3750
2023-10-15 08:00:00,-1.3774
2023-10-15 09:00:00,-1.3757
2023-10-15 10:00:00,-1.3744
2023-10-15 11:00:00,-1.3732
2023-10-15 12:00:00,-1.3690
2023-10-15 13:00:00,-1.3642
2023-10-15 14:00:00,-1.3610
2023-10-15 15:00:00,-1.3583
2023-10-15 16:00:00,-1.3573
2023-10-15 17:00:00,-1.3589
2023-10-15 18:00:00,-1.3635
2023-10-15 19:00:00,-1.3697
2023-10-15 20:00:00,-1.3741
2023-10-15 21:00:00,-1.3773
2023-10-15 22:00:00,-1.3811
2023-10-15 23:00:00,-1.3853
2023-10-16 00:00:00,-1.3888
2023-10-16 01:00:00,-1.3920
2023-10-16 02:00:00,-1.3950
2023-10-16 03:00:00,-1.3989
2023-10-16 04:00:00,-1.4023
2023-10-16 05:00:00,-1.4042
2023-10-16 06:00:00,-1.4058
2023-10-16 07:00:00,-1.4069
2023-10-16 08:00:00,-1.4093
2023-10-16 09:00:00,-1.4129
2023-10-16 10:00:00,-1.4146
2023-10-16 11:00:00,-1.4251
2023-10-16 12:00:00,-1.4241
2023-10-16 13:00:00,-1.4223
2023-10-16 14:00:00,-1.4257
2023-10-16 15:00:00,-1.4237
2023-10-16 16:00:00,-1.4190
2023-10-16 17:00:00,-1.4156
2023-10-16 18:00:00,-1.4135
2023-10-16 19:00:00,-1.4112
2023-10-16 20:00:00,-1.4071
2023-10-16 21:00:00,-1.4062
2023-10-16 22:00:00,-1.4056
2023-10-16 23:00:00,-1.4044
2023-10-17 00:00:00,-1.4024
2023-10-17 01:00:00,-1.4004
2023-10-17 02:00:00,-1.4019
2023-10-17 03:00:00,-1.4037
2023-10-17 04:00:00,-1.4059
2023-10-17 05:00:00,-1.4025
2023-10-17 06:00:00,-1.3991
2023-10-17 07:00:00,-1.3973
2023-10-17 08:00:00,-1.3919
2023-10-17 09:00:00,-1.3890
2023-10-17 10:00:00,-1.3918
2023-10-17 11:00:00,-1.3941
2023-10-17 12:00:00,-1.4028
2023-10-17 13:00:00,-1.4061
2023-10-17 14:00:00,-1.4043
2023-10-17 15:00:00,-1.4008
2023-10-17 16:00:00,-1.3988
2023-10-17 17:00:00,-1.3977
2023-10-17 18:00:00,-1.3929
2023-10-17 19:00:00,-1.3908
2023-10-17 20:00:00,-1.3873
2023-10-17 21:00:00,-1.3868
2023-10-17 22:00:00,-1.3891
2023-10-17 23:00:00,-1.3920
2023-10-18 00:00:00,-1.3996
2023-10-18 01:00:00,-1.3979
2023-10-18 02:00:00,-1.3953
2023-10-18 03:00:00,-1.3929
2023-10-18 04:00:00,-1.3900
2023-10-18 05:00:00,-1.3854
2023-10-18 06:00:00,-1.3842
2023-10-18 07:00:00,-1.3920
2023-10-18 08:00:00,-1.3834
2023-10-18 09:00:00,-1.3778
2023-10-18 10:00:00,-1.3741
2023-10-18 11:00:00,-1.3674
2023-10-18 12:00:00,-1.3656
2023-10-18 13:00:00,-1.3656
2023-10-18 14:00:00,-1.3660
2023-10-18 15:00:00,-1.3604
2023-10-18 16:00:00,-1.3562
2023-10-18 17:00:00,-1.3673
2023-10-18 18:00:00,-1.3634
2023-10-18 19:00:00,-1.3576
2023-10-18 20:00:00,-1.3605
2023-10-18 21:00:00,-1.3609
2023-10-18 22:00:00,-1.3640
2023-10-18 23:00:00,-1.3718
2023-10-19 00:00:00,-1.3726
2023-10-19 01:00:00,-1.3642
2023-10-19 02:00:00,-1.2774
2023-10-19 03:00:00,-1.2259
2023-10-19 04:00:00,-1.2012
2023-10-19 05:00:00,-1.1985
2023-10-19 06:00:00,-1.1930
2023-10-19 07:00:00,-1.1964
2023-10-19 08:00:00,-1.2013
2023-10-19 09:00:00,-1.2169
2023-10-19 10:00:00,-1.2252
2023-10-19 11:00:00,-1.2290
2023-10-19 12:00:00,-1.2362
2023-10-19 13:00:00,-1.2514
2023-10-19 14:00:00,-1.2598
2023-10-19 15:00:00,-1.2707
2023-10-19 16:00:00,-1.2796
2023-10-19 17:00:00,-1.2786
2023-10-19 18:00:00,-1.2820
2023-10-19 19:00:00,-1.2790
2023-10-19 20:00:00,-1.2776
2023-10-19 21:00:00,-1.2803
2023-10-19 22:00:00,-1.2881
2023-10-19 23:00:00,-1.2922
2023-10-20 00:00:00,-1.3000
2023-10-20 01:00:00,-1.3008
2023-10-20 02:00:00,-1.3009
2023-10-20 03:00:00,-1.3059
2023-10-20 04:00:00,-1.3082
2023-10-20 05:00:00,-1.3168
2023-10-20 06:00:00,-1.3157
2023-10-20 07:00:00,-1.3143
2023-10-20 08:00:00,-1.3110
2023-10-20 09:00:00,-1.3155
2023-10-20 10:00:00,-1.3237
2023-10-20 11:00:00,-1.3280
2023-10-20 12:00:00,-1.3232
2023-10-20 13:00:00,-1.3172
2023-10-20 14:00:00,-1.3175
2023-10-20 15:00:00,-1.3154
2023-10-20 16:00:00,-1.2614
2023-10-20 17:00:00,-1.0916
2023-10-20 18:00:00,-1.0181
2023-10-20 19:00:00,-0.9597
2023-10-20 20:00:00,-0.9310
2023-10-20 21:00:00,-0.9732
2023-10-20 22:00:00,-1.0260
2023-10-20 23:00:00,-1.0779
2023-10-21 00:00:00,-1.1184
2023-10-21 01:00:00,-1.1511
2023-10-21 02:00:00,-1.1654
2023-10-21 03:00:00,-1.1773
2023-10-21 04:00:00,-1.1885
2023-10-21 05:00:00,-1.1984
2023-10-21 06:00:00,-1.2090
2023-10-21 07:00:00,-1.2149
2023-10-21 08:00:00,-1.2226
2023-10-21 09:00:00,-1.2300
2023-10-21 10:00:00,-1.2366
2023-10-21 11:00:00,-1.2516
2023-10-21 12:00:00,-1.2633
2023-10-21 13:00:00,-1.2678
2023-10-21 14:00:00,-1.2696
2023-10-21 15:00:00,-1.2823
2023-10-21 16:00:00,-1.2887
2023-10-21 17:00:00,-1.3006
2023-10-21 18:00:00,-1.3128
2023-10-21 19:00:00,-1.3214
2023-10-21 20:00:00,-1.3172
2023-10-21 21:00:00,-1.3005
2023-10-21 22:00:00,-1.2406
2023-10-21 23:00:00,-1.1816
2023-10-22 00:00:00,-1.1646
2023-10-22 01:00:00,-1.1560
2023-10-22 02:00:00,-1.1640
2023-10-22 03:00:00,-1.1775
2023-10-22 04:00:00,-1.1930
2023-10-22 05:00:00,-1.2022
2023-10-22 06:00:00,-1.1961
2023-10-22 07:00:00,-1.1776
2023-10-22 08:00:00,-1.1395
2023-10-22 09:00:00,-1.1216
2023-10-22 10:00:00,-1.1276
2023-10-22 11:00:00,-1.1413
2023-10-22 12:00:00,-1.1586
2023-10-22 13:00:00,-1.1705
2023-10-22 14:00:00,-1.1857
2023-10-22 15:00:00,-1.2064
2023-10-22 16:00:00,-1.2249
2023-10-22 17:00:00,-1.2454
2023-10-22 18:00:00,-1.2700
2023-10-22 19:00:00,-1.2919
2023-10-22 20:00:00,-1.3115
2023-10-22 21:00:00,-1.3221
2023-10-22 22:00:00,-1.3394
2023-10-22 23:00:00,-1.3504
2023-10-23 00:00:00,-1.3601
2023-10-23 01:00:00,-1.3711
2023-10-23 02:00:00,-1.3795
2023-10-23 03:00:00,-1.3887
2023-10-23 04:00:00,-1.3955
2023-10-23 05:00:00,-1.4015
2023-10-23 06:00:00,-1.4043
2023-10-23 07:00:00,-1.4080
2023-10-23 08:00:00,-1.4103
2023-10-23 09:00:00,-1.4143
2023-10-23 10:00:00,-1.4196
2023-10-23 11:00:00,-1.4242
2023-10-23 12:00:00,-1.4288
2023-10-23 13:00:00,-1.4345
2023-10-23 14:00:00,-1.4381
2023-10-23 15:00:00,-1.4371
2023-10-23 16:00:00,-1.4360
2023-10-23 17:00:00,-1.4340
2023-10-23 18:00:00,-1.4333
2023-10-23 19:00:00,-1.4254
2023-10-23 20:00:00,-1.4279
2023-10-23 21:00:00,-1.4276
2023-10-23 22:00:00,-1.4265
2023-10-23 23:00:00,-1.4229
2023-10-24 00:00:00,-1.4158
2023-10-24 01:00:00,-1.4123
2023-10-24 02:00:00,-1.4104
2023-10-24 03:00:00,-1.4100
2023-10-24 04:00:00,-1.4037
2023-10-24 05:00:00,-1.4000
2023-10-24 06:00:00,-1.4090
2023-10-24 07:00:00,-1.4086
2023-10-24 08:00:00,-1.4116
2023-10-24 09:00:00,-1.4069
2023-10-24 10:00:00,-1.3982
2023-10-24 11:00:00,-1.3995
2023-10-24 12:00:00,-1.4020
2023-10-24 13:00:00,-1.4048
2023-10-24 14:00:00,-1.4084
2023-10-24 15:00:00,-1.4051
2023-10-24 16:00:00,-1.4028
2023-10-24 17:00:00,-1.4054
2023-10-24 18:00:00,-1.4051
2023-10-24 19:00:00,-1.4110
2023-10-24 20:00:00,-1.4104
2023-10-24 21:00:00,-1.4097
2023-10-24 22:00:00,-1.4172
2023-10-24 23:00:00,-1.4148
2023-10-25 00:00:00,-1.4186
2023-10-25 01:00:00,-1.4189
2023-10-25 02:00:00,-1.4191
2023-10-25 03:00:00,-1.4170
2023-10-25 04:00:00,-1.4145
2023-10-25 05:00:00,-1.4125
2023-10-25 06:00:00,-1.4074
2023-10-25 07:00:00,-1.4007
2023-10-25 08:00:00,-1.3921
2023-10-25 09:00:00,-1.3866
2023-10-25 10:00:00,-1.3828
2023-10-25 11:00:00,-1.3798
2023-10-25 12:00:00,-1.3776
2023-10-25 13:00:00,-1.3665
2023-10-25 14:00:00,-1.3605
2023-10-25 15:00:00,-1.3516
2023-10-25 16:00:00,-1.3409
2023-10-25 17:00:00,-1.3338
2023-10-25 18:00:00,-1.3266
2023-10-25 19:00:00,-1.3221
2023-10-25 20:00:00,-1.3165
2023-10-25 21:00:00,-1.3056
2023-10-25 22:00:00,-1.2984
2023-10-25 23:00:00,-1.3017
2023-10-26 00:00:00,-1.3021
2023-10-26 01:00:00,-1.3077
2023-10-26 02:00:00,-1.3186
2023-10-26 03:00:00,-1.3237
2023-10-26 04:00:00,-1.3221
2023-10-26 05:00:00,-1.3247
2023-10-26 06:00:00,-1.3275
2023-10-26 07:00:00,-1.3255
2023-10-26 08:00:00,-1.3219
2023-10-26 09:00:00,-1.3203
2023-10-26 10:00:00,-1.3191
2023-10-26 11:00:00,-1.3245
2023-10-26 12:00:00,-1.3270
2023-10-26 13:00:00,-1.3308
2023-10-26 14:00:00,-1.3223
2023-10-26 15:00:00,-1.3187
2023-10-26 16:00:00,-1.3164
2023-10-26 17:00:00,-1.3166
2023-10-26 18:00:00,-1.3262
2023-10-26 19:00:00,-1.3321
2023-10-26 20:00:00,-1.3236
2023-10-26 21:00:00,-1.3219
2023-10-26 22:00:00,-1.3305
2023-10-26 23:00:00,-1.3293
2023-10-27 00:00:00,-1.3307
2023-10-27 01:00:00,-1.3297
2023-10-27 02:00:00,-1.3288
2023-10-27 03:00:00,-1.3409
2023-10-27 04:00:00,-1.3425
2023-10-27 05:00:00,-1.3343
2023-10-27 06:00:00,-1.3349
2023-10-27 07:00:00,-1.3413
2023-10-27 08:00:00,-1.3481
2023-10-27 09:00:00,-1.3549
2023-10-27 10:00:00,-1.3610
2023-10-27 11:00:00,-1.3619
2023-10-27 12:00:00,-1.3666
2023-10-27 13:00:00,-1.3688
2023-10-27 14:00:00,-1.3704
2023-10-27 15:00:00,-1.3744
2023-10-27 16:00:00,-1.3800
2023-10-27 17:00:00,-1.3862
2023-10-27 18:00:00,-1.3860
2023-10-27 19:00:00,-1.3750
2023-10-27 20:00:00,-1.1859
2023-10-27 21:00:00,-0.9358
2023-10-27 22:00:00,-0.9454
2023-10-27 23:00:00,-0.9796
2023-10-28 00:00:00,-1.0206
2023-10-28 01:00:00,-1.0713
2023-10-28 02:00:00,-1.1027
2023-10-28 03:00:00,-1.1234
2023-10-28 04:00:00,-1.1423
2023-10-28 05:00:00,-1.1555
2023-10-28 06:00:00,-1.1677
2023-10-28 07:00:00,-1.1760
2023-10-28 08:00:00,-1.1854
2023-10-28 09:00:00,-1.1912
2023-10-28 10:00:00,-1.2024
2023-10-28 11:00:00,-1.2169
2023-10-28 12:00:00,-1.2262
2023-10-28 13:00:00,-1.2389
2023-10-28 14:00:00,-1.2535
2023-10-28 15:00:00,-1.2748
2023-10-28 16:00:00,-1.2907
2023-10-28 17:00:00,-1.2991
2023-10-28 18:00:00,-1.3124
2023-10-28 19:00:00,-1.3235
2023-10-28 20:00:00,-1.3347
2023-10-28 21:00:00,-1.3392
2023-10-28 22:00:00,-1.3425
2023-10-28 23:00:00,-1.3423
2023-10-29 00:00:00,-1.3368
2023-10-29 01:00:00,-1.3420
2023-10-29 02:00:00,-1.3368
2023-10-29 03:00:00,-1.3303
2023-10-29 04:00:00,-1.3243
2023-10-29 05:00:00,-1.3154
2023-10-29 06:00:00,-1.3042
2023-10-29 07:00:00,-1.2909
2023-10-29 08:00:00,-1.2730
2023-10-29 09:00:00,-1.2459
2023-10-29 10:00:00,-1.2206
2023-10-29 11:00:00,-1.1948
2023-10-29 12:00:00,-1.1858
2023-10-29 13:00:00,-1.1839
2023-10-29 14:00:00,-1.1887
2023-10-29 15:00:00,-1.1961
2023-10-29 16:00:00,-1.2002
2023-10-29 17:00:00,-1.2069
2023-10-29 18:00:00,-1.2193
2023-10-29 19:00:00,-1.2319
2023-10-29 20:00:00,-1.2452
2023-10-29 21:00:00,-1.2570
2023-10-29 22:00:00,-1.2647
2023-10-29 23:00:00,-1.2672
2023-10-30 00:00:00,-1.2655
2023-10-30 01:00:00,-1.2597
2023-10-30 02:00:00,-1.2388
2023-10-30 03:00:00,-1.2020
2023-10-30 04:00:00,-1.1779
2023-10-30 05:00:00,-1.1711
2023-10-30 06:00:00,-1.1701
2023-10-30 07:00:00,-1.1751
2023-10-30 08:00:00,-1.1834
2023-10-30 09:00:00,-1.1922
2023-10-30 10:00:00,-1.2018
2023-10-30 11:00:00,-1.2068
2023-10-30 12:00:00,-1.2122
2023-10-30 13:00:00,-1.2178
2023-10-30 14:00:00,-1.2279
2023-10-30 15:00:00,-1.2379
2023-10-30 16:00:00,-1.2484
2023-10-30 17:00:00,-1.2551
2023-10-30 18:00:00,-1.2684
2023-10-30 19:00:00,-1.2774
2023-10-30 20:00:00,-1.2835
2023-10-30 21:00:00,-1.2802
2023-10-30 22:00:00,-1.2836
2023-10-30 23:00:00,-1.2723
2023-10-31 00:00:00,-1.2593
2023-10-31 01:00:00,-1.2130
2023-10-31 02:00:00,-1.1522
2023-10-31 03:00:00,-1.0845
2023-10-31 04:00:00,-1.0501
2023-10-31 05:00:00,-1.0205
2023-10-31 06:00:00,-0.9888
2023-10-31 07:00:00,-0.9895
2023-10-31 08:00:00,-1.0069
2023-10-31 09:00:00,-1.0397
2023-10-31 10:00:00,-1.0695
2023-10-31 11:00:00,-1.0882
2023-10-31 12:00:00,-1.1020
2023-10-31 13:00:00,-1.1226
2023-10-31 14:00:00,-1.1429
2023-10-31 15:00:00,-1.1561
2023-10-31 16:00:00,-1.0389
2023-10-31 17:00:00,-0.8850
2023-10-31 18:00:00,-0.8975
2023-10-31 19:00:00,-0.9420
2023-10-31 20:00:00,-0.9728
2023-10-31 21:00:00,-1.0130
2023-10-31 22:00:00,-1.0532
2023-10-31 23:00:00,-1.0714
2023-11-01 00:00:00,-1.0821
2023-11-01 01:00:00,-1.1008
2023-11-01 02:00:00,-1.1182
2023-11-01 03:00:00,-1.1245
2023-11-01 04:00:00,-1.1322
2023-11-01 05:00:00,-1.1332
2023-11-01 06:00:00,-1.1341
2023-11-01 07:00:00,-1.1393
2023-11-01 08:00:00,-1.1411
2023-11-01 09:00:00,-1.1395
2023-11-01 10:00:00,-1.1418
2023-11-01 11:00:00,-1.1419
2023-11-01 12:00:00,-1.1462
2023-11-01 13:00:00,-1.1524
2023-11-01 14:00:00,-1.1556
2023-11-01 15:00:00,-1.1553
2023-11-01 16:00:00,-1.1614
2023-11-01 17:00:00,-1.1759
2023-11-01 18:00:00,-1.1811
2023-11-01 19:00:00,-1.1892
2023-11-01 20:00:00,-1.1975
2023-11-01 21:00:00,-1.2065
2023-11-01 22:00:00,-1.2148
2023-11-01 23:00:00,-1.2142
2023-11-02 00:00:00,-1.2169
2023-11-02 01:00:00,-1.2223
2023-11-02 02:00:00,-1.2319
2023-11-02 03:00:00,-1.2385
2023-11-02 04:00:00,-1.2427
2023-11-02 05:00:00,-1.2403
2023-11-02 06:00:00,-1.2540
2023-11-02 07:00:00,-1.2586
2023-11-02 08:00:00,-1.2641
2023-11-02 09:00:00,-1.2641
2023-11-02 10:00:00,-1.2634
2023-11-02 11:00:00,-1.2755
2023-11-02 12:00:00,-1.2871
2023-11-02 13:00:00,-1.2485
2023-11-02 14:00:00,-1.1971
2023-11-02 15:00:00,-1.1328
2023-11-02 16:00:00,-1.0891
2023-11-02 17:00:00,-1.0328
2023-11-02 18:00:00,-1.0189
2023-11-02 19:00:00,-1.0348
2023-11-02 20:00:00,-1.0602
2023-11-02 21:00:00,-1.0899
2023-11-02 22:00:00,-1.1089
2023-11-02 23:00:00,-1.1237
2023-11-03 00:00:00,-1.1315
2023-11-03 01:00:00,-0.9884
2023-11-03 02:00:00,-0.7991
2023-11-03 03:00:00,-0.8065
2023-11-03 04:00:00,-0.7598
2023-11-03 05:00:00,-0.8075
2023-11-03 06:00:00,-0.8746
2023-11-03 07:00:00,-0.9108
2023-11-03 08:00:00,-0.9272
2023-11-03 09:00:00,-0.9478
2023-11-03 10:00:00,-0.9725
2023-11-03 11:00:00,-1.0092
2023-11-03 12:00:00,-0.9127
2023-11-03 13:00:00,-0.8960
2023-11-03 14:00:00,-0.9264
2023-11-03 15:00:00,-0.9480
2023-11-03 16:00:00,-0.9591
2023-11-03 17:00:00,-0.9820
2023-11-03 18:00:00,-1.0210
2023-11-03 19:00:00,-1.0476
2023-11-03 20:00:00,-1.0613
2023-11-03 21:00:00,-1.0737
2023-11-03 22:00:00,-1.0893
2023-11-03 23:00:00,-1.1068
2023-11-04 00:00:00,-1.1174
2023-11-04 01:00:00,-1.1246
2023-11-04 02:00:00,-1.1318
2023-11-04 03:00:00,-1.1421
2023-11-04 04:00:00,-1.1540
2023-11-04 05:00:00,-1.1645
2023-11-04 06:00:00,-1.1715
2023-11-04 07:00:00,-1.1777
2023-11-04 08:00:00,-1.1898
2023-11-04 09:00:00,-1.1955
2023-11-04 10:00:00,-1.1981
2023-11-04 11:00:00,-1.2071
2023-11-04 12:00:00,-1.2073
2023-11-04 13:00:00,-1.2049
2023-11-04 14:00:00,-1.2046
2023-11-04 15:00:00,-1.2067
2023-11-04 16:00:00,-1.2137
2023-11-04 17:00:00,-1.2248
2023-11-04 18:00:00,-1.2413
2023-11-04 19:00:00,-1.2447
2023-11-04 20:00:00,-1.2455
2023-11-04 21:00:00,-1.2579
2023-11-04 22:00:00,-1.2635
2023-11-04 23:00:00,-1.2630
2023-11-05 00:00:00,-1.2733
2023-11-05 01:00:00,-1.2825
2023-11-05 02:00:00,-1.2911
2023-11-05 03:00:00,-1.2942
2023-11-05 04:00:00,-1.3063
2023-11-05 05:00:00,-1.3129
2023-11-05 06:00:00,-1.3120
2023-11-05 07:00:00,-1.3155
2023-11-05 08:00:00,-1.3226
2023-11-05 09:00:00,-1.3230
2023-11-05 10:00:00,-1.3300
2023-11-05 11:00:00,-1.3292
2023-11-05 12:00:00,-1.3311
2023-11-05 13:00:00,-1.3350
2023-11-05 14:00:00,-1.3294
2023-11-05 15:00:00,-1.3145
2023-11-05 16:00:00,-1.3073
2023-11-05 17:00:00,-1.2884
2023-11-05 18:00:00,-1.2318
2023-11-05 19:00:00,-1.1194
2023-11-05 20:00:00,-1.0398
2023-11-05 21:00:00,-1.0333
2023-11-05 22:00:00,-1.0477
2023-11-05 23:00:00,-1.0683
2023-11-06 00:00:00,-1.0979
2023-11-06 01:00:00,-1.1211
2023-11-06 02:00:00,-1.1305
2023-11-06 03:00:00,-1.1351
2023-11-06 04:00:00,-1.1447
2023-11-06 05:00:00,-1.1435
2023-11-06 06:00:00,-1.1199
2023-11-06 07:00:00,-0.9550
2023-11-06 08:00:00,-0.9366
2023-11-06 09:00:00,-0.9672
2023-11-06 10:00:00,-1.0160
2023-11-06 11:00:00,-1.0561
2023-11-06 12:00:00,-1.0791
2023-11-06 13:00:00,-1.0782
2023-11-06 14:00:00,-1.0627
2023-11-06 15:00:00,-1.0460
2023-11-06 16:00:00,-1.0592
2023-11-06 17:00:00,-1.0866
2023-11-06 18:00:00,-1.1071
2023-11-06 19:00:00,-1.1178
2023-11-06 20:00:00,-1.1289
2023-11-06 21:00:00,-1.1437
2023-11-06 22:00:00,-1.1544
2023-11-06 23:00:00,-1.1683
2023-11-07 00:00:00,-1.1460
2023-11-07 01:00:00,-1.1158
2023-11-07 02:00:00,-1.0872
2023-11-07 03:00:00,-1.0725
2023-11-07 04:00:00,-1.0754
2023-11-07 05:00:00,-1.0899
2023-11-07 06:00:00,-1.1015
2023-11-07 07:00:00,-1.0418
2023-11-07 08:00:00,-0.9747
2023-11-07 09:00:00,-0.9766
2023-11-07 10:00:00,-0.9975
2023-11-07 11:00:00,-1.0285
2023-11-07 12:00:00,-1.0443
2023-11-07 13:00:00,-1.0540
2023-11-07 14:00:00,-1.0666
2023-11-07 15:00:00,-1.0803
2023-11-07 16:00:00,-1.0928
2023-11-07 17:00:00,-1.1040
2023-11-07 18:00:00,-1.1153
2023-11-07 19:00:00,-1.1281
2023-11-07 20:00:00,-1.1354
2023-11-07 21:00:00,-1.1426
2023-11-07 22:00:00,-1.1507
2023-11-07 23:00:00,-1.1582
2023-11-08 00:00:00,-1.1621
2023-11-08 01:00:00,-1.1672
2023-11-08 02:00:00,-1.1750
2023-11-08 03:00:00,-1.1768
2023-11-08 04:00:00,-1.1791
2023-11-08 05:00:00,-1.1815
2023-11-08 06:00:00,-1.1875
2023-11-08 07:00:00,-1.1910
2023-11-08 08:00:00,-1.1974
2023-11-08 09:00:00,-1.2067
2023-11-08 10:00:00,-1.2163
2023-11-08 11:00:00,-1.2286
2023-11-08 12:00:00,-1.2395
2023-11-08 13:00:00,-1.2490
2023-11-08 14:00:00,-1.2593
2023-11-08 15:00:00,-1.2717
2023-11-08 16:00:00,-1.2906
2023-11-08 17:00:00,-1.2966
2023-11-08 18:00:00,-1.3140
2023-11-08 19:00:00,-1.3368
2023-11-08 20:00:00,-1.3497
2023-11-08 21:00:00,-1.3563
2023-11-08 22:00:00,-1.3640
2023-11-08 23:00:00,-1.3740
2023-11-09 00:00:00,-1.3824
2023-11-09 01:00:00,-1.3838
2023-11-09 02:00:00,-1.3746
2023-11-09 03:00:00,-1.3541
2023-11-09 04:00:00,-1.3069
2023-11-09 05:00:00,-1.2120
2023-11-09 06:00:00,-1.1451
2023-11-09 07:00:00,-1.1235
2023-11-09 08:00:00,-1.1225
2023-11-09 09:00:00,-1.1290
2023-11-09 10:00:00,-1.1336
2023-11-09 11:00:00,-1.1437
2023-11-09 12:00:00,-1.1528
2023-11-09 13:00:00,-1.1627
2023-11-09 14:00:00,-1.1686
2023-11-09 15:00:00,-1.1822
2023-11-09 16:00:00,-1.1987
2023-11-09 17:00:00,-1.2128
2023-11-09 18:00:00,-1.2226
2023-11-09 19:00:00,-1.2299
2023-11-09 20:00:00,-1.2289
2023-11-09 21:00:00,-1.2257
2023-11-09 22:00:00,-1.2239
2023-11-09 23:00:00,-1.2220
2023-11-10 00:00:00,-1.2194
2023-11-10 01:00:00,-1.2209
2023-11-10 02:00:00,-1.2296
2023-11-10 03:00:00,-1.2364
2023-11-10 04:00:00,-1.2482
2023-11-10 05:00:00,-1.2533
2023-11-10 06:00:00,-1.2641
2023-11-10 07:00:00,-1.2810
2023-11-10 08:00:00,-1.2935
2023-11-10 09:00:00,-1.3042
2023-11-10 10:00:00,-1.2999
2023-11-10 11:00:00,-1.2929
2023-11-10 12:00:00,-1.1788
2023-11-10 13:00:00,-0.8852
2023-11-10 14:00:00,-0.8787
2023-11-10 15:00:00,-0.9343
2023-11-10 16:00:00,-0.9830
2023-11-10 17:00:00,-1.0323
2023-11-10 18:00:00,-1.0712
2023-11-10 19:00:00,-1.0914
2023-11-10 20:00:00,-1.1076
2023-11-10 21:00:00,-1.1252
2023-11-10 22:00:00,-1.1325
2023-11-10 23:00:00,-1.1409
2023-11-11 00:00:00,-1.1557
2023-11-11 01:00:00,-1.1648
2023-11-11 02:00:00,-1.1708
2023-11-11 03:00:00,-1.1779
2023-11-11 04:00:00,-1.1830
2023-11-11 05:00:00,-1.1932
2023-11-11 06:00:00,-1.2008
2023-11-11 07:00:00,-1.2135
2023-11-11 08:00:00,-1.2283
2023-11-11 09:00:00,-1.2382
2023-11-11 10:00:00,-1.2408
2023-11-11 11:00:00,-1.2493
2023-11-11 12:00:00,-1.2467
2023-11-11 13:00:00,-1.2488
2023-11-11 14:00:00,-1.2513
2023-11-11 15:00:00,-1.2648
2023-11-11 16:00:00,-1.2760
2023-11-11 17:00:00,-1.2902
2023-11-11 18:00:00,-1.3015
2023-11-11 19:00:00,-1.3117
2023-11-11 20:00:00,-1.3177
2023-11-11 21:00:00,-1.3287
2023-11-11 22:00:00,-1.3358
2023-11-11 23:00:00,-1.3449
2023-11-12 00:00:00,-1.3533
2023-11-12 01:00:00,-1.3542
2023-11-12 02:00:00,-1.3630
2023-11-12 03:00:00,-1.3667
2023-11-12 04:00:00,-1.3694
2023-11-12 05:00:00,-1.3683
2023-11-12 06:00:00,-1.3728
2023-11-12 07:00:00,-1.3728
2023-11-12 08:00:00,-1.3801
2023-11-12 09:00:00,-1.3860
2023-11-12 10:00:00,-1.3986
2023-11-12 11:00:00,-1.4037
2023-11-12 12:00:00,-1.4061
2023-11-12 13:00:00,-1.4116
2023-11-12 14:00:00,-1.4150
2023-11-12 15:00:00,-1.4182
2023-11-12 16:00:00,-1.4184
2023-11-12 17:00:00,-1.4220
2023-11-12 18:00:00,-1.4266
2023-11-12 19:00:00,-1.4287
2023-11-12 20:00:00,-1.4298
2023-11-12 21:00:00,-1.4322
2023-11-12 22:00:00,-1.4341
2023-11-12 23:00:00,-1.4363
2023-11-13 00:00:00,-1.4383
2023-11-13 01:00:00,-1.4398
2023-11-13 02:00:00,-1.4386
2023-11-13 03:00:00,-1.4377
2023-11-13 04:00:00,-1.4404
2023-11-13 05:00:00,-1.4397
2023-11-13 06:00:00,-1.4359
2023-11-13 07:00:00,-1.4364
2023-11-13 08:00:00,-1.4378
2023-11-13 09:00:00,-1.4374
2023-11-13 10:00:00,-1.4315
2023-11-13 11:00:00,-1.4299
2023-11-13 12:00:00,-1.4261
2023-11-13 13:00:00,-1.4235
2023-11-13 14:00:00,-1.4244
2023-11-13 15:00:00,-1.4242
2023-11-13 16:00:00,-1.4267
2023-11-13 17:00:00,-1.4333
2023-11-13 18:00:00,-1.4348
2023-11-13 19:00:00,-1.4349
2023-11-13 20:00:00,-1.4312
2023-11-13 21:00:00,-1.4300
2023-11-13 22:00:00,-1.4290
2023-11-13 23:00:00,-1.4299
2023-11-14 00:00:00,-1.4275
2023-11-14 01:00:00,-1.4292
2023-11-14 02:00:00,-1.4348
2023-11-14 03:00:00,-1.4289
2023-11-14 04:00:00,-1.4276
2023-11-14 05:00:00,-1.4268
2023-11-14 06:00:00,-1.4251
2023-11-14 07:00:00,-1.4272
2023-11-14 08:00:00,-1.4312
2023-11-14 09:00:00,-1.4329
2023-11-14 10:00:00,-1.4377
2023-11-14 11:00:00,-1.4425
2023-11-14 12:00:00,-1.4460
2023-11-14 13:00:00,-1.4465
2023-11-14 14:00:00,-1.4476
2023-11-14 15:00:00,-1.4482
2023-11-14 16:00:00,-1.4476
2023-11-14 17:00:00,-1.4490
2023-11-14 18:00:00,-1.4512
2023-11-14 19:00:00,-1.4499
2023-11-14 20:00:00,-1.4434
2023-11-14 21:00:00,-1.4380
2023-11-14 22:00:00,-1.4306
2023-11-14 23:00:00,-1.4146
2023-11-15 00:00:00,-1.4015
2023-11-15 01:00:00,-1.3883
2023-11-15 02:00:00,-1.3772
2023-11-15 03:00:00,-1.3615
2023-11-15 04:00:00,-1.3395
2023-11-15 05:00:00,-1.3117
2023-11-15 06:00:00,-1.2704
2023-11-15 07:00:00,-1.2342
2023-11-15 08:00:00,-1.2068
2023-11-15 09:00:00,-1.1969
2023-11-15 10:00:00,-1.1908
2023-11-15 11:00:00,-1.1972
2023-11-15 12:00:00,-1.1993
2023-11-15 13:00:00,-1.2015
2023-11-15 14:00:00,-1.2100
2023-11-15 15:00:00,-1.2189
2023-11-15 16:00:00,-1.2378
2023-11-15 17:00:00,-1.2599
2023-11-15 18:00:00,-1.2761
2023-11-15 19:00:00,-1.2907
2023-11-15 20:00:00,-1.3004
2023-11-15 21:00:00,-1.3084
2023-11-15 22:00:00,-1.3207
2023-11-15 23:00:00,-1.3274
2023-11-16 00:00:00,-1.3300
2023-11-16 01:00:00,-1.3329
2023-11-16 02:00:00,-1.3366
2023-11-16 03:00:00,-1.3377
2023-11-16 04:00:00,-1.3373
2023-11-16 05:00:00,-1.3367
2023-11-16 06:00:00,-1.3373
2023-11-16 07:00:00,-1.3347
2023-11-16 08:00:00,-1.3388
2023-11-16 09:00:00,-1.3456
2023-11-16 10:00:00,-1.3523
2023-11-16 11:00:00,-1.3502
2023-11-16 12:00:00,-1.3487
2023-11-16 13:00:00,-1.3508
2023-11-16 14:00:00,-1.3543
2023-11-16 15:00:00,-1.3607
2023-11-16 16:00:00,-1.3661
2023-11-16 17:00:00,-1.3723
2023-11-16 18:00:00,-1.3741
2023-11-16 19:00:00,-1.3760
2023-11-16 20:00:00,-1.3809
2023-11-16 21:00:00,-1.3861
2023-11-16 22:00:00,-1.3894
2023-11-16 23:00:00,-1.3935
2023-11-17 00:00:00,-1.3999
2023-11-17 01:00:00,-1.4038
2023-11-17 02:00:00,-1.4068
2023-11-17 03:00:00,-1.4110
2023-11-17 04:00:00,-1.4136
2023-11-17 05:00:00,-1.4189
2023-11-17 06:00:00,-1.4230
2023-11-17 07:00:00,-1.4286
2023-11-17 08:00:00,-1.4353
2023-11-17 09:00:00,-1.4393
2023-11-17 10:00:00,-1.4438
2023-11-17 11:00:00,-1.4441
2023-11-17 12:00:00,-1.4442
2023-11-17 13:00:00,-1.4467
2023-11-17 14:00:00,-1.4469
2023-11-17 15:00:00,-1.4480
2023-11-17 16:00:00,-1.4490
2023-11-17 17:00:00,-1.4555
2023-11-17 18:00:00,-1.4582
2023-11-17 19:00:00,-1.4604
2023-11-17 20:00:00,-1.4581
2023-11-17 21:00:00,-1.4599
2023-11-17 22:00:00,-1.4607
2023-11-17 23:00:00,-1.4635
2023-11-18 00:00:00,-1.4648
2023-11-18 01:00:00,-1.4647
2023-11-18 02:00:00,-1.4635
2023-11-18 03:00:00,-1.4634
2023-11-18 04:00:00,-1.4617
2023-11-18 05:00:00,-1.4594
2023-11-18 06:00:00,-1.4626
2023-11-18 07:00:00,-1.4644
2023-11-18 08:00:00,-1.4669
2023-11-18 09:00:00,-1.4654
2023-11-18 10:00:00,-1.4673
2023-11-18 11:00:00,-1.4701
2023-11-18 12:00:00,-1.4648
2023-11-18 13:00:00,-1.4591
2023-11-18 14:00:00,-1.4519
2023-11-18 15:00:00,-1.4456
2023-11-18 16:00:00,-1.4359
2023-11-18 17:00:00,-1.4325
2023-11-18 18:00:00,-1.4309
2023-11-18 19:00:00,-1.4276
2023-11-18 20:00:00,-1.4123
2023-11-18 21:00:00,-1.4068
2023-11-18 22:00:00,-1.4023
2023-11-18 23:00:00,-1.3881
2023-11-19 00:00:00,-1.3898
2023-11-19 01:00:00,-1.3906
2023-11-19 02:00:00,-1.3904
2023-11-19 03:00:00,-1.3861
2023-11-19 04:00:00,-1.3789
2023-11-19 05:00:00,-1.3779
2023-11-19 06:00:00,-1.3715
2023-11-19 07:00:00,-1.3697
2023-11-19 08:00:00,-1.3670
2023-11-19 09:00:00,-1.3645
2023-11-19 10:00:00,-1.3646
2023-11-19 11:00:00,-1.3653
2023-11-19 12:00:00,-1.3604
2023-11-19 13:00:00,-1.3583
2023-11-19 14:00:00,-1.3583
2023-11-19 15:00:00,-1.3566
2023-11-19 16:00:00,-1.3586
2023-11-19 17:00:00,-1.3632
2023-11-19 18:00:00,-1.3714
2023-11-19 19:00:00,-1.3771
2023-11-19 20:00:00,-1.3806
2023-11-19 21:00:00,-1.3839
2023-11-19 22:00:00,-1.3828
2023-11-19 23:00:00,-1.3823
2023-11-20 00:00:00,-1.3841
2023-11-20 01:00:00,-1.3870
2023-11-20 02:00:00,-1.3940
2023-11-20 03:00:00,-1.3998
2023-11-20 04:00:00,-1.4022
2023-11-20 05:00:00,-1.4044
2023-11-20 06:00:00,-1.4069
2023-11-20 07:00:00,-1.4076
2023-11-20 08:00:00,-1.4070
2023-11-20 09:00:00,-1.4056
2023-11-20 10:00:00,-1.4050
2023-11-20 11:00:00,-1.4056
2023-11-20 12:00:00,-1.4055
2023-11-20 13:00:00,-1.4060
2023-11-20 14:00:00,-1.4038
2023-11-20 15:00:00,-1.4041
2023-11-20 16:00:00,-1.4073
2023-11-20 17:00:00,-1.4092
2023-11-20 18:00:00,-1.4137
2023-11-20 19:00:00,-1.4211
2023-11-20 20:00:00,-1.4188
2023-11-20 21:00:00,-1.4174
2023-11-20 22:00:00,-1.4205
2023-11-20 23:00:00,-1.4217
2023-11-21 00:00:00,-1.4178
2023-11-21 01:00:00,-1.4197
2023-11-21 02:00:00,-1.4198
2023-11-21 03:00:00,-1.4200
2023-11-21 04:00:00,-1.4196
2023-11-21 05:00:00,-1.4221
2023-11-21 06:00:00,-1.4239
2023-11-21 07:00:00,-1.4255
2023-11-21 08:00:00,-1.4259
2023-11-21 09:00:00,-1.4285
2023-11-21 10:00:00,-1.4279
2023-11-21 11:00:00,-1.4308
2023-11-21 12:00:00,-1.4319
2023-11-21 13:00:00,-1.4323
2023-11-21 14:00:00,-1.4326
2023-11-21 15:00:00,-1.4346
2023-11-21 16:00:00,-1.4373
2023-11-21 17:00:00,-1.4379
2023-11-21 18:00:00,-1.4368
2023-11-21 19:00:00,-1.4374
2023-11-21 20:00:00,-1.4386
2023-11-21 21:00:00,-1.4416
2023-11-21 22:00:00,-1.4430
2023-11-21 23:00:00,-1.4444
2023-11-22 00:00:00,-1.4438
2023-11-22 01:00:00,-1.4440
2023-11-22 02:00:00,-1.4454
2023-11-22 03:00:00,-1.4430
2023-11-22 04:00:00,-1.4432
2023-11-22 05:00:00,-1.4449
2023-11-22 06:00:00,-1.4468
2023-11-22 07:00:00,-1.4493
2023-11-22 08:00:00,-1.4508
2023-11-22 09:00:00,-1.4523
2023-11-22 10:00:00,-1.4523
2023-11-22 11:00:00,-1.4517
2023-11-22 12:00:00,-1.4483
2023-11-22 13:00:00,-1.4482
2023-11-22 14:00:00,-1.4509
2023-11-22 15:00:00,-1.4509
2023-11-22 16:00:00,-1.4539
2023-11-22 17:00:00,-1.4545
2023-11-22 18:00:00,-1.4575
2023-11-22 19:00:00,-1.4602
2023-11-22 20:00:00,-1.4606
2023-11-22 21:00:00,-1.4586
2023-11-22 22:00:00,-1.4587
2023-11-22 23:00:00,-1.4546
2023-11-23 00:00:00,-1.4548
2023-11-23 01:00:00,-1.4547
2023-11-23 02:00:00,-1.4489
2023-11-23 03:00:00,-1.4449
2023-11-23 04:00:00,-1.4425
2023-11-23 05:00:00,-1.4380
2023-11-23 06:00:00,-1.4357
2023-11-23 07:00:00,-1.4360
2023-11-23 08:00:00,-1.4371
2023-11-23 09:00:00,-1.4392
2023-11-23 10:00:00,-1.4386
2023-11-23 11:00:00,-1.4384
2023-11-23 12:00:00,-1.4376
2023-11-23 13:00:00,-1.4352
2023-11-23 14:00:00,-1.4351
2023-11-23 15:00:00,-1.4263
2023-11-23 16:00:00,-1.4233
2023-11-23 17:00:00,-1.4214
2023-11-23 18:00:00,-1.4218
2023-11-23 19:00:00,-1.4248
2023-11-23 20:00:00,-1.4192
2023-11-23 21:00:00,-1.4202
2023-11-23 22:00:00,-1.4196
2023-11-23 23:00:00,-1.4173
2023-11-24 00:00:00,-1.4174
2023-11-24 01:00:00,-1.4162
2023-11-24 02:00:00,-1.4132
2023-11-24 03:00:00,-1.4121
2023-11-24 04:00:00,-1.4131
2023-11-24 05:00:00,-1.4140
2023-11-24 06:00:00,-1.4151
2023-11-24 07:00:00,-1.4171
2023-11-24 08:00:00,-1.4152
2023-11-24 09:00:00,-1.4142
2023-11-24 10:00:00,-1.4083
2023-11-24 11:00:00,-1.4057
2023-11-24 12:00:00,-1.4042
2023-11-24 13:00:00,-1.4090
2023-11-24 14:00:00,-1.4087
2023-11-24 15:00:00,-1.4028
2023-11-24 16:00:00,-1.4075
2023-11-24 17:00:00,-1.4059
2023-11-24 18:00:00,-1.4086
2023-11-24 19:00:00,-1.4125
2023-11-24 20:00:00,-1.4083
2023-11-24 21:00:00,-1.4083
2023-11-24 22:00:00,-1.4067
2023-11-24 23:00:00,-1.4047
2023-11-25 00:00:00,-1.4051
2023-11-25 01:00:00,-1.4051
2023-11-25 02:00:00,-1.4067
2023-11-25 03:00:00,-1.4038
2023-11-25 04:00:00,-1.4021
2023-11-25 05:00:00,-1.4032
2023-11-25 06:00:00,-1.4042
2023-11-25 07:00:00,-1.4086
2023-11-25 08:00:00,-1.4086
2023-11-25 09:00:00,-1.4121
2023-11-25 10:00:00,-1.4169
2023-11-25 11:00:00,-1.4178
2023-11-25 12:00:00,-1.4197
2023-11-25 13:00:00,-1.4192
2023-11-25 14:00:00,-1.4165
2023-11-25 15:00:00,-1.4161
2023-11-25 16:00:00,-1.4126
2023-11-25 17:00:00,-1.4160
2023-11-25 18:00:00,-1.4207
2023-11-25 19:00:00,-1.4247
2023-11-25 20:00:00,-1.4317
2023-11-25 21:00:00,-1.4372
2023-11-25 22:00:00,-1.4381
2023-11-25 23:00:00,-1.4411
2023-11-26 00:00:00,-1.4454
2023-11-26 01:00:00,-1.4474
2023-11-26 02:00:00,-1.4473
2023-11-26 03:00:00,-1.4493
2023-11-26 04:00:00,-1.4485
2023-11-26 05:00:00,-1.4504
2023-11-26 06:00:00,-1.4506
2023-11-26 07:00:00,-1.4532
2023-11-26 08:00:00,-1.4550
2023-11-26 09:00:00,-1.4586
2023-11-26 10:00:00,-1.4585
2023-11-26 11:00:00,-1.4602
2023-11-26 12:00:00,-1.4590
2023-11-26 13:00:00,-1.4591
2023-11-26 14:00:00,-1.4580
2023-11-26 15:00:00,-1.4587
2023-11-26 16:00:00,-1.4604
2023-11-26 17:00:00,-1.4625
2023-11-26 18:00:00,-1.4597
2023-11-26 19:00:00,-1.4590
2023-11-26 20:00:00,-1.4600
2023-11-26 21:00:00,-1.4571
2023-11-26 22:00:00,-1.4499
2023-11-26 23:00:00,-1.4466
2023-11-27 00:00:00,-1.4445
2023-11-27 01:00:00,-1.4393
2023-11-27 02:00:00,-1.4347
2023-11-27 03:00:00,-1.4387
2023-11-27 04:00:00,-1.4327
2023-11-27 05:00:00,-1.4301
2023-11-27 06:00:00,-1.4230
2023-11-27 07:00:00,-1.4119
2023-11-27 08:00:00,-1.3990
2023-11-27 09:00:00,-1.3726
2023-11-27 10:00:00,-1.3656
2023-11-27 11:00:00,-1.3555
2023-11-27 12:00:00,-1.3463
2023-11-27 13:00:00,-1.3363
2023-11-27 14:00:00,-1.3103
2023-11-27 15:00:00,-1.2436
2023-11-27 16:00:00,-1.1880
2023-11-27 17:00:00,-1.1602
2023-11-27 18:00:00,-1.1455
2023-11-27 19:00:00,-1.1466
2023-11-27 20:00:00,-1.1505
2023-11-27 21:00:00,-1.1644
2023-11-27 22:00:00,-1.1673
2023-11-27 23:00:00,-1.1793
2023-11-28 00:00:00,-1.1829
2023-11-28 01:00:00,-1.1889
2023-11-28 02:00:00,-1.1977
2023-11-28 03:00:00,-1.2015
2023-11-28 04:00:00,-1.2084
2023-11-28 05:00:00,-1.2130
2023-11-28 06:00:00,-1.2189
2023-11-28 07:00:00,-1.2249
2023-11-28 08:00:00,-1.2315
2023-11-28 09:00:00,-1.2387
2023-11-28 10:00:00,-1.2450
2023-11-28 11:00:00,-1.2536
2023-11-28 12:00:00,-1.2636
2023-11-28 13:00:00,-1.2729
2023-11-28 14:00:00,-1.2852
2023-11-28 15:00:00,-1.2992
2023-11-28 16:00:00,-1.3118
2023-11-28 17:00:00,-1.3302
2023-11-28 18:00:00,-1.3420
2023-11-28 19:00:00,-1.3495
2023-11-28 20:00:00,-1.3550
2023-11-28 21:00:00,-1.3613
2023-11-28 22:00:00,-1.3584
2023-11-28 23:00:00,-1.3576
2023-11-29 00:00:00,-1.3652
2023-11-29 01:00:00,-1.3626
2023-11-29 02:00:00,-1.3537
2023-11-29 03:00:00,-1.3463
2023-11-29 04:00:00,-1.3297
2023-11-29 05:00:00,-1.3077
2023-11-29 06:00:00,-1.2971
2023-11-29 07:00:00,-1.2832
2023-11-29 08:00:00,-1.2702
2023-11-29 09:00:00,-1.2732
2023-11-29 10:00:00,-1.2667
2023-11-29 11:00:00,-1.2690
2023-11-29 12:00:00,-1.2747
2023-11-29 13:00:00,-1.2821
2023-11-29 14:00:00,-1.2896
2023-11-29 15:00:00,-1.2919
2023-11-29 16:00:00,-1.2914
2023-11-29 17:00:00,-1.2947
2023-11-29 18:00:00,-1.2970
2023-11-29 19:00:00,-1.2968
2023-11-29 20:00:00,-1.2985
2023-11-29 21:00:00,-1.3006
2023-11-29 22:00:00,-1.3010
2023-11-29 23:00:00,-1.2982
2023-11-30 00:00:00,-1.2981
2023-11-30 01:00:00,-1.2988
2023-11-30 02:00:00,-1.2986
2023-11-30 03:00:00,-1.3013
2023-11-30 04:00:00,-1.2987
2023-11-30 05:00:00,-1.2968
2023-11-30 06:00:00,-1.2942
2023-11-30 07:00:00,-1.2945
2023-11-30 08:00:00,-1.2963
2023-11-30 09:00:00,-1.3008
2023-11-30 10:00:00,-1.3075
2023-11-30 11:00:00,-1.3141
2023-11-30 12:00:00,-1.3136
2023-11-30 13:00:00,-1.3068
2023-11-30 14:00:00,-1.3019
2023-11-30 15:00:00,-1.3072
2023-11-30 16:00:00,-1.3112
2023-11-30 17:00:00,-1.3114
2023-11-30 18:00:00,-1.3166
2023-11-30 19:00:00,-1.3196
2023-11-30 20:00:00,-1.3272
2023-11-30 21:00:00,-1.3316
2023-11-30 22:00:00,-1.3365
2023-11-30 23:00:00,-1.3422
2023-12-01 00:00:00,-1.3478
2023-12-01 01:00:00,-1.3540
2023-12-01 02:00:00,-1.3600
2023-12-01 03:00:00,-1.3685
2023-12-01 04:00:00,-1.3691
2023-12-01 05:00:00,-1.3717
2023-12-01 06:00:00,-1.3737
2023-12-01 07:00:00,-1.3779
2023-12-01 08:00:00,-1.3829
2023-12-01 09:00:00,-1.3869
2023-12-01 10:00:00,-1.3896
2023-12-01 11:00:00,-1.3933
2023-12-01 12:00:00,-1.3979
2023-12-01 13:00:00,-1.3996
2023-12-01 14:00:00,-1.4018
2023-12-01 15:00:00,-1.3996
2023-12-01 16:00:00,-1.4003
2023-12-01 17:00:00,-1.4025
2023-12-01 18:00:00,-1.4061
2023-12-01 19:00:00,-1.4113
2023-12-01 20:00:00,-1.4133
2023-12-01 21:00:00,-1.4116
2023-12-01 22:00:00,-1.4116
2023-12-01 23:00:00,-1.4098
2023-12-02 00:00:00,-1.4095
2023-12-02 01:00:00,-1.4085
2023-12-02 02:00:00,-1.4102
2023-12-02 03:00:00,-1.4135
2023-12-02 04:00:00,-1.4151
2023-12-02 05:00:00,-1.4170
2023-12-02 06:00:00,-1.4160
2023-12-02 07:00:00,-1.4155
2023-12-02 08:00:00,-1.4158
2023-12-02 09:00:00,-1.4160
2023-12-02 10:00:00,-1.4178
2023-12-02 11:00:00,-1.4208
2023-12-02 12:00:00,-1.4228
2023-12-02 13:00:00,-1.4245
2023-12-02 14:00:00,-1.4300
2023-12-02 15:00:00,-1.4356
2023-12-02 16:00:00,-1.4377
2023-12-02 17:00:00,-1.4370
2023-12-02 18:00:00,-1.4373
2023-12-02 19:00:00,-1.4352
2023-12-02 20:00:00,-1.4298
2023-12-02 21:00:00,-1.4318
2023-12-02 22:00:00,-1.4341
2023-12-02 23:00:00,-1.4326
2023-12-03 00:00:00,-1.4315
2023-12-03 01:00:00,-1.4290
2023-12-03 02:00:00,-1.4302
2023-12-03 03:00:00,-1.4309
2023-12-03 04:00:00,-1.4288
2023-12-03 05:00:00,-1.4281
2023-12-03 06:00:00,-1.4298
2023-12-03 07:00:00,-1.4322
2023-12-03 08:00:00,-1.4353
2023-12-03 09:00:00,-1.4378
2023-12-03 10:00:00,-1.4388
2023-12-03 11:00:00,-1.4414
2023-12-03 12:00:00,-1.4408
2023-12-03 13:00:00,-1.4403
2023-12-03 14:00:00,-1.4392
2023-12-03 15:00:00,-1.4379
2023-12-03 16:00:00,-1.4388
2023-12-03 17:00:00,-1.4390
2023-12-03 18:00:00,-1.4390
2023-12-03 19:00:00,-1.4380
2023-12-03 20:00:00,-1.4328
2023-12-03 21:00:00,-1.4281
2023-12-03 22:00:00,-1.4268
2023-12-03 23:00:00,-1.4259
2023-12-04 00:00:00,-1.4257
2023-12-04 01:00:00,-1.4239
2023-12-04 02:00:00,-1.4217
2023-12-04 03:00:00,-1.4155
2023-12-04 04:00:00,-1.4080
2023-12-04 05:00:00,-1.4057
2023-12-04 06:00:00,-1.4066
2023-12-04 07:00:00,-1.4052
2023-12-04 08:00:00,-1.4070
2023-12-04 09:00:00,-1.4057
2023-12-04 10:00:00,-1.4030
2023-12-04 11:00:00,-1.4076
2023-12-04 12:00:00,-1.4068
2023-12-04 13:00:00,-1.4031
2023-12-04 14:00:00,-1.4023
2023-12-04 15:00:00,-1.3959
2023-12-04 16:00:00,-1.3923
2023-12-04 17:00:00,-1.3931
2023-12-04 18:00:00,-1.3873
2023-12-04 19:00:00,-1.3847
2023-12-04 20:00:00,-1.3817
2023-12-04 21:00:00,-1.3816
2023-12-04 22:00:00,-1.3739
2023-12-04 23:00:00,-1.3715
2023-12-05 00:00:00,-1.3737
2023-12-05 01:00:00,-1.3739
2023-12-05 02:00:00,-1.3711
2023-12-05 03:00:00,-1.3672
2023-12-05 04:00:00,-1.3646
2023-12-05 05:00:00,-1.3645
2023-12-05 06:00:00,-1.3634
2023-12-05 07:00:00,-1.3630
2023-12-05 08:00:00,-1.3629
2023-12-05 09:00:00,-1.3626
2023-12-05 10:00:00,-1.3637
2023-12-05 11:00:00,-1.3621
2023-12-05 12:00:00,-1.3607
2023-12-05 13:00:00,-1.3591
2023-12-05 14:00:00,-1.3597
2023-12-05 15:00:00,-1.3628
2023-12-05 16:00:00,-1.3624
2023-12-05 17:00:00,-1.3600
2023-12-05 18:00:00,-1.3609
2023-12-05 19:00:00,-1.3644
2023-12-05 20:00:00,-1.3681
2023-12-05 21:00:00,-1.3710
2023-12-05 22:00:00,-1.3755
2023-12-05 23:00:00,-1.3773
2023-12-06 00:00:00,-1.3807
2023-12-06 01:00:00,-1.3841
2023-12-06 02:00:00,-1.3881
2023-12-06 03:00:00,-1.3916
2023-12-06 04:00:00,-1.3937
2023-12-06 05:00:00,-1.3928
2023-12-06 06:00:00,-1.3920
2023-12-06 07:00:00,-1.3947
2023-12-06 08:00:00,-1.4015
2023-12-06 09:00:00,-1.4071
2023-12-06 10:00:00,-1.4109
2023-12-06 11:00:00,-1.4148
2023-12-06 12:00:00,-1.4155
2023-12-06 13:00:00,-1.4136
2023-12-06 14:00:00,-1.4137
2023-12-06 15:00:00,-1.4166
2023-12-06 16:00:00,-1.4171
2023-12-06 17:00:00,-1.4190
2023-12-06 18:00:00,-1.4211
2023-12-06 19:00:00,-1.4248
2023-12-06 20:00:00,-1.4276
2023-12-06 21:00:00,-1.4300
2023-12-06 22:00:00,-1.4309
2023-12-06 23:00:00,-1.4294
2023-12-07 00:00:00,-1.4270
2023-12-07 01:00:00,-1.4246
2023-12-07 02:00:00,-1.4268
2023-12-07 03:00:00,-1.4267
2023-12-07 04:00:00,-1.4288
2023-12-07 05:00:00,-1.4285
2023-12-07 06:00:00,-1.4301
2023-12-07 07:00:00,-1.4311
2023-12-07 08:00:00,-1.4313
2023-12-07 09:00:00,-1.4363
2023-12-07 10:00:00,-1.4365
2023-12-07 11:00:00,-1.4372
2023-12-07 12:00:00,-1.4348
2023-12-07 13:00:00,-1.4328
2023-12-07 14:00:00,-1.4311
2023-12-07 15:00:00,-1.4308
2023-12-07 16:00:00,-1.4290
2023-12-07 17:00:00,-1.4297
2023-12-07 18:00:00,-1.4294
2023-12-07 19:00:00,-1.4271
2023-12-07 20:00:00,-1.4228
2023-12-07 21:00:00,-1.4198
2023-12-07 22:00:00,-1.4141
2023-12-07 23:00:00,-1.4160
2023-12-08 00:00:00,-1.4212
2023-12-08 01:00:00,-1.4137
2023-12-08 02:00:00,-1.4089
2023-12-08 03:00:00,-1.4049
2023-12-08 04:00:00,-1.4062
2023-12-08 05:00:00,-1.4046
2023-12-08 06:00:00,-1.4043
2023-12-08 07:00:00,-1.4084
2023-12-08 08:00:00,-1.4051
2023-12-08 09:00:00,-1.3987
2023-12-08 10:00:00,-1.3981
2023-12-08 11:00:00,-1.3956
2023-12-08 12:00:00,-1.3930
2023-12-08 13:00:00,-1.3902
2023-12-08 14:00:00,-1.3886
2023-12-08 15:00:00,-1.3880
2023-12-08 16:00:00,-1.3892
2023-12-08 17:00:00,-1.3911
2023-12-08 18:00:00,-1.3926
2023-12-08 19:00:00,-1.3932
2023-12-08 20:00:00,-1.3935
2023-12-08 21:00:00,-1.3949
2023-12-08 22:00:00,-1.3965
2023-12-08 23:00:00,-1.3982
2023-12-09 00:00:00,-1.4013
2023-12-09 01:00:00,-1.4054
2023-12-09 02:00:00,-1.4081
2023-12-09 03:00:00,-1.4059
2023-12-09 04:00:00,-1.4038
2023-12-09 05:00:00,-1.4089
2023-12-09 06:00:00,-1.4135
2023-12-09 07:00:00,-1.4190
2023-12-09 08:00:00,-1.4204
2023-12-09 09:00:00,-1.4165
2023-12-09 10:00:00,-1.4156
2023-12-09 11:00:00,-1.4115
2023-12-09 12:00:00,-1.4169
2023-12-09 13:00:00,-1.4079
2023-12-09 14:00:00,-1.4107
2023-12-09 15:00:00,-1.4074
2023-12-09 16:00:00,-1.3987
2023-12-09 17:00:00,-1.3947
2023-12-09 18:00:00,-1.3929
2023-12-09 19:00:00,-1.3844
2023-12-09 20:00:00,-1.3729
2023-12-09 21:00:00,-1.3562
2023-12-09 22:00:00,-1.3221
2023-12-09 23:00:00,-1.2659
2023-12-10 00:00:00,-1.2329
2023-12-10 01:00:00,-1.1988
2023-12-10 02:00:00,-1.1862
2023-12-10 03:00:00,-1.1786
2023-12-10 04:00:00,-1.1682
2023-12-10 05:00:00,-1.1428
2023-12-10 06:00:00,-1.0950
2023-12-10 07:00:00,-1.0785
2023-12-10 08:00:00,-1.0996
2023-12-10 09:00:00,-1.1172
2023-12-10 10:00:00,-1.1266
2023-12-10 11:00:00,-1.1319
2023-12-10 12:00:00,-1.1408
2023-12-10 13:00:00,-1.1543
2023-12-10 14:00:00,-1.1635
2023-12-10 15:00:00,-1.1704
2023-12-10 16:00:00,-1.1763
2023-12-10 17:00:00,-1.1836
2023-12-10 18:00:00,-1.1918
2023-12-10 19:00:00,-1.2083
2023-12-10 20:00:00,-1.2136
2023-12-10 21:00:00,-1.2265
2023-12-10 22:00:00,-1.2297
2023-12-10 23:00:00,-1.2339
2023-12-11 00:00:00,-1.2390
2023-12-11 01:00:00,-1.2407
2023-12-11 02:00:00,-1.2299
2023-12-11 03:00:00,-1.2298
2023-12-11 04:00:00,-1.2289
2023-12-11 05:00:00,-1.2337
2023-12-11 06:00:00,-1.2328
2023-12-11 07:00:00,-1.2349
2023-12-11 08:00:00,-1.2482
2023-12-11 09:00:00,-1.2612
2023-12-11 10:00:00,-1.2692
2023-12-11 11:00:00,-1.2755
2023-12-11 12:00:00,-1.2815
2023-12-11 13:00:00,-1.2826
2023-12-11 14:00:00,-1.2820
2023-12-11 15:00:00,-1.2837
2023-12-11 16:00:00,-1.2874
2023-12-11 17:00:00,-1.2906
2023-12-11 18:00:00,-1.2932
2023-12-11 19:00:00,-1.2936
2023-12-11 20:00:00,-1.2962
2023-12-11 21:00:00,-1.3009
2023-12-11 22:00:00,-1.3049
2023-12-11 23:00:00,-1.3098
2023-12-12 00:00:00,-1.3127
2023-12-12 01:00:00,-1.3140
2023-12-12 02:00:00,-1.3155
2023-12-12 03:00:00,-1.3194
2023-12-12 04:00:00,-1.3132
2023-12-12 05:00:00,-1.3108
2023-12-12 06:00:00,-1.3076
2023-12-12 07:00:00,-1.3066
2023-12-12 08:00:00,-1.3066
2023-12-12 09:00:00,-1.3046
2023-12-12 10:00:00,-1.3048
2023-12-12 11:00:00,-1.3028
2023-12-12 12:00:00,-1.2970
2023-12-12 13:00:00,-1.2915
2023-12-12 14:00:00,-1.2926
2023-12-12 15:00:00,-1.2945
2023-12-12 16:00:00,-1.2956
2023-12-12 17:00:00,-1.2933
2023-12-12 18:00:00,-1.2942
2023-12-12 19:00:00,-1.2921
2023-12-12 20:00:00,-1.2992
2023-12-12 21:00:00,-1.3007
2023-12-12 22:00:00,-1.2960
2023-12-12 23:00:00,-1.2970
2023-12-13 00:00:00,-1.2962
2023-12-13 01:00:00,-1.2923
2023-12-13 02:00:00,-1.2880
2023-12-13 03:00:00,-1.2852
2023-12-13 04:00:00,-1.2823
2023-12-13 05:00:00,-1.2741
2023-12-13 06:00:00,-1.2653
2023-12-13 07:00:00,-1.2609
2023-12-13 08:00:00,-1.2598
2023-12-13 09:00:00,-1.2595
2023-12-13 10:00:00,-1.2781
2023-12-13 11:00:00,-1.2787
2023-12-13 12:00:00,-1.2850
2023-12-13 13:00:00,-1.2904
2023-12-13 14:00:00,-1.2860
2023-12-13 15:00:00,-1.2875
2023-12-13 16:00:00,-1.2911
2023-12-13 17:00:00,-1.2948
2023-12-13 18:00:00,-1.2988
2023-12-13 19:00:00,-1.3089
2023-12-13 20:00:00,-1.3234
2023-12-13 21:00:00,-1.3333
2023-12-13 22:00:00,-1.3382
2023-12-13 23:00:00,-1.3431
2023-12-14 00:00:00,-1.3534
2023-12-14 01:00:00,-1.3571
2023-12-14 02:00:00,-1.3634
2023-12-14 03:00:00,-1.3663
2023-12-14 04:00:00,-1.3696
2023-12-14 05:00:00,-1.3696
2023-12-14 06:00:00,-1.3693
2023-12-14 07:00:00,-1.3720
2023-12-14 08:00:00,-1.3781
2023-12-14 09:00:00,-1.3862
2023-12-14 10:00:00,-1.3915
2023-12-14 11:00:00,-1.3924
2023-12-14 12:00:00,-1.3971
2023-12-14 13:00:00,-1.4005
2023-12-14 14:00:00,-1.4005
2023-12-14 15:00:00,-1.4010
2023-12-14 16:00:00,-1.4020
2023-12-14 17:00:00,-1.4023
2023-12-14 18:00:00,-1.4044
2023-12-14 19:00:00,-1.4072
2023-12-14 20:00:00,-1.4095
2023-12-14 21:00:00,-1.4151
2023-12-14 22:00:00,-1.4155
2023-12-14 23:00:00,-1.4158
2023-12-15 00:00:00,-1.4171
2023-12-15 01:00:00,-1.4191
2023-12-15 02:00:00,-1.4206
2023-12-15 03:00:00,-1.4214
2023-12-15 04:00:00,-1.4206
2023-12-15 05:00:00,-1.4201
2023-12-15 06:00:00,-1.4182
2023-12-15 07:00:00,-1.4174
2023-12-15 08:00:00,-1.4174
2023-12-15 09:00:00,-1.4172
2023-12-15 10:00:00,-1.4170
2023-12-15 11:00:00,-1.4160
2023-12-15 12:00:00,-1.4129
2023-12-15 13:00:00,-1.4126
2023-12-15 14:00:00,-1.4107
2023-12-15 15:00:00,-1.4107
2023-12-15 16:00:00,-1.4097
2023-12-15 17:00:00,-1.4096
2023-12-15 18:00:00,-1.4094
2023-12-15 19:00:00,-1.4108
2023-12-15 20:00:00,-1.4109
2023-12-15 21:00:00,-1.4139
2023-12-15 22:00:00,-1.4193
2023-12-15 23:00:00,-1.4234
2023-12-16 00:00:00,-1.4254
2023-12-16 01:00:00,-1.4275
2023-12-16 02:00:00,-1.4307
2023-12-16 03:00:00,-1.4317
2023-12-16 04:00:00,-1.4312
2023-12-16 05:00:00,-1.4308
2023-12-16 06:00:00,-1.4296
2023-12-16 07:00:00,-1.4289
2023-12-16 08:00:00,-1.4298
2023-12-16 09:00:00,-1.4314
2023-12-16 10:00:00,-1.4330
2023-12-16 11:00:00,-1.4339
2023-12-16 12:00:00,-1.4340
2023-12-16 13:00:00,-1.4344
2023-12-16 14:00:00,-1.4353
2023-12-16 15:00:00,-1.4357
2023-12-16 16:00:00,-1.4364
2023-12-16 17:00:00,-1.4343
2023-12-16 18:00:00,-1.4343
2023-12-16 19:00:00,-1.4350
2023-12-16 20:00:00,-1.4346
2023-12-16 21:00:00,-1.4346
2023-12-16 22:00:00,-1.4354
2023-12-16 23:00:00,-1.4359
2023-12-17 00:00:00,-1.4379
2023-12-17 01:00:00,-1.4393
2023-12-17 02:00:00,-1.4411
2023-12-17 03:00:00,-1.4457
2023-12-17 04:00:00,-1.4482
2023-12-17 05:00:00,-1.4504
2023-12-17 06:00:00,-1.4518
2023-12-17 07:00:00,-1.4521
2023-12-17 08:00:00,-1.4500
2023-12-17 09:00:00,-1.4522
2023-12-17 10:00:00,-1.4525
2023-12-17 11:00:00,-1.4543
2023-12-17 12:00:00,-1.4560
2023-12-17 13:00:00,-1.4578
2023-12-17 14:00:00,-1.4591
2023-12-17 15:00:00,-1.4584
2023-12-17 16:00:00,-1.4572
2023-12-17 17:00:00,-1.4591
2023-12-17 18:00:00,-1.4625
2023-12-17 19:00:00,-1.4629
2023-12-17 20:00:00,-1.4634
2023-12-17 21:00:00,-1.4643
2023-12-17 22:00:00,-1.4655
2023-12-17 23:00:00,-1.4647
2023-12-18 00:00:00,-1.4635
2023-12-18 01:00:00,-1.4660
2023-12-18 02:00:00,-1.4642
2023-12-18 03:00:00,-1.4680
2023-12-18 04:00:00,-1.4656
2023-12-18 05:00:00,-1.4675
2023-12-18 06:00:00,-1.4659
2023-12-18 07:00:00,-1.4666
2023-12-18 08:00:00,-1.4688
2023-12-18 09:00:00,-1.4701
2023-12-18 10:00:00,-1.4721
2023-12-18 11:00:00,-1.4698
2023-12-18 12:00:00,-1.4684
2023-12-18 13:00:00,-1.4658
2023-12-18 14:00:00,-1.4665
2023-12-18 15:00:00,-1.4691
2023-12-18 16:00:00,-1.4694
2023-12-18 17:00:00,-1.4707
2023-12-18 18:00:00,-1.4694
2023-12-18 19:00:00,-1.4664
2023-12-18 20:00:00,-1.4664
2023-12-18 21:00:00,-1.4694
2023-12-18 22:00:00,-1.4703
2023-12-18 23:00:00,-1.4684
2023-12-19 00:00:00,-1.4647
2023-12-19 01:00:00,-1.4637
2023-12-19 02:00:00,-1.4623
2023-12-19 03:00:00,-1.4607
2023-12-19 04:00:00,-1.4601
2023-12-19 05:00:00,-1.4585
2023-12-19 06:00:00,-1.4524
2023-12-19 07:00:00,-1.4460
2023-12-19 08:00:00,-1.4422
2023-12-19 09:00:00,-1.4395
2023-12-19 10:00:00,-1.4316
2023-12-19 11:00:00,-1.4246
2023-12-19 12:00:00,-1.4127
2023-12-19 13:00:00,-1.3977
2023-12-19 14:00:00,-1.3776
2023-12-19 15:00:00,-1.2962
2023-12-19 16:00:00,-1.1683
2023-12-19 17:00:00,-1.0741
2023-12-19 18:00:00,-1.0331
2023-12-19 19:00:00,-1.0403
2023-12-19 20:00:00,-1.0702
2023-12-19 21:00:00,-1.0939
2023-12-19 22:00:00,-1.1205
2023-12-19 23:00:00,-1.1464
2023-12-20 00:00:00,-1.1594
2023-12-20 01:00:00,-1.1641
2023-12-20 02:00:00,-1.1773
2023-12-20 03:00:00,-1.1800
2023-12-20 04:00:00,-1.1812
2023-12-20 05:00:00,-1.1883
2023-12-20 06:00:00,-1.1961
2023-12-20 07:00:00,-1.2025
2023-12-20 08:00:00,-1.2078
2023-12-20 09:00:00,-1.2109
2023-12-20 10:00:00,-1.2149
2023-12-20 11:00:00,-1.2218
2023-12-20 12:00:00,-1.2233
2023-12-20 13:00:00,-1.2274
2023-12-20 14:00:00,-1.2349
2023-12-20 15:00:00,-1.2440
2023-12-20 16:00:00,-1.2528
2023-12-20 17:00:00,-1.2542
2023-12-20 18:00:00,-1.2577
2023-12-20 19:00:00,-1.2613
2023-12-20 20:00:00,-1.2664
2023-12-20 21:00:00,-1.2715
2023-12-20 22:00:00,-1.2757
2023-12-20 23:00:00,-1.2812
2023-12-21 00:00:00,-1.2846
2023-12-21 01:00:00,-1.2871
2023-12-21 02:00:00,-1.2886
2023-12-21 03:00:00,-1.2949
2023-12-21 04:00:00,-1.2989
2023-12-21 05:00:00,-1.3029
2023-12-21 06:00:00,-1.3130
2023-12-21 07:00:00,-1.3133
2023-12-21 08:00:00,-1.3097
2023-12-21 09:00:00,-1.3192
2023-12-21 10:00:00,-1.3246
2023-12-21 11:00:00,-1.3236
2023-12-21 12:00:00,-1.3225
2023-12-21 13:00:00,-1.3270
2023-12-21 14:00:00,-1.3283
2023-12-21 15:00:00,-1.3235
2023-12-21 16:00:00,-1.3322
2023-12-21 17:00:00,-1.3279
2023-12-21 18:00:00,-1.3283
2023-12-21 19:00:00,-1.3253
2023-12-21 20:00:00,-1.3251
2023-12-21 21:00:00,-1.3231
2023-12-21 22:00:00,-1.3264
2023-12-21 23:00:00,-1.3324
2023-12-22 00:00:00,-1.3342
2023-12-22 01:00:00,-1.3368
2023-12-22 02:00:00,-1.3419
2023-12-22 03:00:00,-1.3481
2023-12-22 04:00:00,-1.3538
2023-12-22 05:00:00,-1.3535
2023-12-22 06:00:00,-1.3553
2023-12-22 07:00:00,-1.3580
2023-12-22 08:00:00,-1.3595
2023-12-22 09:00:00,-1.3590
2023-12-22 10:00:00,-1.3596
2023-12-22 11:00:00,-1.3547
2023-12-22 12:00:00,-1.3485
2023-12-22 13:00:00,-1.3441
2023-12-22 14:00:00,-1.3373
2023-12-22 15:00:00,-1.3351
2023-12-22 16:00:00,-1.3303
2023-12-22 17:00:00,-1.3272
2023-12-22 18:00:00,-1.1865
2023-12-22 19:00:00,-0.9564
2023-12-22 20:00:00,-0.9938
2023-12-22 21:00:00,-1.0371
2023-12-22 22:00:00,-1.0939
2023-12-22 23:00:00,-1.1375
2023-12-23 00:00:00,-1.1495
2023-12-23 01:00:00,-1.1603
2023-12-23 02:00:00,-1.1693
2023-12-23 03:00:00,-1.1798
2023-12-23 04:00:00,-1.1848
2023-12-23 05:00:00,-1.1846
2023-12-23 06:00:00,-1.1885
2023-12-23 07:00:00,-1.1910
2023-12-23 08:00:00,-1.1943
2023-12-23 09:00:00,-1.1987
2023-12-23 10:00:00,-1.2064
2023-12-23 11:00:00,-1.2142
2023-12-23 12:00:00,-1.2195
2023-12-23 13:00:00,-1.2275
2023-12-23 14:00:00,-1.2340
2023-12-23 15:00:00,-1.2410
2023-12-23 16:00:00,-1.2551
2023-12-23 17:00:00,-1.2780
2023-12-23 18:00:00,-1.2952
2023-12-23 19:00:00,-1.3101
2023-12-23 20:00:00,-1.3211
2023-12-23 21:00:00,-1.3273
2023-12-23 22:00:00,-1.3362
2023-12-23 23:00:00,-1.3423
2023-12-24 00:00:00,-1.3535
2023-12-24 01:00:00,-1.3521
2023-12-24 02:00:00,-1.3560
2023-12-24 03:00:00,-1.3595
2023-12-24 04:00:00,-1.3617
2023-12-24 05:00:00,-1.3655
2023-12-24 06:00:00,-1.3694
2023-12-24 07:00:00,-1.3704
2023-12-24 08:00:00,-1.3754
2023-12-24 09:00:00,-1.3771
2023-12-24 10:00:00,-1.3780
2023-12-24 11:00:00,-1.3790
2023-12-24 12:00:00,-1.3763
2023-12-24 13:00:00,-1.3737
2023-12-24 14:00:00,-1.3720
2023-12-24 15:00:00,-1.3256
2023-12-24 16:00:00,-1.0935
2023-12-24 17:00:00,-1.0609
2023-12-24 18:00:00,-1.0758
2023-12-24 19:00:00,-1.1071
2023-12-24 20:00:00,-1.1312
2023-12-24 21:00:00,-1.1392
2023-12-24 22:00:00,-1.1511
2023-12-24 23:00:00,-1.1574
2023-12-25 00:00:00,-1.1656
2023-12-25 01:00:00,-1.1728
2023-12-25 02:00:00,-1.1836
2023-12-25 03:00:00,-1.1935
2023-12-25 04:00:00,-1.2034
2023-12-25 05:00:00,-1.2102
2023-12-25 06:00:00,-1.2199
2023-12-25 07:00:00,-1.2321
2023-12-25 08:00:00,-1.2441
2023-12-25 09:00:00,-1.2646
2023-12-25 10:00:00,-1.2731
2023-12-25 11:00:00,-1.2818
2023-12-25 12:00:00,-1.2854
2023-12-25 13:00:00,-1.2927
2023-12-25 14:00:00,-1.2961
2023-12-25 15:00:00,-1.2998
2023-12-25 16:00:00,-1.3037
2023-12-25 17:00:00,-1.3082
2023-12-25 18:00:00,-1.3133
2023-12-25 19:00:00,-1.3187
2023-12-25 20:00:00,-1.3278
2023-12-25 21:00:00,-1.3312
2023-12-25 22:00:00,-1.2974
2023-12-25 23:00:00,-1.0269
2023-12-26 00:00:00,-0.8631
2023-12-26 01:00:00,-0.8862
2023-12-26 02:00:00,-0.9240
2023-12-26 03:00:00,-0.9754
2023-12-26 04:00:00,-1.0214
2023-12-26 05:00:00,-1.0659
2023-12-26 06:00:00,-1.0975
2023-12-26 07:00:00,-1.1129
2023-12-26 08:00:00,-1.1203
2023-12-26 09:00:00,-1.1320
2023-12-26 10:00:00,-1.1438
2023-12-26 11:00:00,-1.1516
2023-12-26 12:00:00,-1.1614
2023-12-26 13:00:00,-1.1711
2023-12-26 14:00:00,-1.1819
2023-12-26 15:00:00,-1.1923
2023-12-26 16:00:00,-1.2043
2023-12-26 17:00:00,-1.2081
2023-12-26 18:00:00,-1.2168
2023-12-26 19:00:00,-1.2235
2023-12-26 20:00:00,-1.2310
2023-12-26 21:00:00,-1.2412
2023-12-26 22:00:00,-1.2487
2023-12-26 23:00:00,-1.2565
2023-12-27 00:00:00,-1.2634
2023-12-27 01:00:00,-1.2728
2023-12-27 02:00:00,-1.2852
2023-12-27 03:00:00,-1.2961
2023-12-27 04:00:00,-1.3021
2023-12-27 05:00:00,-1.3122
2023-12-27 06:00:00,-1.3271
2023-12-27 07:00:00,-1.3333
2023-12-27 08:00:00,-1.3417
2023-12-27 09:00:00,-1.3468
2023-12-27 10:00:00,-1.3517
2023-12-27 11:00:00,-1.3557
2023-12-27 12:00:00,-1.3581
2023-12-27 13:00:00,-1.3633
2023-12-27 14:00:00,-1.3645
2023-12-27 15:00:00,-1.3666
2023-12-27 16:00:00,-1.3654
2023-12-27 17:00:00,-1.3648
2023-12-27 18:00:00,-1.3663
2023-12-27 19:00:00,-1.3697
2023-12-27 20:00:00,-1.3707
2023-12-27 21:00:00,-1.3721
2023-12-27 22:00:00,-1.3733
2023-12-27 23:00:00,-1.3773
2023-12-28 00:00:00,-1.3840
2023-12-28 01:00:00,-1.3869
2023-12-28 02:00:00,-1.3876
2023-12-28 03:00:00,-1.3864
2023-12-28 04:00:00,-1.3835
2023-12-28 05:00:00,-1.3825
2023-12-28 06:00:00,-1.3808
2023-12-28 07:00:00,-1.3782
2023-12-28 08:00:00,-1.3761
2023-12-28 09:00:00,-1.3763
2023-12-28 10:00:00,-1.3798
2023-12-28 11:00:00,-1.3848
2023-12-28 12:00:00,-1.3880
2023-12-28 13:00:00,-1.3906
2023-12-28 14:00:00,-1.3910
2023-12-28 15:00:00,-1.3940
2023-12-28 16:00:00,-1.3918
2023-12-28 17:00:00,-1.3898
2023-12-28 18:00:00,-1.3935
2023-12-28 19:00:00,-1.3949
2023-12-28 20:00:00,-1.3969
2023-12-28 21:00:00,-1.3976
2023-12-28 22:00:00,-1.3996
2023-12-28 23:00:00,-1.4016
2023-12-29 00:00:00,-1.3958
2023-12-29 01:00:00,-1.3966
2023-12-29 02:00:00,-1.4002
2023-12-29 03:00:00,-1.4037
2023-12-29 04:00:00,-1.4052
2023-12-29 05:00:00,-1.4073
2023-12-29 06:00:00,-1.4075
2023-12-29 07:00:00,-1.4059
2023-12-29 08:00:00,-1.4079
2023-12-29 09:00:00,-1.4119
2023-12-29 10:00:00,-1.4093
2023-12-29 11:00:00,-1.4076
2023-12-29 12:00:00,-1.4056
2023-12-29 13:00:00,-1.4022
2023-12-29 14:00:00,-1.3944
2023-12-29 15:00:00,-1.3913
2023-12-29 16:00:00,-1.3841
2023-12-29 17:00:00,-1.3815
2023-12-29 18:00:00,-1.3807
2023-12-29 19:00:00,-1.3811
2023-12-29 20:00:00,-1.3853
2023-12-29 21:00:00,-1.3868
2023-12-29 22:00:00,-1.3874
2023-12-29 23:00:00,-1.3856
2023-12-30 00:00:00,-1.3840
2023-12-30 01:00:00,-1.3859
2023-12-30 02:00:00,-1.3914
2023-12-30 03:00:00,-1.3936
2023-12-30 04:00:00,-1.3926
2023-12-30 05:00:00,-1.3998
2023-12-30 06:00:00,-1.4064
2023-12-30 07:00:00,-1.4105
2023-12-30 08:00:00,-1.4172
2023-12-30 09:00:00,-1.4166
2023-12-30 10:00:00,-1.4216
2023-12-30 11:00:00,-1.4279
2023-12-30 12:00:00,-1.4309
2023-12-30 13:00:00,-1.4309
2023-12-30 14:00:00,-1.4286
2023-12-30 15:00:00,-1.4299
2023-12-30 16:00:00,-1.4323
2023-12-30 17:00:00,-1.4358
2023-12-30 18:00:00,-1.4328
2023-12-30 19:00:00,-1.4274
2023-12-30 20:00:00,-1.4281
2023-12-30 21:00:00,-1.4273
2023-12-30 22:00:00,-1.4261
2023-12-30 23:00:00,-1.4255
2023-12-31 00:00:00,-1.4254
2023-12-31 01:00:00,-1.4227
2023-12-31 02:00:00,-1.4179
2023-12-31 03:00:00,-1.4177
2023-12-31 04:00:00,-1.4146
2023-12-31 05:00:00,-1.4165
2023-12-31 06:00:00,-1.4159
2023-12-31 07:00:00,-1.4159
2023-12-31 08:00:00,-1.4161
2023-12-31 09:00:00,-1.4191
2023-12-31 10:00:00,-1.4239
2023-12-31 11:00:00,-1.4245
2023-12-31 12:00:00,-1.4218
2023-12-31 13:00:00,-1.4193
2023-12-31 14:00:00,-1.4159
2023-12-31 15:00:00,-1.4154
2023-12-31 16:00:00,-1.4112
2023-12-31 17:00:00,-1.4090
2023-12-31 18:00:00,-1.4091
2023-12-31 19:00:00,-1.4096
2023-12-31 20:00:00,-1.4123
2023-12-31 21:00:00,-1.4130
2023-12-31 22:00:00,-1.4141
2023-12-31 23:00:00,-1.4146
2024-01-01 00:00:00,-1.4138
2024-01-01 01:00:00,-1.4079
2024-01-01 02:00:00,-1.4001
2024-01-01 03:00:00,-1.3775
2024-01-01 04:00:00,-1.1630
2024-01-01 05:00:00,-0.8688
2024-01-01 06:00:00,-0.9026
2024-01-01 07:00:00,-0.9941
2024-01-01 08:00:00,-1.0430
2024-01-01 09:00:00,-1.0820
2024-01-01 10:00:00,-1.1153
2024-01-01 11:00:00,-1.1309
2024-01-01 12:00:00,-1.1345
2024-01-01 13:00:00,-1.1339
2024-01-01 14:00:00,-1.1477
2024-01-01 15:00:00,-1.1673
2024-01-01 16:00:00,-1.1794
2024-01-01 17:00:00,-1.1922
2024-01-01 18:00:00,-1.2031
2024-01-01 19:00:00,-1.2143
2024-01-01 20:00:00,-1.2150
2024-01-01 21:00:00,-1.2175
2024-01-01 22:00:00,-1.2317
2024-01-01 23:00:00,-1.2404
2024-01-02 00:00:00,-1.2485
2024-01-02 01:00:00,-1.2573
2024-01-02 02:00:00,-1.2618
2024-01-02 03:00:00,-1.2652
2024-01-02 04:00:00,-1.2395
2024-01-02 05:00:00,-1.1076
2024-01-02 06:00:00,-1.0294
2024-01-02 07:00:00,-1.0124
2024-01-02 08:00:00,-1.0391
2024-01-02 09:00:00,-1.0772
2024-01-02 10:00:00,-1.1217
2024-01-02 11:00:00,-1.1470
2024-01-02 12:00:00,-1.1513
2024-01-02 13:00:00,-1.1602
2024-01-02 14:00:00,-1.1688
2024-01-02 15:00:00,-1.1742
2024-01-02 16:00:00,-1.1222
2024-01-02 17:00:00,-0.9565
2024-01-02 18:00:00,-0.8754
2024-01-02 19:00:00,-0.9075
2024-01-02 20:00:00,-0.9640
2024-01-02 21:00:00,-1.0154
2024-01-02 22:00:00,-1.0523
2024-01-02 23:00:00,-1.0885
2024-01-03 00:00:00,-1.1054
2024-01-03 01:00:00,-1.1159
2024-01-03 02:00:00,-1.1206
2024-01-03 03:00:00,-1.1227
2024-01-03 04:00:00,-1.1289
2024-01-03 05:00:00,-1.1403
2024-01-03 06:00:00,-1.1496
2024-01-03 07:00:00,-1.1517
2024-01-03 08:00:00,-1.1605
2024-01-03 09:00:00,-1.1678
2024-01-03 10:00:00,-1.1741
2024-01-03 11:00:00,-1.1794
2024-01-03 12:00:00,-1.1838
2024-01-03 13:00:00,-1.1872
2024-01-03 14:00:00,-1.1917
2024-01-03 15:00:00,-1.1973
2024-01-03 16:00:00,-1.2005
2024-01-03 17:00:00,-1.2053
2024-01-03 18:00:00,-1.2137
2024-01-03 19:00:00,-1.2080
2024-01-03 20:00:00,-1.2014
2024-01-03 21:00:00,-1.1639
2024-01-03 22:00:00,-1.1186
2024-01-03 23:00:00,-1.0824
2024-01-04 00:00:00,-1.0796
2024-01-04 01:00:00,-1.0795
2024-01-04 02:00:00,-1.0951
2024-01-04 03:00:00,-1.1059
2024-01-04 04:00:00,-1.1150
2024-01-04 05:00:00,-1.1272
2024-01-04 06:00:00,-1.1341
2024-01-04 07:00:00,-1.1424
2024-01-04 08:00:00,-1.1511
2024-01-04 09:00:00,-1.1586
2024-01-04 10:00:00,-1.1688
2024-01-04 11:00:00,-1.1825
2024-01-04 12:00:00,-1.1974
2024-01-04 13:00:00,-1.2154
2024-01-04 14:00:00,-1.2278
2024-01-04 15:00:00,-1.2370
2024-01-04 16:00:00,-1.2441
2024-01-04 17:00:00,-1.2537
2024-01-04 18:00:00,-1.2601
2024-01-04 19:00:00,-1.2685
2024-01-04 20:00:00,-1.2712
2024-01-04 21:00:00,-1.2722
2024-01-04 22:00:00,-1.2768
2024-01-04 23:00:00,-1.2804
2024-01-05 00:00:00,-1.2784
2024-01-05 01:00:00,-1.2757
2024-01-05 02:00:00,-1.2513
2024-01-05 03:00:00,-1.2331
2024-01-05 04:00:00,-1.2147
2024-01-05 05:00:00,-1.1944
2024-01-05 06:00:00,-1.1824
2024-01-05 07:00:00,-1.1791
2024-01-05 08:00:00,-1.1767
2024-01-05 09:00:00,-1.1806
2024-01-05 10:00:00,-1.1802
2024-01-05 11:00:00,-1.1753
2024-01-05 12:00:00,-1.1765
2024-01-05 13:00:00,-1.1760
2024-01-05 14:00:00,-1.1752
2024-01-05 15:00:00,-1.1791
2024-01-05 16:00:00,-1.1812
2024-01-05 17:00:00,-1.1876
2024-01-05 18:00:00,-1.1930
2024-01-05 19:00:00,-1.1945
2024-01-05 20:00:00,-1.2017
2024-01-05 21:00:00,-1.2128
2024-01-05 22:00:00,-1.2198
2024-01-05 23:00:00,-1.2278
2024-01-06 00:00:00,-1.2383
2024-01-06 01:00:00,-1.2484
2024-01-06 02:00:00,-1.2522
2024-01-06 03:00:00,-1.2563
2024-01-06 04:00:00,-1.2612
2024-01-06 05:00:00,-1.2731
2024-01-06 06:00:00,-1.2853
2024-01-06 07:00:00,-1.2883
2024-01-06 08:00:00,-1.2910
2024-01-06 09:00:00,-1.2955
2024-01-06 10:00:00,-1.3016
2024-01-06 11:00:00,-1.3067
2024-01-06 12:00:00,-1.3102
2024-01-06 13:00:00,-1.3118
2024-01-06 14:00:00,-1.3182
2024-01-06 15:00:00,-1.3272
2024-01-06 16:00:00,-1.3366
2024-01-06 17:00:00,-1.3464
2024-01-06 18:00:00,-1.3485
2024-01-06 19:00:00,-1.3528
2024-01-06 20:00:00,-1.3602
2024-01-06 21:00:00,-1.3659
2024-01-06 22:00:00,-1.3691
2024-01-06 23:00:00,-1.3729
2024-01-07 00:00:00,-1.3753
2024-01-07 01:00:00,-1.3822
2024-01-07 02:00:00,-1.3873
2024-01-07 03:00:00,-1.3898
2024-01-07 04:00:00,-1.3937
2024-01-07 05:00:00,-1.3971
2024-01-07 06:00:00,-1.3997
2024-01-07 07:00:00,-1.4008
2024-01-07 08:00:00,-1.4048
2024-01-07 09:00:00,-1.4083
2024-01-07 10:00:00,-1.4128
2024-01-07 11:00:00,-1.4124
2024-01-07 12:00:00,-1.4129
2024-01-07 13:00:00,-1.4154
2024-01-07 14:00:00,-1.4156
2024-01-07 15:00:00,-1.4206
2024-01-07 16:00:00,-1.4249
2024-01-07 17:00:00,-1.4298
2024-01-07 18:00:00,-1.4336
2024-01-07 19:00:00,-1.4361
2024-01-07 20:00:00,-1.4386
2024-01-07 21:00:00,-1.4403
2024-01-07 22:00:00,-1.4412
2024-01-07 23:00:00,-1.4431
2024-01-08 00:00:00,-1.4437
2024-01-08 01:00:00,-1.4459
2024-01-08 02:00:00,-1.4478
2024-01-08 03:00:00,-1.4485
2024-01-08 04:00:00,-1.4509
2024-01-08 05:00:00,-1.4536
2024-01-08 06:00:00,-1.4564
2024-01-08 07:00:00,-1.4564
2024-01-08 08:00:00,-1.4582
2024-01-08 09:00:00,-1.4581
2024-01-08 10:00:00,-1.4590
2024-01-08 11:00:00,-1.4604
2024-01-08 12:00:00,-1.4597
2024-01-08 13:00:00,-1.4599
2024-01-08 14:00:00,-1.4615
2024-01-08 15:00:00,-1.4614
2024-01-08 16:00:00,-1.4651
2024-01-08 17:00:00,-1.4633
2024-01-08 18:00:00,-1.4677
2024-01-08 19:00:00,-1.4688
2024-01-08 20:00:00,-1.4703
2024-01-08 21:00:00,-1.4692
2024-01-08 22:00:00,-1.4687
2024-01-08 23:00:00,-1.4701
2024-01-09 00:00:00,-1.4703
2024-01-09 01:00:00,-1.4713
2024-01-09 02:00:00,-1.4701
2024-01-09 03:00:00,-1.4706
2024-01-09 04:00:00,-1.4726
2024-01-09 05:00:00,-1.4738
2024-01-09 06:00:00,-1.4761
2024-01-09 07:00:00,-1.4763
2024-01-09 08:00:00,-1.4775
2024-01-09 09:00:00,-1.4794
2024-01-09 10:00:00,-1.4835
2024-01-09 11:00:00,-1.4863
2024-01-09 12:00:00,-1.4868
2024-01-09 13:00:00,-1.4846
2024-01-09 14:00:00,-1.4854
2024-01-09 15:00:00,-1.4877
2024-01-09 16:00:00,-1.4895
2024-01-09 17:00:00,-1.4901
2024-01-09 18:00:00,-1.4913
2024-01-09 19:00:00,-1.4929
2024-01-09 20:00:00,-1.4942
2024-01-09 21:00:00,-1.4935
2024-01-09 22:00:00,-1.4914
2024-01-09 23:00:00,-1.4903
2024-01-10 00:00:00,-1.4900
2024-01-10 01:00:00,-1.4902
2024-01-10 02:00:00,-1.4915
2024-01-10 03:00:00,-1.4922
2024-01-10 04:00:00,-1.4926
2024-01-10 05:00:00,-1.4930
2024-01-10 06:00:00,-1.4933
2024-01-10 07:00:00,-1.4932
2024-01-10 08:00:00,-1.4935
2024-01-10 09:00:00,-1.4946
2024-01-10 10:00:00,-1.4947
2024-01-10 11:00:00,-1.4957
2024-01-10 12:00:00,-1.4961
2024-01-10 13:00:00,-1.4955
2024-01-10 14:00:00,-1.4932
2024-01-10 15:00:00,-1.4932
2024-01-10 16:00:00,-1.4952
2024-01-10 17:00:00,-1.4982
2024-01-10 18:00:00,-1.4995
2024-01-10 19:00:00,-1.5029
2024-01-10 20:00:00,-1.5043
2024-01-10 21:00:00,-1.5053
2024-01-10 22:00:00,-1.5063
2024-01-10 23:00:00,-1.5057
2024-01-11 00:00:00,-1.5060
2024-01-11 01:00:00,-1.5062
2024-01-11 02:00:00,-1.5059
2024-01-11 03:00:00,-1.5063
2024-01-11 04:00:00,-1.5077
2024-01-11 05:00:00,-1.5093
2024-01-11 06:00:00,-1.5099
2024-01-11 07:00:00,-1.5126
2024-01-11 08:00:00,-1.5151
2024-01-11 09:00:00,-1.5159
2024-01-11 10:00:00,-1.5182
2024-01-11 11:00:00,-1.5210
2024-01-11 12:00:00,-1.5228
2024-01-11 13:00:00,-1.5224
2024-01-11 14:00:00,-1.5226
2024-01-11 15:00:00,-1.5237
2024-01-11 16:00:00,-1.5236
2024-01-11 17:00:00,-1.5241
2024-01-11 18:00:00,-1.5236
2024-01-11 19:00:00,-1.5235
2024-01-11 20:00:00,-1.5230
2024-01-11 21:00:00,-1.5235
2024-01-11 22:00:00,-1.5247
2024-01-11 23:00:00,-1.5249
2024-01-12 00:00:00,-1.5238
2024-01-12 01:00:00,-1.5240
2024-01-12 02:00:00,-1.5242
2024-01-12 03:00:00,-1.5242
2024-01-12 04:00:00,-1.5232
2024-01-12 05:00:00,-1.5223
2024-01-12 06:00:00,-1.5230
2024-01-12 07:00:00,-1.5242
2024-01-12 08:00:00,-1.5242
2024-01-12 09:00:00,-1.5251
2024-01-12 10:00:00,-1.5256
2024-01-12 11:00:00,-1.5265
2024-01-12 12:00:00,-1.5273
2024-01-12 13:00:00,-1.5273
2024-01-12 14:00:00,-1.5272
2024-01-12 15:00:00,-1.5264
2024-01-12 16:00:00,-1.5256
2024-01-12 17:00:00,-1.5249
2024-01-12 18:00:00,-1.5254
2024-01-12 19:00:00,-1.5258
2024-01-12 20:00:00,-1.5262
2024-01-12 21:00:00,-1.5263
2024-01-12 22:00:00,-1.5260
2024-01-12 23:00:00,-1.5242
2024-01-13 00:00:00,-1.5218
2024-01-13 01:00:00,-1.5204
2024-01-13 02:00:00,-1.5189
2024-01-13 03:00:00,-1.5161
2024-01-13 04:00:00,-1.5121
2024-01-13 05:00:00,-1.5085
2024-01-13 06:00:00,-1.5043
2024-01-13 07:00:00,-1.5002
2024-01-13 08:00:00,-1.4961
2024-01-13 09:00:00,-1.4932
2024-01-13 10:00:00,-1.4906
2024-01-13 11:00:00,-1.4889
2024-01-13 12:00:00,-1.4861
2024-01-13 13:00:00,-1.4829
2024-01-13 14:00:00,-1.4789
2024-01-13 15:00:00,-1.4765
2024-01-13 16:00:00,-1.4756
2024-01-13 17:00:00,-1.4724
2024-01-13 18:00:00,-1.4698
2024-01-13 19:00:00,-1.4671
2024-01-13 20:00:00,-1.4639
2024-01-13 21:00:00,-1.4620
2024-01-13 22:00:00,-1.4579
2024-01-13 23:00:00,-1.4538
2024-01-14 00:00:00,-1.4507
2024-01-14 01:00:00,-1.4475
2024-01-14 02:00:00,-1.4447
2024-01-14 03:00:00,-1.4446
2024-01-14 04:00:00,-1.4444
2024-01-14 05:00:00,-1.4418
2024-01-14 06:00:00,-1.4345
2024-01-14 07:00:00,-1.4320
2024-01-14 08:00:00,-1.4325
2024-01-14 09:00:00,-1.4318
2024-01-14 10:00:00,-1.4267
2024-01-14 11:00:00,-1.4250
2024-01-14 12:00:00,-1.4212
2024-01-14 13:00:00,-1.4168
2024-01-14 14:00:00,-1.4144
2024-01-14 15:00:00,-1.4121
2024-01-14 16:00:00,-1.4045
2024-01-14 17:00:00,-1.3996
2024-01-14 18:00:00,-1.3964
2024-01-14 19:00:00,-1.4026
2024-01-14 20:00:00,-1.4015
2024-01-14 21:00:00,-1.3944
2024-01-14 22:00:00,-1.3845
2024-01-14 23:00:00,-1.3831
2024-01-15 00:00:00,-1.3782
2024-01-15 01:00:00,-1.3698
2024-01-15 02:00:00,-1.3679
2024-01-15 03:00:00,-1.3613
2024-01-15 04:00:00,-1.3584
2024-01-15 05:00:00,-1.3564
2024-01-15 06:00:00,-1.3606
2024-01-15 07:00:00,-1.3611
2024-01-15 08:00:00,-1.3627
2024-01-15 09:00:00,-1.3643
2024-01-15 10:00:00,-1.3685
2024-01-15 11:00:00,-1.3699
2024-01-15 12:00:00,-1.3694
2024-01-15 13:00:00,-1.3717
2024-01-15 14:00:00,-1.3711
2024-01-15 15:00:00,-1.3714
2024-01-15 16:00:00,-1.3729
2024-01-15 17:00:00,-1.3728
2024-01-15 18:00:00,-1.3729
2024-01-15 19:00:00,-1.3750
2024-01-15 20:00:00,-1.3766
2024-01-15 21:00:00,-1.3814
2024-01-15 22:00:00,-1.3888
2024-01-15 23:00:00,-1.3995
2024-01-16 00:00:00,-1.4077
2024-01-16 01:00:00,-1.4136
2024-01-16 02:00:00,-1.4203
2024-01-16 03:00:00,-1.4249
2024-01-16 04:00:00,-1.4290
2024-01-16 05:00:00,-1.4263
2024-01-16 06:00:00,-1.4255
2024-01-16 07:00:00,-1.4270
2024-01-16 08:00:00,-1.4310
2024-01-16 09:00:00,-1.4348
2024-01-16 10:00:00,-1.4376
2024-01-16 11:00:00,-1.4394
2024-01-16 12:00:00,-1.4395
2024-01-16 13:00:00,-1.4389
2024-01-16 14:00:00,-1.4390
2024-01-16 15:00:00,-1.4407
2024-01-16 16:00:00,-1.4401
2024-01-16 17:00:00,-1.4407
2024-01-16 18:00:00,-1.4409
2024-01-16 19:00:00,-1.4393
2024-01-16 20:00:00,-1.4380
2024-01-16 21:00:00,-1.4375
2024-01-16 22:00:00,-1.4388
2024-01-16 23:00:00,-1.4363
2024-01-17 00:00:00,-1.4409
2024-01-17 01:00:00,-1.4408
2024-01-17 02:00:00,-1.4400
2024-01-17 03:00:00,-1.4427
2024-01-17 04:00:00,-1.4426
2024-01-17 05:00:00,-1.4419
2024-01-17 06:00:00,-1.4375
2024-01-17 07:00:00,-1.4356
2024-01-17 08:00:00,-1.4318
2024-01-17 09:00:00,-1.4307
2024-01-17 10:00:00,-1.4303
2024-01-17 11:00:00,-1.4303
2024-01-17 12:00:00,-1.4261
2024-01-17 13:00:00,-1.4263
2024-01-17 14:00:00,-1.4244
2024-01-17 15:00:00,-1.4276
2024-01-17 16:00:00,-1.4286
2024-01-17 17:00:00,-1.4291
2024-01-17 18:00:00,-1.4306
2024-01-17 19:00:00,-1.4334
2024-01-17 20:00:00,-1.4360
2024-01-17 21:00:00,-1.4390
2024-01-17 22:00:00,-1.4404
2024-01-17 23:00:00,-1.4358
2024-01-18 00:00:00,-1.4376
2024-01-18 01:00:00,-1.4382
2024-01-18 02:00:00,-1.4365
2024-01-18 03:00:00,-1.4367
2024-01-18 04:00:00,-1.4370
2024-01-18 05:00:00,-1.4364
2024-01-18 06:00:00,-1.4364
2024-01-18 07:00:00,-1.4400
2024-01-18 08:00:00,-1.4428
2024-01-18 09:00:00,-1.4461
2024-01-18 10:00:00,-1.4480
2024-01-18 11:00:00,-1.4508
2024-01-18 12:00:00,-1.4524
2024-01-18 13:00:00,-1.4524
2024-01-18 14:00:00,-1.4534
2024-01-18 15:00:00,-1.4520
2024-01-18 16:00:00,-1.4516
2024-01-18 17:00:00,-1.4516
2024-01-18 18:00:00,-1.4507
2024-01-18 19:00:00,-1.4503
2024-01-18 20:00:00,-1.4505
2024-01-18 21:00:00,-1.4523
2024-01-18 22:00:00,-1.4546
2024-01-18 23:00:00,-1.4554
2024-01-19 00:00:00,-1.4564
2024-01-19 01:00:00,-1.4581
2024-01-19 02:00:00,-1.4594
2024-01-19 03:00:00,-1.4597
2024-01-19 04:00:00,-1.4582
2024-01-19 05:00:00,-1.4577
2024-01-19 06:00:00,-1.4587
2024-01-19 07:00:00,-1.4594
2024-01-19 08:00:00,-1.4616
2024-01-19 09:00:00,-1.4643
2024-01-19 10:00:00,-1.4647
2024-01-19 11:00:00,-1.4654
2024-01-19 12:00:00,-1.4653
2024-01-19 13:00:00,-1.4651
2024-01-19 14:00:00,-1.4645
2024-01-19 15:00:00,-1.4658
2024-01-19 16:00:00,-1.4660
2024-01-19 17:00:00,-1.4669
2024-01-19 18:00:00,-1.4681
2024-01-19 19:00:00,-1.4688
2024-01-19 20:00:00,-1.4714
2024-01-19 21:00:00,-1.4727
2024-01-19 22:00:00,-1.4735
2024-01-19 23:00:00,-1.4740
2024-01-20 00:00:00,-1.4739
2024-01-20 01:00:00,-1.4708
2024-01-20 02:00:00,-1.4697
2024-01-20 03:00:00,-1.4687
2024-01-20 04:00:00,-1.4693
2024-01-20 05:00:00,-1.4706
2024-01-20 06:00:00,-1.4718
2024-01-20 07:00:00,-1.4721
2024-01-20 08:00:00,-1.4746
2024-01-20 09:00:00,-1.4757
2024-01-20 10:00:00,-1.4768
2024-01-20 11:00:00,-1.4782
2024-01-20 12:00:00,-1.4753
2024-01-20 13:00:00,-1.4722
2024-01-20 14:00:00,-1.4694
2024-01-20 15:00:00,-1.4678
2024-01-20 16:00:00,-1.4678
2024-01-20 17:00:00,-1.4690
2024-01-20 18:00:00,-1.4696
2024-01-20 19:00:00,-1.4715
2024-01-20 20:00:00,-1.4719
2024-01-20 21:00:00,-1.4713
2024-01-20 22:00:00,-1.4704
2024-01-20 23:00:00,-1.4696
2024-01-21 00:00:00,-1.4701
2024-01-21 01:00:00,-1.4691
2024-01-21 02:00:00,-1.4655
2024-01-21 03:00:00,-1.4634
2024-01-21 04:00:00,-1.4628
2024-01-21 05:00:00,-1.4610
2024-01-21 06:00:00,-1.4595
2024-01-21 07:00:00,-1.4568
2024-01-21 08:00:00,-1.4541
2024-01-21 09:00:00,-1.4543
2024-01-21 10:00:00,-1.4548
2024-01-21 11:00:00,-1.4565
2024-01-21 12:00:00,-1.4564
2024-01-21 13:00:00,-1.4569
2024-01-21 14:00:00,-1.4559
2024-01-21 15:00:00,-1.4556
2024-01-21 16:00:00,-1.4551
2024-01-21 17:00:00,-1.4521
2024-01-21 18:00:00,-1.4516
2024-01-21 19:00:00,-1.4503
2024-01-21 20:00:00,-1.4478
2024-01-21 21:00:00,-1.4462
2024-01-21 22:00:00,-1.4434
2024-01-21 23:00:00,-1.4392
2024-01-22 00:00:00,-1.4325
2024-01-22 01:00:00,-1.4341
2024-01-22 02:00:00,-1.4308
2024-01-22 03:00:00,-1.4249
2024-01-22 04:00:00,-1.4195
2024-01-22 05:00:00,-1.4213
2024-01-22 06:00:00,-1.4167
2024-01-22 07:00:00,-1.4161
2024-01-22 08:00:00,-1.4162
2024-01-22 09:00:00,-1.4191
2024-01-22 10:00:00,-1.4216
2024-01-22 11:00:00,-1.4231
2024-01-22 12:00:00,-1.4231
2024-01-22 13:00:00,-1.4242
2024-01-22 14:00:00,-1.4253
2024-01-22 15:00:00,-1.4267
2024-01-22 16:00:00,-1.4281
2024-01-22 17:00:00,-1.4292
2024-01-22 18:00:00,-1.4296
2024-01-22 19:00:00,-1.4307
2024-01-22 20:00:00,-1.4330
2024-01-22 21:00:00,-1.4351
2024-01-22 22:00:00,-1.4387
2024-01-22 23:00:00,-1.4427
2024-01-23 00:00:00,-1.4443
2024-01-23 01:00:00,-1.4468
2024-01-23 02:00:00,-1.4472
2024-01-23 03:00:00,-1.4502
2024-01-23 04:00:00,-1.4524
2024-01-23 05:00:00,-1.4545
2024-01-23 06:00:00,-1.4558
2024-01-23 07:00:00,-1.4573
2024-01-23 08:00:00,-1.4561
2024-01-23 09:00:00,-1.4561
2024-01-23 10:00:00,-1.4583
2024-01-23 11:00:00,-1.4599
2024-01-23 12:00:00,-1.4559
2024-01-23 13:00:00,-1.4533
2024-01-23 14:00:00,-1.4518
2024-01-23 15:00:00,-1.4488
2024-01-23 16:00:00,-1.4461
2024-01-23 17:00:00,-1.4436
2024-01-23 18:00:00,-1.4407
2024-01-23 19:00:00,-1.4384
2024-01-23 20:00:00,-1.4345
2024-01-23 21:00:00,-1.4309
2024-01-23 22:00:00,-1.4280
2024-01-23 23:00:00,-1.4219
2024-01-24 00:00:00,-1.4218
2024-01-24 01:00:00,-1.4184
2024-01-24 02:00:00,-1.4172
2024-01-24 03:00:00,-1.4164
2024-01-24 04:00:00,-1.4111
2024-01-24 05:00:00,-1.4069
2024-01-24 06:00:00,-1.4064
2024-01-24 07:00:00,-1.4039
2024-01-24 08:00:00,-1.4007
2024-01-24 09:00:00,-1.3975
2024-01-24 10:00:00,-1.3960
2024-01-24 11:00:00,-1.3976
2024-01-24 12:00:00,-1.4020
2024-01-24 13:00:00,-1.4035
2024-01-24 14:00:00,-1.4027
2024-01-24 15:00:00,-1.4028
2024-01-24 16:00:00,-1.4014
2024-01-24 17:00:00,-1.4038
2024-01-24 18:00:00,-1.4058
2024-01-24 19:00:00,-1.4072
2024-01-24 20:00:00,-1.4093
2024-01-24 21:00:00,-1.4129
2024-01-24 22:00:00,-1.4162
2024-01-24 23:00:00,-1.4183
2024-01-25 00:00:00,-1.4219
2024-01-25 01:00:00,-1.4227
2024-01-25 02:00:00,-1.4242
2024-01-25 03:00:00,-1.4257
2024-01-25 04:00:00,-1.4277
2024-01-25 05:00:00,-1.4297
2024-01-25 06:00:00,-1.4312
2024-01-25 07:00:00,-1.4296
2024-01-25 08:00:00,-1.4243
2024-01-25 09:00:00,-1.4265
2024-01-25 10:00:00,-1.4276
2024-01-25 11:00:00,-1.4299
2024-01-25 12:00:00,-1.4288
2024-01-25 13:00:00,-1.4263
2024-01-25 14:00:00,-1.4244
2024-01-25 15:00:00,-1.4228
2024-01-25 16:00:00,-1.4233
2024-01-25 17:00:00,-1.4233
2024-01-25 18:00:00,-1.4249
2024-01-25 19:00:00,-1.4270
2024-01-25 20:00:00,-1.4276
2024-01-25 21:00:00,-1.4288
2024-01-25 22:00:00,-1.4274
2024-01-25 23:00:00,-1.4269
2024-01-26 00:00:00,-1.4258
2024-01-26 01:00:00,-1.4326
2024-01-26 02:00:00,-1.4327
2024-01-26 03:00:00,-1.4316
2024-01-26 04:00:00,-1.4272
2024-01-26 05:00:00,-1.4244
2024-01-26 06:00:00,-1.4236
2024-01-26 07:00:00,-1.4253
2024-01-26 08:00:00,-1.4288
2024-01-26 09:00:00,-1.4331
2024-01-26 10:00:00,-1.4341
2024-01-26 11:00:00,-1.4305
2024-01-26 12:00:00,-1.4209
2024-01-26 13:00:00,-1.4095
2024-01-26 14:00:00,-1.3970
2024-01-26 15:00:00,-1.3851
2024-01-26 16:00:00,-1.3753
2024-01-26 17:00:00,-1.3686
2024-01-26 18:00:00,-1.3642
2024-01-26 19:00:00,-1.3649
2024-01-26 20:00:00,-1.3602
2024-01-26 21:00:00,-1.3610
2024-01-26 22:00:00,-1.3667
2024-01-26 23:00:00,-1.3721
2024-01-27 00:00:00,-1.3765
2024-01-27 01:00:00,-1.3840
2024-01-27 02:00:00,-1.3886
2024-01-27 03:00:00,-1.3937
2024-01-27 04:00:00,-1.3984
2024-01-27 05:00:00,-1.4027
2024-01-27 06:00:00,-1.4057
2024-01-27 07:00:00,-1.4082
2024-01-27 08:00:00,-1.4095
2024-01-27 09:00:00,-1.4094
2024-01-27 10:00:00,-1.4109
2024-01-27 11:00:00,-1.4126
2024-01-27 12:00:00,-1.4122
2024-01-27 13:00:00,-1.4112
2024-01-27 14:00:00,-1.4090
2024-01-27 15:00:00,-1.4075
2024-01-27 16:00:00,-1.4072
2024-01-27 17:00:00,-1.4048
2024-01-27 18:00:00,-1.4031
2024-01-27 19:00:00,-1.4012
2024-01-27 20:00:00,-1.4007
2024-01-27 21:00:00,-1.3997
2024-01-27 22:00:00,-1.4007
2024-01-27 23:00:00,-1.4041
2024-01-28 00:00:00,-1.4075
2024-01-28 01:00:00,-1.4097
2024-01-28 02:00:00,-1.4104
2024-01-28 03:00:00,-1.4111
2024-01-28 04:00:00,-1.4125
2024-01-28 05:00:00,-1.4126
2024-01-28 06:00:00,-1.4129
2024-01-28 07:00:00,-1.4125
2024-01-28 08:00:00,-1.4127
2024-01-28 09:00:00,-1.4107
2024-01-28 10:00:00,-1.4095
2024-01-28 11:00:00,-1.4093
2024-01-28 12:00:00,-1.4070
2024-01-28 13:00:00,-1.4051
2024-01-28 14:00:00,-1.4025
2024-01-28 15:00:00,-1.3981
2024-01-28 16:00:00,-1.3976
2024-01-28 17:00:00,-1.3980
2024-01-28 18:00:00,-1.4003
2024-01-28 19:00:00,-1.4004
2024-01-28 20:00:00,-1.4012
2024-01-28 21:00:00,-1.4007
2024-01-28 22:00:00,-1.4025
2024-01-28 23:00:00,-1.4053
2024-01-29 00:00:00,-1.4092
2024-01-29 01:00:00,-1.4134
2024-01-29 02:00:00,-1.4174
2024-01-29 03:00:00,-1.4203
2024-01-29 04:00:00,-1.4233
2024-01-29 05:00:00,-1.4253
2024-01-29 06:00:00,-1.4274
2024-01-29 07:00:00,-1.4287
2024-01-29 08:00:00,-1.4292
2024-01-29 09:00:00,-1.4322
2024-01-29 10:00:00,-1.4339
2024-01-29 11:00:00,-1.4368
2024-01-29 12:00:00,-1.4389
2024-01-29 13:00:00,-1.4403
2024-01-29 14:00:00,-1.4429
2024-01-29 15:00:00,-1.4441
2024-01-29 16:00:00,-1.4454
2024-01-29 17:00:00,-1.4462
2024-01-29 18:00:00,-1.4474
2024-01-29 19:00:00,-1.4479
2024-01-29 20:00:00,-1.4485
2024-01-29 21:00:00,-1.4496
2024-01-29 22:00:00,-1.4504
2024-01-29 23:00:00,-1.4514
2024-01-30 00:00:00,-1.4519
2024-01-30 01:00:00,-1.4538
2024-01-30 02:00:00,-1.4548
2024-01-30 03:00:00,-1.4547
2024-01-30 04:00:00,-1.4541
2024-01-30 05:00:00,-1.4533
2024-01-30 06:00:00,-1.4523
2024-01-30 07:00:00,-1.4526
2024-01-30 08:00:00,-1.4537
2024-01-30 09:00:00,-1.4549
2024-01-30 10:00:00,-1.4549
2024-01-30 11:00:00,-1.4554
2024-01-30 12:00:00,-1.4541
2024-01-30 13:00:00,-1.4536
2024-01-30 14:00:00,-1.4543
2024-01-30 15:00:00,-1.4549
2024-01-30 16:00:00,-1.4551
2024-01-30 17:00:00,-1.4554
2024-01-30 18:00:00,-1.4551
2024-01-30 19:00:00,-1.4546
2024-01-30 20:00:00,-1.4548
2024-01-30 21:00:00,-1.4547
2024-01-30 22:00:00,-1.4535
2024-01-30 23:00:00,-1.4534
2024-01-31 00:00:00,-1.4532
2024-01-31 01:00:00,-1.4541
2024-01-31 02:00:00,-1.4523
2024-01-31 03:00:00,-1.4519
2024-01-31 04:00:00,-1.4514
2024-01-31 05:00:00,-1.4500
2024-01-31 06:00:00,-1.4509
2024-01-31 07:00:00,-1.4514
2024-01-31 08:00:00,-1.4476
2024-01-31 09:00:00,-1.4453
2024-01-31 10:00:00,-1.4453
2024-01-31 11:00:00,-1.4459
2024-01-31 12:00:00,-1.4403
2024-01-31 13:00:00,-1.4398
2024-01-31 14:00:00,-1.4385
2024-01-31 15:00:00,-1.4378
2024-01-31 16:00:00,-1.4362
2024-01-31 17:00:00,-1.4357
2024-01-31 18:00:00,-1.4360
2024-01-31 19:00:00,-1.4373
2024-01-31 20:00:00,-1.4369
2024-01-31 21:00:00,-1.4348
2024-01-31 22:00:00,-1.4329
2024-01-31 23:00:00,-1.4343
2024-02-01 00:00:00,-1.4339
2024-02-01 01:00:00,-1.4301
2024-02-01 02:00:00,-1.4296
2024-02-01 03:00:00,-1.4322
2024-02-01 04:00:00,-1.4341
2024-02-01 05:00:00,-1.4354
2024-02-01 06:00:00,-1.4357
2024-02-01 07:00:00,-1.4380
2024-02-01 08:00:00,-1.4396
2024-02-01 09:00:00,-1.4378
2024-02-01 10:00:00,-1.4379
2024-02-01 11:00:00,-1.4395
2024-02-01 12:00:00,-1.4383
2024-02-01 13:00:00,-1.4389
2024-02-01 14:00:00,-1.4372
2024-02-01 15:00:00,-1.4345
2024-02-01 16:00:00,-1.4368
2024-02-01 17:00:00,-1.4370
2024-02-01 18:00:00,-1.4377
2024-02-01 19:00:00,-1.4367
2024-02-01 20:00:00,-1.4394
2024-02-01 21:00:00,-1.4414
2024-02-01 22:00:00,-1.4436
2024-02-01 23:00:00,-1.4443
2024-02-02 00:00:00,-1.4416
2024-02-02 01:00:00,-1.4405
2024-02-02 02:00:00,-1.4381
2024-02-02 03:00:00,-1.4338
2024-02-02 04:00:00,-1.4274
2024-02-02 05:00:00,-1.4282
2024-02-02 06:00:00,-1.4277
2024-02-02 07:00:00,-1.4249
2024-02-02 08:00:00,-1.4206
2024-02-02 09:00:00,-1.4195
2024-02-02 10:00:00,-1.4209
2024-02-02 11:00:00,-1.4208
2024-02-02 12:00:00,-1.4188
2024-02-02 13:00:00,-1.4188
2024-02-02 14:00:00,-1.4208
2024-02-02 15:00:00,-1.4242
2024-02-02 16:00:00,-1.4263
2024-02-02 17:00:00,-1.4296
2024-02-02 18:00:00,-1.4329
2024-02-02 19:00:00,-1.4360
2024-02-02 20:00:00,-1.4379
2024-02-02 21:00:00,-1.4398
2024-02-02 22:00:00,-1.4429
2024-02-02 23:00:00,-1.4426
2024-02-03 00:00:00,-1.4435
2024-02-03 01:00:00,-1.4458
2024-02-03 02:00:00,-1.4475
2024-02-03 03:00:00,-1.4503
2024-02-03 04:00:00,-1.4503
2024-02-03 05:00:00,-1.4407
2024-02-03 06:00:00,-1.4400
2024-02-03 07:00:00,-1.4392
2024-02-03 08:00:00,-1.4426
2024-02-03 09:00:00,-1.4432
2024-02-03 10:00:00,-1.4431
2024-02-03 11:00:00,-1.4444
2024-02-03 12:00:00,-1.4431
2024-02-03 13:00:00,-1.4483
2024-02-03 14:00:00,-1.4485
2024-02-03 15:00:00,-1.4488
2024-02-03 16:00:00,-1.4490
2024-02-03 17:00:00,-1.4451
2024-02-03 18:00:00,-1.4485
2024-02-03 19:00:00,-1.4498
2024-02-03 20:00:00,-1.4513
2024-02-03 21:00:00,-1.4512
2024-02-03 22:00:00,-1.4486
2024-02-03 23:00:00,-1.4491
2024-02-04 00:00:00,-1.4482
2024-02-04 01:00:00,-1.4468
2024-02-04 02:00:00,-1.4449
2024-02-04 03:00:00,-1.4450
2024-02-04 04:00:00,-1.4451
2024-02-04 05:00:00,-1.4455
2024-02-04 06:00:00,-1.4459
2024-02-04 07:00:00,-1.4463
2024-02-04 08:00:00,-1.4460
2024-02-04 09:00:00,-1.4442
2024-02-04 10:00:00,-1.4457
2024-02-04 11:00:00,-1.4455
2024-02-04 12:00:00,-1.4446
2024-02-04 13:00:00,-1.4434
2024-02-04 14:00:00,-1.4400
2024-02-04 15:00:00,-1.4388
2024-02-04 16:00:00,-1.4355
2024-02-04 17:00:00,-1.4377
2024-02-04 18:00:00,-1.4351
2024-02-04 19:00:00,-1.4307
2024-02-04 20:00:00,-1.4297
2024-02-04 21:00:00,-1.4357
2024-02-04 22:00:00,-1.4377
2024-02-04 23:00:00,-1.4387
2024-02-05 00:00:00,-1.4390
2024-02-05 01:00:00,-1.4408
2024-02-05 02:00:00,-1.4357
2024-02-05 03:00:00,-1.4341
2024-02-05 04:00:00,-1.4359
2024-02-05 05:00:00,-1.4373
2024-02-05 06:00:00,-1.4386
2024-02-05 07:00:00,-1.4416
2024-02-05 08:00:00,-1.4345
2024-02-05 09:00:00,-1.4344
2024-02-05 10:00:00,-1.4362
2024-02-05 11:00:00,-1.4365
2024-02-05 12:00:00,-1.4329
2024-02-05 13:00:00,-1.4327
2024-02-05 14:00:00,-1.4381
2024-02-05 15:00:00,-1.4381
2024-02-05 16:00:00,-1.4387
2024-02-05 17:00:00,-1.4374
2024-02-05 18:00:00,-1.4377
2024-02-05 19:00:00,-1.4293
2024-02-05 20:00:00,-1.4292
2024-02-05 21:00:00,-1.4280
2024-02-05 22:00:00,-1.4275
2024-02-05 23:00:00,-1.4271
2024-02-06 00:00:00,-1.4218
2024-02-06 01:00:00,-1.4213
2024-02-06 02:00:00,-1.4207
2024-02-06 03:00:00,-1.4212
2024-02-06 04:00:00,-1.4248
2024-02-06 05:00:00,-1.4233
2024-02-06 06:00:00,-1.4217
2024-02-06 07:00:00,-1.4188
2024-02-06 08:00:00,-1.4210
2024-02-06 09:00:00,-1.4189
2024-02-06 10:00:00,-1.4154
2024-02-06 11:00:00,-1.4139
2024-02-06 12:00:00,-1.4129
2024-02-06 13:00:00,-1.4106
2024-02-06 14:00:00,-1.4106
2024-02-06 15:00:00,-1.4121
2024-02-06 16:00:00,-1.4115
2024-02-06 17:00:00,-1.4110
2024-02-06 18:00:00,-1.4119
2024-02-06 19:00:00,-1.4119
2024-02-06 20:00:00,-1.4103
2024-02-06 21:00:00,-1.4130
2024-02-06 22:00:00,-1.4121
2024-02-06 23:00:00,-1.4050
2024-02-07 00:00:00,-1.3980
2024-02-07 01:00:00,-1.3925
2024-02-07 02:00:00,-1.3863
2024-02-07 03:00:00,-1.3780
2024-02-07 04:00:00,-1.3858
2024-02-07 05:00:00,-1.3875
2024-02-07 06:00:00,-1.3856
2024-02-07 07:00:00,-1.3863
2024-02-07 08:00:00,-1.3867
2024-02-07 09:00:00,-1.3882
2024-02-07 10:00:00,-1.3885
2024-02-07 11:00:00,-1.3912
2024-02-07 12:00:00,-1.3918
2024-02-07 13:00:00,-1.3917
2024-02-07 14:00:00,-1.3925
2024-02-07 15:00:00,-1.3929
2024-02-07 16:00:00,-1.3942
2024-02-07 17:00:00,-1.3951
2024-02-07 18:00:00,-1.3964
2024-02-07 19:00:00,-1.3978
2024-02-07 20:00:00,-1.3981
2024-02-07 21:00:00,-1.3975
2024-02-07 22:00:00,-1.3954
2024-02-07 23:00:00,-1.3974
2024-02-08 00:00:00,-1.3956
2024-02-08 01:00:00,-1.3956
2024-02-08 02:00:00,-1.3951
2024-02-08 03:00:00,-1.3910
2024-02-08 04:00:00,-1.3883
2024-02-08 05:00:00,-1.3876
2024-02-08 06:00:00,-1.3899
2024-02-08 07:00:00,-1.3872
2024-02-08 08:00:00,-1.3836
2024-02-08 09:00:00,-1.3834
2024-02-08 10:00:00,-1.3832
2024-02-08 11:00:00,-1.3840
2024-02-08 12:00:00,-1.3868
2024-02-08 13:00:00,-1.3854
2024-02-08 14:00:00,-1.3873
2024-02-08 15:00:00,-1.3828
2024-02-08 16:00:00,-1.3792
2024-02-08 17:00:00,-1.3827
2024-02-08 18:00:00,-1.3731
2024-02-08 19:00:00,-1.3597
2024-02-08 20:00:00,-1.3406
2024-02-08 21:00:00,-1.3344
2024-02-08 22:00:00,-1.3128
2024-02-08 23:00:00,-1.2858
2024-02-09 00:00:00,-1.2479
2024-02-09 01:00:00,-1.1501
2024-02-09 02:00:00,-1.0847
2024-02-09 03:00:00,-1.0592
2024-02-09 04:00:00,-1.0427
2024-02-09 05:00:00,-1.0215
2024-02-09 06:00:00,-1.0009
2024-02-09 07:00:00,-0.9891
2024-02-09 08:00:00,-0.9939
2024-02-09 09:00:00,-1.0418
2024-02-09 10:00:00,-1.0813
2024-02-09 11:00:00,-1.1023
2024-02-09 12:00:00,-1.1127
2024-02-09 13:00:00,-1.1339
2024-02-09 14:00:00,-1.1447
2024-02-09 15:00:00,-1.1501
2024-02-09 16:00:00,-1.1576
2024-02-09 17:00:00,-1.1659
2024-02-09 18:00:00,-1.1778
2024-02-09 19:00:00,-1.1836
2024-02-09 20:00:00,-1.1927
2024-02-09 21:00:00,-1.2012
2024-02-09 22:00:00,-1.2050
2024-02-09 23:00:00,-1.2118
2024-02-10 00:00:00,-1.2129
2024-02-10 01:00:00,-1.2166
2024-02-10 02:00:00,-1.2124
2024-02-10 03:00:00,-1.2014
2024-02-10 04:00:00,-1.2134
2024-02-10 05:00:00,-1.2161
2024-02-10 06:00:00,-1.2261
2024-02-10 07:00:00,-1.2349
2024-02-10 08:00:00,-1.2384
2024-02-10 09:00:00,-1.2437
2024-02-10 10:00:00,-1.2440
2024-02-10 11:00:00,-1.2497
2024-02-10 12:00:00,-1.2568
2024-02-10 13:00:00,-1.2605
2024-02-10 14:00:00,-1.2599
2024-02-10 15:00:00,-1.2621
2024-02-10 16:00:00,-1.2658
2024-02-10 17:00:00,-1.2670
2024-02-10 18:00:00,-1.2733
2024-02-10 19:00:00,-1.2809
2024-02-10 20:00:00,-1.2813
2024-02-10 21:00:00,-1.2893
2024-02-10 22:00:00,-1.2966
2024-02-10 23:00:00,-1.2972
2024-02-11 00:00:00,-1.3015
2024-02-11 01:00:00,-1.3062
2024-02-11 02:00:00,-1.3063
2024-02-11 03:00:00,-1.3046
2024-02-11 04:00:00,-1.3087
2024-02-11 05:00:00,-1.3137
2024-02-11 06:00:00,-1.3151
2024-02-11 07:00:00,-1.3234
2024-02-11 08:00:00,-1.3313
2024-02-11 09:00:00,-1.3386
2024-02-11 10:00:00,-1.3442
2024-02-11 11:00:00,-1.3502
2024-02-11 12:00:00,-1.3529
2024-02-11 13:00:00,-1.3629
2024-02-11 14:00:00,-1.3664
2024-02-11 15:00:00,-1.3675
2024-02-11 16:00:00,-1.3687
2024-02-11 17:00:00,-1.3655
2024-02-11 18:00:00,-1.3625
2024-02-11 19:00:00,-1.3596
2024-02-11 20:00:00,-1.3630
2024-02-11 21:00:00,-1.3670
2024-02-11 22:00:00,-1.3719
2024-02-11 23:00:00,-1.3734
2024-02-12 00:00:00,-1.3752
2024-02-12 01:00:00,-1.3779
2024-02-12 02:00:00,-1.3795
2024-02-12 03:00:00,-1.3798
2024-02-12 04:00:00,-1.3765
2024-02-12 05:00:00,-1.3705
2024-02-12 06:00:00,-1.3628
2024-02-12 07:00:00,-1.3584
2024-02-12 08:00:00,-1.3556
2024-02-12 09:00:00,-1.3522
2024-02-12 10:00:00,-1.3563
2024-02-12 11:00:00,-1.3448
2024-02-12 12:00:00,-1.3397
2024-02-12 13:00:00,-1.3304
2024-02-12 14:00:00,-1.3257
2024-02-12 15:00:00,-1.3266
2024-02-12 16:00:00,-1.3244
2024-02-12 17:00:00,-1.3205
2024-02-12 18:00:00,-1.3182
2024-02-12 19:00:00,-1.3144
2024-02-12 20:00:00,-1.3119
2024-02-12 21:00:00,-1.3121
2024-02-12 22:00:00,-1.3151
2024-02-12 23:00:00,-1.3188
2024-02-13 00:00:00,-1.3195
2024-02-13 01:00:00,-1.3163
2024-02-13 02:00:00,-1.3195
2024-02-13 03:00:00,-1.3218
2024-02-13 04:00:00,-1.3238
2024-02-13 05:00:00,-1.3232
2024-02-13 06:00:00,-1.3230
2024-02-13 07:00:00,-1.3284
2024-02-13 08:00:00,-1.3312
2024-02-13 09:00:00,-1.3282
2024-02-13 10:00:00,-1.3280
2024-02-13 11:00:00,-1.3333
2024-02-13 12:00:00,-1.3364
2024-02-13 13:00:00,-1.3396
2024-02-13 14:00:00,-1.3433
2024-02-13 15:00:00,-1.3431
2024-02-13 16:00:00,-1.3429
2024-02-13 17:00:00,-1.3453
2024-02-13 18:00:00,-1.3480
2024-02-13 19:00:00,-1.3491
2024-02-13 20:00:00,-1.3546
2024-02-13 21:00:00,-1.3601
2024-02-13 22:00:00,-1.3664
2024-02-13 23:00:00,-1.3721
2024-02-14 00:00:00,-1.3774
2024-02-14 01:00:00,-1.3813
2024-02-14 02:00:00,-1.3781
2024-02-14 03:00:00,-1.3514
2024-02-14 04:00:00,-1.3302
2024-02-14 05:00:00,-1.3148
2024-02-14 06:00:00,-1.3053
2024-02-14 07:00:00,-1.2917
2024-02-14 08:00:00,-1.2787
2024-02-14 09:00:00,-1.2661
2024-02-14 10:00:00,-1.2495
2024-02-14 11:00:00,-1.2427
2024-02-14 12:00:00,-1.2452
2024-02-14 13:00:00,-1.2378
2024-02-14 14:00:00,-1.2368
2024-02-14 15:00:00,-1.2412
2024-02-14 16:00:00,-1.2390
2024-02-14 17:00:00,-1.2364
2024-02-14 18:00:00,-1.2395
2024-02-14 19:00:00,-1.2354
2024-02-14 20:00:00,-1.2335
2024-02-14 21:00:00,-1.2350
2024-02-14 22:00:00,-1.2356
2024-02-14 23:00:00,-1.2317
2024-02-15 00:00:00,-1.2322
2024-02-15 01:00:00,-1.2339
2024-02-15 02:00:00,-1.2365
2024-02-15 03:00:00,-1.2377
2024-02-15 04:00:00,-1.2366
2024-02-15 05:00:00,-1.2361
2024-02-15 06:00:00,-1.2357
2024-02-15 07:00:00,-1.2389
2024-02-15 08:00:00,-1.2404
2024-02-15 09:00:00,-1.2378
2024-02-15 10:00:00,-1.2308
2024-02-15 11:00:00,-1.2232
2024-02-15 12:00:00,-1.2124
2024-02-15 13:00:00,-1.2075
2024-02-15 14:00:00,-1.2004
2024-02-15 15:00:00,-1.1950
2024-02-15 16:00:00,-1.1961
2024-02-15 17:00:00,-1.1873
2024-02-15 18:00:00,-1.1804
2024-02-15 19:00:00,-1.1784
2024-02-15 20:00:00,-1.1797
2024-02-15 21:00:00,-1.1750
2024-02-15 22:00:00,-1.1808
2024-02-15 23:00:00,-1.1862
2024-02-16 00:00:00,-1.1899
2024-02-16 01:00:00,-1.1945
2024-02-16 02:00:00,-1.2035
2024-02-16 03:00:00,-1.2071
2024-02-16 04:00:00,-1.2116
2024-02-16 05:00:00,-1.2135
2024-02-16 06:00:00,-1.2193
2024-02-16 07:00:00,-1.2269
2024-02-16 08:00:00,-1.2325
2024-02-16 09:00:00,-1.2408
2024-02-16 10:00:00,-1.2422
2024-02-16 11:00:00,-1.2537
2024-02-16 12:00:00,-1.2539
2024-02-16 13:00:00,-1.2554
2024-02-16 14:00:00,-1.2506
2024-02-16 15:00:00,-1.2496
2024-02-16 16:00:00,-1.2425
2024-02-16 17:00:00,-1.2442
2024-02-16 18:00:00,-1.2461
2024-02-16 19:00:00,-1.2462
2024-02-16 20:00:00,-1.2472
2024-02-16 21:00:00,-1.2419
2024-02-16 22:00:00,-1.2460
2024-02-16 23:00:00,-1.2509
2024-02-17 00:00:00,-1.2535
2024-02-17 01:00:00,-1.2611
2024-02-17 02:00:00,-1.2702
2024-02-17 03:00:00,-1.2772
2024-02-17 04:00:00,-1.2838
2024-02-17 05:00:00,-1.2882
2024-02-17 06:00:00,-1.2972
2024-02-17 07:00:00,-1.3083
2024-02-17 08:00:00,-1.3185
2024-02-17 09:00:00,-1.3256
2024-02-17 10:00:00,-1.3350
2024-02-17 11:00:00,-1.3459
2024-02-17 12:00:00,-1.3549
2024-02-17 13:00:00,-1.3626
2024-02-17 14:00:00,-1.3710
2024-02-17 15:00:00,-1.3763
2024-02-17 16:00:00,-1.3781
2024-02-17 17:00:00,-1.3799
2024-02-17 18:00:00,-1.3820
2024-02-17 19:00:00,-1.3826
2024-02-17 20:00:00,-1.3823
2024-02-17 21:00:00,-1.3778
2024-02-17 22:00:00,-1.3732
2024-02-17 23:00:00,-1.3742
2024-02-18 00:00:00,-1.3741
2024-02-18 01:00:00,-1.3749
2024-02-18 02:00:00,-1.3823
2024-02-18 03:00:00,-1.3903
2024-02-18 04:00:00,-1.3951
2024-02-18 05:00:00,-1.3999
2024-02-18 06:00:00,-1.4043
2024-02-18 07:00:00,-1.4092
2024-02-18 08:00:00,-1.4135
2024-02-18 09:00:00,-1.4146
2024-02-18 10:00:00,-1.4114
2024-02-18 11:00:00,-1.4076
2024-02-29 12:00:00,-1.4163
2024-02-29 13:00:00,-1.4149
2024-02-29 14:00:00,-1.4118
2024-02-29 15:00:00,-1.4128
2024-02-29 16:00:00,-1.4140
2024-02-29 17:00:00,-1.4142
2024-02-29 18:00:00,-1.4122
2024-02-29 19:00:00,-1.4118
2024-02-29 20:00:00,-1.4091
2024-02-29 21:00:00,-1.4101
2024-02-29 22:00:00,-1.4094
2024-02-29 23:00:00,-1.4057
2024-03-01 00:00:00,-1.3969
2024-03-01 01:00:00,-1.3991
2024-03-01 02:00:00,-1.4039
2024-03-01 03:00:00,-1.4035
2024-03-01 04:00:00,-1.3988
2024-03-01 05:00:00,-1.4004
2024-03-01 06:00:00,-1.4091
2024-03-01 07:00:00,-1.4099
2024-03-01 08:00:00,-1.4093
2024-03-01 09:00:00,-1.4101
2024-03-01 10:00:00,-1.4122
2024-03-01 11:00:00,-1.4099
2024-03-01 12:00:00,-1.4117
2024-03-01 13:00:00,-1.4131
2024-03-01 14:00:00,-1.4149
2024-03-01 15:00:00,-1.4153
2024-03-01 16:00:00,-1.4164
2024-03-01 17:00:00,-1.4166
2024-03-01 18:00:00,-1.4228
2024-03-01 19:00:00,-1.4240
2024-03-01 20:00:00,-1.4237
2024-03-01 21:00:00,-1.4207
2024-03-01 22:00:00,-1.4187
2024-03-01 23:00:00,-1.4157
2024-03-02 00:00:00,-1.4083
2024-03-02 01:00:00,-1.4067
2024-03-02 02:00:00,-1.4049
2024-03-02 03:00:00,-1.4035
2024-03-02 04:00:00,-1.3983
2024-03-02 05:00:00,-1.3944
2024-03-02 06:00:00,-1.3901
2024-03-02 07:00:00,-1.3887
2024-03-02 08:00:00,-1.3869
2024-03-02 09:00:00,-1.3848
2024-03-02 10:00:00,-1.3837
2024-03-02 11:00:00,-1.3863
2024-03-02 12:00:00,-1.3856
2024-03-02 13:00:00,-1.3864
2024-03-02 14:00:00,-1.3841
2024-03-02 15:00:00,-1.3864
2024-03-02 16:00:00,-1.3896
2024-03-02 17:00:00,-1.3930
2024-03-02 18:00:00,-1.3914
2024-03-02 19:00:00,-1.3880
2024-03-02 20:00:00,-1.3854
2024-03-02 21:00:00,-1.3922
2024-03-02 22:00:00,-1.3868
2024-03-02 23:00:00,-1.3868
2024-03-03 00:00:00,-1.3890
2024-03-03 01:00:00,-1.3954
2024-03-03 02:00:00,-1.3989
2024-03-03 03:00:00,-1.4015
2024-03-03 04:00:00,-1.4028
2024-03-03 05:00:00,-1.4045
2024-03-03 06:00:00,-1.4035
2024-03-03 07:00:00,-1.4011
2024-03-03 08:00:00,-1.3993
2024-03-03 09:00:00,-1.3986
2024-03-03 10:00:00,-1.3985
2024-03-03 11:00:00,-1.4002
2024-03-03 12:00:00,-1.4069
2024-03-03 13:00:00,-1.4094
2024-03-03 14:00:00,-1.4112
2024-03-03 15:00:00,-1.4151
2024-03-03 16:00:00,-1.4178
2024-03-03 17:00:00,-1.4202
2024-03-03 18:00:00,-1.4216
2024-03-03 19:00:00,-1.4228
2024-03-03 20:00:00,-1.4219
2024-03-03 21:00:00,-1.4191
2024-03-03 22:00:00,-1.4179
2024-03-03 23:00:00,-1.4177
2024-03-04 00:00:00,-1.4186
2024-03-04 01:00:00,-1.4211
2024-03-04 02:00:00,-1.4231
2024-03-04 03:00:00,-1.4247
2024-03-04 04:00:00,-1.4270
2024-03-04 05:00:00,-1.4284
2024-03-04 06:00:00,-1.4289
2024-03-04 07:00:00,-1.4285
2024-03-04 08:00:00,-1.4304
2024-03-04 09:00:00,-1.4306
2024-03-04 10:00:00,-1.4320
2024-03-04 11:00:00,-1.4293
2024-03-04 12:00:00,-1.4329
2024-03-04 13:00:00,-1.4359
2024-03-04 14:00:00,-1.4404
2024-03-04 15:00:00,-1.4407
2024-03-04 16:00:00,-1.4413
2024-03-04 17:00:00,-1.4422
2024-03-04 18:00:00,-1.4431
2024-03-04 19:00:00,-1.4439
2024-03-04 20:00:00,-1.4439
2024-03-04 21:00:00,-1.4431
2024-03-04 22:00:00,-1.4462
2024-03-04 23:00:00,-1.4433
2024-03-05 00:00:00,-1.4447
2024-03-05 01:00:00,-1.4463
2024-03-05 02:00:00,-1.4430
2024-03-05 03:00:00,-1.4406
2024-03-05 04:00:00,-1.4373
2024-03-05 05:00:00,-1.4403
2024-03-05 06:00:00,-1.4417
2024-03-05 07:00:00,-1.4426
2024-03-05 08:00:00,-1.4439
2024-03-05 09:00:00,-1.4423
2024-03-05 10:00:00,-1.4423
2024-03-05 11:00:00,-1.4434
2024-03-05 12:00:00,-1.4424
2024-03-05 13:00:00,-1.4441
2024-03-05 14:00:00,-1.4386
2024-03-05 15:00:00,-1.4353
2024-03-05 16:00:00,-1.4346
2024-03-05 17:00:00,-1.4319
2024-03-05 18:00:00,-1.4273
2024-03-05 19:00:00,-1.4235
2024-03-05 20:00:00,-1.4196
2024-03-05 21:00:00,-1.4145
2024-03-05 22:00:00,-1.4105
2024-03-05 23:00:00,-1.4092
2024-03-06 00:00:00,-1.4059
2024-03-06 01:00:00,-1.4037
2024-03-06 02:00:00,-1.4036
2024-03-06 03:00:00,-1.4023
2024-03-06 04:00:00,-1.4019
2024-03-06 05:00:00,-1.4031
2024-03-06 06:00:00,-1.4052
2024-03-06 07:00:00,-1.4083
2024-03-06 08:00:00,-1.4116
2024-03-06 09:00:00,-1.4136
2024-03-06 10:00:00,-1.4147
2024-03-06 11:00:00,-1.4153
2024-03-06 12:00:00,-1.4153
2024-03-06 13:00:00,-1.4158
2024-03-06 14:00:00,-1.4187
2024-03-06 15:00:00,-1.4229
2024-03-06 16:00:00,-1.4268
2024-03-06 17:00:00,-1.4285
2024-03-06 18:00:00,-1.4296
2024-03-06 19:00:00,-1.4264
2024-03-06 20:00:00,-1.4253
2024-03-06 21:00:00,-1.4192
2024-03-06 22:00:00,-1.4139
2024-03-06 23:00:00,-1.4079
2024-03-07 00:00:00,-1.4030
2024-03-07 01:00:00,-1.3981
2024-03-07 02:00:00,-1.3936
2024-03-07 03:00:00,-1.3892
2024-03-07 04:00:00,-1.3828
2024-03-07 05:00:00,-1.3776
2024-03-07 06:00:00,-1.3746
2024-03-07 07:00:00,-1.3702
2024-03-07 08:00:00,-1.3699
2024-03-07 09:00:00,-1.3667
2024-03-07 10:00:00,-1.3660
2024-03-07 11:00:00,-1.3628
2024-03-07 12:00:00,-1.3617
2024-03-07 13:00:00,-1.3599
2024-03-07 14:00:00,-1.3618
2024-03-07 15:00:00,-1.3650
2024-03-07 16:00:00,-1.3679
2024-03-07 17:00:00,-1.3735
2024-03-07 18:00:00,-1.3804
2024-03-07 19:00:00,-1.3902
2024-03-07 20:00:00,-1.3986
2024-03-07 21:00:00,-1.4041
2024-03-07 22:00:00,-1.4095
2024-03-07 23:00:00,-1.4096
2024-03-08 00:00:00,-1.4102
2024-03-08 01:00:00,-1.4101
2024-03-08 02:00:00,-1.4061
2024-03-08 03:00:00,-1.4006
2024-03-08 04:00:00,-1.3973
2024-03-08 05:00:00,-1.4003
2024-03-08 06:00:00,-1.4052
2024-03-08 07:00:00,-1.4106
2024-03-08 08:00:00,-1.4142
2024-03-08 09:00:00,-1.4142
2024-03-08 10:00:00,-1.4136
2024-03-08 11:00:00,-1.4119
2024-03-08 12:00:00,-1.4066
2024-03-08 13:00:00,-1.4012
2024-03-08 14:00:00,-1.3974
2024-03-08 15:00:00,-1.3951
2024-03-08 16:00:00,-1.3942
2024-03-08 17:00:00,-1.3936
2024-03-08 18:00:00,-1.3969
2024-03-08 19:00:00,-1.4019
2024-03-08 20:00:00,-1.4059
2024-03-08 21:00:00,-1.4061
2024-03-08 22:00:00,-1.4087
2024-03-08 23:00:00,-1.4118
2024-03-09 00:00:00,-1.4141
2024-03-09 01:00:00,-1.4128
2024-03-09 02:00:00,-1.4137
2024-03-09 03:00:00,-1.4141
2024-03-09 04:00:00,-1.4132
2024-03-09 05:00:00,-1.4142
2024-03-09 06:00:00,-1.4116
2024-03-09 07:00:00,-1.4112
2024-03-09 08:00:00,-1.4068
2024-03-09 09:00:00,-1.4122
2024-03-09 10:00:00,-1.4113
2024-03-09 11:00:00,-1.4153
2024-03-09 12:00:00,-1.4152
2024-03-09 13:00:00,-1.4030
2024-03-09 14:00:00,-1.4078
2024-03-09 15:00:00,-1.4069
2024-03-09 16:00:00,-1.4061
2024-03-09 17:00:00,-1.4078
2024-03-09 18:00:00,-1.4120
2024-03-09 19:00:00,-1.4161
2024-03-09 20:00:00,-1.4177
2024-03-09 21:00:00,-1.4153
2024-03-09 22:00:00,-1.4157
2024-03-09 23:00:00,-1.4169
2024-03-10 00:00:00,-1.4150
2024-03-10 01:00:00,-1.4136
2024-03-10 02:00:00,-1.4111
2024-03-10 03:00:00,-1.4106
2024-03-10 04:00:00,-1.4116
2024-03-10 05:00:00,-1.4119
2024-03-10 06:00:00,-1.4092
2024-03-10 07:00:00,-1.4068
2024-03-10 08:00:00,-1.4063
2024-03-10 09:00:00,-1.4114
2024-03-10 10:00:00,-1.4114
2024-03-10 11:00:00,-1.4113
2024-03-10 12:00:00,-1.4120
2024-03-10 13:00:00,-1.4137
2024-03-10 14:00:00,-1.4055
2024-03-10 15:00:00,-1.4041
2024-03-10 16:00:00,-1.4058
2024-03-10 17:00:00,-1.4069
2024-03-10 18:00:00,-1.4090
2024-03-10 19:00:00,-1.4100
2024-03-10 20:00:00,-1.4102
2024-03-10 21:00:00,-1.4128
2024-03-10 22:00:00,-1.4150
2024-03-10 23:00:00,-1.4159
2024-03-11 00:00:00,-1.4178
2024-03-11 01:00:00,-1.4184
2024-03-11 02:00:00,-1.4179
2024-03-11 03:00:00,-1.4170
2024-03-11 04:00:00,-1.4166
2024-03-11 05:00:00,-1.4161
2024-03-11 06:00:00,-1.4152
2024-03-11 07:00:00,-1.4157
2024-03-11 08:00:00,-1.4167
2024-03-11 09:00:00,-1.4222
2024-03-11 10:00:00,-1.4264
2024-03-11 11:00:00,-1.4280
2024-03-11 12:00:00,-1.4296
2024-03-11 13:00:00,-1.4311
2024-03-11 14:00:00,-1.4324
2024-03-11 15:00:00,-1.4306
2024-03-11 16:00:00,-1.4263
2024-03-11 17:00:00,-1.4257
2024-03-11 18:00:00,-1.4222
2024-03-11 19:00:00,-1.4201
2024-03-11 20:00:00,-1.4203
2024-03-11 21:00:00,-1.4218
2024-03-11 22:00:00,-1.4230
2024-03-11 23:00:00,-1.4237
2024-03-12 00:00:00,-1.4235
2024-03-12 01:00:00,-1.4240
2024-03-12 02:00:00,-1.4243
2024-03-12 03:00:00,-1.4213
2024-03-12 04:00:00,-1.4204
2024-03-12 05:00:00,-1.4203
2024-03-12 06:00:00,-1.4131
2024-03-12 07:00:00,-1.4122
2024-03-12 08:00:00,-1.4114
2024-03-12 09:00:00,-1.4057
2024-03-12 10:00:00,-1.4007
2024-03-12 11:00:00,-1.3985
2024-03-12 12:00:00,-1.4016
2024-03-12 13:00:00,-1.3989
2024-03-12 14:00:00,-1.3995
2024-03-12 15:00:00,-1.4014
2024-03-12 16:00:00,-1.4023
2024-03-12 17:00:00,-1.4039
2024-03-12 18:00:00,-1.4055
2024-03-12 19:00:00,-1.4084
2024-03-12 20:00:00,-1.4105
2024-03-12 21:00:00,-1.4142
2024-03-12 22:00:00,-1.4195
2024-03-12 23:00:00,-1.4225
2024-03-13 00:00:00,-1.4251
2024-03-13 01:00:00,-1.4275
2024-03-13 02:00:00,-1.4303
2024-03-13 03:00:00,-1.4307
2024-03-13 04:00:00,-1.4295
2024-03-13 05:00:00,-1.4273
2024-03-13 06:00:00,-1.4239
2024-03-13 07:00:00,-1.4214
2024-03-13 08:00:00,-1.4157
2024-03-13 09:00:00,-1.4113
2024-03-13 10:00:00,-1.4079
2024-03-13 11:00:00,-1.4056
2024-03-13 12:00:00,-1.4091
2024-03-13 13:00:00,-1.4070
2024-03-13 14:00:00,-1.4068
2024-03-13 15:00:00,-1.4048
2024-03-13 16:00:00,-1.4048
2024-03-13 17:00:00,-1.4034
2024-03-13 18:00:00,-1.3981
2024-03-13 19:00:00,-1.3953
2024-03-13 20:00:00,-1.3946
2024-03-13 21:00:00,-1.3956
2024-03-13 22:00:00,-1.3950
2024-03-13 23:00:00,-1.3992
2024-03-14 00:00:00,-1.4081
2024-03-14 01:00:00,-1.4120
2024-03-14 02:00:00,-1.4182
2024-03-14 03:00:00,-1.4218
2024-03-14 04:00:00,-1.4208
2024-03-14 05:00:00,-1.4209
2024-03-14 06:00:00,-1.4219
2024-03-14 07:00:00,-1.4257
2024-03-14 08:00:00,-1.4279
2024-03-14 09:00:00,-1.4302
2024-03-14 10:00:00,-1.4300
2024-03-14 11:00:00,-1.4312
2024-03-14 12:00:00,-1.4304
2024-03-14 13:00:00,-1.4246
2024-03-14 14:00:00,-1.4212
2024-03-14 15:00:00,-1.4250
2024-03-14 16:00:00,-1.4237
2024-03-14 17:00:00,-1.4236
2024-03-14 18:00:00,-1.4245
2024-03-14 19:00:00,-1.4276
2024-03-14 20:00:00,-1.4287
2024-03-14 21:00:00,-1.4246
2024-03-14 22:00:00,-1.4228
2024-03-14 23:00:00,-1.4246
2024-03-15 00:00:00,-1.4235
2024-03-15 01:00:00,-1.4225
2024-03-15 02:00:00,-1.4186
2024-03-15 03:00:00,-1.4218
2024-03-15 04:00:00,-1.4177
2024-03-15 05:00:00,-1.4200
2024-03-15 06:00:00,-1.4157
2024-03-15 07:00:00,-1.4140
2024-03-15 08:00:00,-1.4119
2024-03-15 09:00:00,-1.4118
2024-03-15 10:00:00,-1.4134
2024-03-15 11:00:00,-1.4148
2024-03-15 12:00:00,-1.4166
2024-03-15 13:00:00,-1.4134
2024-03-15 14:00:00,-1.4128
2024-03-15 15:00:00,-1.4086
2024-03-15 16:00:00,-1.4064
2024-03-15 17:00:00,-1.4114
2024-03-15 18:00:00,-1.4122
2024-03-15 19:00:00,-1.4153
2024-03-15 20:00:00,-1.4173
2024-03-15 21:00:00,-1.4196
2024-03-15 22:00:00,-1.4289
2024-03-15 23:00:00,-1.4347
2024-03-16 00:00:00,-1.4380
2024-03-16 01:00:00,-1.4449
2024-03-16 02:00:00,-1.4487
2024-03-16 03:00:00,-1.4520
2024-03-16 04:00:00,-1.4534
2024-03-16 05:00:00,-1.4529
2024-03-16 06:00:00,-1.4506
2024-03-16 07:00:00,-1.4489
2024-03-16 08:00:00,-1.4417
2024-03-16 09:00:00,-1.4378
2024-03-16 10:00:00,-1.4325
2024-03-16 11:00:00,-1.4317
2024-03-16 12:00:00,-1.4256
2024-03-16 13:00:00,-1.4191
2024-03-16 14:00:00,-1.4155
2024-03-16 15:00:00,-1.4135
2024-03-16 16:00:00,-1.4142
2024-03-16 17:00:00,-1.4137
2024-03-16 18:00:00,-1.4162
2024-03-16 19:00:00,-1.4170
2024-03-16 20:00:00,-1.4191
2024-03-16 21:00:00,-1.4209
2024-03-16 22:00:00,-1.4208
2024-03-16 23:00:00,-1.4227
2024-03-17 00:00:00,-1.4262
2024-03-17 01:00:00,-1.4340
2024-03-17 02:00:00,-1.4414
2024-03-17 03:00:00,-1.4490
2024-03-17 04:00:00,-1.4529
2024-03-17 05:00:00,-1.4554
2024-03-17 06:00:00,-1.4568
2024-03-17 07:00:00,-1.4598
2024-03-17 08:00:00,-1.4608
2024-03-17 09:00:00,-1.4613
2024-03-17 10:00:00,-1.4637
2024-03-17 11:00:00,-1.4640
2024-03-17 12:00:00,-1.4652
2024-03-17 13:00:00,-1.4645
2024-03-17 14:00:00,-1.4630
2024-03-17 15:00:00,-1.4668
2024-03-17 16:00:00,-1.4681
2024-03-17 17:00:00,-1.4613
2024-03-17 18:00:00,-1.4630
2024-03-17 19:00:00,-1.4623
2024-03-17 20:00:00,-1.4637
2024-03-17 21:00:00,-1.4654
2024-03-17 22:00:00,-1.4650
2024-03-17 23:00:00,-1.4646
2024-03-18 00:00:00,-1.4662
2024-03-18 01:00:00,-1.4701
2024-03-18 02:00:00,-1.4697
2024-03-18 03:00:00,-1.4691
2024-03-18 04:00:00,-1.4632
2024-03-18 05:00:00,-1.4579
2024-03-18 06:00:00,-1.4531
2024-03-18 07:00:00,-1.4469
2024-03-18 08:00:00,-1.4419
2024-03-18 09:00:00,-1.4343
2024-03-18 10:00:00,-1.4312
2024-03-18 11:00:00,-1.4267
2024-03-18 12:00:00,-1.4229
2024-03-18 13:00:00,-1.4168
2024-03-18 14:00:00,-1.4120
2024-03-18 15:00:00,-1.4098
2024-03-18 16:00:00,-1.4063
2024-03-18 17:00:00,-1.4029
2024-03-18 18:00:00,-1.4003
2024-03-18 19:00:00,-1.4008
2024-03-18 20:00:00,-1.3992
2024-03-18 21:00:00,-1.3978
2024-03-18 22:00:00,-1.3952
2024-03-18 23:00:00,-1.3947
2024-03-19 00:00:00,-1.3945
2024-03-19 01:00:00,-1.3957
2024-03-19 02:00:00,-1.3961
2024-03-19 03:00:00,-1.3992
2024-03-19 04:00:00,-1.4026
2024-03-19 05:00:00,-1.4080
2024-03-19 06:00:00,-1.4134
2024-03-19 07:00:00,-1.4164
2024-03-19 08:00:00,-1.4184
2024-03-19 09:00:00,-1.4195
2024-03-19 10:00:00,-1.4223
2024-03-19 11:00:00,-1.4236
2024-03-19 12:00:00,-1.4220
2024-03-19 13:00:00,-1.4224
2024-03-19 14:00:00,-1.4220
2024-03-19 15:00:00,-1.4214
2024-03-19 16:00:00,-1.4178
2024-03-19 17:00:00,-1.4172
2024-03-19 18:00:00,-1.4177
2024-03-19 19:00:00,-1.4219
2024-03-19 20:00:00,-1.4257
2024-03-19 21:00:00,-1.4314
2024-03-19 22:00:00,-1.4363
2024-03-19 23:00:00,-1.4415
2024-03-20 00:00:00,-1.4391
2024-03-20 01:00:00,-1.4467
2024-03-20 02:00:00,-1.4496
2024-03-20 03:00:00,-1.4496
2024-03-20 04:00:00,-1.4458
2024-03-20 05:00:00,-1.4494
2024-03-20 06:00:00,-1.4545
2024-03-20 07:00:00,-1.4584
2024-03-20 08:00:00,-1.4616
2024-03-20 09:00:00,-1.4604
2024-03-20 10:00:00,-1.4668
2024-03-20 11:00:00,-1.4674
2024-03-20 12:00:00,-1.4720
2024-03-20 13:00:00,-1.4727
2024-03-20 14:00:00,-1.4742
2024-03-20 15:00:00,-1.4740
2024-03-20 16:00:00,-1.4746
2024-03-20 17:00:00,-1.4734
2024-03-20 18:00:00,-1.4743
2024-03-20 19:00:00,-1.4741
2024-03-20 20:00:00,-1.4745
2024-03-20 21:00:00,-1.4725
2024-03-20 22:00:00,-1.4763
2024-03-20 23:00:00,-1.4764
2024-03-21 00:00:00,-1.4747
2024-03-21 01:00:00,-1.4748
2024-03-21 02:00:00,-1.4729
2024-03-21 03:00:00,-1.4666
2024-03-21 04:00:00,-1.4629
2024-03-21 05:00:00,-1.4601
2024-03-21 06:00:00,-1.4565
2024-03-21 07:00:00,-1.4531
2024-03-21 08:00:00,-1.4491
2024-03-21 09:00:00,-1.4465
2024-03-21 10:00:00,-1.4434
2024-03-21 11:00:00,-1.4412
2024-03-21 12:00:00,-1.4393
2024-03-21 13:00:00,-1.4354
2024-03-21 14:00:00,-1.4300
2024-03-21 15:00:00,-1.4274
2024-03-21 16:00:00,-1.4246
2024-03-21 17:00:00,-1.4240
2024-03-21 18:00:00,-1.4247
2024-03-21 19:00:00,-1.4292
2024-03-21 20:00:00,-1.4365
2024-03-21 21:00:00,-1.4402
2024-03-21 22:00:00,-1.4430
2024-03-21 23:00:00,-1.4445
2024-03-22 00:00:00,-1.4463
2024-03-22 01:00:00,-1.4464
2024-03-22 02:00:00,-1.4474
2024-03-22 03:00:00,-1.4430
2024-03-22 04:00:00,-1.4374
2024-03-22 05:00:00,-1.4380
2024-03-22 06:00:00,-1.4403
2024-03-22 07:00:00,-1.4447
2024-03-22 08:00:00,-1.4501
2024-03-22 09:00:00,-1.4565
2024-03-22 10:00:00,-1.4546
2024-03-22 11:00:00,-1.4575
2024-03-22 12:00:00,-1.4523
2024-03-22 13:00:00,-1.4542
2024-03-22 14:00:00,-1.4540
2024-03-22 15:00:00,-1.4496
2024-03-22 16:00:00,-1.4456
2024-03-22 17:00:00,-1.4408
2024-03-22 18:00:00,-1.4376
2024-03-22 19:00:00,-1.4361
2024-03-22 20:00:00,-1.4429
2024-03-22 21:00:00,-1.4445
2024-03-22 22:00:00,-1.4435
2024-03-22 23:00:00,-1.4467
2024-03-23 00:00:00,-1.4474
2024-03-23 01:00:00,-1.4445
2024-03-23 02:00:00,-1.4417
2024-03-23 03:00:00,-1.4408
2024-03-23 04:00:00,-1.4408
2024-03-23 05:00:00,-1.4387
2024-03-23 06:00:00,-1.4467
2024-03-23 07:00:00,-1.4548
2024-03-23 08:00:00,-1.4508
2024-03-23 09:00:00,-1.4514
2024-03-23 10:00:00,-1.4504
2024-03-23 11:00:00,-1.4507
2024-03-23 12:00:00,-1.4452
2024-03-23 13:00:00,-1.4430
2024-03-23 14:00:00,-1.4341
2024-03-23 15:00:00,-1.4313
2024-03-23 16:00:00,-1.4214
2024-03-23 17:00:00,-1.4174
2024-03-23 18:00:00,-1.4195
2024-03-23 19:00:00,-1.4213
2024-03-23 20:00:00,-1.4224
2024-03-23 21:00:00,-1.4280
2024-03-23 22:00:00,-1.4309
2024-03-23 23:00:00,-1.4335
2024-03-24 00:00:00,-1.4320
2024-03-24 01:00:00,-1.4301
2024-03-24 02:00:00,-1.4284
2024-03-24 03:00:00,-1.4358
2024-03-24 04:00:00,-1.4320
2024-03-24 05:00:00,-1.4279
2024-03-24 06:00:00,-1.4268
2024-03-24 07:00:00,-1.4304
2024-03-24 08:00:00,-1.4309
2024-03-24 09:00:00,-1.4304
2024-03-24 10:00:00,-1.4324
2024-03-24 11:00:00,-1.4329
2024-03-24 12:00:00,-1.4276
2024-03-24 13:00:00,-1.4256
2024-03-24 14:00:00,-1.4206
2024-03-24 15:00:00,-1.4153
2024-03-24 16:00:00,-1.4131
2024-03-24 17:00:00,-1.4059
2024-03-24 18:00:00,-1.4039
2024-03-24 19:00:00,-1.4029
2024-03-24 20:00:00,-1.4002
2024-03-24 21:00:00,-1.4024
2024-03-24 22:00:00,-1.4091
2024-03-24 23:00:00,-1.4152
2024-03-25 00:00:00,-1.4211
2024-03-25 01:00:00,-1.4262
2024-03-25 02:00:00,-1.4290
2024-03-25 03:00:00,-1.4351
2024-03-25 04:00:00,-1.4380
2024-03-25 05:00:00,-1.4379
2024-03-25 06:00:00,-1.4408
2024-03-25 07:00:00,-1.4347
2024-03-25 08:00:00,-1.4422
2024-03-25 09:00:00,-1.4517
2024-03-25 10:00:00,-1.4562
2024-03-25 11:00:00,-1.4573
2024-03-25 12:00:00,-1.4619
2024-03-25 13:00:00,-1.4635
2024-03-25 14:00:00,-1.4666
2024-03-25 15:00:00,-1.4612
2024-03-25 16:00:00,-1.4698
2024-03-25 17:00:00,-1.4713
2024-03-25 18:00:00,-1.4645
2024-03-25 19:00:00,-1.4640
2024-03-25 20:00:00,-1.4665
2024-03-25 21:00:00,-1.4730
2024-03-25 22:00:00,-1.4738
2024-03-25 23:00:00,-1.4700
2024-03-26 00:00:00,-1.4703
2024-03-26 01:00:00,-1.4641
2024-03-26 02:00:00,-1.4639
2024-03-26 03:00:00,-1.4596
2024-03-26 04:00:00,-1.4620
2024-03-26 05:00:00,-1.4585
2024-03-26 06:00:00,-1.4497
2024-03-26 07:00:00,-1.4492
2024-03-26 08:00:00,-1.4431
2024-03-26 09:00:00,-1.4408
2024-03-26 10:00:00,-1.4419
2024-03-26 11:00:00,-1.4401
2024-03-26 12:00:00,-1.4430
2024-03-26 13:00:00,-1.4430
2024-03-26 14:00:00,-1.4412
2024-03-26 15:00:00,-1.4395
2024-03-26 16:00:00,-1.4368
2024-03-26 17:00:00,-1.4347
2024-03-26 18:00:00,-1.4324
2024-03-26 19:00:00,-1.4378
2024-03-26 20:00:00,-1.4370
2024-03-26 21:00:00,-1.4363
2024-03-26 22:00:00,-1.4346
2024-03-26 23:00:00,-1.4280
2024-03-27 00:00:00,-1.4270
2024-03-27 01:00:00,-1.4246
2024-03-27 02:00:00,-1.4212
2024-03-27 03:00:00,-1.4230
2024-03-27 04:00:00,-1.4132
2024-03-27 05:00:00,-1.4162
2024-03-27 06:00:00,-1.4159
2024-03-27 07:00:00,-1.4178
2024-03-27 08:00:00,-1.4148
2024-03-27 09:00:00,-1.4118
2024-03-27 10:00:00,-1.4092
2024-03-27 11:00:00,-1.4070
2024-03-27 12:00:00,-1.4063
2024-03-27 13:00:00,-1.4029
2024-03-27 14:00:00,-1.4000
2024-03-27 15:00:00,-1.3963
2024-03-27 16:00:00,-1.3941
2024-03-27 17:00:00,-1.3968
2024-03-27 18:00:00,-1.3984
2024-03-27 19:00:00,-1.3980
2024-03-27 20:00:00,-1.3985
2024-03-27 21:00:00,-1.3957
2024-03-27 22:00:00,-1.3962
2024-03-27 23:00:00,-1.4003
2024-03-28 00:00:00,-1.4008
2024-03-28 01:00:00,-1.3962
2024-03-28 02:00:00,-1.3960
2024-03-28 03:00:00,-1.3902
2024-03-28 04:00:00,-1.3899
2024-03-28 05:00:00,-1.3846
2024-03-28 06:00:00,-1.3853
2024-03-28 07:00:00,-1.3811
2024-03-28 08:00:00,-1.3829
2024-03-28 09:00:00,-1.3817
2024-03-28 10:00:00,-1.3827
2024-03-28 11:00:00,-1.3840
2024-03-28 12:00:00,-1.3838
2024-03-28 13:00:00,-1.3789
2024-03-28 14:00:00,-1.3873
2024-03-28 15:00:00,-1.3896
2024-03-28 16:00:00,-1.3889
2024-03-28 17:00:00,-1.3874
2024-03-28 18:00:00,-1.3850
2024-03-28 19:00:00,-1.3846
2024-03-28 20:00:00,-1.3885
2024-03-28 21:00:00,-1.3912
2024-03-28 22:00:00,-1.3931
2024-03-28 23:00:00,-1.3925
2024-03-29 00:00:00,-1.3947
2024-03-29 01:00:00,-1.3941
2024-03-29 02:00:00,-1.3962
2024-03-29 03:00:00,-1.3986
2024-03-29 04:00:00,-1.3990
2024-03-29 05:00:00,-1.3976
2024-03-29 06:00:00,-1.4006
2024-03-29 07:00:00,-1.4059
2024-03-29 08:00:00,-1.4055
2024-03-29 09:00:00,-1.4102
2024-03-29 10:00:00,-1.4119
2024-03-29 11:00:00,-1.4130
2024-03-29 12:00:00,-1.4131
2024-03-29 13:00:00,-1.4136
2024-03-29 14:00:00,-1.4128
2024-03-29 15:00:00,-1.4134
2024-03-29 16:00:00,-1.4132
2024-03-29 17:00:00,-1.4128
2024-03-29 18:00:00,-1.4132
2024-03-29 19:00:00,-1.4134
2024-03-29 20:00:00,-1.4128
2024-03-29 21:00:00,-1.4161
2024-03-29 22:00:00,-1.4192
2024-03-29 23:00:00,-1.4207
2024-03-30 00:00:00,-1.4209
2024-03-30 01:00:00,-1.4214
2024-03-30 02:00:00,-1.4204
2024-03-30 03:00:00,-1.4208
2024-03-30 04:00:00,-1.4177
2024-03-30 05:00:00,-1.4153
2024-03-30 06:00:00,-1.4118
2024-03-30 07:00:00,-1.4075
2024-03-30 08:00:00,-1.4016
2024-03-30 09:00:00,-1.3949
2024-03-30 10:00:00,-1.3903
2024-03-30 11:00:00,-1.3822
2024-03-30 12:00:00,-1.3841
2024-03-30 13:00:00,-1.3830
2024-03-30 14:00:00,-1.3799
2024-03-30 15:00:00,-1.3800
2024-03-30 16:00:00,-1.3785
2024-03-30 17:00:00,-1.3777
2024-03-30 18:00:00,-1.3740
2024-03-30 19:00:00,-1.3707
2024-03-30 20:00:00,-1.3683
2024-03-30 21:00:00,-1.3680
2024-03-30 22:00:00,-1.3682
2024-03-30 23:00:00,-1.3707
2024-03-31 00:00:00,-1.3749
2024-03-31 01:00:00,-1.3767
2024-03-31 03:00:00,-1.3763
2024-03-31 04:00:00,-1.3795
2024-03-31 05:00:00,-1.3788
2024-03-31 06:00:00,-1.3716
2024-03-31 07:00:00,-1.3677
2024-03-31 08:00:00,-1.3682
2024-03-31 09:00:00,-1.3657
2024-03-31 10:00:00,-1.3656
2024-03-31 11:00:00,-1.3671
2024-03-31 12:00:00,-1.3678
2024-03-31 13:00:00,-1.3675
2024-03-31 14:00:00,-1.3647
2024-03-31 15:00:00,-1.3607
2024-03-31 16:00:00,-1.3599
2024-03-31 17:00:00,-1.3616
2024-03-31 18:00:00,-1.3638
2024-03-31 19:00:00,-1.3622
2024-03-31 20:00:00,-1.3567
2024-03-31 21:00:00,-1.0917
2024-03-31 22:00:00,-1.0529
2024-03-31 23:00:00,-1.0566
2024-04-01 00:00:00,-1.0821
2024-04-01 01:00:00,-1.1609
2024-04-01 02:00:00,-1.1897
2024-04-01 03:00:00,-1.2152
2024-04-01 04:00:00,-1.2216
2024-04-01 05:00:00,-1.2291
2024-04-01 06:00:00,-1.2388
2024-04-01 07:00:00,-1.2477
2024-04-01 08:00:00,-1.2545
2024-04-01 09:00:00,-1.2551
2024-04-01 10:00:00,-1.2593
2024-04-01 11:00:00,-1.2588
2024-04-01 12:00:00,-1.2584
2024-04-01 13:00:00,-1.2589
2024-04-01 14:00:00,-1.2691
2024-04-01 15:00:00,-1.2742
2024-04-01 16:00:00,-1.2812
2024-04-01 17:00:00,-1.2859
2024-04-01 18:00:00,-1.2784
2024-04-01 19:00:00,-1.2731
2024-04-01 20:00:00,-1.2756
2024-04-01 21:00:00,-1.2779
2024-04-01 22:00:00,-1.2852
2024-04-01 23:00:00,-1.2798
2024-04-02 00:00:00,-1.2829
2024-04-02 01:00:00,-1.2834
2024-04-02 02:00:00,-1.2822
2024-04-02 03:00:00,-1.2943
2024-04-02 04:00:00,-1.3010
2024-04-02 05:00:00,-1.3056
2024-04-02 06:00:00,-1.3107
2024-04-02 07:00:00,-1.3134
2024-04-02 08:00:00,-1.3255
2024-04-02 09:00:00,-1.3306
2024-04-02 10:00:00,-1.3379
2024-04-02 11:00:00,-1.3446
2024-04-02 12:00:00,-1.3508
2024-04-02 13:00:00,-1.3567
2024-04-02 14:00:00,-1.3613
2024-04-02 15:00:00,-1.3663
2024-04-02 16:00:00,-1.3703
2024-04-02 17:00:00,-1.3752
2024-04-02 18:00:00,-1.3827
2024-04-02 19:00:00,-1.3844
2024-04-02 20:00:00,-1.3873
2024-04-02 21:00:00,-1.3906
2024-04-02 22:00:00,-1.3928
2024-04-02 23:00:00,-1.3992
2024-04-03 00:00:00,-1.4028
2024-04-03 01:00:00,-1.4050
2024-04-03 02:00:00,-1.4072
2024-04-03 03:00:00,-1.4059
2024-04-03 04:00:00,-1.4034
2024-04-03 05:00:00,-1.3990
2024-04-03 06:00:00,-1.3962
2024-04-03 07:00:00,-1.3998
2024-04-03 08:00:00,-1.4037
2024-04-03 09:00:00,-1.4055
2024-04-03 10:00:00,-1.4072
2024-04-03 11:00:00,-1.4083
2024-04-03 12:00:00,-1.4084
2024-04-03 13:00:00,-1.4035
2024-04-03 14:00:00,-1.4106
2024-04-03 15:00:00,-1.4151
2024-04-03 16:00:00,-1.4185
2024-04-03 17:00:00,-1.4202
2024-04-03 18:00:00,-1.4216
2024-04-03 19:00:00,-1.4207
2024-04-03 20:00:00,-1.4213
2024-04-03 21:00:00,-1.4220
2024-04-03 22:00:00,-1.4223
2024-04-03 23:00:00,-1.4245
2024-04-04 00:00:00,-1.4261
2024-04-04 01:00:00,-1.4291
2024-04-04 02:00:00,-1.4304
2024-04-04 03:00:00,-1.4296
2024-04-04 04:00:00,-1.4311
2024-04-04 05:00:00,-1.4322
2024-04-04 06:00:00,-1.4324
2024-04-04 07:00:00,-1.4274
2024-04-04 08:00:00,-1.4274
2024-04-04 09:00:00,-1.4213
2024-04-04 10:00:00,-1.4136
2024-04-04 11:00:00,-1.1963
2024-04-04 12:00:00,-1.0991
2024-04-04 13:00:00,-1.1124
2024-04-04 14:00:00,-1.1382
2024-04-04 15:00:00,-1.1585
2024-04-04 16:00:00,-1.1686
2024-04-04 17:00:00,-1.1834
2024-04-04 18:00:00,-1.1947
2024-04-04 19:00:00,-1.2326
2024-04-04 20:00:00,-1.2537
2024-04-04 21:00:00,-1.2733
2024-04-04 22:00:00,-1.2910
2024-04-04 23:00:00,-1.3162
2024-04-05 00:00:00,-1.3307
2024-04-05 01:00:00,-1.3505
2024-04-05 02:00:00,-1.3593
2024-04-05 03:00:00,-1.3689
2024-04-05 04:00:00,-1.3682
2024-04-05 05:00:00,-1.3729
2024-04-05 06:00:00,-1.3774
2024-04-05 07:00:00,-1.3802
2024-04-05 08:00:00,-1.3824
2024-04-05 09:00:00,-1.3808
2024-04-05 10:00:00,-1.3825
2024-04-05 11:00:00,-1.3850
2024-04-05 12:00:00,-1.3929
2024-04-05 13:00:00,-1.3978
2024-04-05 14:00:00,-1.3719
2024-04-05 15:00:00,-1.3740
2024-04-05 16:00:00,-1.3745
2024-04-05 17:00:00,-1.3719
2024-04-05 18:00:00,-1.3671
2024-04-05 19:00:00,-1.3636
2024-04-05 20:00:00,-1.3602
2024-04-05 21:00:00,-1.3584
2024-04-05 22:00:00,-1.3571
2024-04-05 23:00:00,-1.3546
2024-04-06 00:00:00,-1.3546
2024-04-06 01:00:00,-1.3583
2024-04-06 02:00:00,-1.3588
2024-04-06 03:00:00,-1.3597
2024-04-06 04:00:00,-1.3588
2024-04-06 05:00:00,-1.3574
2024-04-06 06:00:00,-1.3572
2024-04-06 07:00:00,-1.3560
2024-04-06 08:00:00,-1.3612
2024-04-06 09:00:00,-1.3630
2024-04-06 10:00:00,-1.3650
2024-04-06 11:00:00,-1.3658
2024-04-06 12:00:00,-1.3652
2024-04-06 13:00:00,-1.3657
2024-04-06 14:00:00,-1.3669
2024-04-06 15:00:00,-1.3683
2024-04-06 16:00:00,-1.3680
2024-04-06 17:00:00,-1.3659
2024-04-06 18:00:00,-1.3677
2024-04-06 19:00:00,-1.3691
2024-04-06 20:00:00,-1.3707
2024-04-06 21:00:00,-1.3745
2024-04-06 22:00:00,-1.3778
2024-04-06 23:00:00,-1.3770
2024-04-07 00:00:00,-1.3758
2024-04-07 01:00:00,-1.3752
2024-04-07 02:00:00,-1.3724
2024-04-07 03:00:00,-1.3700
2024-04-07 04:00:00,-1.3661
2024-04-07 05:00:00,-1.3624
2024-04-07 06:00:00,-1.3611
2024-04-07 07:00:00,-1.3590
2024-04-07 08:00:00,-1.3652
2024-04-07 09:00:00,-1.3762
2024-04-07 10:00:00,-1.3888
2024-04-07 11:00:00,-1.3966
2024-04-07 12:00:00,-1.4037
2024-04-07 13:00:00,-1.4059
2024-04-07 14:00:00,-1.4068
2024-04-07 15:00:00,-1.4030
2024-04-07 16:00:00,-1.3996
2024-04-07 17:00:00,-1.3991
2024-04-07 18:00:00,-1.4028
2024-04-07 19:00:00,-1.4080
2024-04-07 20:00:00,-1.4112
2024-04-07 21:00:00,-1.4151
2024-04-07 22:00:00,-1.4190
2024-04-07 23:00:00,-1.4225
2024-04-08 00:00:00,-1.4241
2024-04-08 01:00:00,-1.4253
2024-04-08 02:00:00,-1.4272
2024-04-08 03:00:00,-1.4284
2024-04-08 04:00:00,-1.4267
2024-04-08 05:00:00,-1.4304
2024-04-08 06:00:00,-1.4306
2024-04-08 07:00:00,-1.4345
2024-04-08 08:00:00,-1.4348
2024-04-08 09:00:00,-1.4381
2024-04-08 10:00:00,-1.4361
2024-04-08 11:00:00,-1.4331
2024-04-08 12:00:00,-1.4323
2024-04-08 13:00:00,-1.4330
2024-04-08 14:00:00,-1.4320
2024-04-08 15:00:00,-1.4273
2024-04-08 16:00:00,-1.4216
2024-04-08 17:00:00,-1.4163
2024-04-08 18:00:00,-1.4128
2024-04-08 19:00:00,-1.4116
2024-04-08 20:00:00,-1.4140
2024-04-08 21:00:00,-1.4153
2024-04-08 22:00:00,-1.4200
2024-04-08 23:00:00,-1.4207
2024-04-09 00:00:00,-1.4206
2024-04-09 01:00:00,-1.4200
2024-04-09 02:00:00,-1.4206
2024-04-09 03:00:00,-1.4240
2024-04-09 04:00:00,-1.4297
2024-04-09 05:00:00,-1.4336
2024-04-09 06:00:00,-1.4361
2024-04-09 07:00:00,-1.4395
2024-04-09 08:00:00,-1.4442
2024-04-09 09:00:00,-1.4435
2024-04-09 10:00:00,-1.4383
2024-04-09 11:00:00,-1.4372
2024-04-09 12:00:00,-1.4380
2024-04-09 13:00:00,-1.4437
2024-04-09 14:00:00,-1.4493
2024-04-09 15:00:00,-1.4544
2024-04-09 16:00:00,-1.4583
2024-04-09 17:00:00,-1.4581
2024-04-09 18:00:00,-1.4580
2024-04-09 19:00:00,-1.4593
2024-04-09 20:00:00,-1.4560
2024-04-09 21:00:00,-1.4536
2024-04-09 22:00:00,-1.4591
2024-04-09 23:00:00,-1.4563
2024-04-10 00:00:00,-1.4524
2024-04-10 01:00:00,-1.4480
2024-04-10 02:00:00,-1.4423
2024-04-10 03:00:00,-1.4398
2024-04-10 04:00:00,-1.4346
2024-04-10 05:00:00,-1.4312
2024-04-10 06:00:00,-1.4292
2024-04-10 07:00:00,-1.4312
2024-04-10 08:00:00,-1.4376
2024-04-10 09:00:00,-1.4447
2024-04-10 10:00:00,-1.4469
2024-04-10 11:00:00,-1.4526
2024-04-10 12:00:00,-1.4554
2024-04-10 13:00:00,-1.4593
2024-04-10 14:00:00,-1.4575
2024-04-10 15:00:00,-1.4566
2024-04-10 16:00:00,-1.4537
2024-04-10 17:00:00,-1.4509
2024-04-10 18:00:00,-1.4503
2024-04-10 19:00:00,-1.4481
2024-04-10 20:00:00,-1.4480
2024-04-10 21:00:00,-1.4514
2024-04-10 22:00:00,-1.4559
2024-04-10 23:00:00,-1.4599
2024-04-11 00:00:00,-1.4643
2024-04-11 01:00:00,-1.4692
2024-04-11 02:00:00,-1.4705
2024-04-11 03:00:00,-1.4744
2024-04-11 04:00:00,-1.4753
2024-04-11 05:00:00,-1.4759
2024-04-11 06:00:00,-1.4755
2024-04-11 07:00:00,-1.4796
2024-04-11 08:00:00,-1.4792
2024-04-11 09:00:00,-1.4776
2024-04-11 10:00:00,-1.4778
2024-04-11 11:00:00,-1.4785
2024-04-11 12:00:00,-1.4785
2024-04-11 13:00:00,-1.4785
2024-04-11 14:00:00,-1.4796
2024-04-11 15:00:00,-1.4787
2024-04-11 16:00:00,-1.4770
2024-04-11 17:00:00,-1.4761
2024-04-11 18:00:00,-1.4771
2024-04-11 19:00:00,-1.4786
2024-04-11 20:00:00,-1.4786
2024-04-11 21:00:00,-1.4783
2024-04-11 22:00:00,-1.4785
2024-04-11 23:00:00,-1.4811
2024-04-12 00:00:00,-1.4822
2024-04-12 01:00:00,-1.4823
2024-04-12 02:00:00,-1.4815
2024-04-12 03:00:00,-1.4802
2024-04-12 04:00:00,-1.4800
2024-04-12 05:00:00,-1.4807
2024-04-12 06:00:00,-1.4804
2024-04-12 07:00:00,-1.4798
2024-04-12 08:00:00,-1.4797
2024-04-12 09:00:00,-1.4791
2024-04-12 10:00:00,-1.4785
2024-04-12 11:00:00,-1.4781
2024-04-12 12:00:00,-1.4781
2024-04-12 13:00:00,-1.4783
2024-04-12 14:00:00,-1.4777
2024-04-12 15:00:00,-1.4747
2024-04-12 16:00:00,-1.4721
2024-04-12 17:00:00,-1.4693
2024-04-12 18:00:00,-1.4626
2024-04-12 19:00:00,-1.4597
2024-04-12 20:00:00,-1.4591
2024-04-12 21:00:00,-1.4569
2024-04-12 22:00:00,-1.4558
2024-04-12 23:00:00,-1.4549
2024-04-13 00:00:00,-1.4566
2024-04-13 01:00:00,-1.4593
2024-04-13 02:00:00,-1.4633
2024-04-13 03:00:00,-1.4685
2024-04-13 04:00:00,-1.4703
2024-04-13 05:00:00,-1.4721
2024-04-13 06:00:00,-1.4743
2024-04-13 07:00:00,-1.4776
2024-04-13 08:00:00,-1.4789
2024-04-13 09:00:00,-1.4782
2024-04-13 10:00:00,-1.4800
2024-04-13 11:00:00,-1.4789
2024-04-13 12:00:00,-1.4765
2024-04-13 13:00:00,-1.4744
2024-04-13 14:00:00,-1.4705
2024-04-13 15:00:00,-1.4664
2024-04-13 16:00:00,-1.4565
2024-04-13 17:00:00,-1.4525
2024-04-13 18:00:00,-1.4493
2024-04-13 19:00:00,-1.4443
2024-04-13 20:00:00,-1.4424
2024-04-13 21:00:00,-1.4443
2024-04-13 22:00:00,-1.4499
2024-04-13 23:00:00,-1.4549
2024-04-14 00:00:00,-1.4621
2024-04-14 01:00:00,-1.4674
2024-04-14 02:00:00,-1.4714
2024-04-14 03:00:00,-1.4738
2024-04-14 04:00:00,-1.4744
2024-04-14 05:00:00,-1.4782
2024-04-14 06:00:00,-1.4789
2024-04-14 07:00:00,-1.4781
2024-04-14 08:00:00,-1.4761
2024-04-14 09:00:00,-1.4770
2024-04-14 10:00:00,-1.4778
2024-04-14 11:00:00,-1.4798
2024-04-14 12:00:00,-1.4793
2024-04-14 13:00:00,-1.4777
2024-04-14 14:00:00,-1.4760
2024-04-14 15:00:00,-1.4697
2024-04-14 16:00:00,-1.4671
2024-04-14 17:00:00,-1.4685
2024-04-14 18:00:00,-1.4710
2024-04-14 19:00:00,-1.4724
2024-04-14 20:00:00,-1.4707
2024-04-14 21:00:00,-1.4701
2024-04-14 22:00:00,-1.4719
2024-04-14 23:00:00,-1.4760
2024-04-15 00:00:00,-1.4778
2024-04-15 01:00:00,-1.4754
2024-04-15 02:00:00,-1.4757
2024-04-15 03:00:00,-1.4724
2024-04-15 04:00:00,-1.4685
2024-04-15 05:00:00,-1.4667
2024-04-15 06:00:00,-1.4647
2024-04-15 07:00:00,-1.4643
2024-04-15 08:00:00,-1.4599
2024-04-15 09:00:00,-1.4566
2024-04-15 10:00:00,-1.4533
2024-04-15 11:00:00,-1.4511
2024-04-15 12:00:00,-1.4487
2024-04-15 13:00:00,-1.4482
2024-04-15 14:00:00,-1.4416
2024-04-15 15:00:00,-1.4418
2024-04-15 16:00:00,-1.4405
2024-04-15 17:00:00,-1.4437
2024-04-15 18:00:00,-1.4414
2024-04-15 19:00:00,-1.4408
2024-04-15 20:00:00,-1.4234
2024-04-15 21:00:00,-1.4158
2024-04-15 22:00:00,-1.4091
2024-04-15 23:00:00,-1.4045
2024-04-16 00:00:00,-1.4033
2024-04-16 01:00:00,-1.3975
2024-04-16 02:00:00,-1.3968
2024-04-16 03:00:00,-1.3935
2024-04-16 04:00:00,-1.3883
2024-04-16 05:00:00,-1.3825
2024-04-16 06:00:00,-1.3764
2024-04-16 07:00:00,-1.3675
2024-04-16 08:00:00,-1.3675
2024-04-16 09:00:00,-1.3683
2024-04-16 10:00:00,-1.3655
2024-04-16 11:00:00,-1.3646
2024-04-16 12:00:00,-1.3632
2024-04-16 13:00:00,-1.3624
2024-04-16 14:00:00,-1.3602
2024-04-16 15:00:00,-1.3624
2024-04-16 16:00:00,-1.3639
2024-04-16 17:00:00,-1.3686
2024-04-16 18:00:00,-1.3735
2024-04-16 19:00:00,-1.3790
2024-04-16 20:00:00,-1.3830
2024-04-16 21:00:00,-1.3861
2024-04-16 22:00:00,-1.3894
2024-04-16 23:00:00,-1.3940
2024-04-17 00:00:00,-1.4007
2024-04-17 01:00:00,-1.4067
2024-04-17 02:00:00,-1.4122
2024-04-17 03:00:00,-1.4142
2024-04-17 04:00:00,-1.4174
2024-04-17 05:00:00,-1.4196
2024-04-17 06:00:00,-1.4211
2024-04-17 07:00:00,-1.4222
2024-04-17 08:00:00,-1.4177
2024-04-17 09:00:00,-1.4103
2024-04-17 10:00:00,-1.4051
2024-04-17 11:00:00,-1.3975
2024-04-17 12:00:00,-1.3908
2024-04-17 13:00:00,-1.3194
2024-04-17 14:00:00,-1.1710
2024-04-17 15:00:00,-1.1585
2024-04-17 16:00:00,-1.1530
2024-04-17 17:00:00,-1.1212
2024-04-17 18:00:00,-1.1330
2024-04-17 19:00:00,-1.1805
2024-04-17 20:00:00,-1.2034
2024-04-17 21:00:00,-1.2220
2024-04-17 22:00:00,-1.2135
2024-04-17 23:00:00,-1.2220
2024-04-18 00:00:00,-1.2365
2024-04-18 01:00:00,-1.2567
2024-04-18 02:00:00,-1.2736
2024-04-18 03:00:00,-1.2882
2024-04-18 04:00:00,-1.2949
2024-04-18 05:00:00,-1.3076
2024-04-18 06:00:00,-1.3101
2024-04-18 07:00:00,-1.3148
2024-04-18 08:00:00,-1.3084
2024-04-18 09:00:00,-1.3117
2024-04-18 10:00:00,-1.3165
2024-04-18 11:00:00,-1.3277
2024-04-18 12:00:00,-1.3332
2024-04-18 13:00:00,-1.3362
2024-04-18 14:00:00,-1.3433
2024-04-18 15:00:00,-1.3501
2024-04-18 16:00:00,-1.3558
2024-04-18 17:00:00,-1.3591
2024-04-18 18:00:00,-1.3616
2024-04-18 19:00:00,-1.3634
2024-04-18 20:00:00,-1.3662
2024-04-18 21:00:00,-1.3685
2024-04-18 22:00:00,-1.3717
2024-04-18 23:00:00,-1.3711
2024-04-19 00:00:00,-1.3714
2024-04-19 01:00:00,-1.3695
2024-04-19 02:00:00,-1.3674
2024-04-19 03:00:00,-1.3629
2024-04-19 04:00:00,-1.3540
2024-04-19 05:00:00,-1.3497
2024-04-19 06:00:00,-1.3438
2024-04-19 07:00:00,-1.3349
2024-04-19 08:00:00,-1.3244
2024-04-19 09:00:00,-1.3179
2024-04-19 10:00:00,-1.3090
2024-04-19 11:00:00,-1.2738
2024-04-19 12:00:00,-1.2433
2024-04-19 13:00:00,-1.2171
2024-04-19 14:00:00,-1.2007
2024-04-19 15:00:00,-1.1949
2024-04-19 16:00:00,-1.1809
2024-04-19 17:00:00,-1.1752
2024-04-19 18:00:00,-1.1669
2024-04-19 19:00:00,-1.1597
2024-04-19 20:00:00,-1.1561
2024-04-19 21:00:00,-1.1491
2024-04-19 22:00:00,-1.1486
2024-04-19 23:00:00,-1.1454
2024-04-20 00:00:00,-1.1428
2024-04-20 01:00:00,-1.1507
2024-04-20 02:00:00,-1.1701
2024-04-20 03:00:00,-1.1841
2024-04-20 04:00:00,-1.1918
2024-04-20 05:00:00,-1.1973
2024-04-20 06:00:00,-1.2034
2024-04-20 07:00:00,-1.2148
2024-04-20 08:00:00,-1.2196
2024-04-20 09:00:00,-1.2233
2024-04-20 10:00:00,-1.2439
2024-04-20 11:00:00,-1.2555
2024-04-20 12:00:00,-1.2666
2024-04-20 13:00:00,-1.2655
2024-04-20 14:00:00,-1.2633
2024-04-20 15:00:00,-1.2648
2024-04-20 16:00:00,-1.2551
2024-04-20 17:00:00,-1.2426
2024-04-20 18:00:00,-1.2372
2024-04-20 19:00:00,-1.2410
2024-04-20 20:00:00,-1.2350
2024-04-20 21:00:00,-1.2254
2024-04-20 22:00:00,-1.2298
2024-04-20 23:00:00,-1.2287
2024-04-21 00:00:00,-1.2270
2024-04-21 01:00:00,-1.2311
2024-04-21 02:00:00,-1.2321
2024-04-21 03:00:00,-1.2313
2024-04-21 04:00:00,-1.2431
2024-04-21 05:00:00,-1.2510
2024-04-21 06:00:00,-1.2648
2024-04-21 07:00:00,-1.2868
2024-04-21 08:00:00,-1.2962
2024-04-21 09:00:00,-1.3049
2024-04-21 10:00:00,-1.3163
2024-04-21 11:00:00,-1.3254
2024-04-21 12:00:00,-1.3312
2024-04-21 13:00:00,-1.3417
2024-04-21 14:00:00,-1.3440
2024-04-21 15:00:00,-1.3460
2024-04-21 16:00:00,-1.3487
2024-04-21 17:00:00,-1.3483
2024-04-21 18:00:00,-1.3496
2024-04-21 19:00:00,-1.3564
2024-04-21 20:00:00,-1.3605
2024-04-21 21:00:00,-1.3644
2024-04-21 22:00:00,-1.3683
2024-04-21 23:00:00,-1.3683
2024-04-22 00:00:00,-1.3627
2024-04-22 01:00:00,-1.3574
2024-04-22 02:00:00,-1.3491
2024-04-22 03:00:00,-1.3405
2024-04-22 04:00:00,-1.3366
2024-04-22 05:00:00,-1.3355
2024-04-22 06:00:00,-1.3300
2024-04-22 07:00:00,-1.3302
2024-04-22 08:00:00,-1.3351
2024-04-22 09:00:00,-1.3422
2024-04-22 10:00:00,-1.3513
2024-04-22 11:00:00,-1.3571
2024-04-22 12:00:00,-1.3622
2024-04-22 13:00:00,-1.3678
2024-04-22 14:00:00,-1.3741
2024-04-22 15:00:00,-1.3783
2024-04-22 16:00:00,-1.3779
2024-04-22 17:00:00,-1.3799
2024-04-22 18:00:00,-1.3727
2024-04-22 19:00:00,-1.3745
2024-04-22 20:00:00,-1.3749
2024-04-22 21:00:00,-1.3817
2024-04-22 22:00:00,-1.3875
2024-04-22 23:00:00,-1.3934
2024-04-23 00:00:00,-1.3992
2024-04-23 01:00:00,-1.4022
2024-04-23 02:00:00,-1.4042
2024-04-23 03:00:00,-1.4034
2024-04-23 04:00:00,-1.4055
2024-04-23 05:00:00,-1.4018
2024-04-23 06:00:00,-1.4013
2024-04-23 07:00:00,-1.3975
2024-04-23 08:00:00,-1.3940
2024-04-23 09:00:00,-1.3928
2024-04-23 10:00:00,-1.3960
2024-04-23 11:00:00,-1.4024
2024-04-23 12:00:00,-1.4046
2024-04-23 13:00:00,-1.4091
2024-04-23 14:00:00,-1.4089
2024-04-23 15:00:00,-1.4106
2024-04-23 16:00:00,-1.4075
2024-04-23 17:00:00,-1.4033
2024-04-23 18:00:00,-1.3983
2024-04-23 19:00:00,-1.3933
2024-04-23 20:00:00,-1.3928
2024-04-23 21:00:00,-1.3933
2024-04-23 22:00:00,-1.3978
2024-04-23 23:00:00,-1.4014
2024-04-24 00:00:00,-1.4019
2024-04-24 01:00:00,-1.4001
2024-04-24 02:00:00,-1.3973
2024-04-24 03:00:00,-1.3961
2024-04-24 04:00:00,-1.3952
2024-04-24 05:00:00,-1.3937
2024-04-24 06:00:00,-1.3962
2024-04-24 07:00:00,-1.3939
2024-04-24 08:00:00,-1.3925
2024-04-24 09:00:00,-1.3945
2024-04-24 10:00:00,-1.3940
2024-04-24 11:00:00,-1.3910
2024-04-24 12:00:00,-1.3864
2024-04-24 13:00:00,-1.3833
2024-04-24 14:00:00,-1.3805
2024-04-24 15:00:00,-1.3747
2024-04-24 16:00:00,-1.3707
2024-04-24 17:00:00,-1.3633
2024-04-24 18:00:00,-1.3594
2024-04-24 19:00:00,-1.3527
2024-04-24 20:00:00,-1.3467
2024-04-24 21:00:00,-1.3436
2024-04-24 22:00:00,-1.3465
2024-04-24 23:00:00,-1.3451
2024-04-25 00:00:00,-1.3415
2024-04-25 01:00:00,-1.3462
2024-04-25 02:00:00,-1.3415
2024-04-25 03:00:00,-1.3413
2024-04-25 04:00:00,-1.3404
2024-04-25 05:00:00,-1.3365
2024-04-25 06:00:00,-1.3379
2024-04-25 07:00:00,-1.3343
2024-04-25 08:00:00,-1.3340
2024-04-25 09:00:00,-1.3365
2024-04-25 10:00:00,-1.3368
2024-04-25 11:00:00,-1.3386
2024-04-25 12:00:00,-1.3356
2024-04-25 13:00:00,-1.3326
2024-04-25 14:00:00,-1.3301
2024-04-25 15:00:00,-1.3293
2024-04-25 16:00:00,-1.3300
2024-04-25 17:00:00,-1.3250
2024-04-25 18:00:00,-1.3241
2024-04-25 19:00:00,-1.3272
2024-04-25 20:00:00,-1.3285
2024-04-25 21:00:00,-1.3321
2024-04-25 22:00:00,-1.3369
2024-04-25 23:00:00,-1.3374
2024-04-26 00:00:00,-1.3358
2024-04-26 01:00:00,-1.3330
2024-04-26 02:00:00,-1.3305
2024-04-26 03:00:00,-1.3289
2024-04-26 04:00:00,-1.3229
2024-04-26 05:00:00,-1.3155
2024-04-26 06:00:00,-1.3109
2024-04-26 07:00:00,-1.3056
2024-04-26 08:00:00,-1.3053
2024-04-26 09:00:00,-1.2967
2024-04-26 10:00:00,-1.2900
2024-04-26 11:00:00,-1.2812
2024-04-26 12:00:00,-1.2816
2024-04-26 13:00:00,-1.2750
2024-04-26 14:00:00,-1.2643
2024-04-26 15:00:00,-1.2686
2024-04-26 16:00:00,-1.2638
2024-04-26 17:00:00,-1.2540
2024-04-26 18:00:00,-1.2497
2024-04-26 19:00:00,-1.2460
2024-04-26 20:00:00,-1.2479
2024-04-26 21:00:00,-1.2545
2024-04-26 22:00:00,-1.2576
2024-04-26 23:00:00,-1.2581
2024-04-27 00:00:00,-1.2655
2024-04-27 01:00:00,-1.2683
2024-04-27 02:00:00,-1.2657
2024-04-27 03:00:00,-1.2695
2024-04-27 04:00:00,-1.2662
2024-04-27 05:00:00,-1.2646
2024-04-27 06:00:00,-1.2659
2024-04-27 07:00:00,-1.2620
2024-04-27 08:00:00,-1.2642
2024-04-27 09:00:00,-1.2626
2024-04-27 10:00:00,-1.2746
2024-04-27 11:00:00,-1.3128
2024-04-27 12:00:00,-1.3286
2024-04-27 13:00:00,-1.3306
2024-04-27 14:00:00,-1.3379
2024-04-27 15:00:00,-1.3446
2024-04-27 16:00:00,-1.3471
2024-04-27 17:00:00,-1.3483
2024-04-27 18:00:00,-1.3513
2024-04-27 19:00:00,-1.3492
2024-04-27 20:00:00,-1.3456
2024-04-27 21:00:00,-1.3469
2024-04-27 22:00:00,-1.3467
2024-04-27 23:00:00,-1.3517
2024-04-28 00:00:00,-1.3613
2024-04-28 01:00:00,-1.3706
2024-04-28 02:00:00,-1.3779
2024-04-28 03:00:00,-1.3801
2024-04-28 04:00:00,-1.3805
2024-04-28 05:00:00,-1.3830
2024-04-28 06:00:00,-1.3855
2024-04-28 07:00:00,-1.3875
2024-04-28 08:00:00,-1.3868
2024-04-28 09:00:00,-1.3869
2024-04-28 10:00:00,-1.3899
2024-04-28 11:00:00,-1.3931
2024-04-28 12:00:00,-1.3997
2024-04-28 13:00:00,-1.4036
2024-04-28 14:00:00,-1.4067
2024-04-28 15:00:00,-1.4095
2024-04-28 16:00:00,-1.4136
2024-04-28 17:00:00,-1.4163
2024-04-28 18:00:00,-1.4228
2024-04-28 19:00:00,-1.4214
2024-04-28 20:00:00,-1.4214
2024-04-28 21:00:00,-1.4225
2024-04-28 22:00:00,-1.4253
2024-04-28 23:00:00,-1.4231
2024-04-29 00:00:00,-1.4254
2024-04-29 01:00:00,-1.4245
2024-04-29 02:00:00,-1.4236
2024-04-29 03:00:00,-1.4195
2024-04-29 04:00:00,-1.4152
2024-04-29 05:00:00,-1.4074
2024-04-29 06:00:00,-1.4007
2024-04-29 07:00:00,-1.3972
2024-04-29 08:00:00,-1.3908
2024-04-29 09:00:00,-1.3910
2024-04-29 10:00:00,-1.3888
2024-04-29 11:00:00,-1.3852
2024-04-29 12:00:00,-1.3845
2024-04-29 13:00:00,-1.3872
2024-04-29 14:00:00,-1.3884
2024-04-29 15:00:00,-1.3899
2024-04-29 16:00:00,-1.3933
2024-04-29 17:00:00,-1.3922
2024-04-29 18:00:00,-1.3908
2024-04-29 19:00:00,-1.3906
2024-04-29 20:00:00,-1.3881
2024-04-29 21:00:00,-1.3842
2024-04-29 22:00:00,-1.3820
2024-04-29 23:00:00,-1.3864
2024-04-30 00:00:00,-1.3913
2024-04-30 01:00:00,-1.3980
2024-04-30 02:00:00,-1.4053
2024-04-30 03:00:00,-1.4090
2024-04-30 04:00:00,-1.4136
2024-04-30 05:00:00,-1.4162
2024-04-30 06:00:00,-1.4159
2024-04-30 07:00:00,-1.4146
2024-04-30 08:00:00,-1.4143
2024-04-30 09:00:00,-1.4096
2024-04-30 10:00:00,-1.4100
2024-04-30 11:00:00,-1.4076
2024-04-30 12:00:00,-1.4113
2024-04-30 13:00:00,-1.4143
2024-04-30 14:00:00,-1.4178
2024-04-30 15:00:00,-1.4213
2024-04-30 16:00:00,-1.4239
2024-04-30 17:00:00,-1.4251
2024-04-30 18:00:00,-1.4257
2024-04-30 19:00:00,-1.4231
2024-04-30 20:00:00,-1.4212
2024-04-30 21:00:00,-1.4200
2024-04-30 22:00:00,-1.4197
2024-04-30 23:00:00,-1.4156
2024-05-01 00:00:00,-1.4140
2024-05-01 01:00:00,-1.4164
2024-05-01 02:00:00,-1.4204
2024-05-01 03:00:00,-1.4228
2024-05-01 04:00:00,-1.4269
2024-05-01 05:00:00,-1.4212
2024-05-01 06:00:00,-1.4216
2024-05-01 07:00:00,-1.4175
2024-05-01 08:00:00,-1.4134
2024-05-01 09:00:00,-1.4097
2024-05-01 10:00:00,-1.4035
2024-05-01 11:00:00,-1.3981
2024-05-01 12:00:00,-1.3940
2024-05-01 13:00:00,-1.3873
2024-05-01 14:00:00,-1.3822
2024-05-01 15:00:00,-1.3833
2024-05-01 16:00:00,-1.3825
2024-05-01 17:00:00,-1.3802
2024-05-01 18:00:00,-1.3752
2024-05-01 19:00:00,-1.3706
2024-05-01 20:00:00,-1.3655
2024-05-01 21:00:00,-1.3661
2024-05-01 22:00:00,-1.3633
2024-05-01 23:00:00,-1.3644
2024-05-02 00:00:00,-1.3618
2024-05-02 01:00:00,-1.3574
2024-05-02 02:00:00,-1.3460
2024-05-02 03:00:00,-1.3480
2024-05-02 04:00:00,-1.3502
2024-05-02 05:00:00,-1.3530
2024-05-02 06:00:00,-1.3524
2024-05-02 07:00:00,-1.3528
2024-05-02 08:00:00,-1.3495
2024-05-02 09:00:00,-1.3494
2024-05-02 10:00:00,-1.3487
2024-05-02 11:00:00,-1.3462
2024-05-02 12:00:00,-1.3478
2024-05-02 13:00:00,-1.3513
2024-05-02 14:00:00,-1.3527
2024-05-02 15:00:00,-1.3491
2024-05-02 16:00:00,-1.3500
2024-05-02 17:00:00,-1.3575
2024-05-02 18:00:00,-1.3601
2024-05-02 19:00:00,-1.3639
2024-05-02 20:00:00,-1.3636
2024-05-02 21:00:00,-1.3627
2024-05-02 22:00:00,-1.3705
2024-05-02 23:00:00,-1.3722
2024-05-03 00:00:00,-1.3799
2024-05-03 01:00:00,-1.3858
2024-05-03 02:00:00,-1.3975
2024-05-03 03:00:00,-1.4072
2024-05-03 04:00:00,-1.4033
2024-05-03 05:00:00,-1.4069
2024-05-03 06:00:00,-1.4103
2024-05-03 07:00:00,-1.4173
2024-05-03 08:00:00,-1.4223
2024-05-03 09:00:00,-1.4230
2024-05-03 10:00:00,-1.4254
2024-05-03 11:00:00,-1.4326
2024-05-03 12:00:00,-1.4402
2024-05-03 13:00:00,-1.4424
2024-05-03 14:00:00,-1.4475
2024-05-03 15:00:00,-1.4508
2024-05-03 16:00:00,-1.4515
2024-05-03 17:00:00,-1.4554
2024-05-03 18:00:00,-1.4566
2024-05-03 19:00:00,-1.4549
2024-05-03 20:00:00,-1.4531
2024-05-03 21:00:00,-1.4533
2024-05-03 22:00:00,-1.4541
2024-05-03 23:00:00,-1.4549
2024-05-04 00:00:00,-1.4542
2024-05-04 01:00:00,-1.4538
2024-05-04 02:00:00,-1.4552
2024-05-04 03:00:00,-1.4520
2024-05-04 04:00:00,-1.4466
2024-05-04 05:00:00,-1.4408
2024-05-04 06:00:00,-1.4371
2024-05-04 07:00:00,-1.4324
2024-05-04 08:00:00,-1.4279
2024-05-04 09:00:00,-1.4257
2024-05-04 10:00:00,-1.4216
2024-05-04 11:00:00,-1.4196
2024-05-04 12:00:00,-1.4178
2024-05-04 13:00:00,-1.4070
2024-05-04 14:00:00,-1.4061
2024-05-04 15:00:00,-1.4022
2024-05-04 16:00:00,-1.4036
2024-05-04 17:00:00,-1.4061
2024-05-04 18:00:00,-1.4055
2024-05-04 19:00:00,-1.4100
2024-05-04 20:00:00,-1.4070
2024-05-04 21:00:00,-1.4010
2024-05-04 22:00:00,-1.3958
2024-05-04 23:00:00,-1.3950
2024-05-05 00:00:00,-1.3875
2024-05-05 01:00:00,-1.3791
2024-05-05 02:00:00,-1.3705
2024-05-05 03:00:00,-1.3684
2024-05-05 04:00:00,-1.3599
2024-05-05 05:00:00,-1.3450
2024-05-05 06:00:00,-1.3346
2024-05-05 07:00:00,-1.3265
2024-05-05 08:00:00,-1.3166
2024-05-05 09:00:00,-1.3135
2024-05-05 10:00:00,-1.3229
2024-05-05 11:00:00,-1.3234
2024-05-05 12:00:00,-1.3101
2024-05-05 13:00:00,-1.3051
2024-05-05 14:00:00,-1.2893
2024-05-05 15:00:00,-1.2695
2024-05-05 16:00:00,-1.2722
2024-05-05 17:00:00,-1.2805
2024-05-05 18:00:00,-1.2840
2024-05-05 19:00:00,-1.3001
2024-05-05 20:00:00,-1.2992
2024-05-05 21:00:00,-1.3041
2024-05-05 22:00:00,-1.3132
2024-05-05 23:00:00,-1.3182
2024-05-06 00:00:00,-1.3260
2024-05-06 01:00:00,-1.3161
2024-05-06 02:00:00,-1.3083
2024-05-06 03:00:00,-1.3044
2024-05-06 04:00:00,-1.3040
2024-05-06 05:00:00,-1.3095
2024-05-06 06:00:00,-1.3151
2024-05-06 07:00:00,-1.3078
2024-05-06 08:00:00,-1.3141
2024-05-06 09:00:00,-1.3143
2024-05-06 10:00:00,-1.3137
2024-05-06 11:00:00,-1.3122
2024-05-06 12:00:00,-1.3107
2024-05-06 13:00:00,-1.3221
2024-05-06 14:00:00,-1.3262
2024-05-06 15:00:00,-1.3189
2024-05-06 16:00:00,-1.3232
2024-05-06 17:00:00,-1.3238
2024-05-06 18:00:00,-1.3201
2024-05-06 19:00:00,-1.3232
2024-05-06 20:00:00,-1.3349
2024-05-06 21:00:00,-1.3394
2024-05-06 22:00:00,-1.3446
2024-05-06 23:00:00,-1.3479
2024-05-07 00:00:00,-1.3501
2024-05-07 01:00:00,-1.3462
2024-05-07 02:00:00,-1.3410
2024-05-07 03:00:00,-1.3415
2024-05-07 04:00:00,-1.3390
2024-05-07 05:00:00,-1.3399
2024-05-07 06:00:00,-1.3389
2024-05-07 07:00:00,-1.3350
2024-05-07 08:00:00,-1.3366
2024-05-07 09:00:00,-1.3341
2024-05-07 10:00:00,-1.3327
2024-05-07 11:00:00,-1.3316
2024-05-07 12:00:00,-1.3335
2024-05-07 13:00:00,-1.3351
2024-05-07 14:00:00,-1.3388
2024-05-07 15:00:00,-1.3399
2024-05-07 16:00:00,-1.3389
2024-05-07 17:00:00,-1.3439
2024-05-07 18:00:00,-1.3378
2024-05-07 19:00:00,-1.3300
2024-05-07 20:00:00,-1.3259
2024-05-07 21:00:00,-1.3297
2024-05-07 22:00:00,-1.3349
2024-05-07 23:00:00,-1.3444
2024-05-08 00:00:00,-1.3494
2024-05-08 01:00:00,-1.3527
2024-05-08 02:00:00,-1.3530
2024-05-08 03:00:00,-1.3518
2024-05-08 04:00:00,-1.3483
2024-05-08 05:00:00,-1.3468
2024-05-08 06:00:00,-1.3419
2024-05-08 07:00:00,-1.3518
2024-05-08 08:00:00,-1.3579
2024-05-08 09:00:00,-1.3608
2024-05-08 10:00:00,-1.3668
2024-05-08 11:00:00,-1.3749
2024-05-08 12:00:00,-1.3816
2024-05-08 13:00:00,-1.3877
2024-05-08 14:00:00,-1.3937
2024-05-08 15:00:00,-1.3990
2024-05-08 16:00:00,-1.4007
2024-05-08 17:00:00,-1.4031
2024-05-08 18:00:00,-1.4086
2024-05-08 19:00:00,-1.4117
2024-05-08 20:00:00,-1.4096
2024-05-08 21:00:00,-1.4116
2024-05-08 22:00:00,-1.4128
2024-05-08 23:00:00,-1.4137
2024-05-09 00:00:00,-1.4155
2024-05-09 01:00:00,-1.4177
2024-05-09 02:00:00,-1.4162
2024-05-09 03:00:00,-1.4150
2024-05-09 04:00:00,-1.4151
2024-05-09 05:00:00,-1.4119
2024-05-09 06:00:00,-1.4095
2024-05-09 07:00:00,-1.4097
2024-05-09 08:00:00,-1.4117
2024-05-09 09:00:00,-1.4167
2024-05-09 10:00:00,-1.4200
2024-05-09 11:00:00,-1.4212
2024-05-09 12:00:00,-1.4197
2024-05-09 13:00:00,-1.4157
2024-05-09 14:00:00,-1.4112
2024-05-09 15:00:00,-1.4103
2024-05-09 16:00:00,-1.4085
2024-05-09 17:00:00,-1.4026
2024-05-09 18:00:00,-1.3984
2024-05-09 19:00:00,-1.3978
2024-05-09 20:00:00,-1.4001
2024-05-09 21:00:00,-1.4050
2024-05-09 22:00:00,-1.4117
2024-05-09 23:00:00,-1.4173
2024-05-10 00:00:00,-1.4230
2024-05-10 01:00:00,-1.4263
2024-05-10 02:00:00,-1.4254
2024-05-10 03:00:00,-1.4197
2024-05-10 04:00:00,-1.4166
2024-05-10 05:00:00,-1.4153
2024-05-10 06:00:00,-1.4140
2024-05-10 07:00:00,-1.4145
2024-05-10 08:00:00,-1.4139
2024-05-10 09:00:00,-1.4172
2024-05-10 10:00:00,-1.4181
2024-05-10 11:00:00,-1.4193
2024-05-10 12:00:00,-1.4116
2024-05-10 13:00:00,-1.4155
2024-05-10 14:00:00,-1.4156
2024-05-10 15:00:00,-1.4170
2024-05-10 16:00:00,-1.4156
2024-05-10 17:00:00,-1.4162
2024-05-10 18:00:00,-1.4156
2024-05-10 19:00:00,-1.4148
2024-05-10 20:00:00,-1.4146
2024-05-10 21:00:00,-1.4158
2024-05-10 22:00:00,-1.4163
2024-05-10 23:00:00,-1.4196
2024-05-11 00:00:00,-1.4246
2024-05-11 01:00:00,-1.4307
2024-05-11 02:00:00,-1.4349
2024-05-11 03:00:00,-1.4334
2024-05-11 04:00:00,-1.4308
2024-05-11 05:00:00,-1.4254
2024-05-11 06:00:00,-1.4198
2024-05-11 07:00:00,-1.4187
2024-05-11 08:00:00,-1.4159
2024-05-11 09:00:00,-1.4167
2024-05-11 10:00:00,-1.4212
2024-05-11 11:00:00,-1.4216
2024-05-11 12:00:00,-1.4200
2024-05-11 13:00:00,-1.4187
2024-05-11 14:00:00,-1.4155
2024-05-11 15:00:00,-1.4132
2024-05-11 16:00:00,-1.4141
2024-05-11 17:00:00,-1.4145
2024-05-11 18:00:00,-1.4130
2024-05-11 19:00:00,-1.4117
2024-05-11 20:00:00,-1.4122
2024-05-11 21:00:00,-1.4124
2024-05-11 22:00:00,-1.4136
2024-05-11 23:00:00,-1.4128
2024-05-12 00:00:00,-1.4122
2024-05-12 01:00:00,-1.4173
2024-05-12 02:00:00,-1.4172
2024-05-12 03:00:00,-1.4211
2024-05-12 04:00:00,-1.4246
2024-05-12 05:00:00,-1.4250
2024-05-12 06:00:00,-1.4219
2024-05-12 07:00:00,-1.4172
2024-05-12 08:00:00,-1.4143
2024-05-12 09:00:00,-1.4141
2024-05-12 10:00:00,-1.4190
2024-05-12 11:00:00,-1.4264
2024-05-12 12:00:00,-1.4242
2024-05-12 13:00:00,-1.4246
2024-05-12 14:00:00,-1.4198
2024-05-12 15:00:00,-1.4008
2024-05-12 16:00:00,-1.3983
2024-05-12 17:00:00,-1.3919
2024-05-12 18:00:00,-1.3901
2024-05-12 19:00:00,-1.3894
2024-05-12 20:00:00,-1.3889
2024-05-12 21:00:00,-1.3869
2024-05-12 22:00:00,-1.3873
2024-05-12 23:00:00,-1.3888
2024-05-13 00:00:00,-1.3908
2024-05-13 01:00:00,-1.3930
2024-05-13 02:00:00,-1.3899
2024-05-13 03:00:00,-1.3880
2024-05-13 04:00:00,-1.3894
2024-05-13 05:00:00,-1.3934
2024-05-13 06:00:00,-1.3950
2024-05-13 07:00:00,-1.3920
2024-05-13 08:00:00,-1.3867
2024-05-13 09:00:00,-1.3835
2024-05-13 10:00:00,-1.3825
2024-05-13 11:00:00,-1.3830
2024-05-13 12:00:00,-1.3845
2024-05-13 13:00:00,-1.3862
2024-05-13 14:00:00,-1.3879
2024-05-13 15:00:00,-1.3891
2024-05-13 16:00:00,-1.3862
2024-05-13 17:00:00,-1.3838
2024-05-13 18:00:00,-1.3836
2024-05-13 19:00:00,-1.3816
2024-05-13 20:00:00,-1.3769
2024-05-13 21:00:00,-1.3751
2024-05-13 22:00:00,-1.3766
2024-05-13 23:00:00,-1.3757
2024-05-14 00:00:00,-1.3693
2024-05-14 01:00:00,-1.3700
2024-05-14 02:00:00,-1.3719
2024-05-14 03:00:00,-1.3691
2024-05-14 04:00:00,-1.3735
2024-05-14 05:00:00,-1.3720
2024-05-14 06:00:00,-1.3663
2024-05-14 07:00:00,-1.3578
2024-05-14 08:00:00,-1.3580
2024-05-14 09:00:00,-1.3518
2024-05-14 10:00:00,-1.3547
2024-05-14 11:00:00,-1.3572
2024-05-14 12:00:00,-1.3557
2024-05-14 13:00:00,-1.3596
2024-05-14 14:00:00,-1.3640
2024-05-14 15:00:00,-1.3621
2024-05-14 16:00:00,-1.3683
2024-05-14 17:00:00,-1.3705
2024-05-14 18:00:00,-1.3749
2024-05-14 19:00:00,-1.3774
2024-05-14 20:00:00,-1.3817
2024-05-14 21:00:00,-1.3825
2024-05-14 22:00:00,-1.3746
2024-05-14 23:00:00,-1.3673
2024-05-15 00:00:00,-1.3514
2024-05-15 01:00:00,-1.3505
2024-05-15 02:00:00,-1.3412
2024-05-15 03:00:00,-1.3361
2024-05-15 04:00:00,-1.3295
2024-05-15 05:00:00,-1.3246
2024-05-15 06:00:00,-1.3205
2024-05-15 07:00:00,-1.3172
2024-05-15 08:00:00,-1.3117
2024-05-15 09:00:00,-1.3067
2024-05-15 10:00:00,-1.3022
2024-05-15 11:00:00,-1.2966
2024-05-15 12:00:00,-1.2849
2024-05-15 13:00:00,-1.3015
2024-05-15 14:00:00,-1.3068
2024-05-15 15:00:00,-1.3024
2024-05-15 16:00:00,-1.2987
2024-05-15 17:00:00,-1.2955
2024-05-15 18:00:00,-1.3102
2024-05-15 19:00:00,-1.3100
2024-05-15 20:00:00,-1.3106
2024-05-15 21:00:00,-1.3061
2024-05-15 22:00:00,-1.3072
2024-05-15 23:00:00,-1.3033
2024-05-16 00:00:00,-1.3056
2024-05-16 01:00:00,-1.3095
2024-05-16 02:00:00,-1.3156
2024-05-16 03:00:00,-1.3217
2024-05-16 04:00:00,-1.3268
2024-05-16 05:00:00,-1.3322
2024-05-16 06:00:00,-1.3371
2024-05-16 07:00:00,-1.3402
2024-05-16 08:00:00,-1.3410
2024-05-16 09:00:00,-1.3376
2024-05-16 10:00:00,-1.3334
2024-05-16 11:00:00,-1.3238
2024-05-16 12:00:00,-1.3241
2024-05-16 13:00:00,-1.3101
2024-05-16 14:00:00,-1.3038
2024-05-16 15:00:00,-1.3057
2024-05-16 16:00:00,-1.3224
2024-05-16 17:00:00,-1.3301
2024-05-16 18:00:00,-1.3368
2024-05-16 19:00:00,-1.3385
2024-05-16 20:00:00,-1.3316
2024-05-16 21:00:00,-1.3254
2024-05-16 22:00:00,-1.3183
2024-05-16 23:00:00,-1.3129
2024-05-17 00:00:00,-1.3117
2024-05-17 01:00:00,-1.3166
2024-05-17 02:00:00,-1.3229
2024-05-17 03:00:00,-1.3307
2024-05-17 04:00:00,-1.3404
2024-05-17 05:00:00,-1.3499
2024-05-17 06:00:00,-1.3556
2024-05-17 07:00:00,-1.3563
2024-05-17 08:00:00,-1.3550
2024-05-17 09:00:00,-1.3547
2024-05-17 10:00:00,-1.3508
2024-05-17 11:00:00,-1.3480
2024-05-17 12:00:00,-1.3462
2024-05-17 13:00:00,-1.3461
2024-05-17 14:00:00,-1.3483
2024-05-17 15:00:00,-1.3512
2024-05-17 16:00:00,-1.3522
2024-05-17 17:00:00,-1.3538
2024-05-17 18:00:00,-1.3552
2024-05-17 19:00:00,-1.3583
2024-05-17 20:00:00,-1.3658
2024-05-17 21:00:00,-1.3722
2024-05-17 22:00:00,-1.3799
2024-05-17 23:00:00,-1.3839
2024-05-18 00:00:00,-1.3790
2024-05-18 01:00:00,-1.3877
2024-05-18 02:00:00,-1.3911
2024-05-18 03:00:00,-1.3958
2024-05-18 04:00:00,-1.3996
2024-05-18 05:00:00,-1.4003
2024-05-18 06:00:00,-1.4016
2024-05-18 07:00:00,-1.4017
2024-05-18 08:00:00,-1.4016
2024-05-18 09:00:00,-1.3995
2024-05-18 10:00:00,-1.3978
2024-05-18 11:00:00,-1.3947
2024-05-18 12:00:00,-1.3957
2024-05-18 13:00:00,-1.3953
2024-05-18 14:00:00,-1.3955
2024-05-18 15:00:00,-1.3908
2024-05-18 16:00:00,-1.3863
2024-05-18 17:00:00,-1.3786
2024-05-18 18:00:00,-1.3747
2024-05-18 19:00:00,-1.3703
2024-05-18 20:00:00,-1.3659
2024-05-18 21:00:00,-1.3618
2024-05-18 22:00:00,-1.3567
2024-05-18 23:00:00,-1.3499
2024-05-19 00:00:00,-1.3424
2024-05-19 01:00:00,-1.3322
2024-05-19 02:00:00,-1.3225
2024-05-19 03:00:00,-1.3140
2024-05-19 04:00:00,-1.3128
2024-05-19 05:00:00,-1.3111
2024-05-19 06:00:00,-1.3263
2024-05-19 07:00:00,-1.3333
2024-05-19 08:00:00,-1.3373
2024-05-19 09:00:00,-1.3399
2024-05-19 10:00:00,-1.3426
2024-05-19 11:00:00,-1.3418
2024-05-19 12:00:00,-1.3356
2024-05-19 13:00:00,-1.3289
2024-05-19 14:00:00,-1.3247
2024-05-19 15:00:00,-1.3193
2024-05-19 16:00:00,-1.3183
2024-05-19 17:00:00,-1.3313
2024-05-19 18:00:00,-1.3383
2024-05-19 19:00:00,-1.3335
2024-05-19 20:00:00,-1.3233
2024-05-19 21:00:00,-1.3305
2024-05-19 22:00:00,-1.3238
2024-05-19 23:00:00,-1.3272
2024-05-20 00:00:00,-1.3354
2024-05-20 01:00:00,-1.3377
2024-05-20 02:00:00,-1.3434
2024-05-20 03:00:00,-1.3469
2024-05-20 04:00:00,-1.3460
2024-05-20 05:00:00,-1.3487
2024-05-20 06:00:00,-1.3568
2024-05-20 07:00:00,-1.3659
2024-05-20 08:00:00,-1.3714
2024-05-20 09:00:00,-1.3817
2024-05-20 10:00:00,-1.3879
2024-05-20 11:00:00,-1.3850
2024-05-20 12:00:00,-1.3813
2024-05-20 13:00:00,-1.3797
2024-05-20 14:00:00,-1.3780
2024-05-20 15:00:00,-1.3794
2024-05-20 16:00:00,-1.3759
2024-05-20 17:00:00,-1.3736
2024-05-20 18:00:00,-1.3767
2024-05-20 19:00:00,-1.3808
2024-05-20 20:00:00,-1.3827
2024-05-20 21:00:00,-1.3824
2024-05-20 22:00:00,-1.3814
2024-05-20 23:00:00,-1.3818
2024-05-21 00:00:00,-1.3808
2024-05-21 01:00:00,-1.3828
2024-05-21 02:00:00,-1.3795
2024-05-21 03:00:00,-1.3814
2024-05-21 04:00:00,-1.3767
2024-05-21 05:00:00,-1.3707
2024-05-21 06:00:00,-1.3671
2024-05-21 07:00:00,-1.3658
2024-05-21 08:00:00,-1.3677
2024-05-21 09:00:00,-1.3730
2024-05-21 10:00:00,-1.3730
2024-05-21 11:00:00,-1.3752
2024-05-21 12:00:00,-1.3778
2024-05-21 13:00:00,-1.3743
2024-05-21 14:00:00,-1.3727
2024-05-21 15:00:00,-1.3741
2024-05-21 16:00:00,-1.3809
2024-05-21 17:00:00,-1.3840
2024-05-21 18:00:00,-1.3857
2024-05-21 19:00:00,-1.3960
2024-05-21 20:00:00,-1.3953
2024-05-21 21:00:00,-1.3934
2024-05-21 22:00:00,-1.4013
2024-05-21 23:00:00,-1.4045
2024-05-22 00:00:00,-1.4013
2024-05-22 01:00:00,-1.4000
2024-05-22 02:00:00,-1.3919
2024-05-22 03:00:00,-1.3879
2024-05-22 04:00:00,-1.3773
2024-05-22 05:00:00,-1.3719
2024-05-22 06:00:00,-1.3656
2024-05-22 07:00:00,-1.3727
2024-05-22 08:00:00,-1.3566
2024-05-22 09:00:00,-1.3516
2024-05-22 10:00:00,-1.3390
2024-05-22 11:00:00,-1.3256
2024-05-22 12:00:00,-1.3087
2024-05-22 13:00:00,-1.3062
2024-05-22 14:00:00,-1.2896
2024-05-22 15:00:00,-1.2790
2024-05-22 16:00:00,-1.2795
2024-05-22 17:00:00,-1.2734
2024-05-22 18:00:00,-1.2623
2024-05-22 19:00:00,-1.2450
2024-05-22 20:00:00,-1.2416
2024-05-22 21:00:00,-1.2274
2024-05-22 22:00:00,-1.2281
2024-05-22 23:00:00,-1.2265
2024-05-23 00:00:00,-1.2307
2024-05-23 01:00:00,-1.2267
2024-05-23 02:00:00,-1.2243
2024-05-23 03:00:00,-1.2246
2024-05-23 04:00:00,-1.2383
2024-05-23 05:00:00,-1.2378
2024-05-23 06:00:00,-1.2260
2024-05-23 07:00:00,-1.2453
2024-05-23 08:00:00,-1.2449
2024-05-23 09:00:00,-1.2653
2024-05-23 10:00:00,-1.2728
2024-05-23 11:00:00,-1.2862
2024-05-23 12:00:00,-1.2978
2024-05-23 13:00:00,-1.3040
2024-05-23 14:00:00,-1.3133
2024-05-23 15:00:00,-1.3141
2024-05-23 16:00:00,-1.3122
2024-05-23 17:00:00,-1.3118
2024-05-23 18:00:00,-1.3357
2024-05-23 19:00:00,-1.3482
2024-05-23 20:00:00,-1.3685
2024-05-23 21:00:00,-1.3814
2024-05-23 22:00:00,-1.3964
2024-05-23 23:00:00,-1.4052
2024-05-24 00:00:00,-1.4140
2024-05-24 01:00:00,-1.4185
2024-05-24 02:00:00,-1.4259
2024-05-24 03:00:00,-1.4326
2024-05-24 04:00:00,-1.4365
2024-05-24 05:00:00,-1.4410
2024-05-24 06:00:00,-1.4414
2024-05-24 07:00:00,-1.4457
2024-05-24 08:00:00,-1.4528
2024-05-24 09:00:00,-1.4568
2024-05-24 10:00:00,-1.4554
2024-05-24 11:00:00,-1.4634
2024-05-24 12:00:00,-1.4665
2024-05-24 13:00:00,-1.4652
2024-05-24 14:00:00,-1.4657
2024-05-24 15:00:00,-1.4664
2024-05-24 16:00:00,-1.4580
2024-05-24 17:00:00,-1.4535
2024-05-24 18:00:00,-1.4395
2024-05-24 19:00:00,-1.4279
2024-05-24 20:00:00,-1.4207
2024-05-24 21:00:00,-1.4182
2024-05-24 22:00:00,-1.4267
2024-05-24 23:00:00,-1.4224
2024-05-25 00:00:00,-1.4056
2024-05-25 01:00:00,-1.3974
2024-05-25 02:00:00,-1.3928
2024-05-25 03:00:00,-1.3863
2024-05-25 04:00:00,-1.3785
2024-05-25 05:00:00,-1.3663
2024-05-25 06:00:00,-1.3568
2024-05-25 07:00:00,-1.3442
2024-05-25 08:00:00,-1.3317
2024-05-25 09:00:00,-1.3215
2024-05-25 10:00:00,-1.3187
2024-05-25 11:00:00,-1.3021
2024-05-25 12:00:00,-1.3004
2024-05-25 13:00:00,-1.2909
2024-05-25 14:00:00,-1.2916
2024-05-25 15:00:00,-1.2995
2024-05-25 16:00:00,-1.2935
2024-05-25 17:00:00,-1.2910
2024-05-25 18:00:00,-1.2946
2024-05-25 19:00:00,-1.2935
2024-05-25 20:00:00,-1.2987
2024-05-25 21:00:00,-1.3100
2024-05-25 22:00:00,-1.3328
2024-05-25 23:00:00,-1.3455
2024-05-26 00:00:00,-1.3557
2024-05-26 01:00:00,-1.3636
2024-05-26 02:00:00,-1.3718
2024-05-26 03:00:00,-1.3728
2024-05-26 04:00:00,-1.3725
2024-05-26 05:00:00,-1.3708
2024-05-26 06:00:00,-1.3608
2024-05-26 07:00:00,-1.3512
2024-05-26 08:00:00,-1.3410
2024-05-26 09:00:00,-1.3333
2024-05-26 10:00:00,-1.3268
2024-05-26 11:00:00,-1.3397
2024-05-26 12:00:00,-1.3534
2024-05-26 13:00:00,-1.3680
2024-05-26 14:00:00,-1.3804
2024-05-26 15:00:00,-1.3863
2024-05-26 16:00:00,-1.3880
2024-05-26 17:00:00,-1.3886
2024-05-26 18:00:00,-1.3961
2024-05-26 19:00:00,-1.3960
2024-05-26 20:00:00,-1.3897
2024-05-26 21:00:00,-1.3923
2024-05-26 22:00:00,-1.3928
2024-05-26 23:00:00,-1.3942
2024-05-27 00:00:00,-1.3981
2024-05-27 01:00:00,-1.3997
2024-05-27 02:00:00,-1.3998
2024-05-27 03:00:00,-1.4012
2024-05-27 04:00:00,-1.4030
2024-05-27 05:00:00,-1.4064
2024-05-27 06:00:00,-1.4063
2024-05-27 07:00:00,-1.4064
2024-05-27 08:00:00,-1.4053
2024-05-27 09:00:00,-1.4084
2024-05-27 10:00:00,-1.4114
2024-05-27 11:00:00,-1.4150
2024-05-27 12:00:00,-1.4181
2024-05-27 13:00:00,-1.4191
2024-05-27 14:00:00,-1.4177
2024-05-27 15:00:00,-1.4198
2024-05-27 16:00:00,-1.4216
2024-05-27 17:00:00,-1.4092
2024-05-27 18:00:00,-1.4044
2024-05-27 19:00:00,-1.4014
2024-05-27 20:00:00,-1.4026
2024-05-27 21:00:00,-1.4036
2024-05-27 22:00:00,-1.4052
2024-05-27 23:00:00,-1.4050
2024-05-28 00:00:00,-1.4061
2024-05-28 01:00:00,-1.4035
2024-05-28 02:00:00,-1.3981
2024-05-28 03:00:00,-1.3989
2024-05-28 04:00:00,-1.4029
2024-05-28 05:00:00,-1.4069
2024-05-28 06:00:00,-1.4125
2024-05-28 07:00:00,-1.4145
2024-05-28 08:00:00,-1.4217
2024-05-28 09:00:00,-1.4245
2024-05-28 10:00:00,-1.4333
2024-05-28 11:00:00,-1.4372
2024-05-28 12:00:00,-1.4359
2024-05-28 13:00:00,-1.4373
2024-05-28 14:00:00,-1.4420
2024-05-28 15:00:00,-1.4486
2024-05-28 16:00:00,-1.4474
2024-05-28 17:00:00,-1.4448
2024-05-28 18:00:00,-1.4525
2024-05-28 19:00:00,-1.4496
2024-05-28 20:00:00,-1.4486
2024-05-28 21:00:00,-1.4492
2024-05-28 22:00:00,-1.4485
2024-05-28 23:00:00,-1.4456
2024-05-29 00:00:00,-1.4418
2024-05-29 01:00:00,-1.4346
2024-05-29 02:00:00,-1.4264
2024-05-29 03:00:00,-1.4231
2024-05-29 04:00:00,-1.4042
2024-05-29 05:00:00,-1.4001
2024-05-29 06:00:00,-1.3856
2024-05-29 07:00:00,-1.3799
2024-05-29 08:00:00,-1.3621
2024-05-29 09:00:00,-1.3494
2024-05-29 10:00:00,-1.3407
2024-05-29 11:00:00,-1.3301
2024-05-29 12:00:00,-1.3236
2024-05-29 13:00:00,-1.3241
2024-05-29 14:00:00,-1.3195
2024-05-29 15:00:00,-1.3129
2024-05-29 16:00:00,-1.3154
2024-05-29 17:00:00,-1.3124
2024-05-29 18:00:00,-1.3105
2024-05-29 19:00:00,-1.3056
2024-05-29 20:00:00,-1.3043
2024-05-29 21:00:00,-1.3041
2024-05-29 22:00:00,-1.3004
2024-05-29 23:00:00,-1.3083
2024-05-30 00:00:00,-1.3148
2024-05-30 01:00:00,-1.3207
2024-05-30 02:00:00,-1.3285
2024-05-30 03:00:00,-1.3373
2024-05-30 04:00:00,-1.3408
2024-05-30 05:00:00,-1.3506
2024-05-30 06:00:00,-1.3497
2024-05-30 07:00:00,-1.3490
2024-05-30 08:00:00,-1.3500
2024-05-30 09:00:00,-1.3553
2024-05-30 10:00:00,-1.3550
2024-05-30 11:00:00,-1.3551
2024-05-30 12:00:00,-1.3594
2024-05-30 13:00:00,-1.3608
2024-05-30 14:00:00,-1.3625
2024-05-30 15:00:00,-1.3678
2024-05-30 16:00:00,-1.3720
2024-05-30 17:00:00,-1.3723
2024-05-30 18:00:00,-1.3668
2024-05-30 19:00:00,-1.3722
2024-05-30 20:00:00,-1.3799
2024-05-30 21:00:00,-1.3870
2024-05-30 22:00:00,-1.3907
2024-05-30 23:00:00,-1.3944
2024-05-31 00:00:00,-1.3976
2024-05-31 01:00:00,-1.3939
2024-05-31 02:00:00,-1.3981
2024-05-31 03:00:00,-1.4023
2024-05-31 04:00:00,-1.4036
2024-05-31 05:00:00,-1.4031
2024-05-31 06:00:00,-1.4014
2024-05-31 07:00:00,-1.3996
2024-05-31 08:00:00,-1.3997
2024-05-31 09:00:00,-1.3991
2024-05-31 10:00:00,-1.4008
2024-05-31 11:00:00,-1.4036
2024-05-31 12:00:00,-1.4022
2024-05-31 13:00:00,-1.4039
2024-05-31 14:00:00,-1.4041
2024-05-31 15:00:00,-1.4014
2024-05-31 16:00:00,-1.3970
2024-05-31 17:00:00,-1.3968
2024-05-31 18:00:00,-1.3946
2024-05-31 19:00:00,-1.3951
2024-05-31 20:00:00,-1.3906
2024-05-31 21:00:00,-1.3865
2024-05-31 22:00:00,-1.3814
2024-05-31 23:00:00,-1.3777
2024-06-01 00:00:00,-1.3830
2024-06-01 01:00:00,-1.3828
2024-06-01 02:00:00,-1.3755
2024-06-01 03:00:00,-1.3725
2024-06-01 04:00:00,-1.3714
2024-06-01 05:00:00,-1.3709
2024-06-01 06:00:00,-1.3725
2024-06-01 07:00:00,-1.3729
2024-06-01 08:00:00,-1.3696
2024-06-01 09:00:00,-1.3656
2024-06-01 10:00:00,-1.3633
2024-06-01 11:00:00,-1.3594
2024-06-01 12:00:00,-1.3561
2024-06-01 13:00:00,-1.3527
2024-06-01 14:00:00,-1.3514
2024-06-01 15:00:00,-1.3527
2024-06-01 16:00:00,-1.3444
2024-06-01 17:00:00,-1.3357
2024-06-01 18:00:00,-1.3291
2024-06-01 19:00:00,-1.3280
2024-06-01 20:00:00,-1.3236
2024-06-01 21:00:00,-1.3204
2024-06-01 22:00:00,-1.3138
2024-06-01 23:00:00,-1.3060
2024-06-02 00:00:00,-1.3067
2024-06-02 01:00:00,-1.3068
2024-06-02 02:00:00,-1.3070
2024-06-02 03:00:00,-1.3065
2024-06-02 04:00:00,-1.3148
2024-06-02 05:00:00,-1.3278
2024-06-02 06:00:00,-1.3433
2024-06-02 07:00:00,-1.3522
2024-06-02 08:00:00,-1.3575
2024-06-02 09:00:00,-1.3608
2024-06-02 10:00:00,-1.3635
2024-06-02 11:00:00,-1.3659
2024-06-02 12:00:00,-1.3596
2024-06-02 13:00:00,-1.3522
2024-06-02 14:00:00,-1.3440
2024-06-02 15:00:00,-1.3399
2024-06-02 16:00:00,-1.3449
2024-06-02 17:00:00,-1.3505
2024-06-02 18:00:00,-1.3616
2024-06-02 19:00:00,-1.3714
2024-06-02 20:00:00,-1.3789
2024-06-02 21:00:00,-1.3813
2024-06-02 22:00:00,-1.3839
2024-06-02 23:00:00,-1.3840
2024-06-03 00:00:00,-1.3830
2024-06-03 01:00:00,-1.3840
2024-06-03 02:00:00,-1.3855
2024-06-03 03:00:00,-1.3878
2024-06-03 04:00:00,-1.3890
2024-06-03 05:00:00,-1.3894
2024-06-03 06:00:00,-1.3917
2024-06-03 07:00:00,-1.3947
2024-06-03 08:00:00,-1.3955
2024-06-03 09:00:00,-1.3978
2024-06-03 10:00:00,-1.3998
2024-06-03 11:00:00,-1.3997
2024-06-03 12:00:00,-1.3996
2024-06-03 13:00:00,-1.3958
2024-06-03 14:00:00,-1.3924
2024-06-03 15:00:00,-1.3880
2024-06-03 16:00:00,-1.3920
2024-06-03 17:00:00,-1.3917
2024-06-03 18:00:00,-1.3936
2024-06-03 19:00:00,-1.3925
2024-06-03 20:00:00,-1.3978
2024-06-03 21:00:00,-1.3919
2024-06-03 22:00:00,-1.3980
2024-06-03 23:00:00,-1.3995
2024-06-04 00:00:00,-1.4023
2024-06-04 01:00:00,-1.3997
2024-06-04 02:00:00,-1.3973
2024-06-04 03:00:00,-1.3937
2024-06-04 04:00:00,-1.3923
2024-06-04 05:00:00,-1.3892
2024-06-04 06:00:00,-1.3878
2024-06-04 07:00:00,-1.3879
2024-06-04 08:00:00,-1.3945
2024-06-04 09:00:00,-1.3991
2024-06-04 10:00:00,-1.3869
2024-06-04 11:00:00,-1.3907
2024-06-04 12:00:00,-1.3890
2024-06-04 13:00:00,-1.3899
2024-06-04 14:00:00,-1.3828
2024-06-04 15:00:00,-1.3767
2024-06-04 16:00:00,-1.3768
2024-06-04 17:00:00,-1.3847
2024-06-04 18:00:00,-1.3842
2024-06-04 19:00:00,-1.3801
2024-06-04 20:00:00,-1.3792
2024-06-04 21:00:00,-1.3775
2024-06-04 22:00:00,-1.3719
2024-06-04 23:00:00,-1.3686
2024-06-05 00:00:00,-1.3657
2024-06-05 01:00:00,-1.3630
2024-06-05 02:00:00,-1.3600
2024-06-05 03:00:00,-1.3552
2024-06-05 04:00:00,-1.3491
2024-06-05 05:00:00,-1.3467
2024-06-05 06:00:00,-1.3434
2024-06-05 07:00:00,-1.3401
2024-06-05 08:00:00,-1.3343
2024-06-05 09:00:00,-1.3290
2024-06-05 10:00:00,-1.3390
2024-06-05 11:00:00,-1.3307
2024-06-05 12:00:00,-1.3270
2024-06-05 13:00:00,-1.3255
2024-06-05 14:00:00,-1.3241
2024-06-05 15:00:00,-1.3227
2024-06-05 16:00:00,-1.3211
2024-06-05 17:00:00,-1.3200
2024-06-05 18:00:00,-1.3154
2024-06-05 19:00:00,-1.3131
2024-06-05 20:00:00,-1.3101
2024-06-05 21:00:00,-1.3125
2024-06-05 22:00:00,-1.3148
2024-06-05 23:00:00,-1.3179
2024-06-06 00:00:00,-1.3233
2024-06-06 01:00:00,-1.3293
2024-06-06 02:00:00,-1.3349
2024-06-06 03:00:00,-1.3385
2024-06-06 04:00:00,-1.3408
2024-06-06 05:00:00,-1.3427
2024-06-06 06:00:00,-1.3467
2024-06-06 07:00:00,-1.3491
2024-06-06 08:00:00,-1.3494
2024-06-06 09:00:00,-1.3518
2024-06-06 10:00:00,-1.3564
2024-06-06 11:00:00,-1.3593
2024-06-06 12:00:00,-1.3630
2024-06-06 13:00:00,-1.3617
2024-06-06 14:00:00,-1.3603
2024-06-06 15:00:00,-1.3606
2024-06-06 16:00:00,-1.3562
2024-06-06 17:00:00,-1.3527
2024-06-06 18:00:00,-1.3490
2024-06-06 19:00:00,-1.3442
2024-06-06 20:00:00,-1.3391
2024-06-06 21:00:00,-1.3346
2024-06-06 22:00:00,-1.3429
2024-06-06 23:00:00,-1.3518
2024-06-07 00:00:00,-1.3594
2024-06-07 01:00:00,-1.3652
2024-06-07 02:00:00,-1.3672
2024-06-07 03:00:00,-1.3691
2024-06-07 04:00:00,-1.3607
2024-06-07 05:00:00,-1.3634
2024-06-07 06:00:00,-1.3635
2024-06-07 07:00:00,-1.3635
2024-06-07 08:00:00,-1.3684
2024-06-07 09:00:00,-1.3762
2024-06-07 10:00:00,-1.3766
2024-06-07 11:00:00,-1.3813
2024-06-07 12:00:00,-1.3781
2024-06-07 13:00:00,-1.3745
2024-06-07 14:00:00,-1.3714
2024-06-07 15:00:00,-1.3671
2024-06-07 16:00:00,-1.3608
2024-06-07 17:00:00,-1.3600
2024-06-07 18:00:00,-1.3503
2024-06-07 19:00:00,-1.3405
2024-06-07 20:00:00,-1.3310
2024-06-07 21:00:00,-1.3271
2024-06-07 22:00:00,-1.3259
2024-06-07 23:00:00,-1.3315
2024-06-08 00:00:00,-1.3405
2024-06-08 01:00:00,-1.3469
2024-06-08 02:00:00,-1.3522
2024-06-08 03:00:00,-1.3552
2024-06-08 04:00:00,-1.3611
2024-06-08 05:00:00,-1.3538
2024-06-08 06:00:00,-1.3572
2024-06-08 07:00:00,-1.3667
2024-06-08 08:00:00,-1.3714
2024-06-08 09:00:00,-1.3706
2024-06-08 10:00:00,-1.3636
2024-06-08 11:00:00,-1.3680
2024-06-08 12:00:00,-1.3735
2024-06-08 13:00:00,-1.3662
2024-06-08 14:00:00,-1.3625
2024-06-08 15:00:00,-1.3584
2024-06-08 16:00:00,-1.3535
2024-06-08 17:00:00,-1.3467
2024-06-08 18:00:00,-1.3461
2024-06-08 19:00:00,-1.3484
2024-06-08 20:00:00,-1.3440
2024-06-08 21:00:00,-1.3385
2024-06-08 22:00:00,-1.3355
2024-06-08 23:00:00,-1.3388
2024-06-09 00:00:00,-1.3337
2024-06-09 01:00:00,-1.3287
2024-06-09 02:00:00,-1.3266
2024-06-09 03:00:00,-1.3282
2024-06-09 04:00:00,-1.3287
2024-06-09 05:00:00,-1.3361
2024-06-09 06:00:00,-1.3422
2024-06-09 07:00:00,-1.3414
2024-06-09 08:00:00,-1.3395
2024-06-09 09:00:00,-1.3392
2024-06-09 10:00:00,-1.3406
2024-06-09 11:00:00,-1.3412
2024-06-09 12:00:00,-1.3410
2024-06-09 13:00:00,-1.3370
2024-06-09 14:00:00,-1.3356
2024-06-09 15:00:00,-1.3310
2024-06-09 16:00:00,-1.3281
2024-06-09 17:00:00,-1.3239
2024-06-09 18:00:00,-1.3179
2024-06-09 19:00:00,-1.3162
2024-06-09 20:00:00,-1.3190
2024-06-09 21:00:00,-1.3231
2024-06-09 22:00:00,-1.3272
2024-06-09 23:00:00,-1.3329
2024-06-10 00:00:00,-1.3444
2024-06-10 01:00:00,-1.3483
2024-06-10 02:00:00,-1.3573
2024-06-10 03:00:00,-1.3674
2024-06-10 04:00:00,-1.3747
2024-06-10 05:00:00,-1.3740
2024-06-10 06:00:00,-1.3766
2024-06-10 07:00:00,-1.3874
2024-06-10 08:00:00,-1.3884
2024-06-10 09:00:00,-1.3855
2024-06-10 10:00:00,-1.3867
2024-06-10 11:00:00,-1.3889
2024-06-10 12:00:00,-1.3846
2024-06-10 13:00:00,-1.3786
2024-06-10 14:00:00,-1.3795
2024-06-10 15:00:00,-1.3736
2024-06-10 16:00:00,-1.3662
2024-06-10 17:00:00,-1.3731
2024-06-10 18:00:00,-1.3639
2024-06-10 19:00:00,-1.3459
2024-06-10 20:00:00,-1.3160
2024-06-10 21:00:00,-1.2939
2024-06-10 22:00:00,-1.2803
2024-06-10 23:00:00,-1.2639
2024-06-11 00:00:00,-1.2315
2024-06-11 01:00:00,-1.2130
2024-06-11 02:00:00,-1.1864
2024-06-11 03:00:00,-1.1645
2024-06-11 04:00:00,-1.1517
2024-06-11 05:00:00,-1.1420
2024-06-11 06:00:00,-1.1200
2024-06-11 07:00:00,-1.1008
2024-06-11 08:00:00,-1.0972
2024-06-11 09:00:00,-1.0944
2024-06-11 10:00:00,-1.0874
2024-06-11 11:00:00,-1.0835
2024-06-11 12:00:00,-1.0788
2024-06-11 13:00:00,-1.0876
2024-06-11 14:00:00,-1.0979
2024-06-11 15:00:00,-1.1134
2024-06-11 16:00:00,-1.1193
2024-06-11 17:00:00,-1.1133
2024-06-11 18:00:00,-1.1272
2024-06-11 19:00:00,-1.1344
2024-06-11 20:00:00,-1.1477
2024-06-11 21:00:00,-1.1533
2024-06-11 22:00:00,-1.1692
2024-06-11 23:00:00,-1.1857
2024-06-12 00:00:00,-1.1918
2024-06-12 01:00:00,-1.2030
2024-06-12 02:00:00,-1.2254
2024-06-12 03:00:00,-1.2399
2024-06-12 04:00:00,-1.2543
2024-06-12 05:00:00,-1.2619
2024-06-12 06:00:00,-1.2725
2024-06-12 07:00:00,-1.2730
2024-06-12 08:00:00,-1.2731
2024-06-12 09:00:00,-1.2672
2024-06-12 10:00:00,-1.2695
2024-06-12 11:00:00,-1.2716
2024-06-12 12:00:00,-1.2805
2024-06-12 13:00:00,-1.2878
2024-06-12 14:00:00,-1.2926
2024-06-12 15:00:00,-1.2919
2024-06-12 16:00:00,-1.2880
2024-06-12 17:00:00,-1.2891
2024-06-12 18:00:00,-1.2825
2024-06-12 19:00:00,-1.2856
2024-06-12 20:00:00,-1.2950
2024-06-12 21:00:00,-1.2934
2024-06-12 22:00:00,-1.3031
2024-06-12 23:00:00,-1.3132
2024-06-13 00:00:00,-1.3219
2024-06-13 01:00:00,-1.3343
2024-06-13 02:00:00,-1.3461
2024-06-13 03:00:00,-1.3539
2024-06-13 04:00:00,-1.3528
2024-06-13 05:00:00,-1.3548
2024-06-13 06:00:00,-1.3583
2024-06-13 07:00:00,-1.3621
2024-06-13 08:00:00,-1.3643
2024-06-13 09:00:00,-1.3637
2024-06-13 10:00:00,-1.3649
2024-06-13 11:00:00,-1.3652
2024-06-13 12:00:00,-1.3662
2024-06-13 13:00:00,-1.3687
2024-06-13 14:00:00,-1.3718
2024-06-13 15:00:00,-1.3739
2024-06-13 16:00:00,-1.3749
2024-06-13 17:00:00,-1.3728
2024-06-13 18:00:00,-1.3681
2024-06-13 19:00:00,-1.3685
2024-06-13 20:00:00,-1.3689
2024-06-13 21:00:00,-1.3683
2024-06-13 22:00:00,-1.3698
2024-06-13 23:00:00,-1.3674
2024-06-14 00:00:00,-1.3592
2024-06-14 01:00:00,-1.3601
2024-06-14 02:00:00,-1.3543
2024-06-14 03:00:00,-1.3516
2024-06-14 04:00:00,-1.3529
2024-06-14 05:00:00,-1.3443
2024-06-14 06:00:00,-1.3366
2024-06-14 07:00:00,-1.3349
2024-06-14 08:00:00,-1.3332
2024-06-14 09:00:00,-1.3256
2024-06-14 10:00:00,-1.3197
2024-06-14 11:00:00,-1.3174
2024-06-14 12:00:00,-1.3114
2024-06-14 13:00:00,-1.3173
2024-06-14 14:00:00,-1.3255
2024-06-14 15:00:00,-1.3304
2024-06-14 16:00:00,-1.3357
2024-06-14 17:00:00,-1.3410
2024-06-14 18:00:00,-1.3427
2024-06-14 19:00:00,-1.3395
2024-06-14 20:00:00,-1.3382
2024-06-14 21:00:00,-1.3422
2024-06-14 22:00:00,-1.3491
2024-06-14 23:00:00,-1.3534
2024-06-15 00:00:00,-1.3541
2024-06-15 01:00:00,-1.3557
2024-06-15 02:00:00,-1.3554
2024-06-15 03:00:00,-1.3599
2024-06-15 04:00:00,-1.3465
2024-06-15 05:00:00,-1.3589
2024-06-15 06:00:00,-1.3590
2024-06-15 07:00:00,-1.3521
2024-06-15 08:00:00,-1.3526
2024-06-15 09:00:00,-1.3562
2024-06-15 10:00:00,-1.3582
2024-06-15 11:00:00,-1.3611
2024-06-15 12:00:00,-1.3678
2024-06-15 13:00:00,-1.3707
2024-06-15 14:00:00,-1.3699
2024-06-15 15:00:00,-1.3684
2024-06-15 16:00:00,-1.3694
2024-06-15 17:00:00,-1.3694
2024-06-15 18:00:00,-1.3758
2024-06-15 19:00:00,-1.3799
2024-06-15 20:00:00,-1.3755
2024-06-15 21:00:00,-1.3833
2024-06-15 22:00:00,-1.3885
2024-06-15 23:00:00,-1.3928
2024-06-16 00:00:00,-1.3986
2024-06-16 01:00:00,-1.3999
2024-06-16 02:00:00,-1.4041
2024-06-16 03:00:00,-1.4049
2024-06-16 04:00:00,-1.4046
2024-06-16 05:00:00,-1.4043
2024-06-16 06:00:00,-1.4038
2024-06-16 07:00:00,-1.4030
2024-06-16 08:00:00,-1.3996
2024-06-16 09:00:00,-1.4043
2024-06-16 10:00:00,-1.3996
2024-06-16 11:00:00,-1.3943
2024-06-16 12:00:00,-1.3898
2024-06-16 13:00:00,-1.3944
2024-06-16 14:00:00,-1.3902
2024-06-16 15:00:00,-1.3872
2024-06-16 16:00:00,-1.3885
2024-06-16 17:00:00,-1.3922
2024-06-16 18:00:00,-1.3933
2024-06-16 19:00:00,-1.3887
2024-06-16 20:00:00,-1.3876
2024-06-16 21:00:00,-1.3877
2024-06-16 22:00:00,-1.3906
2024-06-16 23:00:00,-1.3914
2024-06-17 00:00:00,-1.3905
2024-06-17 01:00:00,-1.3923
2024-06-17 02:00:00,-1.3896
2024-06-17 03:00:00,-1.3860
2024-06-17 04:00:00,-1.3835
2024-06-17 05:00:00,-1.3805
2024-06-17 06:00:00,-1.3788
2024-06-17 07:00:00,-1.3768
2024-06-17 08:00:00,-1.3769
2024-06-17 09:00:00,-1.3769
2024-06-17 10:00:00,-1.3808
2024-06-17 11:00:00,-1.3761
2024-06-17 12:00:00,-1.3746
2024-06-17 13:00:00,-1.3749
2024-06-17 14:00:00,-1.3727
2024-06-17 15:00:00,-1.3717
2024-06-17 16:00:00,-1.3728
2024-06-17 17:00:00,-1.3718
2024-06-17 18:00:00,-1.3715
2024-06-17 19:00:00,-1.3685
2024-06-17 20:00:00,-1.3662
2024-06-17 21:00:00,-1.3646
2024-06-17 22:00:00,-1.3649
2024-06-17 23:00:00,-1.3642
2024-06-18 00:00:00,-1.3616
2024-06-18 01:00:00,-1.3588
2024-06-18 02:00:00,-1.3567
2024-06-18 03:00:00,-1.3552
2024-06-18 04:00:00,-1.3529
2024-06-18 05:00:00,-1.3517
2024-06-18 06:00:00,-1.3510
2024-06-18 07:00:00,-1.3500
2024-06-18 08:00:00,-1.3572
2024-06-18 09:00:00,-1.3537
2024-06-18 10:00:00,-1.3516
2024-06-18 11:00:00,-1.3504
2024-06-18 12:00:00,-1.3504
2024-06-18 13:00:00,-1.3509
2024-06-18 14:00:00,-1.3486
2024-06-18 15:00:00,-1.3482
2024-06-18 16:00:00,-1.3454
2024-06-18 17:00:00,-1.3460
2024-06-18 18:00:00,-1.3415
2024-06-18 19:00:00,-1.3378
2024-06-18 20:00:00,-1.3428
2024-06-18 21:00:00,-1.3418
2024-06-18 22:00:00,-1.3387
2024-06-18 23:00:00,-1.3364
2024-06-19 00:00:00,-1.3327
2024-06-19 01:00:00,-1.3245
2024-06-19 02:00:00,-1.3193
2024-06-19 03:00:00,-1.3167
2024-06-19 04:00:00,-1.3186
2024-06-19 05:00:00,-1.3086
2024-06-19 06:00:00,-1.2923
2024-06-19 07:00:00,-1.2903
2024-06-19 08:00:00,-1.2947
2024-06-19 09:00:00,-1.2873
2024-06-19 10:00:00,-1.2847
2024-06-19 11:00:00,-1.2803
2024-06-19 12:00:00,-1.2785
2024-06-19 13:00:00,-1.2741
2024-06-19 14:00:00,-1.2708
2024-06-19 15:00:00,-1.2704
2024-06-19 16:00:00,-1.2727
2024-06-19 17:00:00,-1.2765
2024-06-19 18:00:00,-1.2859
2024-06-19 19:00:00,-1.2914
2024-06-19 20:00:00,-1.3032
2024-06-19 21:00:00,-1.3092
2024-06-19 22:00:00,-1.3140
2024-06-19 23:00:00,-1.3195
2024-06-20 00:00:00,-1.3240
2024-06-20 01:00:00,-1.3293
2024-06-20 02:00:00,-1.3306
2024-06-20 03:00:00,-1.3309
2024-06-20 04:00:00,-1.3267
2024-06-20 05:00:00,-1.3273
2024-06-20 06:00:00,-1.3281
2024-06-20 07:00:00,-1.3310
2024-06-20 08:00:00,-1.3377
2024-06-20 09:00:00,-1.3449
2024-06-20 10:00:00,-1.3501
2024-06-20 11:00:00,-1.3546
2024-06-20 12:00:00,-1.3584
2024-06-20 13:00:00,-1.3604
2024-06-20 14:00:00,-1.3593
2024-06-20 15:00:00,-1.3610
2024-06-20 16:00:00,-1.3583
2024-06-20 17:00:00,-1.3604
2024-06-20 18:00:00,-1.3599
2024-06-20 19:00:00,-1.3606
2024-06-20 20:00:00,-1.3611
2024-06-20 21:00:00,-1.3602
2024-06-20 22:00:00,-1.3606
2024-06-20 23:00:00,-1.3607
2024-06-21 00:00:00,-1.3583
2024-06-21 01:00:00,-1.3574
2024-06-21 02:00:00,-1.3556
2024-06-21 03:00:00,-1.3536
2024-06-21 04:00:00,-1.3494
2024-06-21 05:00:00,-1.3464
2024-06-21 06:00:00,-1.3435
2024-06-21 07:00:00,-1.3368
2024-06-21 08:00:00,-1.3395
2024-06-21 09:00:00,-1.3444
2024-06-21 10:00:00,-1.3493
2024-06-21 11:00:00,-1.3531
2024-06-21 12:00:00,-1.3538
2024-06-21 13:00:00,-1.3560
2024-06-21 14:00:00,-1.3556
2024-06-21 15:00:00,-1.3577
2024-06-21 16:00:00,-1.3506
2024-06-21 17:00:00,-1.3509
2024-06-21 18:00:00,-1.3493
2024-06-21 19:00:00,-1.3467
2024-06-21 20:00:00,-1.3512
2024-06-21 21:00:00,-1.3534
2024-06-21 22:00:00,-1.3550
2024-06-21 23:00:00,-1.3585
2024-06-22 00:00:00,-1.3637
2024-06-22 01:00:00,-1.3635
2024-06-22 02:00:00,-1.3639
2024-06-22 03:00:00,-1.3589
2024-06-22 04:00:00,-1.3539
2024-06-22 05:00:00,-1.3541
2024-06-22 06:00:00,-1.3531
2024-06-22 07:00:00,-1.3509
2024-06-22 08:00:00,-1.3486
2024-06-22 09:00:00,-1.3494
2024-06-22 10:00:00,-1.3554
2024-06-22 11:00:00,-1.3534
2024-06-22 12:00:00,-1.3551
2024-06-22 13:00:00,-1.3568
2024-06-22 14:00:00,-1.3574
2024-06-22 15:00:00,-1.3551
2024-06-22 16:00:00,-1.3512
2024-06-22 17:00:00,-1.3477
2024-06-22 18:00:00,-1.3499
2024-06-22 19:00:00,-1.3482
2024-06-22 20:00:00,-1.3495
2024-06-22 21:00:00,-1.3454
2024-06-22 22:00:00,-1.3441
2024-06-22 23:00:00,-1.3438
2024-06-23 00:00:00,-1.3403
2024-06-23 01:00:00,-1.3410
2024-06-23 02:00:00,-1.3412
2024-06-23 03:00:00,-1.3382
2024-06-23 04:00:00,-1.3338
2024-06-23 05:00:00,-1.3278
2024-06-23 06:00:00,-1.3396
2024-06-23 07:00:00,-1.3396
2024-06-23 08:00:00,-1.3322
2024-06-23 09:00:00,-1.3287
2024-06-23 10:00:00,-1.3283
2024-06-23 11:00:00,-1.3294
2024-06-23 12:00:00,-1.3382
2024-06-23 13:00:00,-1.3375
2024-06-23 14:00:00,-1.3360
2024-06-23 15:00:00,-1.3340
2024-06-23 16:00:00,-1.3309
2024-06-23 17:00:00,-1.3242
2024-06-23 18:00:00,-1.3145
2024-06-23 19:00:00,-1.3116
2024-06-23 20:00:00,-1.3117
2024-06-23 21:00:00,-1.3126
2024-06-23 22:00:00,-1.3081
2024-06-23 23:00:00,-1.3036
2024-06-24 00:00:00,-1.3106
2024-06-24 01:00:00,-1.3137
2024-06-24 02:00:00,-1.3137
2024-06-24 03:00:00,-1.3181
2024-06-24 04:00:00,-1.3165
2024-06-24 05:00:00,-1.3113
2024-06-24 06:00:00,-1.3099
2024-06-24 07:00:00,-1.3023
2024-06-24 08:00:00,-1.2970
2024-06-24 09:00:00,-1.2981
2024-06-24 10:00:00,-1.2990
2024-06-24 11:00:00,-1.3044
2024-06-24 12:00:00,-1.3155
2024-06-24 13:00:00,-1.3222
2024-06-24 14:00:00,-1.3290
2024-06-24 15:00:00,-1.3353
2024-06-24 16:00:00,-1.3365
2024-06-24 17:00:00,-1.3395
2024-06-24 18:00:00,-1.3414
2024-06-24 19:00:00,-1.3398
2024-06-24 20:00:00,-1.3373
2024-06-24 21:00:00,-1.3387
2024-06-24 22:00:00,-1.3415
2024-06-24 23:00:00,-1.3454
2024-06-25 00:00:00,-1.3473
2024-06-25 01:00:00,-1.3490
2024-06-25 02:00:00,-1.3477
2024-06-25 03:00:00,-1.3510
2024-06-25 04:00:00,-1.3538
2024-06-25 05:00:00,-1.3566
2024-06-25 06:00:00,-1.3588
2024-06-25 07:00:00,-1.3555
2024-06-25 08:00:00,-1.3522
2024-06-25 09:00:00,-1.3536
2024-06-25 10:00:00,-1.3461
2024-06-25 11:00:00,-1.3471
2024-06-25 12:00:00,-1.3495
2024-06-25 13:00:00,-1.3538
2024-06-25 14:00:00,-1.3556
2024-06-25 15:00:00,-1.3446
2024-06-25 16:00:00,-1.3478
2024-06-25 17:00:00,-1.3505
2024-06-25 18:00:00,-1.3589
2024-06-25 19:00:00,-1.3592
2024-06-25 20:00:00,-1.3599
2024-06-25 21:00:00,-1.3523
2024-06-25 22:00:00,-1.3509
2024-06-25 23:00:00,-1.3461
2024-06-26 00:00:00,-1.3418
2024-06-26 01:00:00,-1.3384
2024-06-26 02:00:00,-1.3367
2024-06-26 03:00:00,-1.3405
2024-06-26 04:00:00,-1.3414
2024-06-26 05:00:00,-1.3414
2024-06-26 06:00:00,-1.3290
2024-06-26 07:00:00,-1.3320
2024-06-26 08:00:00,-1.3321
2024-06-26 09:00:00,-1.3337
2024-06-26 10:00:00,-1.3325
2024-06-26 11:00:00,-1.3319
2024-06-26 12:00:00,-1.3331
2024-06-26 13:00:00,-1.3315
2024-06-26 14:00:00,-1.3303
2024-06-26 15:00:00,-1.3320
2024-06-26 16:00:00,-1.3367
2024-06-26 17:00:00,-1.3415
2024-06-26 18:00:00,-1.3421
2024-06-26 19:00:00,-1.3452
2024-06-26 20:00:00,-1.3401
2024-06-26 21:00:00,-1.3403
2024-06-26 22:00:00,-1.3370
2024-06-26 23:00:00,-1.3340
2024-06-27 00:00:00,-1.3319
2024-06-27 01:00:00,-1.3345
2024-06-27 02:00:00,-1.3335
2024-06-27 03:00:00,-1.3339
2024-06-27 04:00:00,-1.3339
2024-06-27 05:00:00,-1.3354
2024-06-27 06:00:00,-1.3406
2024-06-27 07:00:00,-1.3452
2024-06-27 08:00:00,-1.3437
2024-06-27 09:00:00,-1.3288
2024-06-27 10:00:00,-1.3304
2024-06-27 11:00:00,-1.3305
2024-06-27 12:00:00,-1.3322
2024-06-27 13:00:00,-1.3350
2024-06-27 14:00:00,-1.3403
2024-06-27 15:00:00,-1.3501
2024-06-27 16:00:00,-1.3562
2024-06-27 17:00:00,-1.3616
2024-06-27 18:00:00,-1.3590
2024-06-27 19:00:00,-1.3556
2024-06-27 20:00:00,-1.3606
2024-06-27 21:00:00,-1.3557
2024-06-27 22:00:00,-1.3548
2024-06-27 23:00:00,-1.3574
2024-06-28 00:00:00,-1.3533
2024-06-28 01:00:00,-1.3516
2024-06-28 02:00:00,-1.3596
2024-06-28 03:00:00,-1.3656
2024-06-28 04:00:00,-1.3671
2024-06-28 05:00:00,-1.3662
2024-06-28 06:00:00,-1.3652
2024-06-28 07:00:00,-1.3632
2024-06-28 08:00:00,-1.3609
2024-06-28 09:00:00,-1.3571
2024-06-28 10:00:00,-1.3472
2024-06-28 11:00:00,-1.3415
2024-06-28 12:00:00,-1.3348
2024-06-28 13:00:00,-1.3372
2024-06-28 14:00:00,-1.3332
2024-06-28 15:00:00,-1.3304
2024-06-28 16:00:00,-1.3286
2024-06-28 17:00:00,-1.3288
2024-06-28 18:00:00,-1.3319
2024-06-28 19:00:00,-1.3375
2024-06-28 20:00:00,-1.3462
2024-06-28 21:00:00,-1.3501
2024-06-28 22:00:00,-1.3552
2024-06-28 23:00:00,-1.3601
2024-06-29 00:00:00,-1.3618
2024-06-29 01:00:00,-1.3635
2024-06-29 02:00:00,-1.3622
2024-06-29 03:00:00,-1.3645
2024-06-29 04:00:00,-1.3673
2024-06-29 05:00:00,-1.3688
2024-06-29 06:00:00,-1.3723
2024-06-29 07:00:00,-1.3726
2024-06-29 08:00:00,-1.3716
2024-06-29 09:00:00,-1.3681
2024-06-29 10:00:00,-1.3624
2024-06-29 11:00:00,-1.3555
2024-06-29 12:00:00,-1.3490
2024-06-29 13:00:00,-1.3391
2024-06-29 14:00:00,-1.3384
2024-06-29 15:00:00,-1.3339
2024-06-29 16:00:00,-1.3353
2024-06-29 17:00:00,-1.3315
2024-06-29 18:00:00,-1.3342
2024-06-29 19:00:00,-1.3282
2024-06-29 20:00:00,-1.3330
2024-06-29 21:00:00,-1.3260
2024-06-29 22:00:00,-1.3202
2024-06-29 23:00:00,-1.3230
2024-06-30 00:00:00,-1.3189
2024-06-30 01:00:00,-1.3185
2024-06-30 02:00:00,-1.3094
2024-06-30 03:00:00,-1.3030
2024-06-30 04:00:00,-1.3042
2024-06-30 05:00:00,-1.3026
2024-06-30 06:00:00,-1.3038
2024-06-30 07:00:00,-1.3020
2024-06-30 08:00:00,-1.3015
2024-06-30 09:00:00,-1.3005
2024-06-30 10:00:00,-1.2982
2024-06-30 11:00:00,-1.2935
2024-06-30 12:00:00,-1.2899
2024-06-30 13:00:00,-1.2849
2024-06-30 14:00:00,-1.2831
2024-06-30 15:00:00,-1.2814
2024-06-30 16:00:00,-1.2802
2024-06-30 17:00:00,-1.2784
2024-06-30 18:00:00,-1.2819
2024-06-30 19:00:00,-1.2845
2024-06-30 20:00:00,-1.2863
2024-06-30 21:00:00,-1.2897
2024-06-30 22:00:00,-1.2938
2024-06-30 23:00:00,-1.2935
2024-07-01 00:00:00,-1.2960
2024-07-01 01:00:00,-1.2972
2024-07-01 02:00:00,-1.2961
2024-07-01 03:00:00,-1.2955
2024-07-01 04:00:00,-1.2936
2024-07-01 05:00:00,-1.2936
2024-07-01 06:00:00,-1.2965
2024-07-01 07:00:00,-1.2980
2024-07-01 08:00:00,-1.2974
2024-07-01 09:00:00,-1.2947
2024-07-01 10:00:00,-1.2897
2024-07-01 11:00:00,-1.2837
2024-07-01 12:00:00,-1.2810
2024-07-01 13:00:00,-1.2746
2024-07-01 14:00:00,-1.2696
2024-07-01 15:00:00,-1.2641
2024-07-01 16:00:00,-1.2575
2024-07-01 17:00:00,-1.2501
2024-07-01 18:00:00,-1.2474
2024-07-01 19:00:00,-1.2526
2024-07-01 20:00:00,-1.2583
2024-07-01 21:00:00,-1.2630
2024-07-01 22:00:00,-1.2660
2024-07-01 23:00:00,-1.2680
2024-07-02 00:00:00,-1.2724
2024-07-02 01:00:00,-1.2763
2024-07-02 02:00:00,-1.2755
2024-07-02 03:00:00,-1.2774
2024-07-02 04:00:00,-1.2853
2024-07-02 05:00:00,-1.2893
2024-07-02 06:00:00,-1.2949
2024-07-02 07:00:00,-1.2897
2024-07-02 08:00:00,-1.2946
2024-07-02 09:00:00,-1.2974
2024-07-02 10:00:00,-1.3001
2024-07-02 11:00:00,-1.2967
2024-07-02 12:00:00,-1.2914
2024-07-02 13:00:00,-1.2931
2024-07-02 14:00:00,-1.2859
2024-07-02 15:00:00,-1.2827
2024-07-02 16:00:00,-1.2797
2024-07-02 17:00:00,-1.2790
2024-07-02 18:00:00,-1.2785
2024-07-02 19:00:00,-1.2807
2024-07-02 20:00:00,-1.2846
2024-07-02 21:00:00,-1.2925
2024-07-02 22:00:00,-1.2972
2024-07-02 23:00:00,-1.3025
2024-07-03 00:00:00,-1.3077
2024-07-03 01:00:00,-1.3146
2024-07-03 02:00:00,-1.3149
2024-07-03 03:00:00,-1.3164
2024-07-03 04:00:00,-1.3132
2024-07-03 05:00:00,-1.3349
2024-07-03 06:00:00,-1.3330
2024-07-03 07:00:00,-1.3308
2024-07-03 08:00:00,-1.3319
2024-07-03 09:00:00,-1.3371
2024-07-03 10:00:00,-1.3395
2024-07-03 11:00:00,-1.3397
2024-07-03 12:00:00,-1.3324
2024-07-03 13:00:00,-1.3360
2024-07-03 14:00:00,-1.3344
2024-07-03 15:00:00,-1.3238
2024-07-03 16:00:00,-1.3172
2024-07-03 17:00:00,-1.3197
2024-07-03 18:00:00,-1.3213
2024-07-03 19:00:00,-1.3067
2024-07-03 20:00:00,-1.3032
2024-07-03 21:00:00,-1.3096
2024-07-03 22:00:00,-1.3132
2024-07-03 23:00:00,-1.3071
2024-07-04 00:00:00,-1.3091
2024-07-04 01:00:00,-1.3089
2024-07-04 02:00:00,-1.3169
2024-07-04 03:00:00,-1.3191
2024-07-04 04:00:00,-1.3166
2024-07-04 05:00:00,-1.3089
2024-07-04 06:00:00,-1.3022
2024-07-04 07:00:00,-1.2974
2024-07-04 08:00:00,-1.2845
2024-07-04 09:00:00,-1.2793
2024-07-04 10:00:00,-1.2720
2024-07-04 11:00:00,-1.2557
2024-07-04 12:00:00,-1.2392
2024-07-04 13:00:00,-1.2191
2024-07-04 14:00:00,-1.2055
2024-07-04 15:00:00,-1.1958
2024-07-04 16:00:00,-1.1835
2024-07-04 17:00:00,-1.1815
2024-07-04 18:00:00,-1.1868
2024-07-04 19:00:00,-1.1960
2024-07-04 20:00:00,-1.2073
2024-07-04 21:00:00,-1.2159
2024-07-04 22:00:00,-1.2232
2024-07-04 23:00:00,-1.2398
2024-07-05 00:00:00,-1.2605
2024-07-05 01:00:00,-1.2723
2024-07-05 02:00:00,-1.2734
2024-07-05 03:00:00,-1.2781
2024-07-05 04:00:00,-1.2825
2024-07-05 05:00:00,-1.2841
2024-07-05 06:00:00,-1.2859
2024-07-05 07:00:00,-1.2894
2024-07-05 08:00:00,-1.2941
2024-07-05 09:00:00,-1.2981
2024-07-05 10:00:00,-1.3010
2024-07-05 11:00:00,-1.3065
2024-07-05 12:00:00,-1.3093
2024-07-05 13:00:00,-1.3112
2024-07-05 14:00:00,-1.3127
2024-07-05 15:00:00,-1.3108
2024-07-05 16:00:00,-1.3142
2024-07-05 17:00:00,-1.3132
2024-07-05 18:00:00,-1.3127
2024-07-05 19:00:00,-1.3132
2024-07-05 20:00:00,-1.3136
2024-07-05 21:00:00,-1.3153
2024-07-05 22:00:00,-1.3192
2024-07-05 23:00:00,-1.3177
2024-07-06 00:00:00,-1.3169
2024-07-06 01:00:00,-1.3053
2024-07-06 02:00:00,-1.3120
2024-07-06 03:00:00,-1.3135
2024-07-06 04:00:00,-1.3109
2024-07-06 05:00:00,-1.3098
2024-07-06 06:00:00,-1.2977
2024-07-06 07:00:00,-1.2937
2024-07-06 08:00:00,-1.2868
2024-07-06 09:00:00,-1.2966
2024-07-06 10:00:00,-1.3005
2024-07-06 11:00:00,-1.2982
2024-07-06 12:00:00,-1.2860
2024-07-06 13:00:00,-1.2827
2024-07-06 14:00:00,-1.2716
2024-07-06 15:00:00,-1.2643
2024-07-06 16:00:00,-1.2541
2024-07-06 17:00:00,-1.2421
2024-07-06 18:00:00,-1.2335
2024-07-06 19:00:00,-1.2256
2024-07-06 20:00:00,-1.2184
2024-07-06 21:00:00,-1.2116
2024-07-06 22:00:00,-1.2090
2024-07-06 23:00:00,-1.2056
2024-07-07 00:00:00,-1.1991
2024-07-07 01:00:00,-1.1939
2024-07-07 02:00:00,-1.1933
2024-07-07 03:00:00,-1.1867
2024-07-07 04:00:00,-1.1822
2024-07-07 05:00:00,-1.1749
2024-07-07 06:00:00,-1.1738
2024-07-07 07:00:00,-1.1683
2024-07-07 08:00:00,-1.1665
2024-07-07 09:00:00,-1.1747
2024-07-07 10:00:00,-1.1850
2024-07-07 11:00:00,-1.1885
2024-07-07 12:00:00,-1.1917
2024-07-07 13:00:00,-1.1980
2024-07-07 14:00:00,-1.2061
2024-07-07 15:00:00,-1.2101
2024-07-07 16:00:00,-1.2128
2024-07-07 17:00:00,-1.2145
2024-07-07 18:00:00,-1.2133
2024-07-07 19:00:00,-1.2151
2024-07-07 20:00:00,-1.2220
2024-07-07 21:00:00,-1.2233
2024-07-07 22:00:00,-1.2319
2024-07-07 23:00:00,-1.2370
2024-07-08 00:00:00,-1.2374
2024-07-08 01:00:00,-1.2384
2024-07-08 02:00:00,-1.2403
2024-07-08 03:00:00,-1.2387
2024-07-08 04:00:00,-1.2362
2024-07-08 05:00:00,-1.2335
2024-07-08 06:00:00,-1.2326
2024-07-08 07:00:00,-1.2331
2024-07-08 08:00:00,-1.2335
2024-07-08 09:00:00,-1.2387
2024-07-08 10:00:00,-1.2379
2024-07-08 11:00:00,-1.2419
2024-07-08 12:00:00,-1.2430
2024-07-08 13:00:00,-1.2447
2024-07-08 14:00:00,-1.2449
2024-07-08 15:00:00,-1.2425
2024-07-08 16:00:00,-1.2425
2024-07-08 17:00:00,-1.2398
2024-07-08 18:00:00,-1.2255
2024-07-08 19:00:00,-1.2189
2024-07-08 20:00:00,-1.2105
2024-07-08 21:00:00,-1.2144
2024-07-08 22:00:00,-1.2230
2024-07-08 23:00:00,-1.2276
2024-07-09 00:00:00,-1.2320
2024-07-09 01:00:00,-1.2401
2024-07-09 02:00:00,-1.2511
2024-07-09 03:00:00,-1.2590
2024-07-09 04:00:00,-1.2613
2024-07-09 05:00:00,-1.2605
2024-07-09 06:00:00,-1.2562
2024-07-09 07:00:00,-1.2523
2024-07-09 08:00:00,-1.2482
2024-07-09 09:00:00,-1.2550
2024-07-09 10:00:00,-1.2621
2024-07-09 11:00:00,-1.2616
2024-07-09 12:00:00,-1.2614
2024-07-09 13:00:00,-1.2620
2024-07-09 14:00:00,-1.2702
2024-07-09 15:00:00,-1.2770
2024-07-09 16:00:00,-1.2766
2024-07-09 17:00:00,-1.2786
2024-07-09 18:00:00,-1.2652
2024-07-09 19:00:00,-1.2664
2024-07-09 20:00:00,-1.2780
2024-07-09 21:00:00,-1.2811
2024-07-09 22:00:00,-1.2807
2024-07-09 23:00:00,-1.2732
2024-07-10 00:00:00,-1.2621
2024-07-10 01:00:00,-1.2536
2024-07-10 02:00:00,-1.2496
2024-07-10 03:00:00,-1.2479
2024-07-10 04:00:00,-1.2414
2024-07-10 05:00:00,-1.2463
2024-07-10 06:00:00,-1.2539
2024-07-10 07:00:00,-1.2610
2024-07-10 08:00:00,-1.2729
2024-07-10 09:00:00,-1.2881
2024-07-10 10:00:00,-1.3043
2024-07-10 11:00:00,-1.3141
2024-07-10 12:00:00,-1.3144
2024-07-10 13:00:00,-1.3072
2024-07-10 14:00:00,-1.3005
2024-07-10 15:00:00,-1.2894
2024-07-10 16:00:00,-1.2759
2024-07-10 17:00:00,-1.2668
2024-07-10 18:00:00,-1.2518
2024-07-10 19:00:00,-1.2366
2024-07-10 20:00:00,-1.2213
2024-07-10 21:00:00,-1.2070
2024-07-10 22:00:00,-1.2047
2024-07-10 23:00:00,-1.2043
2024-07-11 00:00:00,-1.2032
2024-07-11 01:00:00,-1.2118
2024-07-11 02:00:00,-1.2320
2024-07-11 03:00:00,-1.2535
2024-07-11 04:00:00,-1.2651
2024-07-11 05:00:00,-1.2720
2024-07-11 06:00:00,-1.2825
2024-07-11 07:00:00,-1.2922
2024-07-11 08:00:00,-1.3039
2024-07-11 09:00:00,-1.3080
2024-07-11 10:00:00,-1.3139
2024-07-11 11:00:00,-1.3133
2024-07-11 12:00:00,-1.3132
2024-07-11 13:00:00,-1.3122
2024-07-11 14:00:00,-1.3067
2024-07-11 15:00:00,-1.3011
2024-07-11 16:00:00,-1.2913
2024-07-11 17:00:00,-1.2796
2024-07-11 18:00:00,-1.2732
2024-07-11 19:00:00,-1.2708
2024-07-11 20:00:00,-1.2665
2024-07-11 21:00:00,-1.2639
2024-07-11 22:00:00,-1.2608
2024-07-11 23:00:00,-1.2569
2024-07-12 00:00:00,-1.2487
2024-07-12 01:00:00,-1.2447
2024-07-12 02:00:00,-1.2417
2024-07-12 03:00:00,-1.2431
2024-07-12 04:00:00,-1.2491
2024-07-12 05:00:00,-1.2485
2024-07-12 06:00:00,-1.2448
2024-07-12 07:00:00,-1.2593
2024-07-12 08:00:00,-1.2585
2024-07-12 09:00:00,-1.2614
2024-07-12 10:00:00,-1.2562
2024-07-12 11:00:00,-1.2590
2024-07-12 12:00:00,-1.2612
2024-07-12 13:00:00,-1.2669
2024-07-12 14:00:00,-1.2724
2024-07-12 15:00:00,-1.2718
2024-07-12 16:00:00,-1.2739
2024-07-12 17:00:00,-1.2680
2024-07-12 18:00:00,-1.2662
2024-07-12 19:00:00,-1.2759
2024-07-12 20:00:00,-1.2782
2024-07-12 21:00:00,-1.2785
2024-07-12 22:00:00,-1.2885
2024-07-12 23:00:00,-1.2796
2024-07-13 00:00:00,-1.2724
2024-07-13 01:00:00,-1.2754
2024-07-13 02:00:00,-1.2798
2024-07-13 03:00:00,-1.2924
2024-07-13 04:00:00,-1.3009
2024-07-13 05:00:00,-1.3041
2024-07-13 06:00:00,-1.3051
2024-07-13 07:00:00,-1.3065
2024-07-13 08:00:00,-1.3024
2024-07-13 09:00:00,-1.2979
2024-07-13 10:00:00,-1.2905
2024-07-13 11:00:00,-1.2797
2024-07-13 12:00:00,-1.2751
2024-07-13 13:00:00,-1.2690
2024-07-13 14:00:00,-1.2590
2024-07-13 15:00:00,-1.2564
2024-07-13 16:00:00,-1.2455
2024-07-13 17:00:00,-1.2442
2024-07-13 18:00:00,-1.2361
2024-07-13 19:00:00,-1.2373
2024-07-13 20:00:00,-1.2489
2024-07-13 21:00:00,-1.2670
2024-07-13 22:00:00,-1.2729
2024-07-13 23:00:00,-1.2753
2024-07-14 00:00:00,-1.2765
2024-07-14 01:00:00,-1.2828
2024-07-14 02:00:00,-1.2896
2024-07-14 03:00:00,-1.2976
2024-07-14 04:00:00,-1.3015
2024-07-14 05:00:00,-1.3016
2024-07-14 06:00:00,-1.3052
2024-07-14 07:00:00,-1.3117
2024-07-14 08:00:00,-1.3035
2024-07-14 09:00:00,-1.2976
2024-07-14 10:00:00,-1.3027
2024-07-14 11:00:00,-1.3022
2024-07-14 12:00:00,-1.3020
2024-07-14 13:00:00,-1.3017
2024-07-14 14:00:00,-1.3002
2024-07-14 15:00:00,-1.3022
2024-07-14 16:00:00,-1.2975
2024-07-14 17:00:00,-1.2924
2024-07-14 18:00:00,-1.2907
2024-07-14 19:00:00,-1.2974
2024-07-14 20:00:00,-1.3059
2024-07-14 21:00:00,-1.3063
2024-07-14 22:00:00,-1.3105
2024-07-14 23:00:00,-1.3130
2024-07-15 00:00:00,-1.3187
2024-07-15 01:00:00,-1.3223
2024-07-15 02:00:00,-1.3210
2024-07-15 03:00:00,-1.3269
2024-07-15 04:00:00,-1.3142
2024-07-15 05:00:00,-1.3214
2024-07-15 06:00:00,-1.3211
2024-07-15 07:00:00,-1.3109
2024-07-15 08:00:00,-1.3231
2024-07-15 09:00:00,-1.3228
2024-07-15 10:00:00,-1.3209
2024-07-15 11:00:00,-1.3199
2024-07-15 12:00:00,-1.3204
2024-07-15 13:00:00,-1.3222
2024-07-15 14:00:00,-1.3036
2024-07-15 15:00:00,-1.2913
2024-07-15 16:00:00,-1.3024
2024-07-15 17:00:00,-1.2940
2024-07-15 18:00:00,-1.2902
2024-07-15 19:00:00,-1.2895
2024-07-15 20:00:00,-1.2896
2024-07-15 21:00:00,-1.2914
2024-07-15 22:00:00,-1.2884
2024-07-15 23:00:00,-1.2831
2024-07-16 00:00:00,-1.2773
2024-07-16 01:00:00,-1.2764
2024-07-16 02:00:00,-1.2790
2024-07-16 03:00:00,-1.2690
2024-07-16 04:00:00,-1.2606
2024-07-16 05:00:00,-1.2582
2024-07-16 06:00:00,-1.2607
2024-07-16 07:00:00,-1.2652
2024-07-16 08:00:00,-1.2672
2024-07-16 09:00:00,-1.2681
2024-07-16 10:00:00,-1.2747
2024-07-16 11:00:00,-1.2696
2024-07-16 12:00:00,-1.2648
2024-07-16 13:00:00,-1.2637
2024-07-16 14:00:00,-1.2653
2024-07-16 15:00:00,-1.2668
2024-07-16 16:00:00,-1.2711
2024-07-16 17:00:00,-1.2688
2024-07-16 18:00:00,-1.2735
2024-07-16 19:00:00,-1.2735
2024-07-16 20:00:00,-1.2679
2024-07-16 21:00:00,-1.2729
2024-07-16 22:00:00,-1.2702
2024-07-16 23:00:00,-1.2719
2024-07-17 00:00:00,-1.2718
2024-07-17 01:00:00,-1.2801
2024-07-17 02:00:00,-1.2845
2024-07-17 03:00:00,-1.2871
2024-07-17 04:00:00,-1.2849
2024-07-17 05:00:00,-1.2886
2024-07-17 06:00:00,-1.2948
2024-07-17 07:00:00,-1.3008
2024-07-17 08:00:00,-1.3045
2024-07-17 09:00:00,-1.3059
2024-07-17 10:00:00,-1.3095
2024-07-17 11:00:00,-1.3112
2024-07-17 12:00:00,-1.3175
2024-07-17 13:00:00,-1.3177
2024-07-17 14:00:00,-1.3170
2024-07-17 15:00:00,-1.3186
2024-07-17 16:00:00,-1.3158
2024-07-17 17:00:00,-1.3142
2024-07-17 18:00:00,-1.3152
2024-07-17 19:00:00,-1.3192
2024-07-17 20:00:00,-1.3231
2024-07-17 21:00:00,-1.3254
2024-07-17 22:00:00,-1.3277
2024-07-17 23:00:00,-1.3268
2024-07-18 00:00:00,-1.3298
2024-07-18 01:00:00,-1.3336
2024-07-18 02:00:00,-1.3377
2024-07-18 03:00:00,-1.3395
2024-07-18 04:00:00,-1.3394
2024-07-18 05:00:00,-1.3411
2024-07-18 06:00:00,-1.3422
2024-07-18 07:00:00,-1.3378
2024-07-18 08:00:00,-1.3347
2024-07-18 09:00:00,-1.3349
2024-07-18 10:00:00,-1.3294
2024-07-18 11:00:00,-1.3297
2024-07-18 12:00:00,-1.3263
2024-07-18 13:00:00,-1.3227
2024-07-18 14:00:00,-1.3153
2024-07-18 15:00:00,-1.3099
2024-07-18 16:00:00,-1.3029
2024-07-18 17:00:00,-1.3009
2024-07-18 18:00:00,-1.3013
2024-07-18 19:00:00,-1.3038
2024-07-18 20:00:00,-1.3070
2024-07-18 21:00:00,-1.3080
2024-07-18 22:00:00,-1.3054
2024-07-18 23:00:00,-1.3090
2024-07-19 00:00:00,-1.3095
2024-07-19 01:00:00,-1.3108
2024-07-19 02:00:00,-1.3097
2024-07-19 03:00:00,-1.3091
2024-07-19 04:00:00,-1.3086
2024-07-19 05:00:00,-1.3156
2024-07-19 06:00:00,-1.3138
2024-07-19 07:00:00,-1.3170
2024-07-19 08:00:00,-1.3135
2024-07-19 09:00:00,-1.3193
2024-07-19 10:00:00,-1.3227
2024-07-19 11:00:00,-1.3196
2024-07-19 12:00:00,-1.3160
2024-07-19 13:00:00,-1.3109
2024-07-19 14:00:00,-1.3075
2024-07-19 15:00:00,-1.3000
2024-07-19 16:00:00,-1.2948
2024-07-19 17:00:00,-1.2968
2024-07-19 18:00:00,-1.2892
2024-07-19 19:00:00,-1.2943
2024-07-19 20:00:00,-1.2951
2024-07-19 21:00:00,-1.2978
2024-07-19 22:00:00,-1.2965
2024-07-19 23:00:00,-1.3008
2024-07-20 00:00:00,-1.3001
2024-07-20 01:00:00,-1.2959
2024-07-20 02:00:00,-1.2942
2024-07-20 03:00:00,-1.2986
2024-07-20 04:00:00,-1.2976
2024-07-20 05:00:00,-1.2959
2024-07-20 06:00:00,-1.2955
2024-07-20 07:00:00,-1.2935
2024-07-20 08:00:00,-1.2941
2024-07-20 09:00:00,-1.2979
2024-07-20 10:00:00,-1.2908
2024-07-20 11:00:00,-1.2887
2024-07-20 12:00:00,-1.2842
2024-07-20 13:00:00,-1.2754
2024-07-20 14:00:00,-1.2686
2024-07-20 15:00:00,-1.2598
2024-07-20 16:00:00,-1.2524
2024-07-20 17:00:00,-1.2513
2024-07-20 18:00:00,-1.2497
2024-07-20 19:00:00,-1.2541
2024-07-20 20:00:00,-1.2622
2024-07-20 21:00:00,-1.2645
2024-07-20 22:00:00,-1.2684
2024-07-20 23:00:00,-1.2698
2024-07-21 00:00:00,-1.2688
2024-07-21 01:00:00,-1.2775
2024-07-21 02:00:00,-1.2829
2024-07-21 03:00:00,-1.2785
2024-07-21 04:00:00,-1.2770
2024-07-21 05:00:00,-1.2873
2024-07-21 06:00:00,-1.2873
2024-07-21 07:00:00,-1.2870
2024-07-21 08:00:00,-1.2862
2024-07-21 09:00:00,-1.2828
2024-07-21 10:00:00,-1.2849
2024-07-21 11:00:00,-1.2862
2024-07-21 12:00:00,-1.2906
2024-07-21 13:00:00,-1.2880
2024-07-21 14:00:00,-1.2839
2024-07-21 15:00:00,-1.2799
2024-07-21 16:00:00,-1.2807
2024-07-21 17:00:00,-1.2887
2024-07-21 18:00:00,-1.2787
2024-07-21 19:00:00,-1.2729
2024-07-21 20:00:00,-1.2685
2024-07-21 21:00:00,-1.2697
2024-07-21 22:00:00,-1.2690
2024-07-21 23:00:00,-1.2698
2024-07-22 00:00:00,-1.2787
2024-07-22 01:00:00,-1.2762
2024-07-22 02:00:00,-1.2787
2024-07-22 03:00:00,-1.2786
2024-07-22 04:00:00,-1.2765
2024-07-22 05:00:00,-1.2778
2024-07-22 06:00:00,-1.2795
2024-07-22 07:00:00,-1.2775
2024-07-22 08:00:00,-1.2798
2024-07-22 09:00:00,-1.2834
2024-07-22 10:00:00,-1.2815
2024-07-22 11:00:00,-1.2790
2024-07-22 12:00:00,-1.2795
2024-07-22 13:00:00,-1.2810
2024-07-22 14:00:00,-1.2858
2024-07-22 15:00:00,-1.2890
2024-07-22 16:00:00,-1.2849
2024-07-22 17:00:00,-1.2824
2024-07-22 18:00:00,-1.2839
2024-07-22 19:00:00,-1.2876
2024-07-22 20:00:00,-1.2951
2024-07-22 21:00:00,-1.2950
2024-07-22 22:00:00,-1.2963
2024-07-22 23:00:00,-1.2984
2024-07-23 00:00:00,-1.2985
2024-07-23 01:00:00,-1.2992
2024-07-23 02:00:00,-1.2840
2024-07-23 03:00:00,-1.2925
2024-07-23 04:00:00,-1.3023
2024-07-23 05:00:00,-1.2891
2024-07-23 06:00:00,-1.2806
2024-07-23 07:00:00,-1.2910
2024-07-23 08:00:00,-1.2892
2024-07-23 09:00:00,-1.2869
2024-07-23 10:00:00,-1.2864
2024-07-23 11:00:00,-1.2895
2024-07-23 12:00:00,-1.2845
2024-07-23 13:00:00,-1.2801
2024-07-23 14:00:00,-1.2784
2024-07-23 15:00:00,-1.2747
2024-07-23 16:00:00,-1.2763
2024-07-23 17:00:00,-1.2796
2024-07-23 18:00:00,-1.2762
2024-07-23 19:00:00,-1.2795
2024-07-23 20:00:00,-1.2753
2024-07-23 21:00:00,-1.2745
2024-07-23 22:00:00,-1.2803
2024-07-23 23:00:00,-1.2845
2024-07-24 00:00:00,-1.2865
2024-07-24 01:00:00,-1.2882
2024-07-24 02:00:00,-1.2874
2024-07-24 03:00:00,-1.2887
2024-07-24 04:00:00,-1.2907
2024-07-24 05:00:00,-1.2932
2024-07-24 06:00:00,-1.2880
2024-07-24 07:00:00,-1.2821
2024-07-24 08:00:00,-1.2739
2024-07-24 09:00:00,-1.2667
2024-07-24 10:00:00,-1.2678
2024-07-24 11:00:00,-1.2765
2024-07-24 12:00:00,-1.2796
2024-07-24 13:00:00,-1.2801
2024-07-24 14:00:00,-1.2821
2024-07-24 15:00:00,-1.2828
2024-07-24 16:00:00,-1.2844
2024-07-24 17:00:00,-1.2906
2024-07-24 18:00:00,-1.2932
2024-07-24 19:00:00,-1.2858
2024-07-24 20:00:00,-1.2845
2024-07-24 21:00:00,-1.2684
2024-07-24 22:00:00,-1.2650
2024-07-24 23:00:00,-1.2799
2024-07-25 00:00:00,-1.2729
2024-07-25 01:00:00,-1.2799
2024-07-25 02:00:00,-1.2875
2024-07-25 03:00:00,-1.2891
2024-07-25 04:00:00,-1.2908
2024-07-25 05:00:00,-1.2791
2024-07-25 06:00:00,-1.2867
2024-07-25 07:00:00,-1.2937
2024-07-25 08:00:00,-1.2849
2024-07-25 09:00:00,-1.2798
2024-07-25 10:00:00,-1.2670
2024-07-25 11:00:00,-1.2674
2024-07-25 12:00:00,-1.2717
2024-07-25 13:00:00,-1.2791
2024-07-25 14:00:00,-1.2836
2024-07-25 15:00:00,-1.2868
2024-07-25 16:00:00,-1.2865
2024-07-25 17:00:00,-1.2858
2024-07-25 18:00:00,-1.2863
2024-07-25 19:00:00,-1.2839
2024-07-25 20:00:00,-1.2820
2024-07-25 21:00:00,-1.2785
2024-07-25 22:00:00,-1.2803
2024-07-25 23:00:00,-1.2851
2024-07-26 00:00:00,-1.2951
2024-07-26 01:00:00,-1.2940
2024-07-26 02:00:00,-1.2880
2024-07-26 03:00:00,-1.2910
2024-07-26 04:00:00,-1.2918
2024-07-26 05:00:00,-1.2747
2024-07-26 06:00:00,-1.2803
2024-07-26 07:00:00,-1.2803
2024-07-26 08:00:00,-1.2818
2024-07-26 09:00:00,-1.2802
2024-07-26 10:00:00,-1.2709
2024-07-26 11:00:00,-1.2642
2024-07-26 12:00:00,-1.2633
2024-07-26 13:00:00,-1.2545
2024-07-26 14:00:00,-1.2492
2024-07-26 15:00:00,-1.2394
2024-07-26 16:00:00,-1.2335
2024-07-26 17:00:00,-1.2298
2024-07-26 18:00:00,-1.2262
2024-07-26 19:00:00,-1.2206
2024-07-26 20:00:00,-1.2163
2024-07-26 21:00:00,-1.2298
2024-07-26 22:00:00,-1.2451
2024-07-26 23:00:00,-1.2324
2024-07-27 00:00:00,-1.2368
2024-07-27 01:00:00,-1.2388
2024-07-27 02:00:00,-1.2510
2024-07-27 03:00:00,-1.2559
2024-07-27 04:00:00,-1.2568
2024-07-27 05:00:00,-1.2519
2024-07-27 06:00:00,-1.2546
2024-07-27 07:00:00,-1.2595
2024-07-27 08:00:00,-1.2513
2024-07-27 09:00:00,-1.2501
2024-07-27 10:00:00,-1.2516
2024-07-27 11:00:00,-1.2541
2024-07-27 12:00:00,-1.2548
2024-07-27 13:00:00,-1.2595
2024-07-27 14:00:00,-1.2628
2024-07-27 15:00:00,-1.2570
2024-07-27 16:00:00,-1.2598
2024-07-27 17:00:00,-1.2669
2024-07-27 18:00:00,-1.2631
2024-07-27 19:00:00,-1.2753
2024-07-27 20:00:00,-1.2786
2024-07-27 21:00:00,-1.2864
2024-07-27 22:00:00,-1.2776
2024-07-27 23:00:00,-1.2884
2024-07-28 00:00:00,-1.2890
2024-07-28 01:00:00,-1.2885
2024-07-28 02:00:00,-1.2903
2024-07-28 03:00:00,-1.2929
2024-07-28 04:00:00,-1.2969
2024-07-28 05:00:00,-1.2978
2024-07-28 06:00:00,-1.2981
2024-07-28 07:00:00,-1.3018
2024-07-28 08:00:00,-1.2971
2024-07-28 09:00:00,-1.2965
2024-07-28 10:00:00,-1.2897
2024-07-28 11:00:00,-1.2812
2024-07-28 12:00:00,-1.2747
2024-07-28 13:00:00,-1.2763
2024-07-28 14:00:00,-1.2706
2024-07-28 15:00:00,-1.2693
2024-07-28 16:00:00,-1.2722
2024-07-28 17:00:00,-1.2736
2024-07-28 18:00:00,-1.2757
2024-07-28 19:00:00,-1.2747
2024-07-28 20:00:00,-1.2724
2024-07-28 21:00:00,-1.2785
2024-07-28 22:00:00,-1.2735
2024-07-28 23:00:00,-1.2714
2024-07-29 00:00:00,-1.2708
2024-07-29 01:00:00,-1.2760
2024-07-29 02:00:00,-1.2757
2024-07-29 03:00:00,-1.2774
2024-07-29 04:00:00,-1.2649
2024-07-29 05:00:00,-1.2671
2024-07-29 06:00:00,-1.2689
2024-07-29 07:00:00,-1.2721
2024-07-29 08:00:00,-1.2767
2024-07-29 09:00:00,-1.2718
2024-07-29 10:00:00,-1.2792
2024-07-29 11:00:00,-1.2798
2024-07-29 12:00:00,-1.2804
2024-07-29 13:00:00,-1.2783
2024-07-29 14:00:00,-1.2730
2024-07-29 15:00:00,-1.2674
2024-07-29 16:00:00,-1.2629
2024-07-29 17:00:00,-1.2646
2024-07-29 18:00:00,-1.2610
2024-07-29 19:00:00,-1.2656
2024-07-29 20:00:00,-1.2632
2024-07-29 21:00:00,-1.2608
2024-07-29 22:00:00,-1.2624
2024-07-29 23:00:00,-1.2533
2024-07-30 00:00:00,-1.2518
2024-07-30 01:00:00,-1.2627
2024-07-30 02:00:00,-1.2605
2024-07-30 03:00:00,-1.2601
2024-07-30 04:00:00,-1.2544
2024-07-30 05:00:00,-1.2569
2024-07-30 06:00:00,-1.2566
2024-07-30 07:00:00,-1.2544
2024-07-30 08:00:00,-1.2590
2024-07-30 09:00:00,-1.2463
2024-07-30 10:00:00,-1.2566
2024-07-30 11:00:00,-1.2513
2024-07-30 12:00:00,-1.2374
2024-07-30 13:00:00,-1.2374
2024-07-30 14:00:00,-1.2388
2024-07-30 15:00:00,-1.2296
2024-07-30 16:00:00,-1.2334
2024-07-30 17:00:00,-1.2361
2024-07-30 18:00:00,-1.2350
2024-07-30 19:00:00,-1.2343
2024-07-30 20:00:00,-1.2375
2024-07-30 21:00:00,-1.2446
2024-07-30 22:00:00,-1.2390
2024-07-30 23:00:00,-1.2375
2024-07-31 00:00:00,-1.2352
2024-07-31 01:00:00,-1.2343
2024-07-31 02:00:00,-1.2471
2024-07-31 03:00:00,-1.2469
2024-07-31 04:00:00,-1.2504
2024-07-31 05:00:00,-1.2489
2024-07-31 06:00:00,-1.2544
2024-07-31 07:00:00,-1.2577
2024-07-31 08:00:00,-1.2584
2024-07-31 09:00:00,-1.2491
2024-07-31 10:00:00,-1.2396
2024-07-31 11:00:00,-1.2395
2024-07-31 12:00:00,-1.2305
2024-07-31 13:00:00,-1.2255
2024-07-31 14:00:00,-1.2190
2024-07-31 15:00:00,-1.2212
2024-07-31 16:00:00,-1.2239
2024-07-31 17:00:00,-1.2212
2024-07-31 18:00:00,-1.2146
2024-07-31 19:00:00,-1.2245
2024-07-31 20:00:00,-1.2295
2024-07-31 21:00:00,-1.2330
2024-07-31 22:00:00,-1.2279
2024-07-31 23:00:00,-1.2344
2024-08-01 00:00:00,-1.2293
2024-08-01 01:00:00,-1.2201
2024-08-01 02:00:00,-1.2165
2024-08-01 03:00:00,-1.2150
2024-08-01 04:00:00,-1.2148
2024-08-01 05:00:00,-1.2206
2024-08-01 06:00:00,-1.2207
2024-08-01 07:00:00,-1.2088
2024-08-01 08:00:00,-1.2178
2024-08-01 09:00:00,-1.2206
2024-08-01 10:00:00,-1.2193
2024-08-01 11:00:00,-1.2211
2024-08-01 12:00:00,-1.2134
2024-08-01 13:00:00,-1.2155
2024-08-01 14:00:00,-1.2202
2024-08-01 15:00:00,-1.2194
2024-08-01 16:00:00,-1.2124
2024-08-01 17:00:00,-1.2185
2024-08-01 18:00:00,-1.2217
2024-08-01 19:00:00,-1.2269
2024-08-01 20:00:00,-1.2361
2024-08-01 21:00:00,-1.2433
2024-08-01 22:00:00,-1.2485
2024-08-01 23:00:00,-1.2528
2024-08-02 00:00:00,-1.2510
2024-08-02 01:00:00,-1.2454
2024-08-02 02:00:00,-1.2435
2024-08-02 03:00:00,-1.2418
2024-08-02 04:00:00,-1.2454
2024-08-02 05:00:00,-1.2433
2024-08-02 06:00:00,-1.2549
2024-08-02 07:00:00,-1.2555
2024-08-02 08:00:00,-1.2639
2024-08-02 09:00:00,-1.2589
2024-08-02 10:00:00,-1.2588
2024-08-02 11:00:00,-1.2589
2024-08-02 12:00:00,-1.2685
2024-08-02 13:00:00,-1.2728
2024-08-02 14:00:00,-1.2713
2024-08-02 15:00:00,-1.2649
2024-08-02 16:00:00,-1.2595
2024-08-02 17:00:00,-1.2594
2024-08-02 18:00:00,-1.2595
2024-08-02 19:00:00,-1.2558
2024-08-02 20:00:00,-1.2577
2024-08-02 21:00:00,-1.2632
2024-08-02 22:00:00,-1.2741
2024-08-02 23:00:00,-1.2632
2024-08-03 00:00:00,-1.2562
2024-08-03 01:00:00,-1.2560
2024-08-03 02:00:00,-1.2552
2024-08-03 03:00:00,-1.2507
2024-08-03 04:00:00,-1.2458
2024-08-03 05:00:00,-1.2425
2024-08-03 06:00:00,-1.2395
2024-08-03 07:00:00,-1.2384
2024-08-03 08:00:00,-1.2434
2024-08-03 09:00:00,-1.2395
2024-08-03 10:00:00,-1.2360
2024-08-03 11:00:00,-1.2339
2024-08-03 12:00:00,-1.2322
2024-08-03 13:00:00,-1.2378
2024-08-03 14:00:00,-1.2379
2024-08-03 15:00:00,-1.2393
2024-08-03 16:00:00,-1.2372
2024-08-03 17:00:00,-1.2377
2024-08-03 18:00:00,-1.2461
2024-08-03 19:00:00,-1.2440
2024-08-03 20:00:00,-1.2440
2024-08-03 21:00:00,-1.2517
2024-08-03 22:00:00,-1.2579
2024-08-03 23:00:00,-1.2644
2024-08-04 00:00:00,-1.2691
2024-08-04 01:00:00,-1.2612
2024-08-04 02:00:00,-1.2645
2024-08-04 03:00:00,-1.2675
2024-08-04 04:00:00,-1.2711
2024-08-04 05:00:00,-1.2719
2024-08-04 06:00:00,-1.2730
2024-08-04 07:00:00,-1.2780
2024-08-04 08:00:00,-1.2740
2024-08-04 09:00:00,-1.2697
2024-08-04 10:00:00,-1.2657
2024-08-04 11:00:00,-1.2689
2024-08-04 12:00:00,-1.2649
2024-08-04 13:00:00,-1.2594
2024-08-04 14:00:00,-1.2629
2024-08-04 15:00:00,-1.2675
2024-08-04 16:00:00,-1.2651
2024-08-04 17:00:00,-1.2642
2024-08-04 18:00:00,-1.2606
2024-08-04 19:00:00,-1.2599
2024-08-04 20:00:00,-1.2666
2024-08-04 21:00:00,-1.2697
2024-08-04 22:00:00,-1.2722
2024-08-04 23:00:00,-1.2718
2024-08-05 00:00:00,-1.2722
2024-08-05 01:00:00,-1.2702
2024-08-05 02:00:00,-1.2734
2024-08-05 03:00:00,-1.2759
2024-08-05 04:00:00,-1.2746
2024-08-05 05:00:00,-1.2732
2024-08-05 06:00:00,-1.2780
2024-08-05 07:00:00,-1.2782
2024-08-05 08:00:00,-1.2735
2024-08-05 09:00:00,-1.2707
2024-08-05 10:00:00,-1.2694
2024-08-05 11:00:00,-1.2713
2024-08-05 12:00:00,-1.2550
2024-08-05 13:00:00,-1.2561
2024-08-05 14:00:00,-1.2561
2024-08-05 15:00:00,-1.2610
2024-08-05 16:00:00,-1.2571
2024-08-05 17:00:00,-1.2599
2024-08-05 18:00:00,-1.2592
2024-08-05 19:00:00,-1.2630
2024-08-05 20:00:00,-1.2717
2024-08-05 21:00:00,-1.2727
2024-08-05 22:00:00,-1.2775
2024-08-05 23:00:00,-1.2744
2024-08-06 00:00:00,-1.2767
2024-08-06 01:00:00,-1.2818
2024-08-06 02:00:00,-1.2817
2024-08-06 03:00:00,-1.2818
2024-08-06 04:00:00,-1.2775
2024-08-06 05:00:00,-1.2848
2024-08-06 06:00:00,-1.2864
2024-08-06 07:00:00,-1.2855
2024-08-06 08:00:00,-1.2840
2024-08-06 09:00:00,-1.2816
2024-08-06 10:00:00,-1.2778
2024-08-06 11:00:00,-1.2748
2024-08-06 12:00:00,-1.2778
2024-08-06 13:00:00,-1.2794
2024-08-06 14:00:00,-1.2813
2024-08-06 15:00:00,-1.2779
2024-08-06 16:00:00,-1.2763
2024-08-06 17:00:00,-1.2805
2024-08-06 18:00:00,-1.2798
2024-08-06 19:00:00,-1.2843
2024-08-06 20:00:00,-1.2797
2024-08-06 21:00:00,-1.2812
2024-08-06 22:00:00,-1.2795
2024-08-06 23:00:00,-1.2751
2024-08-07 00:00:00,-1.2755
2024-08-07 01:00:00,-1.2761
2024-08-07 02:00:00,-1.2767
2024-08-07 03:00:00,-1.2782
2024-08-07 04:00:00,-1.2841
2024-08-07 05:00:00,-1.2843
2024-08-07 06:00:00,-1.2881
2024-08-07 07:00:00,-1.2902
2024-08-07 08:00:00,-1.2938
2024-08-07 09:00:00,-1.2939
2024-08-07 10:00:00,-1.2929
2024-08-07 11:00:00,-1.2881
2024-08-07 12:00:00,-1.2836
2024-08-07 13:00:00,-1.2811
2024-08-07 14:00:00,-1.2813
2024-08-07 15:00:00,-1.2817
2024-08-07 16:00:00,-1.2824
2024-08-07 17:00:00,-1.2836
2024-08-07 18:00:00,-1.2884
2024-08-07 19:00:00,-1.2879
2024-08-07 20:00:00,-1.2905
2024-08-07 21:00:00,-1.2939
2024-08-07 22:00:00,-1.2949
2024-08-07 23:00:00,-1.2963
2024-08-08 00:00:00,-1.2997
2024-08-08 01:00:00,-1.3034
2024-08-08 02:00:00,-1.3022
2024-08-08 03:00:00,-1.2862
2024-08-08 04:00:00,-1.2855
2024-08-08 05:00:00,-1.2934
2024-08-08 06:00:00,-1.2895
2024-08-08 07:00:00,-1.2919
2024-08-08 08:00:00,-1.2946
2024-08-08 09:00:00,-1.2931
2024-08-08 10:00:00,-1.2918
2024-08-08 11:00:00,-1.2901
2024-08-08 12:00:00,-1.2869
2024-08-08 13:00:00,-1.2839
2024-08-08 14:00:00,-1.2836
2024-08-08 15:00:00,-1.2852
2024-08-08 16:00:00,-1.2868
2024-08-08 17:00:00,-1.2918
2024-08-08 18:00:00,-1.2925
2024-08-08 19:00:00,-1.2917
2024-08-08 20:00:00,-1.3052
2024-08-08 21:00:00,-1.3044
2024-08-08 22:00:00,-1.3047
2024-08-08 23:00:00,-1.3068
2024-08-09 00:00:00,-1.3069
2024-08-09 01:00:00,-1.3063
2024-08-09 02:00:00,-1.2984
2024-08-09 03:00:00,-1.2981
2024-08-09 04:00:00,-1.3051
2024-08-09 05:00:00,-1.3194
2024-08-09 06:00:00,-1.3062
2024-08-09 07:00:00,-1.2985
2024-08-09 08:00:00,-1.2936
2024-08-09 09:00:00,-1.2883
2024-08-09 10:00:00,-1.2981
2024-08-09 11:00:00,-1.2925
2024-08-09 12:00:00,-1.2906
2024-08-09 13:00:00,-1.2875
2024-08-09 14:00:00,-1.2897
2024-08-09 15:00:00,-1.2850
2024-08-09 16:00:00,-1.2823
2024-08-09 17:00:00,-1.2819
2024-08-09 18:00:00,-1.2808
2024-08-09 19:00:00,-1.2857
2024-08-09 20:00:00,-1.2827
2024-08-09 21:00:00,-1.2863
2024-08-09 22:00:00,-1.2863
2024-08-09 23:00:00,-1.2835
2024-08-10 00:00:00,-1.2811
2024-08-10 01:00:00,-1.2789
2024-08-10 02:00:00,-1.2873
2024-08-10 03:00:00,-1.2848
2024-08-10 04:00:00,-1.2816
2024-08-10 05:00:00,-1.2800
2024-08-10 06:00:00,-1.2835
2024-08-10 07:00:00,-1.2789
2024-08-10 08:00:00,-1.2805
2024-08-10 09:00:00,-1.2798
2024-08-10 10:00:00,-1.2813
2024-08-10 11:00:00,-1.2750
2024-08-10 12:00:00,-1.2741
2024-08-10 13:00:00,-1.2717
2024-08-10 14:00:00,-1.2690
2024-08-10 15:00:00,-1.2652
2024-08-10 16:00:00,-1.2649
2024-08-10 17:00:00,-1.2649
2024-08-10 18:00:00,-1.2639
2024-08-10 19:00:00,-1.2644
2024-08-10 20:00:00,-1.2647
2024-08-10 21:00:00,-1.2687
2024-08-10 22:00:00,-1.2742
2024-08-10 23:00:00,-1.2748
2024-08-11 00:00:00,-1.2762
2024-08-11 01:00:00,-1.2780
2024-08-11 02:00:00,-1.2786
2024-08-11 03:00:00,-1.2775
2024-08-11 04:00:00,-1.2783
2024-08-11 05:00:00,-1.2759
2024-08-11 06:00:00,-1.2771
2024-08-11 07:00:00,-1.2807
2024-08-11 08:00:00,-1.2798
2024-08-11 09:00:00,-1.2797
2024-08-11 10:00:00,-1.2752
2024-08-11 11:00:00,-1.2721
2024-08-11 12:00:00,-1.2675
2024-08-11 13:00:00,-1.2625
2024-08-11 14:00:00,-1.2574
2024-08-11 15:00:00,-1.2533
2024-08-11 16:00:00,-1.2504
2024-08-11 17:00:00,-1.2483
2024-08-11 18:00:00,-1.2432
2024-08-11 19:00:00,-1.2401
2024-08-11 20:00:00,-1.2399
2024-08-11 21:00:00,-1.2371
2024-08-11 22:00:00,-1.2433
2024-08-11 23:00:00,-1.2440
2024-08-12 00:00:00,-1.2468
2024-08-12 01:00:00,-1.2372
2024-08-12 02:00:00,-1.2440
2024-08-12 03:00:00,-1.2522
2024-08-12 04:00:00,-1.2500
2024-08-12 05:00:00,-1.2521
2024-08-12 06:00:00,-1.2482
2024-08-12 07:00:00,-1.2474
2024-08-12 08:00:00,-1.2286
2024-08-12 09:00:00,-1.2405
2024-08-12 10:00:00,-1.2354
2024-08-12 11:00:00,-1.2282
2024-08-12 12:00:00,-1.2222
2024-08-12 13:00:00,-1.2194
2024-08-12 14:00:00,-1.2161
2024-08-12 15:00:00,-1.2133
2024-08-12 16:00:00,-1.2206
2024-08-12 17:00:00,-1.2193
2024-08-12 18:00:00,-1.2253
2024-08-12 19:00:00,-1.2385
2024-08-12 20:00:00,-1.2381
2024-08-12 21:00:00,-1.2378
2024-08-12 22:00:00,-1.2389
2024-08-12 23:00:00,-1.2389
2024-08-13 00:00:00,-1.2387
2024-08-13 01:00:00,-1.2378
2024-08-13 02:00:00,-1.2385
2024-08-13 03:00:00,-1.2381
2024-08-13 04:00:00,-1.2373
2024-08-13 05:00:00,-1.2382
2024-08-13 06:00:00,-1.2389
2024-08-13 07:00:00,-1.2465
2024-08-13 08:00:00,-1.2381
2024-08-13 09:00:00,-1.2350
2024-08-13 10:00:00,-1.2301
2024-08-13 11:00:00,-1.2315
2024-08-13 12:00:00,-1.2261
2024-08-13 13:00:00,-1.2233
2024-08-13 14:00:00,-1.2254
2024-08-13 15:00:00,-1.2244
2024-08-13 16:00:00,-1.2327
2024-08-13 17:00:00,-1.2303
2024-08-13 18:00:00,-1.2312
2024-08-13 19:00:00,-1.2343
2024-08-13 20:00:00,-1.2308
2024-08-13 21:00:00,-1.2395
2024-08-13 22:00:00,-1.2417
2024-08-13 23:00:00,-1.2427
2024-08-14 00:00:00,-1.2442
2024-08-14 01:00:00,-1.2460
2024-08-14 02:00:00,-1.2495
2024-08-14 03:00:00,-1.2507
2024-08-14 04:00:00,-1.2416
2024-08-14 05:00:00,-1.2473
2024-08-14 06:00:00,-1.2554
2024-08-14 07:00:00,-1.2544
2024-08-14 08:00:00,-1.2504
2024-08-14 09:00:00,-1.2462
2024-08-14 10:00:00,-1.2434
2024-08-14 11:00:00,-1.2454
2024-08-14 12:00:00,-1.2405
2024-08-14 13:00:00,-1.2379
2024-08-14 14:00:00,-1.2299
2024-08-14 15:00:00,-1.2295
2024-08-14 16:00:00,-1.2308
2024-08-14 17:00:00,-1.2322
2024-08-14 18:00:00,-1.2368
2024-08-14 19:00:00,-1.2388
2024-08-14 20:00:00,-1.2387
2024-08-14 21:00:00,-1.2381
2024-08-14 22:00:00,-1.2368
2024-08-14 23:00:00,-1.2354
2024-08-15 00:00:00,-1.2364
2024-08-15 01:00:00,-1.2333
2024-08-15 02:00:00,-1.2300
2024-08-15 03:00:00,-1.2409
2024-08-15 04:00:00,-1.2389
2024-08-15 05:00:00,-1.2394
2024-08-15 06:00:00,-1.2393
2024-08-15 07:00:00,-1.2434
2024-08-15 08:00:00,-1.2483
2024-08-15 09:00:00,-1.2504
2024-08-15 10:00:00,-1.2464
2024-08-15 11:00:00,-1.2435
2024-08-15 12:00:00,-1.2381
2024-08-15 13:00:00,-1.2525
2024-08-15 14:00:00,-1.2487
2024-08-15 15:00:00,-1.2479
2024-08-15 16:00:00,-1.2378
2024-08-15 17:00:00,-1.2451
2024-08-15 18:00:00,-1.2470
2024-08-15 19:00:00,-1.2514
2024-08-15 20:00:00,-1.2550
2024-08-15 21:00:00,-1.2493
2024-08-15 22:00:00,-1.2587
2024-08-15 23:00:00,-1.2623
2024-08-16 00:00:00,-1.2613
2024-08-16 01:00:00,-1.2613
2024-08-16 02:00:00,-1.2624
2024-08-16 03:00:00,-1.2728
2024-08-16 04:00:00,-1.2735
2024-08-16 05:00:00,-1.2717
2024-08-16 06:00:00,-1.2718
2024-08-16 07:00:00,-1.2729
2024-08-16 08:00:00,-1.2616
2024-08-16 09:00:00,-1.2638
2024-08-16 10:00:00,-1.2635
2024-08-16 11:00:00,-1.2729
2024-08-16 12:00:00,-1.2715
2024-08-16 13:00:00,-1.2755
2024-08-16 14:00:00,-1.2777
2024-08-16 15:00:00,-1.2766
2024-08-16 16:00:00,-1.2771
2024-08-16 17:00:00,-1.2722
2024-08-16 18:00:00,-1.2720
2024-08-16 19:00:00,-1.2743
2024-08-16 20:00:00,-1.2607
2024-08-16 21:00:00,-1.2550
2024-08-16 22:00:00,-1.2539
2024-08-16 23:00:00,-1.2507
2024-08-17 00:00:00,-1.2573
2024-08-17 01:00:00,-1.2595
2024-08-17 02:00:00,-1.2453
2024-08-17 03:00:00,-1.2543
2024-08-17 04:00:00,-1.2532
2024-08-17 05:00:00,-1.2620
2024-08-17 06:00:00,-1.2571
2024-08-17 07:00:00,-1.2671
2024-08-17 08:00:00,-1.2701
2024-08-17 09:00:00,-1.2747
2024-08-17 10:00:00,-1.2752
2024-08-17 11:00:00,-1.2654
2024-08-17 12:00:00,-1.2550
2024-08-17 13:00:00,-1.2387
2024-08-17 14:00:00,-1.2284
2024-08-17 15:00:00,-1.2293
2024-08-17 16:00:00,-1.2332
2024-08-17 17:00:00,-1.2348
2024-08-17 18:00:00,-1.2378
2024-08-17 19:00:00,-1.2448
2024-08-17 20:00:00,-1.2460
2024-08-17 21:00:00,-1.2577
2024-08-17 22:00:00,-1.2501
2024-08-17 23:00:00,-1.2615
2024-08-18 00:00:00,-1.2672
2024-08-18 01:00:00,-1.2615
2024-08-18 02:00:00,-1.2589
2024-08-18 03:00:00,-1.2573
2024-08-18 04:00:00,-1.2549
2024-08-18 05:00:00,-1.2478
2024-08-18 06:00:00,-1.2568
2024-08-18 07:00:00,-1.2582
2024-08-18 08:00:00,-1.2512
2024-08-18 09:00:00,-1.2575
2024-08-18 10:00:00,-1.2570
2024-08-18 11:00:00,-1.2578
2024-08-18 12:00:00,-1.2570
2024-08-18 13:00:00,-1.2551
2024-08-18 14:00:00,-1.2462
2024-08-18 15:00:00,-1.2471
2024-08-18 16:00:00,-1.2410
2024-08-18 17:00:00,-1.2409
2024-08-18 18:00:00,-1.2388
2024-08-18 19:00:00,-1.2396
2024-08-18 20:00:00,-1.2426
2024-08-18 21:00:00,-1.2456
2024-08-18 22:00:00,-1.2478
2024-08-18 23:00:00,-1.2520
2024-08-19 00:00:00,-1.2539
2024-08-19 01:00:00,-1.2555
2024-08-19 02:00:00,-1.2629
2024-08-19 03:00:00,-1.2657
2024-08-19 04:00:00,-1.2599
2024-08-19 05:00:00,-1.2604
2024-08-19 06:00:00,-1.2593
2024-08-19 07:00:00,-1.2540
2024-08-19 08:00:00,-1.2482
2024-08-19 09:00:00,-1.2438
2024-08-19 10:00:00,-1.2405
2024-08-19 11:00:00,-1.2376
2024-08-19 12:00:00,-1.2359
2024-08-19 13:00:00,-1.2337
2024-08-19 14:00:00,-1.2327
2024-08-19 15:00:00,-1.2354
2024-08-19 16:00:00,-1.2344
2024-08-19 17:00:00,-1.2331
2024-08-19 18:00:00,-1.2378
2024-08-19 19:00:00,-1.2460
2024-08-19 20:00:00,-1.2516
2024-08-19 21:00:00,-1.2403
2024-08-19 22:00:00,-1.2462
2024-08-19 23:00:00,-1.2532
2024-08-20 00:00:00,-1.2539
2024-08-20 01:00:00,-1.2515
2024-08-20 02:00:00,-1.2530
2024-08-20 03:00:00,-1.2516
2024-08-20 04:00:00,-1.2528
2024-08-20 05:00:00,-1.2525
2024-08-20 06:00:00,-1.2593
2024-08-20 07:00:00,-1.2601
2024-08-20 08:00:00,-1.2596
2024-08-20 09:00:00,-1.2498
2024-08-20 10:00:00,-1.2460
2024-08-20 11:00:00,-1.2382
2024-08-20 12:00:00,-1.2326
2024-08-20 13:00:00,-1.2340
2024-08-20 14:00:00,-1.2462
2024-08-20 15:00:00,-1.2445
2024-08-20 16:00:00,-1.2480
2024-08-20 17:00:00,-1.2514
2024-08-20 18:00:00,-1.2476
2024-08-20 19:00:00,-1.2401
2024-08-20 20:00:00,-1.2345
2024-08-20 21:00:00,-1.2182
2024-08-20 22:00:00,-1.2155
2024-08-20 23:00:00,-1.2204
2024-08-21 00:00:00,-1.2195
2024-08-21 01:00:00,-1.2231
2024-08-21 02:00:00,-1.2186
2024-08-21 03:00:00,-1.2243
2024-08-21 04:00:00,-1.2294
2024-08-21 05:00:00,-1.2279
2024-08-21 06:00:00,-1.2265
2024-08-21 07:00:00,-1.2283
2024-08-21 08:00:00,-1.2371
2024-08-21 09:00:00,-1.2311
2024-08-21 10:00:00,-1.2348
2024-08-21 11:00:00,-1.2346
2024-08-21 12:00:00,-1.2329
2024-08-21 13:00:00,-1.2327
2024-08-21 14:00:00,-1.2308
2024-08-21 15:00:00,-1.2329
2024-08-21 16:00:00,-1.2311
2024-08-21 17:00:00,-1.2315
2024-08-21 18:00:00,-1.2333
2024-08-21 19:00:00,-1.2360
2024-08-21 20:00:00,-1.2283
2024-08-21 21:00:00,-1.2517
2024-08-21 22:00:00,-1.2589
2024-08-21 23:00:00,-1.2605
2024-08-22 00:00:00,-1.2628
2024-08-22 01:00:00,-1.2617
2024-08-22 02:00:00,-1.2641
2024-08-22 03:00:00,-1.2587
2024-08-22 04:00:00,-1.2745
2024-08-22 05:00:00,-1.2682
2024-08-22 06:00:00,-1.2663
2024-08-22 07:00:00,-1.2671
2024-08-22 08:00:00,-1.2673
2024-08-22 09:00:00,-1.2660
2024-08-22 10:00:00,-1.2663
2024-08-22 11:00:00,-1.2649
2024-08-22 12:00:00,-1.2643
2024-08-22 13:00:00,-1.2549
2024-08-22 14:00:00,-1.2505
2024-08-22 15:00:00,-1.2510
2024-08-22 16:00:00,-1.2464
2024-08-22 17:00:00,-1.2510
2024-08-22 18:00:00,-1.2520
2024-08-22 19:00:00,-1.2506
2024-08-22 20:00:00,-1.2599
2024-08-22 21:00:00,-1.2633
2024-08-22 22:00:00,-1.2659
2024-08-22 23:00:00,-1.2561
2024-08-23 00:00:00,-1.2566
2024-08-23 01:00:00,-1.2660
2024-08-23 02:00:00,-1.2511
2024-08-23 03:00:00,-1.2534
2024-08-23 04:00:00,-1.2529
2024-08-23 05:00:00,-1.2482
2024-08-23 06:00:00,-1.2443
2024-08-23 07:00:00,-1.2517
2024-08-23 08:00:00,-1.2499
2024-08-23 09:00:00,-1.2539
2024-08-23 10:00:00,-1.2528
2024-08-23 11:00:00,-1.2514
2024-08-23 12:00:00,-1.2510
2024-08-23 13:00:00,-1.2624
2024-08-23 14:00:00,-1.2561
2024-08-23 15:00:00,-1.2711
2024-08-23 16:00:00,-1.2710
2024-08-23 17:00:00,-1.2701
2024-08-23 18:00:00,-1.2693
2024-08-23 19:00:00,-1.2705
2024-08-23 20:00:00,-1.2678
2024-08-23 21:00:00,-1.2713
2024-08-23 22:00:00,-1.2716
2024-08-23 23:00:00,-1.2761
2024-08-24 00:00:00,-1.2804
2024-08-24 01:00:00,-1.2774
2024-08-24 02:00:00,-1.2751
2024-08-24 03:00:00,-1.2749
2024-08-24 04:00:00,-1.2784
2024-08-24 05:00:00,-1.2746
2024-08-24 06:00:00,-1.2754
2024-08-24 07:00:00,-1.2767
2024-08-24 08:00:00,-1.2671
2024-08-24 09:00:00,-1.2779
2024-08-24 10:00:00,-1.2732
2024-08-24 11:00:00,-1.2693
2024-08-24 12:00:00,-1.2629
2024-08-24 13:00:00,-1.2616
2024-08-24 14:00:00,-1.2466
2024-08-24 15:00:00,-1.2554
2024-08-24 16:00:00,-1.2480
2024-08-24 17:00:00,-1.2439
2024-08-24 18:00:00,-1.2450
2024-08-24 19:00:00,-1.2533
2024-08-24 20:00:00,-1.2572
2024-08-24 21:00:00,-1.2596
2024-08-24 22:00:00,-1.2552
2024-08-24 23:00:00,-1.2544
2024-08-25 00:00:00,-1.2511
2024-08-25 01:00:00,-1.2525
2024-08-25 02:00:00,-1.2456
2024-08-25 03:00:00,-1.2345
2024-08-25 04:00:00,-1.2337
2024-08-25 05:00:00,-1.2304
2024-08-25 06:00:00,-1.2276
2024-08-25 07:00:00,-1.2222
2024-08-25 08:00:00,-1.2178
2024-08-25 09:00:00,-1.2161
2024-08-25 10:00:00,-1.2192
2024-08-25 11:00:00,-1.2178
2024-08-25 12:00:00,-1.2154
2024-08-25 13:00:00,-1.2137
2024-08-25 14:00:00,-1.2108
2024-08-25 15:00:00,-1.2120
2024-08-25 16:00:00,-1.2102
2024-08-25 17:00:00,-1.2091
2024-08-25 18:00:00,-1.2166
2024-08-25 19:00:00,-1.2164
2024-08-25 20:00:00,-1.2132
2024-08-25 21:00:00,-1.2132
2024-08-25 22:00:00,-1.2125
2024-08-25 23:00:00,-1.2158
2024-08-26 00:00:00,-1.2197
2024-08-26 01:00:00,-1.2174
2024-08-26 02:00:00,-1.2233
2024-08-26 03:00:00,-1.2238
2024-08-26 04:00:00,-1.2253
2024-08-26 05:00:00,-1.2270
2024-08-26 06:00:00,-1.2323
2024-08-26 07:00:00,-1.2373
2024-08-26 08:00:00,-1.2407
2024-08-26 09:00:00,-1.2396
2024-08-26 10:00:00,-1.2418
2024-08-26 11:00:00,-1.2418
2024-08-26 12:00:00,-1.2400
2024-08-26 13:00:00,-1.2398
2024-08-26 14:00:00,-1.2401
2024-08-26 15:00:00,-1.2422
2024-08-26 16:00:00,-1.2416
2024-08-26 17:00:00,-1.2445
2024-08-26 18:00:00,-1.2470
2024-08-26 19:00:00,-1.2495
2024-08-26 20:00:00,-1.2406
2024-08-26 21:00:00,-1.2449
2024-08-26 22:00:00,-1.2471
2024-08-26 23:00:00,-1.2482
2024-08-27 00:00:00,-1.2517
2024-08-27 01:00:00,-1.2560
2024-08-27 02:00:00,-1.2578
2024-08-27 03:00:00,-1.2645
2024-08-27 04:00:00,-1.2665
2024-08-27 05:00:00,-1.2575
2024-08-27 06:00:00,-1.2648
2024-08-27 07:00:00,-1.2691
2024-08-27 08:00:00,-1.2698
2024-08-27 09:00:00,-1.2691
2024-08-27 10:00:00,-1.2621
2024-08-27 11:00:00,-1.2604
2024-08-27 12:00:00,-1.2589
2024-08-27 13:00:00,-1.2430
2024-08-27 14:00:00,-1.2458
2024-08-27 15:00:00,-1.2433
2024-08-27 16:00:00,-1.2345
2024-08-27 17:00:00,-1.2262
2024-08-27 18:00:00,-1.2325
2024-08-27 19:00:00,-1.2261
2024-08-27 20:00:00,-1.2300
2024-08-27 21:00:00,-1.2175
2024-08-27 22:00:00,-1.2314
2024-08-27 23:00:00,-1.2308
2024-08-28 00:00:00,-1.2370
2024-08-28 01:00:00,-1.2337
2024-08-28 02:00:00,-1.2332
2024-08-28 03:00:00,-1.2349
2024-08-28 04:00:00,-1.2325
2024-08-28 05:00:00,-1.2350
2024-08-28 06:00:00,-1.2371
2024-08-28 07:00:00,-1.2369
2024-08-28 08:00:00,-1.2378
2024-08-28 09:00:00,-1.2310
2024-08-28 10:00:00,-1.2258
2024-08-28 11:00:00,-1.2253
2024-08-28 12:00:00,-1.2200
2024-08-28 13:00:00,-1.2230
2024-08-28 14:00:00,-1.2249
2024-08-28 15:00:00,-1.2143
2024-08-28 16:00:00,-1.2181
2024-08-28 17:00:00,-1.2097
2024-08-28 18:00:00,-1.2106
2024-08-28 19:00:00,-1.2225
2024-08-28 20:00:00,-1.2278
2024-08-28 21:00:00,-1.2254
2024-08-28 22:00:00,-1.2294
2024-08-28 23:00:00,-1.2265
2024-08-29 00:00:00,-1.2247
2024-08-29 01:00:00,-1.2265
2024-08-29 02:00:00,-1.2277
2024-08-29 03:00:00,-1.2321
2024-08-29 04:00:00,-1.2311
2024-08-29 05:00:00,-1.2282
2024-08-29 06:00:00,-1.2233
2024-08-29 07:00:00,-1.2239
2024-08-29 08:00:00,-1.2147
2024-08-29 09:00:00,-1.2132
2024-08-29 10:00:00,-1.2124
2024-08-29 11:00:00,-1.2054
2024-08-29 12:00:00,-1.2038
2024-08-29 13:00:00,-1.2008
2024-08-29 14:00:00,-1.2038
2024-08-29 15:00:00,-1.2058
2024-08-29 16:00:00,-1.2088
2024-08-29 17:00:00,-1.2093
2024-08-29 18:00:00,-1.2098
2024-08-29 19:00:00,-1.2098
2024-08-29 20:00:00,-1.2121
2024-08-29 21:00:00,-1.2135
2024-08-29 22:00:00,-1.2164
2024-08-29 23:00:00,-1.2178
2024-08-30 00:00:00,-1.2193
2024-08-30 01:00:00,-1.2236
2024-08-30 02:00:00,-1.2291
2024-08-30 03:00:00,-1.2308
2024-08-30 04:00:00,-1.2323
2024-08-30 05:00:00,-1.2353
2024-08-30 06:00:00,-1.2436
2024-08-30 07:00:00,-1.2483
2024-08-30 08:00:00,-1.2354
2024-08-30 09:00:00,-1.2509
2024-08-30 10:00:00,-1.2482
2024-08-30 11:00:00,-1.2326
2024-08-30 12:00:00,-1.2421
2024-08-30 13:00:00,-1.2361
2024-08-30 14:00:00,-1.2283
2024-08-30 15:00:00,-1.2226
2024-08-30 16:00:00,-1.2130
2024-08-30 17:00:00,-1.2203
2024-08-30 18:00:00,-1.2275
2024-08-30 19:00:00,-1.2359
2024-08-30 20:00:00,-1.2378
2024-08-30 21:00:00,-1.2443
2024-08-30 22:00:00,-1.2505
2024-08-30 23:00:00,-1.2458
2024-08-31 00:00:00,-1.2363
2024-08-31 01:00:00,-1.2322
2024-08-31 02:00:00,-1.2260
2024-08-31 03:00:00,-1.2244
2024-08-31 04:00:00,-1.2239
2024-08-31 05:00:00,-1.2270
2024-08-31 06:00:00,-1.2221
2024-08-31 07:00:00,-1.2199
2024-08-31 08:00:00,-1.2227
2024-08-31 09:00:00,-1.2269
2024-08-31 10:00:00,-1.2252
2024-08-31 11:00:00,-1.2267
2024-08-31 12:00:00,-1.2156
2024-08-31 13:00:00,-1.2177
2024-08-31 14:00:00,-1.2116
2024-08-31 15:00:00,-1.2076
2024-08-31 16:00:00,-1.2030
2024-08-31 17:00:00,-1.2126
2024-08-31 18:00:00,-1.2182
2024-08-31 19:00:00,-1.2169
2024-08-31 20:00:00,-1.2209
2024-08-31 21:00:00,-1.2226
2024-08-31 22:00:00,-1.2280
2024-08-31 23:00:00,-1.2260
2024-09-01 00:00:00,-1.2287
2024-09-01 01:00:00,-1.2291
2024-09-01 02:00:00,-1.2243
2024-09-01 03:00:00,-1.2148
2024-09-01 04:00:00,-1.2048
2024-09-01 05:00:00,-1.2132
2024-09-01 06:00:00,-1.2217
2024-09-01 07:00:00,-1.2205
2024-09-01 08:00:00,-1.2183
2024-09-01 09:00:00,-1.2153
2024-09-01 10:00:00,-1.2224
2024-09-01 11:00:00,-1.2308
2024-09-01 12:00:00,-1.2222
2024-09-01 13:00:00,-1.2297
2024-09-01 14:00:00,-1.2215
2024-09-01 15:00:00,-1.2156
2024-09-01 16:00:00,-1.2031
2024-09-01 17:00:00,-1.1882
2024-09-01 18:00:00,-1.1954
2024-09-01 19:00:00,-1.1900
2024-09-01 20:00:00,-1.1861
2024-09-01 21:00:00,-1.1865
2024-09-01 22:00:00,-1.2019
2024-09-01 23:00:00,-1.2035
2024-09-02 00:00:00,-1.2111
2024-09-02 01:00:00,-1.2110
2024-09-02 02:00:00,-1.2106
2024-09-02 03:00:00,-1.2087
2024-09-02 04:00:00,-1.1999
2024-09-02 05:00:00,-1.1952
2024-09-02 06:00:00,-1.1841
2024-09-02 07:00:00,-1.1868
2024-09-02 08:00:00,-1.1936
2024-09-02 09:00:00,-1.1998
2024-09-02 10:00:00,-1.1995
2024-09-02 11:00:00,-1.2159
2024-09-02 12:00:00,-1.2070
2024-09-02 13:00:00,-1.2031
2024-09-02 14:00:00,-1.1995
2024-09-02 15:00:00,-1.1952
2024-09-02 16:00:00,-1.1990
2024-09-02 17:00:00,-1.1887
2024-09-02 18:00:00,-1.1866
2024-09-02 19:00:00,-1.1935
2024-09-02 20:00:00,-1.1964
2024-09-02 21:00:00,-1.1975
2024-09-02 22:00:00,-1.2060
2024-09-02 23:00:00,-1.2127
2024-09-03 00:00:00,-1.2100
2024-09-03 01:00:00,-1.2044
2024-09-03 02:00:00,-1.2180
2024-09-03 03:00:00,-1.2266
2024-09-03 04:00:00,-1.2096
2024-09-03 05:00:00,-1.2064
2024-09-03 06:00:00,-1.1997
2024-09-03 07:00:00,-1.2032
2024-09-03 08:00:00,-1.2054
2024-09-03 09:00:00,-1.2044
2024-09-03 10:00:00,-1.2092
2024-09-03 11:00:00,-1.2127
2024-09-03 12:00:00,-1.2042
2024-09-03 13:00:00,-1.2040
2024-09-03 14:00:00,-1.2011
2024-09-03 15:00:00,-1.2080
2024-09-03 16:00:00,-1.2133
2024-09-03 17:00:00,-1.2143
2024-09-03 18:00:00,-1.2135
2024-09-03 19:00:00,-1.2222
2024-09-03 20:00:00,-1.2227
2024-09-03 21:00:00,-1.2194
2024-09-03 22:00:00,-1.2227
2024-09-03 23:00:00,-1.2235
2024-09-04 00:00:00,-1.2252
2024-09-04 01:00:00,-1.2217
2024-09-04 02:00:00,-1.2270
2024-09-04 03:00:00,-1.2238
2024-09-04 04:00:00,-1.2248
2024-09-04 05:00:00,-1.2153
2024-09-04 06:00:00,-1.2153
2024-09-04 07:00:00,-1.2141
2024-09-04 08:00:00,-1.2136
2024-09-04 09:00:00,-1.2114
2024-09-04 10:00:00,-1.2047
2024-09-04 11:00:00,-1.2026
2024-09-04 12:00:00,-1.2064
2024-09-04 13:00:00,-1.2037
2024-09-04 14:00:00,-1.1995
2024-09-04 15:00:00,-1.1961
2024-09-04 16:00:00,-1.1864
2024-09-04 17:00:00,-1.1914
2024-09-04 18:00:00,-1.1953
2024-09-04 19:00:00,-1.1964
2024-09-04 20:00:00,-1.1998
2024-09-04 21:00:00,-1.1985
2024-09-04 22:00:00,-1.2067
2024-09-04 23:00:00,-1.2063
2024-09-05 00:00:00,-1.2035
2024-09-05 01:00:00,-1.2023
2024-09-05 02:00:00,-1.2037
2024-09-05 03:00:00,-1.2094
2024-09-05 04:00:00,-1.2158
2024-09-05 05:00:00,-1.2249
2024-09-05 06:00:00,-1.2252
2024-09-05 07:00:00,-1.2164
2024-09-05 08:00:00,-1.2117
2024-09-05 09:00:00,-1.2199
2024-09-05 10:00:00,-1.2096
2024-09-05 11:00:00,-1.2081
2024-09-05 12:00:00,-1.2151
2024-09-05 13:00:00,-1.1982
2024-09-05 14:00:00,-1.2060
2024-09-05 15:00:00,-1.2079
2024-09-05 16:00:00,-1.2106
2024-09-05 17:00:00,-1.2117
2024-09-05 18:00:00,-1.2070
2024-09-05 19:00:00,-1.2116
2024-09-05 20:00:00,-1.2151
2024-09-05 21:00:00,-1.2169
2024-09-05 22:00:00,-1.2132
2024-09-05 23:00:00,-1.2123
2024-09-06 00:00:00,-1.2172
2024-09-06 01:00:00,-1.2194
2024-09-06 02:00:00,-1.2126
2024-09-06 03:00:00,-1.2220
2024-09-06 04:00:00,-1.2264
2024-09-06 05:00:00,-1.2265
2024-09-06 06:00:00,-1.2243
2024-09-06 07:00:00,-1.2257
2024-09-06 08:00:00,-1.2320
2024-09-06 09:00:00,-1.2288
2024-09-06 10:00:00,-1.2277
2024-09-06 11:00:00,-1.2314
2024-09-06 12:00:00,-1.2273
2024-09-06 13:00:00,-1.2160
2024-09-06 14:00:00,-1.2210
2024-09-06 15:00:00,-1.2188
2024-09-06 16:00:00,-1.2203
2024-09-06 17:00:00,-1.2233
2024-09-06 18:00:00,-1.2233
2024-09-06 19:00:00,-1.2298
2024-09-06 20:00:00,-1.2354
2024-09-06 21:00:00,-1.2359
2024-09-06 22:00:00,-1.2366
2024-09-06 23:00:00,-1.2359
2024-09-07 00:00:00,-1.2395
2024-09-07 01:00:00,-1.2343
2024-09-07 02:00:00,-1.2464
2024-09-07 03:00:00,-1.2465
2024-09-07 04:00:00,-1.2506
2024-09-07 05:00:00,-1.2517
2024-09-07 06:00:00,-1.2472
2024-09-07 07:00:00,-1.2508
2024-09-07 08:00:00,-1.2504
2024-09-07 09:00:00,-1.2526
2024-09-07 10:00:00,-1.2470
2024-09-07 11:00:00,-1.2431
2024-09-07 12:00:00,-1.2420
2024-09-07 13:00:00,-1.2430
2024-09-07 14:00:00,-1.2423
2024-09-07 15:00:00,-1.2338
2024-09-07 16:00:00,-1.2328
2024-09-07 17:00:00,-1.2333
2024-09-07 18:00:00,-1.2271
2024-09-07 19:00:00,-1.2305
2024-09-07 20:00:00,-1.2327
2024-09-07 21:00:00,-1.2326
2024-09-07 22:00:00,-1.2293
2024-09-07 23:00:00,-1.2336
2024-09-08 00:00:00,-1.2300
2024-09-08 01:00:00,-1.2367
2024-09-08 02:00:00,-1.2292
2024-09-08 03:00:00,-1.2261
2024-09-08 04:00:00,-1.2380
2024-09-08 05:00:00,-1.2384
2024-09-08 06:00:00,-1.2434
2024-09-08 07:00:00,-1.2450
2024-09-08 08:00:00,-1.2439
2024-09-08 09:00:00,-1.2448
2024-09-08 10:00:00,-1.2491
2024-09-08 11:00:00,-1.2453
2024-09-08 12:00:00,-1.2425
2024-09-08 13:00:00,-1.2339
2024-09-08 14:00:00,-1.2383
2024-09-08 15:00:00,-1.2422
2024-09-08 16:00:00,-1.2428
2024-09-08 17:00:00,-1.2519
2024-09-08 18:00:00,-1.2544
2024-09-08 19:00:00,-1.2561
2024-09-08 20:00:00,-1.2524
2024-09-08 21:00:00,-1.2630
2024-09-08 22:00:00,-1.2640
2024-09-08 23:00:00,-1.2673
2024-09-09 00:00:00,-1.2599
2024-09-09 01:00:00,-1.2644
2024-09-09 02:00:00,-1.2615
2024-09-09 03:00:00,-1.2587
2024-09-09 04:00:00,-1.2570
2024-09-09 05:00:00,-1.2583
2024-09-09 06:00:00,-1.2488
2024-09-09 07:00:00,-1.2606
2024-09-09 08:00:00,-1.2506
2024-09-09 09:00:00,-1.2450
2024-09-09 10:00:00,-1.2380
2024-09-09 11:00:00,-1.2301
2024-09-09 12:00:00,-1.2307
2024-09-09 13:00:00,-1.2302
2024-09-09 14:00:00,-1.2296
2024-09-09 15:00:00,-1.2236
2024-09-09 16:00:00,-1.2223
2024-09-09 17:00:00,-1.2187
2024-09-09 18:00:00,-1.2177
2024-09-09 19:00:00,-1.2153
2024-09-09 20:00:00,-1.2165
2024-09-09 21:00:00,-1.2187
2024-09-09 22:00:00,-1.2168
2024-09-09 23:00:00,-1.2164
2024-09-10 00:00:00,-1.2143
2024-09-10 01:00:00,-1.2103
2024-09-10 02:00:00,-1.2053
2024-09-10 03:00:00,-1.2028
2024-09-10 04:00:00,-1.1989
2024-09-10 05:00:00,-1.1974
2024-09-10 06:00:00,-1.1986
2024-09-10 07:00:00,-1.1991
2024-09-10 08:00:00,-1.1965
2024-09-10 09:00:00,-1.1971
2024-09-10 10:00:00,-1.1971
2024-09-10 11:00:00,-1.1932
2024-09-10 12:00:00,-1.1998
2024-09-10 13:00:00,-1.1991
2024-09-10 14:00:00,-1.2053
2024-09-10 15:00:00,-1.2024
2024-09-10 16:00:00,-1.2034
2024-09-10 17:00:00,-1.2070
2024-09-10 18:00:00,-1.2089
2024-09-10 19:00:00,-1.2095
2024-09-10 20:00:00,-1.2118
2024-09-10 21:00:00,-1.2079
2024-09-10 22:00:00,-1.2163
2024-09-10 23:00:00,-1.2074
2024-09-11 00:00:00,-1.2043
2024-09-11 01:00:00,-1.2029
2024-09-11 02:00:00,-1.2024
2024-09-11 03:00:00,-1.1912
2024-09-11 04:00:00,-1.1764
2024-09-11 05:00:00,-1.1790
2024-09-11 06:00:00,-1.1825
2024-09-11 07:00:00,-1.1823
2024-09-11 08:00:00,-1.1892
2024-09-11 09:00:00,-1.1907
2024-09-11 10:00:00,-1.1991
2024-09-11 11:00:00,-1.1999
2024-09-11 12:00:00,-1.1965
2024-09-11 13:00:00,-1.2001
2024-09-11 14:00:00,-1.2046
2024-09-11 15:00:00,-1.2034
2024-09-11 16:00:00,-1.2043
2024-09-11 17:00:00,-1.2051
2024-09-11 18:00:00,-1.2070
2024-09-11 19:00:00,-1.2055
2024-09-11 20:00:00,-1.2079
2024-09-11 21:00:00,-1.2146
2024-09-11 22:00:00,-1.2141
2024-09-11 23:00:00,-1.2170
2024-09-12 00:00:00,-1.2171
2024-09-12 01:00:00,-1.2174
2024-09-12 02:00:00,-1.2198
2024-09-12 03:00:00,-1.2230
2024-09-12 04:00:00,-1.2256
2024-09-12 05:00:00,-1.2238
2024-09-12 06:00:00,-1.2227
2024-09-12 07:00:00,-1.2240
2024-09-12 08:00:00,-1.2307
2024-09-12 09:00:00,-1.2316
2024-09-12 10:00:00,-1.2306
2024-09-12 11:00:00,-1.2306
2024-09-12 12:00:00,-1.2331
2024-09-12 13:00:00,-1.2316
2024-09-12 14:00:00,-1.2259
2024-09-12 15:00:00,-1.2196
2024-09-12 16:00:00,-1.2160
2024-09-12 17:00:00,-1.2265
2024-09-12 18:00:00,-1.2260
2024-09-12 19:00:00,-1.2220
2024-09-12 20:00:00,-1.2268
2024-09-12 21:00:00,-1.2270
2024-09-12 22:00:00,-1.2260
2024-09-12 23:00:00,-1.2291
2024-09-13 00:00:00,-1.2320
2024-09-13 01:00:00,-1.2301
2024-09-13 02:00:00,-1.2318
2024-09-13 03:00:00,-1.2329
2024-09-13 04:00:00,-1.2325
2024-09-13 05:00:00,-1.2322
2024-09-13 06:00:00,-1.2359
2024-09-13 07:00:00,-1.2369
2024-09-13 08:00:00,-1.2359
2024-09-13 09:00:00,-1.2368
2024-09-13 10:00:00,-1.2388
2024-09-13 11:00:00,-1.2376
2024-09-13 12:00:00,-1.2381
2024-09-13 13:00:00,-1.2391
2024-09-13 14:00:00,-1.2402
2024-09-13 15:00:00,-1.2419
2024-09-13 16:00:00,-1.2432
2024-09-13 17:00:00,-1.2449
2024-09-13 18:00:00,-1.2474
2024-09-13 19:00:00,-1.2491
2024-09-13 20:00:00,-1.2512
2024-09-13 21:00:00,-1.2537
2024-09-13 22:00:00,-1.2566
2024-09-13 23:00:00,-1.2586
2024-09-14 00:00:00,-1.2596
2024-09-14 01:00:00,-1.2598
2024-09-14 02:00:00,-1.2610
2024-09-14 03:00:00,-1.2615
2024-09-14 04:00:00,-1.2614
2024-09-14 05:00:00,-1.2599
2024-09-14 06:00:00,-1.2580
2024-09-14 07:00:00,-1.2620
2024-09-14 08:00:00,-1.2530
2024-09-14 09:00:00,-1.2455
2024-09-14 10:00:00,-1.2413
2024-09-14 11:00:00,-1.2351
2024-09-14 12:00:00,-1.2297
2024-09-14 13:00:00,-1.2277
2024-09-14 14:00:00,-1.2296
2024-09-14 15:00:00,-1.2293
2024-09-14 16:00:00,-1.2318
2024-09-14 17:00:00,-1.2354
2024-09-14 18:00:00,-1.2286
2024-09-14 19:00:00,-1.2203
2024-09-14 20:00:00,-1.2171
2024-09-14 21:00:00,-1.2188
2024-09-14 22:00:00,-1.2223
2024-09-14 23:00:00,-1.2176
2024-09-15 00:00:00,-1.2192
2024-09-15 01:00:00,-1.2170
2024-09-15 02:00:00,-1.2169
2024-09-15 03:00:00,-1.2147
2024-09-15 04:00:00,-1.2166
2024-09-15 05:00:00,-1.2134
2024-09-15 06:00:00,-1.2116
2024-09-15 07:00:00,-1.2169
2024-09-15 08:00:00,-1.2199
2024-09-15 09:00:00,-1.2224
2024-09-15 10:00:00,-1.2277
2024-09-15 11:00:00,-1.2218
2024-09-15 12:00:00,-1.2236
2024-09-15 13:00:00,-1.2219
2024-09-15 14:00:00,-1.2211
2024-09-15 15:00:00,-1.2154
2024-09-15 16:00:00,-1.2174
2024-09-15 17:00:00,-1.2169
2024-09-15 18:00:00,-1.2179
2024-09-15 19:00:00,-1.2220
2024-09-15 20:00:00,-1.2211
2024-09-15 21:00:00,-1.2260
2024-09-15 22:00:00,-1.2257
2024-09-15 23:00:00,-1.2241
2024-09-16 00:00:00,-1.2224
2024-09-16 01:00:00,-1.2284
2024-09-16 02:00:00,-1.2313
2024-09-16 03:00:00,-1.2330
2024-09-16 04:00:00,-1.2368
2024-09-16 05:00:00,-1.2365
2024-09-16 06:00:00,-1.2409
2024-09-16 07:00:00,-1.2435
2024-09-16 08:00:00,-1.2482
2024-09-16 09:00:00,-1.2510
2024-09-16 10:00:00,-1.2512
2024-09-16 11:00:00,-1.2465
2024-09-16 12:00:00,-1.2465
2024-09-16 13:00:00,-1.2501
2024-09-16 14:00:00,-1.2520
2024-09-16 15:00:00,-1.2512
2024-09-16 16:00:00,-1.2468
2024-09-16 17:00:00,-1.2431
2024-09-16 18:00:00,-1.2390
2024-09-16 19:00:00,-1.2398
2024-09-16 20:00:00,-1.2448
2024-09-16 21:00:00,-1.2427
2024-09-16 22:00:00,-1.2404
2024-09-16 23:00:00,-1.2401
2024-09-17 00:00:00,-1.2399
2024-09-17 01:00:00,-1.2387
2024-09-17 02:00:00,-1.2331
2024-09-17 03:00:00,-1.2322
2024-09-17 04:00:00,-1.2280
2024-09-17 05:00:00,-1.2226
2024-09-17 06:00:00,-1.2187
2024-09-17 07:00:00,-1.2173
2024-09-17 08:00:00,-1.2150
2024-09-17 09:00:00,-1.2152
2024-09-17 10:00:00,-1.2158
2024-09-17 11:00:00,-1.2176
2024-09-17 12:00:00,-1.2148
2024-09-17 13:00:00,-1.2186
2024-09-17 14:00:00,-1.2230
2024-09-17 15:00:00,-1.2127
2024-09-17 16:00:00,-1.2112
2024-09-17 17:00:00,-1.2084
2024-09-17 18:00:00,-1.2107
2024-09-17 19:00:00,-1.2109
2024-09-17 20:00:00,-1.2162
2024-09-17 21:00:00,-1.2147
2024-09-17 22:00:00,-1.2108
2024-09-17 23:00:00,-1.2169
2024-09-18 00:00:00,-1.2187
2024-09-18 01:00:00,-1.2160
2024-09-18 02:00:00,-1.2169
2024-09-18 03:00:00,-1.2179
2024-09-18 04:00:00,-1.2164
2024-09-18 05:00:00,-1.2199
2024-09-18 06:00:00,-1.2213
2024-09-18 07:00:00,-1.2085
2024-09-18 08:00:00,-1.2018
2024-09-18 09:00:00,-1.1969
2024-09-18 10:00:00,-1.1950
2024-09-18 11:00:00,-1.1978
2024-09-18 12:00:00,-1.2026
2024-09-18 13:00:00,-1.2120
2024-09-18 14:00:00,-1.2093
2024-09-18 15:00:00,-1.2039
2024-09-18 16:00:00,-1.2015
2024-09-18 17:00:00,-1.2058
2024-09-18 18:00:00,-1.2084
2024-09-18 19:00:00,-1.2070
2024-09-18 20:00:00,-1.2108
2024-09-18 21:00:00,-1.2125
2024-09-18 22:00:00,-1.2086
2024-09-18 23:00:00,-1.2104
2024-09-19 00:00:00,-1.2093
2024-09-19 01:00:00,-1.2114
2024-09-19 02:00:00,-1.2162
2024-09-19 03:00:00,-1.2120
2024-09-19 04:00:00,-1.2142
2024-09-19 05:00:00,-1.2116
2024-09-19 06:00:00,-1.2132
2024-09-19 07:00:00,-1.2142
2024-09-19 08:00:00,-1.2173
2024-09-19 09:00:00,-1.2198
2024-09-19 10:00:00,-1.2145
2024-09-19 11:00:00,-1.2223
2024-09-19 12:00:00,-1.2187
2024-09-19 13:00:00,-1.2177
2024-09-19 14:00:00,-1.2184
2024-09-19 15:00:00,-1.2104
2024-09-19 16:00:00,-1.2123
2024-09-19 17:00:00,-1.2094
2024-09-19 18:00:00,-1.2115
2024-09-19 19:00:00,-1.2174
2024-09-19 20:00:00,-1.2103
2024-09-19 21:00:00,-1.2053
2024-09-19 22:00:00,-1.2017
2024-09-19 23:00:00,-1.2029
2024-09-20 00:00:00,-1.2004
2024-09-20 01:00:00,-1.2020
2024-09-20 02:00:00,-1.2031
2024-09-20 03:00:00,-1.2070
2024-09-20 04:00:00,-1.1997
2024-09-20 05:00:00,-1.1997
2024-09-20 06:00:00,-1.2019
2024-09-20 07:00:00,-1.2002
2024-09-20 08:00:00,-1.1962
2024-09-20 09:00:00,-1.1912
2024-09-20 10:00:00,-1.1970
2024-09-20 11:00:00,-1.1975
2024-09-20 12:00:00,-1.1948
2024-09-20 13:00:00,-1.1961
2024-09-20 14:00:00,-1.1980
2024-09-20 15:00:00,-1.1992
2024-09-20 16:00:00,-1.2051
2024-09-20 17:00:00,-1.1985
2024-09-20 18:00:00,-1.1998
2024-09-20 19:00:00,-1.2027
2024-09-20 20:00:00,-1.2045
2024-09-20 21:00:00,-1.2038
2024-09-20 22:00:00,-1.2075
2024-09-20 23:00:00,-1.2084
2024-09-21 00:00:00,-1.2088
2024-09-21 01:00:00,-1.2018
2024-09-21 02:00:00,-1.2047
2024-09-21 03:00:00,-1.2046
2024-09-21 04:00:00,-1.2080
2024-09-21 05:00:00,-1.2109
2024-09-21 06:00:00,-1.2101
2024-09-21 07:00:00,-1.2128
2024-09-21 08:00:00,-1.2123
2024-09-21 09:00:00,-1.1995
2024-09-21 10:00:00,-1.2004
2024-09-21 11:00:00,-1.1951
2024-09-21 12:00:00,-1.1945
2024-09-21 13:00:00,-1.1853
2024-09-21 14:00:00,-1.1817
2024-09-21 15:00:00,-1.1847
2024-09-21 16:00:00,-1.1864
2024-09-21 17:00:00,-1.1783
2024-09-21 18:00:00,-1.1792
2024-09-21 19:00:00,-1.1931
2024-09-21 20:00:00,-1.1868
2024-09-21 21:00:00,-1.1866
2024-09-21 22:00:00,-1.1829
2024-09-21 23:00:00,-1.1791
2024-09-22 00:00:00,-1.1766
2024-09-22 01:00:00,-1.1858
2024-09-22 02:00:00,-1.1813
2024-09-22 03:00:00,-1.1746
2024-09-22 04:00:00,-1.1678
2024-09-22 05:00:00,-1.1677
2024-09-22 06:00:00,-1.1708
2024-09-22 07:00:00,-1.1721
2024-09-22 08:00:00,-1.1760
2024-09-22 09:00:00,-1.1728
2024-09-22 10:00:00,-1.1729
2024-09-22 11:00:00,-1.1773
2024-09-22 12:00:00,-1.1767
2024-09-22 13:00:00,-1.1668
2024-09-22 14:00:00,-1.1650
2024-09-22 15:00:00,-1.1592
2024-09-22 16:00:00,-1.1651
2024-09-22 17:00:00,-1.1638
2024-09-22 18:00:00,-1.1528
2024-09-22 19:00:00,-1.1468
2024-09-22 20:00:00,-1.1418
2024-09-22 21:00:00,-1.1447
2024-09-22 22:00:00,-1.1518
2024-09-22 23:00:00,-1.1525
2024-09-23 00:00:00,-1.1464
2024-09-23 01:00:00,-1.1471
2024-09-23 02:00:00,-1.1454
2024-09-23 03:00:00,-1.1610
2024-09-23 04:00:00,-1.1530
2024-09-23 05:00:00,-1.1422
2024-09-23 06:00:00,-1.1457
2024-09-23 07:00:00,-1.1446
2024-09-23 08:00:00,-1.1466
2024-09-23 09:00:00,-1.1486
2024-09-23 10:00:00,-1.1652
2024-09-23 11:00:00,-1.1594
2024-09-23 12:00:00,-1.1561
2024-09-23 13:00:00,-1.1665
2024-09-23 14:00:00,-1.1731
2024-09-23 15:00:00,-1.1840
2024-09-23 16:00:00,-1.1953
2024-09-23 17:00:00,-1.1882
2024-09-23 18:00:00,-1.1928
2024-09-23 19:00:00,-1.1894
2024-09-23 20:00:00,-1.2046
2024-09-23 21:00:00,-1.2078
2024-09-23 22:00:00,-1.2100
2024-09-23 23:00:00,-1.2083
2024-09-24 00:00:00,-1.2134
2024-09-24 01:00:00,-1.2117
2024-09-24 02:00:00,-1.1970
2024-09-24 03:00:00,-1.1973
2024-09-24 04:00:00,-1.1972
2024-09-24 05:00:00,-1.1974
2024-09-24 06:00:00,-1.1946
2024-09-24 07:00:00,-1.1927
2024-09-24 08:00:00,-1.1887
2024-09-24 09:00:00,-1.1873
2024-09-24 10:00:00,-1.1827
2024-09-24 11:00:00,-1.1846
2024-09-24 12:00:00,-1.1858
2024-09-24 13:00:00,-1.1951
2024-09-24 14:00:00,-1.1857
2024-09-24 15:00:00,-1.1855
2024-09-24 16:00:00,-1.1890
2024-09-24 17:00:00,-1.1817
2024-09-24 18:00:00,-1.1868
2024-09-24 19:00:00,-1.1936
2024-09-24 20:00:00,-1.2038
2024-09-24 21:00:00,-1.2042
2024-09-24 22:00:00,-1.2123
2024-09-24 23:00:00,-1.2151
2024-09-25 00:00:00,-1.2023
2024-09-25 01:00:00,-1.2144
2024-09-25 02:00:00,-1.2200
2024-09-25 03:00:00,-1.2200
2024-09-25 04:00:00,-1.2208
2024-09-25 05:00:00,-1.2178
2024-09-25 06:00:00,-1.2156
2024-09-25 07:00:00,-1.2034
2024-09-25 08:00:00,-1.2169
2024-09-25 09:00:00,-1.2012
2024-09-25 10:00:00,-1.2250
2024-09-25 11:00:00,-1.2240
2024-09-25 12:00:00,-1.2255
2024-09-25 13:00:00,-1.2251
2024-09-25 14:00:00,-1.2241
2024-09-25 15:00:00,-1.2112
2024-09-25 16:00:00,-1.2191
2024-09-25 17:00:00,-1.2285
2024-09-25 18:00:00,-1.2167
2024-09-25 19:00:00,-1.2191
2024-09-25 20:00:00,-1.2240
2024-09-25 21:00:00,-1.2189
2024-09-25 22:00:00,-1.2192
2024-09-25 23:00:00,-1.2180
2024-09-26 00:00:00,-1.2175
2024-09-26 01:00:00,-1.2090
2024-09-26 02:00:00,-1.2119
2024-09-26 03:00:00,-1.2061
2024-09-26 04:00:00,-1.2220
2024-09-26 05:00:00,-1.2190
2024-09-26 06:00:00,-1.2258
2024-09-26 07:00:00,-1.2219
2024-09-26 08:00:00,-1.2068
2024-09-26 09:00:00,-1.2235
2024-09-26 10:00:00,-1.2202
2024-09-26 11:00:00,-1.2269
2024-09-26 12:00:00,-1.2236
2024-09-26 13:00:00,-1.2250
2024-09-26 14:00:00,-1.2258
2024-09-26 15:00:00,-1.2276
2024-09-26 16:00:00,-1.2276
2024-09-26 17:00:00,-1.2280
2024-09-26 18:00:00,-1.2283
2024-09-26 19:00:00,-1.2298
2024-09-26 20:00:00,-1.2259
2024-09-26 21:00:00,-1.2380
2024-09-26 22:00:00,-1.2395
2024-09-26 23:00:00,-1.2413
2024-09-27 00:00:00,-1.2428
2024-09-27 01:00:00,-1.2452
2024-09-27 02:00:00,-1.2447
2024-09-27 03:00:00,-1.2474
2024-09-27 04:00:00,-1.2513
2024-09-27 05:00:00,-1.2491
2024-09-27 06:00:00,-1.2543
2024-09-27 07:00:00,-1.2496
2024-09-27 08:00:00,-1.2490
2024-09-27 09:00:00,-1.2507
2024-09-27 10:00:00,-1.2597
2024-09-27 11:00:00,-1.2618
2024-09-27 12:00:00,-1.2605
2024-09-27 13:00:00,-1.2622
2024-09-27 14:00:00,-1.2668
2024-09-27 15:00:00,-1.0589
2024-09-27 16:00:00,-0.9417
2024-09-27 17:00:00,-0.9552
2024-09-27 18:00:00,-1.0276
2024-09-27 19:00:00,-1.0628
2024-09-27 20:00:00,-1.0992
2024-09-27 21:00:00,-1.1312
2024-09-27 22:00:00,-1.1123
2024-09-27 23:00:00,-1.0789
2024-09-28 00:00:00,-1.0381
2024-09-28 01:00:00,-0.9997
2024-09-28 02:00:00,-0.9825
2024-09-28 03:00:00,-0.9779
2024-09-28 04:00:00,-0.9684
2024-09-28 05:00:00,-0.9663
2024-09-28 06:00:00,-0.9734
2024-09-28 07:00:00,-1.0001
2024-09-28 08:00:00,-1.0234
2024-09-28 09:00:00,-1.0459
2024-09-28 10:00:00,-1.0492
2024-09-28 11:00:00,-1.0579
2024-09-28 12:00:00,-1.0659
2024-09-28 13:00:00,-1.0734
2024-09-28 14:00:00,-1.0780
2024-09-28 15:00:00,-1.0755
2024-09-28 16:00:00,-1.0784
2024-09-28 17:00:00,-1.0863
2024-09-28 18:00:00,-1.0928
2024-09-28 19:00:00,-1.0972
2024-09-28 20:00:00,-1.1058
2024-09-28 21:00:00,-1.1127
2024-09-28 22:00:00,-1.1199
2024-09-28 23:00:00,-1.1239
2024-09-29 00:00:00,-1.1283
2024-09-29 01:00:00,-1.1366
2024-09-29 02:00:00,-1.1410
2024-09-29 03:00:00,-1.1471
2024-09-29 04:00:00,-1.1462
2024-09-29 05:00:00,-1.1471
2024-09-29 06:00:00,-1.1512
2024-09-29 07:00:00,-1.1505
2024-09-29 08:00:00,-1.1470
2024-09-29 09:00:00,-1.1560
2024-09-29 10:00:00,-1.1550
2024-09-29 11:00:00,-1.1561
2024-09-29 12:00:00,-1.1507
2024-09-29 13:00:00,-1.1494
2024-09-29 14:00:00,-1.1460
2024-09-29 15:00:00,-1.1415
2024-09-29 16:00:00,-1.1472
2024-09-29 17:00:00,-1.1506
2024-09-29 18:00:00,-1.1554
2024-09-29 19:00:00,-1.1585
2024-09-29 20:00:00,-1.1593
2024-09-29 21:00:00,-1.1609
2024-09-29 22:00:00,-1.1657
2024-09-29 23:00:00,-1.1785
2024-09-30 00:00:00,-1.1811
2024-09-30 01:00:00,-1.1827
2024-09-30 02:00:00,-1.1882
2024-09-30 03:00:00,-1.1950
2024-09-30 04:00:00,-1.2081
2024-09-30 05:00:00,-1.2260
2024-09-30 06:00:00,-1.2380
2024-09-30 07:00:00,-1.2470
2024-09-30 08:00:00,-1.2554
2024-09-30 09:00:00,-1.2618
2024-09-30 10:00:00,-1.2599
2024-09-30 11:00:00,-1.2642
2024-09-30 12:00:00,-1.2703
2024-09-30 13:00:00,-1.2749
2024-09-30 14:00:00,-1.2760
2024-09-30 15:00:00,-1.2753
2024-09-30 16:00:00,-1.2774
2024-09-30 17:00:00,-1.2747
2024-09-30 18:00:00,-1.2675
2024-09-30 19:00:00,-1.2675
2024-09-30 20:00:00,-1.2647
2024-09-30 21:00:00,-1.2603
2024-09-30 22:00:00,-1.2552
2024-09-30 23:00:00,-1.2477
2024-10-01 00:00:00,-1.2459
2024-10-01 01:00:00,-1.2463
2024-10-01 02:00:00,-1.2458
2024-10-01 03:00:00,-1.2436
2024-10-01 04:00:00,-1.2411
2024-10-01 05:00:00,-1.2309
2024-10-01 06:00:00,-1.2149
2024-10-01 07:00:00,-1.2210
2024-10-01 08:00:00,-1.2129
2024-10-01 09:00:00,-1.2042
2024-10-01 10:00:00,-1.1942
2024-10-01 11:00:00,-1.1605
2024-10-01 12:00:00,-1.1173
2024-10-01 13:00:00,-1.0864
2024-10-01 14:00:00,-1.0595
2024-10-01 15:00:00,-1.0480
2024-10-01 16:00:00,-1.0349
2024-10-01 17:00:00,-1.0364
2024-10-01 18:00:00,-1.0154
2024-10-01 19:00:00,-1.0069
2024-10-01 20:00:00,-0.9883
2024-10-01 21:00:00,-0.9818
2024-10-01 22:00:00,-0.9728
2024-10-01 23:00:00,-0.9640
2024-10-02 00:00:00,-0.9591
2024-10-02 01:00:00,-0.9512
2024-10-02 02:00:00,-0.9420
2024-10-02 03:00:00,-0.9354
2024-10-02 04:00:00,-0.9318
2024-10-02 05:00:00,-0.9330
2024-10-02 06:00:00,-0.9341
2024-10-02 07:00:00,-0.9443
2024-10-02 08:00:00,-0.9601
2024-10-02 09:00:00,-0.9741
2024-10-02 10:00:00,-0.9880
2024-10-02 11:00:00,-0.9987
2024-10-02 12:00:00,-1.0076
2024-10-02 13:00:00,-1.0334
2024-10-02 14:00:00,-1.0523
2024-10-02 15:00:00,-1.0692
2024-10-02 16:00:00,-1.0988
2024-10-02 17:00:00,-1.1166
2024-10-02 18:00:00,-1.1277
2024-10-02 19:00:00,-1.1454
2024-10-02 20:00:00,-1.1512
2024-10-02 21:00:00,-1.1512
2024-10-02 22:00:00,-1.1598
2024-10-02 23:00:00,-1.1677
2024-10-03 00:00:00,-1.1889
2024-10-03 01:00:00,-1.2031
2024-10-03 02:00:00,-1.2173
2024-10-03 03:00:00,-1.2276
2024-10-03 04:00:00,-1.2389
2024-10-03 05:00:00,-1.2540
2024-10-03 06:00:00,-1.2679
2024-10-03 07:00:00,-1.2759
2024-10-03 08:00:00,-1.2828
2024-10-03 09:00:00,-1.2882
2024-10-03 10:00:00,-1.2960
2024-10-03 11:00:00,-1.2975
2024-10-03 12:00:00,-1.2908
2024-10-03 13:00:00,-1.2946
2024-10-03 14:00:00,-1.2937
2024-10-03 15:00:00,-1.2961
2024-10-03 16:00:00,-1.2922
2024-10-03 17:00:00,-1.2958
2024-10-03 18:00:00,-1.2971
2024-10-03 19:00:00,-1.3044
2024-10-03 20:00:00,-1.3075
2024-10-03 21:00:00,-1.3054
2024-10-03 22:00:00,-1.3032
2024-10-03 23:00:00,-1.2998
2024-10-04 00:00:00,-1.3052
2024-10-04 01:00:00,-1.3100
2024-10-04 02:00:00,-1.3149
2024-10-04 03:00:00,-1.3160
2024-10-04 04:00:00,-1.3147
2024-10-04 05:00:00,-1.3102
2024-10-04 06:00:00,-1.3083
2024-10-04 07:00:00,-1.3072
2024-10-04 08:00:00,-1.3080
2024-10-04 09:00:00,-1.3122
2024-10-04 10:00:00,-1.3107
2024-10-04 11:00:00,-1.3142
2024-10-04 12:00:00,-1.3131
2024-10-04 13:00:00,-1.3128
2024-10-04 14:00:00,-1.3107
2024-10-04 15:00:00,-1.3086
2024-10-04 16:00:00,-1.3059
2024-10-04 17:00:00,-1.2999
2024-10-04 18:00:00,-1.2991
2024-10-04 19:00:00,-1.2992
2024-10-04 20:00:00,-1.3047
2024-10-04 21:00:00,-1.3164
2024-10-04 22:00:00,-1.3153
2024-10-04 23:00:00,-1.3123
2024-10-05 00:00:00,-1.3114
2024-10-05 01:00:00,-1.3108
2024-10-05 02:00:00,-1.3071
2024-10-05 03:00:00,-1.3153
2024-10-05 04:00:00,-1.3147
2024-10-05 05:00:00,-1.3152
2024-10-05 06:00:00,-1.3127
2024-10-05 07:00:00,-1.3094
2024-10-05 08:00:00,-1.3116
2024-10-05 09:00:00,-1.3167
2024-10-05 10:00:00,-1.3171
2024-10-05 11:00:00,-1.3143
2024-10-05 12:00:00,-1.3147
2024-10-05 13:00:00,-1.3117
2024-10-05 14:00:00,-1.2989
2024-10-05 15:00:00,-1.3008
2024-10-05 16:00:00,-1.3008
2024-10-05 17:00:00,-1.3020
2024-10-05 18:00:00,-1.2897
2024-10-05 19:00:00,-1.2892
2024-10-05 20:00:00,-1.2857
2024-10-05 21:00:00,-1.2832
2024-10-05 22:00:00,-1.2844
2024-10-05 23:00:00,-1.2797
2024-10-06 00:00:00,-1.2794
2024-10-06 01:00:00,-1.2908
2024-10-06 02:00:00,-1.2921
2024-10-06 03:00:00,-1.2923
2024-10-06 04:00:00,-1.2768
2024-10-06 05:00:00,-1.2752
2024-10-06 06:00:00,-1.2760
2024-10-06 07:00:00,-1.2797
2024-10-06 08:00:00,-1.2818
2024-10-06 09:00:00,-1.2791
2024-10-06 10:00:00,-1.2824
2024-10-06 11:00:00,-1.2794
2024-10-06 12:00:00,-1.2730
2024-10-06 13:00:00,-1.2553
2024-10-06 14:00:00,-1.2568
2024-10-06 15:00:00,-1.2490
2024-10-06 16:00:00,-1.2563
2024-10-06 17:00:00,-1.2573
2024-10-06 18:00:00,-1.2631
2024-10-06 19:00:00,-1.2640
2024-10-06 20:00:00,-1.2634
2024-10-06 21:00:00,-1.2637
2024-10-06 22:00:00,-1.2636
2024-10-06 23:00:00,-1.2563
2024-10-07 00:00:00,-1.2561
2024-10-07 01:00:00,-1.2683
2024-10-07 02:00:00,-1.2714
2024-10-07 03:00:00,-1.2715
2024-10-07 04:00:00,-1.2687
2024-10-07 05:00:00,-1.2696
2024-10-07 06:00:00,-1.2606
2024-10-07 07:00:00,-1.2569
2024-10-07 08:00:00,-1.2640
2024-10-07 09:00:00,-1.2649
2024-10-07 10:00:00,-1.2643
2024-10-07 11:00:00,-1.2652
2024-10-07 12:00:00,-1.2654
2024-10-07 13:00:00,-1.2665
2024-10-07 14:00:00,-1.2667
2024-10-07 15:00:00,-1.2662
2024-10-07 16:00:00,-1.2623
2024-10-07 17:00:00,-1.2588
2024-10-07 18:00:00,-1.2585
2024-10-07 19:00:00,-1.2637
2024-10-07 20:00:00,-1.2628
2024-10-07 21:00:00,-1.2572
2024-10-07 22:00:00,-1.2609
2024-10-07 23:00:00,-1.2486
2024-10-08 00:00:00,-1.2498
2024-10-08 01:00:00,-1.2498
2024-10-08 02:00:00,-1.2428
2024-10-08 03:00:00,-1.2411
2024-10-08 04:00:00,-1.2435
2024-10-08 05:00:00,-1.2389
2024-10-08 06:00:00,-1.2432
2024-10-08 07:00:00,-1.2350
2024-10-08 08:00:00,-1.2378
2024-10-08 09:00:00,-1.2415
2024-10-08 10:00:00,-1.2402
2024-10-08 11:00:00,-1.2370
2024-10-08 12:00:00,-1.2303
2024-10-08 13:00:00,-1.2303
2024-10-08 14:00:00,-1.2295
2024-10-08 15:00:00,-1.2305
2024-10-08 16:00:00,-1.2307
2024-10-08 17:00:00,-1.2218
2024-10-08 18:00:00,-1.2184
2024-10-08 19:00:00,-1.2214
2024-10-08 20:00:00,-1.2245
2024-10-08 21:00:00,-1.2276
2024-10-08 22:00:00,-1.2330
2024-10-08 23:00:00,-1.2281
2024-10-09 00:00:00,-1.2260
2024-10-09 01:00:00,-1.2245
2024-10-09 02:00:00,-1.2259
2024-10-09 03:00:00,-1.2258
2024-10-09 04:00:00,-1.2133
2024-10-09 05:00:00,-1.2212
2024-10-09 06:00:00,-1.2213
2024-10-09 07:00:00,-1.2130
2024-10-09 08:00:00,-1.2252
2024-10-09 09:00:00,-1.2237
2024-10-09 10:00:00,-1.2129
2024-10-09 11:00:00,-1.2179
2024-10-09 12:00:00,-1.2163
2024-10-09 13:00:00,-1.2128
2024-10-09 14:00:00,-1.2121
2024-10-09 15:00:00,-1.2209
2024-10-09 16:00:00,-1.2255
2024-10-09 17:00:00,-1.2225
2024-10-09 18:00:00,-1.2176
2024-10-09 19:00:00,-1.2179
2024-10-09 20:00:00,-1.2135
2024-10-09 21:00:00,-1.2260
2024-10-09 22:00:00,-1.2206
2024-10-09 23:00:00,-1.2198
2024-10-10 00:00:00,-1.2143
2024-10-10 01:00:00,-1.2117
2024-10-10 02:00:00,-1.2161
2024-10-10 03:00:00,-1.2116
2024-10-10 04:00:00,-1.2143
2024-10-10 05:00:00,-1.2105
2024-10-10 06:00:00,-1.2063
2024-10-10 07:00:00,-1.2051
2024-10-10 08:00:00,-1.2040
2024-10-10 09:00:00,-1.2060
2024-10-10 10:00:00,-1.2064
2024-10-10 11:00:00,-1.2023
2024-10-10 12:00:00,-1.2051
2024-10-10 13:00:00,-1.2085
2024-10-10 14:00:00,-1.2080
2024-10-10 15:00:00,-1.2063
2024-10-10 16:00:00,-1.2091
2024-10-10 17:00:00,-1.2125
2024-10-10 18:00:00,-1.2153
2024-10-10 19:00:00,-1.2176
2024-10-10 20:00:00,-1.2225
2024-10-10 21:00:00,-1.2240
2024-10-10 22:00:00,-1.2253
2024-10-10 23:00:00,-1.2252
2024-10-11 00:00:00,-1.2256
2024-10-11 01:00:00,-1.2271
2024-10-11 02:00:00,-1.2258
2024-10-11 03:00:00,-1.2241
2024-10-11 04:00:00,-1.2234
2024-10-11 05:00:00,-1.2241
2024-10-11 06:00:00,-1.2246
2024-10-11 07:00:00,-1.2242
2024-10-11 08:00:00,-1.2255
2024-10-11 09:00:00,-1.2283
2024-10-11 10:00:00,-1.2289
2024-10-11 11:00:00,-1.2260
2024-10-11 12:00:00,-1.2237
2024-10-11 13:00:00,-1.2202
2024-10-11 14:00:00,-1.2189
2024-10-11 15:00:00,-1.2175
2024-10-11 16:00:00,-1.2173
2024-10-11 17:00:00,-1.2339
2024-10-11 18:00:00,-1.2397
2024-10-11 19:00:00,-1.2434
2024-10-11 20:00:00,-1.2453
2024-10-11 21:00:00,-1.2482
2024-10-11 22:00:00,-1.2524
2024-10-11 23:00:00,-1.2546
2024-10-12 00:00:00,-1.2575
2024-10-12 01:00:00,-1.2610
2024-10-12 02:00:00,-1.2638
2024-10-12 03:00:00,-1.2662
2024-10-12 04:00:00,-1.2679
2024-10-12 05:00:00,-1.2703
2024-10-12 06:00:00,-1.2714
2024-10-12 07:00:00,-1.2704
2024-10-12 08:00:00,-1.2698
2024-10-12 09:00:00,-1.2708
2024-10-12 10:00:00,-1.2692
2024-10-12 11:00:00,-1.2662
2024-10-12 12:00:00,-1.2634
2024-10-12 13:00:00,-1.2618
2024-10-12 14:00:00,-1.2586
2024-10-12 15:00:00,-1.2567
2024-10-12 16:00:00,-1.2459
2024-10-12 17:00:00,-1.2504
2024-10-12 18:00:00,-1.2535
2024-10-12 19:00:00,-1.2492
2024-10-12 20:00:00,-1.2603
2024-10-12 21:00:00,-1.2592
2024-10-12 22:00:00,-1.2601
2024-10-12 23:00:00,-1.2577
2024-10-13 00:00:00,-1.2569
2024-10-13 01:00:00,-1.2396
2024-10-13 02:00:00,-1.2164
2024-10-13 03:00:00,-1.2050
2024-10-13 04:00:00,-1.1915
2024-10-13 05:00:00,-1.1913
2024-10-13 06:00:00,-1.1949
2024-10-13 07:00:00,-1.1978
2024-10-13 08:00:00,-1.1946
2024-10-13 09:00:00,-1.1963
2024-10-13 10:00:00,-1.1951
2024-10-13 11:00:00,-1.1956
2024-10-13 12:00:00,-1.1891
2024-10-13 13:00:00,-1.1811
2024-10-13 14:00:00,-1.1762
2024-10-13 15:00:00,-1.1751
2024-10-13 16:00:00,-1.1810
2024-10-13 17:00:00,-1.1833
2024-10-13 18:00:00,-1.1879
2024-10-13 19:00:00,-1.1911
2024-10-13 20:00:00,-1.1876
2024-10-13 21:00:00,-1.1932
2024-10-13 22:00:00,-1.1960
2024-10-13 23:00:00,-1.2035
2024-10-14 00:00:00,-1.2079
2024-10-14 01:00:00,-1.2117
2024-10-14 02:00:00,-1.2157
2024-10-14 03:00:00,-1.2180
2024-10-14 04:00:00,-1.2221
2024-10-14 05:00:00,-1.2213
2024-10-14 06:00:00,-1.2216
2024-10-14 07:00:00,-1.2213
2024-10-14 08:00:00,-1.2245
2024-10-14 09:00:00,-1.2265
2024-10-14 10:00:00,-1.2279
2024-10-14 11:00:00,-1.2237
2024-10-14 12:00:00,-1.2235
2024-10-14 13:00:00,-1.2221
2024-10-14 14:00:00,-1.2175
2024-10-14 15:00:00,-1.2171
2024-10-14 16:00:00,-1.2139
2024-10-14 17:00:00,-1.2114
2024-10-14 18:00:00,-1.2127
2024-10-14 19:00:00,-1.2134
2024-10-14 20:00:00,-1.2167
2024-10-14 21:00:00,-1.2179
2024-10-14 22:00:00,-1.2174
2024-10-14 23:00:00,-1.2227
2024-10-15 00:00:00,-1.2230
2024-10-15 01:00:00,-1.2228
2024-10-15 02:00:00,-1.2209
2024-10-15 03:00:00,-1.2179
2024-10-15 04:00:00,-1.2164
2024-10-15 05:00:00,-1.2182
2024-10-15 06:00:00,-1.2202
2024-10-15 07:00:00,-1.2234
2024-10-15 08:00:00,-1.2290
2024-10-15 09:00:00,-1.2299
2024-10-15 10:00:00,-1.2284
2024-10-15 11:00:00,-1.2263
2024-10-15 12:00:00,-1.2232
2024-10-15 13:00:00,-1.2201
2024-10-15 14:00:00,-1.2183
2024-10-15 15:00:00,-1.2162
2024-10-15 16:00:00,-1.2161
2024-10-15 17:00:00,-1.2155
2024-10-15 18:00:00,-1.2119
2024-10-15 19:00:00,-1.2101
2024-10-15 20:00:00,-1.2121
2024-10-15 21:00:00,-1.2164
2024-10-15 22:00:00,-1.2208
2024-10-15 23:00:00,-1.2213
2024-10-16 00:00:00,-1.2232
2024-10-16 01:00:00,-1.2132
2024-10-16 02:00:00,-1.2145
2024-10-16 03:00:00,-1.2211
2024-10-16 04:00:00,-1.2274
2024-10-16 05:00:00,-1.2205
2024-10-16 06:00:00,-1.2146
2024-10-16 07:00:00,-1.2178
2024-10-16 08:00:00,-1.2180
2024-10-16 09:00:00,-1.2208
2024-10-16 10:00:00,-1.2238
2024-10-16 11:00:00,-1.2160
2024-10-16 12:00:00,-1.2171
2024-10-16 13:00:00,-1.2208
2024-10-16 14:00:00,-1.2124
2024-10-16 15:00:00,-1.2055
2024-10-16 16:00:00,-1.2122
2024-10-16 17:00:00,-1.2001
2024-10-16 18:00:00,-1.1996
2024-10-16 19:00:00,-1.2105
2024-10-16 20:00:00,-1.2094
2024-10-16 21:00:00,-1.2162
2024-10-16 22:00:00,-1.2073
2024-10-16 23:00:00,-1.2111
2024-10-17 00:00:00,-1.2102
2024-10-17 01:00:00,-1.2161
2024-10-17 02:00:00,-1.2233
2024-10-17 03:00:00,-1.2273
2024-10-17 04:00:00,-1.2331
2024-10-17 05:00:00,-1.2358
2024-10-17 06:00:00,-1.2258
2024-10-17 07:00:00,-1.2273
2024-10-17 08:00:00,-1.2286
2024-10-17 09:00:00,-1.2339
2024-10-17 10:00:00,-1.2348
2024-10-17 11:00:00,-1.2368
2024-10-17 12:00:00,-1.2351
2024-10-17 13:00:00,-1.2326
2024-10-17 14:00:00,-1.2261
2024-10-17 15:00:00,-1.2338
2024-10-17 16:00:00,-1.2296
2024-10-17 17:00:00,-1.2244
2024-10-17 18:00:00,-1.2196
2024-10-17 19:00:00,-1.2162
2024-10-17 20:00:00,-1.2166
2024-10-17 21:00:00,-1.2222
2024-10-17 22:00:00,-1.2194
2024-10-17 23:00:00,-1.2146
2024-10-18 00:00:00,-1.2180
2024-10-18 01:00:00,-1.2143
2024-10-18 02:00:00,-1.2124
2024-10-18 03:00:00,-1.2088
2024-10-18 04:00:00,-1.2035
2024-10-18 05:00:00,-1.1987
2024-10-18 06:00:00,-1.1963
2024-10-18 07:00:00,-1.1947
2024-10-18 08:00:00,-1.1950
2024-10-18 09:00:00,-1.1977
2024-10-18 10:00:00,-1.2003
2024-10-18 11:00:00,-1.2013
2024-10-18 12:00:00,-1.2008
2024-10-18 13:00:00,-1.1996
2024-10-18 14:00:00,-1.2010
2024-10-18 15:00:00,-1.2012
2024-10-18 16:00:00,-1.1976
2024-10-18 17:00:00,-1.2019
2024-10-18 18:00:00,-1.1904
2024-10-18 19:00:00,-1.1900
2024-10-18 20:00:00,-1.1943
2024-10-18 21:00:00,-1.1954
2024-10-18 22:00:00,-1.1987
2024-10-18 23:00:00,-1.1982
2024-10-19 00:00:00,-1.2035
2024-10-19 01:00:00,-1.2093
2024-10-19 02:00:00,-1.2133
2024-10-19 03:00:00,-1.2099
2024-10-19 04:00:00,-1.2150
2024-10-19 05:00:00,-1.2145
2024-10-19 06:00:00,-1.2078
2024-10-19 07:00:00,-1.2068
2024-10-19 08:00:00,-1.2034
2024-10-19 09:00:00,-1.2052
2024-10-19 10:00:00,-1.2112
2024-10-19 11:00:00,-1.2146
2024-10-19 12:00:00,-1.2155
2024-10-19 13:00:00,-1.2183
2024-10-19 14:00:00,-1.2214
2024-10-19 15:00:00,-1.2197
2024-10-19 16:00:00,-1.2196
2024-10-19 17:00:00,-1.2157
2024-10-19 18:00:00,-1.2184
2024-10-19 19:00:00,-1.2211
2024-10-19 20:00:00,-1.2216
2024-10-19 21:00:00,-1.2239
2024-10-19 22:00:00,-1.2258
2024-10-19 23:00:00,-1.2279
2024-10-20 00:00:00,-1.2301
2024-10-20 01:00:00,-1.2330
2024-10-20 02:00:00,-1.2351
2024-10-20 03:00:00,-1.2312
2024-10-20 04:00:00,-1.2356
2024-10-20 05:00:00,-1.2373
2024-10-20 06:00:00,-1.2334
2024-10-20 07:00:00,-1.2274
2024-10-20 08:00:00,-1.2278
2024-10-20 09:00:00,-1.2275
2024-10-20 10:00:00,-1.2259
2024-10-20 11:00:00,-1.2273
2024-10-20 12:00:00,-1.2294
2024-10-20 13:00:00,-1.2262
2024-10-20 14:00:00,-1.2155
2024-10-20 15:00:00,-1.2148
2024-10-20 16:00:00,-1.2194
2024-10-20 17:00:00,-1.2233
2024-10-20 18:00:00,-1.2251
2024-10-20 19:00:00,-1.2241
2024-10-20 20:00:00,-1.2184
2024-10-20 21:00:00,-1.2224
2024-10-20 22:00:00,-1.2217
2024-10-20 23:00:00,-1.2273
2024-10-21 00:00:00,-1.2295
2024-10-21 01:00:00,-1.2328
2024-10-21 02:00:00,-1.2367
2024-10-21 03:00:00,-1.2401
2024-10-21 04:00:00,-1.2425
2024-10-21 05:00:00,-1.2425
2024-10-21 06:00:00,-1.2411
2024-10-21 07:00:00,-1.2390
2024-10-21 08:00:00,-1.2369
2024-10-21 09:00:00,-1.2368
2024-10-21 10:00:00,-1.2364
2024-10-21 11:00:00,-1.2368
2024-10-21 12:00:00,-1.2338
2024-10-21 13:00:00,-1.2345
2024-10-21 14:00:00,-1.2329
2024-10-21 15:00:00,-1.2314
2024-10-21 16:00:00,-1.2333
2024-10-21 17:00:00,-1.2340
2024-10-21 18:00:00,-1.2334
2024-10-21 19:00:00,-1.2342
2024-10-21 20:00:00,-1.2302
2024-10-21 21:00:00,-1.2273
2024-10-21 22:00:00,-1.2297
2024-10-21 23:00:00,-1.2280
2024-10-22 00:00:00,-1.2316
2024-10-22 01:00:00,-1.2347
2024-10-22 02:00:00,-1.2328
2024-10-22 03:00:00,-1.2341
2024-10-22 04:00:00,-1.2367
2024-10-22 05:00:00,-1.2412
2024-10-22 06:00:00,-1.2443
2024-10-22 07:00:00,-1.2498
2024-10-22 08:00:00,-1.2527
2024-10-22 09:00:00,-1.2557
2024-10-22 10:00:00,-1.2596
2024-10-22 11:00:00,-1.2618
2024-10-22 12:00:00,-1.2652
2024-10-22 13:00:00,-1.2646
2024-10-22 14:00:00,-1.2630
2024-10-22 15:00:00,-1.2609
2024-10-22 16:00:00,-1.2592
2024-10-22 17:00:00,-1.2602
2024-10-22 18:00:00,-1.2636
2024-10-22 19:00:00,-1.2660
2024-10-22 20:00:00,-1.2692
2024-10-22 21:00:00,-1.2687
2024-10-22 22:00:00,-1.2670
2024-10-22 23:00:00,-1.2657
2024-10-23 00:00:00,-1.2635
2024-10-23 01:00:00,-1.2646
2024-10-23 02:00:00,-1.2618
2024-10-23 03:00:00,-1.2614
2024-10-23 04:00:00,-1.2601
2024-10-23 05:00:00,-1.2575
2024-10-23 06:00:00,-1.2557
2024-10-23 07:00:00,-1.2553
2024-10-23 08:00:00,-1.2540
2024-10-23 09:00:00,-1.2563
2024-10-23 10:00:00,-1.2526
2024-10-23 11:00:00,-1.2502
2024-10-23 12:00:00,-1.2452
2024-10-23 13:00:00,-1.2402
2024-10-23 14:00:00,-1.2314
2024-10-23 15:00:00,-1.2278
2024-10-23 16:00:00,-1.2201
2024-10-23 17:00:00,-1.2191
2024-10-23 18:00:00,-1.2196
2024-10-23 19:00:00,-1.2157
2024-10-23 20:00:00,-1.2119
2024-10-23 21:00:00,-1.2082
2024-10-23 22:00:00,-1.2062
2024-10-23 23:00:00,-1.2046
2024-10-24 00:00:00,-1.1973
2024-10-24 01:00:00,-1.1985
2024-10-24 02:00:00,-1.1968
2024-10-24 03:00:00,-1.1969
2024-10-24 04:00:00,-1.1995
2024-10-24 05:00:00,-1.2000
2024-10-24 06:00:00,-1.2008
2024-10-24 07:00:00,-1.2044
2024-10-24 08:00:00,-1.2028
2024-10-24 09:00:00,-1.2050
2024-10-24 10:00:00,-1.2067
2024-10-24 11:00:00,-1.2051
2024-10-24 12:00:00,-1.1983
2024-10-24 13:00:00,-1.1988
2024-10-24 14:00:00,-1.1961
2024-10-24 15:00:00,-1.1913
2024-10-24 16:00:00,-1.1946
2024-10-24 17:00:00,-1.1947
2024-10-24 18:00:00,-1.1905
2024-10-24 19:00:00,-1.1910
2024-10-24 20:00:00,-1.1890
2024-10-24 21:00:00,-1.1916
2024-10-24 22:00:00,-1.1902
2024-10-24 23:00:00,-1.1940
2024-10-25 00:00:00,-1.1838
2024-10-25 01:00:00,-1.1889
2024-10-25 02:00:00,-1.1836
2024-10-25 03:00:00,-1.1862
2024-10-25 04:00:00,-1.1802
2024-10-25 05:00:00,-1.1828
2024-10-25 06:00:00,-1.1836
2024-10-25 07:00:00,-1.1755
2024-10-25 08:00:00,-1.1733
2024-10-25 09:00:00,-1.1770
2024-10-25 10:00:00,-1.1723
2024-10-25 11:00:00,-1.1750
2024-10-25 12:00:00,-1.1776
2024-10-25 13:00:00,-1.1760
2024-10-25 14:00:00,-1.1756
2024-10-25 15:00:00,-1.1744
2024-10-25 16:00:00,-1.1725
2024-10-25 17:00:00,-1.1734
2024-10-25 18:00:00,-1.1768
2024-10-25 19:00:00,-1.1794
2024-10-25 20:00:00,-1.1784
2024-10-25 21:00:00,-1.1767
2024-10-25 22:00:00,-1.1700
2024-10-25 23:00:00,-1.1656
2024-10-26 00:00:00,-1.1661
2024-10-26 01:00:00,-1.1674
2024-10-26 02:00:00,-1.1618
2024-10-26 03:00:00,-1.1670
2024-10-26 04:00:00,-1.1684
2024-10-26 05:00:00,-1.1741
2024-10-26 06:00:00,-1.1833
2024-10-26 07:00:00,-1.1768
2024-10-26 08:00:00,-1.1713
2024-10-26 09:00:00,-1.1473
2024-10-26 10:00:00,-1.1483
2024-10-26 11:00:00,-1.1498
2024-10-26 12:00:00,-1.1548
2024-10-26 13:00:00,-1.1635
2024-10-26 14:00:00,-1.1643
2024-10-26 15:00:00,-1.1554
2024-10-26 16:00:00,-1.1611
2024-10-26 17:00:00,-1.1716
2024-10-26 18:00:00,-1.1772
2024-10-26 19:00:00,-1.1849
2024-10-26 20:00:00,-1.1852
2024-10-26 21:00:00,-1.1870
2024-10-26 22:00:00,-1.1901
2024-10-26 23:00:00,-1.1907
2024-10-27 00:00:00,-1.1870
2024-10-27 01:00:00,-1.1879
2024-10-27 02:00:00,-1.1862
2024-10-27 03:00:00,-1.1938
2024-10-27 04:00:00,-1.1957
2024-10-27 05:00:00,-1.1928
2024-10-27 06:00:00,-1.2021
2024-10-27 07:00:00,-1.2018
2024-10-27 08:00:00,-1.2015
2024-10-27 09:00:00,-1.2085
2024-10-27 10:00:00,-1.2119
2024-10-27 11:00:00,-1.2138
2024-10-27 12:00:00,-1.2144
2024-10-27 13:00:00,-1.2158
2024-10-27 14:00:00,-1.2155
2024-10-27 15:00:00,-1.2128
2024-10-27 16:00:00,-1.2138
2024-10-27 17:00:00,-1.2178
2024-10-27 18:00:00,-1.2193
2024-10-27 19:00:00,-1.2224
2024-10-27 20:00:00,-1.2225
2024-10-27 21:00:00,-1.2240
2024-10-27 22:00:00,-1.2266
2024-10-27 23:00:00,-1.2293
2024-10-28 00:00:00,-1.2317
2024-10-28 01:00:00,-1.2312
2024-10-28 02:00:00,-1.2336
2024-10-28 03:00:00,-1.2341
2024-10-28 04:00:00,-1.2317
2024-10-28 05:00:00,-1.2368
2024-10-28 06:00:00,-1.2366
2024-10-28 07:00:00,-1.2380
2024-10-28 08:00:00,-1.2332
2024-10-28 09:00:00,-1.2351
2024-10-28 10:00:00,-1.2305
2024-10-28 11:00:00,-1.2272
2024-10-28 12:00:00,-1.2257
2024-10-28 13:00:00,-1.2244
2024-10-28 14:00:00,-1.2212
2024-10-28 15:00:00,-1.2132
2024-10-28 16:00:00,-1.2132
2024-10-28 17:00:00,-1.2047
2024-10-28 18:00:00,-1.2018
2024-10-28 19:00:00,-1.1982
2024-10-28 20:00:00,-1.1957
2024-10-28 21:00:00,-1.1943
2024-10-28 22:00:00,-1.1858
2024-10-28 23:00:00,-1.1811
2024-10-29 00:00:00,-1.1778
2024-10-29 01:00:00,-1.1829
2024-10-29 02:00:00,-1.1838
2024-10-29 03:00:00,-1.1827
2024-10-29 04:00:00,-1.1908
2024-10-29 05:00:00,-1.1958
2024-10-29 06:00:00,-1.1982
2024-10-29 07:00:00,-1.1984
2024-10-29 08:00:00,-1.2037
2024-10-29 09:00:00,-1.2072
2024-10-29 10:00:00,-1.2132
2024-10-29 11:00:00,-1.2152
2024-10-29 12:00:00,-1.2102
2024-10-29 13:00:00,-1.2116
2024-10-29 14:00:00,-1.2030
2024-10-29 15:00:00,-1.1980
2024-10-29 16:00:00,-1.1969
2024-10-29 17:00:00,-1.1999
2024-10-29 18:00:00,-1.1924
2024-10-29 19:00:00,-1.1904
2024-10-29 20:00:00,-1.1873
2024-10-29 21:00:00,-1.1868
2024-10-29 22:00:00,-1.1850
2024-10-29 23:00:00,-1.1847
2024-10-30 00:00:00,-1.1809
2024-10-30 01:00:00,-1.1785
2024-10-30 02:00:00,-1.1744
2024-10-30 03:00:00,-1.1700
2024-10-30 04:00:00,-1.1649
2024-10-30 05:00:00,-1.1648
2024-10-30 06:00:00,-1.1579
2024-10-30 07:00:00,-1.1483
2024-10-30 08:00:00,-1.1427
2024-10-30 09:00:00,-1.1387
2024-10-30 10:00:00,-1.1384
2024-10-30 11:00:00,-1.1383
2024-10-30 12:00:00,-1.1356
2024-10-30 13:00:00,-1.1317
2024-10-30 14:00:00,-1.1379
2024-10-30 15:00:00,-1.1439
2024-10-30 16:00:00,-1.1538
2024-10-30 17:00:00,-1.1622
2024-10-30 18:00:00,-1.1672
2024-10-30 19:00:00,-1.1652
2024-10-30 20:00:00,-1.1652
2024-10-30 21:00:00,-1.1762
2024-10-30 22:00:00,-1.1618
2024-10-30 23:00:00,-1.1577
2024-10-31 00:00:00,-1.1577
2024-10-31 01:00:00,-1.1551
2024-10-31 02:00:00,-1.1534
2024-10-31 03:00:00,-1.1490
2024-10-31 04:00:00,-1.1427
2024-10-31 05:00:00,-1.1474
2024-10-31 06:00:00,-1.1500
2024-10-31 07:00:00,-1.1495
2024-10-31 08:00:00,-1.1512
2024-10-31 09:00:00,-1.1472
2024-10-31 10:00:00,-1.1468
2024-10-31 11:00:00,-1.1518
2024-10-31 12:00:00,-1.1523
2024-10-31 13:00:00,-1.1569
2024-10-31 14:00:00,-1.1546
2024-10-31 15:00:00,-1.1519
2024-10-31 16:00:00,-1.1429
2024-10-31 17:00:00,-1.1495
2024-10-31 18:00:00,-1.1533
2024-10-31 19:00:00,-1.1650
2024-10-31 20:00:00,-1.1734
2024-10-31 21:00:00,-1.1789
2024-10-31 22:00:00,-1.1911
2024-10-31 23:00:00,-1.1917
2024-11-01 00:00:00,-1.1911
2024-11-01 01:00:00,-1.1876
2024-11-01 02:00:00,-1.1867
2024-11-01 03:00:00,-1.1832
2024-11-01 04:00:00,-1.1838
2024-11-01 05:00:00,-1.1776
2024-11-01 06:00:00,-1.1746
2024-11-01 07:00:00,-1.1811
2024-11-01 08:00:00,-1.1760
2024-11-01 09:00:00,-1.1690
2024-11-01 10:00:00,-1.1676
2024-11-01 11:00:00,-1.1738
2024-11-01 12:00:00,-1.1818
2024-11-01 13:00:00,-1.1836
2024-11-01 14:00:00,-1.1768
2024-11-01 15:00:00,-1.1744
2024-11-01 16:00:00,-1.1706
2024-11-01 17:00:00,-1.1732
2024-11-01 18:00:00,-1.1751
2024-11-01 19:00:00,-1.1788
2024-11-01 20:00:00,-1.1834
2024-11-01 21:00:00,-1.1933
2024-11-01 22:00:00,-1.2010
2024-11-01 23:00:00,-1.2001
2024-11-02 00:00:00,-1.2019
2024-11-02 01:00:00,-1.2084
2024-11-02 02:00:00,-1.2139
2024-11-02 03:00:00,-1.2185
2024-11-02 04:00:00,-1.2191
2024-11-02 05:00:00,-1.2171
2024-11-02 06:00:00,-1.2150
2024-11-02 07:00:00,-1.2103
2024-11-02 08:00:00,-1.2083
2024-11-02 09:00:00,-1.2064
2024-11-02 10:00:00,-1.2047
2024-11-02 11:00:00,-1.2045
2024-11-02 12:00:00,-1.2003
2024-11-02 13:00:00,-1.1962
2024-11-02 14:00:00,-1.1945
2024-11-02 15:00:00,-1.1902
2024-11-02 16:00:00,-1.1897
2024-11-02 17:00:00,-1.1919
2024-11-02 18:00:00,-1.1868
2024-11-02 19:00:00,-1.1874
2024-11-02 20:00:00,-1.1881
2024-11-02 21:00:00,-1.1900
2024-11-02 22:00:00,-1.1987
2024-11-02 23:00:00,-1.2074
2024-11-03 00:00:00,-1.2135
2024-11-03 01:00:00,-1.2083
2024-11-03 02:00:00,-1.2085
2024-11-03 03:00:00,-1.2097
2024-11-03 04:00:00,-1.2162
2024-11-03 05:00:00,-1.2061
2024-11-03 06:00:00,-1.2033
2024-11-03 07:00:00,-1.2006
2024-11-03 08:00:00,-1.2121
2024-11-03 09:00:00,-1.2129
2024-11-03 10:00:00,-1.2239
2024-11-03 11:00:00,-1.2268
2024-11-03 12:00:00,-1.2182
2024-11-03 13:00:00,-1.2194
2024-11-03 14:00:00,-1.2161
2024-11-03 15:00:00,-1.2173
2024-11-03 16:00:00,-1.2173
2024-11-03 17:00:00,-1.2160
2024-11-03 18:00:00,-1.2094
2024-11-03 19:00:00,-1.2140
2024-11-03 20:00:00,-1.2141
2024-11-03 21:00:00,-1.2114
2024-11-03 22:00:00,-1.2072
2024-11-03 23:00:00,-1.1988
2024-11-04 00:00:00,-1.1952
2024-11-04 01:00:00,-1.1949
2024-11-04 02:00:00,-1.1958
2024-11-04 03:00:00,-1.1928
2024-11-04 04:00:00,-1.1989
2024-11-04 05:00:00,-1.1962
2024-11-04 06:00:00,-1.1962
2024-11-04 07:00:00,-1.1915
2024-11-04 08:00:00,-1.1939
2024-11-04 09:00:00,-1.1963
2024-11-04 10:00:00,-1.1908
2024-11-04 11:00:00,-1.1987
2024-11-04 12:00:00,-1.2033
2024-11-04 13:00:00,-1.2055
2024-11-04 14:00:00,-1.2129
2024-11-04 15:00:00,-1.2076
2024-11-04 16:00:00,-1.2116
2024-11-04 17:00:00,-1.2078
2024-11-04 18:00:00,-1.2088
2024-11-04 19:00:00,-1.2076
2024-11-04 20:00:00,-1.2083
2024-11-04 21:00:00,-1.2080
2024-11-04 22:00:00,-1.2077
2024-11-04 23:00:00,-1.2124
2024-11-05 00:00:00,-1.2162
2024-11-05 01:00:00,-1.2162
2024-11-05 02:00:00,-1.2125
2024-11-05 03:00:00,-1.2242
2024-11-05 04:00:00,-1.2208
2024-11-05 05:00:00,-1.2184
2024-11-05 06:00:00,-1.2144
2024-11-05 07:00:00,-1.2154
2024-11-05 08:00:00,-1.2134
2024-11-05 09:00:00,-1.2076
2024-11-05 10:00:00,-1.2127
2024-11-05 11:00:00,-1.2069
2024-11-05 12:00:00,-1.2026
2024-11-05 13:00:00,-1.1982
2024-11-05 14:00:00,-1.2160
2024-11-05 15:00:00,-1.2222
2024-11-05 16:00:00,-1.2294
2024-11-05 17:00:00,-1.2135
2024-11-05 18:00:00,-1.2078
2024-11-05 19:00:00,-1.2041
2024-11-05 20:00:00,-1.2028
2024-11-05 21:00:00,-1.2001
2024-11-05 22:00:00,-1.1997
2024-11-05 23:00:00,-1.2091
2024-11-06 00:00:00,-1.2153
2024-11-06 01:00:00,-1.2191
2024-11-06 02:00:00,-1.2221
2024-11-06 03:00:00,-1.2263
2024-11-06 04:00:00,-1.2279
2024-11-06 05:00:00,-1.2280
2024-11-06 06:00:00,-1.2289
2024-11-06 07:00:00,-1.2276
2024-11-06 08:00:00,-1.2314
2024-11-06 09:00:00,-1.2313
2024-11-06 10:00:00,-1.2283
2024-11-06 11:00:00,-1.2273
2024-11-06 12:00:00,-1.2267
2024-11-06 13:00:00,-1.2270
2024-11-06 14:00:00,-1.2241
2024-11-06 15:00:00,-1.2234
2024-11-06 16:00:00,-1.2194
2024-11-06 17:00:00,-1.2186
2024-11-06 18:00:00,-1.2153
2024-11-06 19:00:00,-1.2121
2024-11-06 20:00:00,-1.2072
2024-11-06 21:00:00,-1.2015
2024-11-06 22:00:00,-1.1979
2024-11-06 23:00:00,-1.1958
2024-11-07 00:00:00,-1.1956
2024-11-07 01:00:00,-1.1916
2024-11-07 02:00:00,-1.1901
2024-11-07 03:00:00,-1.1885
2024-11-07 04:00:00,-1.1881
2024-11-07 05:00:00,-1.1945
2024-11-07 06:00:00,-1.1926
2024-11-07 07:00:00,-1.1947
2024-11-07 08:00:00,-1.1955
2024-11-07 10:00:00,-1.1950
2024-11-07 11:00:00,-1.1974
2024-11-07 12:00:00,-1.1932
2024-11-07 13:00:00,-1.1923
2024-11-07 14:00:00,-1.2007
2024-11-07 15:00:00,-1.2106
2024-11-07 16:00:00,-1.2085
2024-11-07 17:00:00,-1.2063
2024-11-07 18:00:00,-1.2111
2024-11-07 19:00:00,-1.2157
2024-11-07 20:00:00,-1.2102
2024-11-07 21:00:00,-1.2062
2024-11-07 22:00:00,-1.2021
2024-11-07 23:00:00,-1.2102
2024-11-08 00:00:00,-1.2194
2024-11-08 01:00:00,-1.2226
2024-11-08 02:00:00,-1.2259
2024-11-08 03:00:00,-1.2252
2024-11-08 04:00:00,-1.2297
2024-11-08 05:00:00,-1.2289
2024-11-08 06:00:00,-1.2317
2024-11-08 07:00:00,-1.2255
2024-11-08 08:00:00,-1.2290
2024-11-08 09:00:00,-1.2289
2024-11-08 10:00:00,-1.2200
2024-11-08 11:00:00,-1.2202
2024-11-08 12:00:00,-1.2178
2024-11-08 13:00:00,-1.2253
2024-11-08 14:00:00,-1.2274
2024-11-08 15:00:00,-1.2323
2024-11-08 16:00:00,-1.2294
2024-11-08 17:00:00,-1.2308
2024-11-08 18:00:00,-1.2367
2024-11-08 19:00:00,-1.2402
2024-11-08 20:00:00,-1.2367
2024-11-08 21:00:00,-1.2339
2024-11-08 22:00:00,-1.2325
2024-11-08 23:00:00,-1.2361
2024-11-09 00:00:00,-1.2321
2024-11-09 01:00:00,-1.2286
2024-11-09 02:00:00,-1.2329
2024-11-09 03:00:00,-1.2263
2024-11-09 04:00:00,-1.2308
2024-11-09 05:00:00,-1.2225
2024-11-09 06:00:00,-1.2265
2024-11-09 07:00:00,-1.2291
2024-11-09 08:00:00,-1.2275
2024-11-09 09:00:00,-1.2348
2024-11-09 10:00:00,-1.2350
2024-11-09 11:00:00,-1.2334
2024-11-09 12:00:00,-1.2330
2024-11-09 13:00:00,-1.2303
2024-11-09 14:00:00,-1.2286
2024-11-09 15:00:00,-1.2389
2024-11-09 16:00:00,-1.2351
2024-11-09 17:00:00,-1.2403
2024-11-09 18:00:00,-1.2443
2024-11-09 19:00:00,-1.2491
2024-11-09 20:00:00,-1.2534
2024-11-09 21:00:00,-1.2572
2024-11-09 22:00:00,-1.2573
2024-11-09 23:00:00,-1.2558
2024-11-10 00:00:00,-1.2579
2024-11-10 01:00:00,-1.2641
2024-11-10 02:00:00,-1.2631
2024-11-10 03:00:00,-1.2662
2024-11-10 04:00:00,-1.2641
2024-11-10 05:00:00,-1.2598
2024-11-10 06:00:00,-1.2591
2024-11-10 07:00:00,-1.2601
2024-11-10 08:00:00,-1.2596
2024-11-10 09:00:00,-1.2531
2024-11-10 10:00:00,-1.2552
2024-11-10 11:00:00,-1.2561
2024-11-10 12:00:00,-1.2570
2024-11-10 13:00:00,-1.2545
2024-11-10 14:00:00,-1.2558
2024-11-10 15:00:00,-1.2468
2024-11-10 16:00:00,-1.2511
2024-11-10 17:00:00,-1.2509
2024-11-10 18:00:00,-1.2501
2024-11-10 19:00:00,-1.2479
2024-11-10 20:00:00,-1.2443
2024-11-10 21:00:00,-1.2418
2024-11-10 22:00:00,-1.2391
2024-11-10 23:00:00,-1.2415
2024-11-11 00:00:00,-1.2401
2024-11-11 01:00:00,-1.2381
2024-11-11 02:00:00,-1.2374
2024-11-11 03:00:00,-1.2368
2024-11-11 04:00:00,-1.2353
2024-11-11 05:00:00,-1.2286
2024-11-11 06:00:00,-1.2346
2024-11-11 07:00:00,-1.2384
2024-11-11 08:00:00,-1.2265
2024-11-11 09:00:00,-1.2167
2024-11-11 10:00:00,-1.2146
2024-11-11 11:00:00,-1.2209
2024-11-11 12:00:00,-1.2183
2024-11-11 13:00:00,-1.2191
2024-11-11 14:00:00,-1.2187
2024-11-11 15:00:00,-1.2186
2024-11-11 16:00:00,-1.2165
2024-11-11 17:00:00,-1.2112
2024-11-11 18:00:00,-1.2088
2024-11-11 19:00:00,-1.2035
2024-11-11 20:00:00,-1.2049
2024-11-11 21:00:00,-1.2104
2024-11-11 22:00:00,-1.2058
2024-11-11 23:00:00,-1.2026
2024-11-12 00:00:00,-1.2037
2024-11-12 01:00:00,-1.2076
2024-11-12 02:00:00,-1.2061
2024-11-12 03:00:00,-1.2050
2024-11-12 04:00:00,-1.1994
2024-11-12 05:00:00,-1.2007
2024-11-12 06:00:00,-1.2000
2024-11-12 07:00:00,-1.2025
2024-11-12 08:00:00,-1.2047
2024-11-12 09:00:00,-1.2033
2024-11-12 10:00:00,-1.1982
2024-11-12 11:00:00,-1.1961
2024-11-12 12:00:00,-1.1954
2024-11-12 13:00:00,-1.1967
2024-11-12 14:00:00,-1.1932
2024-11-12 15:00:00,-1.1915
2024-11-12 16:00:00,-1.1933
2024-11-12 17:00:00,-1.1967
2024-11-12 18:00:00,-1.1995
2024-11-12 19:00:00,-1.2014
2024-11-12 20:00:00,-1.2070
2024-11-12 21:00:00,-1.2112
2024-11-12 22:00:00,-1.2119
2024-11-12 23:00:00,-1.2091
2024-11-13 00:00:00,-1.2073
2024-11-13 01:00:00,-1.2072
2024-11-13 02:00:00,-1.2073
2024-11-13 03:00:00,-1.2096
2024-11-13 04:00:00,-1.2196
2024-11-13 05:00:00,-1.2290
2024-11-13 06:00:00,-1.2380
2024-11-13 07:00:00,-1.2426
2024-11-13 08:00:00,-1.2457
2024-11-13 09:00:00,-1.2517
2024-11-13 10:00:00,-1.2513
2024-11-13 11:00:00,-1.2445
2024-11-13 12:00:00,-1.2407
2024-11-13 13:00:00,-1.2356
2024-11-13 14:00:00,-1.2290
2024-11-13 15:00:00,-1.2229
2024-11-13 16:00:00,-1.2237
2024-11-13 17:00:00,-1.2253
2024-11-13 18:00:00,-1.2253
2024-11-13 19:00:00,-1.2276
2024-11-13 20:00:00,-1.2300
2024-11-13 21:00:00,-1.2329
2024-11-13 22:00:00,-1.2276
2024-11-13 23:00:00,-1.2375
2024-11-14 00:00:00,-1.2315
2024-11-14 01:00:00,-1.2290
2024-11-14 02:00:00,-1.2225
2024-11-14 03:00:00,-1.2229
2024-11-14 04:00:00,-1.2207
2024-11-14 05:00:00,-1.2256
2024-11-14 06:00:00,-1.2278
2024-11-14 07:00:00,-1.2309
2024-11-14 08:00:00,-1.2362
2024-11-14 09:00:00,-1.2420
2024-11-14 10:00:00,-1.2481
2024-11-14 11:00:00,-1.2364
2024-11-14 12:00:00,-1.2420
2024-11-14 13:00:00,-1.2428
2024-11-14 14:00:00,-1.2414
2024-11-14 15:00:00,-1.2371
2024-11-14 16:00:00,-1.2325
2024-11-14 17:00:00,-1.2317
2024-11-14 18:00:00,-1.2353
2024-11-14 19:00:00,-1.2373
2024-11-14 20:00:00,-1.2402
2024-11-14 21:00:00,-1.2434
2024-11-14 22:00:00,-1.2397
2024-11-14 23:00:00,-1.2446
2024-11-15 00:00:00,-1.2406
2024-11-15 01:00:00,-1.2375
2024-11-15 02:00:00,-1.2305
2024-11-15 03:00:00,-1.2284
2024-11-15 04:00:00,-1.2336
2024-11-15 05:00:00,-1.2233
2024-11-15 06:00:00,-1.2190
2024-11-15 07:00:00,-1.2159
2024-11-15 08:00:00,-1.2167
2024-11-15 09:00:00,-1.2183
2024-11-15 10:00:00,-1.2241
2024-11-15 11:00:00,-1.2318
2024-11-15 12:00:00,-1.2233
2024-11-15 13:00:00,-1.2202
2024-11-15 14:00:00,-1.2184
2024-11-15 15:00:00,-1.2184
2024-11-15 16:00:00,-1.2081
2024-11-15 17:00:00,-1.2125
2024-11-15 18:00:00,-1.2104
2024-11-15 19:00:00,-1.2131
2024-11-15 20:00:00,-1.2151
2024-11-15 21:00:00,-1.2100
2024-11-15 22:00:00,-1.2185
2024-11-15 23:00:00,-1.2194
2024-11-16 00:00:00,-1.2283
2024-11-16 01:00:00,-1.2195
2024-11-16 02:00:00,-1.2111
2024-11-16 03:00:00,-1.2068
2024-11-16 04:00:00,-1.2111
2024-11-16 05:00:00,-1.2056
2024-11-16 06:00:00,-1.2050
2024-11-16 07:00:00,-1.2059
2024-11-16 08:00:00,-1.2161
2024-11-16 09:00:00,-1.2112
2024-11-16 10:00:00,-1.2252
2024-11-16 11:00:00,-1.2139
2024-11-16 12:00:00,-1.2179
2024-11-16 13:00:00,-1.2248
2024-11-16 14:00:00,-1.2213
2024-11-16 15:00:00,-1.2156
2024-11-16 16:00:00,-1.2172
2024-11-16 17:00:00,-1.2229
2024-11-16 18:00:00,-1.2287
2024-11-16 19:00:00,-1.2362
2024-11-16 20:00:00,-1.2284
2024-11-16 21:00:00,-1.2280
2024-11-16 22:00:00,-1.2268
2024-11-16 23:00:00,-1.2302
2024-11-17 00:00:00,-1.2256
2024-11-17 01:00:00,-1.2106
2024-11-17 02:00:00,-1.2149
2024-11-17 03:00:00,-1.2197
2024-11-17 04:00:00,-1.2250
2024-11-17 05:00:00,-1.2265
2024-11-17 06:00:00,-1.2295
2024-11-17 07:00:00,-1.2187
2024-11-17 08:00:00,-1.2062
2024-11-17 09:00:00,-1.2135
2024-11-17 10:00:00,-1.2157
2024-11-17 11:00:00,-1.2067
2024-11-17 12:00:00,-1.2048
2024-11-17 13:00:00,-1.2045
2024-11-17 14:00:00,-1.2003
2024-11-17 15:00:00,-1.2069
2024-11-17 16:00:00,-1.2074
2024-11-17 17:00:00,-1.2141
2024-11-17 18:00:00,-1.2198
2024-11-17 19:00:00,-1.2206
2024-11-17 20:00:00,-1.2223
2024-11-17 21:00:00,-1.2181
2024-11-17 22:00:00,-1.2073
2024-11-17 23:00:00,-1.2008
2024-11-18 00:00:00,-1.1923
2024-11-18 01:00:00,-1.1845
2024-11-18 02:00:00,-1.1770
2024-11-18 03:00:00,-1.1459
2024-11-18 04:00:00,-1.1246
2024-11-18 05:00:00,-1.1095
2024-11-18 06:00:00,-1.1015
2024-11-18 07:00:00,-1.1077
2024-11-18 08:00:00,-1.1026
2024-11-18 09:00:00,-1.0989
2024-11-18 10:00:00,-1.1088
2024-11-18 11:00:00,-1.1067
2024-11-18 12:00:00,-1.1110
2024-11-18 13:00:00,-1.1017
2024-11-18 14:00:00,-1.1022
2024-11-18 15:00:00,-1.1039
2024-11-18 16:00:00,-1.1025
2024-11-18 17:00:00,-1.1033
2024-11-18 18:00:00,-1.1026
2024-11-18 19:00:00,-1.1186
2024-11-18 20:00:00,-1.1267
2024-11-18 21:00:00,-1.1317
2024-11-18 22:00:00,-1.1551
2024-11-18 23:00:00,-1.1577
2024-11-19 00:00:00,-1.1677
2024-11-19 01:00:00,-1.1795
2024-11-19 02:00:00,-1.1902
2024-11-19 03:00:00,-1.1778
2024-11-19 04:00:00,-1.1749
2024-11-19 05:00:00,-1.1644
2024-11-19 06:00:00,-1.1667
2024-11-19 07:00:00,-1.1535
2024-11-19 08:00:00,-1.1329
2024-11-19 09:00:00,-1.0931
2024-11-19 10:00:00,-1.0596
2024-11-19 11:00:00,-1.0271
2024-11-19 12:00:00,-1.0168
2024-11-19 13:00:00,-1.0122
2024-11-19 14:00:00,-1.0148
2024-11-19 15:00:00,-1.0199
2024-11-19 16:00:00,-1.0297
2024-11-19 17:00:00,-1.0592
2024-11-19 18:00:00,-1.0842
2024-11-19 19:00:00,-1.1025
2024-11-19 20:00:00,-1.1096
2024-11-19 21:00:00,-1.1111
2024-11-19 22:00:00,-1.1203
2024-11-19 23:00:00,-1.1225
2024-11-20 00:00:00,-1.1260
2024-11-20 01:00:00,-1.1305
2024-11-20 02:00:00,-1.1388
2024-11-20 03:00:00,-1.1288
2024-11-20 04:00:00,-1.1299
2024-11-20 05:00:00,-1.1316
2024-11-20 06:00:00,-1.1377
2024-11-20 07:00:00,-1.1347
2024-11-20 08:00:00,-1.1226
2024-11-20 09:00:00,-1.1361
2024-11-20 10:00:00,-1.1354
2024-11-20 11:00:00,-1.1485
2024-11-20 12:00:00,-1.1501
2024-11-20 13:00:00,-1.1444
2024-11-20 14:00:00,-1.1449
2024-11-20 15:00:00,-1.1237
2024-11-20 16:00:00,-1.1076
2024-11-20 17:00:00,-1.0916
2024-11-20 18:00:00,-1.0858
2024-11-20 19:00:00,-1.0837
2024-11-20 20:00:00,-1.0878
2024-11-20 21:00:00,-1.0987
2024-11-20 22:00:00,-1.1064
2024-11-20 23:00:00,-1.1133
2024-11-21 00:00:00,-1.1096
2024-11-21 01:00:00,-1.1022
2024-11-21 02:00:00,-1.0922
2024-11-21 03:00:00,-1.0808
2024-11-21 04:00:00,-1.0663
2024-11-21 05:00:00,-1.0278
2024-11-21 06:00:00,-0.9769
2024-11-21 07:00:00,-0.9540
2024-11-21 08:00:00,-0.9482
2024-11-21 09:00:00,-0.9487
2024-11-21 10:00:00,-0.9588
2024-11-21 11:00:00,-0.9644
2024-11-21 12:00:00,-0.9708
2024-11-21 13:00:00,-0.9779
2024-11-21 14:00:00,-0.9879
2024-11-21 15:00:00,-0.9911
2024-11-21 16:00:00,-0.9903
2024-11-21 17:00:00,-0.9840
2024-11-21 18:00:00,-0.9745
2024-11-21 19:00:00,-0.9616
2024-11-21 20:00:00,-0.9512
2024-11-21 21:00:00,-0.9454
2024-11-21 22:00:00,-0.9557
2024-11-21 23:00:00,-0.9568
2024-11-22 00:00:00,-0.9651
2024-11-22 01:00:00,-0.9779
2024-11-22 02:00:00,-0.9810
2024-11-22 03:00:00,-0.9901
2024-11-22 04:00:00,-0.9958
2024-11-22 05:00:00,-0.9979
2024-11-22 06:00:00,-1.0007
2024-11-22 07:00:00,-1.0016
2024-11-22 08:00:00,-0.9951
2024-11-22 09:00:00,-0.9918
2024-11-22 10:00:00,-0.9895
2024-11-22 11:00:00,-0.9786
2024-11-22 12:00:00,-0.9763
2024-11-22 13:00:00,-0.9639
2024-11-22 14:00:00,-0.9277
2024-11-22 15:00:00,-0.9159
2024-11-22 16:00:00,-0.9117
2024-11-22 17:00:00,-0.9085
2024-11-22 18:00:00,-0.9282
2024-11-22 19:00:00,-0.9373
2024-11-22 20:00:00,-0.9532
2024-11-22 21:00:00,-0.9626
2024-11-22 22:00:00,-0.9688
2024-11-22 23:00:00,-0.9746
2024-11-23 00:00:00,-0.9779
2024-11-23 01:00:00,-0.9891
2024-11-23 02:00:00,-0.9934
2024-11-23 03:00:00,-1.0023
2024-11-23 04:00:00,-1.0065
2024-11-23 05:00:00,-1.0203
2024-11-23 06:00:00,-1.0251
2024-11-23 07:00:00,-1.0309
2024-11-23 08:00:00,-1.0469
2024-11-23 09:00:00,-1.0654
2024-11-23 10:00:00,-1.0882
2024-11-23 11:00:00,-1.1149
2024-11-23 12:00:00,-1.1286
2024-11-23 13:00:00,-1.1345
2024-11-23 14:00:00,-1.1403
2024-11-23 15:00:00,-1.1424
2024-11-23 16:00:00,-1.1492
2024-11-23 17:00:00,-1.1526
2024-11-23 18:00:00,-1.1595
2024-11-23 19:00:00,-1.1693
2024-11-23 20:00:00,-1.1290
2024-11-23 21:00:00,-1.0170
2024-11-23 22:00:00,-0.8887
2024-11-23 23:00:00,-0.8784
2024-11-24 00:00:00,-0.8894
2024-11-24 01:00:00,-0.9137
2024-11-24 02:00:00,-0.9344
2024-11-24 03:00:00,-0.9449
2024-11-24 04:00:00,-0.9568
2024-11-24 05:00:00,-0.9600
2024-11-24 06:00:00,-0.9622
2024-11-24 07:00:00,-0.9749
2024-11-24 08:00:00,-0.9823
2024-11-24 09:00:00,-0.9918
2024-11-24 10:00:00,-0.9991
2024-11-24 11:00:00,-1.0042
2024-11-24 12:00:00,-1.0067
2024-11-24 13:00:00,-1.0054
2024-11-24 14:00:00,-1.0079
2024-11-24 15:00:00,-1.0159
2024-11-24 16:00:00,-1.0193
2024-11-24 17:00:00,-1.0236
2024-11-24 18:00:00,-1.0335
2024-11-24 19:00:00,-1.0459
2024-11-24 20:00:00,-1.0599
2024-11-24 21:00:00,-1.0705
2024-11-24 22:00:00,-1.0808
2024-11-24 23:00:00,-1.1083
2024-11-25 00:00:00,-1.1165
2024-11-25 01:00:00,-1.1313
2024-11-25 02:00:00,-1.1409
2024-11-25 03:00:00,-1.1467
2024-11-25 04:00:00,-1.1534
2024-11-25 05:00:00,-1.1604
2024-11-25 06:00:00,-1.1697
2024-11-25 07:00:00,-1.1714
2024-11-25 08:00:00,-1.1796
2024-11-25 09:00:00,-1.1875
2024-11-25 10:00:00,-1.1855
2024-11-25 11:00:00,-1.1930
2024-11-25 12:00:00,-1.1957
2024-11-25 13:00:00,-1.1917
2024-11-25 14:00:00,-1.1983
2024-11-25 15:00:00,-1.2000
2024-11-25 16:00:00,-1.2101
2024-11-25 17:00:00,-1.2090
2024-11-25 18:00:00,-1.2181
2024-11-25 19:00:00,-1.2233
2024-11-25 20:00:00,-1.2247
2024-11-25 21:00:00,-1.2260
2024-11-25 22:00:00,-1.2278
2024-11-25 23:00:00,-1.2283
2024-11-26 00:00:00,-1.2328
2024-11-26 01:00:00,-1.2348
2024-11-26 02:00:00,-1.2381
2024-11-26 03:00:00,-1.2396
2024-11-26 04:00:00,-1.2431
2024-11-26 05:00:00,-1.2456
2024-11-26 06:00:00,-1.2507
2024-11-26 07:00:00,-1.2536
2024-11-26 08:00:00,-1.2568
2024-11-26 09:00:00,-1.2606
2024-11-26 10:00:00,-1.2625
2024-11-26 11:00:00,-1.2637
2024-11-26 12:00:00,-1.2628
2024-11-26 13:00:00,-1.2604
2024-11-26 14:00:00,-1.2597
2024-11-26 15:00:00,-1.2580
2024-11-26 16:00:00,-1.2538
2024-11-26 17:00:00,-1.2519
2024-11-26 18:00:00,-1.2498
2024-11-26 19:00:00,-1.2507
2024-11-26 20:00:00,-1.2461
2024-11-26 21:00:00,-1.2481
2024-11-26 22:00:00,-1.2431
2024-11-26 23:00:00,-1.2387
2024-11-27 00:00:00,-1.2362
2024-11-27 01:00:00,-1.2353
2024-11-27 02:00:00,-1.2339
2024-11-27 03:00:00,-1.2355
2024-11-27 04:00:00,-1.2300
2024-11-27 05:00:00,-1.2348
2024-11-27 06:00:00,-1.2357
2024-11-27 07:00:00,-1.2362
2024-11-27 08:00:00,-1.2375
2024-11-27 09:00:00,-1.2331
2024-11-27 10:00:00,-1.2309
2024-11-27 11:00:00,-1.2112
2024-11-27 12:00:00,-1.1160
2024-11-27 13:00:00,-0.9472
2024-11-27 14:00:00,-0.8487
2024-11-27 15:00:00,-0.8087
2024-11-27 16:00:00,-0.7725
2024-11-27 17:00:00,-0.7761
2024-11-27 18:00:00,-0.8180
2024-11-27 19:00:00,-0.8379
2024-11-27 20:00:00,-0.8688
2024-11-27 21:00:00,-0.8931
2024-11-27 22:00:00,-0.9249
2024-11-27 23:00:00,-0.9490
2024-11-28 00:00:00,-0.9679
2024-11-28 01:00:00,-0.9894
2024-11-28 02:00:00,-1.0048
2024-11-28 03:00:00,-1.0117
2024-11-28 04:00:00,-1.0188
2024-11-28 05:00:00,-1.0224
2024-11-28 06:00:00,-1.0307
2024-11-28 07:00:00,-1.0405
2024-11-28 08:00:00,-1.0480
2024-11-28 09:00:00,-1.0585
2024-11-28 10:00:00,-1.0632
2024-11-28 11:00:00,-1.0671
2024-11-28 12:00:00,-1.0675
2024-11-28 13:00:00,-1.0748
2024-11-28 14:00:00,-1.0845
2024-11-28 15:00:00,-1.0861
2024-11-28 16:00:00,-1.0906
2024-11-28 17:00:00,-1.1017
2024-11-28 18:00:00,-1.1003
2024-11-28 19:00:00,-1.1021
2024-11-28 20:00:00,-1.1045
2024-11-28 21:00:00,-1.1015
2024-11-28 22:00:00,-1.1003
2024-11-28 23:00:00,-1.1010
2024-11-29 00:00:00,-1.0960
2024-11-29 01:00:00,-1.0937
2024-11-29 02:00:00,-1.0929
2024-11-29 03:00:00,-1.0942
2024-11-29 04:00:00,-1.1001
2024-11-29 05:00:00,-1.1125
2024-11-29 06:00:00,-1.1255
2024-11-29 07:00:00,-1.1426
2024-11-29 08:00:00,-1.1640
2024-11-29 09:00:00,-1.1848
2024-11-29 10:00:00,-1.1863
2024-11-29 11:00:00,-1.1856
2024-11-29 12:00:00,-1.1887
2024-11-29 13:00:00,-1.1863
2024-11-29 14:00:00,-1.1892
2024-11-29 15:00:00,-1.1894
2024-11-29 16:00:00,-1.1985
2024-11-29 17:00:00,-1.2117
2024-11-29 18:00:00,-1.2210
2024-11-29 19:00:00,-1.2331
2024-11-29 20:00:00,-1.2451
2024-11-29 21:00:00,-1.2514
2024-11-29 22:00:00,-1.2527
2024-11-29 23:00:00,-1.2593
2024-11-30 00:00:00,-1.2644
2024-11-30 01:00:00,-1.2691
2024-11-30 02:00:00,-1.2731
2024-11-30 03:00:00,-1.2781
2024-11-30 04:00:00,-1.2808
2024-11-30 05:00:00,-1.2810
2024-11-30 06:00:00,-1.2802
2024-11-30 07:00:00,-1.2770
2024-11-30 08:00:00,-1.2768
2024-11-30 09:00:00,-1.2763
2024-11-30 10:00:00,-1.2775
2024-11-30 11:00:00,-1.2758
2024-11-30 12:00:00,-1.2743
2024-11-30 13:00:00,-1.2688
2024-11-30 14:00:00,-1.2625
2024-11-30 15:00:00,-1.2599
2024-11-30 16:00:00,-1.2570
2024-11-30 17:00:00,-1.2597
2024-11-30 18:00:00,-1.2608
2024-11-30 19:00:00,-1.2638
2024-11-30 20:00:00,-1.2658
2024-11-30 21:00:00,-1.2703
2024-11-30 22:00:00,-1.2704
2024-11-30 23:00:00,-1.2732
2024-12-01 00:00:00,-1.2711
2024-12-01 01:00:00,-1.2709
2024-12-01 02:00:00,-1.2705
2024-12-01 03:00:00,-1.2629
2024-12-01 04:00:00,-1.2649
2024-12-01 05:00:00,-1.2752
2024-12-01 06:00:00,-1.2721
2024-12-01 07:00:00,-1.2749
2024-12-01 08:00:00,-1.2770
2024-12-01 09:00:00,-1.2759
2024-12-01 10:00:00,-1.2756
2024-12-01 11:00:00,-1.2761
2024-12-01 12:00:00,-1.2727
2024-12-01 13:00:00,-1.2608
2024-12-01 14:00:00,-1.2573
2024-12-01 15:00:00,-1.2518
2024-12-01 16:00:00,-1.2536
2024-12-01 17:00:00,-1.2542
2024-12-01 18:00:00,-1.2471
2024-12-01 19:00:00,-1.2440
2024-12-01 20:00:00,-1.2547
2024-12-01 21:00:00,-1.2520
2024-12-01 22:00:00,-1.2566
2024-12-01 23:00:00,-1.2646
2024-12-02 00:00:00,-1.2571
2024-12-02 01:00:00,-1.2626
2024-12-02 02:00:00,-1.2641
2024-12-02 03:00:00,-1.2661
2024-12-02 04:00:00,-1.2575
2024-12-02 05:00:00,-1.2594
2024-12-02 06:00:00,-1.2603
2024-12-02 07:00:00,-1.2613
2024-12-02 08:00:00,-1.2512
2024-12-02 09:00:00,-1.2549
2024-12-02 10:00:00,-1.2555
2024-12-02 11:00:00,-1.2570
2024-12-02 12:00:00,-1.2555
2024-12-02 13:00:00,-1.2565
2024-12-02 14:00:00,-1.2552
2024-12-02 15:00:00,-1.2513
2024-12-02 16:00:00,-1.2347
2024-12-02 17:00:00,-1.2474
2024-12-02 18:00:00,-1.2493
2024-12-02 19:00:00,-1.2466
2024-12-02 20:00:00,-1.2454
2024-12-02 21:00:00,-1.2465
2024-12-02 22:00:00,-1.2453
2024-12-02 23:00:00,-1.2432
2024-12-03 00:00:00,-1.2451
2024-12-03 01:00:00,-1.2485
2024-12-03 02:00:00,-1.2485
2024-12-03 03:00:00,-1.2496
2024-12-03 04:00:00,-1.2512
2024-12-03 05:00:00,-1.2466
2024-12-03 06:00:00,-1.2447
2024-12-03 07:00:00,-1.2410
2024-12-03 08:00:00,-1.2376
2024-12-03 09:00:00,-1.2372
2024-12-03 10:00:00,-1.2312
2024-12-03 11:00:00,-1.2321
2024-12-03 12:00:00,-1.2265
2024-12-03 13:00:00,-1.2202
2024-12-03 14:00:00,-1.2047
2024-12-03 15:00:00,-1.1961
2024-12-03 16:00:00,-1.1864
2024-12-03 17:00:00,-1.1789
2024-12-03 18:00:00,-1.1760
2024-12-03 19:00:00,-1.1741
2024-12-03 20:00:00,-1.1705
2024-12-03 21:00:00,-1.1686
2024-12-03 22:00:00,-1.1650
2024-12-03 23:00:00,-1.1647
2024-12-04 00:00:00,-1.1657
2024-12-04 01:00:00,-1.1706
2024-12-04 02:00:00,-1.1744
2024-12-04 03:00:00,-1.1784
2024-12-04 04:00:00,-1.1781
2024-12-04 05:00:00,-1.1848
2024-12-04 06:00:00,-1.1879
2024-12-04 07:00:00,-1.1886
2024-12-04 08:00:00,-1.1874
2024-12-04 09:00:00,-1.1875
2024-12-04 10:00:00,-1.1962
2024-12-04 11:00:00,-1.2030
2024-12-04 12:00:00,-1.2106
2024-12-04 13:00:00,-1.2191
2024-12-04 14:00:00,-1.2275
2024-12-04 15:00:00,-1.2351
2024-12-04 16:00:00,-1.2416
2024-12-04 17:00:00,-1.2482
2024-12-04 18:00:00,-1.2487
2024-12-04 19:00:00,-1.2519
2024-12-04 20:00:00,-1.2569
2024-12-04 21:00:00,-1.2593
2024-12-04 22:00:00,-1.2596
2024-12-04 23:00:00,-1.2621
2024-12-05 00:00:00,-1.2568
2024-12-05 01:00:00,-1.2544
2024-12-05 02:00:00,-1.2514
2024-12-05 03:00:00,-1.2422
2024-12-05 04:00:00,-1.2377
2024-12-05 05:00:00,-1.2347
2024-12-05 06:00:00,-1.2325
2024-12-05 07:00:00,-1.2225
2024-12-05 08:00:00,-1.2221
2024-12-05 09:00:00,-1.2180
2024-12-05 10:00:00,-1.2094
2024-12-05 11:00:00,-1.2033
2024-12-05 12:00:00,-1.1992
2024-12-05 13:00:00,-1.1945
2024-12-05 14:00:00,-1.1900
2024-12-05 15:00:00,-1.1747
2024-12-05 16:00:00,-1.1686
2024-12-05 17:00:00,-1.1622
2024-12-05 18:00:00,-1.1539
2024-12-05 19:00:00,-1.1400
2024-12-05 20:00:00,-1.1301
2024-12-05 21:00:00,-1.1050
2024-12-05 22:00:00,-1.0829
2024-12-05 23:00:00,-0.8854
2024-12-06 00:00:00,-0.7387
2024-12-06 01:00:00,-0.6683
2024-12-06 02:00:00,-0.6875
2024-12-06 03:00:00,-0.7238
2024-12-06 04:00:00,-0.7658
2024-12-06 05:00:00,-0.8093
2024-12-06 06:00:00,-0.8394
2024-12-06 07:00:00,-0.8595
2024-12-06 08:00:00,-0.8737
2024-12-06 09:00:00,-0.8859
2024-12-06 10:00:00,-0.8943
2024-12-06 11:00:00,-0.9022
2024-12-06 12:00:00,-0.9084
2024-12-06 13:00:00,-0.9144
2024-12-06 14:00:00,-0.9241
2024-12-06 15:00:00,-0.9299
2024-12-06 16:00:00,-0.9335
2024-12-06 17:00:00,-0.9441
2024-12-06 18:00:00,-0.9598
2024-12-06 19:00:00,-0.9715
2024-12-06 20:00:00,-0.9761
2024-12-06 21:00:00,-0.9741
2024-12-06 22:00:00,-0.9707
2024-12-06 23:00:00,-0.9706
2024-12-07 00:00:00,-0.9646
2024-12-07 01:00:00,-0.9592
2024-12-07 02:00:00,-0.9594
2024-12-07 03:00:00,-0.9559
2024-12-07 04:00:00,-0.9558
2024-12-07 05:00:00,-0.9590
2024-12-07 06:00:00,-0.9547
2024-12-07 07:00:00,-0.9590
2024-12-07 08:00:00,-0.9611
2024-12-07 09:00:00,-0.9640
2024-12-07 10:00:00,-0.9681
2024-12-07 11:00:00,-0.9683
2024-12-07 12:00:00,-0.9685
2024-12-07 13:00:00,-0.9736
2024-12-07 14:00:00,-0.9751
2024-12-07 15:00:00,-0.9729
2024-12-07 16:00:00,-0.9803
2024-12-07 17:00:00,-0.9944
2024-12-07 18:00:00,-1.0196
2024-12-07 19:00:00,-1.0336
2024-12-07 20:00:00,-1.0440
2024-12-07 21:00:00,-1.0502
2024-12-07 22:00:00,-1.0594
2024-12-07 23:00:00,-1.0687
2024-12-08 00:00:00,-1.0821
2024-12-08 01:00:00,-1.0954
2024-12-08 02:00:00,-1.0973
2024-12-08 03:00:00,-1.1027
2024-12-08 04:00:00,-1.1095
2024-12-08 05:00:00,-1.1124
2024-12-08 06:00:00,-1.1204
2024-12-08 07:00:00,-1.1219
2024-12-08 08:00:00,-1.1145
2024-12-08 09:00:00,-1.1046
2024-12-08 10:00:00,-1.0913
2024-12-08 11:00:00,-1.0813
2024-12-08 12:00:00,-1.0694
2024-12-08 13:00:00,-1.0537
2024-12-08 14:00:00,-1.0424
2024-12-08 15:00:00,-1.0344
2024-12-08 16:00:00,-1.0274
2024-12-08 17:00:00,-1.0219
2024-12-08 18:00:00,-1.0147
2024-12-08 19:00:00,-1.0109
2024-12-08 20:00:00,-1.0020
2024-12-08 21:00:00,-0.9930
2024-12-08 22:00:00,-0.9890
2024-12-08 23:00:00,-0.9824
2024-12-09 00:00:00,-0.9822
2024-12-09 01:00:00,-0.9785
2024-12-09 02:00:00,-0.9749
2024-12-09 03:00:00,-0.9711
2024-12-09 04:00:00,-0.9707
2024-12-09 05:00:00,-0.9656
2024-12-09 06:00:00,-0.9659
2024-12-09 07:00:00,-0.9651
2024-12-09 08:00:00,-0.9647
2024-12-09 09:00:00,-0.9653
2024-12-09 10:00:00,-0.9635
2024-12-09 11:00:00,-0.9616
2024-12-09 12:00:00,-0.9664
2024-12-09 13:00:00,-0.9624
2024-12-09 14:00:00,-0.9562
2024-12-09 15:00:00,-0.9625
2024-12-09 16:00:00,-0.9622
2024-12-09 17:00:00,-0.9677
2024-12-09 18:00:00,-0.9683
2024-12-09 19:00:00,-0.9673
2024-12-09 20:00:00,-0.9711
2024-12-09 21:00:00,-0.9757
2024-12-09 22:00:00,-0.9782
2024-12-09 23:00:00,-0.9849
2024-12-10 00:00:00,-0.9868
2024-12-10 01:00:00,-0.9944
2024-12-10 02:00:00,-0.9963
2024-12-10 03:00:00,-1.0030
2024-12-10 04:00:00,-1.0027
2024-12-10 05:00:00,-1.0120
2024-12-10 06:00:00,-1.0142
2024-12-10 07:00:00,-1.0236
2024-12-10 08:00:00,-1.0302
2024-12-10 09:00:00,-1.0338
2024-12-10 10:00:00,-1.0369
2024-12-10 11:00:00,-1.0482
2024-12-10 12:00:00,-1.0604
2024-12-10 13:00:00,-1.0689
2024-12-10 14:00:00,-1.0823
2024-12-10 15:00:00,-1.0930
2024-12-10 16:00:00,-1.1065
2024-12-10 17:00:00,-1.1168
2024-12-10 18:00:00,-1.1202
2024-12-10 19:00:00,-1.1219
2024-12-10 20:00:00,-1.1165
2024-12-10 21:00:00,-1.1120
2024-12-10 22:00:00,-1.1171
2024-12-10 23:00:00,-1.1145
2024-12-11 00:00:00,-1.1113
2024-12-11 01:00:00,-1.1124
2024-12-11 02:00:00,-1.1250
2024-12-11 03:00:00,-1.1296
2024-12-11 04:00:00,-1.1423
2024-12-11 05:00:00,-1.1611
2024-12-11 06:00:00,-1.1834
2024-12-11 07:00:00,-1.1935
2024-12-11 08:00:00,-1.2042
2024-12-11 09:00:00,-1.2112
2024-12-11 10:00:00,-1.2164
2024-12-11 11:00:00,-1.2204
2024-12-11 12:00:00,-1.2197
2024-12-11 13:00:00,-1.2203
2024-12-11 14:00:00,-1.2140
2024-12-11 15:00:00,-1.2164
2024-12-11 16:00:00,-1.2193
2024-12-11 17:00:00,-1.2237
2024-12-11 18:00:00,-1.2235
2024-12-11 19:00:00,-1.2191
2024-12-11 20:00:00,-1.2182
2024-12-11 21:00:00,-1.2191
2024-12-11 22:00:00,-1.2207
2024-12-11 23:00:00,-1.2241
2024-12-12 00:00:00,-1.2256
2024-12-12 01:00:00,-1.2232
2024-12-12 02:00:00,-1.2208
2024-12-12 03:00:00,-1.2215
2024-12-12 04:00:00,-1.2224
2024-12-12 05:00:00,-1.2270
2024-12-12 06:00:00,-1.2342
2024-12-12 07:00:00,-1.2405
2024-12-12 08:00:00,-1.2502
2024-12-12 09:00:00,-1.2542
2024-12-12 10:00:00,-1.2575
2024-12-12 11:00:00,-1.2603
2024-12-12 12:00:00,-1.2609
2024-12-12 13:00:00,-1.2635
2024-12-12 14:00:00,-1.2653
2024-12-12 15:00:00,-1.2688
2024-12-12 16:00:00,-1.2708
2024-12-12 17:00:00,-1.2717
2024-12-12 18:00:00,-1.2686
2024-12-12 19:00:00,-1.2677
2024-12-12 20:00:00,-1.2684
2024-12-12 21:00:00,-1.2687
2024-12-12 22:00:00,-1.2710
2024-12-12 23:00:00,-1.2715
2024-12-13 00:00:00,-1.2699
2024-12-13 01:00:00,-1.2677
2024-12-13 02:00:00,-1.2665
2024-12-13 03:00:00,-1.2639
2024-12-13 04:00:00,-1.2669
2024-12-13 05:00:00,-1.2686
2024-12-13 06:00:00,-1.2710
2024-12-13 07:00:00,-1.2751
2024-12-13 08:00:00,-1.2783
2024-12-13 09:00:00,-1.2827
2024-12-13 10:00:00,-1.2889
2024-12-13 11:00:00,-1.2912
2024-12-13 12:00:00,-1.2931
2024-12-13 13:00:00,-1.2906
2024-12-13 14:00:00,-1.2899
2024-12-13 15:00:00,-1.2899
2024-12-13 16:00:00,-1.2932
2024-12-13 17:00:00,-1.2968
2024-12-13 18:00:00,-1.2988
2024-12-13 19:00:00,-1.2989
2024-12-13 20:00:00,-1.3037
2024-12-13 21:00:00,-1.3062
2024-12-13 22:00:00,-1.3055
2024-12-13 23:00:00,-1.3050
2024-12-14 00:00:00,-1.3082
2024-12-14 01:00:00,-1.3039
2024-12-14 02:00:00,-1.3017
2024-12-14 03:00:00,-1.2966
2024-12-14 04:00:00,-1.2925
2024-12-14 05:00:00,-1.2986
2024-12-14 06:00:00,-1.3011
2024-12-14 07:00:00,-1.2998
2024-12-14 08:00:00,-1.2995
2024-12-14 09:00:00,-1.3007
2024-12-14 10:00:00,-1.2947
2024-12-14 11:00:00,-1.2934
2024-12-14 12:00:00,-1.2841
2024-12-14 13:00:00,-1.2809
2024-12-14 14:00:00,-1.2795
2024-12-14 15:00:00,-1.2770
2024-12-14 16:00:00,-1.2789
2024-12-14 17:00:00,-1.2788
2024-12-14 18:00:00,-1.2776
2024-12-14 19:00:00,-1.2761
2024-12-14 20:00:00,-1.2782
2024-12-14 21:00:00,-1.2816
2024-12-14 22:00:00,-1.2829
2024-12-14 23:00:00,-1.2857
2024-12-15 00:00:00,-1.2887
2024-12-15 01:00:00,-1.2878
2024-12-15 02:00:00,-1.2881
2024-12-15 03:00:00,-1.2900
2024-12-15 04:00:00,-1.2890
2024-12-15 05:00:00,-1.2817
2024-12-15 06:00:00,-1.2815
2024-12-15 07:00:00,-1.2842
2024-12-15 08:00:00,-1.2837
2024-12-15 09:00:00,-1.2836
2024-12-15 10:00:00,-1.2815
2024-12-15 11:00:00,-1.2815
2024-12-15 12:00:00,-1.2782
2024-12-15 13:00:00,-1.2753
2024-12-15 14:00:00,-1.2723
2024-12-15 15:00:00,-1.2703
2024-12-15 16:00:00,-1.2717
2024-12-15 17:00:00,-1.2756
2024-12-15 18:00:00,-1.2715
2024-12-15 19:00:00,-1.2621
2024-12-15 20:00:00,-1.2586
2024-12-15 21:00:00,-1.2529
2024-12-15 22:00:00,-1.2493
2024-12-15 23:00:00,-1.2463
2024-12-16 00:00:00,-1.2478
2024-12-16 01:00:00,-1.2460
2024-12-16 02:00:00,-1.2408
2024-12-16 03:00:00,-1.2377
2024-12-16 04:00:00,-1.2338
2024-12-16 05:00:00,-1.2397
2024-12-16 06:00:00,-1.2372
2024-12-16 07:00:00,-1.2349
2024-12-16 08:00:00,-1.2338
2024-12-16 09:00:00,-1.2310
2024-12-16 10:00:00,-1.2285
2024-12-16 11:00:00,-1.2243
2024-12-16 12:00:00,-1.2229
2024-12-16 13:00:00,-1.2259
2024-12-16 14:00:00,-1.2254
2024-12-16 15:00:00,-1.2220
2024-12-16 16:00:00,-1.2252
2024-12-16 17:00:00,-1.2276
2024-12-16 18:00:00,-1.2291
2024-12-16 19:00:00,-1.2321
2024-12-16 20:00:00,-1.2336
2024-12-16 21:00:00,-1.2335
2024-12-16 22:00:00,-1.2357
2024-12-16 23:00:00,-1.2370
2024-12-17 00:00:00,-1.2352
2024-12-17 01:00:00,-1.2357
2024-12-17 02:00:00,-1.2366
2024-12-17 03:00:00,-1.2387
2024-12-17 04:00:00,-1.2413
2024-12-17 05:00:00,-1.2411
2024-12-17 06:00:00,-1.2390
2024-12-17 07:00:00,-1.2396
2024-12-17 08:00:00,-1.2404
2024-12-17 09:00:00,-1.2479
2024-12-17 10:00:00,-1.2516
2024-12-17 11:00:00,-1.2510
2024-12-17 12:00:00,-1.2516
2024-12-17 13:00:00,-1.2476
2024-12-17 14:00:00,-1.2473
2024-12-17 15:00:00,-1.2482
2024-12-17 16:00:00,-1.2465
2024-12-17 17:00:00,-1.2497
2024-12-17 18:00:00,-1.2470
2024-12-17 19:00:00,-1.2463
2024-12-17 20:00:00,-1.2319
2024-12-17 21:00:00,-1.2398
2024-12-17 22:00:00,-1.2397
2024-12-17 23:00:00,-1.2336
2024-12-18 00:00:00,-1.2394
2024-12-18 01:00:00,-1.2352
2024-12-18 02:00:00,-1.2375
2024-12-18 03:00:00,-1.2360
2024-12-18 04:00:00,-1.2174
2024-12-18 05:00:00,-1.2308
2024-12-18 06:00:00,-1.2219
2024-12-18 07:00:00,-1.2146
2024-12-18 08:00:00,-1.2092
2024-12-18 09:00:00,-1.2129
2024-12-18 10:00:00,-1.2047
2024-12-18 11:00:00,-1.2015
2024-12-18 12:00:00,-1.1951
2024-12-18 13:00:00,-1.1898
2024-12-18 14:00:00,-1.1820
2024-12-18 15:00:00,-1.1750
2024-12-18 16:00:00,-1.1680
2024-12-18 17:00:00,-1.1642
2024-12-18 18:00:00,-1.1584
2024-12-18 19:00:00,-1.1544
2024-12-18 20:00:00,-1.1479
2024-12-18 21:00:00,-1.1441
2024-12-18 22:00:00,-1.1400
2024-12-18 23:00:00,-1.1413
2024-12-19 00:00:00,-1.1308
2024-12-19 01:00:00,-1.1244
2024-12-19 02:00:00,-1.1294
2024-12-19 03:00:00,-1.1273
2024-12-19 04:00:00,-1.1193
2024-12-19 05:00:00,-1.1136
2024-12-19 06:00:00,-1.0890
2024-12-19 07:00:00,-1.0784
2024-12-19 08:00:00,-1.0629
2024-12-19 09:00:00,-1.0563
2024-12-19 10:00:00,-1.0523
2024-12-19 11:00:00,-1.0483
2024-12-19 12:00:00,-1.0450
2024-12-19 13:00:00,-1.0378
2024-12-19 14:00:00,-1.0320
2024-12-19 15:00:00,-1.0227
2024-12-19 16:00:00,-1.0124
2024-12-19 17:00:00,-1.0102
2024-12-19 18:00:00,-1.0222
2024-12-19 19:00:00,-1.0181
2024-12-19 20:00:00,-1.0048
2024-12-19 21:00:00,-0.9995
2024-12-19 22:00:00,-0.9960
2024-12-19 23:00:00,-0.9933
2024-12-20 00:00:00,-0.9936
2024-12-20 01:00:00,-0.9995
2024-12-20 02:00:00,-0.9945
2024-12-20 03:00:00,-0.9922
2024-12-20 04:00:00,-0.9939
2024-12-20 05:00:00,-0.9970
2024-12-20 06:00:00,-0.9971
2024-12-20 07:00:00,-1.0027
2024-12-20 08:00:00,-1.0009
2024-12-20 09:00:00,-1.0055
2024-12-20 10:00:00,-1.0041
2024-12-20 11:00:00,-1.0028
2024-12-20 12:00:00,-0.9978
2024-12-20 13:00:00,-1.0022
2024-12-20 14:00:00,-1.0003
2024-12-20 15:00:00,-1.0041
2024-12-20 16:00:00,-1.0008
2024-12-20 17:00:00,-0.9986
2024-12-20 18:00:00,-1.0016
2024-12-20 19:00:00,-0.9958
2024-12-20 20:00:00,-1.0011
2024-12-20 21:00:00,-1.0045
2024-12-20 22:00:00,-1.0084
2024-12-20 23:00:00,-1.0083
2024-12-21 00:00:00,-1.0126
2024-12-21 01:00:00,-1.0167
2024-12-21 02:00:00,-1.0254
2024-12-21 03:00:00,-1.0387
2024-12-21 04:00:00,-1.0430
2024-12-21 05:00:00,-1.0416
2024-12-21 06:00:00,-1.0406
2024-12-21 07:00:00,-1.0388
2024-12-21 08:00:00,-1.0372
2024-12-21 09:00:00,-1.0308
2024-12-21 10:00:00,-1.0200
2024-12-21 11:00:00,-1.0113
2024-12-21 12:00:00,-1.0028
2024-12-21 13:00:00,-0.9958
2024-12-21 14:00:00,-0.9892
2024-12-21 15:00:00,-0.9835
2024-12-21 16:00:00,-0.9838
2024-12-21 17:00:00,-0.9762
2024-12-21 18:00:00,-0.9730
2024-12-21 19:00:00,-0.9685
2024-12-21 20:00:00,-0.9623
2024-12-21 21:00:00,-0.9629
2024-12-21 22:00:00,-0.9629
2024-12-21 23:00:00,-0.9593
2024-12-22 00:00:00,-0.9531
2024-12-22 01:00:00,-0.9545
2024-12-22 02:00:00,-0.9484
2024-12-22 03:00:00,-0.9428
2024-12-22 04:00:00,-0.9395
2024-12-22 05:00:00,-0.9279
2024-12-22 06:00:00,-0.9186
2024-12-22 07:00:00,-0.9134
2024-12-22 08:00:00,-0.9087
2024-12-22 09:00:00,-0.9068
2024-12-22 10:00:00,-0.9096
2024-12-22 11:00:00,-0.9017
2024-12-22 12:00:00,-0.8975
2024-12-22 13:00:00,-0.8951
2024-12-22 14:00:00,-0.8925
2024-12-22 15:00:00,-0.8976
2024-12-22 16:00:00,-0.8884
2024-12-22 17:00:00,-0.8913
2024-12-22 18:00:00,-0.8956
2024-12-22 19:00:00,-0.8997
2024-12-22 20:00:00,-0.9023
2024-12-22 21:00:00,-0.9078
2024-12-22 22:00:00,-0.9111
2024-12-22 23:00:00,-0.8461
2024-12-23 00:00:00,-0.7661
2024-12-23 01:00:00,-0.7584
2024-12-23 02:00:00,-0.7799
2024-12-23 03:00:00,-0.7921
2024-12-23 04:00:00,-0.8032
2024-12-23 05:00:00,-0.8183
2024-12-23 06:00:00,-0.8326
2024-12-23 07:00:00,-0.8391
2024-12-23 08:00:00,-0.8471
2024-12-23 09:00:00,-0.8562
2024-12-23 10:00:00,-0.8585
2024-12-23 11:00:00,-0.8608
2024-12-23 12:00:00,-0.8578
2024-12-23 13:00:00,-0.8530
2024-12-23 14:00:00,-0.8497
2024-12-23 15:00:00,-0.8516
2024-12-23 16:00:00,-0.8618
2024-12-23 17:00:00,-0.8624
2024-12-23 18:00:00,-0.8577
2024-12-23 19:00:00,-0.8572
2024-12-23 20:00:00,-0.8601
2024-12-23 21:00:00,-0.8584
2024-12-23 22:00:00,-0.8634
2024-12-23 23:00:00,-0.8660
2024-12-24 00:00:00,-0.8671
2024-12-24 01:00:00,-0.8748
2024-12-24 02:00:00,-0.8779
2024-12-24 03:00:00,-0.8830
2024-12-24 04:00:00,-0.8892
2024-12-24 05:00:00,-0.9001
2024-12-24 06:00:00,-0.9083
2024-12-24 07:00:00,-0.9159
2024-12-24 08:00:00,-0.9195
2024-12-24 09:00:00,-0.9247
2024-12-24 10:00:00,-0.9280
2024-12-24 11:00:00,-0.9313
2024-12-24 12:00:00,-0.9361
2024-12-24 13:00:00,-0.9464
2024-12-24 14:00:00,-0.9587
2024-12-24 15:00:00,-0.9752
2024-12-24 16:00:00,-0.9905
2024-12-24 17:00:00,-1.0018
2024-12-24 18:00:00,-1.0225
2024-12-24 19:00:00,-1.0341
2024-12-24 20:00:00,-1.0443
2024-12-24 21:00:00,-1.0495
2024-12-24 22:00:00,-1.0585
2024-12-24 23:00:00,-1.0712
2024-12-25 00:00:00,-1.0831
2024-12-25 01:00:00,-1.0926
2024-12-25 02:00:00,-1.0919
2024-12-25 03:00:00,-1.0950
2024-12-25 04:00:00,-1.0921
2024-12-25 05:00:00,-1.0947
2024-12-25 06:00:00,-1.0958
2024-12-25 07:00:00,-1.0990
2024-12-25 08:00:00,-1.1080
2024-12-25 09:00:00,-1.1188
2024-12-25 10:00:00,-1.1220
2024-12-25 11:00:00,-1.1253
2024-12-25 12:00:00,-1.1279
2024-12-25 13:00:00,-1.1306
2024-12-25 14:00:00,-1.1350
2024-12-25 15:00:00,-1.1435
2024-12-25 16:00:00,-1.1481
2024-12-25 17:00:00,-1.1506
2024-12-25 18:00:00,-1.1559
2024-12-25 19:00:00,-1.1574
2024-12-25 20:00:00,-1.1601
2024-12-25 21:00:00,-1.1621
2024-12-25 22:00:00,-1.1629
2024-12-25 23:00:00,-1.1618
2024-12-26 00:00:00,-1.1601
2024-12-26 01:00:00,-1.1588
2024-12-26 02:00:00,-1.1578
2024-12-26 03:00:00,-1.1558
2024-12-26 04:00:00,-1.1546
2024-12-26 05:00:00,-1.1479
2024-12-26 06:00:00,-1.1439
2024-12-26 07:00:00,-1.1455
2024-12-26 08:00:00,-1.1394
2024-12-26 09:00:00,-1.1391
2024-12-26 10:00:00,-1.1400
2024-12-26 11:00:00,-1.1399
2024-12-26 12:00:00,-1.1409
2024-12-26 13:00:00,-1.1374
2024-12-26 14:00:00,-1.1359
2024-12-26 15:00:00,-1.1324
2024-12-26 16:00:00,-1.1333
2024-12-26 17:00:00,-1.1370
2024-12-26 18:00:00,-1.1414
2024-12-26 19:00:00,-1.1418
2024-12-26 20:00:00,-1.1478
2024-12-26 21:00:00,-1.1512
2024-12-26 22:00:00,-1.1472
2024-12-26 23:00:00,-1.1548
2024-12-27 00:00:00,-1.1519
2024-12-27 01:00:00,-1.1509
2024-12-27 02:00:00,-1.1518
2024-12-27 03:00:00,-1.1527
2024-12-27 04:00:00,-1.1549
2024-12-27 05:00:00,-1.1585
2024-12-27 06:00:00,-1.1653
2024-12-27 07:00:00,-1.1704
2024-12-27 08:00:00,-1.1723
2024-12-27 09:00:00,-1.1768
2024-12-27 10:00:00,-1.1779
2024-12-27 11:00:00,-1.1740
2024-12-27 12:00:00,-1.1686
2024-12-27 13:00:00,-1.1663
2024-12-27 14:00:00,-1.1643
2024-12-27 15:00:00,-1.1735
2024-12-27 16:00:00,-1.1677
2024-12-27 17:00:00,-1.1697
2024-12-27 18:00:00,-1.1733
2024-12-27 19:00:00,-1.1774
2024-12-27 20:00:00,-1.1787
2024-12-27 21:00:00,-1.1815
2024-12-27 22:00:00,-1.1789
2024-12-27 23:00:00,-1.1781
2024-12-28 00:00:00,-1.1775
2024-12-28 01:00:00,-1.1742
2024-12-28 02:00:00,-1.1679
2024-12-28 03:00:00,-1.1662
2024-12-28 04:00:00,-1.1648
2024-12-28 05:00:00,-1.1613
2024-12-28 06:00:00,-1.1660
2024-12-28 07:00:00,-1.1714
2024-12-28 08:00:00,-1.1746
2024-12-28 09:00:00,-1.1871
2024-12-28 10:00:00,-1.1898
2024-12-28 11:00:00,-1.1898
2024-12-28 12:00:00,-1.1843
2024-12-28 13:00:00,-1.1844
2024-12-28 14:00:00,-1.1804
2024-12-28 15:00:00,-1.1788
2024-12-28 16:00:00,-1.1799
2024-12-28 17:00:00,-1.1768
2024-12-28 18:00:00,-1.1821
2024-12-28 19:00:00,-1.1874
2024-12-28 20:00:00,-1.1884
2024-12-28 21:00:00,-1.1921
2024-12-28 22:00:00,-1.1964
2024-12-28 23:00:00,-1.2027
2024-12-29 00:00:00,-1.2091
2024-12-29 01:00:00,-1.2086
2024-12-29 02:00:00,-1.2117
2024-12-29 03:00:00,-1.2105
2024-12-29 04:00:00,-1.2113
2024-12-29 05:00:00,-1.2035
2024-12-29 06:00:00,-1.2030
2024-12-29 07:00:00,-1.1987
2024-12-29 08:00:00,-1.1894
2024-12-29 09:00:00,-1.1880
2024-12-29 10:00:00,-1.1952
2024-12-29 11:00:00,-1.1983
2024-12-29 12:00:00,-1.2014
2024-12-29 13:00:00,-1.2058
2024-12-29 14:00:00,-1.2079
2024-12-29 15:00:00,-1.2083
2024-12-29 16:00:00,-1.2067
2024-12-29 17:00:00,-1.2075
2024-12-29 18:00:00,-1.2066
2024-12-29 19:00:00,-1.1959
2024-12-29 20:00:00,-1.1943
2024-12-29 21:00:00,-1.1977
2024-12-29 22:00:00,-1.1982
2024-12-29 23:00:00,-1.2002
2024-12-30 00:00:00,-1.2005
2024-12-30 01:00:00,-1.1976
2024-12-30 02:00:00,-1.1929
2024-12-30 03:00:00,-1.1884
2024-12-30 04:00:00,-1.1846
2024-12-30 05:00:00,-1.1829
2024-12-30 06:00:00,-1.1770
2024-12-30 07:00:00,-1.1752
2024-12-30 08:00:00,-1.1744
2024-12-30 09:00:00,-1.1782
2024-12-30 10:00:00,-1.1807
2024-12-30 11:00:00,-1.1829
2024-12-30 12:00:00,-1.1771
2024-12-30 13:00:00,-1.1805
2024-12-30 14:00:00,-1.1692
2024-12-30 15:00:00,-1.1637
2024-12-30 16:00:00,-1.1632
2024-12-30 17:00:00,-1.1632
2024-12-30 18:00:00,-1.1562
2024-12-30 19:00:00,-1.1519
2024-12-30 20:00:00,-1.1440
2024-12-30 21:00:00,-1.1420
2024-12-30 22:00:00,-1.1365
2024-12-30 23:00:00,-1.1320
2024-12-31 00:00:00,-1.1292
2024-12-31 01:00:00,-1.1263
2024-12-31 02:00:00,-1.1245
2024-12-31 03:00:00,-1.1215
2024-12-31 04:00:00,-1.1153
2024-12-31 05:00:00,-1.1083
2024-12-31 06:00:00,-1.1068
2024-12-31 07:00:00,-1.1118
2024-12-31 08:00:00,-1.1165
2024-12-31 09:00:00,-1.1136
2024-12-31 10:00:00,-1.1120
2024-12-31 11:00:00,-1.1079
2024-12-31 12:00:00,-1.1119
2024-12-31 13:00:00,-1.0949
2024-12-31 14:00:00,-1.0918
2024-12-31 15:00:00,-1.0931
2024-12-31 16:00:00,-1.0940
2024-12-31 17:00:00,-1.0908
2024-12-31 18:00:00,-1.0877
2024-12-31 19:00:00,-1.0900
2024-12-31 20:00:00,-1.1036
2024-12-31 21:00:00,-1.1218
2024-12-31 22:00:00,-1.1432
2024-12-31 23:00:00,-1.1435
2025-01-01 00:00:00,-1.1588
2025-01-01 01:00:00,-1.1607
2025-01-01 02:00:00,-1.1736
2025-01-01 03:00:00,-1.1625
2025-01-01 04:00:00,-1.1554
2025-01-01 05:00:00,-1.1477
2025-01-01 06:00:00,-1.1270
2025-01-01 07:00:00,-1.1140
2025-01-01 08:00:00,-1.1107
2025-01-01 09:00:00,-1.1050
2025-01-01 10:00:00,-1.1101
2025-01-01 11:00:00,-1.1217
2025-01-01 12:00:00,-1.1339
2025-01-01 13:00:00,-1.1456
2025-01-01 14:00:00,-1.1492
2025-01-01 15:00:00,-1.1588
2025-01-01 16:00:00,-1.1693
2025-01-01 17:00:00,-1.1754
2025-01-01 18:00:00,-1.1506
2025-01-01 19:00:00,-1.1018
2025-01-01 20:00:00,-1.0243
2025-01-01 21:00:00,-0.9625
2025-01-01 22:00:00,-0.9313
2025-01-01 23:00:00,-0.9141
2025-01-02 00:00:00,-0.9268
2025-01-02 01:00:00,-0.9243
2025-01-02 02:00:00,-0.9385
2025-01-02 03:00:00,-0.9447
2025-01-02 04:00:00,-0.9559
2025-01-02 05:00:00,-0.9674
2025-01-02 06:00:00,-0.9825
2025-01-02 07:00:00,-0.9859
2025-01-02 08:00:00,-0.9921
2025-01-02 09:00:00,-0.9979
2025-01-02 10:00:00,-1.0045
2025-01-02 11:00:00,-1.0125
2025-01-02 12:00:00,-1.0160
2025-01-02 13:00:00,-1.0185
2025-01-02 14:00:00,-1.0213
2025-01-02 15:00:00,-1.0259
2025-01-02 16:00:00,-1.0268
2025-01-02 17:00:00,-1.0365
2025-01-02 18:00:00,-1.0352
2025-01-02 19:00:00,-1.0347
2025-01-02 20:00:00,-1.0352
2025-01-02 21:00:00,-1.0368
2025-01-02 22:00:00,-1.0429
2025-01-02 23:00:00,-1.0485
2025-01-03 00:00:00,-1.0567
2025-01-03 01:00:00,-1.0661
2025-01-03 02:00:00,-1.0648
2025-01-03 03:00:00,-1.0610
2025-01-03 04:00:00,-1.0564
2025-01-03 05:00:00,-1.0515
2025-01-03 06:00:00,-1.0472
2025-01-03 07:00:00,-1.0404
2025-01-03 08:00:00,-1.0351
2025-01-03 09:00:00,-1.0331
2025-01-03 10:00:00,-1.0312
2025-01-03 11:00:00,-1.0268
2025-01-03 12:00:00,-1.0239
2025-01-03 13:00:00,-1.0265
2025-01-03 14:00:00,-1.0298
2025-01-03 15:00:00,-1.0368
2025-01-03 16:00:00,-1.0465
2025-01-03 17:00:00,-1.0545
2025-01-03 18:00:00,-1.0631
2025-01-03 19:00:00,-1.0711
2025-01-03 20:00:00,-1.0770
2025-01-03 21:00:00,-1.0837
2025-01-03 22:00:00,-1.0909
2025-01-03 23:00:00,-1.0962
2025-01-04 00:00:00,-1.1023
2025-01-04 01:00:00,-1.1080
2025-01-04 02:00:00,-1.1114
2025-01-04 03:00:00,-1.1207
2025-01-04 04:00:00,-1.1330
2025-01-04 05:00:00,-1.1482
2025-01-04 06:00:00,-1.1637
2025-01-04 07:00:00,-1.1765
2025-01-04 08:00:00,-1.1807
2025-01-04 09:00:00,-1.1862
2025-01-04 10:00:00,-1.1908
2025-01-04 11:00:00,-1.2010
2025-01-04 12:00:00,-1.2030
2025-01-04 13:00:00,-1.2045
2025-01-04 14:00:00,-1.2044
2025-01-04 15:00:00,-1.2062
2025-01-04 16:00:00,-1.2051
2025-01-04 17:00:00,-1.1999
2025-01-04 18:00:00,-1.1981
2025-01-04 19:00:00,-1.1971
2025-01-04 20:00:00,-1.1937
2025-01-04 21:00:00,-1.1786
2025-01-04 22:00:00,-1.1754
2025-01-04 23:00:00,-1.1681
2025-01-05 00:00:00,-1.1621
2025-01-05 01:00:00,-1.1531
2025-01-05 02:00:00,-1.1477
2025-01-05 03:00:00,-1.1419
2025-01-05 04:00:00,-1.1363
2025-01-05 05:00:00,-1.1309
2025-01-05 06:00:00,-1.1242
2025-01-05 07:00:00,-1.0939
2025-01-05 08:00:00,-1.0863
2025-01-05 09:00:00,-1.0791
2025-01-05 10:00:00,-1.0742
2025-01-05 11:00:00,-1.0770
2025-01-05 12:00:00,-1.0584
2025-01-05 13:00:00,-1.0176
2025-01-05 14:00:00,-0.9170
2025-01-05 15:00:00,-0.8412
2025-01-05 16:00:00,-0.7989
2025-01-05 17:00:00,-0.8116
2025-01-05 18:00:00,-0.8215
2025-01-05 19:00:00,-0.8356
2025-01-05 20:00:00,-0.8517
2025-01-05 21:00:00,-0.8498
2025-01-05 22:00:00,-0.8344
2025-01-05 23:00:00,-0.8397
2025-01-06 00:00:00,-0.8541
2025-01-06 01:00:00,-0.8689
2025-01-06 02:00:00,-0.8757
2025-01-06 03:00:00,-0.8869
2025-01-06 04:00:00,-0.8969
2025-01-06 05:00:00,-0.9035
2025-01-06 06:00:00,-0.9069
2025-01-06 07:00:00,-0.9075
2025-01-06 08:00:00,-0.9097
2025-01-06 09:00:00,-0.9099
2025-01-06 10:00:00,-0.9027
2025-01-06 11:00:00,-0.9092
2025-01-06 12:00:00,-0.9142
2025-01-06 13:00:00,-0.9112
2025-01-06 14:00:00,-0.9063
2025-01-06 15:00:00,-0.9245
2025-01-06 16:00:00,-0.9241
2025-01-06 17:00:00,-0.9299
2025-01-06 18:00:00,-0.9283
2025-01-06 19:00:00,-0.9248
2025-01-06 20:00:00,-0.9236
2025-01-06 21:00:00,-0.9216
2025-01-06 22:00:00,-0.9344
2025-01-06 23:00:00,-0.9222
2025-01-07 00:00:00,-0.9406
2025-01-07 01:00:00,-0.9417
2025-01-07 02:00:00,-0.9392
2025-01-07 03:00:00,-0.9354
2025-01-07 04:00:00,-0.9308
2025-01-07 05:00:00,-0.9284
2025-01-07 06:00:00,-0.9298
2025-01-07 07:00:00,-0.9291
2025-01-07 08:00:00,-0.9291
2025-01-07 09:00:00,-0.9284
2025-01-07 10:00:00,-0.9288
2025-01-07 11:00:00,-0.9292
2025-01-07 12:00:00,-0.9287
2025-01-07 13:00:00,-0.9287
2025-01-07 14:00:00,-0.9294
2025-01-07 15:00:00,-0.9389
2025-01-07 16:00:00,-0.9411
2025-01-07 17:00:00,-0.9426
2025-01-07 18:00:00,-0.9445
2025-01-07 19:00:00,-0.9469
2025-01-07 20:00:00,-0.9493
2025-01-07 21:00:00,-0.9500
2025-01-07 22:00:00,-0.9499
2025-01-07 23:00:00,-0.9499
2025-01-08 00:00:00,-0.9559
2025-01-08 01:00:00,-0.9459
2025-01-08 02:00:00,-0.9497
2025-01-08 03:00:00,-0.9438
2025-01-08 04:00:00,-0.9409
2025-01-08 05:00:00,-0.9440
2025-01-08 06:00:00,-0.9460
2025-01-08 07:00:00,-0.9426
2025-01-08 08:00:00,-0.9462
2025-01-08 09:00:00,-0.9454
2025-01-08 10:00:00,-0.9465
2025-01-08 11:00:00,-0.9521
2025-01-08 12:00:00,-0.9555
2025-01-08 13:00:00,-0.9631
2025-01-08 14:00:00,-0.9622
2025-01-08 15:00:00,-0.9667
2025-01-08 16:00:00,-0.9657
2025-01-08 17:00:00,-0.9714
2025-01-08 18:00:00,-0.9755
2025-01-08 19:00:00,-0.9900
2025-01-08 20:00:00,-0.9953
2025-01-08 21:00:00,-1.0010
2025-01-08 22:00:00,-1.0061
2025-01-08 23:00:00,-1.0107
2025-01-09 00:00:00,-1.0213
2025-01-09 01:00:00,-1.0319
2025-01-09 02:00:00,-1.0400
2025-01-09 03:00:00,-1.0403
2025-01-09 04:00:00,-1.0494
2025-01-09 05:00:00,-1.0640
2025-01-09 06:00:00,-1.0712
2025-01-09 07:00:00,-1.0802
2025-01-09 08:00:00,-1.0869
2025-01-09 09:00:00,-1.0942
2025-01-09 10:00:00,-1.0757
2025-01-09 11:00:00,-1.0832
2025-01-09 12:00:00,-1.0850
2025-01-09 13:00:00,-1.0895
2025-01-09 14:00:00,-1.0969
2025-01-09 15:00:00,-1.1036
2025-01-09 16:00:00,-1.1182
2025-01-09 17:00:00,-1.1241
2025-01-09 18:00:00,-1.1263
2025-01-09 19:00:00,-1.1332
2025-01-09 20:00:00,-1.1381
2025-01-09 21:00:00,-1.1411
2025-01-09 22:00:00,-1.1417
2025-01-09 23:00:00,-1.1430
2025-01-10 00:00:00,-1.1417
2025-01-10 01:00:00,-1.1509
2025-01-10 02:00:00,-1.1708
2025-01-10 03:00:00,-1.1788
2025-01-10 04:00:00,-1.1793
2025-01-10 05:00:00,-1.1771
2025-01-10 06:00:00,-1.1742
2025-01-10 07:00:00,-1.1682
2025-01-10 08:00:00,-1.1650
2025-01-10 09:00:00,-1.1592
2025-01-10 10:00:00,-1.1543
2025-01-10 11:00:00,-1.1470
2025-01-10 12:00:00,-1.1419
2025-01-10 13:00:00,-1.1364
2025-01-10 14:00:00,-1.1294
2025-01-10 15:00:00,-1.1165
2025-01-10 16:00:00,-1.0989
2025-01-10 17:00:00,-1.0861
2025-01-10 18:00:00,-1.0606
2025-01-10 19:00:00,-1.0673
2025-01-10 20:00:00,-1.0706
2025-01-10 21:00:00,-1.0611
2025-01-10 22:00:00,-1.0514
2025-01-10 23:00:00,-1.0478
2025-01-11 00:00:00,-1.0501
2025-01-11 01:00:00,-1.0468
2025-01-11 02:00:00,-1.0470
2025-01-11 03:00:00,-1.0343
2025-01-11 04:00:00,-1.0405
2025-01-11 05:00:00,-1.0367
2025-01-11 06:00:00,-1.0373
2025-01-11 07:00:00,-1.0420
2025-01-11 08:00:00,-1.0505
2025-01-11 09:00:00,-1.0567
2025-01-11 10:00:00,-1.0644
2025-01-11 11:00:00,-1.0729
2025-01-11 12:00:00,-1.0802
2025-01-11 13:00:00,-1.0766
2025-01-11 14:00:00,-1.0766
2025-01-11 15:00:00,-1.0857
2025-01-11 16:00:00,-1.0882
2025-01-11 17:00:00,-1.0920
2025-01-11 18:00:00,-1.0940
2025-01-11 19:00:00,-1.1020
2025-01-11 20:00:00,-1.1031
2025-01-11 21:00:00,-1.1025
2025-01-11 22:00:00,-1.1046
2025-01-11 23:00:00,-1.1042
2025-01-12 00:00:00,-1.0997
2025-01-12 01:00:00,-1.0927
2025-01-12 02:00:00,-1.0887
2025-01-12 03:00:00,-1.0856
2025-01-12 04:00:00,-1.0848
2025-01-12 05:00:00,-1.0921
2025-01-12 06:00:00,-1.1034
2025-01-12 07:00:00,-1.1080
2025-01-12 08:00:00,-1.1198
2025-01-12 09:00:00,-1.1274
2025-01-12 10:00:00,-1.1396
2025-01-12 11:00:00,-1.1536
2025-01-12 12:00:00,-1.1593
2025-01-12 13:00:00,-1.1633
2025-01-12 14:00:00,-1.1691
2025-01-12 15:00:00,-1.1668
2025-01-12 16:00:00,-1.1732
2025-01-12 17:00:00,-1.1786
2025-01-12 18:00:00,-1.1859
2025-01-12 19:00:00,-1.1917
2025-01-12 20:00:00,-1.1995
2025-01-12 21:00:00,-1.2005
2025-01-12 22:00:00,-1.2049
2025-01-12 23:00:00,-1.2104
2025-01-13 00:00:00,-1.2159
2025-01-13 01:00:00,-1.2200
2025-01-13 02:00:00,-1.2255
2025-01-13 03:00:00,-1.2329
2025-01-13 04:00:00,-1.2378
2025-01-13 05:00:00,-1.2443
2025-01-13 06:00:00,-1.2441
2025-01-13 07:00:00,-1.2478
2025-01-13 08:00:00,-1.2511
2025-01-13 09:00:00,-1.2552
2025-01-13 10:00:00,-1.2621
2025-01-13 11:00:00,-1.2601
2025-01-13 12:00:00,-1.2617
2025-01-13 13:00:00,-1.2625
2025-01-13 14:00:00,-1.2669
2025-01-13 15:00:00,-1.2652
2025-01-13 16:00:00,-1.2696
2025-01-13 17:00:00,-1.2728
2025-01-13 18:00:00,-1.2751
2025-01-13 19:00:00,-1.2784
2025-01-13 20:00:00,-1.2769
2025-01-13 21:00:00,-1.2782
2025-01-13 22:00:00,-1.2833
2025-01-13 23:00:00,-1.2852
2025-01-14 00:00:00,-1.2864
2025-01-14 01:00:00,-1.2874
2025-01-14 02:00:00,-1.2892
2025-01-14 03:00:00,-1.2922
2025-01-14 04:00:00,-1.2885
2025-01-14 05:00:00,-1.2857
2025-01-14 06:00:00,-1.2869
2025-01-14 07:00:00,-1.2913
2025-01-14 08:00:00,-1.2922
2025-01-14 09:00:00,-1.2984
2025-01-14 10:00:00,-1.2991
2025-01-14 11:00:00,-1.2986
2025-01-14 12:00:00,-1.2946
2025-01-14 13:00:00,-1.2975
2025-01-14 14:00:00,-1.2972
2025-01-14 15:00:00,-1.2974
2025-01-14 16:00:00,-1.2979
2025-01-14 17:00:00,-1.2992
2025-01-14 18:00:00,-1.2991
2025-01-14 19:00:00,-1.3006
2025-01-14 20:00:00,-1.3008
2025-01-14 21:00:00,-1.2965
2025-01-14 22:00:00,-1.2974
2025-01-14 23:00:00,-1.2978
2025-01-15 00:00:00,-1.2991
2025-01-15 01:00:00,-1.2978
2025-01-15 02:00:00,-1.2969
2025-01-15 03:00:00,-1.2979
2025-01-15 04:00:00,-1.2954
2025-01-15 05:00:00,-1.2936
2025-01-15 06:00:00,-1.2924
2025-01-15 07:00:00,-1.2939
2025-01-15 08:00:00,-1.2961
2025-01-15 09:00:00,-1.3007
2025-01-15 10:00:00,-1.3022
2025-01-15 11:00:00,-1.3045
2025-01-15 12:00:00,-1.3049
2025-01-15 13:00:00,-1.3024
2025-01-15 14:00:00,-1.3025
2025-01-15 15:00:00,-1.3024
2025-01-15 16:00:00,-1.3017
2025-01-15 17:00:00,-1.3019
2025-01-15 18:00:00,-1.3015
2025-01-15 19:00:00,-1.2984
2025-01-15 20:00:00,-1.2986
2025-01-15 21:00:00,-1.2965
2025-01-15 22:00:00,-1.2967
2025-01-15 23:00:00,-1.2959
2025-01-16 00:00:00,-1.2914
2025-01-16 01:00:00,-1.2897
2025-01-16 02:00:00,-1.2891
2025-01-16 03:00:00,-1.2884
2025-01-16 04:00:00,-1.2884
2025-01-16 05:00:00,-1.2891
2025-01-16 06:00:00,-1.2879
2025-01-16 07:00:00,-1.2877
2025-01-16 08:00:00,-1.2875
2025-01-16 09:00:00,-1.2847
2025-01-16 10:00:00,-1.2828
2025-01-16 11:00:00,-1.2803
2025-01-16 12:00:00,-1.2775
2025-01-16 13:00:00,-1.2755
2025-01-16 14:00:00,-1.2740
2025-01-16 15:00:00,-1.2730
2025-01-16 16:00:00,-1.2732
2025-01-16 17:00:00,-1.2730
2025-01-16 18:00:00,-1.2717
2025-01-16 19:00:00,-1.2703
2025-01-16 20:00:00,-1.2671
2025-01-16 21:00:00,-1.2610
2025-01-16 22:00:00,-1.2583
2025-01-16 23:00:00,-1.2538
2025-01-17 00:00:00,-1.2511
2025-01-17 01:00:00,-1.2504
2025-01-17 02:00:00,-1.2479
2025-01-17 03:00:00,-1.2469
2025-01-17 04:00:00,-1.2423
2025-01-17 05:00:00,-1.2329
2025-01-17 06:00:00,-1.2260
2025-01-17 07:00:00,-1.2228
2025-01-17 08:00:00,-1.2169
2025-01-17 09:00:00,-1.2138
2025-01-17 10:00:00,-1.2161
2025-01-17 11:00:00,-1.2233
2025-01-17 12:00:00,-1.2140
2025-01-17 13:00:00,-1.2071
2025-01-17 14:00:00,-1.2062
2025-01-17 15:00:00,-1.2067
2025-01-17 16:00:00,-1.2045
2025-01-17 17:00:00,-1.2012
2025-01-17 18:00:00,-1.2013
2025-01-17 19:00:00,-1.1996
2025-01-17 20:00:00,-1.1984
2025-01-17 21:00:00,-1.1978
2025-01-17 22:00:00,-1.1951
2025-01-17 23:00:00,-1.1992
2025-01-18 00:00:00,-1.2066
2025-01-18 01:00:00,-1.2157
2025-01-18 02:00:00,-1.2251
2025-01-18 03:00:00,-1.2349
2025-01-18 04:00:00,-1.2436
2025-01-18 05:00:00,-1.2518
2025-01-18 06:00:00,-1.2608
2025-01-18 07:00:00,-1.2696
2025-01-18 08:00:00,-1.2777
2025-01-18 09:00:00,-1.2833
2025-01-18 10:00:00,-1.2880
2025-01-18 11:00:00,-1.2892
2025-01-18 12:00:00,-1.2891
2025-01-18 13:00:00,-1.2867
2025-01-18 14:00:00,-1.2851
2025-01-18 15:00:00,-1.2836
2025-01-18 16:00:00,-1.2830
2025-01-18 17:00:00,-1.2833
2025-01-18 18:00:00,-1.2831
2025-01-18 19:00:00,-1.2820
2025-01-18 20:00:00,-1.2795
2025-01-18 21:00:00,-1.2779
2025-01-18 22:00:00,-1.2769
2025-01-18 23:00:00,-1.2767
2025-01-19 00:00:00,-1.2783
2025-01-19 01:00:00,-1.2831
2025-01-19 02:00:00,-1.2856
2025-01-19 03:00:00,-1.2891
2025-01-19 04:00:00,-1.2794
2025-01-19 05:00:00,-1.2848
2025-01-19 06:00:00,-1.2869
2025-01-19 07:00:00,-1.2884
2025-01-19 08:00:00,-1.2894
2025-01-19 09:00:00,-1.2909
2025-01-19 10:00:00,-1.2928
2025-01-19 11:00:00,-1.2940
2025-01-19 12:00:00,-1.2931
2025-01-19 13:00:00,-1.2920
2025-01-19 14:00:00,-1.2894
2025-01-19 15:00:00,-1.2902
2025-01-19 16:00:00,-1.2906
2025-01-19 17:00:00,-1.2901
2025-01-19 18:00:00,-1.2923
2025-01-19 19:00:00,-1.2891
2025-01-19 20:00:00,-1.2884
2025-01-19 21:00:00,-1.2864
2025-01-19 22:00:00,-1.2863
2025-01-19 23:00:00,-1.2836
2025-01-20 00:00:00,-1.2806
2025-01-20 01:00:00,-1.2798
2025-01-20 02:00:00,-1.2852
2025-01-20 03:00:00,-1.2867
2025-01-20 04:00:00,-1.2847
2025-01-20 05:00:00,-1.2819
2025-01-20 06:00:00,-1.2827
2025-01-20 07:00:00,-1.2852
2025-01-20 08:00:00,-1.2867
2025-01-20 09:00:00,-1.2869
2025-01-20 10:00:00,-1.2897
2025-01-20 11:00:00,-1.2890
2025-01-20 12:00:00,-1.2889
2025-01-20 13:00:00,-1.2863
2025-01-20 14:00:00,-1.2817
2025-01-20 15:00:00,-1.2807
2025-01-20 16:00:00,-1.2796
2025-01-20 17:00:00,-1.2800
2025-01-20 18:00:00,-1.2807
2025-01-20 19:00:00,-1.2808
2025-01-20 20:00:00,-1.2808
2025-01-20 21:00:00,-1.2825
2025-01-20 22:00:00,-1.2842
2025-01-20 23:00:00,-1.2858
2025-01-21 00:00:00,-1.2845
2025-01-21 01:00:00,-1.2785
2025-01-21 02:00:00,-1.2794
2025-01-21 03:00:00,-1.2786
2025-01-21 04:00:00,-1.2809
2025-01-21 05:00:00,-1.2805
2025-01-21 06:00:00,-1.2817
2025-01-21 07:00:00,-1.2812
2025-01-21 08:00:00,-1.2825
2025-01-21 09:00:00,-1.2839
2025-01-21 10:00:00,-1.2846
2025-01-21 11:00:00,-1.2819
2025-01-21 12:00:00,-1.2797
2025-01-21 13:00:00,-1.2761
2025-01-21 14:00:00,-1.2729
2025-01-21 15:00:00,-1.2713
2025-01-21 16:00:00,-1.2691
2025-01-21 17:00:00,-1.2641
2025-01-21 18:00:00,-1.2649
2025-01-21 19:00:00,-1.2602
2025-01-21 20:00:00,-1.2592
2025-01-21 21:00:00,-1.2558
2025-01-21 22:00:00,-1.2455
2025-01-21 23:00:00,-1.2350
2025-01-22 00:00:00,-1.2239
2025-01-22 01:00:00,-1.2162
2025-01-22 02:00:00,-1.2144
2025-01-22 03:00:00,-1.2092
2025-01-22 04:00:00,-1.2062
2025-01-22 05:00:00,-1.2037
2025-01-22 06:00:00,-1.1992
2025-01-22 07:00:00,-1.1994
2025-01-22 08:00:00,-1.1989
2025-01-22 09:00:00,-1.2067
2025-01-22 10:00:00,-1.2073
2025-01-22 11:00:00,-1.2039
2025-01-22 12:00:00,-1.2016
2025-01-22 13:00:00,-1.1965
2025-01-22 14:00:00,-1.1966
2025-01-22 15:00:00,-1.1961
2025-01-22 16:00:00,-1.1993
2025-01-22 17:00:00,-1.1987
2025-01-22 18:00:00,-1.2038
2025-01-22 19:00:00,-1.2005
2025-01-22 20:00:00,-1.2018
2025-01-22 21:00:00,-1.2029
2025-01-22 22:00:00,-1.2039
2025-01-22 23:00:00,-1.2042
2025-01-23 00:00:00,-1.1913
2025-01-23 01:00:00,-1.1927
2025-01-23 02:00:00,-1.1943
2025-01-23 03:00:00,-1.1981
2025-01-23 04:00:00,-1.1989
2025-01-23 05:00:00,-1.2027
2025-01-23 06:00:00,-1.2062
2025-01-23 07:00:00,-1.2090
2025-01-23 08:00:00,-1.2112
2025-01-23 09:00:00,-1.2157
2025-01-23 10:00:00,-1.2139
2025-01-23 11:00:00,-1.2124
2025-01-23 12:00:00,-1.2093
2025-01-23 13:00:00,-1.2045
2025-01-23 14:00:00,-1.1999
2025-01-23 15:00:00,-1.1956
2025-01-23 16:00:00,-1.1912
2025-01-23 17:00:00,-1.1931
2025-01-23 18:00:00,-1.1931
2025-01-23 19:00:00,-1.1926
2025-01-23 20:00:00,-1.1910
2025-01-23 21:00:00,-1.1949
2025-01-23 22:00:00,-1.1973
2025-01-23 23:00:00,-1.2021
2025-01-24 00:00:00,-1.2068
2025-01-24 01:00:00,-1.2088
2025-01-24 02:00:00,-1.2130
2025-01-24 03:00:00,-1.2182
2025-01-24 04:00:00,-1.2221
2025-01-24 05:00:00,-1.2158
2025-01-24 06:00:00,-1.2151
2025-01-24 07:00:00,-1.2087
2025-01-24 08:00:00,-1.2166
2025-01-24 09:00:00,-1.2143
2025-01-24 10:00:00,-1.2194
2025-01-24 11:00:00,-1.2145
2025-01-24 12:00:00,-1.2100
2025-01-24 13:00:00,-1.2073
2025-01-24 14:00:00,-1.2032
2025-01-24 15:00:00,-1.2021
2025-01-24 16:00:00,-1.2066
2025-01-24 17:00:00,-1.2062
2025-01-24 18:00:00,-1.2085
2025-01-24 19:00:00,-1.2082
2025-01-24 20:00:00,-1.2020
2025-01-24 21:00:00,-1.1913
2025-01-24 22:00:00,-1.1826
2025-01-24 23:00:00,-1.1756
2025-01-25 00:00:00,-1.1657
2025-01-25 01:00:00,-1.1599
2025-01-25 02:00:00,-1.1397
2025-01-25 03:00:00,-1.1227
2025-01-25 04:00:00,-1.1076
2025-01-25 05:00:00,-1.0926
2025-01-25 06:00:00,-1.0858
2025-01-25 07:00:00,-1.0790
2025-01-25 08:00:00,-1.0743
2025-01-25 09:00:00,-1.0752
2025-01-25 10:00:00,-1.0697
2025-01-25 11:00:00,-1.0585
2025-01-25 12:00:00,-1.0471
2025-01-25 13:00:00,-1.0381
2025-01-25 14:00:00,-1.0254
2025-01-25 15:00:00,-1.0174
2025-01-25 16:00:00,-1.0111
2025-01-25 17:00:00,-1.0041
2025-01-25 18:00:00,-0.9985
2025-01-25 19:00:00,-0.9969
2025-01-25 20:00:00,-1.0005
2025-01-25 21:00:00,-0.9978
2025-01-25 22:00:00,-0.9969
2025-01-25 23:00:00,-1.0136
2025-01-26 00:00:00,-1.0386
2025-01-26 01:00:00,-1.0581
2025-01-26 02:00:00,-1.0772
2025-01-26 03:00:00,-1.1049
2025-01-26 04:00:00,-1.1281
2025-01-26 05:00:00,-1.1498
2025-01-26 06:00:00,-1.1660
2025-01-26 07:00:00,-1.1701
2025-01-26 08:00:00,-1.1817
2025-01-26 09:00:00,-1.1915
2025-01-26 10:00:00,-1.1971
2025-01-26 11:00:00,-1.2010
2025-01-26 12:00:00,-1.1960
2025-01-26 13:00:00,-1.1918
2025-01-26 14:00:00,-1.1933
2025-01-26 15:00:00,-1.1970
2025-01-26 16:00:00,-1.2000
2025-01-26 17:00:00,-1.1977
2025-01-26 18:00:00,-1.1940
2025-01-26 19:00:00,-1.1875
2025-01-26 20:00:00,-1.1893
2025-01-26 21:00:00,-1.1872
2025-01-26 22:00:00,-1.1818
2025-01-26 23:00:00,-1.1789
2025-01-27 00:00:00,-1.1751
2025-01-27 01:00:00,-1.1710
2025-01-27 02:00:00,-1.1667
2025-01-27 03:00:00,-1.1571
2025-01-27 04:00:00,-1.1448
2025-01-27 05:00:00,-1.1133
2025-01-27 06:00:00,-1.0353
2025-01-27 07:00:00,-0.9611
2025-01-27 08:00:00,-0.9466
2025-01-27 09:00:00,-0.9594
2025-01-27 10:00:00,-0.9655
2025-01-27 11:00:00,-0.9669
2025-01-27 12:00:00,-0.9739
2025-01-27 13:00:00,-0.9796
2025-01-27 14:00:00,-0.9818
2025-01-27 15:00:00,-0.9822
2025-01-27 16:00:00,-0.9873
2025-01-27 17:00:00,-0.9922
2025-01-27 18:00:00,-0.9976
2025-01-27 19:00:00,-1.0041
2025-01-27 20:00:00,-1.0081
2025-01-27 21:00:00,-1.0131
2025-01-27 22:00:00,-1.0172
2025-01-27 23:00:00,-1.0212
2025-01-28 00:00:00,-1.0239
2025-01-28 01:00:00,-1.0254
2025-01-28 02:00:00,-1.0259
2025-01-28 03:00:00,-1.0161
2025-01-28 04:00:00,-1.0012
2025-01-28 05:00:00,-0.9984
2025-01-28 06:00:00,-0.9939
2025-01-28 07:00:00,-0.9834
2025-01-28 08:00:00,-0.9794
2025-01-28 09:00:00,-0.9768
2025-01-28 10:00:00,-0.9728
2025-01-28 11:00:00,-0.9718
2025-01-28 12:00:00,-0.9722
2025-01-28 13:00:00,-0.9724
2025-01-28 14:00:00,-0.9706
2025-01-28 15:00:00,-0.9695
2025-01-28 16:00:00,-0.9638
2025-01-28 17:00:00,-0.9685
2025-01-28 18:00:00,-0.9716
2025-01-28 19:00:00,-0.9766
2025-01-28 20:00:00,-0.9849
2025-01-28 21:00:00,-0.9928
2025-01-28 22:00:00,-1.0003
2025-01-28 23:00:00,-1.0002
2025-01-29 00:00:00,-1.0031
2025-01-29 01:00:00,-0.9979
2025-01-29 02:00:00,-0.9948
2025-01-29 03:00:00,-0.9905
2025-01-29 04:00:00,-0.9828
2025-01-29 05:00:00,-0.9754
2025-01-29 06:00:00,-0.9723
2025-01-29 07:00:00,-0.9697
2025-01-29 08:00:00,-0.9691
2025-01-29 09:00:00,-0.9712
2025-01-29 10:00:00,-0.9713
2025-01-29 11:00:00,-0.9729
2025-01-29 12:00:00,-0.9716
2025-01-29 13:00:00,-0.9688
2025-01-29 14:00:00,-0.9756
2025-01-29 15:00:00,-0.9742
2025-01-29 16:00:00,-0.9727
2025-01-29 17:00:00,-0.9690
2025-01-29 18:00:00,-0.9688
2025-01-29 19:00:00,-0.9691
2025-01-29 20:00:00,-0.9680
2025-01-29 21:00:00,-0.9684
2025-01-29 22:00:00,-0.9701
2025-01-29 23:00:00,-0.9699
2025-01-30 00:00:00,-0.9663
2025-01-30 01:00:00,-0.9583
2025-01-30 02:00:00,-0.9523
2025-01-30 03:00:00,-0.9473
2025-01-30 04:00:00,-0.9440
2025-01-30 05:00:00,-0.9427
2025-01-30 06:00:00,-0.9418
2025-01-30 07:00:00,-0.9397
2025-01-30 08:00:00,-0.9384
2025-01-30 09:00:00,-0.9385
2025-01-30 10:00:00,-0.9385
2025-01-30 11:00:00,-0.9344
2025-01-30 12:00:00,-0.9333
2025-01-30 13:00:00,-0.9339
2025-01-30 14:00:00,-0.9308
2025-01-30 15:00:00,-0.9338
2025-01-30 16:00:00,-0.9300
2025-01-30 17:00:00,-0.9252
2025-01-30 18:00:00,-0.9273
2025-01-30 19:00:00,-0.9293
2025-01-30 20:00:00,-0.9327
2025-01-30 21:00:00,-0.9374
2025-01-30 22:00:00,-0.9408
2025-01-30 23:00:00,-0.9421
2025-01-31 00:00:00,-0.9484
2025-01-31 01:00:00,-0.9571
2025-01-31 02:00:00,-0.9585
2025-01-31 03:00:00,-0.9593
2025-01-31 04:00:00,-0.9589
2025-01-31 05:00:00,-0.9573
2025-01-31 06:00:00,-0.9528
2025-01-31 07:00:00,-0.9518
2025-01-31 08:00:00,-0.9543
2025-01-31 09:00:00,-0.9608
2025-01-31 10:00:00,-0.9668
2025-01-31 11:00:00,-0.9719
2025-01-31 12:00:00,-0.9744
2025-01-31 13:00:00,-0.9829
2025-01-31 14:00:00,-0.9888
2025-01-31 15:00:00,-0.9939
2025-01-31 16:00:00,-0.9991
2025-01-31 17:00:00,-1.0031
2025-01-31 18:00:00,-1.0096
2025-01-31 19:00:00,-1.0160
2025-01-31 20:00:00,-1.0141
2025-01-31 21:00:00,-1.0265
2025-01-31 22:00:00,-1.0348
2025-01-31 23:00:00,-1.0390
2025-02-01 00:00:00,-1.0414
2025-02-01 01:00:00,-1.0443
2025-02-01 02:00:00,-1.0420
2025-02-01 03:00:00,-1.0414
2025-02-01 04:00:00,-1.0375
2025-02-01 05:00:00,-1.0455
2025-02-01 06:00:00,-1.0434
2025-02-01 07:00:00,-1.0432
2025-02-01 08:00:00,-1.0409
2025-02-01 09:00:00,-1.0391
2025-02-01 10:00:00,-1.0458
2025-02-01 11:00:00,-1.0527
2025-02-01 12:00:00,-1.0587
2025-02-01 13:00:00,-1.0622
2025-02-01 14:00:00,-1.0646
2025-02-01 15:00:00,-1.0655
2025-02-01 16:00:00,-1.0669
2025-02-01 17:00:00,-1.0641
2025-02-01 18:00:00,-1.0605
2025-02-01 19:00:00,-1.0580
2025-02-01 20:00:00,-1.0536
2025-02-01 21:00:00,-1.0470
2025-02-01 22:00:00,-1.0524
2025-02-01 23:00:00,-1.0669
2025-02-02 00:00:00,-1.0802
2025-02-02 01:00:00,-1.0914
2025-02-02 02:00:00,-1.0993
2025-02-02 03:00:00,-1.1092
2025-02-02 04:00:00,-1.1158
2025-02-02 05:00:00,-1.1234
2025-02-02 06:00:00,-1.1205
2025-02-02 07:00:00,-1.1199
2025-02-02 08:00:00,-1.1143
2025-02-02 09:00:00,-1.1121
2025-02-02 10:00:00,-1.1217
2025-02-02 11:00:00,-1.1331
2025-02-02 12:00:00,-1.1411
2025-02-02 13:00:00,-1.1455
2025-02-02 14:00:00,-1.1511
2025-02-02 15:00:00,-1.1593
2025-02-02 16:00:00,-1.1673
2025-02-02 17:00:00,-1.1745
2025-02-02 18:00:00,-1.1830
2025-02-02 19:00:00,-1.1956
2025-02-02 20:00:00,-1.2046
2025-02-02 21:00:00,-1.2129
2025-02-02 22:00:00,-1.2181
2025-02-02 23:00:00,-1.2211
2025-02-03 00:00:00,-1.2290
2025-02-03 01:00:00,-1.2342
2025-02-03 02:00:00,-1.2325
2025-02-03 03:00:00,-1.2429
2025-02-03 04:00:00,-1.2482
2025-02-03 05:00:00,-1.2518
2025-02-03 06:00:00,-1.2497
2025-02-03 07:00:00,-1.2490
2025-02-03 08:00:00,-1.2485
2025-02-03 09:00:00,-1.2480
2025-02-03 10:00:00,-1.2486
2025-02-03 11:00:00,-1.2490
2025-02-03 12:00:00,-1.2464
2025-02-03 13:00:00,-1.2430
2025-02-03 14:00:00,-1.2405
2025-02-03 15:00:00,-1.2391
2025-02-03 16:00:00,-1.2408
2025-02-03 17:00:00,-1.2424
2025-02-03 18:00:00,-1.2448
2025-02-03 19:00:00,-1.2492
2025-02-03 20:00:00,-1.2539
2025-02-03 21:00:00,-1.2566
2025-02-03 22:00:00,-1.2569
2025-02-03 23:00:00,-1.2591
2025-02-04 00:00:00,-1.2622
2025-02-04 01:00:00,-1.2647
2025-02-04 02:00:00,-1.2674
2025-02-04 03:00:00,-1.2712
2025-02-04 04:00:00,-1.2681
2025-02-04 05:00:00,-1.2722
2025-02-04 06:00:00,-1.2734
2025-02-04 07:00:00,-1.2758
2025-02-04 08:00:00,-1.2770
2025-02-04 09:00:00,-1.2773
2025-02-04 10:00:00,-1.2755
2025-02-04 11:00:00,-1.2737
2025-02-04 12:00:00,-1.2718
2025-02-04 13:00:00,-1.2692
2025-02-04 14:00:00,-1.2672
2025-02-04 15:00:00,-1.2678
2025-02-04 16:00:00,-1.2679
2025-02-04 17:00:00,-1.2686
2025-02-04 18:00:00,-1.2706
2025-02-04 19:00:00,-1.2715
2025-02-04 20:00:00,-1.2698
2025-02-04 21:00:00,-1.2690
2025-02-04 22:00:00,-1.2678
2025-02-04 23:00:00,-1.2654
2025-02-05 00:00:00,-1.2647
2025-02-05 01:00:00,-1.2648
2025-02-05 02:00:00,-1.2662
2025-02-05 03:00:00,-1.2686
2025-02-05 04:00:00,-1.2729
2025-02-05 05:00:00,-1.2779
2025-02-05 06:00:00,-1.2831
2025-02-05 07:00:00,-1.2890
2025-02-05 08:00:00,-1.2940
2025-02-05 09:00:00,-1.2974
2025-02-05 10:00:00,-1.2994
2025-02-05 11:00:00,-1.2987
2025-02-05 12:00:00,-1.2956
2025-02-05 13:00:00,-1.2916
2025-02-05 14:00:00,-1.2880
2025-02-05 15:00:00,-1.2835
2025-02-05 16:00:00,-1.2813
2025-02-05 17:00:00,-1.2784
2025-02-05 18:00:00,-1.2750
2025-02-05 19:00:00,-1.2732
2025-02-05 20:00:00,-1.2704
2025-02-05 21:00:00,-1.2667
2025-02-05 22:00:00,-1.2606
2025-02-05 23:00:00,-1.2554
2025-02-06 00:00:00,-1.2505
2025-02-06 01:00:00,-1.2467
2025-02-06 02:00:00,-1.2436
2025-02-06 03:00:00,-1.2479
2025-02-06 04:00:00,-1.2525
2025-02-06 05:00:00,-1.2572
2025-02-06 06:00:00,-1.2585
2025-02-06 07:00:00,-1.2593
2025-02-06 08:00:00,-1.2593
2025-02-06 09:00:00,-1.2593
2025-02-06 10:00:00,-1.2557
2025-02-06 11:00:00,-1.2470
2025-02-06 12:00:00,-1.2386
2025-02-06 13:00:00,-1.2292
2025-02-06 14:00:00,-1.2207
2025-02-06 15:00:00,-1.2146
2025-02-06 16:00:00,-1.2089
2025-02-06 17:00:00,-1.2047
2025-02-06 18:00:00,-1.2066
2025-02-06 19:00:00,-1.2007
2025-02-06 20:00:00,-1.1967
2025-02-06 21:00:00,-1.1945
2025-02-06 22:00:00,-1.1979
2025-02-06 23:00:00,-1.1916
2025-02-07 00:00:00,-1.1968
2025-02-07 01:00:00,-1.1872
2025-02-07 02:00:00,-1.1829
2025-02-07 03:00:00,-1.1840
2025-02-07 04:00:00,-1.1863
2025-02-07 05:00:00,-1.1877
2025-02-07 06:00:00,-1.1936
2025-02-07 07:00:00,-1.1985
2025-02-07 08:00:00,-1.1979
2025-02-07 09:00:00,-1.2009
2025-02-07 10:00:00,-1.2029
2025-02-07 11:00:00,-1.2028
2025-02-07 12:00:00,-1.2000
2025-02-07 13:00:00,-1.1941
2025-02-07 14:00:00,-1.1918
2025-02-07 15:00:00,-1.1941
2025-02-07 16:00:00,-1.1955
2025-02-07 17:00:00,-1.1989
2025-02-07 18:00:00,-1.2043
2025-02-07 19:00:00,-1.2080
2025-02-07 20:00:00,-1.2145
2025-02-07 21:00:00,-1.2220
2025-02-07 22:00:00,-1.2223
2025-02-07 23:00:00,-1.2241
2025-02-08 00:00:00,-1.2249
2025-02-08 01:00:00,-1.2274
2025-02-08 02:00:00,-1.2253
2025-02-08 03:00:00,-1.2247
2025-02-08 04:00:00,-1.2252
2025-02-08 05:00:00,-1.2245
2025-02-08 06:00:00,-1.2244
2025-02-08 07:00:00,-1.2241
2025-02-08 08:00:00,-1.2231
2025-02-08 09:00:00,-1.2252
2025-02-08 10:00:00,-1.2220
2025-02-08 11:00:00,-1.2169
2025-02-08 12:00:00,-1.2144
2025-02-08 13:00:00,-1.2109
2025-02-08 14:00:00,-1.2046
2025-02-08 15:00:00,-1.2000
2025-02-08 16:00:00,-1.1980
2025-02-08 17:00:00,-1.2033
2025-02-08 18:00:00,-1.2066
2025-02-08 19:00:00,-1.2108
2025-02-08 20:00:00,-1.2144
2025-02-08 21:00:00,-1.2130
2025-02-08 22:00:00,-1.2107
2025-02-08 23:00:00,-1.2094
2025-02-09 00:00:00,-1.2070
2025-02-09 01:00:00,-1.2041
2025-02-09 02:00:00,-1.2001
2025-02-09 03:00:00,-1.2018
2025-02-09 04:00:00,-1.2006
2025-02-09 05:00:00,-1.2007
2025-02-09 06:00:00,-1.2016
2025-02-09 07:00:00,-1.2044
2025-02-09 08:00:00,-1.2100
2025-02-09 09:00:00,-1.2133
2025-02-09 10:00:00,-1.2158
2025-02-09 11:00:00,-1.2100
2025-02-09 12:00:00,-1.2051
2025-02-09 13:00:00,-1.2009
2025-02-09 14:00:00,-1.1966
2025-02-09 15:00:00,-1.1933
2025-02-09 16:00:00,-1.1924
2025-02-09 17:00:00,-1.1902
2025-02-09 18:00:00,-1.1911
2025-02-09 19:00:00,-1.1974
2025-02-09 20:00:00,-1.2017
2025-02-09 21:00:00,-1.2005
2025-02-09 22:00:00,-1.1998
2025-02-09 23:00:00,-1.1955
2025-02-10 00:00:00,-1.1899
2025-02-10 01:00:00,-1.1918
2025-02-10 02:00:00,-1.1892
2025-02-10 03:00:00,-1.1890
2025-02-10 04:00:00,-1.1891
2025-02-10 05:00:00,-1.1900
2025-02-10 06:00:00,-1.1894
2025-02-10 07:00:00,-1.1929
2025-02-10 08:00:00,-1.1955
2025-02-10 09:00:00,-1.2002
2025-02-10 10:00:00,-1.2068
2025-02-10 11:00:00,-1.2166
2025-02-10 12:00:00,-1.2183
2025-02-10 13:00:00,-1.2189
2025-02-10 14:00:00,-1.2158
2025-02-10 15:00:00,-1.2174
2025-02-10 16:00:00,-1.2240
2025-02-10 17:00:00,-1.2276
2025-02-10 18:00:00,-1.2274
2025-02-10 19:00:00,-1.2395
2025-02-10 20:00:00,-1.2492
2025-02-10 21:00:00,-1.2575
2025-02-10 22:00:00,-1.2615
2025-02-10 23:00:00,-1.2610
2025-02-11 00:00:00,-1.2602
2025-02-11 01:00:00,-1.2567
2025-02-11 02:00:00,-1.2520
2025-02-11 03:00:00,-1.2434
2025-02-11 04:00:00,-1.2379
2025-02-11 05:00:00,-1.2291
2025-02-11 06:00:00,-1.2226
2025-02-11 07:00:00,-1.2173
2025-02-11 08:00:00,-1.2127
2025-02-11 09:00:00,-1.2058
2025-02-11 10:00:00,-1.2051
2025-02-11 11:00:00,-1.2066
2025-02-11 12:00:00,-1.1988
2025-02-11 13:00:00,-1.1905
2025-02-11 14:00:00,-1.1888
2025-02-11 15:00:00,-1.1845
2025-02-11 16:00:00,-1.1817
2025-02-11 17:00:00,-1.1757
2025-02-11 18:00:00,-1.1797
2025-02-11 19:00:00,-1.1794
2025-02-11 20:00:00,-1.1765
2025-02-11 21:00:00,-1.1710
2025-02-11 22:00:00,-1.1697
2025-02-11 23:00:00,-1.1573
2025-02-12 00:00:00,-1.1474
2025-02-12 01:00:00,-1.1594
2025-02-12 02:00:00,-1.1310
2025-02-12 03:00:00,-1.1182
2025-02-12 04:00:00,-1.0888
2025-02-12 05:00:00,-1.0639
2025-02-12 06:00:00,-1.0411
2025-02-12 07:00:00,-1.0254
2025-02-12 08:00:00,-1.0179
2025-02-12 09:00:00,-1.0213
2025-02-12 10:00:00,-1.0308
2025-02-12 11:00:00,-1.0297
2025-02-12 12:00:00,-1.0268
2025-02-12 13:00:00,-1.0328
2025-02-12 14:00:00,-1.0302
2025-02-12 15:00:00,-1.0268
2025-02-12 16:00:00,-1.0325
2025-02-12 17:00:00,-1.0235
2025-02-12 18:00:00,-1.0184
2025-02-12 19:00:00,-1.0180
2025-02-12 20:00:00,-1.0185
2025-02-12 21:00:00,-1.0164
2025-02-12 22:00:00,-1.0149
2025-02-12 23:00:00,-1.0098
2025-02-13 00:00:00,-1.0095
2025-02-13 01:00:00,-1.0058
2025-02-13 02:00:00,-1.0053
2025-02-13 03:00:00,-1.0045
2025-02-13 04:00:00,-1.0014
2025-02-13 05:00:00,-1.0063
2025-02-13 06:00:00,-1.0120
2025-02-13 07:00:00,-1.0256
2025-02-13 08:00:00,-1.0341
2025-02-13 09:00:00,-1.0388
2025-02-13 10:00:00,-1.0404
2025-02-13 11:00:00,-1.0458
2025-02-13 12:00:00,-1.0408
2025-02-13 13:00:00,-1.0412
2025-02-13 14:00:00,-1.0422
2025-02-13 15:00:00,-1.0417
2025-02-13 16:00:00,-1.0411
2025-02-13 17:00:00,-1.0478
2025-02-13 18:00:00,-1.0520
2025-02-13 19:00:00,-1.0618
2025-02-13 20:00:00,-1.0677
2025-02-13 21:00:00,-1.0684
2025-02-13 22:00:00,-1.0737
2025-02-13 23:00:00,-1.0799
2025-02-14 00:00:00,-1.0832
2025-02-14 01:00:00,-1.0885
2025-02-14 02:00:00,-1.0919
2025-02-14 03:00:00,-1.0926
2025-02-14 04:00:00,-1.0865
2025-02-14 05:00:00,-1.0885
2025-02-14 06:00:00,-1.0914
2025-02-14 07:00:00,-1.0937
2025-02-14 08:00:00,-1.0967
2025-02-14 10:00:00,-1.1095
2025-02-14 11:00:00,-1.1149
2025-02-14 12:00:00,-1.1148
2025-02-14 13:00:00,-1.1115
2025-02-14 14:00:00,-1.1060
2025-02-14 15:00:00,-1.1044
2025-02-14 16:00:00,-1.1027
2025-02-14 17:00:00,-1.0999
2025-02-14 18:00:00,-1.1005
2025-02-14 19:00:00,-1.1068
2025-02-14 20:00:00,-1.1089
2025-02-14 21:00:00,-1.1270
2025-02-14 22:00:00,-1.1323
2025-02-14 23:00:00,-1.1310
2025-02-15 00:00:00,-1.1379
2025-02-15 01:00:00,-1.1467
2025-02-15 02:00:00,-1.1505
2025-02-15 03:00:00,-1.1510
2025-02-15 04:00:00,-1.1421
2025-02-15 05:00:00,-1.1417
2025-02-15 06:00:00,-1.1403
2025-02-15 07:00:00,-1.1391
2025-02-15 08:00:00,-1.1393
2025-02-15 09:00:00,-1.1315
2025-02-15 10:00:00,-1.1371
2025-02-15 11:00:00,-1.1435
2025-02-15 12:00:00,-1.1391
2025-02-15 13:00:00,-1.1394
2025-02-15 14:00:00,-1.1494
2025-02-15 15:00:00,-1.1537
2025-02-15 16:00:00,-1.1593
2025-02-15 17:00:00,-1.1625
2025-02-15 18:00:00,-1.1659
2025-02-15 19:00:00,-1.1700
2025-02-15 20:00:00,-1.1717
2025-02-15 21:00:00,-1.1718
2025-02-15 22:00:00,-1.1744
2025-02-15 23:00:00,-1.1833
2025-02-16 00:00:00,-1.1911
2025-02-16 01:00:00,-1.1941
2025-02-16 02:00:00,-1.2060
2025-02-16 03:00:00,-1.2152
2025-02-16 04:00:00,-1.2200
2025-02-16 05:00:00,-1.2243
2025-02-16 06:00:00,-1.2258
2025-02-16 07:00:00,-1.2240
2025-02-16 08:00:00,-1.2273
2025-02-16 09:00:00,-1.2258
2025-02-16 10:00:00,-1.2232
2025-02-16 11:00:00,-1.2234
2025-02-16 12:00:00,-1.2273
2025-02-16 13:00:00,-1.2292
2025-02-16 14:00:00,-1.2331
2025-02-16 15:00:00,-1.2356
2025-02-16 16:00:00,-1.2381
2025-02-16 17:00:00,-1.2441
2025-02-16 18:00:00,-1.2515
2025-02-16 19:00:00,-1.2569
2025-02-16 20:00:00,-1.2590
2025-02-16 21:00:00,-1.2619
2025-02-16 22:00:00,-1.2660
2025-02-16 23:00:00,-1.2669
2025-02-17 00:00:00,-1.2670
2025-02-17 01:00:00,-1.2679
2025-02-17 02:00:00,-1.2680
2025-02-17 03:00:00,-1.2715
2025-02-17 04:00:00,-1.2724
2025-02-17 05:00:00,-1.2714
2025-02-17 06:00:00,-1.2689
2025-02-17 07:00:00,-1.2647
2025-02-17 08:00:00,-1.2608
2025-02-17 09:00:00,-1.2555
2025-02-17 10:00:00,-1.2525
2025-02-17 11:00:00,-1.2506
2025-02-17 12:00:00,-1.2488
2025-02-17 13:00:00,-1.2476
2025-02-17 14:00:00,-1.2562
2025-02-17 15:00:00,-1.2495
2025-02-17 16:00:00,-1.2553
2025-02-17 17:00:00,-1.2565
2025-02-17 18:00:00,-1.2648
2025-02-17 19:00:00,-1.2759
2025-02-17 20:00:00,-1.2818
2025-02-17 21:00:00,-1.2874
2025-02-17 22:00:00,-1.2888
2025-02-17 23:00:00,-1.2947
2025-02-18 00:00:00,-1.2983
2025-02-18 01:00:00,-1.3050
2025-02-18 02:00:00,-1.3093
2025-02-18 03:00:00,-1.3117
2025-02-18 04:00:00,-1.3122
2025-02-18 05:00:00,-1.3109
2025-02-18 06:00:00,-1.3081
2025-02-18 07:00:00,-1.3042
2025-02-18 08:00:00,-1.3099
2025-02-18 10:00:00,-1.3032
2025-02-18 11:00:00,-1.2960
2025-02-18 12:00:00,-1.2922
2025-02-18 13:00:00,-1.2880
2025-02-18 14:00:00,-1.2868
2025-02-18 15:00:00,-1.2843
2025-02-18 16:00:00,-1.2876
2025-02-18 17:00:00,-1.2911
2025-02-18 18:00:00,-1.2915
2025-02-18 19:00:00,-1.2943
2025-02-18 20:00:00,-1.2961
2025-02-18 21:00:00,-1.3012
2025-02-18 22:00:00,-1.3071
2025-02-18 23:00:00,-1.3077
2025-02-19 00:00:00,-1.3137
2025-02-19 01:00:00,-1.3147
2025-02-19 02:00:00,-1.3159
2025-02-19 03:00:00,-1.3172
2025-02-19 04:00:00,-1.3160
2025-02-19 05:00:00,-1.3123
2025-02-19 06:00:00,-1.3094
2025-02-19 07:00:00,-1.3106
2025-02-19 08:00:00,-1.3089
2025-02-19 09:00:00,-1.3066
2025-02-19 10:00:00,-1.3027
2025-02-19 11:00:00,-1.2957
2025-02-19 12:00:00,-1.2976
2025-02-19 13:00:00,-1.2853
2025-02-19 14:00:00,-1.2810
2025-02-19 15:00:00,-1.2785
2025-02-19 16:00:00,-1.2758
2025-02-19 17:00:00,-1.2724
2025-02-19 18:00:00,-1.2742
2025-02-19 19:00:00,-1.2682
2025-02-19 20:00:00,-1.2651
2025-02-19 21:00:00,-1.2668
2025-02-19 22:00:00,-1.2599
2025-02-19 23:00:00,-1.2519
2025-02-20 00:00:00,-1.2486
2025-02-20 01:00:00,-1.2441
2025-02-20 02:00:00,-1.2477
2025-02-20 03:00:00,-1.2393
2025-02-20 04:00:00,-1.2382
2025-02-20 05:00:00,-1.2327
2025-02-20 06:00:00,-1.2307
2025-02-20 07:00:00,-1.2393
2025-02-20 08:00:00,-1.2375
2025-02-20 09:00:00,-1.2277
2025-02-20 10:00:00,-1.2230
2025-02-20 11:00:00,-1.2175
2025-02-20 12:00:00,-1.2192
2025-02-20 13:00:00,-1.2112
2025-02-20 14:00:00,-1.2080
2025-02-20 15:00:00,-1.2113
2025-02-20 16:00:00,-1.2165
2025-02-20 17:00:00,-1.2216
2025-02-20 18:00:00,-1.2231
2025-02-20 19:00:00,-1.2246
2025-02-20 20:00:00,-1.2246
2025-02-20 21:00:00,-1.2225
2025-02-20 22:00:00,-1.2201
2025-02-20 23:00:00,-1.2179
2025-02-21 00:00:00,-1.2196
2025-02-21 01:00:00,-1.2229
2025-02-21 02:00:00,-1.2232
2025-02-21 03:00:00,-1.2323
2025-02-21 04:00:00,-1.2397
2025-02-21 05:00:00,-1.2471
2025-02-21 06:00:00,-1.2549
2025-02-21 07:00:00,-1.2594
2025-02-21 08:00:00,-1.2640
2025-02-21 09:00:00,-1.2636
2025-02-21 10:00:00,-1.2640
2025-02-21 11:00:00,-1.2592
2025-02-21 12:00:00,-1.2493
2025-02-21 13:00:00,-1.2371
2025-02-21 14:00:00,-1.2293
2025-02-21 15:00:00,-1.2229
2025-02-21 16:00:00,-1.2184
2025-02-21 17:00:00,-1.2145
2025-02-21 18:00:00,-1.2151
2025-02-21 19:00:00,-1.2165
2025-02-21 20:00:00,-1.2152
2025-02-21 21:00:00,-1.2112
2025-02-21 22:00:00,-1.2058
2025-02-21 23:00:00,-1.2018
2025-02-22 00:00:00,-1.1995
2025-02-22 01:00:00,-1.1934
2025-02-22 02:00:00,-1.1925
2025-02-22 03:00:00,-1.1915
2025-02-22 04:00:00,-1.1823
2025-02-22 05:00:00,-1.2067
2025-02-22 06:00:00,-1.1884
2025-02-22 07:00:00,-1.1804
2025-02-22 08:00:00,-1.1807
2025-02-22 09:00:00,-1.1800
2025-02-22 10:00:00,-1.1767
2025-02-22 11:00:00,-1.1773
2025-02-22 12:00:00,-1.1780
2025-02-22 13:00:00,-1.1768
2025-02-22 14:00:00,-1.1789
2025-02-22 15:00:00,-1.1793
2025-02-22 16:00:00,-1.1811
2025-02-22 17:00:00,-1.1923
2025-02-22 18:00:00,-1.1915
2025-02-22 19:00:00,-1.1954
2025-02-22 20:00:00,-1.2010
2025-02-22 21:00:00,-1.2056
2025-02-22 22:00:00,-1.2092
2025-02-22 23:00:00,-1.2146
2025-02-23 00:00:00,-1.2264
2025-02-23 01:00:00,-1.2346
2025-02-23 02:00:00,-1.2402
2025-02-23 03:00:00,-1.2460
2025-02-23 04:00:00,-1.2582
2025-02-23 05:00:00,-1.2699
2025-02-23 06:00:00,-1.2730
2025-02-23 07:00:00,-1.2780
2025-02-23 08:00:00,-1.2871
2025-02-23 09:00:00,-1.2789
2025-02-23 10:00:00,-1.2975
2025-02-23 11:00:00,-1.2986
2025-02-23 12:00:00,-1.2975
2025-02-23 13:00:00,-1.2948
2025-02-23 14:00:00,-1.2932
2025-02-23 15:00:00,-1.2893
2025-02-23 16:00:00,-1.2897
2025-02-23 17:00:00,-1.2962
2025-02-23 18:00:00,-1.2997
2025-02-23 19:00:00,-1.3028
2025-02-23 20:00:00,-1.3052
2025-02-23 21:00:00,-1.3015
2025-02-23 22:00:00,-1.2988
2025-02-23 23:00:00,-1.2982
2025-02-24 00:00:00,-1.2982
2025-02-24 01:00:00,-1.2948
2025-02-24 02:00:00,-1.2886
2025-02-24 03:00:00,-1.2914
2025-02-24 04:00:00,-1.2937
2025-02-24 05:00:00,-1.2950
2025-02-24 06:00:00,-1.2980
2025-02-24 07:00:00,-1.3028
2025-02-24 08:00:00,-1.3050
2025-02-24 09:00:00,-1.3022
2025-02-24 10:00:00,-1.3032
2025-02-24 11:00:00,-1.3026
2025-02-24 12:00:00,-1.3048
2025-02-24 13:00:00,-1.3049
2025-02-24 14:00:00,-1.3026
2025-02-24 15:00:00,-1.2984
2025-02-24 16:00:00,-1.2941
2025-02-24 17:00:00,-1.2886
2025-02-24 18:00:00,-1.2928
2025-02-24 19:00:00,-1.2936
2025-02-24 20:00:00,-1.2843
2025-02-24 21:00:00,-1.2737
2025-02-24 22:00:00,-1.2638
2025-02-24 23:00:00,-1.2571
2025-02-25 00:00:00,-1.2560
2025-02-25 01:00:00,-1.2460
2025-02-25 02:00:00,-1.2427
2025-02-25 03:00:00,-1.2454
2025-02-25 04:00:00,-1.2407
2025-02-25 05:00:00,-1.2261
2025-02-25 06:00:00,-1.2203
2025-02-25 07:00:00,-1.2167
2025-02-25 08:00:00,-1.2163
2025-02-25 09:00:00,-1.2143
2025-02-25 10:00:00,-1.2212
2025-02-25 11:00:00,-1.2200
2025-02-25 12:00:00,-1.2184
2025-02-25 13:00:00,-1.2169
2025-02-25 14:00:00,-1.2160
2025-02-25 15:00:00,-1.2160
2025-02-25 16:00:00,-1.2292
2025-02-25 17:00:00,-1.2331
2025-02-25 18:00:00,-1.2338
2025-02-25 19:00:00,-1.2344
2025-02-25 20:00:00,-1.2396
2025-02-25 21:00:00,-1.2413
2025-02-25 22:00:00,-1.2400
2025-02-25 23:00:00,-1.2324
2025-02-26 00:00:00,-1.2348
2025-02-26 01:00:00,-1.2381
2025-02-26 02:00:00,-1.2354
2025-02-26 03:00:00,-1.2333
2025-02-26 04:00:00,-1.2321
2025-02-26 05:00:00,-1.2388
2025-02-26 06:00:00,-1.2389
2025-02-26 07:00:00,-1.2428
2025-02-26 08:00:00,-1.2414
2025-02-26 09:00:00,-1.2428
2025-02-26 10:00:00,-1.2404
2025-02-26 11:00:00,-1.2303
2025-02-26 12:00:00,-1.2232
2025-02-26 13:00:00,-1.2304
2025-02-26 14:00:00,-1.2274
2025-02-26 15:00:00,-1.2194
2025-02-26 16:00:00,-1.2224
2025-02-26 17:00:00,-1.2229
2025-02-26 18:00:00,-1.2328
2025-02-26 19:00:00,-1.2319
2025-02-26 20:00:00,-1.2298
2025-02-26 21:00:00,-1.2292
2025-02-26 22:00:00,-1.2281
2025-02-26 23:00:00,-1.2337
2025-02-27 00:00:00,-1.2347
2025-02-27 01:00:00,-1.2339
2025-02-27 02:00:00,-1.2301
2025-02-27 03:00:00,-1.2276
2025-02-27 04:00:00,-1.2226
2025-02-27 05:00:00,-1.2172
2025-02-27 06:00:00,-1.2070
2025-02-27 07:00:00,-1.1981
2025-02-27 08:00:00,-1.1931
2025-02-27 09:00:00,-1.1886
2025-02-27 10:00:00,-1.1835
2025-02-27 11:00:00,-1.1809
2025-02-27 12:00:00,-1.1823
2025-02-27 13:00:00,-1.1809
2025-02-27 14:00:00,-1.1751
2025-02-27 15:00:00,-1.1718
2025-02-27 16:00:00,-1.1696
2025-02-27 17:00:00,-1.1723
2025-02-27 18:00:00,-1.1707
2025-02-27 19:00:00,-1.1661
2025-02-27 20:00:00,-1.1389
2025-02-27 21:00:00,-1.1198
2025-02-27 22:00:00,-1.1091
2025-02-27 23:00:00,-1.1055
2025-02-28 00:00:00,-1.0966
2025-02-28 01:00:00,-1.0839
2025-02-28 02:00:00,-1.0806
2025-02-28 03:00:00,-1.0761
2025-02-28 04:00:00,-1.0756
2025-02-28 05:00:00,-1.0733
2025-02-28 06:00:00,-1.0737
2025-02-28 07:00:00,-1.0855
2025-02-28 08:00:00,-1.0759
2025-02-28 09:00:00,-1.0709
2025-02-28 10:00:00,-1.0705
2025-02-28 11:00:00,-1.0698
2025-02-28 12:00:00,-1.0712
2025-02-28 13:00:00,-1.0655
2025-02-28 14:00:00,-1.0633
2025-02-28 15:00:00,-1.0650
2025-02-28 16:00:00,-1.0656
2025-02-28 17:00:00,-1.0717
2025-02-28 18:00:00,-1.0759
2025-02-28 19:00:00,-1.0806
2025-02-28 20:00:00,-1.0848
2025-02-28 21:00:00,-1.0872
2025-02-28 22:00:00,-1.0971
2025-02-28 23:00:00,-1.1011
2025-03-01 00:00:00,-1.1069
2025-03-01 01:00:00,-1.1084
2025-03-01 02:00:00,-1.1105
2025-03-01 03:00:00,-1.1027
2025-03-01 04:00:00,-1.1001
2025-03-01 05:00:00,-1.0947
2025-03-01 06:00:00,-1.0905
2025-03-01 07:00:00,-1.0862
2025-03-01 08:00:00,-1.0878
2025-03-01 09:00:00,-1.0886
2025-03-01 10:00:00,-1.0940
2025-03-01 11:00:00,-1.0931
2025-03-01 12:00:00,-1.0888
2025-03-01 13:00:00,-1.0810
2025-03-01 14:00:00,-1.0730
2025-03-01 15:00:00,-1.0729
2025-03-01 16:00:00,-1.0735
2025-03-01 17:00:00,-1.0906
2025-03-01 18:00:00,-1.0974
2025-03-01 19:00:00,-1.0978
2025-03-01 20:00:00,-1.0965
2025-03-01 21:00:00,-1.0947
2025-03-01 22:00:00,-1.0958
2025-03-01 23:00:00,-1.0993
2025-03-02 00:00:00,-1.1127
2025-03-02 01:00:00,-1.1253
2025-03-02 02:00:00,-1.1455
2025-03-02 03:00:00,-1.1474
2025-03-02 04:00:00,-1.1519
2025-03-02 05:00:00,-1.1517
2025-03-02 06:00:00,-1.1529
2025-03-02 07:00:00,-1.1503
2025-03-02 08:00:00,-1.1499
2025-03-02 09:00:00,-1.1555
2025-03-02 10:00:00,-1.1585
2025-03-02 11:00:00,-1.1665
2025-03-02 12:00:00,-1.1667
2025-03-02 13:00:00,-1.1756
2025-03-02 14:00:00,-1.1863
2025-03-02 15:00:00,-1.1924
2025-03-02 16:00:00,-1.1934
2025-03-02 17:00:00,-1.1953
2025-03-02 18:00:00,-1.1982
2025-03-02 19:00:00,-1.2013
2025-03-02 20:00:00,-1.2023
2025-03-02 21:00:00,-1.2059
2025-03-02 22:00:00,-1.2093
2025-03-02 23:00:00,-1.2153
2025-03-03 00:00:00,-1.2197
2025-03-03 01:00:00,-1.2241
2025-03-03 02:00:00,-1.2285
2025-03-03 03:00:00,-1.2307
2025-03-03 04:00:00,-1.2394
2025-03-03 05:00:00,-1.2416
2025-03-03 06:00:00,-1.2437
2025-03-03 07:00:00,-1.2416
2025-03-03 08:00:00,-1.2415
2025-03-03 09:00:00,-1.2405
2025-03-03 10:00:00,-1.2389
2025-03-03 11:00:00,-1.2392
2025-03-03 12:00:00,-1.2363
2025-03-03 13:00:00,-1.2354
2025-03-03 14:00:00,-1.2405
2025-03-03 15:00:00,-1.2360
2025-03-03 16:00:00,-1.2394
2025-03-03 17:00:00,-1.2402
2025-03-03 18:00:00,-1.2419
2025-03-03 19:00:00,-1.2435
2025-03-03 20:00:00,-1.2421
2025-03-03 21:00:00,-1.2396
2025-03-03 22:00:00,-1.2403
2025-03-03 23:00:00,-1.2368
2025-03-04 00:00:00,-1.2394
2025-03-04 01:00:00,-1.2359
2025-03-04 02:00:00,-1.2369
2025-03-04 03:00:00,-1.2326
2025-03-04 04:00:00,-1.2283
2025-03-04 05:00:00,-1.2199
2025-03-04 06:00:00,-1.2132
2025-03-04 07:00:00,-1.1995
2025-03-04 08:00:00,-1.1923
2025-03-04 09:00:00,-1.1918
2025-03-04 10:00:00,-1.1892
2025-03-04 11:00:00,-1.1844
2025-03-04 12:00:00,-1.1728
2025-03-04 13:00:00,-1.1680
2025-03-04 14:00:00,-1.1536
2025-03-04 15:00:00,-1.1401
2025-03-04 16:00:00,-1.1355
2025-03-04 17:00:00,-1.1277
2025-03-04 18:00:00,-1.1180
2025-03-04 19:00:00,-1.1177
2025-03-04 20:00:00,-1.1178
2025-03-04 21:00:00,-1.1258
2025-03-04 22:00:00,-1.1362
2025-03-04 23:00:00,-1.1480
2025-03-05 00:00:00,-1.1611
2025-03-05 01:00:00,-1.1720
2025-03-05 02:00:00,-1.1858
2025-03-05 03:00:00,-1.2072
2025-03-05 04:00:00,-1.2198
2025-03-05 05:00:00,-1.2305
2025-03-05 06:00:00,-1.2449
2025-03-05 07:00:00,-1.2539
2025-03-05 08:00:00,-1.2579
2025-03-05 09:00:00,-1.2587
2025-03-05 10:00:00,-1.2566
2025-03-05 11:00:00,-1.2529
2025-03-05 12:00:00,-1.2497
2025-03-05 13:00:00,-1.2439
2025-03-05 14:00:00,-1.2376
2025-03-05 15:00:00,-1.2353
2025-03-05 16:00:00,-1.2366
2025-03-05 17:00:00,-1.2359
2025-03-05 18:00:00,-1.2352
2025-03-05 19:00:00,-1.2364
2025-03-05 20:00:00,-1.2362
2025-03-05 21:00:00,-1.2324
2025-03-05 22:00:00,-1.2403
2025-03-05 23:00:00,-1.2388
2025-03-06 00:00:00,-1.2442
2025-03-06 01:00:00,-1.2522
2025-03-06 02:00:00,-1.2613
2025-03-06 03:00:00,-1.2624
2025-03-06 04:00:00,-1.2711
2025-03-06 05:00:00,-1.2732
2025-03-06 06:00:00,-1.2738
2025-03-06 07:00:00,-1.2789
2025-03-06 08:00:00,-1.2850
2025-03-06 10:00:00,-1.2860
2025-03-06 11:00:00,-1.2820
2025-03-06 12:00:00,-1.2839
2025-03-06 13:00:00,-1.2839
2025-03-06 14:00:00,-1.2850
2025-03-06 15:00:00,-1.2839
2025-03-06 16:00:00,-1.2895
2025-03-06 17:00:00,-1.2872
2025-03-06 18:00:00,-1.2910
2025-03-06 19:00:00,-1.2954
2025-03-06 20:00:00,-1.2898
2025-03-06 21:00:00,-1.2949
2025-03-06 22:00:00,-1.2995
2025-03-06 23:00:00,-1.3022
2025-03-07 00:00:00,-1.3033
2025-03-07 01:00:00,-1.3066
2025-03-07 02:00:00,-1.3076
2025-03-07 03:00:00,-1.3100
2025-03-07 04:00:00,-1.3117
2025-03-07 05:00:00,-1.3093
2025-03-07 06:00:00,-1.3105
2025-03-07 07:00:00,-1.3077
2025-03-07 08:00:00,-1.3039
2025-03-07 09:00:00,-1.2966
2025-03-07 10:00:00,-1.2870
2025-03-07 11:00:00,-1.2801
2025-03-07 12:00:00,-1.2745
2025-03-07 13:00:00,-1.2703
2025-03-07 14:00:00,-1.2695
2025-03-07 15:00:00,-1.2700
2025-03-07 16:00:00,-1.2747
2025-03-07 17:00:00,-1.2833
2025-03-07 18:00:00,-1.2897
2025-03-07 19:00:00,-1.2914
2025-03-07 20:00:00,-1.2897
2025-03-07 21:00:00,-1.2850
2025-03-07 22:00:00,-1.2825
2025-03-07 23:00:00,-1.2847
2025-03-08 00:00:00,-1.2745
2025-03-08 01:00:00,-1.2666
2025-03-08 02:00:00,-1.2609
2025-03-08 03:00:00,-1.2667
2025-03-08 04:00:00,-1.2616
2025-03-08 05:00:00,-1.2505
2025-03-08 06:00:00,-1.2378
2025-03-08 07:00:00,-1.2483
2025-03-08 08:00:00,-1.2422
2025-03-08 09:00:00,-1.2338
2025-03-08 10:00:00,-1.2205
2025-03-08 11:00:00,-1.2116
2025-03-08 12:00:00,-1.2061
2025-03-08 13:00:00,-1.2009
2025-03-08 14:00:00,-1.1878
2025-03-08 15:00:00,-1.1834
2025-03-08 16:00:00,-1.1844
2025-03-08 17:00:00,-1.1902
2025-03-08 18:00:00,-1.1849
2025-03-08 19:00:00,-1.1841
2025-03-08 20:00:00,-1.1889
2025-03-08 21:00:00,-1.1896
2025-03-08 22:00:00,-1.1878
2025-03-08 23:00:00,-1.1847
2025-03-09 00:00:00,-1.1844
2025-03-09 01:00:00,-1.1830
2025-03-09 02:00:00,-1.1824
2025-03-09 03:00:00,-1.1971
2025-03-09 04:00:00,-1.2047
2025-03-09 05:00:00,-1.2059
2025-03-09 06:00:00,-1.2177
2025-03-09 07:00:00,-1.2255
2025-03-09 08:00:00,-1.2396
2025-03-09 09:00:00,-1.2411
2025-03-09 10:00:00,-1.2394
2025-03-09 11:00:00,-1.2399
2025-03-09 12:00:00,-1.2383
2025-03-09 13:00:00,-1.2403
2025-03-09 14:00:00,-1.2475
2025-03-09 15:00:00,-1.2553
2025-03-09 16:00:00,-1.2588
2025-03-09 17:00:00,-1.2622
2025-03-09 18:00:00,-1.2686
2025-03-09 19:00:00,-1.2709
2025-03-09 20:00:00,-1.2754
2025-03-09 21:00:00,-1.2782
2025-03-09 22:00:00,-1.2775
2025-03-09 23:00:00,-1.2754
2025-03-10 00:00:00,-1.2733
2025-03-10 01:00:00,-1.2702
2025-03-10 02:00:00,-1.2645
2025-03-10 03:00:00,-1.2582
2025-03-10 04:00:00,-1.2608
2025-03-10 05:00:00,-1.2650
2025-03-10 06:00:00,-1.2719
2025-03-10 07:00:00,-1.2776
2025-03-10 08:00:00,-1.2823
2025-03-10 09:00:00,-1.2805
2025-03-10 10:00:00,-1.2761
2025-03-10 11:00:00,-1.2731
2025-03-10 12:00:00,-1.2614
2025-03-10 13:00:00,-1.2639
2025-03-10 14:00:00,-1.2592
2025-03-10 15:00:00,-1.2469
2025-03-10 16:00:00,-1.2457
2025-03-10 17:00:00,-1.2402
2025-03-10 18:00:00,-1.2409
2025-03-10 19:00:00,-1.2325
2025-03-10 20:00:00,-1.2290
2025-03-10 21:00:00,-1.2348
2025-03-10 22:00:00,-1.2263
2025-03-10 23:00:00,-1.2262
2025-03-11 00:00:00,-1.2326
2025-03-11 01:00:00,-1.2314
2025-03-11 02:00:00,-1.2119
2025-03-11 03:00:00,-1.2072
2025-03-11 04:00:00,-1.1981
2025-03-11 05:00:00,-1.1986
2025-03-11 06:00:00,-1.1957
2025-03-11 07:00:00,-1.1868
2025-03-11 08:00:00,-1.1885
2025-03-11 09:00:00,-1.1793
2025-03-11 10:00:00,-1.1747
2025-03-11 11:00:00,-1.1740
2025-03-11 12:00:00,-1.1668
2025-03-11 13:00:00,-1.1590
2025-03-11 14:00:00,-1.1536
2025-03-11 15:00:00,-1.1507
2025-03-11 16:00:00,-1.1599
2025-03-11 17:00:00,-1.1539
2025-03-11 18:00:00,-1.1552
2025-03-11 19:00:00,-1.1556
2025-03-11 20:00:00,-1.1524
2025-03-11 21:00:00,-1.1535
2025-03-11 22:00:00,-1.1489
2025-03-11 23:00:00,-1.1459
2025-03-12 00:00:00,-1.1401
2025-03-12 01:00:00,-1.1300
2025-03-12 02:00:00,-1.1261
2025-03-12 03:00:00,-1.1261
2025-03-12 04:00:00,-1.1229
2025-03-12 05:00:00,-1.1186
2025-03-12 06:00:00,-1.1191
2025-03-12 07:00:00,-1.1246
2025-03-12 08:00:00,-1.1257
2025-03-12 09:00:00,-1.1165
2025-03-12 10:00:00,-1.1109
2025-03-12 11:00:00,-1.1104
2025-03-12 12:00:00,-1.1122
2025-03-12 13:00:00,-1.1145
2025-03-12 14:00:00,-1.1163
2025-03-12 15:00:00,-1.1264
2025-03-12 16:00:00,-1.1291
2025-03-12 17:00:00,-1.1307
2025-03-12 18:00:00,-1.1392
2025-03-12 19:00:00,-1.1506
2025-03-12 20:00:00,-1.1606
2025-03-12 21:00:00,-1.1670
2025-03-12 22:00:00,-1.1746
2025-03-12 23:00:00,-1.1693
2025-03-13 00:00:00,-1.1790
2025-03-13 01:00:00,-1.1799
2025-03-13 02:00:00,-1.1814
2025-03-13 03:00:00,-1.1832
2025-03-13 04:00:00,-1.1776
2025-03-13 05:00:00,-1.1767
2025-03-13 06:00:00,-1.1775
2025-03-13 07:00:00,-1.1792
2025-03-13 08:00:00,-1.1752
2025-03-13 09:00:00,-1.1803
2025-03-13 10:00:00,-1.1793
2025-03-13 11:00:00,-1.1747
2025-03-13 12:00:00,-1.1733
2025-03-13 13:00:00,-1.1748
2025-03-13 14:00:00,-1.1730
2025-03-13 15:00:00,-1.1774
2025-03-13 16:00:00,-1.1757
2025-03-13 17:00:00,-1.1682
2025-03-13 18:00:00,-1.1778
2025-03-13 19:00:00,-1.1830
2025-03-13 20:00:00,-1.1790
2025-03-13 21:00:00,-1.1803
2025-03-13 22:00:00,-1.1782
2025-03-13 23:00:00,-1.1799
2025-03-14 00:00:00,-1.1812
2025-03-14 01:00:00,-1.1807
2025-03-14 02:00:00,-1.1819
2025-03-14 03:00:00,-1.1890
2025-03-14 04:00:00,-1.1794
2025-03-14 05:00:00,-1.1781
2025-03-14 06:00:00,-1.1809
2025-03-14 07:00:00,-1.1826
2025-03-14 08:00:00,-1.1875
2025-03-14 09:00:00,-1.1903
2025-03-14 10:00:00,-1.1875
2025-03-14 11:00:00,-1.1873
2025-03-14 12:00:00,-1.1875
2025-03-14 13:00:00,-1.1823
2025-03-14 14:00:00,-1.1840
2025-03-14 15:00:00,-1.1825
2025-03-14 16:00:00,-1.1803
2025-03-14 17:00:00,-1.1832
2025-03-14 18:00:00,-1.1876
2025-03-14 19:00:00,-1.1934
2025-03-14 20:00:00,-1.1992
2025-03-14 21:00:00,-1.2019
2025-03-14 22:00:00,-1.2058
2025-03-14 23:00:00,-1.2132
2025-03-15 00:00:00,-1.2144
2025-03-15 01:00:00,-1.2197
2025-03-15 02:00:00,-1.2219
2025-03-15 03:00:00,-1.2217
2025-03-15 04:00:00,-1.2176
2025-03-15 05:00:00,-1.2210
2025-03-15 06:00:00,-1.2337
2025-03-15 07:00:00,-1.2321
2025-03-15 08:00:00,-1.2337
2025-03-15 09:00:00,-1.2317
2025-03-15 10:00:00,-1.2325
2025-03-15 11:00:00,-1.2389
2025-03-15 12:00:00,-1.2399
2025-03-15 13:00:00,-1.2379
2025-03-15 14:00:00,-1.2414
2025-03-15 15:00:00,-1.2375
2025-03-15 16:00:00,-1.2345
2025-03-15 17:00:00,-1.2361
2025-03-15 18:00:00,-1.2364
2025-03-15 19:00:00,-1.2412
2025-03-15 20:00:00,-1.2434
2025-03-15 21:00:00,-1.2432
2025-03-15 22:00:00,-1.2478
2025-03-15 23:00:00,-1.2528
2025-03-16 00:00:00,-1.2589
2025-03-16 01:00:00,-1.2650
2025-03-16 02:00:00,-1.2668
2025-03-16 03:00:00,-1.2664
2025-03-16 04:00:00,-1.2675
2025-03-16 05:00:00,-1.2682
2025-03-16 06:00:00,-1.2660
2025-03-16 07:00:00,-1.2589
2025-03-16 08:00:00,-1.2607
2025-03-16 09:00:00,-1.2580
2025-03-16 10:00:00,-1.2623
2025-03-16 11:00:00,-1.2612
2025-03-16 12:00:00,-1.2612
2025-03-16 13:00:00,-1.2642
2025-03-16 14:00:00,-1.2731
2025-03-16 15:00:00,-1.2686
2025-03-16 16:00:00,-1.2665
2025-03-16 17:00:00,-1.2600
2025-03-16 18:00:00,-1.2607
2025-03-16 19:00:00,-1.2592
2025-03-16 20:00:00,-1.2571
2025-03-16 21:00:00,-1.2532
2025-03-16 22:00:00,-1.2557
2025-03-16 23:00:00,-1.2534
2025-03-17 00:00:00,-1.2493
2025-03-17 01:00:00,-1.2373
2025-03-17 02:00:00,-1.2369
2025-03-17 03:00:00,-1.2315
2025-03-17 04:00:00,-1.2266
2025-03-17 05:00:00,-1.2303
2025-03-17 06:00:00,-1.2291
2025-03-17 07:00:00,-1.2272
2025-03-17 08:00:00,-1.2282
2025-03-17 09:00:00,-1.2193
2025-03-17 10:00:00,-1.2148
2025-03-17 11:00:00,-1.2122
2025-03-17 12:00:00,-1.2097
2025-03-17 13:00:00,-1.2157
2025-03-17 14:00:00,-1.2173
2025-03-17 15:00:00,-1.2150
2025-03-17 16:00:00,-1.2176
2025-03-17 17:00:00,-1.2171
2025-03-17 18:00:00,-1.2166
2025-03-17 19:00:00,-1.2138
2025-03-17 20:00:00,-1.2126
2025-03-17 21:00:00,-1.2134
2025-03-17 22:00:00,-1.2178
2025-03-17 23:00:00,-1.2181
2025-03-18 00:00:00,-1.2311
2025-03-18 01:00:00,-1.2197
2025-03-18 02:00:00,-1.2159
2025-03-18 03:00:00,-1.2109
2025-03-18 04:00:00,-1.2044
2025-03-18 05:00:00,-1.2009
2025-03-18 06:00:00,-1.2030
2025-03-18 07:00:00,-1.1969
2025-03-18 08:00:00,-1.1975
2025-03-18 09:00:00,-1.1948
2025-03-18 10:00:00,-1.1897
2025-03-18 11:00:00,-1.1848
2025-03-18 12:00:00,-1.1908
2025-03-18 13:00:00,-1.2061
2025-03-18 14:00:00,-1.2176
2025-03-18 15:00:00,-1.2337
2025-03-18 16:00:00,-1.2415
2025-03-18 17:00:00,-1.2467
2025-03-18 18:00:00,-1.2497
2025-03-18 19:00:00,-1.2543
2025-03-18 20:00:00,-1.2571
2025-03-18 21:00:00,-1.2640
2025-03-18 22:00:00,-1.2701
2025-03-18 23:00:00,-1.2736
2025-03-19 00:00:00,-1.2802
2025-03-19 01:00:00,-1.2852
2025-03-19 02:00:00,-1.2851
2025-03-19 03:00:00,-1.2878
2025-03-19 04:00:00,-1.2894
2025-03-19 05:00:00,-1.2904
2025-03-19 06:00:00,-1.2882
2025-03-19 07:00:00,-1.2892
2025-03-19 08:00:00,-1.2909
2025-03-19 09:00:00,-1.2912
2025-03-19 10:00:00,-1.2884
2025-03-19 11:00:00,-1.2838
2025-03-19 12:00:00,-1.2806
2025-03-19 13:00:00,-1.2821
2025-03-19 14:00:00,-1.2838
2025-03-19 15:00:00,-1.2852
2025-03-19 16:00:00,-1.2863
2025-03-19 17:00:00,-1.2871
2025-03-19 18:00:00,-1.2900
2025-03-19 19:00:00,-1.2898
2025-03-19 20:00:00,-1.2934
2025-03-19 21:00:00,-1.2971
2025-03-19 22:00:00,-1.2993
2025-03-19 23:00:00,-1.3021
2025-03-20 00:00:00,-1.3046
2025-03-20 01:00:00,-1.3068
2025-03-20 02:00:00,-1.3106
2025-03-20 03:00:00,-1.3105
2025-03-20 04:00:00,-1.3123
2025-03-20 05:00:00,-1.3130
2025-03-20 06:00:00,-1.3107
2025-03-20 07:00:00,-1.3129
2025-03-20 08:00:00,-1.3127
2025-03-20 09:00:00,-1.3099
2025-03-20 10:00:00,-1.3043
2025-03-20 11:00:00,-1.2989
2025-03-20 12:00:00,-1.2929
2025-03-20 13:00:00,-1.2915
2025-03-20 14:00:00,-1.2937
2025-03-20 15:00:00,-1.2958
2025-03-20 16:00:00,-1.2957
2025-03-20 17:00:00,-1.2965
2025-03-20 18:00:00,-1.2985
2025-03-20 19:00:00,-1.2988
2025-03-20 20:00:00,-1.3015
2025-03-20 21:00:00,-1.3037
2025-03-20 22:00:00,-1.3059
2025-03-20 23:00:00,-1.3067
2025-03-21 00:00:00,-1.3055
2025-03-21 01:00:00,-1.3068
2025-03-21 02:00:00,-1.3066
2025-03-21 03:00:00,-1.3049
2025-03-21 04:00:00,-1.3055
2025-03-21 05:00:00,-1.3006
2025-03-21 06:00:00,-1.2982
2025-03-21 07:00:00,-1.2963
2025-03-21 08:00:00,-1.2944
2025-03-21 09:00:00,-1.2898
2025-03-21 10:00:00,-1.2856
2025-03-21 11:00:00,-1.2792
2025-03-21 12:00:00,-1.2729
2025-03-21 13:00:00,-1.2728
2025-03-21 14:00:00,-1.2742
2025-03-21 15:00:00,-1.2767
2025-03-21 16:00:00,-1.2810
2025-03-21 17:00:00,-1.2857
2025-03-21 18:00:00,-1.2916
2025-03-21 19:00:00,-1.2915
2025-03-21 20:00:00,-1.2876
2025-03-21 21:00:00,-1.2884
2025-03-21 22:00:00,-1.2878
2025-03-21 23:00:00,-1.2865
2025-03-22 00:00:00,-1.2852
2025-03-22 01:00:00,-1.2837
2025-03-22 02:00:00,-1.2842
2025-03-22 03:00:00,-1.2820
2025-03-22 04:00:00,-1.2823
2025-03-22 05:00:00,-1.2827
2025-03-22 06:00:00,-1.2798
2025-03-22 07:00:00,-1.2779
2025-03-22 08:00:00,-1.2739
2025-03-22 09:00:00,-1.2705
2025-03-22 10:00:00,-1.2675
2025-03-22 11:00:00,-1.2636
2025-03-22 12:00:00,-1.2609
2025-03-22 13:00:00,-1.2590
2025-03-22 14:00:00,-1.2577
2025-03-22 15:00:00,-1.2590
2025-03-22 16:00:00,-1.2610
2025-03-22 17:00:00,-1.2634
2025-03-22 18:00:00,-1.2679
2025-03-22 19:00:00,-1.2670
2025-03-22 20:00:00,-1.2664
2025-03-22 21:00:00,-1.2631
2025-03-22 22:00:00,-1.2581
2025-03-22 23:00:00,-1.2675
2025-03-23 00:00:00,-1.2590
2025-03-23 01:00:00,-1.2519
2025-03-23 02:00:00,-1.2475
2025-03-23 03:00:00,-1.2455
2025-03-23 04:00:00,-1.2450
2025-03-23 05:00:00,-1.2444
2025-03-23 06:00:00,-1.2422
2025-03-23 07:00:00,-1.2367
2025-03-23 08:00:00,-1.2308
2025-03-23 09:00:00,-1.2252
2025-03-23 10:00:00,-1.2230
2025-03-23 11:00:00,-1.2162
2025-03-23 12:00:00,-1.2083
2025-03-23 13:00:00,-1.2005
2025-03-23 14:00:00,-1.1958
2025-03-23 15:00:00,-1.1939
2025-03-23 16:00:00,-1.1956
2025-03-23 17:00:00,-1.1987
2025-03-23 18:00:00,-1.2020
2025-03-23 19:00:00,-1.2059
2025-03-23 20:00:00,-1.2071
2025-03-23 21:00:00,-1.2056
2025-03-23 22:00:00,-1.2058
2025-03-23 23:00:00,-1.2070
2025-03-24 00:00:00,-1.2039
2025-03-24 01:00:00,-1.2008
2025-03-24 02:00:00,-1.2027
2025-03-24 03:00:00,-1.2001
2025-03-24 04:00:00,-1.1956
2025-03-24 05:00:00,-1.1949
2025-03-24 06:00:00,-1.1852
2025-03-24 07:00:00,-1.1820
2025-03-24 08:00:00,-1.1813
2025-03-24 09:00:00,-1.1783
2025-03-24 10:00:00,-1.1872
2025-03-24 11:00:00,-1.1789
2025-03-24 12:00:00,-1.1604
2025-03-24 13:00:00,-1.1416
2025-03-24 14:00:00,-1.1377
2025-03-24 15:00:00,-1.1330
2025-03-24 16:00:00,-1.1363
2025-03-24 17:00:00,-1.1303
2025-03-24 18:00:00,-1.1407
2025-03-24 19:00:00,-1.1398
2025-03-24 20:00:00,-1.1388
2025-03-24 21:00:00,-1.1359
2025-03-24 22:00:00,-1.1331
2025-03-24 23:00:00,-1.1264
2025-03-25 00:00:00,-1.1320
2025-03-25 01:00:00,-1.1365
2025-03-25 02:00:00,-1.1310
2025-03-25 03:00:00,-1.1202
2025-03-25 04:00:00,-1.1218
2025-03-25 05:00:00,-1.1212
2025-03-25 06:00:00,-1.1223
2025-03-25 07:00:00,-1.1322
2025-03-25 08:00:00,-1.1446
2025-03-25 09:00:00,-1.1386
2025-03-25 10:00:00,-1.1436
2025-03-25 11:00:00,-1.1392
2025-03-25 12:00:00,-1.1329
2025-03-25 13:00:00,-1.1309
2025-03-25 14:00:00,-1.1338
2025-03-25 15:00:00,-1.1397
2025-03-25 16:00:00,-1.1409
2025-03-25 17:00:00,-1.1412
2025-03-25 18:00:00,-1.1379
2025-03-25 19:00:00,-1.1425
2025-03-25 20:00:00,-1.1447
2025-03-25 21:00:00,-1.1586
2025-03-25 22:00:00,-1.1455
2025-03-25 23:00:00,-1.1454
2025-03-26 00:00:00,-1.1451
2025-03-26 01:00:00,-1.1472
2025-03-26 02:00:00,-1.1392
2025-03-26 03:00:00,-1.1399
2025-03-26 04:00:00,-1.1421
2025-03-26 05:00:00,-1.1504
2025-03-26 06:00:00,-1.1553
2025-03-26 07:00:00,-1.1554
2025-03-26 08:00:00,-1.1512
2025-03-26 09:00:00,-1.1494
2025-03-26 10:00:00,-1.1524
2025-03-26 11:00:00,-1.1509
2025-03-26 12:00:00,-1.1441
2025-03-26 13:00:00,-1.1383
2025-03-26 14:00:00,-1.1345
2025-03-26 15:00:00,-1.1334
2025-03-26 16:00:00,-1.1337
2025-03-26 17:00:00,-1.1286
2025-03-26 18:00:00,-1.1266
2025-03-26 19:00:00,-1.1210
2025-03-26 20:00:00,-1.1215
2025-03-26 21:00:00,-1.1268
2025-03-26 22:00:00,-1.1287
2025-03-26 23:00:00,-1.1285
2025-03-27 00:00:00,-1.1297
2025-03-27 01:00:00,-1.1281
2025-03-27 02:00:00,-1.1358
2025-03-27 03:00:00,-1.1349
2025-03-27 04:00:00,-1.1370
2025-03-27 05:00:00,-1.1366
2025-03-27 06:00:00,-1.1435
2025-03-27 07:00:00,-1.1512
2025-03-27 08:00:00,-1.1585
2025-03-27 09:00:00,-1.1541
2025-03-27 10:00:00,-1.1533
2025-03-27 11:00:00,-1.1474
2025-03-27 12:00:00,-1.1483
2025-03-27 13:00:00,-1.1475
2025-03-27 14:00:00,-1.1476
2025-03-27 15:00:00,-1.1336
2025-03-27 16:00:00,-1.1365
2025-03-27 17:00:00,-1.1262
2025-03-27 18:00:00,-1.1241
2025-03-27 19:00:00,-1.1310
2025-03-27 20:00:00,-1.1351
2025-03-27 21:00:00,-1.1368
2025-03-27 22:00:00,-1.1379
2025-03-27 23:00:00,-1.1320
2025-03-28 00:00:00,-1.1316
2025-03-28 10:00:00,-1.1029
2025-03-28 11:00:00,-1.1124
2025-03-28 12:00:00,-1.1121
2025-03-28 13:00:00,-1.1104
2025-03-28 14:00:00,-1.1123
2025-03-28 15:00:00,-1.1118
2025-03-28 16:00:00,-1.1116
2025-03-28 17:00:00,-1.1099
2025-03-28 18:00:00,-1.1109
2025-03-28 19:00:00,-1.1151
2025-03-28 20:00:00,-1.1031
2025-03-28 21:00:00,-1.1028
2025-03-28 22:00:00,-1.1014
2025-03-28 23:00:00,-1.1024
2025-03-29 00:00:00,-1.0965
2025-03-29 01:00:00,-1.0925
2025-03-29 02:00:00,-1.0937
2025-03-29 03:00:00,-1.0974
2025-03-29 04:00:00,-1.0918
2025-03-29 05:00:00,-1.0907
2025-03-29 06:00:00,-1.0904
2025-03-29 07:00:00,-1.0928
2025-03-29 08:00:00,-1.0929
2025-03-29 09:00:00,-1.0903
2025-03-29 10:00:00,-1.0814
2025-03-29 11:00:00,-1.0785
2025-03-29 12:00:00,-1.0697
2025-03-29 13:00:00,-1.0588
2025-03-29 14:00:00,-1.0538
2025-03-29 15:00:00,-1.0535
2025-03-29 16:00:00,-1.0575
2025-03-29 17:00:00,-1.0667
2025-03-29 18:00:00,-1.0595
2025-03-29 19:00:00,-1.0610
2025-03-29 20:00:00,-1.0549
2025-03-29 21:00:00,-1.0486
2025-03-29 22:00:00,-1.0502
2025-03-29 23:00:00,-1.0450
2025-03-30 00:00:00,-1.0419
2025-03-30 01:00:00,-1.0376
2025-03-30 03:00:00,-1.0277
2025-03-30 04:00:00,-1.0168
2025-03-30 05:00:00,-1.0035
2025-03-30 06:00:00,-0.9999
2025-03-30 07:00:00,-0.9973
2025-03-30 08:00:00,-0.9928
2025-03-30 09:00:00,-0.9893
2025-03-30 10:00:00,-0.9823
2025-03-30 11:00:00,-0.9782
2025-03-30 12:00:00,-0.9677
2025-03-30 13:00:00,-0.9618
2025-03-30 14:00:00,-0.9629
2025-03-30 15:00:00,-0.9592
2025-03-30 16:00:00,-0.9555
2025-03-30 17:00:00,-0.9679
2025-03-30 18:00:00,-0.9716
2025-03-30 19:00:00,-0.9618
2025-03-30 20:00:00,-0.9565
2025-03-30 21:00:00,-0.9579
2025-03-30 22:00:00,-0.9553
2025-03-30 23:00:00,-0.9586
2025-03-31 00:00:00,-0.9581
2025-03-31 01:00:00,-0.9655
2025-03-31 02:00:00,-0.9728
2025-03-31 03:00:00,-0.9681
2025-03-31 04:00:00,-0.9640
2025-03-31 05:00:00,-0.9605
2025-03-31 06:00:00,-0.9559
2025-03-31 07:00:00,-0.9555
2025-03-31 08:00:00,-0.9565
2025-03-31 09:00:00,-0.9543
2025-03-31 10:00:00,-0.9575
2025-03-31 11:00:00,-0.9512
2025-03-31 12:00:00,-0.9394
2025-03-31 13:00:00,-0.9317
2025-03-31 14:00:00,-0.9286
2025-03-31 15:00:00,-0.9215
2025-03-31 16:00:00,-0.9149
2025-03-31 17:00:00,-0.9217
2025-03-31 18:00:00,-0.9233
2025-03-31 19:00:00,-0.9266
2025-03-31 20:00:00,-0.9316
2025-03-31 21:00:00,-0.9304
2025-03-31 22:00:00,-0.9280
2025-03-31 23:00:00,-0.9409
2025-04-01 00:00:00,-0.9766
2025-04-01 01:00:00,-1.0221
2025-04-01 02:00:00,-1.0656
2025-04-01 03:00:00,-1.0997
2025-04-01 04:00:00,-1.1274
2025-04-01 05:00:00,-1.1474
2025-04-01 06:00:00,-1.1638
2025-04-01 07:00:00,-1.1777
2025-04-01 08:00:00,-1.1853
2025-04-01 09:00:00,-1.1842
2025-04-01 10:00:00,-1.1879
2025-04-01 11:00:00,-1.1793
2025-04-01 12:00:00,-1.1705
2025-04-01 13:00:00,-1.1612
2025-04-01 14:00:00,-1.1547
2025-04-01 15:00:00,-1.1536
2025-04-01 16:00:00,-1.1594
2025-04-01 17:00:00,-1.1673
2025-04-01 18:00:00,-1.1722
2025-04-01 19:00:00,-1.1824
2025-04-01 20:00:00,-1.1899
2025-04-01 21:00:00,-1.1955
2025-04-01 22:00:00,-1.1978
2025-04-01 23:00:00,-1.1994
2025-04-02 00:00:00,-1.2042
2025-04-02 01:00:00,-1.2098
2025-04-02 02:00:00,-1.2128
2025-04-02 03:00:00,-1.2173
2025-04-02 04:00:00,-1.2189
2025-04-02 05:00:00,-1.2180
2025-04-02 06:00:00,-1.2148
2025-04-02 07:00:00,-1.2102
2025-04-02 08:00:00,-1.2026
2025-04-02 09:00:00,-1.1941
2025-04-02 10:00:00,-1.1833
2025-04-02 11:00:00,-1.1702
2025-04-02 12:00:00,-1.1607
2025-04-02 13:00:00,-1.1476
2025-04-02 14:00:00,-1.1451
2025-04-02 15:00:00,-1.1427
2025-04-02 16:00:00,-1.1463
2025-04-02 17:00:00,-1.1497
2025-04-02 18:00:00,-1.1483
2025-04-02 19:00:00,-1.1471
2025-04-02 20:00:00,-1.1420
2025-04-02 21:00:00,-1.1266
2025-04-02 22:00:00,-1.1187
2025-04-02 23:00:00,-1.1082
2025-04-03 00:00:00,-1.0973
2025-04-03 01:00:00,-1.0915
2025-04-03 02:00:00,-1.0731
2025-04-03 03:00:00,-1.0567
2025-04-03 04:00:00,-1.0439
2025-04-03 05:00:00,-1.0224
2025-04-03 06:00:00,-1.0041
2025-04-03 07:00:00,-0.9966
2025-04-03 08:00:00,-0.9829
2025-04-03 09:00:00,-0.9715
2025-04-03 10:00:00,-0.9666
2025-04-03 11:00:00,-0.9605
2025-04-03 12:00:00,-0.9436
2025-04-03 13:00:00,-0.9259
2025-04-03 14:00:00,-0.9249
2025-04-03 15:00:00,-0.9262
2025-04-03 16:00:00,-0.9258
2025-04-03 17:00:00,-0.9305
2025-04-03 18:00:00,-0.9389
2025-04-03 19:00:00,-0.9401
2025-04-03 20:00:00,-0.9410
2025-04-03 21:00:00,-0.9441
2025-04-03 22:00:00,-0.9527
2025-04-03 23:00:00,-0.9515
2025-04-04 00:00:00,-0.9505
2025-04-04 01:00:00,-0.9586
2025-04-04 02:00:00,-0.9406
2025-04-04 03:00:00,-0.9344
2025-04-04 04:00:00,-0.9365
2025-04-04 05:00:00,-0.9311
2025-04-04 06:00:00,-0.9278
2025-04-04 07:00:00,-0.9245
2025-04-04 08:00:00,-0.9206
2025-04-04 09:00:00,-0.9198
2025-04-04 10:00:00,-0.9144
2025-04-04 11:00:00,-0.9050
2025-04-04 12:00:00,-0.9014
2025-04-04 13:00:00,-0.9014
2025-04-04 14:00:00,-0.8954
2025-04-04 15:00:00,-0.8976
2025-04-04 16:00:00,-0.8997
2025-04-04 17:00:00,-0.9099
2025-04-04 18:00:00,-0.9154
2025-04-04 19:00:00,-0.9221
2025-04-04 20:00:00,-0.9215
2025-04-04 21:00:00,-0.9348
2025-04-04 22:00:00,-0.9457
2025-04-04 23:00:00,-0.9536
2025-04-05 00:00:00,-0.9561
2025-04-05 01:00:00,-0.9708
2025-04-05 02:00:00,-0.9697
2025-04-05 03:00:00,-0.9660
2025-04-05 04:00:00,-0.9550
2025-04-05 05:00:00,-0.9545
2025-04-05 06:00:00,-0.9570
2025-04-05 07:00:00,-0.9704
2025-04-05 08:00:00,-0.9776
2025-04-05 09:00:00,-0.9721
2025-04-05 10:00:00,-0.9594
2025-04-05 11:00:00,-0.9492
2025-04-05 12:00:00,-0.9370
2025-04-05 13:00:00,-0.9274
2025-04-05 14:00:00,-0.9230
2025-04-05 15:00:00,-0.9139
2025-04-05 16:00:00,-0.9103
2025-04-05 17:00:00,-0.9092
2025-04-05 18:00:00,-0.9075
2025-04-05 19:00:00,-0.9094
2025-04-05 20:00:00,-0.9106
2025-04-05 21:00:00,-0.9158
2025-04-05 22:00:00,-0.9233
2025-04-05 23:00:00,-0.9251
2025-04-06 00:00:00,-0.9309
2025-04-06 01:00:00,-0.9300
2025-04-06 02:00:00,-0.9321
2025-04-06 03:00:00,-0.9286
2025-04-06 04:00:00,-0.9283
2025-04-06 05:00:00,-0.9275
2025-04-06 06:00:00,-0.9250
2025-04-06 07:00:00,-0.9236
2025-04-06 08:00:00,-0.9238
2025-04-06 09:00:00,-0.9208
2025-04-06 10:00:00,-0.9177
2025-04-06 11:00:00,-0.9100
2025-04-06 12:00:00,-0.9031
2025-04-06 13:00:00,-0.9100
2025-04-06 14:00:00,-0.9483
2025-04-06 15:00:00,-0.9876
2025-04-06 16:00:00,-1.0112
2025-04-06 17:00:00,-1.0360
2025-04-06 18:00:00,-1.0648
2025-04-06 19:00:00,-1.0837
2025-04-06 20:00:00,-1.1092
2025-04-06 21:00:00,-1.1327
2025-04-06 22:00:00,-1.1515
2025-04-06 23:00:00,-1.1555
2025-04-07 00:00:00,-1.1600
2025-04-07 01:00:00,-1.1637
2025-04-07 02:00:00,-1.1683
2025-04-07 03:00:00,-1.1683
2025-04-07 04:00:00,-1.1691
2025-04-07 05:00:00,-1.1743
2025-04-07 06:00:00,-1.1737
2025-04-07 07:00:00,-1.1803
2025-04-07 08:00:00,-1.1804
2025-04-07 09:00:00,-1.1849
2025-04-07 10:00:00,-1.1792
2025-04-07 11:00:00,-1.1681
2025-04-07 12:00:00,-1.1564
2025-04-07 13:00:00,-1.1426
2025-04-07 14:00:00,-1.1370
2025-04-07 15:00:00,-1.1259
2025-04-07 16:00:00,-1.1249
2025-04-07 17:00:00,-1.1408
2025-04-07 18:00:00,-1.1560
2025-04-07 19:00:00,-1.1737
2025-04-07 20:00:00,-1.1833
2025-04-07 21:00:00,-1.1910
2025-04-07 22:00:00,-1.1906
2025-04-07 23:00:00,-1.1835
2025-04-08 00:00:00,-1.1676
2025-04-08 01:00:00,-1.1370
2025-04-08 02:00:00,-1.1051
2025-04-08 03:00:00,-1.0781
2025-04-08 04:00:00,-1.0602
2025-04-08 05:00:00,-1.0485
2025-04-08 06:00:00,-1.0520
2025-04-08 07:00:00,-1.0751
2025-04-08 08:00:00,-1.0951
2025-04-08 09:00:00,-1.1118
2025-04-08 10:00:00,-1.1313
2025-04-08 11:00:00,-1.1421
2025-04-08 12:00:00,-1.1472
2025-04-08 13:00:00,-1.1522
2025-04-08 14:00:00,-1.1564
2025-04-08 15:00:00,-1.1665
2025-04-08 16:00:00,-1.1759
2025-04-08 17:00:00,-1.1815
2025-04-08 18:00:00,-1.1956
2025-04-08 19:00:00,-1.2058
2025-04-08 20:00:00,-1.2127
2025-04-08 21:00:00,-1.2225
2025-04-08 22:00:00,-1.2347
2025-04-08 23:00:00,-1.2304
2025-04-09 00:00:00,-1.2295
2025-04-09 01:00:00,-1.2267
2025-04-09 02:00:00,-1.2176
2025-04-09 03:00:00,-1.1983
2025-04-09 04:00:00,-1.1920
2025-04-09 05:00:00,-1.1927
2025-04-09 06:00:00,-1.1993
2025-04-09 07:00:00,-1.2088
2025-04-09 08:00:00,-1.2120
2025-04-09 09:00:00,-1.2187
2025-04-09 10:00:00,-1.2238
2025-04-09 11:00:00,-1.2268
2025-04-09 12:00:00,-1.2261
2025-04-09 13:00:00,-1.2144
2025-04-09 14:00:00,-1.2089
2025-04-09 15:00:00,-1.2083
2025-04-09 16:00:00,-1.2096
2025-04-09 17:00:00,-1.2108
2025-04-09 18:00:00,-1.2115
2025-04-09 19:00:00,-1.2122
2025-04-09 20:00:00,-1.2238
2025-04-09 21:00:00,-1.2267
2025-04-09 22:00:00,-1.2221
2025-04-09 23:00:00,-1.2198
2025-04-10 00:00:00,-1.2175
2025-04-10 01:00:00,-1.2112
2025-04-10 02:00:00,-1.1955
2025-04-10 03:00:00,-1.1602
2025-04-10 04:00:00,-1.1313
2025-04-10 05:00:00,-1.1132
2025-04-10 06:00:00,-1.0842
2025-04-10 07:00:00,-1.0723
2025-04-10 08:00:00,-1.0511
2025-04-10 09:00:00,-1.0653
2025-04-10 10:00:00,-1.0856
2025-04-10 11:00:00,-1.1035
2025-04-10 12:00:00,-1.1079
2025-04-10 13:00:00,-1.1160
2025-04-10 14:00:00,-1.1210
2025-04-10 15:00:00,-1.1252
2025-04-10 16:00:00,-1.1229
2025-04-10 17:00:00,-1.1262
2025-04-10 18:00:00,-1.1209
2025-04-10 19:00:00,-1.1190
2025-04-10 20:00:00,-1.1145
2025-04-10 21:00:00,-1.1236
2025-04-10 22:00:00,-1.1442
2025-04-10 23:00:00,-1.1654
2025-04-11 00:00:00,-1.1798
2025-04-11 01:00:00,-1.1969
2025-04-11 02:00:00,-1.2199
2025-04-11 03:00:00,-1.2256
2025-04-11 04:00:00,-1.2328
2025-04-11 05:00:00,-1.2390
2025-04-11 06:00:00,-1.2464
2025-04-11 07:00:00,-1.2495
2025-04-11 08:00:00,-1.2503
2025-04-11 09:00:00,-1.2552
2025-04-11 10:00:00,-1.2523
2025-04-11 11:00:00,-1.2451
2025-04-11 12:00:00,-1.2439
2025-04-11 13:00:00,-1.2355
2025-04-11 14:00:00,-1.2349
2025-04-11 15:00:00,-1.2363
2025-04-11 16:00:00,-1.2408
2025-04-11 17:00:00,-1.2431
2025-04-11 18:00:00,-1.2501
2025-04-11 19:00:00,-1.2542
2025-04-11 20:00:00,-1.2573
2025-04-11 21:00:00,-1.2679
2025-04-11 22:00:00,-1.2761
2025-04-11 23:00:00,-1.2808
2025-04-12 00:00:00,-1.2801
2025-04-12 01:00:00,-1.2806
2025-04-12 02:00:00,-1.2753
2025-04-12 03:00:00,-1.2785
2025-04-12 04:00:00,-1.2793
2025-04-12 05:00:00,-1.2849
2025-04-12 06:00:00,-1.2818
2025-04-12 07:00:00,-1.2866
2025-04-12 08:00:00,-1.2824
2025-04-12 09:00:00,-1.2767
2025-04-12 10:00:00,-1.2734
2025-04-12 11:00:00,-1.2582
2025-04-12 12:00:00,-1.2591
2025-04-12 13:00:00,-1.2551
2025-04-12 14:00:00,-1.2423
2025-04-12 15:00:00,-1.2325
2025-04-12 16:00:00,-1.2255
2025-04-12 17:00:00,-1.2234
2025-04-12 18:00:00,-1.2233
2025-04-12 19:00:00,-1.2288
2025-04-12 20:00:00,-1.2386
2025-04-12 21:00:00,-1.2373
2025-04-12 22:00:00,-1.2350
2025-04-12 23:00:00,-1.2316
2025-04-13 00:00:00,-1.2329
2025-04-13 01:00:00,-1.2313
2025-04-13 02:00:00,-1.2279
2025-04-13 03:00:00,-1.2210
2025-04-13 04:00:00,-1.2206
2025-04-13 05:00:00,-1.2245
2025-04-13 06:00:00,-1.2317
2025-04-13 07:00:00,-1.2225
2025-04-13 08:00:00,-1.2173
2025-04-13 09:00:00,-1.2232
2025-04-13 10:00:00,-1.2210
2025-04-13 11:00:00,-1.2181
2025-04-13 12:00:00,-1.2153
2025-04-13 13:00:00,-1.2161
2025-04-13 14:00:00,-1.2145
2025-04-13 15:00:00,-1.2061
2025-04-13 16:00:00,-1.2019
2025-04-13 17:00:00,-1.1965
2025-04-13 18:00:00,-1.1977
2025-04-13 19:00:00,-1.2041
2025-04-13 20:00:00,-1.2170
2025-04-13 21:00:00,-1.2225
2025-04-13 22:00:00,-1.2276
2025-04-13 23:00:00,-1.2350
2025-04-14 00:00:00,-1.2338
2025-04-14 01:00:00,-1.2382
2025-04-14 02:00:00,-1.2538
2025-04-14 03:00:00,-1.2680
2025-04-14 04:00:00,-1.2717
2025-04-14 05:00:00,-1.2746
2025-04-14 06:00:00,-1.2803
2025-04-14 07:00:00,-1.2734
2025-04-14 08:00:00,-1.2885
2025-04-14 09:00:00,-1.2963
2025-04-14 10:00:00,-1.2938
2025-04-14 11:00:00,-1.2946
2025-04-14 12:00:00,-1.2897
2025-04-14 13:00:00,-1.2946
2025-04-14 14:00:00,-1.2955
2025-04-14 15:00:00,-1.3000
2025-04-14 16:00:00,-1.3029
2025-04-14 17:00:00,-1.3110
2025-04-14 18:00:00,-1.3191
2025-04-14 19:00:00,-1.3258
2025-04-14 20:00:00,-1.3309
2025-04-14 21:00:00,-1.3350
2025-04-14 22:00:00,-1.3300
2025-04-14 23:00:00,-1.3469
2025-04-15 00:00:00,-1.3429
2025-04-15 01:00:00,-1.3327
2025-04-15 02:00:00,-1.3394
2025-04-15 03:00:00,-1.3350
2025-04-15 04:00:00,-1.3234
2025-04-15 05:00:00,-1.3224
2025-04-15 06:00:00,-1.3127
2025-04-15 07:00:00,-1.3073
2025-04-15 08:00:00,-1.3060
2025-04-15 09:00:00,-1.2972
2025-04-15 10:00:00,-1.2850
2025-04-15 11:00:00,-1.2734
2025-04-15 12:00:00,-1.2605
2025-04-15 13:00:00,-1.2500
2025-04-15 14:00:00,-1.2412
2025-04-15 15:00:00,-1.2360
2025-04-15 16:00:00,-1.2415
2025-04-15 17:00:00,-1.2428
2025-04-15 18:00:00,-1.2528
2025-04-15 19:00:00,-1.2590
2025-04-15 20:00:00,-1.2601
2025-04-15 21:00:00,-1.2610
2025-04-15 22:00:00,-1.2596
2025-04-15 23:00:00,-1.2594
2025-04-16 00:00:00,-1.2567
2025-04-16 01:00:00,-1.2512
2025-04-16 02:00:00,-1.2459
2025-04-16 03:00:00,-1.2393
2025-04-16 04:00:00,-1.2311
2025-04-16 05:00:00,-1.2292
2025-04-16 06:00:00,-1.2230
2025-04-16 07:00:00,-1.2176
2025-04-16 08:00:00,-1.2103
2025-04-16 09:00:00,-1.1981
2025-04-16 10:00:00,-1.1655
2025-04-16 11:00:00,-1.1302
2025-04-16 12:00:00,-1.0858
2025-04-16 13:00:00,-1.0457
2025-04-16 14:00:00,-1.0216
2025-04-16 15:00:00,-0.9982
2025-04-16 16:00:00,-0.9843
2025-04-16 17:00:00,-0.9742
2025-04-16 18:00:00,-0.9632
2025-04-16 19:00:00,-0.9627
2025-04-16 20:00:00,-0.9566
2025-04-16 21:00:00,-0.9554
2025-04-16 22:00:00,-0.9499
2025-04-16 23:00:00,-0.9511
2025-04-17 00:00:00,-0.9456
2025-04-17 01:00:00,-0.9473
2025-04-17 02:00:00,-0.9403
2025-04-17 03:00:00,-0.9326
2025-04-17 04:00:00,-0.9372
2025-04-17 05:00:00,-0.9336
2025-04-17 06:00:00,-0.9377
2025-04-17 07:00:00,-0.9455
2025-04-17 08:00:00,-0.9853
2025-04-17 09:00:00,-1.0127
2025-04-17 10:00:00,-1.0313
2025-04-17 11:00:00,-1.0483
2025-04-17 12:00:00,-1.0686
2025-04-17 13:00:00,-1.0917
2025-04-17 14:00:00,-1.1104
2025-04-17 15:00:00,-1.1192
2025-04-17 16:00:00,-1.1231
2025-04-17 17:00:00,-1.1281
2025-04-17 18:00:00,-1.1255
2025-04-17 19:00:00,-1.1159
2025-04-17 20:00:00,-1.1116
2025-04-17 21:00:00,-1.1012
2025-04-17 22:00:00,-1.0909
2025-04-17 23:00:00,-1.0765
2025-04-18 00:00:00,-1.0574
2025-04-18 01:00:00,-1.0380
2025-04-18 02:00:00,-1.0225
2025-04-18 03:00:00,-1.0044
2025-04-18 04:00:00,-0.9785
2025-04-18 05:00:00,-0.9607
2025-04-18 06:00:00,-0.9420
2025-04-18 07:00:00,-0.9312
2025-04-18 08:00:00,-0.9434
2025-04-18 09:00:00,-0.9516
2025-04-18 10:00:00,-0.9542
2025-04-18 11:00:00,-0.9572
2025-04-18 12:00:00,-0.9564
2025-04-18 13:00:00,-0.9468
2025-04-18 14:00:00,-0.9321
2025-04-18 15:00:00,-0.9243
2025-04-18 16:00:00,-0.9219
2025-04-18 17:00:00,-0.9202
2025-04-18 18:00:00,-0.9197
2025-04-18 19:00:00,-0.9281
2025-04-18 20:00:00,-0.9311
2025-04-18 21:00:00,-0.9290
2025-04-18 22:00:00,-0.9289
2025-04-18 23:00:00,-0.9306
2025-04-19 00:00:00,-0.9406
2025-04-19 01:00:00,-0.9516
2025-04-19 02:00:00,-0.9356
2025-04-19 03:00:00,-0.9216
2025-04-19 04:00:00,-0.9202
2025-04-19 05:00:00,-0.9192
2025-04-19 06:00:00,-0.9171
2025-04-19 07:00:00,-0.9110
2025-04-19 08:00:00,-0.9065
2025-04-19 09:00:00,-0.9022
2025-04-19 10:00:00,-0.8967
2025-04-19 11:00:00,-0.8866
2025-04-19 12:00:00,-0.8813
2025-04-19 13:00:00,-0.8803
2025-04-19 14:00:00,-0.8798
2025-04-19 15:00:00,-0.8787
2025-04-19 16:00:00,-0.8817
2025-04-19 17:00:00,-0.8793
2025-04-19 18:00:00,-0.8793
2025-04-19 19:00:00,-0.8797
2025-04-19 20:00:00,-0.8858
2025-04-19 21:00:00,-0.8883
2025-04-19 22:00:00,-0.8874
2025-04-19 23:00:00,-0.8916
2025-04-20 00:00:00,-0.8878
2025-04-20 01:00:00,-0.8892
2025-04-20 02:00:00,-0.8900
2025-04-20 03:00:00,-0.9027
2025-04-20 04:00:00,-0.9078
2025-04-20 05:00:00,-0.9075
2025-04-20 06:00:00,-0.9098
2025-04-20 07:00:00,-0.9071
2025-04-20 08:00:00,-0.9041
2025-04-20 09:00:00,-0.8989
2025-04-20 10:00:00,-0.8921
2025-04-20 11:00:00,-0.8948
2025-04-20 12:00:00,-0.8991
2025-04-20 13:00:00,-0.8978
2025-04-20 14:00:00,-0.8897
2025-04-20 15:00:00,-0.8891
2025-04-20 16:00:00,-0.8916
2025-04-20 17:00:00,-0.8897
2025-04-20 18:00:00,-0.8977
2025-04-20 19:00:00,-0.9165
2025-04-20 20:00:00,-0.9336
2025-04-20 21:00:00,-0.9515
2025-04-20 22:00:00,-0.9644
2025-04-20 23:00:00,-0.9743
2025-04-21 00:00:00,-0.9807
2025-04-21 01:00:00,-0.9812
2025-04-21 02:00:00,-0.9810
2025-04-21 03:00:00,-0.9800
2025-04-21 04:00:00,-0.9848
2025-04-21 05:00:00,-0.9952
2025-04-21 06:00:00,-1.0100
2025-04-21 07:00:00,-1.0158
2025-04-21 08:00:00,-1.0229
2025-04-21 09:00:00,-1.0262
2025-04-21 10:00:00,-1.0341
2025-04-21 11:00:00,-1.0357
2025-04-21 12:00:00,-1.0384
2025-04-21 13:00:00,-1.0373
2025-04-21 14:00:00,-1.0329
2025-04-21 15:00:00,-1.0339
2025-04-21 16:00:00,-1.0270
2025-04-21 17:00:00,-1.0224
2025-04-21 18:00:00,-1.0323
2025-04-21 19:00:00,-1.0389
2025-04-21 20:00:00,-1.0445
2025-04-21 21:00:00,-1.0508
2025-04-21 22:00:00,-1.0620
2025-04-21 23:00:00,-1.0564
2025-04-22 00:00:00,-1.0435
2025-04-22 01:00:00,-1.0317
2025-04-22 02:00:00,-1.0217
2025-04-22 03:00:00,-1.0238
2025-04-22 04:00:00,-1.0203
2025-04-22 05:00:00,-1.0228
2025-04-22 06:00:00,-1.0338
2025-04-22 07:00:00,-1.0449
2025-04-22 08:00:00,-1.0548
2025-04-22 09:00:00,-1.0569
2025-04-22 10:00:00,-1.0605
2025-04-22 11:00:00,-1.0709
2025-04-22 12:00:00,-1.0711
2025-04-22 13:00:00,-1.0750
2025-04-22 14:00:00,-1.0817
2025-04-22 15:00:00,-1.0948
2025-04-22 16:00:00,-1.0926
2025-04-22 17:00:00,-1.0941
2025-04-22 18:00:00,-1.1052
2025-04-22 19:00:00,-1.1047
2025-04-22 20:00:00,-1.1059
2025-04-22 21:00:00,-1.1078
2025-04-22 22:00:00,-1.1163
2025-04-22 23:00:00,-1.1260
2025-04-23 00:00:00,-1.1303
2025-04-23 01:00:00,-1.1311
2025-04-23 02:00:00,-1.1302
2025-04-23 03:00:00,-1.1297
2025-04-23 04:00:00,-1.1321
2025-04-23 05:00:00,-1.1431
2025-04-23 06:00:00,-1.1381
2025-04-23 07:00:00,-1.1379
2025-04-23 08:00:00,-1.1399
2025-04-23 09:00:00,-1.1575
2025-04-23 10:00:00,-1.1610
2025-04-23 11:00:00,-1.1481
2025-04-23 12:00:00,-1.1426
2025-04-23 13:00:00,-1.1462
2025-04-23 14:00:00,-1.1508
2025-04-23 15:00:00,-1.1530
2025-04-23 16:00:00,-1.1542
2025-04-23 17:00:00,-1.1581
2025-04-23 18:00:00,-1.1562
2025-04-23 19:00:00,-1.1562
2025-04-23 20:00:00,-1.1527
2025-04-23 21:00:00,-1.1568
2025-04-23 22:00:00,-1.1547
2025-04-23 23:00:00,-1.1583
2025-04-24 00:00:00,-1.1549
2025-04-24 01:00:00,-1.1509
2025-04-24 02:00:00,-1.1464
2025-04-24 03:00:00,-1.1419
2025-04-24 04:00:00,-1.1397
2025-04-24 05:00:00,-1.1366
2025-04-24 06:00:00,-1.1375
2025-04-24 07:00:00,-1.1383
2025-04-24 08:00:00,-1.1390
2025-04-24 09:00:00,-1.1427
2025-04-24 10:00:00,-1.1446
2025-04-24 11:00:00,-1.1394
2025-04-24 12:00:00,-1.1387
2025-04-24 13:00:00,-1.1383
2025-04-24 14:00:00,-1.1380
2025-04-24 15:00:00,-1.1421
2025-04-24 16:00:00,-1.1391
2025-04-24 17:00:00,-1.1370
2025-04-24 18:00:00,-1.1436
2025-04-24 19:00:00,-1.1418
2025-04-24 20:00:00,-1.1474
2025-04-24 21:00:00,-1.1547
2025-04-24 22:00:00,-1.1508
2025-04-24 23:00:00,-1.1476
2025-04-25 00:00:00,-1.1480
2025-04-25 01:00:00,-1.1463
2025-04-25 02:00:00,-1.1419
2025-04-25 03:00:00,-1.1380
2025-04-25 04:00:00,-1.1383
2025-04-25 05:00:00,-1.1391
2025-04-25 06:00:00,-1.1449
2025-04-25 07:00:00,-1.1462
2025-04-25 08:00:00,-1.1536
2025-04-25 09:00:00,-1.1548
2025-04-25 10:00:00,-1.1702
2025-04-25 11:00:00,-1.1727
2025-04-25 12:00:00,-1.1692
2025-04-25 13:00:00,-1.1598
2025-04-25 14:00:00,-1.1558
2025-04-25 15:00:00,-1.1560
2025-04-25 16:00:00,-1.1605
2025-04-25 17:00:00,-1.1614
2025-04-25 18:00:00,-1.1714
2025-04-25 19:00:00,-1.1810
2025-04-25 20:00:00,-1.1958
2025-04-25 21:00:00,-1.2055
2025-04-25 22:00:00,-1.2097
2025-04-25 23:00:00,-1.2119
2025-04-26 00:00:00,-1.2178
2025-04-26 01:00:00,-1.2198
2025-04-26 02:00:00,-1.2176
2025-04-26 03:00:00,-1.2106
2025-04-26 04:00:00,-1.2097
2025-04-26 05:00:00,-1.2114
2025-04-26 06:00:00,-1.2081
2025-04-26 07:00:00,-1.2035
2025-04-26 08:00:00,-1.2036
2025-04-26 09:00:00,-1.2072
2025-04-26 10:00:00,-1.2061
2025-04-26 11:00:00,-1.2064
2025-04-26 12:00:00,-1.2027
2025-04-26 13:00:00,-1.1974
2025-04-26 14:00:00,-1.1948
2025-04-26 15:00:00,-1.1971
2025-04-26 16:00:00,-1.1978
2025-04-26 17:00:00,-1.1974
2025-04-26 18:00:00,-1.2022
2025-04-26 19:00:00,-1.2115
2025-04-26 20:00:00,-1.2203
2025-04-26 21:00:00,-1.2276
2025-04-26 22:00:00,-1.2310
2025-04-26 23:00:00,-1.2394
2025-04-27 00:00:00,-1.2356
2025-04-27 01:00:00,-1.2263
2025-04-27 02:00:00,-1.2238
2025-04-27 03:00:00,-1.2089
2025-04-27 04:00:00,-1.2000
2025-04-27 05:00:00,-1.1894
2025-04-27 06:00:00,-1.1952
2025-04-27 07:00:00,-1.1853
2025-04-27 08:00:00,-1.1669
2025-04-27 09:00:00,-1.1754
2025-04-27 10:00:00,-1.1917
2025-04-27 11:00:00,-1.2009
2025-04-27 12:00:00,-1.2073
2025-04-27 13:00:00,-1.2141
2025-04-27 14:00:00,-1.2222
2025-04-27 15:00:00,-1.2180
2025-04-27 16:00:00,-1.2263
2025-04-27 17:00:00,-1.2342
2025-04-27 18:00:00,-1.2379
2025-04-27 19:00:00,-1.2479
2025-04-27 20:00:00,-1.2586
2025-04-27 21:00:00,-1.2669
2025-04-27 22:00:00,-1.2613
2025-04-27 23:00:00,-1.2883
2025-04-28 00:00:00,-1.2964
2025-04-28 01:00:00,-1.2989
2025-04-28 02:00:00,-1.3013
2025-04-28 03:00:00,-1.3022
2025-04-28 04:00:00,-1.3022
2025-04-28 05:00:00,-1.3033
2025-04-28 06:00:00,-1.3052
2025-04-28 07:00:00,-1.3047
2025-04-28 08:00:00,-1.2963
2025-04-28 09:00:00,-1.2990
2025-04-28 10:00:00,-1.2951
2025-04-28 11:00:00,-1.2869
2025-04-28 12:00:00,-1.2812
2025-04-28 13:00:00,-1.2741
2025-04-28 14:00:00,-1.2704
2025-04-28 15:00:00,-1.2650
2025-04-28 16:00:00,-1.2633
2025-04-28 17:00:00,-1.2633
2025-04-28 18:00:00,-1.2777
2025-04-28 19:00:00,-1.2810
2025-04-28 20:00:00,-1.2868
2025-04-28 21:00:00,-1.2911
2025-04-28 22:00:00,-1.2894
2025-04-28 23:00:00,-1.2918
2025-04-29 00:00:00,-1.2917
2025-04-29 01:00:00,-1.2941
2025-04-29 02:00:00,-1.2952
2025-04-29 03:00:00,-1.2949
2025-04-29 04:00:00,-1.2907
2025-04-29 05:00:00,-1.2896
2025-04-29 06:00:00,-1.2873
2025-04-29 07:00:00,-1.2856
2025-04-29 08:00:00,-1.2827
2025-04-29 09:00:00,-1.2764
2025-04-29 10:00:00,-1.2668
2025-04-29 11:00:00,-1.2526
2025-04-29 12:00:00,-1.2563
2025-04-29 13:00:00,-1.2411
2025-04-29 14:00:00,-1.2389
2025-04-29 15:00:00,-1.2387
2025-04-29 16:00:00,-1.2373
2025-04-29 17:00:00,-1.2506
2025-04-29 18:00:00,-1.2472
2025-04-29 19:00:00,-1.2437
2025-04-29 20:00:00,-1.2386
2025-04-29 21:00:00,-1.2392
2025-04-29 22:00:00,-1.2283
2025-04-29 23:00:00,-1.2193
2025-04-30 00:00:00,-1.2202
2025-04-30 01:00:00,-1.1987
2025-04-30 02:00:00,-1.1987
2025-04-30 03:00:00,-1.1748
2025-04-30 04:00:00,-1.1709
2025-04-30 05:00:00,-1.1560
2025-04-30 06:00:00,-1.1426
2025-04-30 07:00:00,-1.1315
2025-04-30 08:00:00,-1.1195
2025-04-30 09:00:00,-1.0936
2025-04-30 10:00:00,-1.0785
2025-04-30 11:00:00,-1.0632
2025-04-30 12:00:00,-1.0491
2025-04-30 13:00:00,-1.0490
2025-04-30 14:00:00,-1.0512
2025-04-30 15:00:00,-1.0589
2025-04-30 16:00:00,-1.0597
2025-04-30 17:00:00,-1.0745
2025-04-30 18:00:00,-1.0896
2025-04-30 19:00:00,-1.1015
2025-04-30 20:00:00,-1.1067
2025-04-30 21:00:00,-1.1110
2025-04-30 22:00:00,-1.0971
2025-04-30 23:00:00,-1.0978
2025-05-01 00:00:00,-1.0845
2025-05-01 01:00:00,-1.0656
2025-05-01 02:00:00,-1.0523
2025-05-01 03:00:00,-1.0446
2025-05-01 04:00:00,-1.0400
2025-05-01 05:00:00,-1.0409
2025-05-01 06:00:00,-1.0397
2025-05-01 07:00:00,-1.0292
2025-05-01 08:00:00,-1.0239
2025-05-01 09:00:00,-1.0148
2025-05-01 10:00:00,-1.0074
2025-05-01 11:00:00,-1.0054
2025-05-01 12:00:00,-1.0218
2025-05-01 13:00:00,-1.0270
2025-05-01 14:00:00,-1.0309
2025-05-01 15:00:00,-1.0429
2025-05-01 16:00:00,-1.0542
2025-05-01 17:00:00,-1.0739
2025-05-01 18:00:00,-1.0862
2025-05-01 19:00:00,-1.0895
2025-05-01 20:00:00,-1.0930
2025-05-01 21:00:00,-1.0963
2025-05-01 22:00:00,-1.1075
2025-05-01 23:00:00,-1.1084
2025-05-02 00:00:00,-1.1078
2025-05-02 01:00:00,-1.1019
2025-05-02 02:00:00,-1.0902
2025-05-02 03:00:00,-1.0790
2025-05-02 04:00:00,-1.0686
2025-05-02 05:00:00,-1.0558
2025-05-02 06:00:00,-1.0441
2025-05-02 07:00:00,-1.0336
2025-05-02 08:00:00,-1.0316
2025-05-02 09:00:00,-1.0267
2025-05-02 10:00:00,-1.0140
2025-05-02 11:00:00,-1.0039
2025-05-02 12:00:00,-1.0040
2025-05-02 13:00:00,-1.0027
2025-05-02 14:00:00,-0.9996
2025-05-02 15:00:00,-0.9889
2025-05-02 16:00:00,-0.9866
2025-05-02 17:00:00,-1.0122
2025-05-02 18:00:00,-1.0435
2025-05-02 19:00:00,-1.0613
2025-05-02 20:00:00,-1.0684
2025-05-02 21:00:00,-1.0635
2025-05-02 22:00:00,-1.0709
2025-05-02 23:00:00,-1.0836
2025-05-03 00:00:00,-1.0779
2025-05-03 01:00:00,-1.0776
2025-05-03 02:00:00,-1.0695
2025-05-03 03:00:00,-1.0606
2025-05-03 04:00:00,-1.0476
2025-05-03 05:00:00,-1.0485
2025-05-03 06:00:00,-1.0526
2025-05-03 07:00:00,-1.0576
2025-05-03 08:00:00,-1.0498
2025-05-03 09:00:00,-1.0425
2025-05-03 10:00:00,-1.0328
2025-05-03 11:00:00,-1.0045
2025-05-03 12:00:00,-1.0213
2025-05-03 13:00:00,-1.0156
2025-05-03 14:00:00,-1.0264
2025-05-03 15:00:00,-1.0285
2025-05-03 16:00:00,-1.0211
2025-05-03 17:00:00,-1.0313
2025-05-03 18:00:00,-1.0292
2025-05-03 19:00:00,-1.0261
2025-05-03 20:00:00,-1.0303
2025-05-03 21:00:00,-1.0258
2025-05-03 22:00:00,-1.0212
2025-05-03 23:00:00,-1.0185
2025-05-04 00:00:00,-1.0136
2025-05-04 01:00:00,-1.0089
2025-05-04 02:00:00,-1.0152
2025-05-04 03:00:00,-1.0148
2025-05-04 04:00:00,-1.0155
2025-05-04 05:00:00,-1.0227
2025-05-04 06:00:00,-1.0317
2025-05-04 07:00:00,-1.0169
2025-05-04 08:00:00,-1.0110
2025-05-04 09:00:00,-1.0056
2025-05-04 10:00:00,-0.9978
2025-05-04 11:00:00,-0.9912
2025-05-04 12:00:00,-0.9834
2025-05-04 13:00:00,-0.9964
2025-05-04 14:00:00,-1.0055
2025-05-04 15:00:00,-1.0128
2025-05-04 16:00:00,-1.0120
2025-05-04 17:00:00,-0.9980
2025-05-04 18:00:00,-1.0086
2025-05-04 19:00:00,-1.0197
2025-05-04 20:00:00,-1.0264
2025-05-04 21:00:00,-1.0262
2025-05-04 22:00:00,-1.0309
2025-05-04 23:00:00,-1.0239
2025-05-05 00:00:00,-1.0266
2025-05-05 01:00:00,-1.0233
2025-05-05 02:00:00,-1.0227
2025-05-05 03:00:00,-1.0216
2025-05-05 04:00:00,-1.0430
2025-05-05 05:00:00,-1.0289
2025-05-05 06:00:00,-1.0285
2025-05-05 07:00:00,-1.0269
2025-05-05 08:00:00,-1.0252
2025-05-05 09:00:00,-1.0195
2025-06-24 22:00:00,-1.0120
2025-06-24 23:00:00,-0.9990
2025-06-25 00:00:00,-1.0140
2025-06-25 01:00:00,-1.0550
2025-06-25 02:00:00,-1.0560
2025-06-25 03:00:00,-1.0820
2025-06-25 04:00:00,-1.0680
2025-06-25 05:00:00,-1.0750
2025-06-25 06:00:00,-1.0710
2025-06-25 07:00:00,-1.0690
2025-06-25 08:00:00,-1.0650
2025-06-25 09:00:00,-1.0580
2025-06-25 10:00:00,-1.0470
2025-06-25 11:00:00,-1.0370
2025-06-25 12:00:00,-1.0240
2025-06-25 13:00:00,-1.0120
2025-06-25 14:00:00,-1.0070
2025-06-25 15:00:00,-1.0020
2025-06-25 16:00:00,-1.0000
2025-06-25 17:00:00,-1.0050
2025-06-25 18:00:00,-1.0040
2025-06-25 19:00:00,-1.0000
2025-06-25 20:00:00,-0.9960
2025-06-25 21:00:00,-1.0090
2025-06-25 22:00:00,-1.0300
2025-06-25 23:00:00,-1.0620
2025-06-26 00:00:00,-1.0910
2025-06-26 01:00:00,-1.1120
2025-06-26 02:00:00,-1.1140
2025-06-26 03:00:00,-1.1250
2025-06-26 04:00:00,-1.1230
2025-06-26 05:00:00,-1.1140
2025-06-26 06:00:00,-1.1270
2025-06-26 07:00:00,-1.1240
2025-06-26 08:00:00,-1.1260
2025-06-26 09:00:00,-1.1280
2025-06-26 10:00:00,-1.1160
2025-06-26 11:00:00,-1.1140
2025-06-26 12:00:00,-1.1240
2025-06-26 13:00:00,-1.1210
2025-06-26 14:00:00,-1.1240
2025-06-26 15:00:00,-1.1320
2025-06-26 16:00:00,-1.1270
2025-06-26 17:00:00,-1.1180
2025-06-26 18:00:00,-1.1080
2025-06-26 19:00:00,-1.1100
2025-06-26 20:00:00,-1.1080
2025-06-26 21:00:00,-1.1000
2025-06-26 22:00:00,-1.1060
2025-06-26 23:00:00,-1.1080
2025-06-27 00:00:00,-1.1100
2025-06-27 01:00:00,-1.1120
2025-06-27 02:00:00,-1.1120
2025-06-27 03:00:00,-1.1160
2025-06-27 04:00:00,-1.1110
2025-06-27 05:00:00,-1.1060
2025-06-27 06:00:00,-1.1010
2025-06-27 07:00:00,-1.0940
2025-06-27 08:00:00,-1.0910
2025-06-27 09:00:00,-1.0780
2025-06-27 10:00:00,-1.0650
2025-06-27 11:00:00,-1.0540
2025-06-27 12:00:00,-1.0440
2025-06-27 13:00:00,-1.0330
2025-06-27 14:00:00,-1.0220
2025-06-27 15:00:00,-1.0020
2025-06-27 16:00:00,-0.9930
2025-06-27 17:00:00,-0.9970
2025-06-27 18:00:00,-0.9960
2025-06-27 19:00:00,-0.9970
2025-06-27 20:00:00,-0.9950
2025-06-27 21:00:00,-0.9900
2025-06-27 22:00:00,-0.9890
2025-06-27 23:00:00,-0.9900
2025-06-28 00:00:00,-1.0160
2025-06-28 01:00:00,-1.0290
2025-06-28 02:00:00,-1.0330
2025-06-28 03:00:00,-1.0340
2025-06-28 04:00:00,-1.0330
2025-06-28 05:00:00,-1.0330
2025-06-28 06:00:00,-1.0420
2025-06-28 07:00:00,-1.0450
2025-06-28 08:00:00,-1.0350
2025-06-28 09:00:00,-1.0250
2025-06-28 10:00:00,-1.0090
2025-06-28 11:00:00,-0.9970
2025-06-28 12:00:00,-0.9930
2025-06-28 13:00:00,-0.9830
2025-06-28 14:00:00,-0.9960
2025-06-28 15:00:00,-1.0180
2025-06-28 16:00:00,-1.0360
2025-06-28 17:00:00,-1.0510
2025-06-28 18:00:00,-1.0450
2025-06-28 19:00:00,-1.0390
2025-06-28 20:00:00,-1.0380
2025-06-28 21:00:00,-1.0310
2025-06-28 22:00:00,-1.0160
2025-06-28 23:00:00,-1.0100
2025-06-29 00:00:00,-1.0070
2025-06-29 01:00:00,-1.0180
2025-06-29 02:00:00,-1.0260
2025-06-29 03:00:00,-1.0330
2025-06-29 04:00:00,-1.0340
2025-06-29 05:00:00,-1.0290
2025-06-29 06:00:00,-1.0280
2025-06-29 07:00:00,-1.0190
2025-06-29 08:00:00,-1.0100
2025-06-29 09:00:00,-1.0040
2025-06-29 10:00:00,-0.9940
2025-06-29 11:00:00,-0.9800
2025-06-29 12:00:00,-0.9680
2025-06-29 13:00:00,-0.9600
2025-06-29 14:00:00,-0.9580
2025-06-29 15:00:00,-0.9600
2025-06-29 16:00:00,-0.9590
2025-06-29 17:00:00,-0.9590
2025-06-29 18:00:00,-0.9700
2025-06-29 19:00:00,-0.9730
2025-06-29 20:00:00,-0.9770
2025-06-29 21:00:00,-0.9710
2025-06-29 22:00:00,-0.9650
2025-06-29 23:00:00,-0.9650
2025-06-30 00:00:00,-0.9600
2025-06-30 01:00:00,-0.9610
2025-06-30 02:00:00,-0.9600
2025-06-30 03:00:00,-0.9610
2025-06-30 04:00:00,-0.9860
2025-06-30 05:00:00,-1.0150
2025-06-30 06:00:00,-1.0340
2025-06-30 07:00:00,-1.0420
2025-06-30 08:00:00,-1.0350
2025-06-30 09:00:00,-1.0240
2025-06-30 10:00:00,-1.0140
2025-06-30 11:00:00,-1.0170
2025-06-30 12:00:00,-1.0250
2025-06-30 13:00:00,-1.0500
2025-06-30 14:00:00,-1.0820
2025-06-30 15:00:00,-1.1170
2025-06-30 16:00:00,-1.1460
2025-06-30 17:00:00,-1.1610
2025-06-30 18:00:00,-1.1670
2025-06-30 19:00:00,-1.1760
2025-06-30 20:00:00,-1.1880
2025-06-30 21:00:00,-1.1840
2025-06-30 22:00:00,-1.1810
2025-06-30 23:00:00,-1.1850
2025-07-01 00:00:00,-1.1800
2025-07-01 01:00:00,-1.1720
2025-07-01 02:00:00,-1.1600
2025-07-01 03:00:00,-1.1420
2025-07-01 04:00:00,-1.1460
2025-07-01 05:00:00,-1.1350
2025-07-01 06:00:00,-1.1180
2025-07-01 07:00:00,-1.1120
2025-07-01 08:00:00,-1.1200
2025-07-01 09:00:00,-1.1120
2025-07-01 10:00:00,-1.0880
2025-07-01 11:00:00,-1.0730
2025-07-01 12:00:00,-1.0520
2025-07-01 13:00:00,-1.0530
2025-07-01 14:00:00,-1.0850
2025-07-01 15:00:00,-1.1210
2025-07-01 16:00:00,-1.1320
2025-07-01 17:00:00,-1.1410
2025-07-01 18:00:00,-1.1560
2025-07-01 19:00:00,-1.1720
2025-07-01 20:00:00,-1.1660
2025-07-01 21:00:00,-1.1260
2025-07-01 22:00:00,-1.0990
2025-07-01 23:00:00,-1.0750
2025-07-02 00:00:00,-1.0680
2025-07-02 01:00:00,-1.0480
2025-07-02 02:00:00,-1.0250
2025-07-02 03:00:00,-1.0290
2025-07-02 04:00:00,-0.9980
2025-07-02 05:00:00,-0.9930
2025-07-02 06:00:00,-1.0000
2025-07-02 07:00:00,-0.9940
2025-07-02 08:00:00,-0.9840
2025-07-02 09:00:00,-0.9770
2025-07-02 10:00:00,-0.9610
2025-07-02 11:00:00,-0.9530
2025-07-02 12:00:00,-0.9490
2025-07-02 13:00:00,-0.9620
2025-07-02 14:00:00,-0.9870
2025-07-02 15:00:00,-1.0240
2025-07-02 16:00:00,-1.0320
2025-07-02 17:00:00,-1.0430
2025-07-02 18:00:00,-1.0750
2025-07-02 19:00:00,-1.1030
2025-07-02 20:00:00,-1.1160
2025-07-02 21:00:00,-1.1130
2025-07-02 22:00:00,-1.0960
2025-07-02 23:00:00,-1.0790
2025-07-03 00:00:00,-1.0530
2025-07-03 01:00:00,-1.0340
2025-07-03 02:00:00,-1.0240
2025-07-03 03:00:00,-1.0050
2025-07-03 04:00:00,-0.9960
2025-07-03 05:00:00,-0.9860
2025-07-03 06:00:00,-0.9810
2025-07-03 07:00:00,-0.9740
2025-07-03 08:00:00,-0.9700
2025-07-03 09:00:00,-0.9610
2025-07-03 10:00:00,-0.9540
2025-07-03 11:00:00,-0.9540
2025-07-03 12:00:00,-0.9520
2025-07-03 13:00:00,-0.9540
2025-07-03 14:00:00,-0.9670
2025-07-03 15:00:00,-0.9750
2025-07-03 16:00:00,-0.9790
2025-07-03 17:00:00,-0.9840
2025-07-03 18:00:00,-0.9960
2025-07-03 19:00:00,-0.9900
2025-07-03 20:00:00,-0.9900
2025-07-03 21:00:00,-0.9940
2025-07-03 22:00:00,-0.9960
2025-07-03 23:00:00,-1.0020
2025-07-04 00:00:00,-1.0290
2025-07-04 01:00:00,-1.0530
2025-07-04 02:00:00,-1.0630
2025-07-04 03:00:00,-1.0990
2025-07-04 04:00:00,-1.1030
2025-07-04 05:00:00,-1.1360
2025-07-04 06:00:00,-1.1490
2025-07-04 07:00:00,-1.1720
2025-07-04 08:00:00,-1.1910
2025-07-04 09:00:00,-1.2010
2025-07-04 10:00:00,-1.2000
2025-07-04 11:00:00,-1.1850
2025-07-04 12:00:00,-1.1930
2025-07-04 13:00:00,-1.1870
2025-07-04 14:00:00,-1.1930
2025-07-04 15:00:00,-1.2020
2025-07-04 16:00:00,-1.2070
2025-07-04 17:00:00,-1.2120
2025-07-04 18:00:00,-1.2170
2025-07-04 19:00:00,-1.2250
2025-07-04 20:00:00,-1.2220
2025-07-04 21:00:00,-1.2190
2025-07-04 22:00:00,-1.2240
2025-07-04 23:00:00,-1.2350
2025-07-05 00:00:00,-1.2200
2025-07-05 01:00:00,-1.2170
2025-07-05 02:00:00,-1.2070
2025-07-05 03:00:00,-1.2080
2025-07-05 04:00:00,-1.2120
2025-07-05 05:00:00,-1.2080
2025-07-05 06:00:00,-1.2020
2025-07-05 07:00:00,-1.1990
2025-07-05 08:00:00,-1.2110
2025-07-05 09:00:00,-1.2140
2025-07-05 10:00:00,-1.1940
2025-07-05 11:00:00,-1.1760
2025-07-05 12:00:00,-1.1720
2025-07-05 13:00:00,-1.1770
2025-07-05 14:00:00,-1.1600
2025-07-05 15:00:00,-1.1490
2025-07-05 16:00:00,-1.1260
2025-07-05 17:00:00,-1.1130
2025-07-05 18:00:00,-1.0930
2025-07-05 19:00:00,-1.0770
2025-07-05 20:00:00,-1.0720
2025-07-05 21:00:00,-1.0750
2025-07-05 22:00:00,-1.0920
2025-07-05 23:00:00,-1.1160
2025-07-06 00:00:00,-1.1310
2025-07-06 01:00:00,-1.1300
2025-07-06 02:00:00,-1.1260
2025-07-06 03:00:00,-1.1100
2025-07-06 04:00:00,-1.1060
2025-07-06 05:00:00,-1.1050
2025-07-06 06:00:00,-1.0990
2025-07-06 07:00:00,-1.0780
2025-07-06 08:00:00,-1.0650
2025-07-06 09:00:00,-1.0460
2025-07-06 10:00:00,-1.0320
2025-07-06 11:00:00,-1.0280
2025-07-06 12:00:00,-1.0270
2025-07-06 13:00:00,-1.0290
2025-07-06 14:00:00,-1.0190
2025-07-06 15:00:00,-1.0230
2025-07-06 16:00:00,-1.0330
2025-07-06 17:00:00,-1.0460
2025-07-06 18:00:00,-1.0660
2025-07-06 19:00:00,-1.0810
2025-07-06 20:00:00,-1.0890
2025-07-06 21:00:00,-1.0930
2025-07-06 22:00:00,-1.1170
2025-07-06 23:00:00,-1.1100
2025-07-07 00:00:00,-1.0970
2025-07-07 01:00:00,-1.0880
2025-07-07 02:00:00,-1.0720
2025-07-07 03:00:00,-1.0540
2025-07-07 04:00:00,-1.0460
2025-07-07 05:00:00,-1.0270
2025-07-07 06:00:00,-1.0000
2025-07-07 07:00:00,-0.9820
2025-07-07 08:00:00,-0.9630
2025-07-07 09:00:00,-0.9560
2025-07-07 10:00:00,-0.9530
2025-07-07 11:00:00,-0.9550
2025-07-07 12:00:00,-0.9600
2025-07-07 13:00:00,-0.9500
2025-07-07 14:00:00,-0.9510
2025-07-07 15:00:00,-0.9650
2025-07-07 16:00:00,-0.9700
2025-07-07 17:00:00,-0.9720
2025-07-07 18:00:00,-0.9740
2025-07-07 19:00:00,-0.9690
2025-07-07 20:00:00,-0.9700
2025-07-07 21:00:00,-0.9760
2025-07-07 22:00:00,-0.9800
2025-07-07 23:00:00,-0.9890
2025-07-08 00:00:00,-0.9840
2025-07-08 01:00:00,-0.9880
2025-07-08 02:00:00,-1.0000
2025-07-08 03:00:00,-1.0090
2025-07-08 04:00:00,-1.0190
2025-07-08 05:00:00,-1.0280
2025-07-08 06:00:00,-1.0460
2025-07-08 07:00:00,-1.0620
2025-07-08 08:00:00,-1.0660
2025-07-08 09:00:00,-1.0620
2025-07-08 10:00:00,-1.0450
2025-07-08 11:00:00,-1.0250
2025-07-08 12:00:00,-1.0110
2025-07-08 13:00:00,-1.0000
2025-07-08 14:00:00,-0.9920
2025-07-08 15:00:00,-0.9810
2025-07-08 16:00:00,-0.9730
2025-07-08 17:00:00,-0.9630
2025-07-08 18:00:00,-0.9620
2025-07-08 19:00:00,-0.9590
2025-07-08 20:00:00,-0.9560
2025-07-08 21:00:00,-0.9530
2025-07-08 22:00:00,-0.9460
2025-07-08 23:00:00,-0.9440
2025-07-09 00:00:00,-0.9380
2025-07-09 01:00:00,-0.9370
2025-07-09 02:00:00,-0.9370
2025-07-09 03:00:00,-0.9290
2025-07-09 04:00:00,-0.9280
2025-07-09 05:00:00,-0.9300
2025-07-09 06:00:00,-0.9350
2025-07-09 07:00:00,-0.9330
2025-07-09 08:00:00,-0.9310
2025-07-09 09:00:00,-0.9390
2025-07-09 10:00:00,-0.9590
2025-07-09 11:00:00,-0.9680
2025-07-09 12:00:00,-0.9730
2025-07-09 13:00:00,-0.9820
2025-07-09 14:00:00,-0.9730
2025-07-09 15:00:00,-0.9780
2025-07-09 16:00:00,-0.9860
2025-07-09 17:00:00,-0.9920
2025-07-09 18:00:00,-0.9950
2025-07-09 19:00:00,-0.9940
2025-07-09 20:00:00,-0.9920
2025-07-09 21:00:00,-0.9950
2025-07-09 22:00:00,-0.9970
2025-07-09 23:00:00,-1.0100
2025-07-10 00:00:00,-1.0200
2025-07-10 01:00:00,-1.0390
2025-07-10 02:00:00,-1.0530
2025-07-10 03:00:00,-1.0770
2025-07-10 04:00:00,-1.0950
2025-07-10 05:00:00,-1.0930
2025-07-10 06:00:00,-1.0720
2025-07-10 07:00:00,-1.0440
2025-07-10 08:00:00,-1.0310
2025-07-10 09:00:00,-1.0200
2025-07-10 10:00:00,-1.0110
2025-07-10 11:00:00,-1.0200
2025-07-10 12:00:00,-1.0300
2025-07-10 13:00:00,-1.0430
2025-07-10 14:00:00,-1.0520
2025-07-10 15:00:00,-1.0760
2025-07-10 16:00:00,-1.0830
2025-07-10 17:00:00,-1.0820
2025-07-10 18:00:00,-1.0800
2025-07-10 19:00:00,-1.0660
2025-07-10 20:00:00,-1.0590
2025-07-10 21:00:00,-1.0450
2025-07-10 22:00:00,-1.0440
2025-07-10 23:00:00,-1.0400
2025-07-11 00:00:00,-1.0310
2025-07-11 01:00:00,-1.0310
2025-07-11 02:00:00,-1.0290
2025-07-11 03:00:00,-1.0210
2025-07-11 04:00:00,-1.0100
2025-07-11 05:00:00,-1.0040
2025-07-11 06:00:00,-1.0020
2025-07-11 07:00:00,-1.0000
2025-07-11 08:00:00,-0.9990
2025-07-11 09:00:00,-1.0030
2025-07-11 10:00:00,-1.0080
2025-07-11 11:00:00,-1.0090
2025-07-11 12:00:00,-1.0150
2025-07-11 13:00:00,-1.0120
2025-07-11 14:00:00,-1.0040
2025-07-11 15:00:00,-1.0070
2025-07-11 16:00:00,-1.0070
2025-07-11 17:00:00,-1.0120
2025-07-11 18:00:00,-1.0140
2025-07-11 19:00:00,-1.0290
2025-07-11 20:00:00,-1.0440
2025-07-11 21:00:00,-1.0950
2025-07-11 22:00:00,-1.1070
2025-07-11 23:00:00,-1.1250
2025-07-12 00:00:00,-1.1100
2025-07-12 01:00:00,-1.1350
2025-07-12 02:00:00,-1.1420
2025-07-12 03:00:00,-1.1550
2025-07-12 04:00:00,-1.1560
2025-07-12 05:00:00,-1.1530
2025-07-12 06:00:00,-1.1520
2025-07-12 07:00:00,-1.1470
2025-07-12 08:00:00,-1.1510
2025-07-12 09:00:00,-1.1440
2025-07-12 10:00:00,-1.1560
2025-07-12 11:00:00,-1.1390
2025-07-12 12:00:00,-1.1110
2025-07-12 13:00:00,-1.0990
2025-07-12 14:00:00,-1.0910
2025-07-12 15:00:00,-1.1010
2025-07-12 16:00:00,-1.1040
2025-07-12 17:00:00,-1.1100
2025-07-12 18:00:00,-1.1140
2025-07-12 19:00:00,-1.1140
2025-07-12 20:00:00,-1.1050
2025-07-12 21:00:00,-1.1080
2025-07-12 22:00:00,-1.1090
2025-07-12 23:00:00,-1.1100
2025-07-13 00:00:00,-1.1210
2025-07-13 01:00:00,-1.1160
2025-07-13 02:00:00,-1.1200
2025-07-13 03:00:00,-1.1260
2025-07-13 04:00:00,-1.1290
2025-07-13 05:00:00,-1.1320
2025-07-13 06:00:00,-1.1370
2025-07-13 07:00:00,-1.1300
2025-07-13 08:00:00,-1.1270
2025-07-13 09:00:00,-1.1480
2025-07-13 10:00:00,-1.1220
2025-07-13 11:00:00,-1.1250
2025-07-13 12:00:00,-1.1230
2025-07-13 13:00:00,-1.1260
2025-07-13 14:00:00,-1.1280
2025-07-13 15:00:00,-1.1380
2025-07-13 16:00:00,-1.1500
2025-07-13 17:00:00,-1.1470
2025-07-13 18:00:00,-1.1460
2025-07-13 19:00:00,-1.1410
2025-07-13 20:00:00,-1.1340
2025-07-13 21:00:00,-1.1380
2025-07-13 22:00:00,-1.1420
2025-07-13 23:00:00,-1.1440
2025-07-14 00:00:00,-1.1410
2025-07-14 01:00:00,-1.1370
2025-07-14 02:00:00,-1.1310
2025-07-14 03:00:00,-1.1260
2025-07-14 04:00:00,-1.1130
2025-07-14 05:00:00,-1.1050
2025-07-14 06:00:00,-1.1060
2025-07-14 07:00:00,-1.1040
2025-07-14 08:00:00,-1.1040
2025-07-14 09:00:00,-1.1000
2025-07-14 10:00:00,-1.0960
2025-07-14 11:00:00,-1.0940
2025-07-14 12:00:00,-1.0990
2025-07-14 13:00:00,-1.1100
2025-07-14 14:00:00,-1.1240
2025-07-14 15:00:00,-1.1340
2025-07-14 16:00:00,-1.1260
2025-07-14 17:00:00,-1.1230
2025-07-14 18:00:00,-1.1210
2025-07-14 19:00:00,-1.1230
2025-07-14 20:00:00,-1.1260
2025-07-14 21:00:00,-1.1290
2025-07-14 22:00:00,-1.1330
2025-07-14 23:00:00,-1.1350
2025-07-15 00:00:00,-1.1400
2025-07-15 01:00:00,-1.1520
2025-07-15 02:00:00,-1.1450
2025-07-15 03:00:00,-1.1480
2025-07-15 04:00:00,-1.1530
2025-07-15 05:00:00,-1.1740
2025-07-15 06:00:00,-1.1860
2025-07-15 07:00:00,-1.1810
2025-07-15 08:00:00,-1.1850
2025-07-15 09:00:00,-1.1920
2025-07-15 10:00:00,-1.1900
2025-07-15 11:00:00,-1.1920
2025-07-15 12:00:00,-1.1830
2025-07-15 13:00:00,-1.1610
2025-07-15 14:00:00,-1.1800
2025-07-15 15:00:00,-1.1880
2025-07-15 16:00:00,-1.1960
2025-07-15 17:00:00,-1.2060
2025-07-15 18:00:00,-1.1920
2025-07-15 19:00:00,-1.2200
2025-07-15 20:00:00,-1.2250
2025-07-15 21:00:00,-1.2180
2025-07-15 22:00:00,-1.2200
2025-07-15 23:00:00,-1.2180
2025-07-16 00:00:00,-1.2160
2025-07-16 01:00:00,-1.2120
2025-07-16 02:00:00,-1.2150
2025-07-16 03:00:00,-1.2100
2025-07-16 04:00:00,-1.2070
2025-07-16 05:00:00,-1.2030
2025-07-16 06:00:00,-1.2150
2025-07-16 07:00:00,-1.2320
2025-07-16 08:00:00,-1.2270
2025-07-16 09:00:00,-1.2190
2025-07-16 10:00:00,-1.2110
2025-07-16 11:00:00,-1.2050
2025-07-16 12:00:00,-1.1920
2025-07-16 13:00:00,-1.1880
2025-07-16 14:00:00,-1.1860
2025-07-16 15:00:00,-1.1790
2025-07-16 16:00:00,-1.1820
2025-07-16 17:00:00,-1.1740
2025-07-16 18:00:00,-1.1690
2025-07-16 19:00:00,-1.1700
2025-07-16 20:00:00,-1.1680
2025-07-16 21:00:00,-1.1720
2025-07-16 22:00:00,-1.1640
2025-07-16 23:00:00,-1.1660
2025-07-17 00:00:00,-1.1560
2025-07-17 01:00:00,-1.1510
2025-07-17 02:00:00,-1.1560
2025-07-17 03:00:00,-1.1510
2025-07-17 04:00:00,-1.1470
2025-07-17 05:00:00,-1.1490
2025-07-17 06:00:00,-1.1510
2025-07-17 07:00:00,-1.1480
2025-07-17 08:00:00,-1.1480
2025-07-17 09:00:00,-1.1470
2025-07-17 10:00:00,-1.1410
2025-07-17 11:00:00,-1.1350
2025-07-17 12:00:00,-1.1340
2025-07-17 13:00:00,-1.1470
2025-07-17 14:00:00,-1.1560
2025-07-17 15:00:00,-1.1740
2025-07-17 16:00:00,-1.1900
2025-07-17 17:00:00,-1.2050
2025-07-17 18:00:00,-1.2130
2025-07-17 19:00:00,-1.2190
2025-07-17 20:00:00,-1.2220
2025-07-17 21:00:00,-1.2280
2025-07-17 22:00:00,-1.2260
2025-07-17 23:00:00,-1.2270
2025-07-18 00:00:00,-1.2280
2025-07-18 01:00:00,-1.2290
2025-07-18 02:00:00,-1.2120
2025-07-18 03:00:00,-1.2140
2025-07-18 04:00:00,-1.2120
2025-07-18 05:00:00,-1.2100
2025-07-18 06:00:00,-1.2090
2025-07-18 07:00:00,-1.2040
2025-07-18 08:00:00,-1.2020
2025-07-18 09:00:00,-1.1940
2025-07-18 10:00:00,-1.1950
2025-07-18 11:00:00,-1.1980
2025-07-18 12:00:00,-1.1830
2025-07-18 13:00:00,-1.1790
2025-07-18 14:00:00,-1.1830
2025-07-18 15:00:00,-1.1890
2025-07-18 16:00:00,-1.1900
2025-07-18 17:00:00,-1.1910
2025-07-18 18:00:00,-1.1870
2025-07-18 19:00:00,-1.1860
2025-07-18 20:00:00,-1.1850
2025-07-18 21:00:00,-1.1730
2025-07-18 22:00:00,-1.1740
2025-07-18 23:00:00,-1.1780
2025-07-19 00:00:00,-1.1710
2025-07-19 01:00:00,-1.1760
2025-07-19 02:00:00,-1.1740
2025-07-19 03:00:00,-1.1750
2025-07-19 04:00:00,-1.1680
2025-07-19 05:00:00,-1.1710
2025-07-19 06:00:00,-1.1540
2025-07-19 07:00:00,-1.1510
2025-07-19 08:00:00,-1.1480
2025-07-19 09:00:00,-1.1390
2025-07-19 10:00:00,-1.1330
2025-07-19 11:00:00,-1.1230
2025-07-19 12:00:00,-1.1110
2025-07-19 13:00:00,-1.1080
2025-07-19 14:00:00,-1.1020
2025-07-19 15:00:00,-1.1090
2025-07-19 16:00:00,-1.1180
2025-07-19 17:00:00,-1.1360
2025-07-19 18:00:00,-1.1420
2025-07-19 19:00:00,-1.1460
2025-07-19 20:00:00,-1.1440
2025-07-19 21:00:00,-1.1420
2025-07-19 22:00:00,-1.1480
2025-07-19 23:00:00,-1.1470
2025-07-20 00:00:00,-1.1390
2025-07-20 01:00:00,-1.1350
2025-07-20 02:00:00,-1.1290
2025-07-20 03:00:00,-1.1310
2025-07-20 04:00:00,-1.1240
2025-07-20 05:00:00,-1.1330
2025-07-20 06:00:00,-1.1350
2025-07-20 07:00:00,-1.1330
2025-07-20 08:00:00,-1.1330
2025-07-20 09:00:00,-1.1380
2025-07-20 10:00:00,-1.1360
2025-07-20 11:00:00,-1.1320
2025-07-20 12:00:00,-1.1330
2025-07-20 13:00:00,-1.1250
2025-07-20 14:00:00,-1.1330
2025-07-20 15:00:00,-1.1360
2025-07-20 16:00:00,-1.1360
2025-07-20 17:00:00,-1.1430
2025-07-20 18:00:00,-1.1490
2025-07-20 19:00:00,-1.1480
2025-07-20 20:00:00,-1.1400
2025-07-20 21:00:00,-1.1430
2025-07-20 22:00:00,-1.1440
2025-07-20 23:00:00,-1.1440
2025-07-21 00:00:00,-1.1420
2025-07-21 01:00:00,-1.1590
2025-07-21 02:00:00,-1.1460
2025-07-21 03:00:00,-1.1390
2025-07-21 04:00:00,-1.1450
2025-07-21 05:00:00,-1.1440
2025-07-21 06:00:00,-1.1410
2025-07-21 07:00:00,-1.1370
2025-07-21 08:00:00,-1.1480
2025-07-21 09:00:00,-1.1470
2025-07-21 10:00:00,-1.1410
2025-07-21 11:00:00,-1.1460
2025-07-21 12:00:00,-1.1360
2025-07-21 13:00:00,-1.1260
2025-07-21 14:00:00,-1.1150
2025-07-21 15:00:00,-1.1190
2025-07-21 16:00:00,-1.1150
2025-07-21 17:00:00,-1.1270
2025-07-21 18:00:00,-1.1240
2025-07-21 19:00:00,-1.1280
2025-07-21 20:00:00,-1.1320
2025-07-21 21:00:00,-1.1360
2025-07-21 22:00:00,-1.1490
2025-07-21 23:00:00,-1.1540
2025-07-22 00:00:00,-1.1560
2025-07-22 01:00:00,-1.1580
2025-07-22 02:00:00,-1.1560
2025-07-22 03:00:00,-1.1560
2025-07-22 04:00:00,-1.1560
2025-07-22 05:00:00,-1.1570
2025-07-22 06:00:00,-1.1620
2025-07-22 07:00:00,-1.1660
2025-07-22 08:00:00,-1.1590
2025-07-22 09:00:00,-1.1600
2025-07-22 10:00:00,-1.1650
2025-07-22 11:00:00,-1.1720
2025-07-22 12:00:00,-1.1700
2025-07-22 13:00:00,-1.1710
2025-07-22 14:00:00,-1.1590
2025-07-22 15:00:00,-1.1520
2025-07-22 16:00:00,-1.1610
2025-07-22 17:00:00,-1.1600
2025-07-22 18:00:00,-1.1560
2025-07-22 19:00:00,-1.1530
2025-07-22 20:00:00,-1.1540
2025-07-22 21:00:00,-1.1550
2025-07-22 22:00:00,-1.1550
2025-07-22 23:00:00,-1.1550
2025-07-23 00:00:00,-1.1600
2025-07-23 01:00:00,-1.1670
2025-07-23 02:00:00,-1.1680
2025-07-23 03:00:00,-1.1690
2025-07-23 04:00:00,-1.1640
2025-07-23 05:00:00,-1.1670
2025-07-23 06:00:00,-1.1630
2025-07-23 07:00:00,-1.1590
2025-07-23 08:00:00,-1.1560
2025-07-23 09:00:00,-1.1590
2025-07-23 10:00:00,-1.1610
2025-07-23 11:00:00,-1.1640
2025-07-23 12:00:00,-1.1660
2025-07-23 13:00:00,-1.1650
2025-07-23 14:00:00,-1.1630
2025-07-23 15:00:00,-1.1590
2025-07-23 16:00:00,-1.1630
2025-07-23 17:00:00,-1.1660
2025-07-23 18:00:00,-1.1680
2025-07-23 19:00:00,-1.1700
2025-07-23 20:00:00,-1.1740
2025-07-23 21:00:00,-1.1740
2025-07-23 22:00:00,-1.1730
2025-07-23 23:00:00,-1.1750
2025-07-24 00:00:00,-1.1730
2025-07-24 01:00:00,-1.1730
2025-07-24 02:00:00,-1.1700
2025-07-24 03:00:00,-1.1760
2025-07-24 04:00:00,-1.1820
2025-07-24 05:00:00,-1.1750
2025-07-24 06:00:00,-1.1630
2025-07-24 07:00:00,-1.1540
2025-07-24 08:00:00,-1.1510
2025-07-24 09:00:00,-1.1460
2025-07-24 10:00:00,-1.1450
2025-07-24 11:00:00,-1.1340
2025-07-24 12:00:00,-1.1290
2025-07-24 13:00:00,-1.1250
2025-07-24 14:00:00,-1.1220
2025-07-24 15:00:00,-1.1200
2025-07-24 16:00:00,-1.1190
2025-07-24 17:00:00,-1.1230
2025-07-24 18:00:00,-1.1250
2025-07-24 19:00:00,-1.1220
2025-07-24 20:00:00,-1.1190
2025-07-24 21:00:00,-1.1160
2025-07-24 22:00:00,-1.1170
2025-07-24 23:00:00,-1.1220
2025-07-25 00:00:00,-1.1230
2025-07-25 01:00:00,-1.1210
2025-07-25 02:00:00,-1.1250
2025-07-25 03:00:00,-1.1310
2025-07-25 04:00:00,-1.1270
2025-07-25 05:00:00,-1.1250
2025-07-25 06:00:00,-1.1280
2025-07-25 07:00:00,-1.1240
2025-07-25 08:00:00,-1.1200
2025-07-25 09:00:00,-1.1300
2025-07-25 10:00:00,-1.1300
2025-07-25 11:00:00,-1.1270
2025-07-25 12:00:00,-1.1260
2025-07-25 13:00:00,-1.1230
2025-07-25 14:00:00,-1.1180
2025-07-25 15:00:00,-1.1140
2025-07-25 16:00:00,-1.1080
2025-07-25 17:00:00,-1.1040
2025-07-25 18:00:00,-1.1020
2025-07-25 19:00:00,-1.1020
2025-07-25 20:00:00,-1.0990
2025-07-25 21:00:00,-1.1120
2025-07-25 22:00:00,-1.1010
2025-07-25 23:00:00,-1.0950
2025-07-26 00:00:00,-1.0960
2025-07-26 01:00:00,-1.0950
2025-07-26 02:00:00,-1.1020
2025-07-26 03:00:00,-1.1140
2025-07-26 04:00:00,-1.1200
2025-07-26 05:00:00,-1.1240
2025-07-26 06:00:00,-1.1190
2025-07-26 07:00:00,-1.1260
2025-07-26 08:00:00,-1.1340
2025-07-26 09:00:00,-1.1340
2025-07-26 10:00:00,-1.1260
2025-07-26 11:00:00,-1.1250
2025-07-26 12:00:00,-1.1170
2025-07-26 13:00:00,-1.1150
2025-07-26 14:00:00,-1.1170
2025-07-26 15:00:00,-1.1210
2025-07-26 16:00:00,-1.1030
2025-07-26 17:00:00,-1.0930
2025-07-26 18:00:00,-1.0840
2025-07-26 19:00:00,-1.0780
2025-07-26 20:00:00,-1.0760
2025-07-26 21:00:00,-1.0740
2025-07-26 22:00:00,-1.0770
2025-07-26 23:00:00,-1.0790
2025-07-27 00:00:00,-1.0830
2025-07-27 01:00:00,-1.0790
2025-07-27 02:00:00,-1.0840
2025-07-27 03:00:00,-1.0840
2025-07-27 04:00:00,-1.0810
2025-07-27 05:00:00,-1.0830
2025-07-27 06:00:00,-1.0850
2025-07-27 07:00:00,-1.0850
2025-07-27 08:00:00,-1.0760
2025-07-27 09:00:00,-1.0790
2025-07-27 10:00:00,-1.0790
2025-07-27 11:00:00,-1.1000
2025-07-27 12:00:00,-1.0950
2025-07-27 13:00:00,-1.0780
2025-07-27 14:00:00,-1.0690
2025-07-27 15:00:00,-1.0650
2025-07-27 16:00:00,-1.0810
2025-07-27 17:00:00,-1.0990
2025-07-27 18:00:00,-1.1000
2025-07-27 19:00:00,-1.0890
2025-07-27 20:00:00,-1.0780
2025-07-27 21:00:00,-1.0770
2025-07-27 22:00:00,-1.0780
2025-07-27 23:00:00,-1.0740
2025-07-28 00:00:00,-1.0740
2025-07-28 01:00:00,-1.0730
2025-07-28 02:00:00,-1.0740
2025-07-28 03:00:00,-1.0740
2025-07-28 04:00:00,-1.0760
2025-07-28 05:00:00,-1.0770
2025-07-28 06:00:00,-1.0780
2025-07-28 07:00:00,-1.0750
2025-07-28 08:00:00,-1.0780
2025-07-28 09:00:00,-1.0800
2025-07-28 10:00:00,-1.0800
2025-07-28 11:00:00,-1.0770
2025-07-28 12:00:00,-1.0710
2025-07-28 13:00:00,-1.0670
2025-07-28 14:00:00,-1.0600
2025-07-28 15:00:00,-1.0530
2025-07-28 16:00:00,-1.0460
2025-07-28 17:00:00,-1.0530
2025-07-28 18:00:00,-1.0640
2025-07-28 19:00:00,-1.0640
2025-07-28 20:00:00,-1.0670
2025-07-28 21:00:00,-1.0670
2025-07-28 22:00:00,-1.0710
2025-07-28 23:00:00,-1.0760
2025-07-29 00:00:00,-1.0840
2025-07-29 01:00:00,-1.1030
2025-07-29 02:00:00,-1.1070
2025-07-29 03:00:00,-1.1040
2025-07-29 04:00:00,-1.1010
2025-07-29 05:00:00,-1.1000
2025-07-29 06:00:00,-1.0970
2025-07-29 07:00:00,-1.1010
2025-07-29 08:00:00,-1.0990
2025-07-29 09:00:00,-1.0990
2025-07-29 10:00:00,-1.1010
2025-07-29 11:00:00,-1.1190
2025-07-29 12:00:00,-1.1190
2025-07-29 13:00:00,-1.1240
2025-07-29 14:00:00,-1.1210
2025-07-29 15:00:00,-1.1330
2025-07-29 16:00:00,-1.1450
2025-07-29 17:00:00,-1.1520
2025-07-29 18:00:00,-1.1640
2025-07-29 19:00:00,-1.1520
2025-07-29 20:00:00,-1.1560
2025-07-29 21:00:00,-1.1690
2025-07-29 22:00:00,-1.1760
2025-07-29 23:00:00,-1.1710
2025-07-30 00:00:00,-1.1610
2025-07-30 01:00:00,-1.1570
2025-07-30 02:00:00,-1.1610
2025-07-30 03:00:00,-1.1650
2025-07-30 04:00:00,-1.1700
2025-07-30 05:00:00,-1.1680
2025-07-30 06:00:00,-1.1630
2025-07-30 07:00:00,-1.1670
2025-07-30 08:00:00,-1.1620
2025-07-30 09:00:00,-1.1810
2025-07-30 10:00:00,-1.1820
2025-07-30 11:00:00,-1.1710
2025-07-30 12:00:00,-1.1530
2025-07-30 13:00:00,-1.1500
2025-07-30 14:00:00,-1.1410
2025-07-30 15:00:00,-1.1410
2025-07-30 16:00:00,-1.1430
2025-07-30 17:00:00,-1.1420
2025-07-30 18:00:00,-1.1350
2025-07-30 19:00:00,-1.1320
2025-07-30 20:00:00,-1.1290
2025-07-30 21:00:00,-1.1250
2025-07-30 22:00:00,-1.1170
2025-07-30 23:00:00,-1.1300
2025-07-31 00:00:00,-1.1210
2025-07-31 01:00:00,-1.1140
2025-07-31 02:00:00,-1.1150
2025-07-31 03:00:00,-1.1140
2025-07-31 04:00:00,-1.1270
2025-07-31 05:00:00,-1.1480
2025-07-31 06:00:00,-1.1460
2025-07-31 07:00:00,-1.1530
2025-07-31 08:00:00,-1.1630
2025-07-31 09:00:00,-1.1600
2025-07-31 10:00:00,-1.1540
2025-07-31 11:00:00,-1.1500
2025-07-31 12:00:00,-1.1510
2025-07-31 13:00:00,-1.1370
2025-07-31 14:00:00,-1.1420
2025-07-31 15:00:00,-1.1400
2025-07-31 16:00:00,-1.1440
2025-07-31 17:00:00,-1.1460
2025-07-31 18:00:00,-1.1500
2025-07-31 19:00:00,-1.1640
2025-07-31 20:00:00,-1.1570
2025-07-31 21:00:00,-1.1400
2025-07-31 22:00:00,-1.1420
2025-07-31 23:00:00,-1.1380
2025-08-01 00:00:00,-1.1340
2025-08-01 01:00:00,-1.1200
2025-08-01 02:00:00,-1.1130
2025-08-01 03:00:00,-1.1150
2025-08-01 04:00:00,-1.1100
2025-08-01 05:00:00,-1.1050
2025-08-01 06:00:00,-1.1050
2025-08-01 07:00:00,-1.1100
2025-08-01 08:00:00,-1.1170
2025-08-01 09:00:00,-1.1090
2025-08-01 10:00:00,-1.1020
2025-08-01 11:00:00,-1.1010
2025-08-01 12:00:00,-1.1010
2025-08-01 13:00:00,-1.0880
2025-08-01 14:00:00,-1.0720
2025-08-01 15:00:00,-1.0620
2025-08-01 16:00:00,-1.0550
2025-08-01 17:00:00,-1.0580
2025-08-01 18:00:00,-1.0570
2025-08-01 19:00:00,-1.0600
2025-08-01 20:00:00,-1.0640
2025-08-01 21:00:00,-1.0560
2025-08-01 22:00:00,-1.0650
2025-08-01 23:00:00,-1.0770
2025-08-02 00:00:00,-1.0870
2025-08-02 01:00:00,-1.1010
2025-08-02 02:00:00,-1.1130
2025-08-02 03:00:00,-1.1100
2025-08-02 04:00:00,-1.1150
2025-08-02 05:00:00,-1.1140
2025-08-02 06:00:00,-1.1270
2025-08-02 07:00:00,-1.1350
2025-08-02 08:00:00,-1.1320
2025-08-02 09:00:00,-1.1320
2025-08-02 10:00:00,-1.1260
2025-08-02 11:00:00,-1.1170
2025-08-02 12:00:00,-1.1080
2025-08-02 13:00:00,-1.1120
2025-08-02 14:00:00,-1.0990
2025-08-02 15:00:00,-1.0860
2025-08-02 16:00:00,-1.0870
2025-08-02 17:00:00,-1.0790
2025-08-02 18:00:00,-1.0780
2025-08-02 19:00:00,-1.0750
2025-08-02 20:00:00,-1.0760
2025-08-02 21:00:00,-1.0720
2025-08-02 22:00:00,-1.0720
2025-08-02 23:00:00,-1.0770
2025-08-03 00:00:00,-1.0830
2025-08-03 01:00:00,-1.0890
2025-08-03 02:00:00,-1.0890
2025-08-03 03:00:00,-1.0870
2025-08-03 04:00:00,-1.0860
2025-08-03 05:00:00,-1.0870
2025-08-03 06:00:00,-1.0870
2025-08-03 07:00:00,-1.0850
2025-08-03 08:00:00,-1.0880
2025-08-03 09:00:00,-1.0910
2025-08-03 10:00:00,-1.1010
2025-08-03 11:00:00,-1.0960
2025-08-03 12:00:00,-1.1030
2025-08-03 13:00:00,-1.0910
2025-08-03 14:00:00,-1.0990
2025-08-03 15:00:00,-1.1150
2025-08-03 16:00:00,-1.1370
2025-08-03 17:00:00,-1.1440
2025-08-03 18:00:00,-1.1570
2025-08-03 19:00:00,-1.1530
2025-08-03 20:00:00,-1.1570
2025-08-03 21:00:00,-1.1580
2025-08-03 22:00:00,-1.1580
2025-08-03 23:00:00,-1.1640
2025-08-04 00:00:00,-1.1630
2025-08-04 01:00:00,-1.1600
2025-08-04 02:00:00,-1.1580
2025-08-04 03:00:00,-1.1590
2025-08-04 04:00:00,-1.1650
2025-08-04 05:00:00,-1.1680
2025-08-04 06:00:00,-1.1630
2025-08-04 07:00:00,-1.1590
2025-08-04 08:00:00,-1.1510
2025-08-04 09:00:00,-1.1670
2025-08-04 10:00:00,-1.1620
2025-08-04 11:00:00,-1.1530
2025-08-04 12:00:00,-1.1450
2025-08-04 13:00:00,-1.1320
2025-08-04 14:00:00,-1.1270
2025-08-04 15:00:00,-1.1180
2025-08-04 16:00:00,-1.1180
2025-08-04 17:00:00,-1.1180
2025-08-04 18:00:00,-1.1240
2025-08-04 19:00:00,-1.1370
2025-08-04 20:00:00,-1.1330
2025-08-04 21:00:00,-1.1250
2025-08-04 22:00:00,-1.1220
2025-08-04 23:00:00,-1.1260
2025-08-05 00:00:00,-1.1280
2025-08-05 01:00:00,-1.1270
2025-08-05 02:00:00,-1.1320
2025-08-05 03:00:00,-1.1270
2025-08-05 04:00:00,-1.1250
2025-08-05 05:00:00,-1.1340
2025-08-05 06:00:00,-1.1270
2025-08-05 07:00:00,-1.1220
2025-08-05 08:00:00,-1.1170
2025-08-05 09:00:00,-1.1090
2025-08-05 10:00:00,-1.1030
2025-08-05 11:00:00,-1.0970
2025-08-05 12:00:00,-1.0840
2025-08-05 13:00:00,-1.0750
2025-08-05 14:00:00,-1.0730
2025-08-05 15:00:00,-1.0760
2025-08-05 16:00:00,-1.0730
2025-08-05 17:00:00,-1.0850
2025-08-05 18:00:00,-1.0830
2025-08-05 19:00:00,-1.0840
2025-08-05 20:00:00,-1.0730
2025-08-05 21:00:00,-1.0590
2025-08-05 22:00:00,-1.0460
2025-08-05 23:00:00,-1.0440
2025-08-06 00:00:00,-1.0410
2025-08-06 01:00:00,-1.0430
2025-08-06 02:00:00,-1.0430
2025-08-06 03:00:00,-1.0500
2025-08-06 04:00:00,-1.0550
2025-08-06 05:00:00,-1.0610
2025-08-06 06:00:00,-1.0650
2025-08-06 07:00:00,-1.0670
2025-08-06 08:00:00,-1.0710
2025-08-06 09:00:00,-1.0710
2025-08-06 10:00:00,-1.0630
2025-08-06 11:00:00,-1.0550
2025-08-06 12:00:00,-1.0450
2025-08-06 13:00:00,-1.0410
2025-08-06 14:00:00,-1.0380
2025-08-06 15:00:00,-1.0410
2025-08-06 16:00:00,-1.0470
2025-08-06 17:00:00,-1.0590
2025-08-06 18:00:00,-1.0710
2025-08-06 19:00:00,-1.0850
2025-08-06 20:00:00,-1.0960
2025-08-06 21:00:00,-1.0980
2025-08-06 22:00:00,-1.1030
2025-08-06 23:00:00,-1.1070
2025-08-07 00:00:00,-1.1080
2025-08-07 01:00:00,-1.1110
2025-08-07 02:00:00,-1.1030
2025-08-07 03:00:00,-1.1020
2025-08-07 04:00:00,-1.0970
2025-08-07 05:00:00,-1.0980
2025-08-07 06:00:00,-1.1040
2025-08-07 07:00:00,-1.1110
2025-08-07 08:00:00,-1.1140
2025-08-07 09:00:00,-1.1330
2025-08-07 10:00:00,-1.1310
2025-08-07 11:00:00,-1.1330
2025-08-07 12:00:00,-1.1330
2025-08-07 13:00:00,-1.1450
2025-08-07 14:00:00,-1.1370
2025-08-07 15:00:00,-1.1380
2025-08-07 16:00:00,-1.1530
2025-08-07 17:00:00,-1.1500
2025-08-07 18:00:00,-1.1470
2025-08-07 19:00:00,-1.1470
2025-08-07 20:00:00,-1.1460
2025-08-07 21:00:00,-1.1370
2025-08-07 22:00:00,-1.1530
2025-08-07 23:00:00,-1.1570
2025-08-08 00:00:00,-1.1770
2025-08-08 01:00:00,-1.1650
2025-08-08 02:00:00,-1.1650
2025-08-08 03:00:00,-1.1620
2025-08-08 04:00:00,-1.1610
2025-08-08 05:00:00,-1.1640
2025-08-08 06:00:00,-1.1620
2025-08-08 07:00:00,-1.1640
2025-08-08 08:00:00,-1.1630
2025-08-08 09:00:00,-1.1660
2025-08-08 10:00:00,-1.1630
2025-08-08 11:00:00,-1.1650
2025-08-08 12:00:00,-1.1690
2025-08-08 13:00:00,-1.1720
2025-08-08 14:00:00,-1.1650
2025-08-08 15:00:00,-1.1670
2025-08-08 16:00:00,-1.1700
2025-08-08 17:00:00,-1.1700
2025-08-08 18:00:00,-1.1780
2025-08-08 19:00:00,-1.1890
2025-08-08 20:00:00,-1.1970
2025-08-08 21:00:00,-1.1910
2025-08-08 22:00:00,-1.1840
2025-08-08 23:00:00,-1.1810
2025-08-09 00:00:00,-1.1730
2025-08-09 01:00:00,-1.1680
2025-08-09 02:00:00,-1.1690
2025-08-09 03:00:00,-1.1700
2025-08-09 04:00:00,-1.1680
2025-08-09 05:00:00,-1.1700
2025-08-09 06:00:00,-1.1780
2025-08-09 07:00:00,-1.1740
2025-08-09 08:00:00,-1.1700
2025-08-09 09:00:00,-1.1600
2025-08-09 10:00:00,-1.1560
2025-08-09 11:00:00,-1.1490
2025-08-09 12:00:00,-1.1360
2025-08-09 13:00:00,-1.1330
2025-08-09 14:00:00,-1.1280
2025-08-09 15:00:00,-1.1270
2025-08-09 16:00:00,-1.1290
2025-08-09 17:00:00,-1.1350
2025-08-09 18:00:00,-1.1460
2025-08-09 19:00:00,-1.1530
2025-08-09 20:00:00,-1.1600
2025-08-09 21:00:00,-1.1650
2025-08-09 22:00:00,-1.1670
2025-08-09 23:00:00,-1.1690
2025-08-10 00:00:00,-1.1680
2025-08-10 01:00:00,-1.1660
2025-08-10 02:00:00,-1.1650
2025-08-10 03:00:00,-1.1720
2025-08-10 04:00:00,-1.1630
2025-08-10 05:00:00,-1.1590
2025-08-10 06:00:00,-1.1570
2025-08-10 07:00:00,-1.1520
2025-08-10 08:00:00,-1.1530
2025-08-10 09:00:00,-1.1510
2025-08-10 10:00:00,-1.1490
2025-08-10 11:00:00,-1.1450
2025-08-10 12:00:00,-1.1390
2025-08-10 13:00:00,-1.1320
2025-08-10 14:00:00,-1.1290
2025-08-10 15:00:00,-1.1320
2025-08-10 16:00:00,-1.1380
2025-08-10 17:00:00,-1.1460
2025-08-10 18:00:00,-1.1520
2025-08-10 19:00:00,-1.1600
2025-08-10 20:00:00,-1.1660
2025-08-10 21:00:00,-1.1630
2025-08-10 22:00:00,-1.1680
2025-08-10 23:00:00,-1.1730
2025-08-11 00:00:00,-1.1710
2025-08-11 01:00:00,-1.1620
2025-08-11 02:00:00,-1.1530
2025-08-11 03:00:00,-1.1480
2025-08-11 04:00:00,-1.1430
2025-08-11 05:00:00,-1.1480
2025-08-11 06:00:00,-1.1290
2025-08-11 07:00:00,-1.1360
2025-08-11 08:00:00,-1.1290
2025-08-11 09:00:00,-1.1420
2025-08-11 10:00:00,-1.1400
2025-08-11 11:00:00,-1.1250
2025-08-11 12:00:00,-1.1210
2025-08-11 13:00:00,-1.1200
2025-08-11 14:00:00,-1.1150
2025-08-11 15:00:00,-1.1300
2025-08-11 16:00:00,-1.1430
2025-08-11 17:00:00,-1.1600
2025-08-11 18:00:00,-1.1700
2025-08-11 19:00:00,-1.1670
2025-08-11 20:00:00,-1.1710
2025-08-11 21:00:00,-1.1840
2025-08-11 22:00:00,-1.1750
2025-08-11 23:00:00,-1.1680
2025-08-12 00:00:00,-1.1630
2025-08-12 01:00:00,-1.1650
2025-08-12 02:00:00,-1.1560
2025-08-12 03:00:00,-1.1460
2025-08-12 04:00:00,-1.1400
2025-08-12 05:00:00,-1.1390
2025-08-12 06:00:00,-1.1330
2025-08-12 07:00:00,-1.1240
2025-08-12 08:00:00,-1.1220
2025-08-12 09:00:00,-1.1110
2025-08-12 10:00:00,-1.1060
2025-08-12 11:00:00,-1.1090
2025-08-12 12:00:00,-1.1030
2025-08-12 13:00:00,-1.1020
2025-08-12 14:00:00,-1.0930
2025-08-12 15:00:00,-1.0890
2025-08-12 16:00:00,-1.1030
2025-08-12 17:00:00,-1.1310
2025-08-12 18:00:00,-1.1370
2025-08-12 19:00:00,-1.1330
2025-08-12 20:00:00,-1.1370
2025-08-12 21:00:00,-1.1570
2025-08-12 22:00:00,-1.1550
2025-08-12 23:00:00,-1.1450
2025-08-13 00:00:00,-1.1430
2025-08-13 01:00:00,-1.1390
2025-08-13 02:00:00,-1.1340
2025-08-13 03:00:00,-1.1270
2025-08-13 04:00:00,-1.1240
2025-08-13 05:00:00,-1.1150
2025-08-13 06:00:00,-1.1070
2025-08-13 07:00:00,-1.1070
2025-08-13 08:00:00,-1.1110
2025-08-13 09:00:00,-1.1170
2025-08-13 10:00:00,-1.1040
2025-08-13 11:00:00,-1.1010
2025-08-13 12:00:00,-1.0930
2025-08-13 13:00:00,-1.0890
2025-08-13 14:00:00,-1.0940
2025-08-13 15:00:00,-1.1020
2025-08-13 16:00:00,-1.1150
2025-08-13 17:00:00,-1.1250
2025-08-13 18:00:00,-1.1220
2025-08-13 19:00:00,-1.1270
2025-08-13 20:00:00,-1.1390
2025-08-13 21:00:00,-1.1400
2025-08-13 22:00:00,-1.1440
2025-08-13 23:00:00,-1.1380
2025-08-14 00:00:00,-1.1420
2025-08-14 01:00:00,-1.1380
2025-08-14 02:00:00,-1.1270
2025-08-14 03:00:00,-1.1240
2025-08-14 04:00:00,-1.1160
2025-08-14 05:00:00,-1.1030
2025-08-14 06:00:00,-1.0990
2025-08-14 07:00:00,-1.0930
2025-08-14 08:00:00,-1.0970
2025-08-14 09:00:00,-1.0970
2025-08-14 10:00:00,-1.0900
2025-08-14 11:00:00,-1.0840
2025-08-14 12:00:00,-1.0900
2025-08-14 13:00:00,-1.0900
2025-08-14 14:00:00,-1.1020
2025-08-14 15:00:00,-1.1060
2025-08-14 16:00:00,-1.1210
2025-08-14 17:00:00,-1.1340
2025-08-14 18:00:00,-1.1470
2025-08-14 19:00:00,-1.1550
2025-08-14 20:00:00,-1.1670
2025-08-14 21:00:00,-1.1690
2025-08-14 22:00:00,-1.1730
2025-08-14 23:00:00,-1.1690
2025-08-15 00:00:00,-1.1670
2025-08-15 01:00:00,-1.1650
2025-08-15 02:00:00,-1.1640
2025-08-15 03:00:00,-1.1550
2025-08-15 04:00:00,-1.1460
2025-08-15 05:00:00,-1.1420
2025-08-15 06:00:00,-1.1420
2025-08-15 07:00:00,-1.1420
2025-08-15 08:00:00,-1.1420
2025-08-15 09:00:00,-1.1450
2025-08-15 10:00:00,-1.1410
2025-08-15 11:00:00,-1.1360
2025-08-15 12:00:00,-1.1290
2025-08-15 13:00:00,-1.1270
2025-08-15 14:00:00,-1.1320
2025-08-15 15:00:00,-1.1350
2025-08-15 16:00:00,-1.1540
2025-08-15 17:00:00,-1.1500
2025-08-15 18:00:00,-1.1550
2025-08-15 19:00:00,-1.1590
2025-08-15 20:00:00,-1.1650
2025-08-15 21:00:00,-1.1560
2025-08-15 22:00:00,-1.1580
2025-08-15 23:00:00,-1.1550
2025-08-16 00:00:00,-1.1500
2025-08-16 01:00:00,-1.1520
2025-08-16 02:00:00,-1.1450
2025-08-16 03:00:00,-1.1410
2025-08-16 04:00:00,-1.1340
2025-08-16 05:00:00,-1.1330
2025-08-16 06:00:00,-1.1330
2025-08-16 07:00:00,-1.1310
2025-08-16 08:00:00,-1.1290
2025-08-16 09:00:00,-1.1250
2025-08-16 10:00:00,-1.1220
2025-08-16 11:00:00,-1.0970
2025-08-16 12:00:00,-1.0910
2025-08-16 13:00:00,-1.0850
2025-08-16 14:00:00,-1.0740
2025-08-16 15:00:00,-1.0730
2025-08-16 16:00:00,-1.0710
2025-08-16 17:00:00,-1.0700
2025-08-16 18:00:00,-1.0790
2025-08-16 19:00:00,-1.0890
2025-08-16 20:00:00,-1.0860
2025-08-16 21:00:00,-1.0920
2025-08-16 22:00:00,-1.0900
2025-08-16 23:00:00,-1.0830
2025-08-17 00:00:00,-1.0800
2025-08-17 01:00:00,-1.0810
2025-08-17 02:00:00,-1.0790
2025-08-17 03:00:00,-1.0810
2025-08-17 04:00:00,-1.0820
2025-08-17 05:00:00,-1.0910
2025-08-17 06:00:00,-1.0930
2025-08-17 07:00:00,-1.0840
2025-08-17 08:00:00,-1.0770
2025-08-17 09:00:00,-1.0730
2025-08-17 10:00:00,-1.0640
2025-08-17 11:00:00,-1.0570
2025-08-17 12:00:00,-1.0460
2025-08-17 13:00:00,-1.0350
2025-08-17 14:00:00,-1.0380
2025-08-17 15:00:00,-1.0400
2025-08-17 16:00:00,-1.0480
2025-08-17 17:00:00,-1.0630
2025-08-17 18:00:00,-1.0820
2025-08-17 19:00:00,-1.0700
2025-08-17 20:00:00,-1.0790
2025-08-17 21:00:00,-1.0950
2025-08-17 22:00:00,-1.1010
2025-08-17 23:00:00,-1.0920
2025-08-18 00:00:00,-1.0940
2025-08-18 01:00:00,-1.0990
2025-08-18 02:00:00,-1.1000
2025-08-18 03:00:00,-1.0870
2025-08-18 04:00:00,-1.0800
2025-08-18 05:00:00,-1.0800
2025-08-18 06:00:00,-1.0810
2025-08-18 07:00:00,-1.0840
2025-08-18 08:00:00,-1.0950
2025-08-18 09:00:00,-1.0900
2025-08-18 10:00:00,-1.0780
2025-08-18 11:00:00,-1.0720
2025-08-18 12:00:00,-1.0640
2025-08-18 13:00:00,-1.0580
2025-08-18 14:00:00,-1.0580
2025-08-18 15:00:00,-1.0680
2025-08-18 16:00:00,-1.0770
2025-08-18 17:00:00,-1.0800
2025-08-18 18:00:00,-1.0890
2025-08-18 19:00:00,-1.1130
2025-08-18 20:00:00,-1.1120
2025-08-18 21:00:00,-1.1130
2025-08-18 22:00:00,-1.1100
2025-08-18 23:00:00,-1.1140
2025-08-19 00:00:00,-1.1170
2025-08-19 01:00:00,-1.1190
2025-08-19 02:00:00,-1.1210
2025-08-19 03:00:00,-1.1190
2025-08-19 04:00:00,-1.1130
2025-08-19 05:00:00,-1.1210
2025-08-19 06:00:00,-1.1230
2025-08-19 07:00:00,-1.1380
2025-08-19 08:00:00,-1.1360
2025-08-19 09:00:00,-1.1390
2025-08-19 10:00:00,-1.1180
2025-08-19 11:00:00,-1.1000
2025-08-19 12:00:00,-1.0840
2025-08-19 13:00:00,-1.0840
2025-08-19 14:00:00,-1.0780
2025-08-19 15:00:00,-1.0890
2025-08-19 16:00:00,-1.0990
2025-08-19 17:00:00,-1.1060
2025-08-19 18:00:00,-1.1170
2025-08-19 19:00:00,-1.1160
2025-08-19 20:00:00,-1.1200
2025-08-19 21:00:00,-1.1190
2025-08-19 22:00:00,-1.1230
2025-08-19 23:00:00,-1.1250
2025-08-20 00:00:00,-1.1180
2025-08-20 01:00:00,-1.1190
2025-08-20 02:00:00,-1.1250
2025-08-20 03:00:00,-1.1280
2025-08-20 04:00:00,-1.1260
2025-08-20 05:00:00,-1.1230
2025-08-20 06:00:00,-1.1170
2025-08-20 07:00:00,-1.1200
2025-08-20 08:00:00,-1.1210
2025-08-20 09:00:00,-1.1120
2025-08-20 10:00:00,-1.1090
2025-08-20 11:00:00,-1.1010
2025-08-20 12:00:00,-1.0990
2025-08-20 13:00:00,-1.1070
2025-08-20 14:00:00,-1.1000
2025-08-20 15:00:00,-1.0900
2025-08-20 16:00:00,-1.0960
2025-08-20 17:00:00,-1.1000
2025-08-20 18:00:00,-1.1160
2025-08-20 19:00:00,-1.1100
2025-08-20 20:00:00,-1.1030
2025-08-20 21:00:00,-1.0960
2025-08-20 22:00:00,-1.0950
2025-08-20 23:00:00,-1.1020
2025-08-21 00:00:00,-1.1030
2025-08-21 01:00:00,-1.0990
2025-08-21 02:00:00,-1.1000
2025-08-21 03:00:00,-1.1040
2025-08-21 04:00:00,-1.0920
2025-08-21 05:00:00,-1.0950
2025-08-21 06:00:00,-1.1000
2025-08-21 07:00:00,-1.1000
2025-08-21 08:00:00,-1.0960
2025-08-21 09:00:00,-1.1170
2025-08-21 10:00:00,-1.1220
2025-08-21 11:00:00,-1.1150
2025-08-21 12:00:00,-1.1130
2025-08-21 13:00:00,-1.1180
2025-08-21 14:00:00,-1.1100
2025-08-21 15:00:00,-1.0960
2025-08-21 16:00:00,-1.0920
2025-08-21 17:00:00,-1.0930
2025-08-21 18:00:00,-1.0930
2025-08-21 19:00:00,-1.0980
2025-08-21 20:00:00,-1.1000
2025-08-21 21:00:00,-1.0990
2025-08-21 22:00:00,-1.1030
2025-08-21 23:00:00,-1.1110
2025-08-22 00:00:00,-1.1240
2025-08-22 01:00:00,-1.1310
2025-08-22 02:00:00,-1.1300
2025-08-22 03:00:00,-1.1340
2025-08-22 04:00:00,-1.1420
2025-08-22 05:00:00,-1.1360
2025-08-22 06:00:00,-1.1330
2025-08-22 07:00:00,-1.1330
2025-08-22 08:00:00,-1.1350
2025-08-22 09:00:00,-1.1350
2025-08-22 10:00:00,-1.1360
2025-08-22 11:00:00,-1.1270
2025-08-22 12:00:00,-1.1270
2025-08-22 13:00:00,-1.1280
2025-08-22 14:00:00,-1.1290
2025-08-22 15:00:00,-1.1280
2025-08-22 16:00:00,-1.1330
2025-08-22 17:00:00,-1.1350
2025-08-22 18:00:00,-1.1470
2025-08-22 19:00:00,-1.1450
2025-08-22 20:00:00,-1.1430
2025-08-22 21:00:00,-1.1450
2025-08-22 22:00:00,-1.1450
2025-08-22 23:00:00,-1.1550
2025-08-23 00:00:00,-1.1590
2025-08-23 01:00:00,-1.1680
2025-08-23 02:00:00,-1.1700
2025-08-23 03:00:00,-1.1760
2025-08-23 04:00:00,-1.1730
2025-08-23 05:00:00,-1.1780
2025-08-23 06:00:00,-1.1720
2025-08-23 07:00:00,-1.1710
2025-08-23 08:00:00,-1.1770
2025-08-23 09:00:00,-1.1820
2025-08-23 10:00:00,-1.1880
2025-08-23 11:00:00,-1.1870
2025-08-23 12:00:00,-1.1720
2025-08-23 13:00:00,-1.1630
2025-08-23 14:00:00,-1.1500
2025-08-23 15:00:00,-1.1440
2025-08-23 16:00:00,-1.1460
2025-08-23 17:00:00,-1.1400
2025-08-23 18:00:00,-1.1400
2025-08-23 19:00:00,-1.1440
2025-08-23 20:00:00,-1.1480
2025-08-23 21:00:00,-1.1530
2025-08-23 22:00:00,-1.1560
2025-08-23 23:00:00,-1.1640
2025-08-24 00:00:00,-1.1700
2025-08-24 01:00:00,-1.1780
2025-08-24 02:00:00,-1.1830
2025-08-24 03:00:00,-1.1850
2025-08-24 04:00:00,-1.1820
2025-08-24 05:00:00,-1.1840
2025-08-24 06:00:00,-1.1840
2025-08-24 07:00:00,-1.1840
2025-08-24 08:00:00,-1.1850
2025-08-24 09:00:00,-1.1880
2025-08-24 10:00:00,-1.1850
2025-08-24 11:00:00,-1.1840
2025-08-24 12:00:00,-1.1710
2025-08-24 13:00:00,-1.1640
2025-08-24 14:00:00,-1.1510
2025-08-24 15:00:00,-1.1560
2025-08-24 16:00:00,-1.1500
2025-08-24 17:00:00,-1.1570
2025-08-24 18:00:00,-1.1550
2025-08-24 19:00:00,-1.1520
2025-08-24 20:00:00,-1.1530
2025-08-24 21:00:00,-1.1560
2025-08-24 22:00:00,-1.1510
2025-08-24 23:00:00,-1.1520
2025-08-25 00:00:00,-1.1500
2025-08-25 01:00:00,-1.1500
2025-08-25 02:00:00,-1.1480
2025-08-25 03:00:00,-1.1480
2025-08-25 04:00:00,-1.1450
2025-08-25 05:00:00,-1.1400
2025-08-25 06:00:00,-1.1360
2025-08-25 07:00:00,-1.1360
2025-08-25 08:00:00,-1.1540
2025-08-25 09:00:00,-1.1450
2025-08-25 10:00:00,-1.1320
2025-08-25 11:00:00,-1.1280
2025-08-25 12:00:00,-1.1170
2025-08-25 13:00:00,-1.1080
2025-08-25 14:00:00,-1.1110
2025-08-25 15:00:00,-1.1050
2025-08-25 16:00:00,-1.1050
2025-08-25 17:00:00,-1.1210
2025-08-25 18:00:00,-1.1230
2025-08-25 19:00:00,-1.1250
2025-08-25 20:00:00,-1.1250
2025-08-25 21:00:00,-1.1190
2025-08-25 22:00:00,-1.1240
2025-08-25 23:00:00,-1.1300
2025-08-26 00:00:00,-1.1290
2025-08-26 01:00:00,-1.1190
2025-08-26 02:00:00,-1.1260
2025-08-26 03:00:00,-1.1220
2025-08-26 04:00:00,-1.1230
2025-08-26 05:00:00,-1.1270
2025-08-26 06:00:00,-1.1150
2025-08-26 07:00:00,-1.1100
2025-08-26 08:00:00,-1.1110
2025-08-26 09:00:00,-1.1240
2025-08-26 10:00:00,-1.1350
2025-08-26 11:00:00,-1.1350
2025-08-26 12:00:00,-1.1130
2025-08-26 13:00:00,-1.1020
2025-08-26 14:00:00,-1.1020
2025-08-26 15:00:00,-1.1070
2025-08-26 16:00:00,-1.1140
2025-08-26 17:00:00,-1.1190
2025-08-26 18:00:00,-1.1170
2025-08-26 19:00:00,-1.1210
2025-08-26 20:00:00,-1.1270
2025-08-26 21:00:00,-1.1270
2025-08-26 22:00:00,-1.1240
2025-08-26 23:00:00,-1.1180
2025-08-27 00:00:00,-1.1310
2025-08-27 01:00:00,-1.1350
2025-08-27 02:00:00,-1.1430
2025-08-27 03:00:00,-1.1450
2025-08-27 04:00:00,-1.1370
2025-08-27 05:00:00,-1.1250
2025-08-27 06:00:00,-1.1200
2025-08-27 07:00:00,-1.1390
2025-08-27 08:00:00,-1.1330
2025-08-27 09:00:00,-1.1370
2025-08-27 10:00:00,-1.1310
2025-08-27 11:00:00,-1.1250
2025-08-27 12:00:00,-1.1190
2025-08-27 13:00:00,-1.1060
2025-08-27 14:00:00,-1.1080
2025-08-27 15:00:00,-1.1160
2025-08-27 16:00:00,-1.1140
2025-08-27 17:00:00,-1.1150
2025-08-27 18:00:00,-1.1170
2025-08-27 19:00:00,-1.1050
2025-08-27 20:00:00,-1.0910
2025-08-27 21:00:00,-1.0810
2025-08-27 22:00:00,-1.0890
2025-08-27 23:00:00,-1.0970
2025-08-28 00:00:00,-1.0960
2025-08-28 01:00:00,-1.0900
2025-08-28 02:00:00,-1.0990
2025-08-28 03:00:00,-1.0940
2025-08-28 04:00:00,-1.0880
2025-08-28 05:00:00,-1.0740
2025-08-28 06:00:00,-1.0770
2025-08-28 07:00:00,-1.0580
2025-08-28 08:00:00,-1.0500
2025-08-28 09:00:00,-1.0460
2025-08-28 10:00:00,-1.0460
2025-08-28 11:00:00,-1.0420
2025-08-28 12:00:00,-1.0410
2025-08-28 13:00:00,-1.0360
2025-08-28 14:00:00,-1.0650
2025-08-28 15:00:00,-1.0700
2025-08-28 16:00:00,-1.0770
2025-08-28 17:00:00,-1.0700
2025-08-28 18:00:00,-1.0640
2025-08-28 19:00:00,-1.0620
2025-08-28 20:00:00,-1.0540
2025-08-28 21:00:00,-1.0500
2025-08-28 22:00:00,-1.0480
2025-08-28 23:00:00,-1.0580
2025-08-29 00:00:00,-1.0720
2025-08-29 01:00:00,-1.0790
2025-08-29 02:00:00,-1.0890
2025-08-29 03:00:00,-1.0910
2025-08-29 04:00:00,-1.0920
2025-08-29 05:00:00,-1.0880
2025-08-29 06:00:00,-1.0900
2025-08-29 07:00:00,-1.0770
2025-08-29 08:00:00,-1.0550
2025-08-29 09:00:00,-1.0380
2025-08-29 10:00:00,-1.0300
2025-08-29 11:00:00,-1.0240
2025-08-29 12:00:00,-1.0160
2025-08-29 13:00:00,-1.0070
2025-08-29 14:00:00,-1.0070
2025-08-29 15:00:00,-1.0040
2025-08-29 16:00:00,-1.0110
2025-08-29 17:00:00,-1.0340
2025-08-29 18:00:00,-1.0330
2025-08-29 19:00:00,-1.0390
2025-08-29 20:00:00,-1.0390
2025-08-29 21:00:00,-1.0420
2025-08-29 22:00:00,-1.0540
2025-08-29 23:00:00,-1.0530
2025-08-30 00:00:00,-1.0530
2025-08-30 01:00:00,-1.0550
2025-08-30 02:00:00,-1.0510
2025-08-30 03:00:00,-1.0560
2025-08-30 04:00:00,-1.0610
2025-08-30 05:00:00,-1.0680
2025-08-30 06:00:00,-1.0690
2025-08-30 07:00:00,-1.0820
2025-08-30 08:00:00,-1.0960
2025-08-30 09:00:00,-1.0890
2025-08-30 10:00:00,-1.0820
2025-08-30 11:00:00,-1.0790
2025-08-30 12:00:00,-1.0670
2025-08-30 13:00:00,-1.0580
2025-08-30 14:00:00,-1.0500
2025-08-30 15:00:00,-1.0490
2025-08-30 16:00:00,-1.0450
2025-08-30 17:00:00,-1.0440
2025-08-30 18:00:00,-1.0470
2025-08-30 19:00:00,-1.0650
2025-08-30 20:00:00,-1.0700
2025-08-30 21:00:00,-1.0770
2025-08-30 22:00:00,-1.0850
2025-08-30 23:00:00,-1.1090
2025-08-31 00:00:00,-1.1120
2025-08-31 01:00:00,-1.1070
2025-08-31 02:00:00,-1.0950
2025-08-31 03:00:00,-1.0850
2025-08-31 04:00:00,-1.0930
2025-08-31 05:00:00,-1.0970
2025-08-31 06:00:00,-1.0970
2025-08-31 07:00:00,-1.1130
2025-08-31 08:00:00,-1.1110
2025-08-31 09:00:00,-1.1100
2025-08-31 10:00:00,-1.1020
2025-08-31 11:00:00,-1.1010
2025-08-31 12:00:00,-1.0980
2025-08-31 13:00:00,-1.0900
2025-08-31 14:00:00,-1.0850
2025-08-31 15:00:00,-1.0820
2025-08-31 16:00:00,-1.0820
2025-08-31 17:00:00,-1.0750
2025-08-31 18:00:00,-1.0720
2025-08-31 19:00:00,-1.0620
2025-08-31 20:00:00,-1.0610
2025-08-31 21:00:00,-1.0640
2025-08-31 22:00:00,-1.0660
2025-08-31 23:00:00,-1.0580
2025-09-01 00:00:00,-1.0540
2025-09-01 01:00:00,-1.0430
2025-09-01 02:00:00,-1.0350
2025-09-01 03:00:00,-1.0560
2025-09-01 04:00:00,-1.0620
2025-09-01 05:00:00,-1.0710
2025-09-01 06:00:00,-1.0650
2025-09-01 07:00:00,-1.0650
2025-09-01 08:00:00,-1.0760
2025-09-01 09:00:00,-1.0850
2025-09-01 10:00:00,-1.0730
2025-09-01 11:00:00,-1.0560
2025-09-01 12:00:00,-1.0590
2025-09-01 13:00:00,-1.0540
2025-09-01 14:00:00,-1.0500
2025-09-01 15:00:00,-1.0390
2025-09-01 16:00:00,-1.0360
2025-09-01 17:00:00,-1.0440
2025-09-01 18:00:00,-1.0530
2025-09-01 19:00:00,-1.0580
2025-09-01 20:00:00,-1.0680
2025-09-01 21:00:00,-1.0740
2025-09-01 22:00:00,-1.0900
2025-09-01 23:00:00,-1.0820
2025-09-02 00:00:00,-1.0800
2025-09-02 01:00:00,-1.0830
2025-09-02 02:00:00,-1.0780
2025-09-02 03:00:00,-1.0820
2025-09-02 04:00:00,-1.0780
2025-09-02 05:00:00,-1.0770
2025-09-02 06:00:00,-1.0720
2025-09-02 07:00:00,-1.0790
2025-09-02 08:00:00,-1.0910
2025-09-02 09:00:00,-1.1060
2025-09-02 10:00:00,-1.1050
2025-09-02 11:00:00,-1.1010
2025-09-02 12:00:00,-1.0960
2025-09-02 13:00:00,-1.0870
2025-09-02 14:00:00,-1.0780
2025-09-02 15:00:00,-1.0780
2025-09-02 16:00:00,-1.0710
2025-09-02 17:00:00,-1.0650
2025-09-02 18:00:00,-1.0630
2025-09-02 19:00:00,-1.0650
2025-09-02 20:00:00,-1.0720
2025-09-02 21:00:00,-1.0690
2025-09-02 22:00:00,-1.0740
2025-09-02 23:00:00,-1.0750
2025-09-03 00:00:00,-1.0810
2025-09-03 01:00:00,-1.0960
2025-09-03 02:00:00,-1.0950
2025-09-03 03:00:00,-1.0890
2025-09-03 04:00:00,-1.0860
2025-09-03 05:00:00,-1.0800
2025-09-03 06:00:00,-1.0730
2025-09-03 07:00:00,-1.0730
2025-09-03 08:00:00,-1.0920
2025-09-03 09:00:00,-1.0890
2025-09-03 10:00:00,-1.0860
2025-09-03 11:00:00,-1.0970
2025-09-03 12:00:00,-1.1010
2025-09-03 13:00:00,-1.0980
2025-09-03 14:00:00,-1.0930
2025-09-03 15:00:00,-1.0920
2025-09-03 16:00:00,-1.0970
2025-09-03 17:00:00,-1.1100
2025-09-03 18:00:00,-1.1120
2025-09-03 19:00:00,-1.1140
2025-09-03 20:00:00,-1.1170
2025-09-03 21:00:00,-1.1130
2025-09-03 22:00:00,-1.1010
2025-09-03 23:00:00,-1.0920
2025-09-04 00:00:00,-1.0810
2025-09-04 01:00:00,-1.0670
2025-09-04 02:00:00,-1.0640
2025-09-04 03:00:00,-1.0640
2025-09-04 04:00:00,-1.0600
2025-09-04 05:00:00,-1.0570
2025-09-04 06:00:00,-1.0600
2025-09-04 07:00:00,-1.0670
2025-09-04 08:00:00,-1.0750
2025-09-04 09:00:00,-1.0790
2025-09-04 10:00:00,-1.0770
2025-09-04 11:00:00,-1.0760
2025-09-04 12:00:00,-1.0730
2025-09-04 13:00:00,-1.0690
2025-09-04 14:00:00,-1.0660
2025-09-04 15:00:00,-1.0620
2025-09-04 16:00:00,-1.0600
2025-09-04 17:00:00,-1.0590
2025-09-04 18:00:00,-1.0630
2025-09-04 19:00:00,-1.0790
2025-09-04 20:00:00,-1.0900
2025-09-04 21:00:00,-1.0980
2025-09-04 22:00:00,-1.1000
2025-09-04 23:00:00,-1.1010
2025-09-05 00:00:00,-1.1010
2025-09-05 01:00:00,-1.0970
2025-09-05 02:00:00,-1.0900
2025-09-05 03:00:00,-1.0860
2025-09-05 04:00:00,-1.0810
2025-09-05 05:00:00,-1.0810
2025-09-05 06:00:00,-1.0780
2025-09-05 07:00:00,-1.0740
2025-09-05 08:00:00,-1.0730
2025-09-05 09:00:00,-1.0740
2025-09-05 10:00:00,-1.0700
2025-09-05 11:00:00,-1.0660
2025-09-05 12:00:00,-1.0600
2025-09-05 13:00:00,-1.0610
2025-09-05 14:00:00,-1.0560
2025-09-05 15:00:00,-1.0520
2025-09-05 16:00:00,-1.0540
2025-09-05 17:00:00,-1.0550
2025-09-05 18:00:00,-1.0590
2025-09-05 19:00:00,-1.0640
2025-09-05 20:00:00,-1.0690
2025-09-05 21:00:00,-1.0690
2025-09-05 22:00:00,-1.0660
2025-09-05 23:00:00,-1.0600
2025-09-06 00:00:00,-1.0530
2025-09-06 01:00:00,-1.0430
2025-09-06 02:00:00,-1.0330
2025-09-06 03:00:00,-1.0330
2025-09-06 04:00:00,-1.0360
2025-09-06 05:00:00,-1.0280
2025-09-06 06:00:00,-1.0220
2025-09-06 07:00:00,-1.0180
2025-09-06 08:00:00,-1.0170
2025-09-06 09:00:00,-1.0170
2025-09-06 10:00:00,-1.0140
2025-09-06 11:00:00,-1.0090
2025-09-06 12:00:00,-1.0030
2025-09-06 13:00:00,-0.9990
2025-09-06 14:00:00,-0.9930
2025-09-06 15:00:00,-0.9880
2025-09-06 16:00:00,-0.9900
2025-09-06 17:00:00,-0.9960
2025-09-06 18:00:00,-1.0020
2025-09-06 19:00:00,-1.0050
2025-09-06 20:00:00,-1.0050
2025-09-06 21:00:00,-1.0460
2025-09-06 22:00:00,-1.0630
2025-09-06 23:00:00,-1.0720
2025-09-07 00:00:00,-1.0810
2025-09-07 01:00:00,-1.0840
2025-09-07 02:00:00,-1.0870
2025-09-07 03:00:00,-1.0850
2025-09-07 04:00:00,-1.0870
2025-09-07 05:00:00,-1.0860
2025-09-07 06:00:00,-1.0840
2025-09-07 07:00:00,-1.0890
2025-09-07 08:00:00,-1.0760
2025-09-07 09:00:00,-1.0860
2025-09-07 10:00:00,-1.0860
2025-09-07 11:00:00,-1.0960
2025-09-07 12:00:00,-1.0770
2025-09-07 13:00:00,-1.0490
2025-09-07 14:00:00,-1.0340
2025-09-07 15:00:00,-1.0310
2025-09-07 16:00:00,-1.0290
2025-09-07 17:00:00,-1.0320
2025-09-07 18:00:00,-1.0400
2025-09-07 19:00:00,-1.0450
2025-09-07 20:00:00,-1.0450
2025-09-07 21:00:00,-1.0700
2025-09-07 22:00:00,-1.0780
2025-09-07 23:00:00,-1.0790
2025-09-08 00:00:00,-1.0780
2025-09-08 01:00:00,-1.0850
2025-09-08 02:00:00,-1.0830
2025-09-08 03:00:00,-1.1080
2025-09-08 04:00:00,-1.0990
2025-09-08 05:00:00,-1.0990
2025-09-08 06:00:00,-1.1010
2025-09-08 07:00:00,-1.0990
2025-09-08 08:00:00,-1.0910
2025-09-08 09:00:00,-1.0890
2025-09-08 10:00:00,-1.1000
2025-09-08 11:00:00,-1.1030
2025-09-08 12:00:00,-1.1000
2025-09-08 13:00:00,-1.0910
2025-09-08 14:00:00,-1.0860
2025-09-08 15:00:00,-1.0800
2025-09-08 16:00:00,-1.0780
2025-09-08 17:00:00,-1.0820
2025-09-08 18:00:00,-1.0800
2025-09-08 19:00:00,-1.0800
2025-09-08 20:00:00,-1.0880
2025-09-08 21:00:00,-1.0940
2025-09-08 22:00:00,-1.0960
2025-09-08 23:00:00,-1.0970
2025-09-09 00:00:00,-1.0990
2025-09-09 01:00:00,-1.0980
2025-09-09 02:00:00,-1.0940
2025-09-09 03:00:00,-1.0880
2025-09-09 04:00:00,-1.0900
2025-09-09 05:00:00,-1.0840
2025-09-09 06:00:00,-1.0870
2025-09-09 07:00:00,-1.0750
2025-09-09 08:00:00,-1.0680
2025-09-09 09:00:00,-1.0750
2025-09-09 10:00:00,-1.0730
2025-09-09 11:00:00,-1.0680
2025-09-09 12:00:00,-1.0640
2025-09-09 13:00:00,-1.0580
2025-09-09 14:00:00,-1.0610
2025-09-09 15:00:00,-1.0570
2025-09-09 16:00:00,-1.0480
2025-09-09 17:00:00,-1.0340
2025-09-09 18:00:00,-1.0320
2025-09-09 19:00:00,-1.0380
2025-09-09 20:00:00,-1.0360
2025-09-09 21:00:00,-1.0340
2025-09-09 22:00:00,-1.0330
2025-09-09 23:00:00,-1.0360
2025-09-10 00:00:00,-1.0380
2025-09-10 01:00:00,-1.0460
2025-09-10 02:00:00,-1.0400
2025-09-10 03:00:00,-1.0480
2025-09-10 04:00:00,-1.0400
2025-09-10 05:00:00,-1.0300
2025-09-10 06:00:00,-1.0230
2025-09-10 07:00:00,-1.0170
2025-09-10 08:00:00,-1.0170
2025-09-10 09:00:00,-1.0240
2025-09-10 10:00:00,-1.0230
2025-09-10 11:00:00,-1.0340
2025-09-10 12:00:00,-1.0370
2025-09-10 13:00:00,-1.0300
2025-09-10 14:00:00,-1.0230
2025-09-10 15:00:00,-1.0130
2025-09-10 16:00:00,-1.0130
2025-09-10 17:00:00,-1.0100
2025-09-10 18:00:00,-1.0110
2025-09-10 19:00:00,-1.0170
2025-09-10 20:00:00,-1.0170
2025-09-10 21:00:00,-1.0100
2025-09-10 22:00:00,-1.0030
2025-09-10 23:00:00,-1.0070
2025-09-11 00:00:00,-1.0050
2025-09-11 01:00:00,-1.0010
2025-09-11 02:00:00,-0.9940
2025-09-11 03:00:00,-0.9880
2025-09-11 04:00:00,-0.9830
2025-09-11 05:00:00,-0.9800
2025-09-11 06:00:00,-0.9900
2025-09-11 07:00:00,-0.9910
2025-09-11 08:00:00,-0.9950
2025-09-11 09:00:00,-1.0020
2025-09-11 10:00:00,-0.9990
2025-09-11 11:00:00,-0.9930
2025-09-11 12:00:00,-0.9870
2025-09-11 13:00:00,-0.9950
2025-09-11 14:00:00,-0.9930
2025-09-11 15:00:00,-0.9960
2025-09-11 16:00:00,-1.0020
2025-09-11 17:00:00,-1.0060
2025-09-11 18:00:00,-1.0060
2025-09-11 19:00:00,-1.0150
2025-09-11 20:00:00,-1.0280
2025-09-11 21:00:00,-1.0270
2025-09-11 22:00:00,-1.0180
2025-09-11 23:00:00,-1.0180
2025-09-12 00:00:00,-1.0300
2025-09-12 01:00:00,-1.0250
2025-09-12 02:00:00,-1.0270
2025-09-12 03:00:00,-1.0270
2025-09-12 04:00:00,-1.0310
2025-09-12 05:00:00,-1.0290
2025-09-12 06:00:00,-1.0330
2025-09-12 07:00:00,-1.0450
2025-09-12 08:00:00,-1.0410
2025-09-12 09:00:00,-1.0310
2025-09-12 10:00:00,-1.0240
2025-09-12 11:00:00,-1.0260
2025-09-12 12:00:00,-1.0220
2025-09-12 13:00:00,-1.0210
2025-09-12 14:00:00,-1.0220
2025-09-12 15:00:00,-1.0180
2025-09-12 16:00:00,-1.0070
2025-09-12 17:00:00,-1.0090
2025-09-12 18:00:00,-1.0090
2025-09-12 19:00:00,-1.0080
2025-09-12 20:00:00,-1.0060
2025-09-12 21:00:00,-1.0000
2025-09-12 22:00:00,-0.9980
2025-09-12 23:00:00,-0.9930
2025-09-13 00:00:00,-0.9870
2025-09-13 01:00:00,-0.9970
2025-09-13 02:00:00,-1.0070
2025-09-13 03:00:00,-1.0110
2025-09-13 04:00:00,-1.0220
2025-09-13 05:00:00,-1.0210
2025-09-13 06:00:00,-1.0210
2025-09-13 07:00:00,-1.0320
2025-09-13 08:00:00,-1.0300
2025-09-13 09:00:00,-1.0260
2025-09-13 10:00:00,-1.0170
2025-09-13 11:00:00,-1.0090
2025-09-13 12:00:00,-1.0030
2025-09-13 13:00:00,-0.9960
2025-09-13 14:00:00,-1.0000
2025-09-13 15:00:00,-0.9950
2025-09-13 16:00:00,-0.9990
2025-09-13 17:00:00,-1.0060
2025-09-13 18:00:00,-1.0030
2025-09-13 19:00:00,-1.0240
2025-09-13 20:00:00,-1.0180
2025-09-13 21:00:00,-1.0070
2025-09-13 22:00:00,-1.0010
2025-09-13 23:00:00,-1.0170
2025-09-14 00:00:00,-1.0210
2025-09-14 01:00:00,-1.0220
2025-09-14 02:00:00,-1.0220
2025-09-14 03:00:00,-1.0230
2025-09-14 04:00:00,-1.0270
2025-09-14 05:00:00,-1.0280
2025-09-14 06:00:00,-1.0340
2025-09-14 07:00:00,-1.0350
2025-09-14 08:00:00,-1.0350
2025-09-14 09:00:00,-1.0450
2025-09-14 10:00:00,-1.0470
2025-09-14 11:00:00,-1.0490
2025-09-14 12:00:00,-1.0350
2025-09-14 13:00:00,-1.0240
2025-09-14 14:00:00,-1.0140
2025-09-14 15:00:00,-1.0100
2025-09-14 16:00:00,-1.0180
2025-09-14 17:00:00,-1.0260
2025-09-14 18:00:00,-1.0250
2025-09-14 19:00:00,-1.0220
2025-09-14 20:00:00,-1.0280
2025-09-14 21:00:00,-1.0230
2025-09-14 22:00:00,-1.0260
2025-09-14 23:00:00,-1.0270
2025-09-15 00:00:00,-1.0180
2025-09-15 01:00:00,-1.0120
2025-09-15 02:00:00,-1.0180
2025-09-15 03:00:00,-1.0240
2025-09-15 04:00:00,-1.0230
2025-09-15 05:00:00,-1.0170
2025-09-15 06:00:00,-1.0130
2025-09-15 07:00:00,-1.0230
2025-09-15 08:00:00,-1.0310
2025-09-15 09:00:00,-1.0300
2025-09-15 10:00:00,-1.0260
2025-09-15 11:00:00,-1.0180
2025-09-15 12:00:00,-1.0240
2025-09-15 13:00:00,-1.0350
2025-09-15 14:00:00,-1.0370
2025-09-15 15:00:00,-1.0240
2025-09-15 16:00:00,-1.0100
2025-09-15 17:00:00,-1.0000
2025-09-15 18:00:00,-1.0060
2025-09-15 19:00:00,-1.0080
2025-09-15 20:00:00,-1.0150
2025-09-15 21:00:00,-1.0260
2025-09-15 22:00:00,-1.0350
2025-09-15 23:00:00,-1.0490
2025-09-16 00:00:00,-1.0430
2025-09-16 01:00:00,-1.0410
2025-09-16 02:00:00,-1.0440
2025-09-16 03:00:00,-1.0490
2025-09-16 04:00:00,-1.0590
2025-09-16 05:00:00,-1.0620
2025-09-16 06:00:00,-1.0730
2025-09-16 07:00:00,-1.0820
2025-09-16 08:00:00,-1.0800
2025-09-16 09:00:00,-1.0830
2025-09-16 10:00:00,-1.0840
2025-09-16 11:00:00,-1.0860
2025-09-16 12:00:00,-1.0810
2025-09-16 13:00:00,-1.0800
2025-09-16 14:00:00,-1.0800
2025-09-16 15:00:00,-1.0830
2025-09-16 16:00:00,-1.0790
2025-09-16 17:00:00,-1.0830
2025-09-16 18:00:00,-1.0810
2025-09-16 19:00:00,-1.0880
2025-09-16 20:00:00,-1.0830
2025-09-16 21:00:00,-1.0780
2025-09-16 22:00:00,-1.0750
2025-09-16 23:00:00,-1.0740
2025-09-17 00:00:00,-1.0760
2025-09-17 01:00:00,-1.0760
2025-09-17 02:00:00,-1.0750
2025-09-17 03:00:00,-1.0770
2025-09-17 04:00:00,-1.0770
2025-09-17 05:00:00,-1.0750
2025-09-17 06:00:00,-1.0710
2025-09-17 07:00:00,-1.0710
2025-09-17 08:00:00,-1.0720
2025-09-17 09:00:00,-1.0660
2025-09-17 10:00:00,-1.0610
2025-09-17 11:00:00,-1.0620
2025-09-17 12:00:00,-1.0630
2025-09-17 13:00:00,-1.0620
2025-09-17 14:00:00,-1.0590
2025-09-17 15:00:00,-1.0560
2025-09-17 16:00:00,-1.0520
2025-09-17 17:00:00,-1.0640
2025-09-17 18:00:00,-1.0610
2025-09-17 19:00:00,-1.0500
2025-09-17 20:00:00,-1.0480
2025-09-17 21:00:00,-1.0470
2025-09-17 22:00:00,-1.0570
2025-09-17 23:00:00,-1.0590
2025-09-18 00:00:00,-1.0590
2025-09-18 01:00:00,-1.0540
2025-09-18 02:00:00,-1.0510
2025-09-18 03:00:00,-1.0360
2025-09-18 04:00:00,-1.0270
2025-09-18 05:00:00,-1.0170
2025-09-18 06:00:00,-1.0060
2025-09-18 07:00:00,-0.9900
2025-09-18 08:00:00,-0.9810
2025-09-18 09:00:00,-0.9770
2025-09-18 10:00:00,-0.9820
2025-09-18 11:00:00,-0.9970
2025-09-18 12:00:00,-1.0170
2025-09-18 13:00:00,-1.0300
2025-09-18 14:00:00,-1.0370
2025-09-18 15:00:00,-1.0400
2025-09-18 16:00:00,-1.0460
2025-09-18 17:00:00,-1.0410
2025-09-18 18:00:00,-1.0550
2025-09-18 19:00:00,-1.0690
2025-09-18 20:00:00,-1.0740
2025-09-18 21:00:00,-1.0830
2025-09-18 22:00:00,-1.0870
2025-09-18 23:00:00,-1.0800
2025-09-19 00:00:00,-1.0790
2025-09-19 01:00:00,-1.0840
2025-09-19 02:00:00,-1.0870
2025-09-19 03:00:00,-1.0880
2025-09-19 04:00:00,-1.0930
2025-09-19 05:00:00,-1.0950
2025-09-19 06:00:00,-1.0970
2025-09-19 07:00:00,-1.0910
2025-09-19 08:00:00,-1.0790
2025-09-19 09:00:00,-1.0720
2025-09-19 10:00:00,-1.0780
2025-09-19 11:00:00,-1.0810
2025-09-19 12:00:00,-1.0780
2025-09-19 13:00:00,-1.0740
2025-09-19 14:00:00,-1.0670
2025-09-19 15:00:00,-1.0600
2025-09-19 16:00:00,-1.0690
2025-09-19 17:00:00,-1.0690
2025-09-19 18:00:00,-1.0680
2025-09-19 19:00:00,-1.0680
2025-09-19 20:00:00,-1.0650
2025-09-19 21:00:00,-1.0590
2025-09-19 22:00:00,-1.0570
2025-09-19 23:00:00,-1.0500
2025-09-20 00:00:00,-1.0570
2025-09-20 01:00:00,-1.0590
2025-09-20 02:00:00,-1.0590
2025-09-20 03:00:00,-1.0680
2025-09-20 04:00:00,-1.0600
2025-09-20 05:00:00,-1.0520
2025-09-20 06:00:00,-1.0500
2025-09-20 07:00:00,-1.0520
2025-09-20 08:00:00,-1.0630
2025-09-20 09:00:00,-1.0820
2025-09-20 10:00:00,-1.0800
2025-09-20 11:00:00,-1.0830
2025-09-20 12:00:00,-1.0770
2025-09-20 13:00:00,-1.0760
2025-09-20 14:00:00,-1.0730
2025-09-20 15:00:00,-1.0730
2025-09-20 16:00:00,-1.0780
2025-09-20 17:00:00,-1.0770
2025-09-20 18:00:00,-1.0850
2025-09-20 19:00:00,-1.0890
2025-09-20 20:00:00,-1.0970
2025-09-20 21:00:00,-1.0790
2025-09-20 22:00:00,-1.0700
2025-09-20 23:00:00,-1.0750
2025-09-21 00:00:00,-1.0800
2025-09-21 01:00:00,-1.0740
2025-09-21 02:00:00,-1.0750
2025-09-21 03:00:00,-1.0920
2025-09-21 04:00:00,-1.0910
2025-09-21 05:00:00,-1.0920
2025-09-21 06:00:00,-1.0950
2025-09-21 07:00:00,-1.0970
2025-09-21 08:00:00,-1.1010
2025-09-21 09:00:00,-1.1070
2025-09-21 10:00:00,-1.1130
2025-09-21 11:00:00,-1.1140
2025-09-21 12:00:00,-1.1150
2025-09-21 13:00:00,-1.1200
2025-09-21 14:00:00,-1.1220
2025-09-21 15:00:00,-1.1190
2025-09-21 16:00:00,-1.1160
2025-09-21 17:00:00,-1.1130
2025-09-21 18:00:00,-1.1120
2025-09-21 19:00:00,-1.1160
2025-09-21 20:00:00,-1.1170
2025-09-21 21:00:00,-1.1220
2025-09-21 22:00:00,-1.1210
2025-09-21 23:00:00,-1.1240
2025-09-22 00:00:00,-1.1230
2025-09-22 01:00:00,-1.1260
2025-09-22 02:00:00,-1.1350
2025-09-22 03:00:00,-1.1370
2025-09-22 04:00:00,-1.1360
2025-09-22 05:00:00,-1.1330
2025-09-22 06:00:00,-1.1290
2025-09-22 07:00:00,-1.1270
2025-09-22 08:00:00,-1.1470
2025-09-22 09:00:00,-1.1390
2025-09-22 10:00:00,-1.1290
2025-09-22 11:00:00,-1.1330
2025-09-22 12:00:00,-1.1260
2025-09-22 13:00:00,-1.1170
2025-09-22 14:00:00,-1.1090
2025-09-22 15:00:00,-1.1020
2025-09-22 16:00:00,-1.0980
2025-09-22 17:00:00,-1.0890
2025-09-22 18:00:00,-1.0830
2025-09-22 19:00:00,-1.0740
2025-09-22 20:00:00,-1.0780
2025-09-22 21:00:00,-1.0790
2025-09-22 22:00:00,-1.0770
2025-09-22 23:00:00,-1.0770
2025-09-23 00:00:00,-1.0770
2025-09-23 01:00:00,-1.0740
2025-09-23 02:00:00,-1.0770
2025-09-23 03:00:00,-1.0800
2025-09-23 04:00:00,-1.0820
2025-09-23 05:00:00,-1.0790
2025-09-23 06:00:00,-1.0730
2025-09-23 07:00:00,-1.0680
2025-09-23 08:00:00,-1.0670
2025-09-23 09:00:00,-1.0650
2025-09-23 10:00:00,-1.0640
2025-09-23 11:00:00,-1.0680
2025-09-23 12:00:00,-1.0820
2025-09-23 13:00:00,-1.0820
2025-09-23 14:00:00,-1.0850
2025-09-23 15:00:00,-1.0790
2025-09-23 16:00:00,-1.0790
2025-09-23 17:00:00,-1.0770
2025-09-23 18:00:00,-1.0770
2025-09-23 19:00:00,-1.0870
2025-09-23 20:00:00,-1.0970
2025-09-23 21:00:00,-1.1050
2025-09-23 22:00:00,-1.1050
2025-09-23 23:00:00,-1.1060
2025-09-24 00:00:00,-1.1120
2025-09-24 01:00:00,-1.1060
2025-09-24 02:00:00,-1.1120
2025-09-24 03:00:00,-1.1120
2025-09-24 04:00:00,-1.1220
2025-09-24 05:00:00,-1.1210
2025-09-24 06:00:00,-1.1180
2025-09-24 07:00:00,-1.1170
2025-09-24 08:00:00,-1.1180
2025-09-24 09:00:00,-1.1120
2025-09-24 10:00:00,-1.1240
2025-09-24 11:00:00,-1.1290
2025-09-24 12:00:00,-1.1240
2025-09-24 13:00:00,-1.1090
2025-09-24 14:00:00,-1.0950
2025-09-24 15:00:00,-1.0880
2025-09-24 16:00:00,-1.1020
2025-09-24 17:00:00,-1.1030
2025-09-24 18:00:00,-1.1060
2025-09-24 19:00:00,-1.1100
2025-09-24 20:00:00,-1.1120
2025-09-24 21:00:00,-1.1040
2025-09-24 22:00:00,-1.1180
2025-09-24 23:00:00,-1.1190
2025-09-25 00:00:00,-1.1230
2025-09-25 01:00:00,-1.1200
2025-09-25 02:00:00,-1.1240
2025-09-25 03:00:00,-1.1260
2025-09-25 04:00:00,-1.1210
2025-09-25 05:00:00,-1.1140
2025-09-25 06:00:00,-1.1090
2025-09-25 07:00:00,-1.1120
2025-09-25 08:00:00,-1.1150
2025-09-25 09:00:00,-1.1090
2025-09-25 10:00:00,-1.1250
2025-09-25 11:00:00,-1.1260
2025-09-25 12:00:00,-1.1230
2025-09-25 13:00:00,-1.1260
2025-09-25 14:00:00,-1.1090
2025-09-25 15:00:00,-1.1130
2025-09-25 16:00:00,-1.1080
2025-09-25 17:00:00,-1.1070
2025-09-25 18:00:00,-1.1040
2025-09-25 19:00:00,-1.1060
2025-09-25 20:00:00,-1.1080
2025-09-25 21:00:00,-1.1120
2025-09-25 22:00:00,-1.1120
2025-09-25 23:00:00,-1.1180
2025-09-26 00:00:00,-1.1220
2025-09-26 01:00:00,-1.1190
2025-09-26 02:00:00,-1.1160
2025-09-26 03:00:00,-1.1130
2025-09-26 04:00:00,-1.1130
2025-09-26 05:00:00,-1.1120
2025-09-26 06:00:00,-1.1090
2025-09-26 07:00:00,-1.1150
2025-09-26 08:00:00,-1.1160
2025-09-26 09:00:00,-1.1110
2025-09-26 10:00:00,-1.0990
2025-09-26 11:00:00,-1.0900
2025-09-26 12:00:00,-1.0860
2025-09-26 13:00:00,-1.0800
2025-09-26 14:00:00,-1.0770
2025-09-26 15:00:00,-1.0780
2025-09-26 16:00:00,-1.0790
2025-09-26 17:00:00,-1.0820
2025-09-26 18:00:00,-1.0870
2025-09-26 19:00:00,-1.0890
2025-09-26 20:00:00,-1.0940
2025-09-26 21:00:00,-1.1000
2025-09-26 22:00:00,-1.0970
2025-09-26 23:00:00,-1.0840
2025-09-27 00:00:00,-1.0760
2025-09-27 01:00:00,-1.0660
2025-09-27 02:00:00,-1.0880
2025-09-27 03:00:00,-1.0680
2025-09-27 04:00:00,-1.0590
2025-09-27 05:00:00,-1.0500
2025-09-27 06:00:00,-1.0500
2025-09-27 07:00:00,-1.0470
2025-09-27 08:00:00,-1.0470
2025-09-27 09:00:00,-1.0510
2025-09-27 10:00:00,-1.0540
2025-09-27 11:00:00,-1.0520
2025-09-27 12:00:00,-1.0480
2025-09-27 13:00:00,-1.0510
2025-09-27 14:00:00,-1.0480
2025-09-27 15:00:00,-1.0440
2025-09-27 16:00:00,-1.0410
2025-09-27 17:00:00,-1.0380
2025-09-27 18:00:00,-1.0380
2025-09-27 19:00:00,-1.0340
2025-09-27 20:00:00,-1.0370
2025-09-27 21:00:00,-1.0330
2025-09-27 22:00:00,-1.0350
2025-09-27 23:00:00,-1.0280
2025-09-28 00:00:00,-1.0210
2025-09-28 01:00:00,-1.0140
2025-09-28 02:00:00,-1.0140
2025-09-28 03:00:00,-1.0040
2025-09-28 04:00:00,-0.9970
2025-09-28 05:00:00,-0.9900
2025-09-28 06:00:00,-0.9780
2025-09-28 07:00:00,-0.9750
2025-09-28 08:00:00,-0.9740
2025-09-28 09:00:00,-0.9740
2025-09-28 10:00:00,-0.9680
2025-09-28 11:00:00,-0.9610
2025-09-28 12:00:00,-0.9580
2025-09-28 13:00:00,-0.9530
2025-09-28 14:00:00,-0.9510
2025-09-28 15:00:00,-0.9500
2025-09-28 16:00:00,-0.9530
2025-09-28 17:00:00,-0.9540
2025-09-28 18:00:00,-0.9560
2025-09-28 19:00:00,-0.9600
2025-09-28 20:00:00,-0.9610
2025-09-28 21:00:00,-0.9620
2025-09-28 22:00:00,-0.9660
2025-09-28 23:00:00,-0.9690
2025-09-29 00:00:00,-0.9680
2025-09-29 01:00:00,-0.9660
2025-09-29 02:00:00,-0.9840
2025-09-29 03:00:00,-0.9760
2025-09-29 04:00:00,-0.9870
2025-09-29 05:00:00,-1.0040
2025-09-29 06:00:00,-1.0100
2025-09-29 07:00:00,-1.0320
2025-09-29 08:00:00,-1.0370
2025-09-29 09:00:00,-1.0410
2025-09-29 10:00:00,-1.0510
2025-09-29 11:00:00,-1.0580
2025-09-29 12:00:00,-1.0590
2025-09-29 13:00:00,-1.0570
2025-09-29 14:00:00,-1.0540
2025-09-29 15:00:00,-1.0510
2025-09-29 16:00:00,-1.0520
2025-09-29 17:00:00,-1.0530
2025-09-29 18:00:00,-1.0580
2025-09-29 19:00:00,-1.0550
2025-09-29 20:00:00,-1.0540
2025-09-29 21:00:00,-1.0670
2025-09-29 22:00:00,-1.0690
2025-09-29 23:00:00,-1.0660
2025-09-30 00:00:00,-1.0640
2025-09-30 01:00:00,-1.0670
2025-09-30 02:00:00,-1.0720
2025-09-30 03:00:00,-1.0760
2025-09-30 04:00:00,-1.0810
2025-09-30 05:00:00,-1.0780
2025-09-30 06:00:00,-1.0790
2025-09-30 07:00:00,-1.0820
2025-09-30 08:00:00,-1.0850
2025-09-30 09:00:00,-1.0810
2025-09-30 10:00:00,-1.0670
2025-09-30 11:00:00,-1.0700
2025-09-30 12:00:00,-1.0580
2025-09-30 13:00:00,-1.0980
2025-09-30 14:00:00,-1.0880
2025-09-30 15:00:00,-1.0780
2025-09-30 16:00:00,-1.0780
2025-09-30 17:00:00,-1.0690
2025-09-30 18:00:00,-1.0680
2025-09-30 19:00:00,-1.0730
2025-09-30 20:00:00,-1.0720
2025-09-30 21:00:00,-1.0670
2025-09-30 22:00:00,-1.0720
2025-09-30 23:00:00,-1.0730
2025-10-01 00:00:00,-1.0710
2025-10-01 01:00:00,-1.0710
2025-10-01 02:00:00,-1.0690
2025-10-01 03:00:00,-1.0640
2025-10-01 04:00:00,-1.0630
2025-10-01 05:00:00,-1.0620
2025-10-01 06:00:00,-1.0600
2025-10-01 07:00:00,-1.0600
2025-10-01 08:00:00,-1.0630
2025-10-01 09:00:00,-1.0630
2025-10-01 10:00:00,-1.0650
2025-10-01 11:00:00,-1.0640
2025-10-01 12:00:00,-1.0660
2025-10-01 13:00:00,-1.0640
2025-10-01 14:00:00,-1.0700
2025-10-01 15:00:00,-1.0720
2025-10-01 16:00:00,-1.0700
2025-10-01 17:00:00,-1.0730
2025-10-01 18:00:00,-1.0780
2025-10-01 19:00:00,-1.0800
2025-10-01 20:00:00,-1.0820
2025-10-01 21:00:00,-1.0840
2025-10-01 22:00:00,-1.0840
2025-10-01 23:00:00,-1.0840
2025-10-02 00:00:00,-1.0740
2025-10-02 01:00:00,-1.0860
2025-10-02 02:00:00,-1.0890
2025-10-02 03:00:00,-1.0920
2025-10-02 04:00:00,-1.0910
2025-10-02 05:00:00,-1.0920
2025-10-02 06:00:00,-1.0920
2025-10-02 07:00:00,-1.0920
2025-10-02 08:00:00,-1.1010
2025-10-02 09:00:00,-1.1080
2025-10-02 10:00:00,-1.1130
2025-10-02 11:00:00,-1.1100
2025-10-02 12:00:00,-1.1040
2025-10-02 13:00:00,-1.0940
2025-10-02 14:00:00,-1.0950
2025-10-02 15:00:00,-1.0960
2025-10-02 16:00:00,-1.0970
2025-10-02 17:00:00,-1.1010
2025-10-02 18:00:00,-1.1050
2025-10-02 19:00:00,-1.1060
2025-10-02 20:00:00,-1.1210
2025-10-02 21:00:00,-1.1180
2025-10-02 22:00:00,-1.1140
2025-10-02 23:00:00,-1.1100
2025-10-03 00:00:00,-1.1110
2025-10-03 01:00:00,-1.1040
2025-10-03 02:00:00,-1.1070
2025-10-03 03:00:00,-1.1060
2025-10-03 04:00:00,-1.1070
2025-10-03 05:00:00,-1.1000
2025-10-03 06:00:00,-1.0980
2025-10-03 07:00:00,-1.0960
2025-10-03 08:00:00,-1.1030
2025-10-03 09:00:00,-1.1050
2025-10-03 10:00:00,-1.1130
2025-10-03 11:00:00,-1.0950
2025-10-03 12:00:00,-1.0830
2025-10-03 13:00:00,-1.0810
2025-10-03 14:00:00,-1.0810
2025-10-03 15:00:00,-1.0770
2025-10-03 16:00:00,-1.0720
2025-10-03 17:00:00,-1.0830
2025-10-03 18:00:00,-1.0740
2025-10-03 19:00:00,-1.0890
2025-10-03 20:00:00,-1.0850
2025-10-03 21:00:00,-1.0850
2025-10-03 22:00:00,-1.0810
2025-10-03 23:00:00,-1.0800
2025-10-04 00:00:00,-1.0760
2025-10-04 01:00:00,-1.0600
2025-10-04 02:00:00,-1.0710
2025-10-04 03:00:00,-1.0740
2025-10-04 04:00:00,-1.0850
2025-10-04 05:00:00,-1.0740
2025-10-04 06:00:00,-1.0780
2025-10-04 07:00:00,-1.0810
2025-10-04 08:00:00,-1.0730
2025-10-04 09:00:00,-1.0710
2025-10-04 10:00:00,-1.0760
2025-10-04 11:00:00,-1.0790
2025-10-04 12:00:00,-1.0880
2025-10-04 13:00:00,-1.0860
2025-10-04 14:00:00,-1.0720
2025-10-04 15:00:00,-1.0650
2025-10-04 16:00:00,-1.0530
2025-10-04 17:00:00,-1.0470
2025-10-04 18:00:00,-1.0360
2025-10-04 19:00:00,-1.0240
2025-10-04 20:00:00,-1.0220
2025-10-04 21:00:00,-1.0250
2025-10-04 22:00:00,-1.0310
2025-10-04 23:00:00,-1.0320
2025-10-05 00:00:00,-1.0270
2025-10-05 01:00:00,-1.0260
2025-10-05 02:00:00,-1.0360
2025-10-05 03:00:00,-1.0280
2025-10-05 04:00:00,-1.0320
2025-10-05 05:00:00,-1.0300
2025-10-05 06:00:00,-1.0400
2025-10-05 07:00:00,-1.0410
2025-10-05 08:00:00,-1.0520
2025-10-05 09:00:00,-1.0570
2025-10-05 10:00:00,-1.0610
2025-10-05 11:00:00,-1.0600
2025-10-05 12:00:00,-1.0600
2025-10-05 13:00:00,-1.0580
2025-10-05 14:00:00,-1.0600
2025-10-05 15:00:00,-1.0680
2025-10-05 16:00:00,-1.0710
2025-10-05 17:00:00,-1.0700
2025-10-05 18:00:00,-1.0690
2025-10-05 19:00:00,-1.0730
2025-10-05 20:00:00,-1.0770
2025-10-05 21:00:00,-1.0820
2025-10-05 22:00:00,-1.0840
2025-10-05 23:00:00,-1.0810
2025-10-06 00:00:00,-1.0820
2025-10-06 01:00:00,-1.0890
2025-10-06 02:00:00,-1.0890
2025-10-06 03:00:00,-1.0920
2025-10-06 04:00:00,-1.0950
2025-10-06 05:00:00,-1.0950
2025-10-06 06:00:00,-1.0950
2025-10-06 07:00:00,-1.0900
2025-10-06 08:00:00,-1.0950
2025-10-06 09:00:00,-1.0990
2025-10-06 10:00:00,-1.1000
2025-10-06 11:00:00,-1.0960
2025-10-06 12:00:00,-1.0930
2025-10-06 13:00:00,-1.0920
2025-10-06 14:00:00,-1.0890
2025-10-06 15:00:00,-1.0930
2025-10-06 16:00:00,-1.0900
2025-10-06 17:00:00,-1.0910
2025-10-06 18:00:00,-1.0920
2025-10-06 19:00:00,-1.0980
2025-10-06 20:00:00,-1.1020
2025-10-06 21:00:00,-1.1060
2025-10-06 22:00:00,-1.1100
2025-10-06 23:00:00,-1.1140
2025-10-07 00:00:00,-1.1170
2025-10-07 01:00:00,-1.1130
2025-10-07 02:00:00,-1.1180
2025-10-07 03:00:00,-1.1170
2025-10-07 04:00:00,-1.1160
2025-10-07 05:00:00,-1.1180
2025-10-07 06:00:00,-1.1200
2025-10-07 07:00:00,-1.1240
2025-10-07 08:00:00,-1.1250
2025-10-07 09:00:00,-1.1210
2025-10-07 10:00:00,-1.1240
2025-10-07 11:00:00,-1.1270
2025-10-07 12:00:00,-1.1290
2025-10-07 13:00:00,-1.1280
2025-10-07 14:00:00,-1.1240
2025-10-07 15:00:00,-1.1300
2025-10-07 16:00:00,-1.1330
2025-10-07 17:00:00,-1.1330
2025-10-07 18:00:00,-1.1320
2025-10-07 19:00:00,-1.1300
2025-10-07 20:00:00,-1.1290
2025-10-07 21:00:00,-1.1300
2025-10-07 22:00:00,-1.1440
2025-10-07 23:00:00,-1.1500
2025-10-08 00:00:00,-1.1520
2025-10-08 01:00:00,-1.1380
2025-10-08 02:00:00,-1.1400
2025-10-08 03:00:00,-1.1460
2025-10-08 04:00:00,-1.1530
2025-10-08 05:00:00,-1.1370
2025-10-08 06:00:00,-1.1180
2025-10-08 07:00:00,-1.1240
2025-10-08 08:00:00,-1.1220
2025-10-08 09:00:00,-1.1200
2025-10-08 10:00:00,-1.1200
2025-10-08 11:00:00,-1.1250
2025-10-08 12:00:00,-1.1230
2025-10-08 13:00:00,-1.1220
2025-10-08 14:00:00,-1.1200
2025-10-08 15:00:00,-1.1220
2025-10-08 16:00:00,-1.1110
2025-10-08 17:00:00,-1.1200
2025-10-08 18:00:00,-1.1260
2025-10-08 19:00:00,-1.1220
2025-10-08 20:00:00,-1.1210
2025-10-08 21:00:00,-1.1230
2025-10-08 22:00:00,-1.1260
2025-10-08 23:00:00,-1.1250
2025-10-09 00:00:00,-1.1210
2025-10-09 01:00:00,-1.1160
2025-10-09 02:00:00,-1.1100
2025-10-09 03:00:00,-1.1140
2025-10-09 04:00:00,-1.1130
2025-10-09 05:00:00,-1.1130
2025-10-09 06:00:00,-1.1150
2025-10-09 07:00:00,-1.1150
2025-10-09 08:00:00,-1.1090
2025-10-09 09:00:00,-1.1050
2025-10-09 10:00:00,-1.1040
2025-10-09 11:00:00,-1.1050
2025-10-09 12:00:00,-1.1030
2025-10-09 13:00:00,-1.1020
2025-10-09 14:00:00,-1.1020
2025-10-09 15:00:00,-1.1020
2025-10-09 16:00:00,-1.0970
2025-10-09 17:00:00,-1.0960
2025-10-09 18:00:00,-1.1030
2025-10-09 19:00:00,-1.1030
2025-10-09 20:00:00,-1.1050
2025-10-09 21:00:00,-1.1060
2025-10-09 22:00:00,-1.1050
2025-10-09 23:00:00,-1.1010
2025-10-10 00:00:00,-1.0990
2025-10-10 01:00:00,-1.0990
2025-10-10 02:00:00,-1.1020
2025-10-10 03:00:00,-1.0990
2025-10-10 04:00:00,-1.0970
2025-10-10 05:00:00,-1.0990
2025-10-10 06:00:00,-1.0990
2025-10-10 07:00:00,-1.0990
2025-10-10 08:00:00,-1.1060
2025-10-10 09:00:00,-1.1110
2025-10-10 10:00:00,-1.1070
2025-10-10 11:00:00,-1.1120
2025-10-10 12:00:00,-1.1140
2025-10-10 13:00:00,-1.1140
2025-10-10 14:00:00,-1.1120
2025-10-10 15:00:00,-1.1060
2025-10-10 16:00:00,-1.0980
2025-10-10 17:00:00,-1.0860
2025-10-10 18:00:00,-1.0760
2025-10-10 19:00:00,-1.0720
2025-10-10 20:00:00,-1.0740
2025-10-10 21:00:00,-1.0820
2025-10-10 22:00:00,-1.0840
2025-10-10 23:00:00,-1.0850
2025-10-11 00:00:00,-1.0940
2025-10-11 01:00:00,-1.1000
2025-10-11 02:00:00,-1.1080
2025-10-11 03:00:00,-1.1110
2025-10-11 04:00:00,-1.1030
2025-10-11 05:00:00,-1.1000
2025-10-11 06:00:00,-1.1000
2025-10-11 07:00:00,-1.1010
2025-10-11 08:00:00,-1.0960
2025-10-11 09:00:00,-1.0990
2025-10-11 10:00:00,-1.1020
2025-10-11 11:00:00,-1.0960
2025-10-11 12:00:00,-1.0940
2025-10-11 13:00:00,-1.0920
2025-10-11 14:00:00,-1.0880
2025-10-11 15:00:00,-1.0840
2025-10-11 16:00:00,-1.0760
2025-10-11 17:00:00,-1.0770
2025-10-11 18:00:00,-1.0840
2025-10-11 19:00:00,-1.0890
2025-10-11 20:00:00,-1.0940
2025-10-11 21:00:00,-1.1090
2025-10-11 22:00:00,-1.1040
2025-10-11 23:00:00,-1.1020
2025-10-12 00:00:00,-1.0970
2025-10-12 01:00:00,-1.1000
2025-10-12 02:00:00,-1.0950
2025-10-12 03:00:00,-1.0950
2025-10-12 04:00:00,-1.0920
2025-10-12 05:00:00,-1.0960
2025-10-12 06:00:00,-1.1020
2025-10-12 07:00:00,-1.1000
2025-10-12 08:00:00,-1.1000
2025-10-12 09:00:00,-1.1010
2025-10-12 10:00:00,-1.1070
2025-10-12 11:00:00,-1.1060
2025-10-12 12:00:00,-1.1080
2025-10-12 13:00:00,-1.1100
2025-10-12 14:00:00,-1.1070
2025-10-12 15:00:00,-1.1080
2025-10-12 16:00:00,-1.1030
2025-10-12 17:00:00,-1.1000
2025-10-12 18:00:00,-1.1000
2025-10-12 19:00:00,-1.1080
2025-10-12 20:00:00,-1.1120
2025-10-12 21:00:00,-1.1190
2025-10-12 22:00:00,-1.1250
2025-10-12 23:00:00,-1.1220
2025-10-13 00:00:00,-1.1190
2025-10-13 01:00:00,-1.1180
2025-10-13 02:00:00,-1.1100
2025-10-13 03:00:00,-1.1070
2025-10-13 04:00:00,-1.1080
2025-10-13 05:00:00,-1.1130
2025-10-13 06:00:00,-1.1100
2025-10-13 07:00:00,-1.1040
2025-10-13 08:00:00,-1.1030
2025-10-13 09:00:00,-1.1060
2025-10-13 10:00:00,-1.1000
2025-10-13 11:00:00,-1.1040
2025-10-13 12:00:00,-1.1080
2025-10-13 13:00:00,-1.1080
2025-10-13 14:00:00,-1.1080
2025-10-13 15:00:00,-1.1080
2025-10-13 16:00:00,-1.1030
2025-10-13 17:00:00,-1.0990
2025-10-13 18:00:00,-1.1060
2025-10-13 19:00:00,-1.1060
2025-10-13 20:00:00,-1.1080
2025-10-13 21:00:00,-1.1100
2025-10-13 22:00:00,-1.1130
2025-10-13 23:00:00,-1.1160
2025-10-14 00:00:00,-1.1190
2025-10-14 01:00:00,-1.1180
2025-10-14 02:00:00,-1.1120
2025-10-14 03:00:00,-1.1180
2025-10-14 04:00:00,-1.1210
2025-10-14 05:00:00,-1.1290
2025-10-14 06:00:00,-1.1350
2025-10-14 07:00:00,-1.1290
2025-10-14 08:00:00,-1.1310
2025-10-14 09:00:00,-1.1220
2025-10-14 10:00:00,-1.1180
2025-10-14 11:00:00,-1.1200
2025-10-14 12:00:00,-1.1070
2025-10-14 13:00:00,-1.1000
2025-10-14 14:00:00,-1.0980
2025-10-14 15:00:00,-1.0970
2025-10-14 16:00:00,-1.0980
2025-10-14 17:00:00,-1.0880
2025-10-14 18:00:00,-1.0850
2025-10-14 19:00:00,-1.0980
2025-10-14 20:00:00,-1.1020
2025-10-14 21:00:00,-1.1000
2025-10-14 22:00:00,-1.1020
2025-10-14 23:00:00,-1.1000
2025-10-15 00:00:00,-1.0990
2025-10-15 01:00:00,-1.0980
2025-10-15 02:00:00,-1.1000
2025-10-15 03:00:00,-1.1000
2025-10-15 04:00:00,-1.0980
2025-10-15 05:00:00,-1.1000
2025-10-15 06:00:00,-1.0990
2025-10-15 07:00:00,-1.0950
2025-10-15 08:00:00,-1.0910
2025-10-15 09:00:00,-1.0930
2025-10-15 10:00:00,-1.0990
2025-10-15 11:00:00,-1.0930
2025-10-15 12:00:00,-1.0980
2025-10-15 13:00:00,-1.1110
2025-10-15 14:00:00,-1.1120
2025-10-15 15:00:00,-1.1090
2025-10-15 16:00:00,-1.1110
2025-10-15 17:00:00,-1.1130
2025-10-15 18:00:00,-1.1110
2025-10-15 19:00:00,-1.1050
2025-10-15 20:00:00,-1.1050
2025-10-15 21:00:00,-1.1030
2025-10-15 22:00:00,-1.1140
2025-10-15 23:00:00,-1.1120
2025-10-16 00:00:00,-1.1040
2025-10-16 01:00:00,-1.0970
2025-10-16 02:00:00,-1.0920
2025-10-16 03:00:00,-1.0880
2025-10-16 04:00:00,-1.0860
2025-10-16 05:00:00,-1.0810
2025-10-16 06:00:00,-1.0760
2025-10-16 07:00:00,-1.0750
2025-10-16 08:00:00,-1.0800
2025-10-16 09:00:00,-1.0850
2025-10-16 10:00:00,-1.0910
2025-10-16 11:00:00,-1.0890
2025-10-16 12:00:00,-1.0800
2025-10-16 13:00:00,-1.0700
2025-10-16 14:00:00,-1.0670
2025-10-16 15:00:00,-1.0650
2025-10-16 16:00:00,-1.0620
2025-10-16 17:00:00,-1.0660
2025-10-16 18:00:00,-1.0670
2025-10-16 19:00:00,-1.0630
2025-10-16 20:00:00,-1.0550
2025-10-16 21:00:00,-1.0520
2025-10-16 22:00:00,-1.0460
2025-10-16 23:00:00,-1.0450
2025-10-17 00:00:00,-1.0390
2025-10-17 01:00:00,-1.0320
2025-10-17 02:00:00,-1.0280
2025-10-17 03:00:00,-1.0180
2025-10-17 04:00:00,-1.0010
2025-10-17 05:00:00,-0.9990
2025-10-17 06:00:00,-1.0000
2025-10-17 07:00:00,-0.9920
2025-10-17 08:00:00,-0.9920
2025-10-17 09:00:00,-0.9940
2025-10-17 10:00:00,-1.0000
2025-10-17 11:00:00,-1.0120
2025-10-17 12:00:00,-1.0090
2025-10-17 13:00:00,-1.0320
2025-10-17 14:00:00,-1.0230
2025-10-17 15:00:00,-1.0140
2025-10-17 16:00:00,-1.0070
2025-10-17 17:00:00,-1.0040
2025-10-17 18:00:00,-1.0010
2025-10-17 19:00:00,-1.0110
2025-10-17 20:00:00,-1.0250
2025-10-17 21:00:00,-1.0400
2025-10-17 22:00:00,-1.0500
2025-10-17 23:00:00,-1.0580
2025-10-18 00:00:00,-1.0680
2025-10-18 01:00:00,-1.0700
2025-10-18 02:00:00,-1.0760
2025-10-18 03:00:00,-1.0830
2025-10-18 04:00:00,-1.0920
2025-10-18 05:00:00,-1.1010
2025-10-18 06:00:00,-1.1010
2025-10-18 07:00:00,-1.1000
2025-10-18 08:00:00,-1.1040
2025-10-18 09:00:00,-1.1030
2025-10-18 10:00:00,-1.0990
2025-10-18 11:00:00,-1.0990
2025-10-18 12:00:00,-1.0950
2025-10-18 13:00:00,-1.0910
2025-10-18 14:00:00,-1.0860
2025-10-18 15:00:00,-1.0840
2025-10-18 16:00:00,-1.0760
2025-10-18 17:00:00,-1.0760
2025-10-18 18:00:00,-1.0600
2025-10-18 19:00:00,-1.0540
2025-10-18 20:00:00,-1.0500
2025-10-18 21:00:00,-1.0630
2025-10-18 22:00:00,-1.0560
2025-10-18 23:00:00,-1.0530
2025-10-19 00:00:00,-1.0360
2025-10-19 01:00:00,-1.0480
2025-10-19 02:00:00,-1.0670
2025-10-19 03:00:00,-1.0600
2025-10-19 04:00:00,-1.0690
2025-10-19 05:00:00,-1.0580
2025-10-19 06:00:00,-1.0550
2025-10-19 07:00:00,-1.0500
2025-10-19 08:00:00,-1.0520
2025-10-19 09:00:00,-1.0450
2025-10-19 10:00:00,-1.0480
2025-10-19 11:00:00,-1.0550
2025-10-19 12:00:00,-1.0560
2025-10-19 13:00:00,-1.0610
2025-10-19 14:00:00,-1.0790
2025-10-19 15:00:00,-1.0690
2025-10-19 16:00:00,-1.0720
2025-10-19 17:00:00,-1.0620
2025-10-19 18:00:00,-1.0720
2025-10-19 19:00:00,-1.0770
2025-10-19 20:00:00,-1.0770
2025-10-19 21:00:00,-1.0620
2025-10-19 22:00:00,-1.0680
2025-10-19 23:00:00,-1.0740
2025-10-20 00:00:00,-1.0750
2025-10-20 01:00:00,-1.0720
2025-10-20 02:00:00,-1.0810
2025-10-20 03:00:00,-1.0790
2025-10-20 04:00:00,-1.0660
2025-10-20 05:00:00,-1.0710
2025-10-20 06:00:00,-1.0700
2025-10-20 07:00:00,-1.0790
2025-10-20 08:00:00,-1.0780
2025-10-20 09:00:00,-1.0770
2025-10-20 10:00:00,-1.0820
2025-10-20 11:00:00,-1.0820
2025-10-20 12:00:00,-1.0970
2025-10-20 13:00:00,-1.0940
2025-10-20 14:00:00,-1.0920
2025-10-20 15:00:00,-1.0800
2025-10-20 16:00:00,-1.0910
2025-10-20 17:00:00,-1.0930
2025-10-20 18:00:00,-1.1090
2025-10-20 19:00:00,-1.1130
2025-10-20 20:00:00,-1.1310
2025-10-20 21:00:00,-1.1340
2025-10-20 22:00:00,-1.1280
2025-10-20 23:00:00,-1.1200
2025-10-21 00:00:00,-1.1080
2025-10-21 01:00:00,-1.1030
2025-10-21 02:00:00,-1.0940
2025-10-21 03:00:00,-1.0920
2025-10-21 04:00:00,-1.0900
2025-10-21 05:00:00,-1.0800
2025-10-21 06:00:00,-1.0780
2025-10-21 07:00:00,-1.0760
2025-10-21 08:00:00,-1.0770
2025-10-21 09:00:00,-1.0940
2025-10-21 10:00:00,-1.0990
2025-10-21 11:00:00,-1.1010
2025-10-21 12:00:00,-1.1010
2025-10-21 13:00:00,-1.1060
2025-10-21 14:00:00,-1.1090
2025-10-21 15:00:00,-1.1080
2025-10-21 16:00:00,-1.1010
2025-10-21 17:00:00,-1.0960
2025-10-21 18:00:00,-1.0950
2025-10-21 19:00:00,-1.0950
2025-10-21 20:00:00,-1.1000
2025-10-21 21:00:00,-1.0970
2025-10-21 22:00:00,-1.0930
2025-10-21 23:00:00,-1.0920
2025-10-22 00:00:00,-1.0930
2025-10-22 01:00:00,-1.0930
2025-10-22 02:00:00,-1.1110
2025-10-22 03:00:00,-1.1150
2025-10-22 04:00:00,-1.1100
2025-10-22 05:00:00,-1.1060
2025-10-22 06:00:00,-1.0990
2025-10-22 07:00:00,-1.0980
2025-10-22 08:00:00,-1.0960
2025-10-22 09:00:00,-1.0970
2025-10-22 10:00:00,-1.0920
2025-10-22 11:00:00,-1.0830
2025-10-22 12:00:00,-1.0740
2025-10-22 13:00:00,-1.0680
2025-10-22 14:00:00,-1.0630
2025-10-22 15:00:00,-1.0590
2025-10-22 16:00:00,-1.0580
2025-10-22 17:00:00,-1.0600
2025-10-22 18:00:00,-1.0640
2025-10-22 19:00:00,-1.0670
2025-10-22 20:00:00,-1.0650
2025-10-22 21:00:00,-1.0620
2025-10-22 22:00:00,-1.0580
2025-10-22 23:00:00,-1.0550
2025-10-23 00:00:00,-1.0600
2025-10-23 01:00:00,-1.0650
2025-10-23 02:00:00,-1.0530
2025-10-23 03:00:00,-1.0530
2025-10-23 04:00:00,-1.0430
2025-10-23 05:00:00,-1.0350
2025-10-23 06:00:00,-1.0460
2025-10-23 07:00:00,-1.0600
2025-10-23 08:00:00,-1.0300
2025-10-23 09:00:00,-1.0090
2025-10-23 10:00:00,-1.0070
2025-10-23 11:00:00,-1.0090
2025-10-23 12:00:00,-0.9940
2025-10-23 13:00:00,-0.9850
2025-10-23 14:00:00,-0.9810
2025-10-23 15:00:00,-0.9800
2025-10-23 16:00:00,-0.9760
2025-10-23 17:00:00,-0.9780
2025-10-23 18:00:00,-0.9820
2025-10-23 19:00:00,-0.9870
2025-10-23 20:00:00,-0.9920
2025-10-23 21:00:00,-0.9960
2025-10-23 22:00:00,-0.9930
2025-10-23 23:00:00,-0.9790
2025-10-24 00:00:00,-0.9770
2025-10-24 01:00:00,-0.9690
2025-10-24 02:00:00,-0.9680
2025-10-24 03:00:00,-0.9670
2025-10-24 04:00:00,-0.9680
2025-10-24 05:00:00,-0.9700
2025-10-24 06:00:00,-0.9730
2025-10-24 07:00:00,-0.9780
2025-10-24 08:00:00,-0.9820
2025-10-24 09:00:00,-0.9760
2025-10-24 10:00:00,-0.9730
2025-10-24 11:00:00,-0.9680
2025-10-24 12:00:00,-0.9710
2025-10-24 13:00:00,-0.9720
2025-10-24 14:00:00,-0.9730
2025-10-24 15:00:00,-0.9780
2025-10-24 16:00:00,-0.9850
2025-10-24 17:00:00,-0.9930
2025-10-24 18:00:00,-0.9970
2025-10-24 19:00:00,-1.0000
2025-10-24 20:00:00,-1.0130
2025-10-24 21:00:00,-1.0190
2025-10-24 22:00:00,-1.0260
2025-10-24 23:00:00,-1.0300
2025-10-25 00:00:00,-1.0260
2025-10-25 01:00:00,-1.0290
2025-10-25 02:00:00,-1.0310
2025-10-25 03:00:00,-1.0300
2025-10-25 04:00:00,-1.0290
2025-10-25 05:00:00,-1.0320
2025-10-25 06:00:00,-1.0340
2025-10-25 07:00:00,-1.0350
2025-10-25 08:00:00,-1.0420
2025-10-25 09:00:00,-1.0420
2025-10-25 10:00:00,-1.0500
2025-10-25 11:00:00,-1.0550
2025-10-25 12:00:00,-1.0040
2025-10-25 13:00:00,-0.9550
2025-10-25 14:00:00,-0.9210
2025-10-25 15:00:00,-0.9040
2025-10-25 16:00:00,-0.8930
2025-10-25 17:00:00,-0.8910
2025-10-25 18:00:00,-0.8970
2025-10-25 19:00:00,-0.9150
2025-10-25 20:00:00,-0.9260
2025-10-25 21:00:00,-0.9370
2025-10-25 22:00:00,-0.9430
2025-10-25 23:00:00,-0.9500
2025-10-26 00:00:00,-0.9590
2025-10-26 01:00:00,-0.9640
2025-10-26 02:00:00,-0.9740
2025-10-26 03:00:00,-0.9900
2025-10-26 04:00:00,-0.9970
2025-10-26 05:00:00,-1.0050
2025-10-26 06:00:00,-1.0150
2025-10-26 07:00:00,-1.0090
2025-10-26 08:00:00,-0.9940
2025-10-26 09:00:00,-0.9890
2025-10-26 10:00:00,-0.9720
2025-10-26 11:00:00,-0.9600
2025-10-26 12:00:00,-0.9420
2025-10-26 13:00:00,-0.9370
2025-10-26 14:00:00,-0.9500
2025-10-26 15:00:00,-0.9610
2025-10-26 16:00:00,-0.9660
2025-10-26 17:00:00,-0.9580
2025-10-26 18:00:00,-0.9620
2025-10-26 19:00:00,-0.9670
2025-10-26 20:00:00,-0.9730
2025-10-26 21:00:00,-0.9700
2025-10-26 22:00:00,-0.9680
2025-10-26 23:00:00,-0.9670
2025-10-27 00:00:00,-0.9630
2025-10-27 01:00:00,-0.9610
2025-10-27 02:00:00,-0.9570
2025-10-27 03:00:00,-0.9510
2025-10-27 04:00:00,-0.9500
2025-10-27 05:00:00,-0.9470
2025-10-27 06:00:00,-0.9410
2025-10-27 07:00:00,-0.9410
2025-10-27 08:00:00,-0.9500
2025-10-27 09:00:00,-0.9620
2025-10-27 10:00:00,-0.9670
2025-10-27 11:00:00,-0.9730
2025-10-27 12:00:00,-0.9780
2025-10-27 13:00:00,-0.9750
2025-10-27 14:00:00,-0.9750
2025-10-27 15:00:00,-0.9730
2025-10-27 16:00:00,-0.9730
2025-10-27 17:00:00,-0.9800
2025-10-27 18:00:00,-0.9810
2025-10-27 19:00:00,-0.9760
2025-10-27 20:00:00,-0.9750
2025-10-27 21:00:00,-0.9800
2025-10-27 22:00:00,-0.9880
2025-10-27 23:00:00,-0.9930
2025-10-28 00:00:00,-0.9960
2025-10-28 01:00:00,-0.9910
2025-10-28 02:00:00,-0.9840
2025-10-28 03:00:00,-0.9800
2025-10-28 04:00:00,-0.9830
2025-10-28 05:00:00,-0.9810
2025-10-28 06:00:00,-0.9850
2025-10-28 07:00:00,-0.9880
2025-10-28 08:00:00,-0.9860
2025-10-28 09:00:00,-0.9860
2025-10-28 10:00:00,-0.9750
2025-10-28 11:00:00,-0.9540
2025-10-28 12:00:00,-0.9320
2025-10-28 13:00:00,-0.9220
2025-10-28 14:00:00,-0.9210
2025-10-28 15:00:00,-0.9250
2025-10-28 16:00:00,-0.9330
2025-10-28 17:00:00,-0.9460
2025-10-28 18:00:00,-0.9520
2025-10-28 19:00:00,-0.9560
2025-10-28 20:00:00,-0.9630
2025-10-28 21:00:00,-0.9700
2025-10-28 22:00:00,-0.9740
2025-10-28 23:00:00,-0.9800
2025-10-29 00:00:00,-0.9790
2025-10-29 01:00:00,-0.9830
2025-10-29 02:00:00,-0.9900
2025-10-29 03:00:00,-0.9960
2025-10-29 04:00:00,-1.0000
2025-10-29 05:00:00,-1.0050
2025-10-29 06:00:00,-1.0050
2025-10-29 07:00:00,-1.0080
2025-10-29 08:00:00,-1.0030
2025-10-29 09:00:00,-1.0070
2025-10-29 10:00:00,-1.0200
2025-10-29 11:00:00,-1.0200
2025-10-29 12:00:00,-1.0150
2025-10-29 13:00:00,-1.0140
2025-10-29 14:00:00,-1.0000
2025-10-29 15:00:00,-1.0160
2025-10-29 16:00:00,-1.0190
2025-10-29 17:00:00,-1.0140
2025-10-29 18:00:00,-1.0230
2025-10-29 19:00:00,-1.0350
2025-10-29 20:00:00,-1.0340
2025-10-29 21:00:00,-1.0240
2025-10-29 22:00:00,-1.0340
2025-10-29 23:00:00,-1.0530
2025-10-30 00:00:00,-1.0730
2025-10-30 01:00:00,-1.0840
2025-10-30 02:00:00,-1.0900
2025-10-30 03:00:00,-1.1000
2025-10-30 04:00:00,-1.1050
2025-10-30 05:00:00,-1.0990
2025-10-30 06:00:00,-1.0890
2025-10-30 07:00:00,-1.0810
2025-10-30 08:00:00,-1.0730
2025-10-30 09:00:00,-1.0620
2025-10-30 10:00:00,-1.0500
2025-10-30 11:00:00,-1.0510
2025-10-30 12:00:00,-1.0360
2025-10-30 13:00:00,-1.0260
2025-10-30 14:00:00,-1.0150
2025-10-30 15:00:00,-1.0020
2025-10-30 16:00:00,-0.9930
2025-10-30 17:00:00,-0.9830
2025-10-30 18:00:00,-0.9730
2025-10-30 19:00:00,-0.9700
2025-10-30 20:00:00,-0.9690
2025-10-30 21:00:00,-0.9680
2025-10-30 22:00:00,-0.9680
2025-10-30 23:00:00,-0.9710
2025-10-31 00:00:00,-0.9690
2025-10-31 01:00:00,-0.9680
2025-10-31 02:00:00,-0.9690
2025-10-31 03:00:00,-0.9710
2025-10-31 04:00:00,-0.9760
2025-10-31 05:00:00,-0.9800
2025-10-31 06:00:00,-0.9880
2025-10-31 07:00:00,-0.9920
2025-10-31 08:00:00,-1.0030
2025-10-31 09:00:00,-1.0040
2025-10-31 10:00:00,-1.0110
2025-10-31 11:00:00,-1.0170
2025-10-31 12:00:00,-1.0180
2025-10-31 13:00:00,-1.0210
2025-10-31 14:00:00,-1.0280
2025-10-31 15:00:00,-1.0310
2025-10-31 16:00:00,-1.0400
2025-10-31 17:00:00,-1.0520
2025-10-31 18:00:00,-1.0700
2025-10-31 19:00:00,-1.0770
2025-10-31 20:00:00,-1.0870
2025-10-31 21:00:00,-1.0890
2025-10-31 22:00:00,-1.0910
2025-10-31 23:00:00,-1.1030
2025-11-01 00:00:00,-1.1030
2025-11-01 01:00:00,-1.1030
2025-11-01 02:00:00,-1.1000
2025-11-01 03:00:00,-1.0970
2025-11-01 04:00:00,-1.0990
2025-11-01 05:00:00,-1.0990
2025-11-01 06:00:00,-1.0930
2025-11-01 07:00:00,-1.0950
2025-11-01 08:00:00,-1.0950
2025-11-01 09:00:00,-1.0960
2025-11-01 10:00:00,-1.0990
2025-11-01 11:00:00,-1.1020
2025-11-01 12:00:00,-1.1070
2025-11-01 13:00:00,-1.1110
2025-11-01 14:00:00,-1.1190
2025-11-01 15:00:00,-1.1160
2025-11-01 16:00:00,-1.1160
2025-11-01 17:00:00,-1.1270
2025-11-01 18:00:00,-1.1230
2025-11-01 19:00:00,-1.1210
2025-11-01 20:00:00,-1.1210
2025-11-01 21:00:00,-1.1220
2025-11-01 22:00:00,-1.1180
2025-11-01 23:00:00,-1.1070
2025-11-02 00:00:00,-1.1060
2025-11-02 01:00:00,-1.1050
2025-11-02 02:00:00,-1.1060
2025-11-02 03:00:00,-1.1010
2025-11-02 04:00:00,-1.1020
2025-11-02 05:00:00,-1.1030
2025-11-02 06:00:00,-1.0920
2025-11-02 07:00:00,-1.0920
2025-11-02 08:00:00,-1.0970
2025-11-02 09:00:00,-1.1070
2025-11-02 10:00:00,-1.0990
2025-11-02 11:00:00,-1.0920
2025-11-02 12:00:00,-1.0910
2025-11-02 13:00:00,-1.0860
2025-11-02 14:00:00,-1.0830
2025-11-02 15:00:00,-1.0860
2025-11-02 16:00:00,-1.0870
2025-11-02 17:00:00,-1.0860
2025-11-02 18:00:00,-1.0980
2025-11-02 19:00:00,-1.1250
2025-11-02 20:00:00,-1.0990
2025-11-02 21:00:00,-1.0970
2025-11-02 22:00:00,-1.0780
2025-11-02 23:00:00,-1.0640
2025-11-03 00:00:00,-1.0480
2025-11-03 01:00:00,-1.0280
2025-11-03 02:00:00,-1.0210
2025-11-03 03:00:00,-1.0130
2025-11-03 04:00:00,-1.0070
2025-11-03 05:00:00,-1.0030
2025-11-03 06:00:00,-1.0050
2025-11-03 07:00:00,-1.0040
2025-11-03 08:00:00,-0.9970
2025-11-03 09:00:00,-0.9890
2025-11-03 10:00:00,-0.9810
2025-11-03 11:00:00,-0.9800
2025-11-03 12:00:00,-0.9760
2025-11-03 13:00:00,-0.9740
2025-11-03 14:00:00,-0.9800
2025-11-03 15:00:00,-0.9840
2025-11-03 16:00:00,-0.9960
2025-11-03 17:00:00,-1.0050
2025-11-03 18:00:00,-1.0140
2025-11-03 19:00:00,-1.0170
2025-11-03 20:00:00,-1.0240
2025-11-03 21:00:00,-1.0280
2025-11-03 22:00:00,-1.0350
2025-11-03 23:00:00,-1.0440
2025-11-04 00:00:00,-1.0580
2025-11-04 01:00:00,-1.0690
2025-11-04 02:00:00,-1.0800
2025-11-04 03:00:00,-1.0750
2025-11-04 04:00:00,-1.0800
2025-11-04 05:00:00,-1.0830
2025-11-04 06:00:00,-1.0800
2025-11-04 07:00:00,-1.0830
2025-11-04 08:00:00,-1.0870
2025-11-04 09:00:00,-1.0920
2025-11-04 10:00:00,-1.0930
2025-11-04 11:00:00,-1.0990
2025-11-04 12:00:00,-1.1010
2025-11-04 13:00:00,-1.0990
2025-11-04 14:00:00,-1.0980
2025-11-04 15:00:00,-1.1020
2025-11-04 16:00:00,-1.1020
2025-11-04 17:00:00,-1.0910
2025-11-04 18:00:00,-1.0860
2025-11-04 19:00:00,-1.0860
2025-11-04 20:00:00,-1.0820
2025-11-04 21:00:00,-1.0820
2025-11-04 22:00:00,-1.1000
2025-11-04 23:00:00,-1.1080
2025-11-05 00:00:00,-1.0990
2025-11-05 01:00:00,-1.1060
2025-11-05 02:00:00,-1.1140
2025-11-05 03:00:00,-1.1210
2025-11-05 04:00:00,-1.1220
2025-11-05 05:00:00,-1.1280
2025-11-05 06:00:00,-1.1240
2025-11-05 07:00:00,-1.1220
2025-11-05 08:00:00,-1.1210
2025-11-05 09:00:00,-1.1210
2025-11-05 10:00:00,
2025-11-05 11:00:00,
2025-11-05 12:00:00,
2025-11-05 13:00:00,
2025-11-05 14:00:00,
2025-11-05 15:00:00,
2025-11-05 16:00:00,
2025-11-05 17:00:00,
2025-11-05 18:00:00,
2025-11-05 19:00:00,
2025-11-05 20:00:00,-1.1340
2025-11-05 21:00:00,-1.1330
2025-11-05 22:00:00,-1.1310
2025-11-05 23:00:00,-1.1280
2025-11-06 00:00:00,-1.1240
2025-11-06 01:00:00,-1.1240
2025-11-06 02:00:00,-1.1080
2025-11-06 03:00:00,-1.1010
2025-11-06 04:00:00,-1.0990
2025-11-06 05:00:00,-1.0950
2025-11-06 06:00:00,-1.0940
2025-11-06 07:00:00,-1.1030
2025-11-06 08:00:00,-1.0960
2025-11-06 09:00:00,-1.1000
2025-11-06 10:00:00,-1.0900
2025-11-06 11:00:00,-1.0770
2025-11-06 12:00:00,-1.0740
2025-11-06 13:00:00,-1.0730
2025-11-06 14:00:00,-1.0700
2025-11-06 15:00:00,-1.0700
2025-11-06 16:00:00,-1.0720
2025-11-06 17:00:00,-1.0840
2025-11-06 18:00:00,-1.0740
2025-11-06 19:00:00,-1.0690
2025-11-06 20:00:00,-1.0610
2025-11-06 21:00:00,-1.0570
2025-11-06 22:00:00,-1.0530
2025-11-06 23:00:00,-1.0540
2025-11-07 00:00:00,-1.0520
2025-11-07 01:00:00,-1.0590
2025-11-07 02:00:00,-1.0480
2025-11-07 03:00:00,-1.0400
2025-11-07 04:00:00,-1.0340
2025-11-07 05:00:00,-1.0290
2025-11-07 06:00:00,-1.0260
2025-11-07 07:00:00,-1.0280
2025-11-07 08:00:00,-1.0300
2025-11-07 09:00:00,-1.0360
2025-11-07 10:00:00,-1.0420
2025-11-07 11:00:00,-1.0500
2025-11-07 12:00:00,-1.0690
2025-11-07 13:00:00,-1.0690
2025-11-07 14:00:00,-1.0830
2025-11-07 15:00:00,-1.0920
2025-11-07 16:00:00,-1.0930
2025-11-07 17:00:00,-1.1140
2025-11-07 18:00:00,-1.1280
2025-11-07 19:00:00,-1.1340
2025-11-07 20:00:00,-1.1220
2025-11-07 21:00:00,-1.1360
2025-11-07 22:00:00,-1.1380
2025-11-07 23:00:00,-1.1370
2025-11-08 00:00:00,-1.1360
2025-11-08 01:00:00,-1.1300
2025-11-08 02:00:00,-1.1210
2025-11-08 03:00:00,-1.1220
2025-11-08 04:00:00,-1.1210
2025-11-08 05:00:00,-1.1210
2025-11-08 06:00:00,-1.1210
2025-11-08 07:00:00,-1.1220
2025-11-08 08:00:00,-1.1260
2025-11-08 09:00:00,-1.1320
2025-11-08 10:00:00,-1.1330
2025-11-08 11:00:00,-1.1270
2025-11-08 12:00:00,-1.1220
2025-11-08 13:00:00,-1.1200
2025-11-08 14:00:00,-1.1170
2025-11-08 15:00:00,-1.1110
2025-11-08 16:00:00,-1.1090
2025-11-08 17:00:00,-1.1080
2025-11-08 18:00:00,-1.1130
2025-11-08 19:00:00,-1.1050
2025-11-08 20:00:00,-1.1050
2025-11-08 21:00:00,-1.1100
2025-11-08 22:00:00,-1.1120
2025-11-08 23:00:00,-1.1120
2025-11-09 00:00:00,-1.1120
2025-11-09 01:00:00,-1.1230
2025-11-09 02:00:00,-1.1350
2025-11-09 03:00:00,-1.1400
2025-11-09 04:00:00,-1.1420
2025-11-09 05:00:00,-1.1450
2025-11-09 06:00:00,-1.1400
2025-11-09 07:00:00,-1.1430
2025-11-09 08:00:00,-1.1510
2025-11-09 09:00:00,-1.1600
2025-11-09 10:00:00,-1.1570
2025-11-09 11:00:00,-1.1640
2025-11-09 12:00:00,-1.1660
2025-11-09 13:00:00,-1.1660
2025-11-09 14:00:00,-1.1690
2025-11-09 15:00:00,-1.1590
2025-11-09 16:00:00,-1.1680
2025-11-09 17:00:00,-1.1570
2025-11-09 18:00:00,-1.1640
2025-11-09 19:00:00,-1.1680
2025-11-09 20:00:00,-1.1690
2025-11-09 21:00:00,-1.1700
2025-11-09 22:00:00,-1.1730
2025-11-09 23:00:00,-1.1720
2025-11-10 00:00:00,-1.1710
2025-11-10 01:00:00,-1.1780
2025-11-10 02:00:00,-1.1770
2025-11-10 03:00:00,-1.1780
2025-11-10 04:00:00,-1.1760
2025-11-10 05:00:00,-1.1790
2025-11-10 06:00:00,-1.1780
2025-11-10 07:00:00,-1.1700
2025-11-10 08:00:00,-1.1680
2025-11-10 09:00:00,-1.1750
2025-11-10 10:00:00,-1.1630
2025-11-10 11:00:00,-1.1680
2025-11-10 12:00:00,-1.1730
2025-11-10 13:00:00,-1.1670
2025-11-10 14:00:00,-1.1740
2025-11-10 15:00:00,-1.1640
2025-11-10 16:00:00,-1.1470
2025-11-10 17:00:00,-1.1340
2025-11-10 18:00:00,-1.1240
2025-11-10 19:00:00,-1.1180
2025-11-10 20:00:00,-1.1180
2025-11-10 21:00:00,-1.1200
2025-11-10 22:00:00,-1.1220
2025-11-10 23:00:00,-1.1230
2025-11-11 00:00:00,-1.1240
2025-11-11 01:00:00,-1.1310
2025-11-11 02:00:00,-1.1340
2025-11-11 03:00:00,-1.1300
2025-11-11 04:00:00,-1.1320
2025-11-11 05:00:00,-1.1280
2025-11-11 06:00:00,-1.1320
2025-11-11 07:00:00,-1.1350
2025-11-11 08:00:00,-1.1370
2025-11-11 09:00:00,-1.1430
2025-11-11 10:00:00,-1.1440
2025-11-11 11:00:00,-1.1380
2025-11-11 12:00:00,-1.1200
2025-11-11 13:00:00,-1.1080
2025-11-11 14:00:00,-1.1000
2025-11-11 15:00:00,-1.1020
2025-11-11 16:00:00,-1.0930
2025-11-11 17:00:00,-1.0780
2025-11-11 18:00:00,-1.0740
2025-11-11 19:00:00,-1.0700
2025-11-11 20:00:00,-1.0640
2025-11-11 21:00:00,-1.0620
2025-11-11 22:00:00,-1.0560
2025-11-11 23:00:00,-1.0550
2025-11-12 00:00:00,-1.0470
2025-11-12 01:00:00,-1.0530
2025-11-12 02:00:00,-1.0430
2025-11-12 03:00:00,-1.0290
2025-11-12 04:00:00,-1.0170
2025-11-12 05:00:00,-1.0060
2025-11-12 06:00:00,-0.9940
2025-11-12 07:00:00,-0.9850
2025-11-12 08:00:00,-0.9790
2025-11-12 09:00:00,-0.9800
2025-11-12 10:00:00,-0.9730
2025-11-12 11:00:00,-0.9750
2025-11-12 12:00:00,-0.9800
2025-11-12 13:00:00,-0.9870
2025-11-12 14:00:00,-1.0060
2025-11-12 15:00:00,-1.0250
2025-11-12 16:00:00,-1.0350
2025-11-12 17:00:00,-1.0360
2025-11-12 18:00:00,-1.0420
2025-11-12 19:00:00,-1.0540
2025-11-12 20:00:00,-1.0570
2025-11-12 21:00:00,-1.0590
2025-11-12 22:00:00,-1.0680
2025-11-12 23:00:00,-1.0630
2025-11-13 00:00:00,-1.0600
2025-11-13 01:00:00,-1.0590
2025-11-13 02:00:00,-1.0680
2025-11-13 03:00:00,-1.0640
2025-11-13 04:00:00,-1.0550
2025-11-13 05:00:00,-1.0470
2025-11-13 06:00:00,-1.0460
2025-11-13 07:00:00,-1.0550
2025-11-13 08:00:00,-1.0650
2025-11-13 09:00:00,-1.0580
2025-11-13 10:00:00,-1.0510
2025-11-13 11:00:00,-1.0490
2025-11-13 12:00:00,-1.0450
2025-11-13 13:00:00,-1.0450
2025-11-13 14:00:00,-1.0420
2025-11-13 15:00:00,-1.0510
2025-11-13 16:00:00,-1.0660
2025-11-13 17:00:00,-1.0730
2025-11-13 18:00:00,-1.0840
2025-11-13 19:00:00,-1.0960
2025-11-13 20:00:00,-1.1070
2025-11-13 21:00:00,-1.1190
2025-11-13 22:00:00,-1.1200
2025-11-13 23:00:00,-1.1210
2025-11-14 00:00:00,-1.1110
2025-11-14 01:00:00,-1.1060
2025-11-14 02:00:00,-1.1060
2025-11-14 03:00:00,-1.1020
2025-11-14 04:00:00,-1.0720
2025-11-14 05:00:00,-1.0460
2025-11-14 06:00:00,-1.0250
2025-11-14 07:00:00,-1.0070
2025-11-14 08:00:00,-0.9830
2025-11-14 09:00:00,-0.9650
2025-11-14 10:00:00,-0.9620
2025-11-14 11:00:00,-0.9460
2025-11-14 12:00:00,-0.9340
2025-11-14 13:00:00,-0.9250
2025-11-14 14:00:00,-0.9240
2025-11-14 15:00:00,-0.9200
2025-11-14 16:00:00,-0.9250
2025-11-14 17:00:00,-0.9330
2025-11-14 18:00:00,-0.9370
2025-11-14 19:00:00,-0.9370
2025-11-14 20:00:00,-0.9330
2025-11-14 21:00:00,-0.9250
2025-11-14 22:00:00,-0.9180
2025-11-14 23:00:00,-0.9310
2025-11-15 00:00:00,-0.9190
2025-11-15 01:00:00,-0.9090
2025-11-15 02:00:00,-0.9070
2025-11-15 03:00:00,-0.9040
2025-11-15 04:00:00,-0.9040
2025-11-15 05:00:00,-0.8990
2025-11-15 06:00:00,-0.8940
2025-11-15 07:00:00,-0.8970
2025-11-15 08:00:00,-0.9050
2025-11-15 09:00:00,-0.9140
2025-11-15 10:00:00,-0.9180
2025-11-15 11:00:00,-0.9200
2025-11-15 12:00:00,-0.9160
2025-11-15 13:00:00,-0.9080
2025-11-15 14:00:00,-0.9130
2025-11-15 15:00:00,-0.9120
2025-11-15 16:00:00,-0.9060
2025-11-15 17:00:00,-0.9130
2025-11-15 18:00:00,-0.9170
2025-11-15 19:00:00,-0.9250
2025-11-15 20:00:00,-0.9240
2025-11-15 21:00:00,-0.9260
2025-11-15 22:00:00,-0.9270
2025-11-15 23:00:00,-0.9280
2025-11-16 00:00:00,-0.9420
2025-11-16 01:00:00,-0.9560
2025-11-16 02:00:00,-0.9690
2025-11-16 03:00:00,-0.9820
2025-11-16 04:00:00,-0.9970
2025-11-16 05:00:00,-1.0020
2025-11-16 06:00:00,-1.0010
2025-11-16 07:00:00,-1.0100
2025-11-16 08:00:00,-1.0160
2025-11-16 09:00:00,-1.0220
2025-11-16 10:00:00,-1.0250
2025-11-16 11:00:00,-1.0350
2025-11-16 12:00:00,-1.0360
2025-11-16 13:00:00,-1.0450
2025-11-16 14:00:00,-1.0390
2025-11-16 15:00:00,-1.0400
2025-11-16 16:00:00,-1.0500
2025-11-16 17:00:00,-1.0560
2025-11-16 18:00:00,-1.0590
2025-11-16 19:00:00,-1.0670
2025-11-16 20:00:00,-1.0740
2025-11-16 21:00:00,-1.0750
2025-11-16 22:00:00,-1.0830
2025-11-16 23:00:00,-1.0780
2025-11-17 00:00:00,-1.0830
2025-11-17 01:00:00,-1.0870
2025-11-17 02:00:00,-1.0850
2025-11-17 03:00:00,-1.0810
2025-11-17 04:00:00,-1.0850
2025-11-17 05:00:00,-1.0970
2025-11-17 06:00:00,-1.1050
2025-11-17 07:00:00,-1.1050
2025-11-17 08:00:00,-1.1180
2025-11-17 09:00:00,-1.1290
2025-11-17 10:00:00,-1.1230
2025-11-17 11:00:00,-1.1190
2025-11-17 12:00:00,-1.1280
2025-11-17 13:00:00,-1.1320
2025-11-17 14:00:00,-1.1240
2025-11-17 15:00:00,-1.1200
2025-11-17 16:00:00,-1.1130
2025-11-17 17:00:00,-1.1150
2025-11-17 18:00:00,-1.1040
2025-11-17 19:00:00,-1.1010
2025-11-17 20:00:00,-1.1100
2025-11-17 21:00:00,-1.0870
2025-11-17 22:00:00,-1.0720
2025-11-17 23:00:00,-1.0610
2025-11-18 00:00:00,-1.0520
2025-11-18 01:00:00,-1.0430
2025-11-18 02:00:00,-1.0270
2025-11-18 03:00:00,-1.0140
2025-11-18 04:00:00,-0.9920
2025-11-18 05:00:00,-0.9770
2025-11-18 06:00:00,-0.9590
2025-11-18 07:00:00,-0.9470
2025-11-18 08:00:00,-0.9380
2025-11-18 09:00:00,-0.9420
2025-11-18 10:00:00,-0.9430
2025-11-18 11:00:00,-0.9400
2025-11-18 12:00:00,-0.9430
2025-11-18 13:00:00,-0.9360
2025-11-18 14:00:00,-0.9300
2025-11-18 15:00:00,-0.9270
2025-11-18 16:00:00,-0.9260
2025-11-18 17:00:00,-0.9300
2025-11-18 18:00:00,-0.9450
2025-11-18 19:00:00,-0.9470
2025-11-18 20:00:00,-0.9480
2025-11-18 21:00:00,-0.9450
2025-11-18 22:00:00,-0.9490
2025-11-18 23:00:00,-0.9510
2025-11-19 00:00:00,-0.9530
2025-11-19 01:00:00,-0.9520
2025-11-19 02:00:00,-0.9550
2025-11-19 03:00:00,-0.9470
2025-11-19 04:00:00,-0.9500
2025-11-19 05:00:00,-0.9510
2025-11-19 06:00:00,-0.9520
2025-11-19 07:00:00,-0.9130
2025-11-19 08:00:00,-0.8820
2025-11-19 09:00:00,-0.8770
2025-11-19 10:00:00,
2025-11-19 11:00:00,
2025-11-19 12:00:00,
2025-11-19 13:00:00,
2025-11-19 14:00:00,
2025-11-19 15:00:00,
2025-11-19 16:00:00,
2025-11-19 17:00:00,
2025-11-19 18:00:00,
2025-11-19 19:00:00,
2025-11-19 20:00:00,
2025-11-19 21:00:00,
2025-11-19 22:00:00,
2025-11-19 23:00:00,
2025-11-20 00:00:00,
2025-11-20 01:00:00,
2025-11-20 02:00:00,
2025-11-20 03:00:00,
2025-11-20 04:00:00,
2025-11-20 05:00:00,
2025-11-20 06:00:00,
2025-11-20 07:00:00,
2025-11-20 08:00:00,
2025-11-20 09:00:00,-0.9400
2025-11-20 10:00:00,-0.9350
2025-11-20 11:00:00,-0.9330
2025-11-20 12:00:00,-0.9280
2025-11-20 13:00:00,-0.9300
2025-11-20 14:00:00,-0.9360
2025-11-20 15:00:00,-0.9400
2025-11-20 16:00:00,-0.9420
2025-11-20 17:00:00,-0.9440
2025-11-20 18:00:00,-0.9550
2025-11-20 19:00:00,-0.9560
2025-11-20 20:00:00,-0.9510
2025-11-20 21:00:00,-0.9470
2025-11-20 22:00:00,-0.9500
2025-11-20 23:00:00,-0.9660
2025-11-21 00:00:00,-0.9770
2025-11-21 01:00:00,-0.9870
2025-11-21 02:00:00,-0.9860
2025-11-21 03:00:00,-0.9810
2025-11-21 04:00:00,-0.9870
2025-11-21 05:00:00,-0.9920
2025-11-21 06:00:00,-0.9930
2025-11-21 07:00:00,-0.9980
2025-11-21 08:00:00,-0.9950
2025-11-21 09:00:00,-0.9920
2025-11-21 10:00:00,-0.9860
2025-11-21 11:00:00,-0.9900
2025-11-21 12:00:00,-0.9830
2025-11-21 13:00:00,-0.9730
2025-11-21 14:00:00,-0.9680
2025-11-21 15:00:00,-0.9650
2025-11-21 16:00:00,-0.9640
2025-11-21 17:00:00,-0.9720
2025-11-21 18:00:00,-0.9640
2025-11-21 19:00:00,-0.9560
2025-11-21 20:00:00,-0.9570
2025-11-21 21:00:00,-0.9640
2025-11-21 22:00:00,-0.9760
2025-11-21 23:00:00,-0.9850
2025-11-22 00:00:00,-0.9870
2025-11-22 01:00:00,-0.9980
2025-11-22 02:00:00,-1.0030
2025-11-22 03:00:00,-1.0060
2025-11-22 04:00:00,-1.0120
2025-11-22 05:00:00,-1.0180
2025-11-22 06:00:00,-1.0240
2025-11-22 07:00:00,-1.0320
2025-11-22 08:00:00,-1.0490
2025-11-22 09:00:00,-1.0530
2025-11-22 10:00:00,-1.0460
2025-11-22 11:00:00,-1.0530
2025-11-22 12:00:00,-1.0580
2025-11-22 13:00:00,-1.0580
2025-11-22 14:00:00,-1.0700
2025-11-22 15:00:00,-1.0560
2025-11-22 16:00:00,-1.0700
2025-11-22 17:00:00,-1.0640
2025-11-22 18:00:00,-1.0730
2025-11-22 19:00:00,-1.0620
2025-11-22 20:00:00,-1.0640
2025-11-22 21:00:00,-1.0620
2025-11-22 22:00:00,-1.0610
2025-11-22 23:00:00,-1.0630
2025-11-23 00:00:00,-1.0660
2025-11-23 01:00:00,-1.0680
2025-11-23 02:00:00,-1.0730
2025-11-23 03:00:00,-1.0700
2025-11-23 04:00:00,-1.0590
2025-11-23 05:00:00,-1.0590
2025-11-23 06:00:00,-1.0490
2025-11-23 07:00:00,-1.0500
2025-11-23 08:00:00,-1.0500
2025-11-23 09:00:00,-1.0320
2025-11-23 10:00:00,-1.0440
2025-11-23 11:00:00,-1.0430
2025-11-23 12:00:00,-1.0460
2025-11-23 13:00:00,-1.0450
2025-11-23 14:00:00,-1.0360
2025-11-23 15:00:00,-1.0230
2025-11-23 16:00:00,-1.0400
2025-11-23 17:00:00,-1.0360
2025-11-23 18:00:00,-1.0140
2025-11-23 19:00:00,-1.0210
2025-11-23 20:00:00,-1.0170
2025-11-23 21:00:00,-1.0270
2025-11-23 22:00:00,-1.0260
2025-11-23 23:00:00,-1.0220
2025-11-24 00:00:00,-1.0270
2025-11-24 01:00:00,-1.0330
2025-11-24 02:00:00,-1.0240
2025-11-24 03:00:00,-1.0230
2025-11-24 04:00:00,-1.0240
2025-11-24 05:00:00,-1.0220
2025-11-24 06:00:00,-1.0270
2025-11-24 07:00:00,-1.0360
2025-11-24 08:00:00,-1.0280
2025-11-24 09:00:00,-1.0290
2025-11-24 10:00:00,-1.0260
2025-11-24 11:00:00,-1.0290
2025-11-24 12:00:00,-1.0200
2025-11-24 13:00:00,-1.0120
2025-11-24 14:00:00,-1.0170
2025-11-24 15:00:00,-1.0140
2025-11-24 16:00:00,-1.0110
2025-11-24 17:00:00,-1.0140
2025-11-24 18:00:00,-1.0030
2025-11-24 19:00:00,-1.0020
2025-11-24 20:00:00,-1.0010
2025-11-24 21:00:00,-1.0090
2025-11-24 22:00:00,-1.0090
2025-11-24 23:00:00,-1.0280
2025-11-25 00:00:00,-1.0190
2025-11-25 01:00:00,-1.0160
2025-11-25 02:00:00,-1.0160
2025-11-25 03:00:00,-1.0160
2025-11-25 04:00:00,-1.0130
2025-11-25 05:00:00,-1.0120
2025-11-25 06:00:00,-1.0160
2025-11-25 07:00:00,-1.0160
2025-11-25 08:00:00,-1.0120
2025-11-25 09:00:00,-1.0240
2025-11-25 10:00:00,-1.0170
2025-11-25 11:00:00,-1.0160
2025-11-25 12:00:00,-1.0130
2025-11-25 13:00:00,-1.0050
2025-11-25 14:00:00,-0.9950
2025-11-25 15:00:00,-0.9840
2025-11-25 16:00:00,-0.9750
2025-11-25 17:00:00,-0.9610
2025-11-25 18:00:00,-0.9530
2025-11-25 19:00:00,-0.9470
2025-11-25 20:00:00,-0.9450
2025-11-25 21:00:00,-0.9500
2025-11-25 22:00:00,-0.9370
2025-11-25 23:00:00,-0.9370
2025-11-26 00:00:00,-0.9440
2025-11-26 01:00:00,-0.9430
2025-11-26 02:00:00,-0.9330
2025-11-26 03:00:00,-0.9350
2025-11-26 04:00:00,-0.9270
2025-11-26 05:00:00,-0.9280
2025-11-26 06:00:00,-0.9270
2025-11-26 07:00:00,-0.9250
2025-11-26 08:00:00,-0.9290
2025-11-26 09:00:00,-0.9350
2025-11-26 10:00:00,-0.9370
2025-11-26 11:00:00,-0.9470
2025-11-26 12:00:00,-0.9460
2025-11-26 13:00:00,-0.9430
2025-11-26 14:00:00,-0.9370
2025-11-26 15:00:00,-0.9430
2025-11-26 16:00:00,-0.9440
2025-11-26 17:00:00,-0.9400
2025-11-26 18:00:00,-0.9390
2025-11-26 19:00:00,-0.9390
2025-11-26 20:00:00,-0.9400
2025-11-26 21:00:00,-0.9510
2025-11-26 22:00:00,-0.9620
2025-11-26 23:00:00,-0.9610
2025-11-27 00:00:00,-0.9590
2025-11-27 01:00:00,-0.9530
2025-11-27 02:00:00,-0.9460
2025-11-27 03:00:00,-0.9440
2025-11-27 04:00:00,-0.9450
2025-11-27 05:00:00,-0.9410
2025-11-27 06:00:00,-0.9410
2025-11-27 07:00:00,-0.9390
2025-11-27 08:00:00,-0.9390
2025-11-27 09:00:00,-0.9360
2025-11-27 10:00:00,-0.9350
2025-11-27 11:00:00,-0.9390
2025-11-27 12:00:00,-0.9450
2025-11-27 13:00:00,-0.9570
2025-11-27 14:00:00,-0.9690
2025-11-27 15:00:00,-0.9880
2025-11-27 16:00:00,-0.9850
2025-11-27 17:00:00,-0.9890
2025-11-27 18:00:00,-0.9930
2025-11-27 19:00:00,-0.9960
2025-11-27 20:00:00,-0.9980
2025-11-27 21:00:00,-0.9990
2025-11-27 22:00:00,-1.0040
2025-11-27 23:00:00,-0.9930
2025-11-28 00:00:00,-0.9810
2025-11-28 01:00:00,-0.9710
2025-11-28 02:00:00,-0.9610
2025-11-28 03:00:00,-0.9570
2025-11-28 04:00:00,-0.9540
2025-11-28 05:00:00,-0.9510
2025-11-28 06:00:00,-0.9550
2025-11-28 07:00:00,-0.9530
2025-11-28 08:00:00,-0.9490
2025-11-28 09:00:00,-0.9460
2025-11-28 10:00:00,-0.9380
2025-11-28 11:00:00,-0.9340
2025-11-28 12:00:00,-0.9250
2025-11-28 13:00:00,-0.9160
2025-11-28 14:00:00,-0.9200
2025-11-28 15:00:00,-0.9200
2025-11-28 16:00:00,-0.9260
2025-11-28 17:00:00,-0.9320
2025-11-28 18:00:00,-0.9380
2025-11-28 19:00:00,-0.9420
2025-11-28 20:00:00,-0.9400
2025-11-28 21:00:00,-0.9450
2025-11-28 22:00:00,-0.9500
2025-11-28 23:00:00,-0.9750
2025-11-29 00:00:00,-0.9860
2025-11-29 01:00:00,-0.9920
2025-11-29 02:00:00,-0.9910
2025-11-29 03:00:00,-0.9960
2025-11-29 04:00:00,-0.9940
2025-11-29 05:00:00,-1.0050
2025-11-29 06:00:00,-1.0120
2025-11-29 07:00:00,-1.0090
2025-11-29 08:00:00,-1.0070
2025-11-29 09:00:00,-1.0020
2025-11-29 10:00:00,-1.0000
2025-11-29 11:00:00,-0.9970
2025-11-29 12:00:00,-0.9900
2025-11-29 13:00:00,-1.0020
2025-11-29 14:00:00,-1.0040
2025-11-29 15:00:00,-1.0040
2025-11-29 16:00:00,-1.0100
2025-11-29 17:00:00,-1.0110
2025-11-29 18:00:00,-1.0230
2025-11-29 19:00:00,-1.0320
2025-11-29 20:00:00,-1.0410
2025-11-29 21:00:00,-1.0440
2025-11-29 22:00:00,-1.0520
2025-11-29 23:00:00,-1.0570
2025-11-30 00:00:00,-1.0600
2025-11-30 01:00:00,-1.0650
2025-11-30 02:00:00,-1.0690
2025-11-30 03:00:00,-1.0740
2025-11-30 04:00:00,-1.0740
2025-11-30 05:00:00,-1.0780
2025-11-30 06:00:00,-1.0790
2025-11-30 07:00:00,-1.0800
2025-11-30 08:00:00,-1.0780
2025-11-30 09:00:00,-1.0770
2025-11-30 10:00:00,-1.0700
2025-11-30 11:00:00,-1.0700
2025-11-30 12:00:00,-1.0760
2025-11-30 13:00:00,-1.0850
2025-11-30 14:00:00,-1.0880
2025-11-30 15:00:00,-1.0890
2025-11-30 16:00:00,-1.0910
2025-11-30 17:00:00,-1.0930
2025-11-30 18:00:00,-1.0880
2025-11-30 19:00:00,-1.0930
2025-11-30 20:00:00,-1.1010
2025-11-30 21:00:00,-1.1070
2025-11-30 22:00:00,-1.1110
2025-11-30 23:00:00,-1.1160
2025-12-01 00:00:00,-1.1180
2025-12-01 01:00:00,-1.1180
2025-12-01 02:00:00,-1.1180
2025-12-01 03:00:00,-1.1200
2025-12-01 04:00:00,-1.1230
2025-12-01 05:00:00,-1.1250
2025-12-01 06:00:00,-1.1240
2025-12-01 07:00:00,-1.1260
2025-12-01 08:00:00,-1.1260
2025-12-01 09:00:00,-1.1270
2025-12-01 10:00:00,-1.1220
2025-12-01 11:00:00,-1.1230
2025-12-01 12:00:00,-1.1110
2025-12-01 13:00:00,-1.1070
2025-12-01 14:00:00,-1.1040
2025-12-01 15:00:00,-1.1030
2025-12-01 16:00:00,-1.1110
2025-12-01 17:00:00,-1.1170
2025-12-01 18:00:00,-1.1020
2025-12-01 19:00:00,-1.1140
2025-12-01 20:00:00,-1.1130
2025-12-01 21:00:00,-1.1100
2025-12-01 22:00:00,-1.1130
2025-12-01 23:00:00,-1.1100
2025-12-02 00:00:00,-1.1120
2025-12-02 01:00:00,-1.1110
2025-12-02 02:00:00,-1.1060
2025-12-02 03:00:00,-1.0880
2025-12-02 04:00:00,-1.0930
2025-12-02 05:00:00,-1.0910
2025-12-02 06:00:00,-1.0890
2025-12-02 07:00:00,-1.0760
2025-12-02 08:00:00,-1.0700
2025-12-02 09:00:00,-1.0750
2025-12-02 10:00:00,-1.0720
2025-12-02 11:00:00,-1.0720
2025-12-02 12:00:00,-1.0770
2025-12-02 13:00:00,-1.0750
2025-12-02 14:00:00,-1.0640
2025-12-02 15:00:00,-1.0610
2025-12-02 16:00:00,-1.0460
2025-12-02 17:00:00,-1.0300
2025-12-02 18:00:00,-1.0410
2025-12-02 19:00:00,-1.0330
2025-12-02 20:00:00,-1.0260
2025-12-02 21:00:00,-1.0170
2025-12-02 22:00:00,-1.0090
2025-12-02 23:00:00,-0.9960
2025-12-03 00:00:00,-0.9840
2025-12-03 01:00:00,-0.9770
2025-12-03 02:00:00,-0.9700
2025-12-03 03:00:00,-0.9630
2025-12-03 04:00:00,-0.9560
2025-12-03 05:00:00,-0.9440
2025-12-03 06:00:00,-0.9350
2025-12-03 07:00:00,-0.9330
2025-12-03 08:00:00,-0.9290
2025-12-03 09:00:00,-0.9250
2025-12-03 10:00:00,-0.9220
2025-12-03 11:00:00,-0.9190
2025-12-03 12:00:00,-0.9130
2025-12-03 13:00:00,-0.9130
2025-12-03 14:00:00,-0.9110
2025-12-03 15:00:00,-0.9090
2025-12-03 16:00:00,-0.9110
2025-12-03 17:00:00,-0.9120
2025-12-03 18:00:00,-0.9130
2025-12-03 19:00:00,-0.9160
2025-12-03 20:00:00,-0.9130
2025-12-03 21:00:00,-0.9140
2025-12-03 22:00:00,-0.9090
2025-12-03 23:00:00,-0.9090
2025-12-04 00:00:00,-0.9070
2025-12-04 01:00:00,-0.9020
2025-12-04 02:00:00,-0.8990
2025-12-04 03:00:00,-0.9040
2025-12-04 04:00:00,-0.9050
2025-12-04 05:00:00,-0.9010
2025-12-04 06:00:00,-0.9060
2025-12-04 07:00:00,-0.9060
2025-12-04 08:00:00,-0.9080
2025-12-04 09:00:00,-0.9130
2025-12-04 10:00:00,-0.9140
2025-12-04 11:00:00,-0.9160
2025-12-04 12:00:00,-0.9160
2025-12-04 13:00:00,-0.9110
2025-12-04 14:00:00,-0.9080
2025-12-04 15:00:00,-0.9050
2025-12-04 16:00:00,-0.9030
2025-12-04 17:00:00,-0.9000
2025-12-04 18:00:00,-0.8970
2025-12-04 19:00:00,-0.8990
2025-12-04 20:00:00,-0.9030
2025-12-04 21:00:00,-0.9050
2025-12-04 22:00:00,-0.9070
2025-12-04 23:00:00,-0.9090
2025-12-05 00:00:00,-0.9110